simblock.block.ProofOfWorkBlock@70177ecd:0
123,59
169,274
480,356
380,442
382,491
47,574
394,575
453,621
241,660
182,673
442,686
141,714
342,747
130,762
102,770
310,770
317,794
358,795
338,802
5,802
212,830
175,832
19,854
120,862
166,877
74,878
468,880
488,898
396,900
220,911
497,918
500,920
144,932
257,945
328,951
105,958
331,960
215,967
385,968
224,982
179,982
199,983
32,984
441,987
495,987
349,988
42,1000
435,1012
191,1014
301,1015
359,1020
20,1022
201,1023
228,1027
471,1029
420,1039
54,1042
147,1046
15,1048
346,1056
434,1059
363,1071
131,1077
149,1077
449,1078
269,1079
49,1081
254,1082
426,1085
298,1095
404,1095
460,1096
411,1098
370,1101
337,1102
184,1104
117,1106
320,1108
381,1115
210,1118
35,1124
206,1127
244,1129
347,1129
484,1139
448,1142
135,1147
429,1151
350,1152
109,1152
16,1154
77,1155
78,1160
192,1164
353,1164
366,1164
253,1165
7,1166
93,1166
373,1166
52,1172
21,1174
424,1176
255,1177
26,1178
235,1178
237,1178
85,1179
277,1185
397,1185
431,1186
327,1187
17,1189
316,1190
111,1190
118,1190
417,1191
1,1194
401,1195
472,1196
475,1200
107,1202
236,1208
97,1210
436,1211
307,1212
75,1214
450,1216
473,1217
463,1217
286,1217
329,1220
196,1221
340,1223
216,1225
57,1228
170,1232
28,1234
430,1235
470,1236
292,1236
46,1236
234,1236
379,1237
108,1239
414,1247
433,1248
406,1251
447,1253
383,1255
137,1257
454,1258
465,1260
355,1263
80,1264
197,1266
86,1267
87,1271
416,1273
187,1273
251,1273
275,1273
285,1273
155,1275
62,1275
18,1275
213,1278
70,1281
248,1283
203,1286
233,1286
154,1289
330,1291
344,1293
282,1298
365,1301
64,1305
422,1305
304,1308
300,1309
48,1312
351,1315
40,1315
291,1315
459,1319
280,1320
469,1321
348,1322
321,1323
279,1327
204,1327
305,1330
165,1331
44,1332
116,1334
39,1340
94,1341
14,1343
230,1346
478,1347
483,1349
408,1352
443,1354
499,1354
218,1355
403,1356
101,1356
225,1357
134,1358
294,1361
392,1368
22,1371
362,1372
214,1374
313,1375
133,1380
128,1382
369,1382
162,1386
148,1390
124,1392
390,1393
159,1393
200,1396
59,1396
11,1397
63,1398
268,1400
444,1401
33,1402
387,1405
247,1406
455,1406
73,1408
262,1410
451,1411
90,1411
126,1415
194,1418
485,1418
464,1427
239,1433
494,1434
415,1435
51,1437
60,1437
240,1437
2,1441
319,1441
209,1441
336,1442
56,1444
384,1445
198,1445
245,1450
82,1452
88,1464
188,1466
479,1475
376,1475
29,1476
132,1477
76,1479
489,1482
352,1484
325,1484
185,1486
106,1488
486,1489
112,1490
413,1499
419,1504
487,1505
356,1513
103,1514
388,1514
96,1517
440,1518
238,1518
140,1519
226,1529
6,1529
25,1534
13,1538
121,1543
367,1546
326,1548
446,1557
309,1558
281,1560
143,1562
211,1565
311,1565
323,1577
122,1583
410,1586
266,1591
34,1594
377,1598
55,1611
343,1615
37,1615
65,1616
462,1618
161,1619
36,1621
167,1625
425,1625
100,1628
361,1642
278,1643
421,1647
9,1647
267,1650
208,1650
273,1655
3,1655
177,1660
398,1668
445,1668
153,1686
99,1687
438,1690
61,1690
345,1691
67,1691
308,1692
458,1693
315,1693
114,1707
79,1708
95,1709
432,1713
168,1716
409,1717
332,1719
27,1719
258,1726
318,1732
324,1735
84,1738
113,1739
172,1744
202,1756
8,1761
110,1762
91,1763
50,1764
81,1767
496,1772
272,1779
270,1784
119,1788
437,1795
474,1795
89,1795
24,1798
477,1800
263,1809
249,1809
402,1811
312,1820
222,1826
72,1828
261,1832
150,1835
157,1842
400,1855
186,1866
339,1866
297,1867
53,1872
456,1877
405,1883
163,1886
12,1887
360,1893
178,1896
181,1897
151,1905
68,1910
283,1914
466,1914
71,1930
368,1935
23,1935
92,1936
264,1937
271,1939
98,1940
457,1946
418,1957
439,1962
174,1963
293,1965
391,1968
491,1969
232,1972
207,1973
407,1974
452,1974
386,1975
83,1982
66,1986
378,1991
171,1992
492,2001
296,2016
389,2044
104,2046
173,2052
393,2055
41,2058
482,2062
158,2065
303,2075
183,2076
334,2078
125,2084
180,2090
354,2097
136,2099
195,2109
176,2115
127,2118
246,2120
43,2120
289,2129
259,2140
493,2152
156,2156
333,2160
265,2180
395,2188
299,2190
30,2196
375,2203
302,2228
322,2231
205,2234
276,2250
476,2251
217,2257
399,2263
461,2279
357,2291
190,2294
243,2301
193,2308
274,2316
288,2316
372,2329
287,2330
428,2332
314,2334
31,2334
229,2334
364,2350
142,2390
306,2401
260,2403
427,2408
498,2431
152,2452
10,2475
412,2476
4,2485
138,2489
371,2507
115,2510
129,2511
164,2517
223,2534
467,2546
481,2563
231,2576
139,2581
227,2587
146,2609
58,2663
423,2683
490,2690
221,2703
335,2726
69,2750
160,2751
284,2762
219,2763
145,2796
252,2821
38,2835
250,2867
374,2913
242,2939
295,2989
256,3046
45,3069
189,3083
341,3236
290,3328

simblock.block.ProofOfWorkBlock@3534651a:1
385,59
468,276
187,359
316,442
17,499
327,524
301,579
130,582
381,606
192,664
244,669
240,673
147,716
247,731
106,743
463,746
292,751
87,760
317,798
132,799
120,800
268,824
379,832
285,844
74,879
403,883
397,884
56,887
365,896
26,908
424,918
480,923
497,925
387,927
21,936
486,957
73,962
37,963
47,964
390,967
280,972
14,973
65,979
495,982
455,984
75,989
267,995
141,1004
191,1014
35,1023
277,1025
32,1025
254,1030
394,1044
438,1045
355,1046
42,1046
300,1050
6,1053
220,1061
469,1063
323,1064
342,1065
411,1072
102,1074
483,1080
70,1084
165,1085
101,1100
376,1107
380,1107
117,1107
370,1108
412,1109
446,1111
5,1111
393,1111
362,1120
442,1125
149,1126
431,1132
249,1134
291,1135
134,1137
384,1139
169,1142
484,1142
261,1144
150,1145
313,1145
160,1147
182,1153
212,1153
359,1160
218,1161
326,1168
386,1170
19,1188
222,1190
198,1190
52,1197
237,1199
464,1202
177,1202
366,1203
83,1204
209,1206
204,1208
287,1208
90,1210
444,1213
298,1217
349,1219
382,1220
347,1221
470,1227
272,1232
369,1234
262,1236
123,1236
358,1242
112,1242
15,1244
126,1253
346,1254
190,1259
203,1260
445,1261
457,1261
110,1264
329,1268
55,1273
108,1275
144,1276
269,1281
429,1283
417,1283
273,1283
109,1284
215,1284
434,1287
245,1288
178,1292
137,1294
436,1296
294,1296
338,1297
188,1297
340,1297
85,1298
367,1298
33,1299
20,1303
404,1305
266,1305
406,1305
388,1306
304,1311
49,1313
201,1315
2,1318
425,1319
228,1320
418,1320
353,1324
7,1325
462,1326
312,1332
319,1334
154,1338
77,1347
186,1348
361,1350
1,1353
465,1358
235,1363
257,1364
331,1367
151,1368
8,1371
336,1372
264,1376
383,1376
59,1380
325,1380
225,1381
13,1383
208,1386
175,1386
11,1389
48,1392
494,1392
91,1393
197,1394
426,1395
413,1400
488,1403
281,1407
251,1409
133,1410
119,1411
196,1412
421,1414
399,1421
401,1421
166,1423
363,1425
236,1429
131,1434
309,1435
180,1439
430,1440
96,1443
205,1443
46,1445
408,1447
63,1450
111,1452
146,1454
441,1456
44,1457
286,1459
471,1460
447,1460
459,1462
170,1468
339,1469
449,1470
332,1471
82,1472
490,1472
500,1472
440,1475
373,1478
241,1480
478,1483
416,1484
321,1486
89,1486
224,1486
227,1487
168,1487
179,1489
92,1493
250,1497
454,1497
402,1499
29,1507
368,1508
61,1512
315,1517
306,1525
279,1526
477,1526
100,1528
213,1532
159,1540
435,1540
97,1545
409,1550
161,1550
80,1554
283,1558
344,1561
278,1561
40,1562
158,1564
140,1564
28,1565
396,1566
18,1570
31,1578
258,1580
107,1580
499,1580
64,1581
113,1586
310,1586
487,1593
202,1595
78,1595
200,1600
94,1611
350,1614
473,1615
128,1622
4,1622
427,1624
148,1630
348,1631
476,1634
167,1634
422,1634
12,1643
231,1647
22,1647
405,1648
105,1650
496,1650
24,1651
330,1652
39,1653
308,1653
377,1658
460,1658
328,1658
352,1662
433,1662
50,1662
157,1665
181,1668
214,1669
238,1671
289,1672
345,1674
351,1683
482,1684
103,1692
414,1699
492,1700
221,1703
255,1705
400,1706
296,1710
184,1711
248,1713
143,1721
450,1728
343,1728
176,1733
155,1735
51,1735
451,1740
271,1740
356,1740
115,1743
437,1747
58,1751
114,1751
234,1753
183,1755
407,1756
84,1756
162,1760
230,1761
53,1768
199,1770
217,1781
392,1796
375,1799
420,1806
415,1812
99,1820
54,1823
57,1827
489,1829
104,1830
282,1834
27,1835
45,1836
479,1839
76,1844
334,1848
253,1853
71,1854
163,1859
410,1878
481,1882
265,1883
474,1886
135,1886
263,1899
239,1902
275,1905
86,1913
152,1913
439,1914
25,1914
320,1915
185,1923
284,1923
305,1925
88,1925
207,1939
233,1944
260,1950
423,1956
93,1961
458,1971
314,1975
453,1985
428,1987
195,1988
276,1992
395,1994
374,1996
219,1998
443,1998
3,2002
153,2005
129,2009
398,2016
307,2023
466,2027
60,2038
360,2047
156,2055
172,2058
391,2068
246,2078
357,2087
456,2087
302,2088
116,2099
136,2100
122,2101
10,2107
194,2127
452,2137
67,2146
288,2154
139,2157
311,2158
38,2173
193,2177
372,2179
448,2186
318,2191
118,2201
475,2206
171,2207
256,2208
491,2223
252,2233
189,2239
68,2244
43,2255
125,2256
324,2266
485,2275
223,2302
354,2303
333,2311
299,2331
216,2340
121,2359
432,2361
95,2378
66,2382
124,2400
34,2406
378,2432
472,2460
69,2476
419,2485
290,2490
242,2503
30,2508
259,2511
62,2513
127,2560
303,2565
337,2573
335,2627
36,2646
72,2663
270,2687
295,2724
210,2736
211,2750
23,2759
322,2764
138,2802
164,2848
174,2855
293,2862
232,2880
493,2924
297,2981
9,2990
274,3039
341,3051
461,3051
16,3102
41,3107
371,3237
81,3248
206,3280
229,3288
498,3301
364,3355
389,3454
173,3528
79,3558
226,3628
98,3787
467,3870
243,4109
145,4356
142,4613

simblock.block.ProofOfWorkBlock@7cad6289:2
157,59
279,217
339,274
31,330
417,366
264,390
255,423
294,426
91,449
12,478
487,481
153,490
107,515
70,515
210,536
186,540
113,541
333,575
430,575
118,575
77,581
121,582
85,595
412,605
127,631
176,632
205,632
419,635
428,638
324,638
363,640
95,641
212,663
124,667
233,680
425,685
57,687
8,687
366,688
190,689
7,692
302,694
168,694
167,697
488,697
432,698
459,698
292,709
457,723
24,724
367,726
51,727
454,730
451,731
1,733
135,737
180,743
439,746
128,748
61,750
226,751
352,752
16,753
18,755
478,755
414,758
286,759
36,761
453,780
54,780
471,780
489,781
413,782
236,783
440,783
447,789
282,789
393,789
426,790
475,792
94,793
420,795
103,804
275,805
64,810
44,812
477,813
154,815
441,819
158,820
348,827
427,830
27,835
129,836
337,838
491,839
476,839
345,840
386,840
319,841
485,841
211,842
304,842
305,843
164,844
63,846
407,846
472,848
188,849
499,849
178,849
53,850
137,852
344,853
261,854
182,858
204,858
28,860
466,868
267,870
443,870
60,871
316,872
89,873
163,876
136,881
160,882
340,882
253,887
162,890
473,891
449,891
29,892
109,893
401,895
148,896
199,896
170,896
343,901
402,901
88,901
415,902
458,902
484,903
21,903
493,905
196,906
320,906
405,906
93,908
274,908
293,911
39,912
86,914
140,914
369,914
303,920
13,923
200,925
203,926
347,927
272,929
350,932
105,932
66,934
214,935
490,935
155,939
194,939
328,940
179,941
330,947
270,947
406,951
500,953
58,959
208,962
338,963
122,963
72,964
482,964
310,966
332,966
283,966
133,968
100,970
185,971
387,971
409,974
377,975
445,975
321,975
368,982
239,983
326,984
216,988
356,993
287,993
496,1000
266,1001
213,1001
62,1003
312,1007
460,1009
278,1011
301,1012
306,1017
84,1019
82,1020
435,1021
483,1021
156,1024
380,1027
25,1028
392,1028
20,1030
433,1030
248,1032
351,1033
394,1035
450,1039
422,1040
365,1042
336,1043
143,1045
410,1045
126,1045
161,1051
224,1056
448,1060
151,1064
90,1069
455,1069
78,1075
308,1076
437,1077
404,1077
431,1079
231,1079
40,1081
184,1081
55,1088
479,1091
116,1096
14,1097
247,1097
357,1098
494,1108
373,1112
250,1118
222,1123
11,1129
469,1130
289,1139
230,1139
32,1139
389,1145
300,1153
201,1154
492,1156
22,1156
198,1172
169,1173
206,1174
262,1175
408,1177
110,1188
384,1189
438,1190
33,1190
150,1191
318,1193
281,1196
390,1197
149,1198
462,1202
362,1207
218,1209
436,1209
361,1212
144,1213
403,1213
291,1216
446,1216
74,1216
323,1226
355,1233
254,1239
220,1239
141,1240
399,1241
245,1247
119,1248
486,1248
315,1248
108,1252
111,1252
269,1252
273,1254
134,1254
59,1255
202,1255
6,1261
37,1268
225,1269
241,1275
132,1278
26,1282
56,1292
325,1297
130,1302
311,1305
465,1307
346,1308
442,1309
159,1310
424,1322
444,1326
470,1332
83,1334
349,1339
5,1342
112,1344
249,1352
480,1360
307,1363
92,1366
76,1367
280,1376
342,1377
102,1378
277,1379
298,1382
395,1383
359,1385
49,1386
370,1388
120,1388
251,1389
215,1390
15,1391
317,1405
209,1406
327,1409
382,1418
331,1418
309,1423
411,1424
434,1425
228,1425
75,1426
495,1430
101,1437
4,1438
192,1440
468,1445
48,1450
106,1480
123,1484
195,1496
104,1502
232,1508
268,1511
191,1518
87,1524
376,1527
237,1530
335,1532
418,1535
96,1535
374,1540
400,1541
131,1549
197,1554
379,1555
2,1559
385,1560
229,1560
354,1569
65,1569
50,1571
416,1575
381,1577
290,1579
456,1585
398,1587
117,1588
276,1589
189,1592
175,1595
19,1596
3,1599
138,1606
452,1613
481,1615
147,1619
284,1620
396,1655
142,1659
227,1671
391,1671
314,1673
240,1681
23,1683
234,1690
397,1698
68,1699
47,1705
257,1707
378,1709
322,1710
219,1712
296,1723
383,1723
375,1724
235,1729
97,1730
187,1731
80,1745
17,1763
10,1769
388,1769
165,1770
145,1787
79,1793
183,1806
295,1814
265,1820
288,1838
271,1847
423,1855
99,1855
358,1860
177,1874
139,1874
360,1875
46,1880
181,1894
421,1920
73,1938
244,1941
193,1956
152,1993
98,1995
256,1996
173,1996
125,2010
43,2013
115,2014
38,2016
259,2029
463,2059
341,2062
9,2064
238,2069
67,2073
34,2082
114,2090
313,2109
429,2112
171,2144
498,2158
299,2158
474,2166
497,2245
260,2283
285,2289
364,2297
146,2313
371,2314
334,2344
30,2363
263,2374
217,2401
35,2415
243,2430
71,2445
464,2458
69,2500
172,2580
41,2587
42,2599
353,2628
246,2631
81,2648
174,2672
329,2771
166,2797
461,2878
242,2930
297,2936
258,2943
52,2967
221,3227
223,3229
252,3252
372,3276
207,3536
467,3568
45,3841

simblock.block.ProofOfWorkBlock@782f208e:3
227,59
67,456
341,610
314,863
495,868
335,1013
209,1084
102,1136
271,1158
245,1165
388,1191
240,1250
34,1251
215,1303
99,1320
149,1353
358,1383
228,1384
247,1403
50,1415
182,1416
201,1423
75,1429
327,1437
259,1450
257,1452
218,1466
222,1467
468,1476
65,1517
74,1520
175,1524
276,1560
322,1562
126,1564
223,1569
282,1575
26,1576
157,1600
349,1601
486,1601
394,1608
470,1608
438,1631
453,1632
330,1639
365,1647
300,1648
396,1650
326,1664
106,1665
309,1668
11,1674
130,1675
109,1682
329,1683
380,1686
235,1688
131,1689
416,1690
87,1696
139,1708
277,1711
170,1714
73,1715
251,1715
9,1718
368,1725
32,1731
411,1735
192,1738
141,1744
385,1748
5,1748
127,1751
480,1765
323,1767
21,1771
19,1773
404,1773
125,1775
497,1779
428,1779
483,1783
105,1786
444,1786
93,1791
64,1794
17,1796
14,1800
29,1808
456,1810
244,1817
92,1822
405,1826
289,1826
464,1828
150,1829
211,1829
249,1830
132,1839
450,1841
135,1843
94,1848
473,1848
465,1849
398,1854
79,1854
269,1856
81,1863
103,1864
362,1864
264,1865
397,1867
376,1868
285,1868
291,1868
46,1870
121,1872
16,1878
424,1884
111,1885
383,1891
455,1894
310,1900
414,1902
419,1904
298,1907
35,1907
123,1908
435,1908
177,1910
83,1911
479,1912
169,1916
96,1917
198,1917
339,1918
226,1920
313,1921
176,1922
333,1923
243,1925
70,1926
427,1928
371,1932
205,1933
381,1933
403,1935
492,1935
203,1941
28,1942
254,1948
153,1949
373,1951
482,1952
434,1953
384,1955
429,1955
317,1955
332,1957
331,1960
475,1961
120,1963
382,1963
117,1966
31,1967
270,1969
436,1970
400,1971
366,1976
57,1986
168,1986
144,1990
442,1990
457,1993
253,1993
490,1998
255,1999
431,1999
418,2000
214,2004
328,2006
278,2007
159,2010
248,2014
49,2017
262,2017
89,2021
61,2022
357,2023
184,2029
412,2031
212,2032
261,2033
274,2042
267,2043
178,2050
316,2050
15,2051
301,2052
348,2055
377,2056
422,2057
230,2063
402,2069
133,2074
33,2075
485,2076
197,2080
238,2081
63,2084
325,2088
55,2088
321,2090
312,2093
128,2094
39,2095
185,2098
415,2102
399,2102
355,2105
452,2108
273,2108
279,2113
76,2119
58,2124
165,2125
361,2126
88,2127
100,2127
237,2129
401,2132
324,2133
181,2133
346,2134
241,2135
119,2137
84,2138
156,2139
210,2149
6,2156
115,2157
477,2162
90,2166
233,2166
196,2168
200,2169
344,2169
54,2173
27,2177
140,2178
95,2179
307,2179
45,2182
421,2183
363,2189
183,2193
471,2197
320,2198
246,2200
433,2200
462,2200
91,2200
7,2207
18,2214
60,2214
408,2216
447,2216
13,2219
124,2219
392,2227
489,2228
265,2233
234,2242
494,2243
158,2250
47,2251
469,2254
213,2261
36,2263
318,2263
449,2268
224,2268
315,2269
448,2269
466,2275
4,2277
116,2278
446,2281
110,2283
410,2288
40,2288
20,2289
406,2294
281,2295
432,2304
370,2304
389,2314
154,2315
441,2316
347,2322
272,2324
129,2343
22,2346
283,2347
303,2347
454,2348
10,2356
220,2358
484,2358
472,2364
232,2374
390,2377
350,2379
146,2380
413,2384
101,2389
293,2390
364,2390
451,2395
163,2395
1,2402
206,2402
236,2411
263,2416
395,2421
258,2423
491,2425
138,2426
306,2428
66,2435
375,2439
393,2441
231,2444
108,2444
80,2448
256,2448
207,2449
23,2449
113,2450
374,2452
440,2456
59,2459
359,2459
186,2462
225,2467
104,2468
287,2484
407,2489
142,2492
202,2493
42,2512
221,2513
188,2517
467,2519
199,2522
476,2523
391,2546
48,2553
164,2555
114,2561
336,2567
319,2568
216,2568
69,2574
493,2575
82,2576
187,2576
463,2578
286,2591
297,2596
409,2605
171,2606
378,2618
97,2621
250,2631
217,2634
191,2637
296,2644
280,2649
445,2660
193,2668
239,2668
24,2670
98,2682
30,2696
194,2697
219,2698
68,2700
145,2707
151,2708
443,2711
461,2722
52,2724
260,2735
498,2740
311,2746
12,2750
72,2752
190,2766
37,2778
299,2795
360,2802
354,2814
288,2817
2,2824
179,2835
161,2842
167,2850
500,2867
459,2868
86,2875
166,2891
147,2912
174,2916
420,2921
284,2930
3,2930
148,2938
474,2946
173,2960
292,2973
172,3006
44,3007
437,3014
417,3015
41,3017
340,3022
160,3024
56,3053
189,3063
195,3070
51,3105
134,3152
180,3168
162,3174
379,3180
78,3180
43,3186
352,3188
426,3202
268,3232
458,3239
295,3278
38,3310
487,3320
423,3355
8,3357
308,3357
372,3363
71,3404
229,3429
342,3443
369,3451
77,3474
353,3490
242,3527
337,3528
302,3539
290,3608
25,3621
122,3657
152,3680
112,3704
305,3750
386,3772
481,3778
387,3788
155,3839
334,3869
496,3890
137,3919
294,3959
356,4001
85,4052
351,4072
430,4092
478,4138
136,4221
425,4245
367,4299
143,4372
439,4376
53,4413
460,4518
304,4601
275,4672
118,4678
266,4712
343,4828
62,4905
107,4979
204,5130
338,5206
208,5282
345,5457
499,5508
488,5807
252,6207

simblock.block.ProofOfWorkBlock@33d11437:4
64,59
278,213
366,272
29,368
441,428
22,484
153,514
157,523
206,531
155,541
330,574
471,581
369,589
18,598
7,622
16,631
286,635
57,639
477,648
321,659
91,672
216,678
427,679
239,679
58,689
204,690
493,694
185,703
262,705
163,729
135,729
320,735
336,736
128,736
266,736
230,745
85,746
86,751
451,753
211,758
261,760
392,764
333,771
387,784
401,785
368,786
478,786
449,787
324,793
233,793
435,793
8,794
51,799
485,802
352,808
170,809
445,811
60,817
310,820
492,821
226,822
212,823
127,829
343,835
110,837
367,838
457,840
161,843
72,845
393,845
453,847
338,850
61,851
39,851
466,851
494,855
332,856
328,857
491,857
250,869
287,870
274,877
84,877
473,879
21,880
447,880
129,882
224,883
312,886
95,886
210,889
93,893
432,896
348,898
164,901
420,902
454,903
124,908
203,908
25,908
402,909
483,911
66,911
351,911
357,912
201,914
118,914
409,914
460,915
121,917
178,920
94,926
408,927
264,930
253,934
158,936
40,936
36,937
422,938
415,940
53,941
113,943
27,944
430,946
306,947
345,947
344,947
231,949
77,949
337,953
350,954
496,954
167,957
275,958
179,961
160,963
55,965
294,965
78,966
472,967
248,968
419,972
63,973
417,973
283,973
282,975
475,977
305,983
308,983
213,983
107,989
412,990
484,990
4,991
180,993
463,993
414,994
100,997
28,997
488,1000
459,1001
303,1001
199,1003
407,1004
440,1005
162,1008
489,1009
425,1010
500,1012
62,1014
373,1015
356,1015
458,1016
176,1019
487,1025
307,1026
88,1026
168,1027
200,1028
190,1028
363,1030
315,1030
448,1031
13,1032
293,1033
89,1035
377,1036
443,1037
309,1041
279,1045
194,1047
186,1049
184,1050
291,1052
339,1054
272,1054
1,1055
426,1056
136,1059
105,1060
214,1060
154,1061
413,1061
340,1063
132,1064
208,1066
490,1069
406,1069
82,1072
140,1073
122,1075
384,1082
215,1082
44,1082
302,1086
188,1086
156,1087
267,1087
255,1097
54,1097
410,1098
249,1106
24,1110
12,1119
133,1120
31,1121
476,1121
389,1125
148,1125
437,1134
300,1136
137,1136
482,1139
270,1143
439,1143
130,1148
150,1148
311,1155
166,1164
380,1165
386,1168
429,1169
26,1171
14,1171
202,1175
236,1177
143,1179
285,1180
112,1184
346,1187
442,1190
450,1192
499,1195
405,1199
149,1202
15,1207
390,1222
19,1223
175,1229
181,1230
103,1233
319,1234
209,1240
398,1242
399,1246
323,1248
382,1251
433,1255
455,1256
2,1257
325,1257
102,1264
119,1271
73,1271
245,1271
120,1278
141,1281
376,1282
403,1283
327,1288
59,1289
240,1289
116,1290
220,1292
108,1293
428,1294
6,1301
70,1302
464,1309
165,1312
331,1315
83,1319
289,1319
131,1320
486,1329
254,1335
349,1339
96,1340
123,1343
370,1343
394,1344
144,1345
318,1348
56,1349
47,1350
182,1350
192,1351
80,1352
126,1355
304,1355
355,1359
159,1359
76,1363
92,1364
317,1368
244,1371
177,1372
396,1382
342,1383
361,1388
241,1392
326,1399
292,1405
228,1405
222,1409
147,1418
3,1420
20,1421
196,1423
205,1424
238,1426
97,1427
479,1427
359,1427
434,1438
11,1440
280,1441
17,1448
329,1452
225,1457
5,1458
48,1459
416,1459
32,1465
431,1474
383,1480
74,1487
469,1490
237,1492
301,1510
134,1512
316,1513
251,1513
269,1515
151,1520
388,1521
480,1522
341,1525
169,1533
90,1535
444,1542
470,1542
314,1546
106,1555
247,1556
50,1563
263,1566
462,1568
52,1574
374,1583
322,1584
79,1584
404,1587
465,1593
497,1598
111,1599
187,1600
365,1603
195,1603
152,1604
281,1612
172,1620
360,1621
65,1628
139,1631
436,1631
290,1633
446,1636
98,1637
34,1640
395,1640
68,1641
495,1645
191,1646
23,1651
43,1656
273,1660
335,1680
418,1683
75,1688
468,1690
87,1695
284,1698
259,1700
397,1710
313,1714
223,1726
456,1734
109,1740
498,1744
411,1756
67,1759
49,1763
37,1768
258,1770
99,1773
114,1774
189,1775
391,1783
381,1786
252,1790
354,1792
193,1800
197,1805
452,1806
227,1811
198,1814
353,1824
232,1826
378,1836
183,1838
364,1839
481,1856
385,1861
424,1865
171,1876
474,1915
125,1918
142,1925
358,1926
260,1927
277,1936
438,1938
35,1942
371,1945
229,1975
33,1987
101,2011
347,2037
334,2064
276,2071
246,2090
298,2099
288,2107
42,2108
218,2111
46,2113
299,2121
295,2136
69,2144
138,2161
421,2181
256,2212
242,2259
423,2271
117,2273
173,2285
257,2290
235,2304
217,2321
38,2347
9,2392
207,2396
41,2446
400,2468
268,2482
219,2495
271,2542
104,2559
221,2572
71,2578
174,2624
146,2646
379,2658
296,2675
372,2744
45,2749
30,2750
234,2828
297,2835
145,2859
467,2885
115,2922
461,2977
362,3001
10,3034
243,3112
375,3224
81,3322
265,3627

simblock.block.ProofOfWorkBlock@67d7d5c4:5
278,59
64,208
352,265
22,328
330,370
40,384
200,412
230,429
321,440
489,468
250,480
16,488
18,497
202,521
440,525
460,533
408,546
153,550
163,555
214,567
427,578
478,579
275,581
293,592
44,593
84,608
29,611
493,620
60,621
482,627
310,628
135,635
377,640
412,640
199,648
185,649
492,653
485,664
180,670
54,674
110,675
445,677
253,677
140,681
89,683
62,696
161,696
205,697
309,697
339,701
8,705
36,709
66,719
447,726
128,728
328,728
58,729
186,730
491,731
127,731
266,733
116,735
496,737
305,739
7,744
216,748
167,752
262,755
78,759
294,760
162,763
211,764
129,766
287,768
345,776
393,777
274,777
148,779
155,783
473,785
1,786
402,786
366,787
307,788
233,788
286,789
203,790
121,791
283,792
70,796
414,796
406,799
407,804
53,812
82,813
425,815
336,816
85,818
77,822
28,824
405,828
435,830
178,833
94,833
389,835
196,835
261,837
4,838
419,838
24,842
13,843
282,844
311,845
118,846
454,847
337,848
206,850
255,851
483,854
210,854
490,854
453,856
303,857
213,859
392,864
350,870
122,870
443,872
333,875
239,876
107,877
165,877
426,880
458,880
340,882
21,884
373,884
272,885
170,887
208,888
57,889
363,891
39,891
472,892
100,893
346,897
157,901
475,901
55,901
351,902
267,903
95,904
450,904
422,905
315,906
231,906
188,907
441,907
344,908
494,912
105,913
154,914
499,915
448,917
369,917
477,919
280,920
357,921
332,928
136,928
411,930
368,930
449,934
302,934
409,935
401,936
113,937
270,937
430,941
27,945
137,945
399,946
236,947
338,951
417,953
312,957
120,959
292,959
248,959
176,960
92,960
471,961
487,962
415,962
264,963
184,965
488,967
190,970
204,971
387,972
476,976
500,977
61,978
433,978
439,978
143,986
386,986
429,989
484,990
72,990
88,990
466,992
86,997
179,998
320,1000
158,1001
459,1002
194,1004
432,1008
319,1008
413,1015
304,1016
156,1020
51,1021
91,1029
166,1030
343,1030
226,1031
224,1033
306,1034
428,1036
31,1042
308,1043
385,1047
12,1047
324,1048
93,1052
15,1053
237,1057
124,1060
348,1065
212,1066
451,1067
279,1075
347,1077
437,1080
168,1081
457,1086
47,1086
424,1090
420,1093
382,1095
367,1101
3,1102
359,1103
133,1103
25,1106
497,1108
46,1109
103,1113
240,1119
131,1120
410,1127
52,1128
254,1131
479,1133
249,1134
356,1137
277,1138
446,1139
63,1143
56,1146
220,1152
398,1159
130,1164
463,1165
327,1165
431,1166
421,1169
35,1169
201,1172
192,1173
65,1174
313,1175
326,1187
14,1191
370,1192
191,1192
281,1196
164,1199
438,1200
48,1201
2,1204
238,1205
26,1208
6,1216
257,1218
469,1219
323,1224
444,1225
42,1229
73,1230
83,1231
119,1236
379,1237
388,1246
455,1247
355,1248
108,1249
436,1253
126,1257
159,1261
397,1264
376,1268
349,1271
404,1272
362,1280
114,1281
149,1281
59,1285
160,1288
301,1292
318,1293
102,1294
291,1297
316,1305
317,1306
33,1310
268,1310
465,1313
5,1315
20,1334
235,1334
495,1338
480,1339
394,1340
289,1342
197,1352
247,1357
218,1360
138,1365
32,1366
416,1367
151,1368
384,1370
134,1374
258,1377
75,1380
79,1381
74,1388
300,1389
442,1395
87,1398
150,1401
19,1403
468,1405
123,1410
263,1418
353,1419
325,1428
67,1431
177,1437
181,1438
117,1448
225,1448
331,1463
390,1467
381,1467
228,1475
50,1475
329,1484
251,1486
23,1489
452,1490
486,1491
144,1510
132,1510
265,1511
49,1513
68,1515
276,1516
195,1529
182,1538
111,1538
391,1539
342,1539
187,1540
241,1540
260,1541
229,1541
37,1547
242,1563
30,1565
109,1566
38,1567
474,1573
227,1574
375,1577
395,1585
17,1593
96,1607
189,1615
298,1618
11,1650
295,1652
10,1658
169,1660
141,1660
34,1661
374,1668
207,1675
232,1680
400,1683
371,1684
273,1684
221,1685
434,1697
314,1698
354,1700
364,1700
243,1709
361,1711
76,1712
172,1713
245,1722
456,1730
290,1731
234,1735
223,1737
470,1741
360,1745
81,1752
481,1754
41,1778
380,1782
209,1788
193,1794
183,1803
252,1820
299,1825
198,1832
174,1837
112,1839
43,1861
45,1867
462,1870
396,1881
269,1883
217,1885
152,1905
80,1911
90,1926
145,1951
403,1954
418,1957
334,1967
461,1981
335,2007
271,2007
97,2017
467,2041
464,2043
372,2051
244,2076
9,2081
142,2108
171,2115
423,2123
222,2125
358,2126
498,2173
341,2193
219,2209
285,2215
259,2248
296,2294
365,2300
139,2302
147,2305
173,2311
284,2362
378,2364
383,2390
256,2394
71,2428
101,2475
99,2490
98,2493
322,2576
104,2603
215,2644
246,2677
146,2677
69,2711
115,2768
175,2828
125,2879
288,2960
106,2998
297,3054

simblock.block.ProofOfWorkBlock@7ed0df52:6
316,59
385,278
192,360
463,443
403,507
134,584
47,600
476,618
355,668
74,670
468,687
90,726
291,751
390,753
327,772
483,776
124,794
329,805
251,815
380,822
37,833
496,835
300,842
147,882
76,886
273,888
168,893
191,903
349,914
394,915
160,923
269,933
158,947
180,949
431,953
424,968
187,969
347,970
358,978
428,978
83,982
387,983
497,984
440,989
75,991
169,1001
350,1005
117,1007
156,1008
5,1019
462,1025
345,1026
469,1036
234,1037
369,1040
422,1043
123,1044
323,1048
336,1049
46,1053
331,1060
120,1061
33,1062
59,1064
12,1066
130,1074
106,1074
317,1085
91,1090
19,1091
366,1096
92,1099
165,1101
208,1101
233,1102
149,1106
236,1107
262,1110
418,1110
486,1111
111,1112
97,1118
277,1120
108,1128
460,1129
442,1129
249,1132
427,1132
484,1139
54,1143
381,1143
376,1144
238,1144
438,1147
415,1153
499,1155
285,1156
465,1157
410,1160
105,1161
261,1161
268,1165
164,1167
84,1168
235,1170
432,1175
397,1187
353,1188
203,1188
136,1188
2,1189
198,1190
244,1190
102,1193
494,1195
245,1196
250,1197
70,1203
66,1204
42,1205
479,1207
455,1210
459,1211
220,1213
31,1214
222,1216
445,1217
205,1218
416,1219
283,1222
32,1223
132,1224
384,1227
470,1228
346,1229
218,1229
176,1232
405,1234
359,1235
175,1238
240,1241
361,1245
401,1245
26,1248
477,1250
294,1253
443,1253
57,1254
39,1255
379,1256
78,1257
140,1259
58,1260
352,1264
305,1266
490,1266
204,1267
351,1268
301,1272
28,1273
446,1273
72,1275
248,1277
257,1279
144,1281
190,1284
178,1284
407,1285
22,1286
228,1287
40,1288
230,1288
119,1291
254,1293
356,1294
275,1296
365,1297
444,1298
49,1300
73,1302
215,1305
182,1306
196,1307
213,1310
298,1311
338,1311
13,1311
131,1312
309,1314
435,1314
303,1315
307,1316
411,1316
128,1316
56,1317
29,1317
241,1320
377,1327
471,1328
170,1331
17,1332
326,1335
289,1336
151,1336
332,1343
137,1343
126,1343
52,1344
458,1344
315,1346
500,1350
266,1350
1,1353
135,1354
201,1354
292,1356
281,1358
80,1358
362,1360
35,1364
247,1365
478,1366
110,1369
100,1370
488,1370
264,1370
447,1371
430,1372
85,1376
475,1378
231,1381
330,1384
473,1389
413,1391
177,1395
450,1399
480,1399
155,1402
441,1402
157,1402
370,1404
186,1405
199,1406
382,1410
87,1413
398,1417
11,1418
308,1419
436,1421
216,1422
150,1425
88,1427
414,1428
7,1428
433,1431
53,1434
448,1434
188,1438
437,1440
357,1440
383,1444
141,1444
311,1448
318,1454
328,1456
278,1460
363,1461
61,1464
457,1465
454,1470
118,1473
14,1474
348,1475
184,1482
425,1484
24,1484
419,1485
6,1488
344,1488
464,1494
280,1500
107,1502
412,1505
94,1506
491,1508
101,1508
279,1515
339,1519
112,1523
133,1533
209,1536
36,1537
51,1544
181,1545
143,1550
466,1553
396,1553
93,1558
439,1561
161,1562
4,1568
388,1573
267,1576
153,1580
255,1582
393,1588
343,1595
96,1596
99,1600
185,1612
284,1612
197,1613
122,1615
44,1617
159,1624
406,1632
392,1632
421,1634
27,1634
200,1637
202,1638
25,1639
152,1645
399,1649
20,1650
340,1650
115,1652
310,1655
121,1667
225,1670
3,1680
237,1686
293,1687
389,1687
492,1689
21,1690
265,1692
429,1694
367,1698
30,1698
325,1712
306,1715
63,1715
15,1721
86,1722
104,1724
320,1726
402,1733
253,1734
449,1734
146,1745
179,1747
404,1749
8,1752
360,1757
64,1758
82,1772
409,1774
95,1780
71,1783
461,1788
18,1796
129,1809
162,1812
312,1814
103,1815
50,1818
341,1819
109,1827
321,1828
114,1834
287,1835
227,1837
302,1841
194,1844
391,1850
453,1862
371,1864
34,1864
77,1864
172,1864
417,1864
166,1865
206,1865
395,1872
246,1879
334,1887
174,1888
313,1897
219,1899
452,1903
324,1903
472,1903
139,1904
210,1908
489,1927
68,1928
65,1931
288,1935
207,1936
167,1936
423,1942
43,1952
295,1953
373,1955
451,1956
487,1956
286,1973
113,1986
485,1995
378,1997
495,1999
41,2005
299,2005
89,2013
223,2015
282,2017
260,2019
48,2034
270,2035
226,2045
195,2049
69,2054
125,2064
296,2065
342,2069
229,2078
127,2085
45,2093
116,2096
258,2101
272,2103
193,2122
333,2124
375,2129
239,2132
189,2132
10,2134
138,2150
67,2150
474,2152
368,2164
183,2179
372,2179
354,2182
214,2187
232,2202
420,2209
9,2221
163,2227
400,2249
314,2256
224,2266
263,2274
217,2289
98,2302
426,2307
386,2309
242,2312
276,2317
252,2319
456,2342
154,2346
481,2352
259,2387
62,2389
290,2392
493,2415
434,2426
364,2435
335,2450
304,2452
221,2472
55,2562
271,2564
256,2573
374,2584
482,2605
23,2636
297,2691
171,2694
322,2719
274,2745
16,2778
38,2857
79,2883
173,2932
408,2935
81,2943
337,2953
148,3110
211,3135
60,3326
498,3357
319,3500
212,3673
467,3912
243,4157
145,4406
142,4654

simblock.block.ProofOfWorkBlock@6d768966:7
193,59
461,367
284,514
354,574
10,670
263,900
323,930
151,993
497,1188
144,1194
174,1207
281,1209
220,1214
6,1242
318,1261
97,1270
431,1296
285,1355
299,1356
411,1378
429,1400
49,1409
141,1418
35,1430
370,1433
37,1442
301,1458
297,1459
463,1459
90,1485
396,1493
106,1498
469,1500
456,1504
394,1512
83,1515
235,1518
388,1521
15,1546
344,1553
290,1559
258,1566
365,1576
486,1581
234,1589
2,1598
384,1599
109,1602
291,1610
337,1619
5,1627
382,1639
182,1647
132,1648
232,1651
298,1656
455,1660
126,1662
349,1663
74,1671
73,1675
397,1680
404,1681
355,1683
438,1683
442,1693
268,1707
198,1710
403,1711
46,1712
470,1715
24,1723
175,1725
279,1728
108,1730
358,1730
329,1734
327,1736
96,1739
390,1742
325,1743
33,1743
65,1744
207,1749
249,1751
42,1754
167,1758
169,1762
240,1764
316,1767
328,1770
120,1770
464,1773
379,1775
283,1798
20,1800
228,1804
254,1805
347,1813
52,1816
87,1816
238,1820
150,1825
119,1825
130,1825
462,1827
218,1829
353,1830
75,1830
56,1834
212,1835
111,1843
471,1845
331,1846
187,1852
444,1854
244,1881
255,1882
459,1885
131,1888
110,1893
80,1896
313,1897
219,1899
458,1900
248,1904
348,1904
317,1907
361,1908
492,1912
294,1912
280,1913
473,1924
19,1924
381,1927
343,1930
57,1934
445,1935
273,1938
385,1938
487,1939
230,1941
181,1942
66,1950
137,1951
245,1952
418,1954
286,1955
172,1958
441,1958
272,1961
191,1965
257,1966
490,1974
495,1977
480,1979
275,1983
496,1983
408,1986
359,1987
241,1988
215,1988
72,1989
333,1990
101,1992
247,1993
165,1994
54,1997
282,2001
468,2009
16,2013
71,2014
264,2014
266,2019
446,2020
128,2021
267,2021
160,2025
176,2026
209,2027
26,2040
197,2045
479,2045
50,2047
434,2048
423,2055
443,2062
436,2062
147,2065
199,2066
143,2068
123,2071
380,2071
196,2073
4,2073
342,2075
440,2075
413,2076
414,2077
488,2080
135,2083
53,2084
324,2091
453,2092
416,2095
300,2097
460,2099
203,2105
204,2106
231,2106
399,2110
60,2112
153,2113
392,2113
64,2120
310,2129
421,2130
11,2130
95,2132
29,2132
420,2133
237,2135
129,2136
32,2137
415,2150
386,2154
82,2154
47,2155
306,2157
340,2159
494,2160
302,2162
419,2165
262,2166
447,2172
405,2172
398,2175
105,2175
170,2180
346,2183
409,2188
166,2189
389,2191
483,2194
148,2194
448,2195
246,2196
435,2201
121,2204
154,2207
457,2210
17,2214
336,2215
59,2215
376,2216
25,2221
383,2226
178,2231
161,2239
387,2239
208,2246
113,2248
412,2250
366,2252
99,2253
112,2253
261,2257
417,2262
186,2264
100,2266
31,2266
70,2268
278,2273
364,2274
477,2276
116,2276
345,2279
475,2286
393,2286
192,2292
426,2295
226,2298
103,2298
225,2298
451,2306
305,2307
307,2308
62,2314
485,2322
195,2323
362,2325
86,2326
76,2327
425,2332
214,2333
400,2335
44,2338
467,2344
8,2345
104,2363
28,2363
322,2363
134,2364
146,2366
213,2372
61,2375
372,2382
162,2385
293,2387
229,2402
341,2406
395,2410
157,2417
27,2418
498,2427
1,2429
269,2435
465,2438
190,2441
158,2446
312,2447
45,2448
274,2448
133,2449
68,2450
48,2457
211,2459
424,2460
164,2460
91,2461
188,2463
276,2463
439,2463
102,2481
311,2482
115,2487
304,2488
39,2496
303,2497
500,2500
481,2503
242,2513
335,2515
449,2517
410,2520
224,2542
140,2546
252,2553
194,2559
288,2561
79,2563
18,2567
117,2569
14,2577
173,2581
289,2586
36,2611
92,2615
360,2615
138,2621
216,2623
58,2625
139,2635
493,2635
107,2636
357,2637
428,2637
402,2638
484,2642
43,2654
330,2656
200,2671
287,2685
40,2687
217,2694
81,2700
277,2708
271,2713
114,2716
250,2720
295,2727
292,2732
326,2745
260,2770
30,2773
152,2783
155,2786
391,2789
189,2792
430,2811
23,2811
352,2811
94,2812
309,2816
3,2818
320,2824
171,2829
125,2829
177,2847
375,2855
265,2866
253,2870
124,2897
98,2904
156,2908
69,2926
466,2929
243,2931
371,2945
401,2952
308,2964
478,2969
159,2978
452,2981
202,2985
233,2990
472,2998
339,3008
319,3010
12,3014
356,3044
334,3067
183,3067
270,3070
149,3072
222,3115
221,3116
476,3169
180,3170
296,3178
314,3179
259,3204
256,3215
251,3229
474,3232
38,3236
332,3251
88,3260
34,3263
369,3284
136,3291
22,3308
227,3319
13,3332
437,3343
77,3350
499,3370
145,3394
223,3405
163,3422
9,3426
78,3437
367,3467
378,3487
41,3510
201,3517
67,3568
491,3576
127,3582
363,3605
433,3622
239,3639
206,3653
142,3656
374,3674
422,3722
93,3771
351,3881
406,3902
184,3930
432,3954
210,3980
118,3991
489,4023
168,4068
7,4200
315,4261
377,4279
368,4323
185,4328
350,4371
89,4506
51,4560
179,4622
236,4627
427,4677
84,4685
450,4804
338,4923
122,4976
482,4983
85,5184

simblock.block.ProofOfWorkBlock@7e18ce4d:8
287,59
321,206
387,262
344,338
278,360
305,394
21,418
250,418
155,451
266,476
253,477
488,494
447,509
44,539
13,539
393,547
439,551
236,570
441,570
154,581
492,598
484,598
460,608
363,612
119,623
471,624
29,628
311,634
427,637
489,639
210,645
366,652
180,654
57,661
36,662
357,666
320,669
389,682
163,688
491,690
94,692
63,695
420,699
28,702
211,702
336,709
92,710
483,711
409,717
430,718
216,724
405,727
205,730
164,732
224,735
212,738
333,745
64,745
53,746
122,915
199,751
170,752
196,753
477,755
136,757
178,759
121,760
84,765
226,767
8,771
283,772
309,773
304,773
60,777
179,778
25,786
24,788
61,791
190,792
454,794
415,795
275,795
495,796
202,800
22,802
188,803
127,805
161,805
294,806
343,809
319,809
204,809
116,811
135,813
306,815
399,815
255,817
148,817
95,821
312,821
105,821
261,824
62,829
440,829
118,835
303,835
39,837
368,840
421,841
230,844
129,845
77,846
324,850
386,851
338,856
248,856
51,857
339,858
91,859
208,860
89,861
352,862
490,862
270,864
451,867
27,868
214,868
157,869
310,869
476,870
412,872
453,873
473,880
88,880
337,881
367,885
203,885
459,885
16,885
70,888
200,888
340,890
137,892
373,896
107,896
237,896
7,897
58,898
140,898
485,899
176,901
124,905
308,906
417,907
31,907
264,913
293,913
66,913
425,914
369,914
302,915
93,920
153,921
40,924
279,925
410,925
350,928
406,928
457,930
1,934
448,935
414,936
401,940
493,940
428,942
475,942
59,942
167,943
494,944
413,944
450,945
239,947
194,947
487,952
201,954
110,954
437,955
143,955
55,957
185,964
422,966
443,966
482,966
160,966
3,968
500,969
466,970
377,970
315,972
272,973
407,973
445,974
267,975
90,975
478,977
133,977
103,978
72,982
113,982
330,986
184,989
85,992
128,992
435,998
231,1000
408,1004
458,1008
233,1013
392,1013
75,1018
326,1021
351,1022
156,1023
165,1026
348,1027
332,1030
286,1030
2,1031
356,1033
240,1035
432,1035
449,1038
168,1041
158,1042
86,1042
18,1046
15,1047
12,1050
73,1051
328,1054
274,1055
162,1055
442,1058
82,1061
499,1061
78,1065
150,1065
331,1066
403,1070
282,1071
206,1073
238,1076
472,1084
384,1086
249,1088
345,1091
496,1091
49,1095
426,1098
186,1098
112,1100
307,1107
346,1114
20,1114
419,1115
209,1122
382,1123
100,1125
262,1128
187,1129
213,1135
4,1137
444,1138
465,1138
273,1141
433,1142
215,1144
35,1152
497,1158
222,1162
182,1179
402,1184
151,1188
480,1191
80,1193
342,1194
257,1195
379,1199
469,1208
14,1209
54,1213
102,1217
234,1223
101,1228
131,1232
277,1232
42,1235
83,1236
285,1236
141,1237
455,1238
244,1239
144,1244
149,1244
19,1249
292,1250
37,1251
396,1261
462,1261
349,1262
65,1265
130,1266
323,1266
300,1267
114,1269
48,1270
169,1271
106,1277
134,1285
381,1292
289,1294
26,1294
175,1296
404,1297
416,1300
251,1307
218,1307
74,1312
17,1315
45,1315
397,1316
394,1329
245,1334
365,1335
317,1344
111,1353
132,1354
355,1355
376,1360
46,1362
434,1364
431,1365
388,1366
463,1368
370,1382
6,1386
235,1392
380,1405
313,1405
424,1407
329,1409
429,1409
298,1410
436,1415
241,1418
438,1420
87,1435
325,1436
108,1441
486,1443
120,1449
341,1454
359,1458
281,1463
398,1468
284,1468
232,1471
159,1471
347,1478
327,1479
418,1486
76,1494
301,1497
228,1500
225,1507
192,1523
358,1525
383,1528
464,1532
30,1534
221,1535
411,1538
390,1541
109,1548
243,1554
11,1555
395,1555
117,1556
362,1566
353,1574
361,1578
34,1579
198,1580
125,1597
67,1614
97,1614
258,1618
98,1620
152,1622
265,1627
280,1638
147,1638
252,1642
47,1643
334,1644
104,1648
288,1651
259,1655
254,1656
479,1660
96,1661
290,1663
220,1669
126,1679
189,1686
142,1693
374,1699
263,1702
268,1703
207,1704
354,1709
56,1710
299,1719
468,1720
470,1727
229,1740
33,1752
173,1755
99,1757
219,1781
5,1787
145,1808
318,1808
269,1811
68,1813
177,1820
23,1825
385,1828
181,1833
191,1841
197,1842
360,1844
247,1853
296,1864
79,1865
174,1867
123,1901
446,1923
322,1930
474,1941
38,1981
400,1981
52,1982
166,1983
193,1989
246,1995
276,1996
71,2007
32,2011
271,2030
291,2030
456,2064
378,2064
139,2077
172,2104
138,2112
9,2118
41,2127
43,2149
316,2161
461,2164
297,2169
81,2185
423,2216
217,2265
195,2273
481,2277
295,2289
256,2298
364,2314
242,2316
467,2349
146,2378
498,2401
223,2406
335,2431
10,2443
314,2470
69,2472
115,2555
452,2557
171,2566
371,2567
50,2583
375,2656
227,2685
260,2729
391,2850
183,2931
372,3035

simblock.block.ProofOfWorkBlock@603695ed:9
376,59
300,283
397,368
33,504
483,554
75,585
464,590
192,669
249,671
8,704
273,730
208,738
131,756
369,765
424,772
327,809
132,817
470,824
283,824
384,838
163,854
215,857
441,880
134,888
496,888
97,893
349,894
285,902
15,908
53,910
345,912
211,917
177,919
410,936
457,944
301,946
281,953
499,966
120,972
112,975
204,975
244,981
365,987
159,988
286,990
136,993
381,999
167,1003
385,1028
29,1028
407,1030
266,1031
427,1032
355,1035
130,1035
440,1045
57,1048
497,1048
160,1050
74,1059
190,1060
203,1063
388,1064
201,1067
368,1069
150,1072
46,1077
304,1082
124,1086
19,1086
412,1087
182,1087
437,1088
218,1090
39,1092
422,1095
264,1096
450,1096
251,1105
366,1105
476,1108
463,1109
106,1111
323,1114
35,1116
468,1119
319,1120
94,1120
315,1123
409,1124
111,1124
100,1128
80,1134
390,1141
270,1144
32,1145
28,1146
237,1147
386,1147
294,1152
37,1153
63,1157
196,1158
318,1159
320,1162
298,1163
178,1164
26,1168
479,1171
7,1177
25,1177
157,1179
166,1180
61,1183
338,1184
439,1184
154,1185
175,1186
248,1187
358,1189
144,1191
268,1192
490,1195
262,1196
277,1198
236,1199
401,1200
394,1200
90,1202
254,1202
126,1208
86,1212
432,1213
289,1214
455,1214
21,1215
185,1217
240,1218
13,1218
170,1219
141,1220
387,1220
462,1226
205,1227
59,1231
316,1233
216,1234
27,1238
312,1239
408,1240
18,1241
292,1244
128,1245
321,1245
303,1246
339,1250
350,1252
370,1253
361,1253
280,1255
451,1255
267,1256
47,1258
76,1258
466,1258
357,1259
444,1261
269,1261
180,1262
447,1263
64,1264
469,1265
250,1268
209,1269
346,1272
1,1272
214,1273
12,1274
116,1274
491,1274
348,1274
102,1276
110,1276
336,1276
325,1277
117,1280
72,1282
332,1283
93,1284
119,1290
233,1292
448,1295
287,1297
114,1298
103,1298
436,1299
359,1300
480,1301
179,1306
113,1308
54,1308
149,1309
101,1310
392,1312
24,1313
353,1317
435,1318
51,1319
477,1321
194,1322
162,1324
105,1325
5,1328
153,1330
257,1330
425,1330
415,1331
443,1331
482,1332
137,1334
413,1335
307,1336
87,1337
255,1337
147,1339
187,1340
421,1340
311,1340
340,1341
108,1342
380,1343
342,1351
95,1351
231,1352
212,1353
169,1355
14,1355
96,1355
337,1356
351,1363
191,1370
206,1370
85,1374
328,1375
317,1379
83,1379
393,1380
107,1382
176,1387
362,1387
42,1390
210,1391
309,1392
389,1393
6,1394
168,1394
73,1395
165,1398
495,1398
306,1399
56,1401
475,1407
135,1409
245,1410
430,1413
238,1415
17,1420
89,1427
428,1428
31,1432
261,1432
228,1433
411,1438
275,1438
133,1439
213,1439
16,1446
414,1448
433,1448
329,1450
471,1451
442,1458
65,1463
459,1470
2,1473
489,1479
274,1480
226,1482
379,1483
324,1484
230,1485
155,1495
331,1498
377,1502
403,1509
143,1512
465,1514
418,1518
416,1519
241,1525
20,1525
382,1527
109,1530
48,1540
200,1541
343,1542
398,1543
485,1553
77,1553
488,1555
402,1560
52,1566
40,1568
140,1568
197,1579
66,1582
82,1582
313,1585
184,1585
446,1586
383,1587
431,1588
333,1602
234,1605
70,1607
84,1607
486,1610
44,1620
420,1622
396,1624
492,1627
326,1632
118,1633
434,1635
45,1639
291,1644
202,1645
247,1652
3,1653
293,1654
158,1656
164,1656
445,1658
41,1665
188,1677
198,1684
123,1692
49,1695
354,1712
181,1714
429,1715
399,1721
330,1727
225,1728
400,1728
279,1730
373,1734
88,1737
11,1753
199,1755
127,1756
220,1757
453,1760
265,1762
222,1762
161,1783
221,1784
239,1785
146,1790
405,1794
438,1794
406,1795
458,1802
258,1806
207,1811
272,1818
360,1829
252,1832
473,1850
460,1852
276,1864
232,1869
91,1869
79,1872
235,1874
50,1887
98,1888
500,1903
186,1904
341,1907
60,1907
78,1916
356,1917
364,1920
195,1924
68,1927
138,1927
395,1930
253,1931
493,1936
363,1951
426,1958
375,1962
352,1966
347,1967
152,1969
193,1975
9,1976
449,1978
404,1980
22,1984
461,1985
38,1989
284,1999
171,2000
256,2003
99,2013
260,2016
4,2025
55,2031
151,2046
295,2057
288,2062
148,2091
454,2093
125,2108
271,2113
92,2113
30,2115
419,2132
67,2136
229,2139
417,2139
122,2139
367,2152
310,2158
423,2158
297,2173
172,2198
378,2209
121,2209
23,2223
10,2231
335,2248
243,2251
494,2266
498,2268
308,2294
62,2305
290,2311
487,2314
36,2328
472,2332
227,2334
374,2335
372,2347
242,2359
139,2361
69,2381
282,2384
43,2392
322,2393
34,2423
305,2441
484,2468
58,2479
334,2481
263,2497
299,2502
478,2557
217,2565
115,2571
142,2590
278,2617
481,2650
302,2654
174,2659
224,2692
129,2746
391,2754
467,2764
259,2822
314,2825
371,2825
456,2898
189,3010
71,3024
296,3075
223,3077
246,3146
474,3259
183,3264
145,3322
173,3323
452,3520
81,3570
219,3771
104,3826

simblock.block.ProofOfWorkBlock@48127bcc:10
343,59
156,207
133,265
24,322
427,380
211,395
459,431
337,444
476,454
136,474
338,492
116,501
72,511
348,550
250,561
311,571
283,585
494,585
344,592
12,604
91,607
77,607
369,609
308,620
202,629
466,631
57,643
428,644
472,646
319,649
490,654
127,663
419,666
405,672
430,677
105,688
460,693
270,695
61,701
435,702
200,706
162,711
85,712
357,712
196,713
13,723
356,726
315,732
264,735
422,738
275,742
287,743
445,745
168,753
366,754
92,756
363,760
255,761
25,761
278,764
493,767
188,768
94,770
450,770
63,772
330,779
26,780
121,781
153,784
204,793
393,795
332,795
302,796
27,799
368,800
458,800
320,801
307,803
453,806
180,810
36,812
432,814
454,817
413,817
226,818
231,821
426,822
16,822
124,825
88,825
306,827
39,827
93,827
310,829
286,832
437,837
31,837
373,839
95,843
194,845
303,848
144,850
66,850
29,855
294,858
475,858
58,860
203,863
148,863
239,864
55,866
103,866
205,868
199,871
478,871
499,873
236,874
304,875
82,878
186,881
321,881
122,881
137,883
407,884
402,884
417,884
128,884
78,885
457,887
386,891
216,891
184,896
155,897
420,899
485,900
185,900
54,904
248,905
64,907
135,913
451,913
279,914
274,916
5,916
441,920
62,920
210,921
367,922
28,925
345,925
488,925
7,926
487,927
190,928
167,928
164,928
60,929
261,931
489,937
477,940
1,941
129,942
333,942
158,943
157,943
206,943
491,945
352,949
492,951
267,951
410,954
234,955
443,956
496,958
340,959
392,959
448,960
412,963
433,963
21,964
84,967
90,969
389,970
8,970
224,970
178,973
328,973
449,973
113,978
409,982
324,983
350,983
176,984
110,986
143,987
415,989
282,990
86,996
140,1000
399,1000
312,1001
118,1001
230,1004
471,1005
107,1006
214,1006
387,1009
44,1011
293,1016
51,1018
179,1018
161,1019
339,1020
431,1021
483,1022
212,1029
106,1031
170,1035
309,1040
208,1042
500,1042
305,1044
414,1045
266,1046
201,1048
233,1048
484,1053
35,1055
253,1057
70,1058
89,1065
100,1067
154,1067
251,1071
272,1072
53,1080
473,1082
126,1086
120,1093
160,1093
465,1094
75,1095
482,1098
336,1099
447,1101
408,1106
291,1108
351,1109
18,1114
406,1114
14,1115
401,1120
439,1126
495,1131
131,1137
213,1137
384,1140
462,1144
370,1150
440,1156
377,1159
349,1165
40,1170
262,1171
159,1179
425,1180
22,1183
3,1184
32,1191
198,1196
383,1196
329,1198
316,1198
80,1199
235,1200
56,1200
479,1204
436,1204
245,1209
331,1209
222,1214
11,1216
4,1219
416,1220
182,1222
47,1227
166,1228
163,1231
112,1237
241,1238
37,1238
313,1239
362,1240
346,1243
79,1244
300,1251
404,1254
76,1255
134,1255
376,1262
102,1269
269,1269
464,1269
123,1271
177,1275
342,1279
147,1280
421,1281
114,1284
108,1286
15,1288
74,1289
455,1291
325,1292
353,1295
396,1299
244,1304
237,1310
394,1311
249,1311
388,1318
438,1319
141,1326
361,1327
273,1328
218,1329
83,1340
444,1355
181,1357
19,1365
247,1367
281,1368
20,1369
355,1370
470,1372
225,1374
149,1378
398,1380
359,1400
209,1402
33,1406
215,1408
169,1409
381,1412
379,1413
258,1416
452,2081
73,1429
498,1433
151,1441
292,1441
480,1445
268,1448
327,1449
434,1449
228,1456
280,1459
429,1463
240,1475
301,1486
192,1490
87,1505
390,1507
48,1515
382,1524
298,1526
227,1527
290,1528
252,1529
276,1530
172,1533
446,1537
277,1537
117,1538
220,1543
132,1556
41,1565
260,1565
68,1565
50,1570
469,1571
138,1576
23,1576
365,1577
380,1577
97,1582
193,1586
96,1589
334,1605
317,1610
46,1616
101,1620
411,1628
189,1628
375,1628
497,1636
171,1646
395,1650
109,1651
265,1652
9,1656
165,1663
223,1678
187,1680
442,1699
71,1702
59,1706
191,1707
17,1713
243,1716
323,1720
246,1732
45,1738
175,1748
486,1755
354,1757
463,1758
119,1773
183,1777
2,1798
468,1806
358,1811
238,1811
400,1820
173,1822
271,1850
81,1858
378,1860
326,1868
130,1887
197,1895
254,1895
115,1907
10,1910
285,1917
297,1917
38,1934
43,1934
257,1944
65,1945
360,1946
263,1965
347,1968
403,1979
371,2016
139,2043
418,2048
424,2065
52,2067
221,2096
242,2097
142,2104
42,2116
6,2123
299,2143
318,2146
256,2197
69,2201
341,2222
217,2224
34,2229
150,2236
456,2264
397,2298
391,2299
111,2318
229,2333
146,2340
152,2350
145,2399
461,2404
314,2427
49,2470
335,2482
385,2488
288,2506
219,2521
99,2526
232,2625
174,2647
289,2663
467,2739
364,2758
284,2764
423,2790
30,2816
125,2823
259,2945
374,2953
67,3049
98,3107
372,3131
296,3238
295,3284
474,3332
207,3403
322,3521
104,3809
195,4092
481,4385

simblock.block.ProofOfWorkBlock@1afd9c83:11
14,59
35,277
292,358
26,451
49,496
416,582
384,583
449,628
347,665
257,667
281,687
169,716
187,746
327,751
325,773
203,779
383,800
159,803
55,803
5,806
301,829
424,832
306,835
15,855
197,884
497,886
291,890
109,891
300,891
82,892
431,913
13,929
444,930
379,936
42,943
179,951
433,953
385,968
353,972
318,973
218,974
106,978
289,982
166,984
412,985
302,986
3,987
273,995
426,1005
73,1006
490,1011
149,1015
131,1021
500,1025
370,1025
74,1026
342,1029
20,1031
44,1040
286,1045
454,1046
381,1052
394,1058
46,1058
249,1061
191,1064
7,1068
480,1069
101,1076
326,1077
204,1082
409,1085
352,1100
114,1103
303,1106
56,1107
463,1108
470,1108
52,1110
192,1111
86,1112
420,1114
443,1114
132,1115
47,1116
244,1133
401,1138
90,1139
331,1139
78,1140
25,1141
261,1143
317,1146
355,1146
268,1147
387,1150
323,1150
83,1152
435,1158
178,1159
53,1160
308,1160
313,1160
19,1162
464,1167
430,1167
28,1168
48,1174
328,1174
309,1175
148,1177
64,1181
224,1189
408,1190
6,1191
468,1194
85,1194
121,1200
226,1200
165,1203
59,1203
280,1205
177,1205
199,1205
220,1207
382,1212
2,1213
338,1215
134,1216
61,1220
37,1223
151,1225
75,1229
315,1230
475,1231
240,1232
120,1233
473,1234
12,1236
76,1236
8,1241
411,1243
438,1243
479,1248
80,1249
108,1250
294,1250
238,1252
230,1255
22,1256
425,1257
107,1259
311,1260
118,1265
103,1266
304,1268
54,1268
316,1271
119,1273
417,1274
359,1275
269,1278
441,1278
209,1281
97,1284
469,1288
130,1290
462,1291
129,1292
377,1294
237,1295
241,1297
466,1297
247,1304
264,1305
235,1307
162,1309
16,1310
278,1312
287,1313
27,1313
102,1315
397,1316
436,1317
33,1317
122,1321
339,1323
267,1323
337,1323
11,1324
113,1324
274,1326
421,1327
88,1327
213,1327
380,1332
361,1333
57,1334
487,1335
144,1337
414,1339
398,1356
147,1358
141,1358
403,1359
117,1360
234,1360
407,1360
215,1365
93,1365
321,1366
94,1369
253,1369
458,1372
170,1372
228,1376
404,1377
18,1379
349,1380
251,1381
451,1385
127,1385
150,1386
275,1387
255,1389
24,1389
406,1391
123,1395
460,1395
17,1401
358,1408
388,1411
324,1411
329,1421
336,1422
432,1424
429,1424
158,1425
128,1429
214,1432
442,1434
231,1434
471,1439
65,1441
307,1441
418,1446
495,1446
402,1447
126,1449
167,1452
285,1452
32,1455
254,1459
293,1459
494,1462
396,1463
135,1467
200,1468
31,1468
225,1468
277,1469
216,1477
419,1477
168,1477
175,1481
270,1484
153,1486
184,1488
319,1489
343,1490
465,1491
376,1491
483,1492
60,1493
340,1500
410,1500
363,1502
272,1504
447,1516
205,1522
413,1524
112,1529
174,1534
95,1536
51,1538
212,1542
486,1550
222,1563
70,1565
365,1567
477,1568
182,1571
346,1575
62,1579
482,1598
100,1599
392,1603
87,1606
450,1607
345,1610
453,1611
496,1612
351,1623
374,1627
455,1632
333,1634
154,1635
72,1641
124,1662
198,1663
157,1664
344,1664
96,1665
428,1666
58,1667
239,1668
445,1669
185,1672
186,1673
415,1675
202,1683
160,1687
146,1687
172,1694
248,1695
84,1698
188,1709
390,1717
111,1717
206,1718
375,1729
446,1732
183,1740
305,1742
133,1754
276,1754
115,1754
207,1755
434,1756
40,1773
332,1774
23,1778
99,1779
258,1782
476,1782
493,1786
98,1786
341,1795
189,1804
210,1808
448,1815
474,1818
265,1824
71,1825
271,1827
79,1829
298,1833
245,1839
368,1839
208,1840
104,1846
250,1846
283,1847
489,1847
21,1851
161,1855
360,1857
105,1857
77,1861
399,1861
499,1872
491,1873
193,1874
217,1882
330,1883
461,1887
68,1888
389,1892
152,1893
116,1894
362,1901
38,1912
140,1915
171,1921
393,1927
138,1932
246,1934
314,1942
211,1947
190,1951
181,1956
439,1957
92,1959
427,1991
481,1991
378,2012
143,2013
66,2018
386,2022
243,2027
405,2030
180,2031
452,2033
156,2035
284,2038
472,2041
34,2042
221,2059
139,2061
279,2061
29,2065
459,2065
335,2072
266,2090
296,2102
223,2102
10,2111
219,2116
260,2121
229,2125
457,2126
437,2131
356,2132
369,2134
423,2140
372,2152
50,2177
350,2191
137,2198
91,2205
176,2220
492,2225
173,2237
39,2240
163,2241
354,2262
232,2264
367,2265
391,2274
322,2278
4,2301
233,2304
196,2313
262,2315
142,2356
334,2359
164,2371
282,2384
297,2403
63,2416
125,2425
195,2446
41,2475
236,2476
201,2480
484,2488
263,2492
488,2492
145,2494
395,2500
43,2526
299,2536
89,2548
36,2561
320,2597
478,2652
373,2661
310,2671
242,2677
67,2694
295,2740
348,2741
456,2741
30,2773
422,2779
290,2796
485,2837
136,2847
357,2919
288,2945
110,2952
69,2981
312,3011
440,3023
194,3126
498,3167
259,3215
252,3222
467,3263
366,3302
400,3475
9,3479
155,3482
81,3515
1,3658
364,3732
45,3858
227,3980
256,4109
371,4227

simblock.block.ProofOfWorkBlock@2e7cfb2a:12
366,59
21,207
196,265
339,322
336,356
477,378
204,418
236,419
304,434
363,474
153,474
321,479
202,492
496,504
51,527
283,531
264,532
190,538
103,548
148,563
155,572
303,573
186,584
118,588
448,588
402,590
201,605
158,605
267,621
78,622
231,625
449,629
492,634
437,639
460,640
487,642
250,646
294,647
13,651
346,661
476,664
206,668
66,680
324,681
8,682
475,684
413,685
457,687
170,697
405,698
278,699
330,699
160,703
157,706
439,709
435,710
93,712
482,713
311,724
210,725
212,725
226,727
440,729
279,734
427,738
25,738
443,739
426,739
105,740
344,740
88,742
275,743
107,743
205,743
211,754
143,756
332,756
266,757
282,759
18,759
309,762
485,769
414,771
393,773
307,775
94,781
208,785
89,785
261,785
310,792
478,793
200,795
458,795
1,795
343,795
53,797
255,797
7,798
85,799
494,799
253,799
484,800
410,801
274,811
63,812
351,813
36,814
453,817
127,817
100,817
116,820
77,823
180,824
401,831
399,833
473,833
176,836
491,837
451,838
39,840
70,841
122,843
168,844
60,845
224,848
162,849
58,849
338,853
16,854
373,854
184,854
357,855
113,857
167,857
305,857
483,859
239,861
471,862
31,862
415,863
490,866
12,873
287,876
80,877
110,880
384,884
430,885
136,885
422,888
84,889
328,890
214,892
199,893
161,894
306,896
367,896
356,897
216,898
308,898
315,899
54,900
488,900
86,903
272,905
320,905
420,909
154,909
203,909
441,911
419,911
175,912
312,912
412,913
61,914
178,915
188,915
137,919
28,921
24,921
340,924
409,925
466,929
392,934
44,934
450,937
387,939
233,942
417,945
493,948
27,952
293,955
194,957
163,957
472,963
459,965
55,965
29,967
135,969
82,969
389,969
133,972
92,972
454,973
408,975
230,975
489,976
22,977
368,977
121,978
302,985
109,988
248,988
345,989
445,992
90,993
156,996
270,1006
398,1012
179,1012
386,1014
337,1018
350,1020
286,1022
500,1028
15,1029
238,1029
128,1030
57,1030
95,1032
447,1032
124,1036
129,1037
333,1039
499,1039
352,1043
421,1046
3,1047
406,1047
164,1048
40,1052
11,1053
185,1062
62,1069
325,1071
75,1074
130,1077
433,1078
108,1086
407,1088
348,1091
144,1092
319,1095
361,1096
241,1096
4,1097
112,1097
425,1099
432,1104
377,1105
83,1112
72,1118
418,1121
91,1125
404,1126
140,1129
209,1132
455,1134
442,1143
5,1147
446,1147
300,1158
19,1165
240,1169
385,1177
289,1182
292,1186
166,1189
213,1195
376,1200
220,1201
198,1202
132,1203
434,1204
6,1208
228,1209
480,1210
131,1212
187,1213
247,1215
381,1216
218,1217
258,1226
358,1227
151,1229
444,1232
56,1234
222,1236
120,1237
35,1237
102,1240
486,1243
37,1244
254,1244
269,1249
245,1250
117,1251
97,1259
47,1263
48,1264
388,1264
141,1267
126,1269
281,1272
59,1275
26,1275
383,1278
353,1281
298,1284
349,1290
323,1295
396,1299
382,1305
123,1311
497,1320
463,1320
317,1330
169,1330
87,1332
326,1337
390,1341
76,1353
411,1359
469,1367
331,1371
14,1371
96,1375
341,1375
301,1378
479,1381
424,1382
165,1383
329,1384
147,1386
431,1393
259,1395
436,1411
464,1414
101,1418
134,1422
468,1428
273,1437
159,1440
225,1442
251,1446
342,1447
191,1450
257,1451
150,1454
104,1457
68,1466
249,1469
327,1475
145,1477
23,1479
74,1494
138,1496
378,1508
360,1519
318,1526
374,1529
355,1540
364,1542
32,1545
172,1560
20,1563
2,1566
111,1567
481,1571
189,1576
232,1578
290,1582
380,1590
149,1591
322,1592
227,1601
495,1617
237,1624
81,1628
470,1629
33,1644
17,1644
276,1650
219,1653
299,1656
9,1659
246,1664
152,1670
372,1676
284,1683
115,1692
52,1704
229,1705
197,1717
395,1718
400,1723
171,1724
474,1725
30,1729
114,1733
43,1735
291,1738
423,1755
215,1759
221,1766
65,1770
498,1770
73,1790
265,1794
313,1799
193,1821
119,1824
296,1843
314,1850
243,1851
391,1863
316,1891
370,1903
41,1911
359,1914
252,1923
295,1926
71,1928
181,1932
192,1947
452,1966
462,1974
288,2001
297,2002
244,2004
50,2007
142,2010
242,2012
195,2015
34,2057
280,2060
416,2076
106,2112
438,2118
456,2138
347,2159
394,2175
207,2193
334,2201
98,2210
182,2246
467,2279
397,2283
256,2292
271,2294
125,2310
223,2311
67,2316
177,2331
260,2346
429,2356
369,2363
335,2403
262,2422
285,2458
428,2480
38,2486
46,2503
263,2530
64,2539
354,2589
99,2593
10,2636
365,2637
217,2642
139,2689
268,2710
45,2791
403,2816
174,2829
69,2845
234,2881
461,2890
79,2926
183,2929
371,2972
379,3062
146,3089
375,3158
173,3232
465,3237
235,3407
42,3591
362,3761
49,3932
277,4108

simblock.block.ProofOfWorkBlock@5abd88f8:13
10,59
193,451
461,761
19,788
284,916
354,977
298,1016
429,1062
465,1104
323,1190
281,1192
109,1238
380,1275
396,1284
263,1319
144,1323
269,1324
370,1335
74,1362
362,1366
106,1383
497,1408
444,1411
73,1425
479,1443
251,1446
280,1448
297,1449
42,1457
97,1492
130,1493
35,1495
46,1500
301,1509
331,1536
403,1542
469,1546
52,1554
462,1568
442,1574
285,1574
424,1581
192,1586
384,1588
182,1589
96,1590
383,1600
327,1608
473,1618
215,1619
468,1625
485,1625
291,1628
349,1629
218,1634
220,1636
6,1637
325,1641
20,1643
174,1644
249,1654
47,1655
37,1657
117,1667
358,1669
273,1671
59,1675
365,1677
48,1683
49,1706
234,1713
329,1715
379,1716
90,1720
26,1723
56,1725
228,1725
247,1727
120,1729
5,1737
123,1738
438,1753
355,1760
131,1761
238,1761
385,1762
44,1765
87,1765
70,1786
8,1790
486,1790
197,1791
333,1793
232,1797
428,1799
141,1800
32,1803
300,1806
439,1806
304,1807
258,1807
15,1808
361,1809
268,1815
187,1817
198,1823
75,1828
495,1828
237,1833
431,1834
40,1835
134,1835
470,1842
398,1843
101,1844
463,1846
347,1847
446,1848
342,1850
64,1857
346,1865
147,1873
119,1874
169,1879
445,1881
124,1881
151,1885
480,1887
421,1889
245,1892
126,1893
316,1895
108,1896
279,1898
317,1899
254,1901
388,1901
132,1905
14,1907
225,1910
267,1920
128,1920
294,1920
277,1921
353,1921
191,1925
135,1926
235,1927
240,1929
149,1930
150,1931
2,1932
466,1933
209,1933
411,1934
394,1943
212,1944
456,1944
418,1946
420,1950
321,1951
203,1952
382,1953
483,1954
244,1954
344,1962
410,1967
477,1967
54,1972
343,1974
112,1976
1,1978
83,1978
390,1978
111,1979
415,1980
33,1983
278,1985
409,1985
65,1986
451,1986
71,1987
129,1989
340,2002
86,2011
17,2016
175,2019
376,2027
404,2028
95,2030
230,2034
313,2035
181,2044
464,2046
255,2046
405,2047
328,2052
389,2055
69,2056
72,2059
352,2062
381,2064
397,2065
178,2065
494,2069
488,2069
266,2072
12,2072
16,2073
13,2073
170,2076
399,2081
160,2083
369,2086
239,2089
299,2092
107,2095
241,2096
447,2097
306,2097
326,2103
292,2105
60,2106
387,2106
162,2107
359,2118
476,2119
105,2125
39,2127
80,2129
61,2133
103,2137
458,2138
434,2139
262,2141
231,2144
459,2144
416,2148
319,2148
167,2148
475,2152
412,2158
377,2163
158,2167
177,2167
58,2173
208,2174
293,2175
413,2176
500,2184
146,2185
408,2194
487,2201
145,2202
27,2210
155,2211
133,2213
351,2216
28,2220
118,2222
275,2231
185,2235
136,2238
419,2239
165,2240
143,2243
265,2244
305,2245
499,2246
264,2248
303,2251
57,2255
213,2258
453,2260
214,2265
302,2270
202,2274
307,2282
224,2283
154,2283
11,2294
426,2300
496,2301
295,2303
261,2311
98,2311
449,2313
233,2315
116,2321
25,2322
272,2322
492,2322
478,2323
204,2323
127,2326
283,2335
186,2336
334,2339
395,2346
121,2347
31,2347
4,2348
357,2349
211,2350
115,2351
257,2356
455,2362
337,2362
288,2363
274,2372
161,2375
452,2384
276,2386
430,2390
89,2391
246,2400
45,2415
3,2415
312,2417
199,2419
140,2420
310,2422
400,2427
222,2427
339,2429
443,2430
195,2434
92,2434
270,2445
227,2447
176,2448
114,2454
113,2461
216,2467
190,2469
171,2471
68,2472
457,2475
153,2478
217,2482
200,2487
450,2491
157,2491
392,2492
183,2497
94,2497
23,2500
91,2508
375,2513
440,2513
423,2514
53,2518
137,2524
391,2524
336,2525
282,2527
253,2537
490,2547
66,2548
287,2553
324,2568
152,2576
81,2584
210,2588
67,2599
50,2603
286,2604
460,2604
474,2616
207,2617
196,2619
250,2619
159,2621
166,2624
79,2625
99,2630
139,2637
311,2637
260,2649
229,2656
104,2658
435,2664
330,2669
309,2669
345,2672
493,2682
322,2690
22,2690
318,2697
386,2699
364,2700
125,2716
425,2723
189,2729
441,2748
252,2762
221,2766
36,2788
308,2795
78,2798
9,2802
448,2804
219,2815
372,2818
256,2832
367,2837
417,2846
201,2849
320,2855
100,2859
110,2870
102,2872
29,2878
172,2887
173,2894
335,2916
315,2923
223,2925
38,2938
194,2951
289,2956
188,2964
242,2967
332,2979
62,2987
406,2992
481,3015
164,3020
437,3023
271,3027
472,3029
467,3040
348,3044
296,3050
366,3054
482,3135
290,3143
226,3160
371,3178
360,3185
484,3197
402,3198
436,3215
374,3225
338,3226
82,3227
259,3237
414,3255
7,3292
243,3300
156,3324
393,3373
43,3390
24,3405
341,3408
498,3434
84,3435
41,3455
184,3468
314,3473
76,3474
142,3485
356,3524
378,3551
363,3599
248,3603
401,3638
138,3649
148,3676
34,3707
205,3746
489,3791
236,3816
206,3822
30,3854
427,4038
168,4046
179,4089
432,4133
491,4185
180,4357
55,4390
433,4391
77,4445
122,4547
18,4655
368,4702
471,4740
51,4752
93,4952
163,5004
85,5052
88,5093
454,5256
373,5318
21,5358
63,5558
422,5619
350,5860
407,6173

simblock.block.ProofOfWorkBlock@4de22e03:14
493,59
164,210
78,268
116,324
180,358
22,380
127,414
91,421
393,437
332,470
86,473
466,481
167,493
445,528
24,531
307,535
270,539
337,566
205,569
476,570
408,587
457,588
484,592
312,594
153,599
482,622
261,624
202,624
406,627
51,637
208,643
489,648
286,648
77,648
154,652
124,657
97,679
433,680
310,682
278,684
483,685
439,686
425,691
340,691
36,692
95,694
27,694
454,700
490,706
266,707
420,710
84,711
185,714
328,718
303,718
66,737
7,737
184,738
345,741
487,742
1,743
346,744
118,744
460,744
363,747
399,748
414,748
356,749
239,751
447,752
213,753
250,763
348,763
136,766
135,767
21,771
214,772
8,773
54,775
294,775
459,776
212,777
366,777
161,791
204,794
31,795
203,796
53,797
387,800
199,800
18,801
168,801
443,804
344,805
190,805
133,805
419,806
309,807
92,809
194,809
392,811
93,813
435,821
148,826
253,827
29,828
449,832
105,832
437,833
475,834
230,835
321,836
410,840
324,840
430,847
308,848
451,849
304,849
275,852
72,853
191,853
264,854
39,855
315,856
121,858
440,858
44,859
12,859
55,860
156,862
293,862
415,862
58,864
70,866
200,868
306,869
485,870
179,870
432,872
62,873
274,877
338,877
103,879
377,880
458,881
305,882
351,888
330,891
16,891
176,892
61,893
450,895
3,896
283,897
302,898
94,899
373,900
188,900
491,905
251,908
82,908
63,909
60,911
369,912
477,912
57,915
157,916
496,916
428,917
402,917
163,921
492,923
427,924
405,924
248,925
226,927
267,928
453,928
210,929
186,930
255,930
249,932
319,933
473,934
386,938
107,938
311,939
225,940
88,941
448,942
494,945
417,947
40,948
110,952
196,953
25,954
368,954
224,954
499,956
279,957
160,958
113,959
282,959
170,960
472,969
85,972
211,973
389,976
413,976
100,981
409,982
236,982
129,986
422,987
350,991
90,991
89,992
407,996
13,1003
272,1005
137,1005
401,1007
64,1010
233,1010
287,1010
140,1012
155,1013
231,1015
320,1023
500,1024
216,1024
247,1029
352,1030
385,1032
426,1038
464,1039
333,1039
28,1040
381,1042
471,1045
478,1045
158,1047
424,1058
206,1061
357,1062
241,1064
441,1069
182,1072
367,1081
130,1091
209,1092
347,1092
394,1095
201,1096
128,1107
412,1110
269,1111
120,1113
4,1114
285,1114
11,1117
301,1118
218,1132
268,1135
339,1137
119,1142
244,1143
122,1146
325,1154
48,1166
143,1169
431,1177
404,1178
46,1180
175,1181
429,1183
114,1186
416,1188
33,1191
488,1193
292,1196
108,1198
468,1199
15,1200
343,1203
37,1206
151,1209
165,1209
497,1211
59,1211
327,1212
495,1213
263,1216
112,1219
398,1222
349,1223
101,1235
228,1236
220,1237
370,1247
73,1250
396,1250
178,1256
87,1258
355,1259
234,1259
262,1259
470,1260
83,1260
134,1264
56,1265
486,1266
117,1267
126,1268
362,1269
479,1269
6,1273
469,1278
106,1284
141,1287
111,1291
455,1292
187,1298
19,1301
376,1309
336,1313
273,1318
162,1324
102,1327
74,1345
14,1347
436,1348
132,1348
326,1351
42,1353
222,1354
317,1354
331,1355
109,1364
277,1374
323,1374
52,1380
159,1380
123,1382
169,1384
313,1384
444,1386
2,1387
177,1396
258,1407
254,1412
364,1424
75,1429
423,1432
462,1435
289,1436
235,1440
316,1447
20,1450
245,1451
353,1455
35,1455
390,1463
240,1464
26,1468
334,1478
131,1480
361,1486
421,1502
318,1520
341,1522
138,1526
388,1527
397,1527
96,1528
434,1530
252,1543
227,1546
383,1547
198,1552
43,1553
149,1554
354,1559
446,1559
229,1565
360,1570
298,1573
9,1579
47,1581
189,1581
237,1583
290,1584
223,1588
115,1593
50,1597
34,1598
284,1601
271,1606
195,1616
379,1620
17,1620
68,1626
300,1637
335,1641
32,1644
147,1647
41,1656
238,1674
49,1674
76,1690
152,1694
81,1697
265,1698
403,1698
342,1705
329,1710
378,1710
23,1714
463,1723
442,1735
193,1737
192,1752
461,1761
150,1772
314,1775
45,1777
297,1779
173,1793
183,1797
411,1802
104,1807
5,1816
498,1817
166,1821
400,1833
322,1836
280,1845
232,1854
181,1865
10,1869
256,1869
215,1875
257,1883
384,1895
65,1907
418,1923
197,1950
371,1983
481,1990
80,1998
281,2004
372,2022
172,2032
380,2045
139,2062
358,2063
374,2083
359,2097
142,2116
69,2121
38,2122
242,2131
174,2167
144,2169
219,2169
382,2179
296,2195
146,2203
365,2218
288,2234
291,2238
480,2275
259,2282
67,2327
295,2333
243,2363
391,2366
465,2422
438,2445
221,2452
395,2453
452,2462
207,2516
79,2609
456,2652
299,2744
171,2745
474,2745
276,2747
30,2799
246,2944
217,3028
260,3029
145,3041
71,3057
98,3082
375,3285
99,3328
125,3627
467,3974

simblock.block.ProofOfWorkBlock@7802ead6:15
53,59
95,211
203,286
332,343
82,365
66,399
122,426
443,435
8,456
261,495
406,495
44,513
435,513
58,513
439,552
164,552
283,554
13,570
27,573
188,576
118,585
336,606
483,610
199,611
417,613
412,628
448,629
116,639
294,641
447,643
352,644
137,644
1,663
333,664
127,666
351,668
206,668
357,669
25,687
437,688
178,697
286,697
113,698
350,700
129,703
204,705
367,720
7,721
233,724
477,726
226,727
308,727
414,729
392,730
214,731
24,737
94,745
162,749
386,753
63,754
422,754
248,756
213,758
401,761
21,762
264,765
70,766
208,771
491,777
272,778
16,779
72,783
387,783
487,786
84,789
343,791
140,791
338,791
121,793
55,793
57,797
64,802
168,803
440,805
339,808
163,811
496,812
451,813
494,816
492,816
62,817
78,818
307,820
427,821
454,822
160,828
31,832
430,832
305,835
309,836
105,837
373,838
190,839
54,839
345,842
320,844
409,845
410,847
457,847
86,847
408,848
488,848
278,854
239,856
317,857
186,861
61,861
155,861
202,865
337,866
415,869
231,870
267,873
88,876
340,877
459,879
93,879
484,881
312,882
255,884
428,892
279,893
170,893
476,894
425,896
179,897
282,897
100,897
230,900
22,903
311,903
266,903
270,904
321,905
348,905
433,908
485,909
315,912
201,914
107,917
293,918
51,922
157,926
466,929
304,930
185,930
490,932
460,936
419,936
368,937
40,939
133,940
194,942
413,946
92,948
449,948
158,950
124,952
18,952
287,953
453,955
369,956
426,958
303,960
236,960
389,961
196,961
330,962
143,962
161,966
458,967
262,968
302,970
306,973
402,975
472,986
469,986
344,986
432,988
224,990
89,991
471,992
156,993
346,994
475,995
473,996
405,997
356,998
212,998
91,999
399,1007
29,1009
103,1009
110,1010
275,1012
176,1013
328,1014
191,1014
28,1017
253,1018
36,1019
366,1020
289,1020
319,1023
445,1025
128,1027
150,1038
77,1038
211,1044
441,1051
499,1051
323,1052
205,1052
130,1053
310,1054
363,1054
393,1054
12,1055
149,1063
377,1070
60,1071
269,1073
250,1077
489,1079
19,1090
216,1092
274,1092
228,1095
148,1108
184,1112
215,1117
114,1118
210,1119
500,1122
324,1125
167,1127
126,1133
166,1133
404,1137
108,1139
450,1141
39,1154
73,1156
463,1158
3,1158
241,1159
4,1163
153,1167
455,1168
249,1179
379,1179
478,1180
268,1181
136,1181
200,1183
418,1184
397,1186
65,1188
411,1189
385,1189
403,1193
347,1197
52,1199
209,1202
102,1202
85,1211
177,1212
281,1215
14,1216
87,1219
181,1223
96,1224
6,1226
301,1226
442,1233
482,1236
197,1237
381,1241
187,1249
355,1250
370,1254
497,1258
192,1260
76,1266
83,1269
247,1270
90,1271
74,1272
141,1276
123,1283
327,1283
112,1289
316,1290
468,1290
420,1293
48,1296
117,1297
434,1304
182,1304
33,1308
376,1308
245,1311
244,1314
424,1319
2,1323
42,1324
277,1328
151,1328
138,1332
313,1341
436,1341
380,1344
280,1349
407,1351
132,1352
326,1352
361,1352
431,1353
444,1356
5,1358
101,1359
254,1361
394,1365
480,1368
358,1372
120,1373
222,1383
251,1387
220,1388
382,1388
237,1392
17,1398
329,1401
20,1421
145,1426
240,1430
486,1439
291,1441
416,1456
365,1460
398,1462
159,1477
292,1480
341,1491
37,1493
232,1498
165,1502
171,1508
462,1512
11,1515
221,1515
396,1520
495,1522
388,1526
318,1526
119,1527
479,1529
234,1530
80,1532
322,1536
481,1540
252,1541
71,1544
47,1546
242,1546
97,1547
374,1552
456,1556
446,1559
207,1559
331,1559
219,1568
325,1571
384,1574
50,1587
284,1590
59,1592
238,1599
257,1602
360,1604
15,1613
423,1617
378,1627
111,1646
41,1653
79,1653
147,1654
26,1667
49,1671
290,1682
300,1684
271,1685
273,1693
438,1694
46,1694
115,1695
175,1699
258,1701
68,1703
464,1706
461,1709
32,1712
35,1716
56,1718
429,1729
474,1744
362,1754
75,1771
296,1788
183,1801
23,1803
9,1808
493,1810
10,1815
193,1822
142,1825
359,1831
235,1844
390,1853
146,1853
134,1864
383,1865
470,1868
342,1869
364,1879
152,1881
421,1887
285,1887
400,1896
189,1900
154,1922
172,1928
298,1938
109,1940
467,1943
229,1990
217,2001
465,2016
335,2028
218,2051
81,2092
169,2092
30,2103
263,2137
246,2146
174,2153
288,2153
98,2159
452,2165
198,2185
67,2188
223,2227
297,2228
38,2231
498,2231
295,2242
353,2266
34,2275
314,2310
131,2354
139,2374
265,2400
276,2429
104,2436
195,2479
173,2505
371,2514
45,2527
349,2527
43,2561
69,2571
375,2583
299,2604
225,2616
243,2771
259,2776
106,2788
334,2798
256,2848
395,3067
260,3353
354,3444
99,3653
372,3786
125,3952

simblock.block.ProofOfWorkBlock@3d74e0a9:16
107,59
157,209
135,266
204,324
91,361
315,380
330,415
29,418
16,450
339,474
392,477
164,484
94,507
206,520
211,529
283,534
180,534
389,547
233,565
309,566
70,576
485,587
155,590
279,597
460,604
352,604
202,622
118,624
286,630
401,640
110,644
449,654
143,658
453,660
31,669
294,669
201,680
153,681
478,686
475,688
78,701
448,702
88,703
22,707
231,714
188,714
262,717
308,718
473,725
417,725
127,725
85,726
408,736
366,738
434,738
304,745
186,747
178,747
451,750
224,755
266,760
312,760
489,762
387,764
64,766
409,774
40,778
282,778
39,781
357,781
333,785
471,788
199,789
4,793
412,800
213,805
466,805
410,806
439,809
487,809
488,811
303,813
89,816
386,818
494,819
272,821
476,829
311,831
267,831
53,836
324,837
205,837
445,838
499,839
44,840
8,842
278,844
57,845
340,846
239,849
270,862
305,862
156,866
356,867
21,869
179,870
140,871
363,873
345,874
306,874
472,875
161,876
124,878
158,878
25,879
428,883
348,885
432,887
422,892
214,893
406,894
196,895
367,896
122,900
28,901
212,902
100,902
13,905
351,906
302,907
380,908
454,912
194,913
216,914
250,914
177,917
458,919
484,925
490,926
103,927
264,927
477,928
27,928
328,930
450,931
492,932
368,934
420,935
500,937
210,937
419,939
411,940
77,940
287,941
128,941
190,945
407,949
255,951
346,952
440,955
1,955
457,957
136,958
185,959
416,963
160,965
148,965
459,971
415,985
482,985
63,986
369,986
274,989
95,990
310,992
113,993
455,993
12,993
437,995
170,998
184,1000
58,1005
61,1008
92,1009
261,1016
373,1024
72,1026
394,1032
377,1041
119,1042
7,1043
491,1047
441,1050
413,1052
405,1052
18,1053
426,1058
133,1063
203,1064
399,1069
60,1074
429,1075
293,1081
102,1083
168,1086
327,1088
277,1094
24,1094
431,1098
86,1098
93,1099
75,1099
208,1100
343,1103
393,1103
253,1105
54,1105
321,1109
402,1109
105,1115
147,1116
446,1127
144,1128
425,1129
464,1130
163,1131
130,1132
20,1135
430,1138
496,1146
336,1150
350,1159
483,1162
240,1163
109,1165
126,1174
134,1174
55,1177
291,1181
65,1184
361,1185
226,1186
108,1187
14,1189
486,1205
51,1206
197,1208
433,1211
74,1211
200,1216
2,1218
396,1218
249,1218
442,1219
362,1226
313,1229
3,1229
316,1229
397,1234
447,1235
244,1236
235,1240
331,1240
337,1246
220,1246
150,1250
26,1253
390,1256
436,1256
151,1264
162,1264
470,1269
11,1273
167,1273
382,1274
281,1276
342,1277
165,1280
495,1286
292,1287
37,1288
414,1294
59,1299
175,1300
112,1301
131,1303
418,1311
80,1317
129,1324
247,1324
230,1334
241,1335
435,1341
49,1344
238,1352
192,1356
325,1356
33,1358
424,1363
76,1370
48,1371
443,1381
326,1387
50,1387
82,1392
289,1393
479,1395
149,1396
319,1399
365,1404
17,1406
73,1407
374,1408
379,1410
398,1415
463,1420
245,1423
234,1427
121,1445
381,1445
237,1446
56,1449
469,1451
87,1452
236,1456
275,1457
132,1457
6,1459
176,1462
468,1469
280,1471
251,1486
172,1488
370,1495
34,1502
182,1509
427,1512
62,1516
198,1534
376,1547
364,1547
360,1550
137,1557
222,1563
378,1575
480,1576
181,1576
19,1577
9,1583
242,1586
258,1589
338,1592
335,1596
114,1597
284,1604
227,1607
223,1608
344,1614
90,1615
269,1616
317,1620
232,1621
187,1622
117,1632
384,1638
229,1645
299,1647
66,1650
189,1657
385,1659
218,1671
23,1676
391,1676
217,1680
32,1682
462,1691
498,1697
444,1698
301,1704
38,1706
116,1707
36,1716
355,1742
41,1744
111,1749
388,1751
142,1754
403,1764
42,1775
320,1776
67,1779
438,1787
228,1792
300,1793
404,1806
123,1819
254,1830
248,1833
421,1845
461,1854
383,1861
341,1871
323,1877
314,1886
171,1886
69,1890
52,1923
318,1924
271,1931
215,1933
46,1947
290,1960
97,1972
68,1974
141,1976
83,2001
465,2001
259,2004
349,2009
256,2031
285,2035
98,2038
268,2064
276,2069
193,2070
183,2081
146,2094
347,2096
497,2122
263,2131
273,2145
209,2152
295,2159
152,2160
15,2172
166,2173
71,2184
139,2185
252,2203
243,2212
101,2233
456,2268
375,2271
96,2296
219,2319
288,2320
298,2329
47,2342
79,2360
322,2381
191,2405
174,2429
334,2431
452,2443
138,2453
35,2468
207,2491
358,2504
159,2512
115,2524
10,2560
260,2604
246,2622
329,2638
296,2664
359,2681
30,2694
371,2722
423,2740
43,2800
257,2808
297,2947
154,2949
481,2949
354,2972
104,2973
400,2989
332,3005
45,3041
84,3061
173,3067
474,3091
307,3118
493,3178
195,3232
81,3273
372,3289
120,3351
145,3373
5,3526
265,3577
221,3657
106,3712
225,3912
467,3997
353,4090
169,4266
395,4545
99,4844
125,5143

simblock.block.ProofOfWorkBlock@281581fe:17
324,59
153,348
311,404
78,495
31,553
64,556
234,579
459,613
239,614
214,648
393,670
25,672
315,704
58,706
185,706
156,729
200,729
186,762
230,765
91,766
140,770
110,773
61,786
352,786
248,798
144,799
133,819
472,821
270,822
337,822
366,823
420,826
350,831
466,843
118,847
66,854
72,855
213,855
386,858
305,879
373,880
16,881
89,883
262,883
163,886
90,888
423,891
93,896
121,904
124,905
336,910
367,912
44,912
92,914
492,914
29,915
476,921
401,923
236,929
62,934
136,936
7,936
84,938
427,938
85,939
406,944
433,953
425,956
493,964
13,964
339,969
454,969
94,969
205,972
206,972
333,975
196,976
274,977
161,979
202,979
76,980
4,982
95,983
447,984
417,986
27,986
439,990
348,990
167,992
457,993
176,996
137,997
494,999
24,1002
190,1002
330,1003
158,1003
283,1004
419,1006
450,1007
266,1008
63,1009
351,1022
155,1023
413,1026
141,1027
308,1028
302,1028
294,1030
312,1030
224,1033
180,1034
487,1034
203,1035
264,1035
369,1036
105,1037
204,1042
86,1042
179,1043
184,1043
310,1044
127,1047
39,1049
148,1051
443,1052
451,1054
128,1055
490,1056
253,1059
51,1059
216,1061
267,1063
1,1066
278,1066
407,1066
332,1066
122,1067
321,1069
52,1072
286,1076
168,1076
482,1080
483,1083
345,1083
338,1085
346,1086
154,1087
194,1090
449,1090
287,1091
306,1091
488,1092
279,1092
199,1093
103,1097
328,1100
160,1102
282,1102
387,1103
389,1104
460,1105
343,1107
212,1110
251,1110
458,1113
28,1114
77,1116
143,1116
432,1119
188,1120
368,1120
54,1121
485,1122
210,1124
250,1124
344,1125
355,1128
22,1131
448,1132
408,1133
426,1134
36,1138
303,1140
320,1142
491,1146
441,1146
363,1147
484,1147
340,1148
307,1149
113,1150
211,1150
226,1150
60,1153
135,1159
100,1159
437,1159
116,1160
414,1160
272,1160
435,1164
412,1170
170,1170
233,1172
409,1175
217,1175
178,1176
405,1176
415,1177
440,1177
471,1178
40,1187
349,1192
291,1198
198,1198
157,1200
453,1201
201,1201
55,1202
480,1205
231,1209
445,1209
304,1215
422,1215
478,1215
499,1218
496,1232
129,1234
309,1235
88,1237
82,1237
473,1239
53,1241
208,1243
20,1246
159,1246
209,1253
500,1258
261,1261
475,1267
489,1273
74,1273
162,1275
428,1275
293,1277
195,1278
5,1278
281,1286
410,1288
292,1292
399,1293
377,1296
96,1298
247,1310
255,1312
220,1317
438,1320
101,1322
257,1322
8,1327
12,1328
381,1331
477,1331
134,1334
249,1335
392,1335
165,1338
289,1348
240,1348
149,1353
57,1353
42,1355
275,1355
486,1358
245,1361
187,1368
131,1375
470,1377
117,1381
222,1381
181,1385
83,1390
59,1396
151,1401
316,1403
177,1407
418,1407
446,1408
357,1409
434,1413
268,1413
175,1413
130,1415
424,1416
228,1417
197,1422
111,1425
325,1425
444,1429
150,1431
276,1435
430,1441
469,1442
109,1443
11,1444
26,1457
358,1458
3,1461
390,1467
80,1469
169,1469
21,1473
277,1482
385,1494
46,1494
331,1496
97,1496
301,1496
56,1499
238,1500
126,1500
73,1502
237,1508
244,1518
467,1521
347,1521
436,1523
14,1526
495,1526
431,1529
380,1533
48,1536
329,1541
317,1548
123,1548
125,1553
35,1553
37,1556
15,1559
479,1574
384,1577
361,1579
102,1582
87,1582
65,1584
342,1585
232,1586
173,1592
104,1594
280,1596
191,1597
326,1606
442,1607
378,1611
32,1613
164,1626
147,1626
120,1628
70,1641
215,1647
465,1651
416,1654
172,1655
254,1664
258,1666
497,1667
322,1669
166,1672
192,1679
298,1683
242,1689
398,1693
189,1696
132,1704
395,1709
106,1712
290,1717
2,1722
47,1727
300,1728
396,1729
263,1730
9,1731
481,1751
75,1757
49,1757
468,1763
400,1767
30,1770
375,1773
271,1778
498,1783
50,1786
182,1792
376,1797
382,1812
391,1813
23,1814
107,1815
243,1819
112,1821
370,1827
260,1829
241,1836
362,1836
463,1837
225,1839
464,1843
227,1852
374,1866
335,1867
265,1875
17,1879
341,1881
462,1886
229,1888
98,1889
359,1891
108,1907
404,1932
365,1932
411,1934
269,1983
461,1983
319,1987
356,1990
218,1991
314,1992
327,1996
69,2008
235,2008
323,2011
284,2014
19,2014
71,2028
455,2053
383,2057
114,2072
99,2075
10,2081
354,2085
403,2104
397,2106
139,2106
81,2120
145,2127
402,2176
299,2177
379,2180
313,2184
43,2217
297,2228
273,2230
429,2230
115,2234
452,2266
221,2278
33,2283
174,2290
152,2306
295,2326
18,2345
38,2357
285,2357
68,2365
456,2388
421,2402
371,2407
394,2410
138,2412
183,2426
6,2465
142,2468
388,2528
171,2550
296,2593
119,2637
334,2648
219,2666
246,2685
79,2700
353,2703
259,2705
372,2741
256,2758
318,2807
41,2842
45,2945
252,2983
288,3000
223,3001
364,3090
34,3091
146,3243
207,3277
193,3341
474,3373
360,3568
67,3659

simblock.block.ProofOfWorkBlock@39dff8d4:18
122,59
178,207
95,265
63,321
488,367
492,378
406,416
483,425
8,434
53,472
407,490
116,492
402,500
255,521
321,529
320,531
28,554
426,558
72,565
208,574
346,581
185,583
89,585
357,590
482,612
392,615
62,625
136,633
199,639
231,640
344,641
161,642
162,644
439,646
307,647
196,649
463,667
303,668
77,674
205,675
278,681
105,684
203,692
148,696
453,697
283,701
315,703
420,703
93,703
336,705
230,706
16,709
58,715
328,721
54,724
140,731
363,732
491,733
167,734
440,734
473,737
21,738
24,738
155,741
448,750
168,754
386,754
387,759
163,759
466,762
214,764
350,764
475,764
57,771
458,772
338,777
393,781
51,782
12,790
272,790
186,791
457,792
194,792
427,793
319,795
36,795
154,796
211,796
449,797
293,798
164,800
25,807
70,810
210,813
160,815
7,821
308,822
92,822
339,825
103,826
133,826
156,827
64,828
253,829
286,830
352,834
356,836
333,838
459,839
200,846
469,847
31,849
190,849
401,849
500,850
60,850
270,851
233,851
405,852
304,852
110,855
484,855
204,855
118,856
282,857
135,857
279,857
496,858
264,858
184,863
124,865
433,867
170,869
85,870
476,872
340,876
275,877
487,879
472,879
419,880
325,882
430,883
422,884
176,885
368,885
22,885
312,886
39,891
236,891
443,895
345,895
377,895
478,898
316,898
412,898
450,901
129,905
40,905
121,905
389,905
287,909
274,911
358,912
337,914
432,916
127,919
309,919
494,921
305,925
441,933
451,933
179,934
417,936
66,936
1,938
61,942
447,946
428,947
306,947
311,950
91,951
143,952
415,954
266,954
128,957
180,958
373,958
29,963
84,964
212,965
490,968
107,972
414,975
261,982
330,983
15,983
355,984
157,986
201,986
188,989
332,989
82,995
216,996
94,1000
310,1003
413,1005
153,1005
4,1006
18,1011
366,1011
437,1013
477,1017
137,1020
294,1020
113,1021
245,1023
100,1024
262,1026
254,1028
202,1030
454,1030
485,1037
399,1038
96,1047
158,1049
425,1050
369,1051
302,1052
20,1054
408,1055
149,1057
215,1062
409,1063
141,1063
13,1065
37,1068
499,1070
248,1074
213,1076
83,1078
239,1078
268,1081
206,1083
44,1086
249,1089
169,1092
324,1100
73,1103
224,1108
410,1109
226,1120
88,1122
240,1125
471,1127
250,1131
19,1133
384,1135
87,1135
460,1136
418,1137
209,1140
78,1141
27,1143
348,1147
75,1153
313,1153
429,1156
55,1162
292,1166
446,1167
159,1177
5,1177
267,1179
281,1182
42,1193
3,1193
480,1194
117,1194
119,1195
367,1197
80,1198
177,1201
323,1202
47,1206
489,1208
109,1209
112,1217
424,1227
106,1228
175,1234
404,1235
197,1235
48,1238
486,1241
17,1242
416,1247
237,1248
329,1248
431,1254
445,1254
192,1256
132,1260
90,1262
435,1264
35,1265
14,1265
317,1272
150,1279
258,1280
382,1280
397,1285
244,1286
468,1293
444,1293
120,1294
101,1300
385,1302
462,1304
365,1304
347,1305
277,1310
182,1310
300,1315
11,1315
411,1320
349,1323
285,1324
403,1325
331,1326
493,1330
383,1336
434,1337
442,1338
114,1346
269,1351
218,1352
228,1358
97,1365
151,1367
108,1368
187,1370
207,1371
289,1380
223,1381
343,1393
76,1397
327,1405
56,1405
298,1419
362,1421
394,1425
222,1426
380,1432
398,1435
257,1437
301,1439
259,1446
370,1447
102,1451
351,1453
65,1460
247,1461
130,1468
381,1473
378,1478
481,1479
38,1480
134,1480
341,1481
68,1485
74,1486
379,1491
390,1491
131,1496
361,1502
32,1507
166,1507
220,1511
221,1513
126,1517
290,1521
470,1523
86,1528
423,1532
181,1540
273,1541
152,1543
464,1547
171,1573
396,1574
219,1577
195,1583
291,1585
284,1597
59,1600
322,1608
217,1612
318,1618
52,1625
232,1627
145,1635
26,1639
388,1639
395,1645
111,1650
6,1659
438,1661
479,1661
455,1664
265,1672
359,1678
45,1679
241,1680
123,1687
142,1691
353,1692
33,1693
23,1696
238,1701
189,1707
146,1725
461,1737
41,1740
371,1763
271,1764
360,1765
335,1786
191,1794
342,1795
299,1802
376,1808
495,1827
229,1827
334,1827
49,1829
436,1834
225,1837
465,1852
147,1855
452,1858
46,1865
144,1866
400,1866
280,1871
115,1872
30,1877
288,1882
474,1920
246,1943
10,1974
326,1981
173,1986
198,2026
497,2042
2,2042
125,2067
79,2071
297,2082
9,2082
81,2083
295,2109
34,2114
374,2117
364,2119
138,2119
276,2129
314,2166
165,2203
69,2209
234,2211
421,2214
104,2228
498,2264
296,2265
260,2355
235,2384
71,2385
251,2394
456,2401
50,2401
391,2404
263,2415
139,2450
242,2501
467,2568
67,2575
227,2666
252,2676
193,2688
43,2692
375,2725
99,2751
243,2755
98,2968
172,2974
256,2975
354,3274
174,3276
372,3615
183,3617

simblock.block.ProofOfWorkBlock@7cd9469c:19
108,59
181,275
436,358
444,439
446,496
222,536
257,577
198,578
80,632
268,657
102,661
486,717
403,725
83,739
150,742
245,768
270,769
191,799
109,800
119,800
52,808
281,824
342,826
404,858
15,876
431,879
111,881
277,883
480,883
349,885
218,911
2,911
92,922
411,939
228,940
269,944
163,945
365,961
220,963
323,966
469,966
76,967
327,971
74,973
136,984
93,988
495,988
26,992
289,994
20,1017
398,1022
147,1024
298,1024
455,1027
90,1033
130,1043
249,1044
353,1045
447,1047
166,1047
370,1050
215,1050
42,1056
380,1058
421,1069
101,1083
28,1084
29,1092
317,1101
75,1102
126,1102
112,1104
194,1105
56,1105
497,1107
291,1107
37,1109
464,1113
385,1115
285,1126
60,1128
35,1129
416,1129
358,1131
468,1132
390,1133
234,1134
6,1134
244,1135
460,1136
415,1137
65,1138
448,1139
149,1144
170,1144
185,1150
78,1163
485,1165
412,1166
406,1169
361,1170
33,1180
87,1184
120,1186
59,1187
463,1188
442,1189
151,1191
355,1193
117,1194
106,1195
419,1195
338,1197
165,1197
379,1199
233,1202
8,1207
479,1208
424,1208
235,1209
462,1213
329,1214
384,1221
73,1221
49,1223
169,1224
63,1239
209,1244
141,1245
96,1249
239,1251
333,1259
307,1262
132,1263
347,1265
168,1268
123,1268
237,1269
258,1269
254,1271
470,1273
251,1279
192,1280
48,1281
177,1281
312,1286
14,1293
240,1294
128,1295
304,1296
367,1297
47,1300
387,1301
273,1303
386,1304
348,1307
175,1307
197,1309
164,1314
420,1314
57,1315
381,1316
351,1322
409,1324
426,1325
407,1325
70,1328
396,1328
316,1331
301,1334
238,1334
161,1340
247,1341
300,1342
32,1345
432,1349
72,1349
241,1350
435,1353
362,1354
131,1355
77,1357
134,1357
280,1362
325,1363
491,1363
5,1365
318,1367
186,1367
182,1367
100,1368
359,1372
143,1374
465,1380
62,1382
212,1384
438,1385
51,1385
216,1387
267,1388
262,1390
159,1390
472,1396
344,1398
176,1399
345,1399
402,1408
363,1410
286,1420
46,1428
225,1432
17,1432
313,1434
388,1436
331,1437
330,1439
320,1443
214,1443
148,1444
18,1444
292,1447
397,1448
434,1448
302,1450
457,1453
230,1458
99,1463
377,1467
405,1472
477,1472
410,1474
440,1475
24,1483
204,1484
496,1484
19,1485
478,1488
339,1488
352,1491
346,1493
187,1494
133,1496
178,1499
413,1502
490,1502
255,1508
275,1510
226,1511
160,1516
97,1520
427,1523
248,1526
107,1526
340,1528
265,1531
94,1534
308,1541
7,1543
211,1543
125,1544
11,1545
113,1546
95,1547
499,1549
157,1552
376,1553
443,1556
208,1557
350,1558
282,1560
129,1561
332,1563
471,1564
1,1570
401,1573
84,1576
25,1577
153,1581
144,1582
328,1609
487,1610
494,1613
483,1614
369,1617
274,1618
61,1619
114,1620
324,1632
174,1632
429,1636
433,1639
337,1640
22,1641
200,1644
188,1646
16,1648
473,1648
110,1653
156,1657
202,1660
295,1661
27,1664
326,1665
64,1665
445,1666
266,1668
392,1673
223,1674
205,1676
383,1691
303,1695
53,1696
466,1697
368,1705
278,1709
461,1710
158,1718
314,1719
417,1720
4,1721
162,1726
261,1729
276,1732
382,1733
196,1735
321,1735
488,1735
425,1739
210,1742
50,1746
454,1749
394,1753
66,1754
206,1755
173,1769
498,1780
252,1782
450,1793
118,1794
492,1797
81,1799
418,1799
259,1802
71,1810
430,1812
500,1813
360,1816
199,1823
13,1824
335,1826
23,1830
305,1834
414,1836
179,1839
309,1839
3,1842
306,1847
458,1849
79,1850
89,1852
395,1868
86,1872
124,1872
399,1873
85,1876
246,1881
154,1882
82,1886
481,1892
55,1893
475,1895
311,1900
453,1907
152,1914
213,1915
221,1921
299,1928
357,1929
135,1930
201,1930
116,1937
12,1938
260,1948
372,1950
482,1976
142,1977
334,1982
378,1983
54,1999
36,2010
21,2015
180,2016
122,2016
264,2020
121,2022
10,2030
364,2031
356,2046
207,2047
493,2049
105,2056
193,2060
39,2061
190,2069
408,2083
296,2085
30,2103
336,2105
34,2106
236,2106
437,2108
140,2124
250,2132
31,2138
297,2157
441,2157
58,2165
145,2177
389,2180
263,2181
290,2186
203,2188
167,2201
91,2225
343,2230
172,2232
371,2252
319,2252
253,2262
242,2264
229,2265
155,2288
393,2290
374,2293
272,2310
423,2351
279,2359
467,2399
103,2402
310,2410
294,2428
40,2432
44,2436
375,2438
43,2452
366,2462
428,2465
373,2468
315,2475
171,2497
217,2500
189,2512
139,2531
284,2541
489,2576
231,2589
391,2607
138,2607
287,2613
439,2641
146,2663
354,2665
183,2670
341,2686
127,2691
452,2700
104,2752
38,2769
283,2782
459,2790
41,2793
476,2814
227,2856
195,2912
232,2914
400,2919
293,2926
184,2960
137,2963
484,3004
67,3047
449,3076
322,3105
256,3110
288,3164
69,3168
45,3170
115,3408
271,3420
224,3437
456,3663
451,3848
243,4086
474,4335
98,4832

simblock.block.ProofOfWorkBlock@2959b97f:19
367,59
89,216
185,218
70,277
200,367
440,372
58,392
61,448
205,450
216,457
389,487
328,494
24,516
449,541
72,550
272,565
266,577
214,579
488,597
345,610
492,613
363,636
352,644
91,656
163,659
450,660
64,663
124,666
204,689
479,690
179,691
60,693
153,700
143,715
333,722
82,745
406,745
453,746
255,746
448,750
321,761
250,764
233,766
148,771
129,773
140,775
313,786
346,803
226,805
135,807
500,815
482,815
158,823
344,832
203,838
457,854
210,861
312,861
86,863
109,869
57,879
261,881
315,889
161,893
275,908
387,913
386,917
401,919
176,922
31,924
280,927
53,928
78,936
236,936
412,941
62,947
127,949
122,952
336,954
90,955
178,956
52,958
63,970
425,975
39,979
28,979
110,981
326,983
13,985
306,992
486,995
475,996
311,997
491,1002
105,1003
54,1013
427,1032
107,1039
307,1042
443,1044
460,1045
92,1046
225,1048
490,1050
435,1051
320,1055
8,1056
426,1060
419,1069
303,1071
22,1090
180,1097
159,1097
12,1098
405,1102
337,1105
409,1106
202,1109
396,1125
368,1127
398,1128
264,1130
480,1138
150,1150
196,1151
211,1155
85,1155
97,1158
410,1162
206,1163
495,1166
397,1166
420,1167
432,1167
310,1176
339,1183
7,1186
154,1210
1,1217
496,1223
478,1223
157,1227
33,1228
212,1233
120,1233
27,1235
428,1235
240,1246
350,1249
408,1250
424,1269
343,1270
494,1275
114,1282
190,1283
485,1285
399,1285
201,1292
141,1299
118,1299
309,1308
35,1308
131,1312
15,1327
366,1331
262,1337
123,1337
224,1338
16,1338
247,1339
164,1343
21,1355
74,1355
286,1371
253,1391
25,1393
18,1395
298,1399
489,1402
414,1402
431,1405
248,1413
301,1418
112,1440
305,1442
294,1448
463,1459
36,1459
274,1460
88,1463
325,1470
267,1471
285,1477
382,1478
268,1478
169,1483
121,1494
166,1507
56,1509
182,1531
229,1550
378,1552
384,1553
353,1563
51,1564
14,1570
151,1580
111,1594
411,1606
5,1612
459,1613
282,1614
43,1618
42,1628
241,1629
177,1630
116,1632
462,1646
47,1647
218,1649
404,1650
361,1654
83,1664
430,1673
244,1676
48,1678
220,1684
454,1690
355,1702
188,1703
37,1730
464,1732
186,1736
238,1744
376,1752
357,1759
381,1764
469,1778
329,1799
234,1800
192,1802
470,1815
191,1816
434,1818
133,1822
49,1824
249,1832
117,1838
273,1853
465,1859
269,1860
385,1872
256,1895
260,1904
418,1909
80,1910
146,1914
198,1915
19,1916
347,1933
101,1948
195,1964
258,1971
359,1975
316,1989
327,2007
65,2016
252,2034
438,2034
222,2043
380,2050
6,2052
289,2083
73,2087
391,2106
251,2118
299,2140
68,2142
69,2158
257,2161
342,2167
79,2188
50,2206
358,2216
364,2216
318,2223
189,2226
288,2247
468,2252
388,2259
71,2273
26,2289
452,2291
276,2302
9,2308
193,2318
374,2324
497,2332
423,2333
187,2340
296,2372
10,2373
119,2387
365,2394
372,2456
334,2480
46,2517
461,2519
284,2532
360,2546
219,2549
45,2549
446,2562
263,2586
142,2605
217,2621
223,2623
259,2638
456,2655
213,2681
32,2744
221,2804
139,2819
235,2820
207,2830
243,2854
335,2896
295,2898
290,2899
96,2915
466,2978
67,2982
370,2989
115,3003
38,3101
499,3129
474,3148
145,3197
394,3236
132,3257
351,3275
265,3398
125,3428
467,3434
81,3479
323,3522
300,3528
279,3534
338,3572
390,3792
126,3806
173,3817
183,3839
292,4052
75,4079
34,4092
59,4313
11,4343
227,4383
209,4571
308,4645
471,4881
417,4943
29,5055
3,5241
392,5542

simblock.block.ProofOfWorkBlock@73c059f2:20
455,59
323,276
280,360
244,444
37,494
11,528
285,578
429,583
497,619
257,662
342,663
35,667
191,700
251,726
97,746
301,749
75,752
434,782
317,802
249,807
396,810
486,836
56,837
149,837
365,885
15,886
14,888
222,893
362,910
49,919
237,921
359,921
415,926
479,952
302,962
468,968
182,970
379,972
436,978
463,978
32,989
187,1004
225,1009
469,1012
411,1018
63,1023
370,1030
46,1034
277,1035
150,1050
298,1053
325,1054
268,1056
5,1060
73,1064
215,1065
76,1069
300,1072
266,1074
18,1084
435,1095
470,1097
175,1099
337,1103
80,1105
47,1107
235,1113
112,1114
254,1116
134,1120
126,1132
153,1133
292,1137
238,1137
458,1140
281,1143
331,1144
147,1144
197,1147
159,1151
102,1152
388,1154
289,1162
131,1171
122,1177
349,1179
495,1186
213,1187
313,1188
464,1189
401,1189
245,1194
130,1195
333,1197
316,1199
117,1203
33,1214
228,1226
177,1229
132,1231
90,1235
471,1236
420,1239
54,1240
48,1243
218,1248
6,1248
328,1253
384,1256
485,1259
92,1260
151,1261
381,1264
353,1268
101,1274
404,1276
385,1277
110,1277
2,1277
65,1277
500,1278
116,1278
291,1280
239,1281
209,1281
96,1284
253,1287
382,1288
19,1289
192,1291
477,1296
52,1299
492,1303
338,1307
8,1309
494,1310
156,1311
74,1313
198,1313
406,1314
234,1316
141,1321
394,1325
460,1327
380,1328
120,1335
64,1338
119,1339
329,1339
59,1341
454,1342
278,1343
264,1347
157,1349
111,1350
326,1354
430,1355
248,1356
347,1356
398,1359
154,1364
220,1368
442,1368
427,1369
87,1370
355,1371
196,1372
431,1374
42,1376
114,1379
459,1380
144,1381
247,1383
449,1384
88,1388
118,1392
433,1394
358,1399
408,1399
445,1400
324,1402
208,1402
361,1404
258,1410
491,1411
170,1411
303,1414
366,1417
273,1420
421,1421
397,1421
13,1425
4,1427
393,1427
165,1428
330,1428
162,1431
321,1433
169,1438
62,1443
377,1444
487,1451
190,1452
17,1452
348,1454
376,1456
283,1457
89,1461
403,1464
444,1464
137,1465
201,1468
20,1469
28,1471
133,1478
22,1481
343,1484
236,1484
82,1484
439,1488
272,1489
462,1489
36,1490
383,1496
184,1497
438,1505
367,1517
416,1520
311,1530
129,1531
12,1534
446,1536
293,1537
211,1538
390,1539
475,1541
443,1545
351,1545
437,1547
402,1547
318,1548
135,1552
369,1552
44,1552
113,1556
417,1560
57,1561
488,1563
161,1568
240,1574
269,1577
426,1578
123,1579
407,1586
422,1588
148,1595
128,1597
473,1599
386,1601
482,1601
279,1614
399,1616
230,1618
203,1620
448,1625
440,1627
261,1631
51,1633
346,1633
231,1637
373,1638
95,1640
339,1641
294,1644
27,1648
418,1648
483,1649
327,1652
310,1655
425,1657
164,1658
309,1662
306,1662
216,1664
409,1664
229,1670
146,1670
109,1671
363,1673
341,1679
83,1680
410,1682
106,1688
199,1690
387,1691
91,1693
499,1706
344,1707
163,1712
274,1716
340,1719
305,1720
375,1721
286,1724
447,1726
24,1726
39,1731
30,1733
79,1734
108,1735
31,1738
145,1740
210,1740
308,1747
465,1754
450,1756
171,1760
205,1762
267,1768
72,1773
204,1773
185,1777
345,1779
255,1790
424,1794
172,1800
100,1801
40,1806
304,1808
21,1810
476,1812
107,1815
315,1823
93,1826
139,1827
461,1830
68,1834
125,1834
419,1836
166,1837
186,1839
55,1856
168,1857
262,1858
320,1866
173,1868
307,1870
50,1873
214,1880
176,1881
188,1882
94,1885
60,1889
405,1894
115,1898
457,1899
77,1909
138,1912
412,1913
246,1914
241,1916
312,1917
104,1917
227,1919
265,1920
480,1920
81,1926
392,1936
53,1939
275,1944
371,1944
71,1947
1,1948
319,1953
167,1954
276,1962
360,1968
356,1983
202,1989
484,1996
441,1997
221,1998
26,2002
29,2005
451,2021
282,2032
472,2039
85,2046
414,2056
299,2059
456,2060
124,2063
212,2065
155,2072
428,2074
183,2078
242,2084
297,2085
206,2090
352,2096
467,2098
453,2115
496,2115
256,2116
219,2119
432,2121
270,2132
136,2140
481,2147
86,2163
395,2164
43,2164
105,2164
66,2175
224,2179
372,2180
260,2189
99,2197
23,2198
158,2202
180,2206
493,2219
160,2246
84,2251
127,2268
58,2275
200,2280
3,2295
250,2306
391,2309
45,2315
284,2316
364,2322
490,2348
357,2349
174,2352
413,2367
232,2370
61,2382
295,2414
259,2422
478,2423
207,2445
143,2448
322,2451
252,2453
498,2455
7,2494
233,2518
350,2528
290,2544
217,2573
243,2591
41,2600
121,2600
152,2618
25,2627
179,2667
34,2670
142,2675
38,2697
189,2706
489,2708
336,2713
194,2780
140,2788
423,2791
103,2812
296,2840
368,2890
223,2909
452,2917
466,2927
378,2945
400,2953
389,3021
334,3038
354,3091
9,3109
78,3141
335,3158
70,3159
474,3166
10,3204
181,3260
226,3334
195,3344
193,3363
16,3401
263,3407
287,3512
332,3584
98,3594
178,3635
374,3824
288,3844
69,3943
314,4071
67,4099
271,4190

simblock.block.ProofOfWorkBlock@3dcd6bab:20
426,59
95,207
178,209
483,301
92,320
414,322
255,416
392,417
122,418
338,438
453,441
188,474
488,485
328,495
93,511
39,537
402,551
51,595
205,603
140,604
24,607
466,640
21,650
176,652
415,718
485,730
61,752
236,761
127,772
358,772
345,772
286,775
136,787
310,818
460,820
377,830
366,832
215,838
274,843
427,846
36,863
135,875
31,878
312,890
213,899
170,910
129,920
428,936
420,936
191,945
471,948
53,959
239,966
27,969
262,977
405,992
105,1002
175,1016
190,1017
113,1025
204,1026
337,1039
212,1059
78,1073
128,1084
475,1091
164,1101
17,1119
62,1121
52,1125
153,1132
458,1140
435,1158
382,1175
201,1179
7,1199
432,1215
198,1220
309,1256
381,1260
180,1281
59,1288
249,1301
237,1302
367,1312
202,1337
109,1350
468,1361
311,1368
292,1389
478,1398
137,1430
438,1444
347,1459
157,1460
102,1478
112,1490
97,1526
418,1539
56,1568
388,1607
434,1619
150,1648
177,1649
165,1659
181,1688
289,1710
291,1745
245,1777
281,1789
325,1806
378,1810
32,1821
394,1838
446,1851
141,1887
81,1932
108,1934
421,1956
269,1969
49,1976
47,1999
192,2009
104,2028
37,2067
167,2129
480,2168
2,2183
71,2230
334,2245
474,2251
384,2252
229,2255
264,2303
30,2311
359,2345
464,2354
119,2424
163,2482
145,2534
299,2543
375,2569
123,2601
259,2616
256,2640
387,2657
60,2831
276,2835
152,2839
45,2900
174,2941
270,3007
171,3125
372,3175
295,3250
43,3254
467,3283
297,3467
452,3502

simblock.block.ProofOfWorkBlock@675c2b30:20
214,59
345,216
200,219
44,273
153,317
89,375
248,387
78,390
352,431
270,483
24,495
94,507
413,509
91,545
216,552
482,564
402,601
307,605
66,623
190,658
466,661
338,717
351,719
159,722
176,773
124,777
218,793
319,830
493,835
449,892
280,898
185,956
111,963
365,1003
424,1073
258,1126
326,1135
342,1173
241,1300
90,1312
229,1352
198,1356
97,1475
96,1491
256,1635
498,1640
101,1649
209,1661
234,1831
142,1926
371,1933
219,2125
299,2209
81,2218
98,2409
259,2517
297,2756

simblock.block.ProofOfWorkBlock@45015a3b:21
259,59
335,413
139,570
456,725
99,729
223,847
97,971
271,985
9,993
125,1062
50,1115
81,1138
90,1194
371,1216
497,1219
263,1273
394,1276
341,1289
166,1304
434,1356
258,1359
322,1378
468,1379
452,1381
56,1390
474,1405
2,1408
219,1419
403,1437
115,1444
281,1460
379,1493
313,1495
80,1507
38,1507
469,1519
234,1519
331,1523
79,1531
217,1532
249,1532
111,1545
462,1546
225,1557
260,1561
246,1564
251,1566
174,1597
5,1602
480,1605
334,1606
269,1631
381,1631
237,1644
287,1645
291,1657
182,1657
436,1681
446,1685
144,1685
227,1689
486,1715
23,1721
198,1748
358,1749
150,1752
232,1752
280,1755
235,1764
108,1767
98,1768
301,1785
257,1785
191,1795
274,1796
396,1800
323,1800
194,1801
404,1808
458,1811
189,1812
218,1820
340,1824
385,1826
359,1853
26,1855
87,1855
180,1864
37,1867
378,1875
397,1887
49,1887
241,1889
284,1899
290,1911
33,1911
429,1912
332,1916
400,1926
68,1926
134,1935
479,1941
376,1947
162,1949
445,1951
465,1954
402,1959
130,1961
498,1961
197,1972
483,1973
392,1975
455,1977
299,1987
146,1994
482,1999
47,2004
76,2004
132,2013
242,2014
101,2014
464,2025
122,2029
240,2037
399,2039
261,2041
349,2043
181,2050
416,2068
245,2068
145,2080
75,2081
277,2082
444,2083
449,2097
16,2099
172,2100
67,2100
170,2114
109,2122
154,2122
19,2135
316,2146
470,2150
70,2150
440,2151
420,2152
336,2153
368,2155
141,2156
14,2161
463,2162
120,2168
318,2173
214,2177
285,2188
443,2189
317,2203
256,2209
36,2209
310,2214
466,2217
52,2220
282,2227
117,2231
17,2232
40,2237
169,2237
58,2239
330,2243
289,2248
83,2248
423,2250
391,2258
390,2271
140,2274
288,2277
59,2278
325,2280
244,2280
114,2284
300,2289
43,2290
193,2293
202,2298
133,2324
196,2329
143,2330
342,2334
60,2346
283,2348
11,2350
192,2354
89,2355
495,2356
321,2374
411,2383
66,2385
447,2393
355,2393
243,2394
451,2396
199,2401
135,2402
347,2408
113,2409
91,2411
152,2411
380,2412
293,2417
156,2418
65,2424
415,2425
57,2426
388,2439
345,2448
102,2448
344,2462
481,2468
372,2493
215,2498
183,2501
366,2505
326,2506
31,2507
24,2508
20,2510
230,2512
491,2524
21,2531
305,2534
106,2539
365,2541
375,2542
165,2545
421,2547
382,2562
222,2570
224,2576
195,2577
476,2583
475,2589
354,2589
85,2590
103,2595
116,2596
457,2598
51,2604
461,2609
386,2618
268,2618
175,2621
46,2631
228,2633
460,2637
7,2637
207,2643
492,2647
104,2649
428,2656
327,2670
362,2671
430,2679
265,2680
328,2689
377,2690
319,2697
438,2700
149,2707
63,2709
61,2712
12,2723
161,2724
267,2761
398,2766
426,2766
69,2777
77,2781
472,2781
422,2795
343,2799
442,2799
209,2806
157,2811
15,2813
147,2814
383,2814
270,2818
177,2829
173,2834
432,2849
324,2855
296,2862
393,2867
212,2871
27,2871
353,2883
298,2883
384,2887
41,2891
478,2893
35,2899
351,2905
151,2916
489,2958
266,2976
297,2978
278,2985
164,2987
312,2999
205,3000
188,3004
236,3011
389,3013
485,3015
239,3021
208,3023
159,3026
364,3033
29,3051
187,3057
110,3061
238,3061
292,3067
88,3068
119,3071
112,3072
333,3074
138,3094
408,3102
25,3104
279,3110
295,3121
373,3130
167,3133
127,3138
247,3143
216,3153
123,3164
467,3172
6,3178
320,3190
294,3197
213,3202
28,3227
84,3231
329,3237
184,3265
459,3278
171,3281
233,3302
121,3304
500,3310
262,3311
363,3320
450,3328
48,3338
424,3343
3,3344
350,3357
454,3371
367,3373
92,3374
493,3379
427,3380
160,3402
95,3403
53,3441
477,3465
425,3482
94,3494
155,3497
433,3527
253,3546
417,3576
55,3577
272,3581
221,3588
431,3598
74,3601
412,3601
200,3603
158,3617
374,3619
153,3623
226,3625
168,3626
86,3662
82,3669
62,3671
100,3678
136,3694
352,3715
437,3763
494,3796
128,3823
337,3829
370,3860
142,3868
210,3876
10,3892
315,3895
30,3923
179,3923
22,3927
54,3930
401,3951
211,3961
488,3970
405,3982
8,4036
302,4045
206,4060
314,4120
204,4158
346,4161
496,4177
307,4198
339,4224
13,4226
185,4227
275,4253
96,4258
439,4270
308,4278
178,4371
148,4396
163,4457
176,4500
73,4519
78,4524
406,4526
250,4528
190,4542
356,4567
264,4628
137,4672
387,4761
311,4804
107,4830
499,4869
309,4876
413,4970
44,4979
357,5066
118,5105
304,5166
395,5219
124,5227
72,5328
471,5364
487,5407
338,5464
448,5583
1,5666
186,5682
93,5704
252,5851
18,5965
490,6010
407,6035

simblock.block.ProofOfWorkBlock@639f5490:21
425,59
91,214
412,280
239,349
206,363
84,407
399,420
16,429
226,478
345,479
267,490
61,504
319,512
337,537
176,548
350,563
194,566
427,569
352,579
213,584
157,594
18,606
153,620
64,625
435,627
336,628
63,630
294,637
491,642
451,645
289,649
205,652
137,653
203,665
24,668
93,678
164,684
233,686
230,688
161,693
333,694
12,700
212,701
1,702
70,708
311,717
408,718
36,721
428,724
413,725
275,728
440,733
439,745
29,747
185,747
85,750
253,754
160,758
3,759
88,765
113,768
324,770
367,775
58,778
148,779
270,779
250,780
278,787
57,789
478,790
430,792
494,792
179,794
450,798
406,800
155,801
129,802
484,805
405,806
110,807
202,812
180,813
53,815
116,821
462,826
21,826
302,828
357,828
328,831
170,832
330,834
204,834
496,836
266,836
441,837
196,838
419,838
231,838
135,840
410,842
89,845
27,846
307,846
25,850
443,851
447,851
373,851
340,852
476,854
401,856
167,859
94,860
457,863
211,867
310,869
436,870
31,872
433,873
320,877
168,883
13,883
426,888
184,888
128,890
156,890
274,891
210,894
95,897
283,898
28,899
415,899
414,901
499,902
163,903
493,903
437,905
162,907
77,910
500,910
199,913
44,914
78,915
8,916
82,916
124,919
483,921
344,924
445,928
279,929
107,931
286,931
236,936
72,937
321,940
190,941
136,945
458,946
127,946
356,947
475,951
471,954
282,955
460,956
407,957
4,958
214,958
208,959
386,960
154,961
492,962
49,962
312,972
62,973
387,973
355,978
201,979
264,980
488,980
216,981
420,983
272,985
454,985
224,986
339,986
103,987
449,988
366,993
40,995
306,997
39,999
19,1001
22,1002
140,1002
377,1006
459,1007
393,1007
293,1008
143,1010
369,1010
303,1013
348,1013
351,1014
368,1015
105,1016
473,1021
55,1022
453,1026
472,1026
60,1027
262,1027
346,1029
86,1033
118,1034
308,1034
178,1036
417,1036
315,1038
277,1046
121,1047
255,1048
485,1048
448,1053
117,1055
66,1056
7,1060
5,1060
83,1061
133,1062
363,1063
343,1065
411,1067
122,1069
15,1071
392,1071
442,1072
402,1072
100,1073
305,1083
489,1090
261,1090
92,1091
487,1092
108,1093
429,1094
389,1101
332,1101
466,1108
158,1110
130,1111
291,1117
65,1118
304,1120
52,1122
338,1124
54,1126
159,1127
309,1129
126,1130
200,1146
409,1146
119,1146
198,1148
169,1149
6,1155
422,1167
432,1172
80,1177
102,1180
398,1184
482,1186
248,1186
465,1188
281,1189
149,1193
222,1200
490,1203
186,1207
361,1210
468,1213
228,1222
380,1225
48,1226
33,1227
37,1233
166,1233
365,1234
331,1234
134,1237
75,1238
220,1239
349,1239
438,1240
301,1242
326,1243
197,1245
51,1245
56,1246
14,1250
287,1254
111,1258
42,1263
269,1271
90,1273
47,1276
325,1280
480,1286
280,1288
423,1288
2,1290
390,1292
151,1293
245,1295
147,1302
477,1303
446,1303
209,1305
273,1305
247,1316
455,1319
218,1320
456,1321
59,1322
123,1323
404,1329
431,1338
244,1338
20,1338
327,1341
144,1342
394,1345
379,1346
87,1349
416,1361
101,1363
131,1365
285,1374
347,1378
403,1384
11,1395
486,1398
225,1409
317,1410
238,1411
109,1412
298,1415
382,1416
251,1430
318,1432
381,1436
463,1440
235,1444
237,1457
120,1468
388,1471
74,1473
396,1475
292,1478
187,1478
249,1484
112,1492
391,1497
217,1501
240,1510
182,1512
38,1518
374,1522
125,1523
142,1523
259,1528
434,1528
171,1534
354,1536
32,1537
360,1543
470,1549
364,1556
271,1557
397,1565
464,1567
384,1574
362,1580
254,1581
73,1581
69,1584
34,1585
227,1585
418,1586
299,1587
106,1589
150,1590
46,1609
41,1620
296,1632
114,1647
141,1651
215,1661
452,1668
23,1673
192,1684
323,1696
50,1701
358,1704
385,1707
177,1723
378,1729
115,1733
479,1735
241,1745
132,1747
43,1752
17,1756
276,1757
370,1758
469,1762
329,1779
26,1784
290,1792
242,1794
395,1803
260,1810
99,1821
76,1826
188,1827
375,1838
313,1849
229,1867
314,1871
104,1872
268,1883
146,1900
175,1905
424,1927
495,1929
181,1933
97,1934
359,1938
481,1946
96,1952
9,1957
172,1970
372,1975
139,1981
68,1989
263,2019
79,2020
252,2027
67,2028
353,2052
497,2065
300,2081
232,2097
335,2097
295,2099
183,2104
383,2117
256,2152
234,2164
165,2166
45,2198
174,2199
243,2212
322,2220
207,2230
257,2238
342,2251
152,2254
284,2268
376,2365
297,2367
288,2367
195,2376
371,2391
421,2395
246,2434
461,2453
35,2470
341,2482
191,2508
193,2509
444,2535
258,2584
316,2712
334,2718
189,2764
498,2796
138,2849
145,2866
98,3001
71,3077
223,3099
30,3133
219,3154
173,3345
81,3356
221,3499
400,3642
474,3726
10,3935
467,4070
265,4234

simblock.block.ProofOfWorkBlock@4689e739:22
361,59
269,282
404,365
131,448
130,498
438,548
465,580
222,591
403,664
479,668
101,675
32,716
488,727
291,750
159,752
411,773
247,786
380,798
362,802
37,812
228,837
300,837
166,859
281,868
165,881
132,881
344,882
19,890
398,898
59,899
93,903
381,907
182,920
75,936
255,939
134,953
468,963
385,963
238,966
257,973
245,980
289,981
379,990
15,991
178,995
150,997
215,1002
17,1006
392,1011
365,1018
47,1020
439,1032
492,1039
249,1046
2,1046
431,1047
480,1048
28,1052
415,1054
329,1054
177,1056
49,1063
108,1065
151,1074
237,1081
24,1088
489,1089
414,1090
73,1090
35,1091
429,1101
123,1102
418,1103
331,1109
453,1109
239,1119
292,1120
5,1128
52,1129
463,1129
323,1134
119,1136
33,1137
486,1138
350,1141
114,1145
495,1146
320,1146
235,1146
140,1148
279,1151
317,1156
388,1159
21,1160
111,1163
190,1170
206,1171
358,1175
333,1176
191,1181
144,1184
337,1185
86,1186
187,1187
321,1189
18,1190
106,1191
298,1198
436,1202
122,1205
266,1205
287,1205
421,1206
63,1206
370,1206
80,1207
497,1207
251,1210
46,1210
460,1211
121,1214
204,1216
353,1218
469,1218
192,1218
462,1218
209,1223
397,1226
97,1227
366,1230
240,1240
169,1240
254,1241
22,1242
211,1243
250,1245
312,1245
197,1247
253,1251
327,1251
148,1257
470,1257
205,1263
105,1264
110,1267
273,1267
147,1268
112,1268
42,1274
117,1275
185,1280
342,1284
285,1285
424,1291
56,1292
347,1292
102,1293
446,1295
270,1298
100,1300
384,1302
303,1303
6,1304
176,1304
109,1304
14,1313
396,1313
280,1313
437,1315
435,1320
135,1320
163,1321
51,1321
325,1323
402,1325
355,1329
241,1330
244,1332
420,1333
27,1335
275,1338
457,1338
447,1341
85,1344
156,1345
419,1349
301,1352
394,1353
83,1357
278,1359
20,1362
393,1367
70,1368
196,1368
181,1370
175,1374
74,1376
442,1376
88,1378
282,1379
90,1379
126,1380
218,1381
141,1382
500,1383
120,1383
198,1386
26,1386
376,1387
77,1389
92,1395
118,1397
268,1398
416,1399
103,1400
39,1400
220,1403
386,1406
225,1412
349,1413
343,1416
401,1418
310,1419
409,1424
294,1424
359,1432
444,1434
201,1439
390,1439
348,1441
248,1442
157,1447
40,1449
407,1450
234,1450
87,1450
267,1451
451,1453
313,1456
277,1460
258,1462
116,1463
433,1469
430,1471
170,1473
316,1474
54,1477
8,1488
339,1490
48,1491
410,1491
69,1494
490,1498
338,1500
82,1505
399,1506
413,1512
84,1512
326,1518
434,1520
65,1520
78,1521
367,1523
455,1534
383,1535
58,1536
484,1543
471,1552
477,1553
227,1556
133,1556
475,1557
162,1558
64,1558
236,1564
4,1572
160,1575
464,1577
309,1580
351,1580
428,1583
328,1587
478,1589
180,1590
149,1592
230,1594
382,1621
168,1624
496,1626
45,1628
499,1636
1,1637
13,1639
494,1640
142,1644
91,1647
422,1648
61,1649
491,1652
318,1652
308,1656
448,1656
461,1660
57,1662
345,1664
11,1670
377,1672
212,1682
417,1686
7,1688
94,1690
242,1691
293,1695
373,1698
194,1698
340,1704
472,1712
214,1721
188,1724
96,1727
107,1728
154,1731
231,1732
352,1732
199,1732
426,1738
261,1739
115,1739
43,1740
482,1748
203,1748
334,1751
295,1755
330,1759
167,1763
155,1763
207,1777
137,1785
265,1802
305,1812
36,1813
274,1815
498,1817
395,1817
406,1822
450,1824
493,1828
158,1829
226,1830
76,1831
304,1835
50,1835
306,1842
276,1844
200,1846
25,1851
23,1852
246,1862
459,1862
202,1864
217,1869
216,1872
467,1873
307,1874
3,1883
68,1883
71,1887
363,1891
129,1900
128,1904
456,1907
425,1910
213,1912
485,1912
164,1913
311,1913
458,1923
153,1924
161,1930
483,1933
356,1938
41,1941
183,1946
55,1961
324,1961
81,1972
360,1979
256,1981
449,1986
487,1995
408,1998
16,2002
357,2002
124,2003
474,2004
443,2004
272,2008
232,2011
189,2017
260,2024
427,2029
210,2042
145,2049
233,2052
387,2052
224,2057
302,2066
66,2084
319,2089
184,2091
113,2092
271,2099
445,2101
44,2107
186,2109
473,2116
400,2122
372,2123
223,2130
405,2137
481,2148
375,2160
9,2161
466,2171
104,2180
336,2183
432,2183
127,2185
146,2186
423,2208
99,2208
389,2216
72,2217
412,2231
62,2239
452,2251
125,2259
262,2263
368,2265
332,2277
369,2282
454,2294
79,2312
179,2326
371,2333
476,2356
136,2363
346,2366
221,2380
152,2410
53,2417
354,2423
171,2430
30,2434
315,2438
288,2443
299,2462
229,2467
29,2468
259,2483
290,2490
34,2501
374,2502
335,2509
143,2514
12,2534
441,2559
89,2591
297,2625
263,2632
283,2647
219,2673
252,2675
440,2688
172,2692
67,2700
391,2711
284,2738
174,2757
38,2759
60,2771
364,2811
95,2862
193,2874
243,2893
173,2920
208,2947
195,2953
138,3000
31,3036
98,3061
286,3120
378,3141
341,3248
264,3298
139,3298
296,3320
10,3563
322,3811
314,4061

simblock.block.ProofOfWorkBlock@4003b29b:23
238,59
291,278
384,362
362,444
431,497
218,579
292,583
283,619
269,665
383,665
465,685
235,721
281,748
438,756
483,772
73,779
441,795
209,804
14,805
277,813
300,831
204,832
463,849
365,864
20,883
403,883
444,887
253,888
132,889
151,901
479,902
387,919
331,928
347,934
222,940
7,944
427,950
326,965
429,966
215,969
301,970
228,972
1,975
476,978
409,981
144,982
19,986
90,986
134,990
37,996
39,1005
66,1006
318,1010
46,1017
26,1025
353,1030
495,1032
457,1039
376,1049
187,1052
96,1052
130,1056
149,1059
273,1064
257,1068
268,1071
13,1071
349,1073
247,1074
266,1078
298,1080
5,1093
262,1096
285,1098
433,1098
160,1098
459,1100
25,1101
141,1103
385,1107
83,1108
251,1115
370,1118
411,1121
12,1127
398,1127
75,1131
158,1137
287,1141
56,1146
35,1147
240,1148
267,1151
212,1151
473,1152
107,1152
487,1154
178,1155
316,1155
162,1156
24,1157
118,1158
270,1160
361,1161
140,1161
325,1164
84,1172
198,1179
168,1183
111,1184
470,1188
120,1189
396,1190
450,1191
165,1193
108,1193
167,1193
119,1193
490,1195
289,1196
180,1197
42,1197
101,1197
220,1205
278,1208
59,1211
211,1212
332,1212
128,1214
155,1214
100,1215
358,1215
399,1216
303,1218
203,1219
192,1219
224,1227
435,1228
416,1230
407,1232
166,1236
496,1240
53,1241
245,1241
355,1242
97,1242
52,1245
157,1249
340,1250
60,1253
250,1255
346,1256
216,1265
248,1265
254,1266
327,1267
351,1268
86,1270
397,1270
402,1271
337,1271
342,1274
414,1274
440,1276
94,1276
76,1277
469,1279
410,1279
480,1279
468,1281
261,1282
321,1283
280,1284
436,1284
443,1287
2,1288
424,1290
499,1293
497,1293
405,1297
363,1302
131,1302
328,1304
315,1305
200,1305
3,1306
88,1307
213,1309
205,1309
419,1314
78,1314
121,1314
491,1317
156,1318
394,1320
27,1320
381,1321
233,1322
82,1326
293,1326
206,1328
390,1329
482,1332
126,1334
116,1334
8,1337
352,1338
489,1338
226,1338
415,1339
294,1348
379,1349
150,1350
106,1354
199,1355
182,1358
408,1359
102,1360
112,1362
486,1363
234,1364
170,1364
494,1366
488,1367
244,1368
32,1369
462,1370
446,1371
380,1371
93,1372
64,1374
249,1377
40,1377
460,1379
103,1382
85,1383
175,1383
15,1383
230,1385
33,1385
432,1386
61,1389
466,1391
63,1396
148,1397
62,1399
286,1403
274,1404
95,1405
47,1411
464,1416
356,1417
48,1421
133,1422
339,1425
91,1425
320,1426
422,1428
137,1428
312,1430
401,1432
127,1434
105,1439
163,1439
11,1443
317,1444
74,1445
44,1446
197,1449
109,1451
484,1451
22,1458
241,1458
430,1459
70,1461
6,1467
161,1469
458,1470
49,1471
374,1473
307,1474
181,1484
309,1495
147,1499
169,1503
123,1503
366,1503
89,1505
449,1507
404,1507
87,1510
18,1512
323,1524
114,1525
417,1536
225,1542
179,1544
313,1546
77,1547
17,1556
302,1557
406,1561
113,1564
28,1565
186,1567
442,1569
338,1581
239,1581
500,1584
279,1587
195,1595
58,1596
428,1597
191,1598
110,1599
229,1603
447,1603
492,1604
4,1612
389,1617
359,1617
72,1619
471,1621
272,1621
122,1627
80,1627
136,1632
455,1634
282,1637
377,1644
434,1654
439,1669
388,1677
386,1678
21,1678
36,1681
50,1686
129,1693
421,1694
382,1694
345,1711
413,1712
275,1716
217,1722
425,1723
68,1727
171,1728
474,1731
176,1736
159,1740
314,1740
173,1743
481,1744
311,1745
333,1745
420,1745
265,1748
214,1756
475,1759
330,1760
344,1761
367,1774
31,1776
54,1776
43,1778
478,1794
55,1795
304,1798
138,1799
375,1800
305,1801
196,1809
255,1813
423,1816
360,1835
201,1844
258,1850
237,1855
445,1858
177,1863
392,1866
334,1867
264,1867
324,1875
174,1881
202,1889
164,1895
117,1898
219,1907
139,1911
319,1914
297,1916
256,1918
418,1920
412,1925
448,1927
154,1927
485,1935
348,1937
190,1937
335,1938
188,1940
357,1950
29,1951
246,1953
104,1966
368,1972
437,1972
493,1983
207,1984
306,1987
142,2000
193,2013
373,2019
65,2032
393,2045
115,2048
284,2050
271,2050
79,2052
329,2054
71,2063
146,2068
260,2085
472,2090
16,2098
369,2106
145,2109
38,2118
124,2119
69,2125
454,2130
343,2133
400,2136
34,2144
350,2145
354,2146
125,2149
451,2152
310,2159
477,2161
322,2210
290,2230
223,2247
185,2268
210,2279
41,2298
23,2299
99,2300
336,2308
143,2309
57,2321
172,2322
135,2329
372,2331
92,2335
152,2342
461,2352
98,2373
243,2373
395,2384
189,2408
153,2452
236,2482
498,2494
263,2497
208,2498
184,2510
453,2510
299,2548
296,2570
232,2572
183,2592
378,2622
252,2623
426,2626
452,2627
51,2656
10,2657
194,2683
231,2685
45,2703
391,2796
30,2818
276,2824
259,2829
308,2865
364,2873
295,2899
341,2933
456,2953
221,3082
467,3120
9,3123
242,3150
67,3181
81,3369
371,3377
288,3399
227,3627

simblock.block.ProofOfWorkBlock@3d009d0f:24
350,59
179,216
352,286
406,344
236,372
440,401
86,428
489,434
475,486
239,489
200,492
95,498
430,520
328,545
124,548
377,550
490,553
91,555
303,576
7,579
60,588
448,604
278,610
213,613
70,627
499,634
61,639
116,642
454,645
357,646
24,646
21,650
449,665
153,667
307,671
88,676
266,689
308,692
471,693
185,696
22,699
261,699
414,700
51,701
346,703
417,704
214,706
77,707
411,717
405,718
39,726
286,729
460,730
82,730
161,743
54,745
363,749
306,753
84,756
482,756
412,756
36,757
338,758
425,760
157,761
121,762
450,764
437,764
216,766
122,773
28,775
63,783
441,787
188,787
62,787
367,787
128,792
493,794
129,794
72,794
451,801
29,802
366,804
337,806
89,811
110,812
78,813
274,813
491,813
473,816
339,820
57,820
422,821
92,821
309,822
321,825
428,829
186,829
53,831
162,833
495,836
210,840
386,842
100,843
387,844
315,846
167,846
212,847
94,848
250,850
311,850
255,851
351,853
137,855
432,855
194,856
389,858
13,858
393,859
66,860
305,862
399,865
253,869
457,870
158,871
343,871
500,876
485,877
184,878
312,878
272,879
160,879
476,879
324,880
369,884
310,885
64,885
426,888
438,890
55,894
27,897
415,898
8,899
199,903
16,903
103,904
1,905
231,905
408,906
170,908
264,909
148,909
478,909
12,909
127,909
201,910
336,912
196,912
344,913
484,913
248,913
356,913
279,913
107,914
472,915
202,915
211,916
332,918
333,919
190,919
477,919
413,919
496,925
401,926
433,927
163,929
203,934
445,935
407,935
205,935
233,936
25,939
483,940
135,941
164,943
155,943
404,945
439,949
409,950
453,950
178,951
156,951
492,954
154,955
208,959
113,964
275,964
270,969
345,970
443,970
267,970
118,970
319,970
494,972
44,973
168,973
330,975
4,975
304,976
293,976
287,976
355,981
159,984
420,984
373,985
282,986
458,992
226,992
204,993
206,993
302,995
40,1000
31,1002
85,1008
466,1010
97,1012
410,1012
224,1013
283,1013
3,1017
340,1018
230,1020
176,1026
136,1026
427,1027
379,1028
459,1029
488,1029
262,1030
294,1034
105,1036
133,1037
402,1040
220,1042
435,1042
392,1044
140,1052
447,1057
257,1060
58,1061
487,1073
368,1076
117,1076
181,1086
361,1088
348,1088
384,1097
93,1099
247,1115
2,1116
419,1118
141,1120
18,1125
119,1130
320,1130
465,1135
56,1140
76,1147
169,1153
424,1155
326,1162
114,1166
143,1174
209,1177
382,1182
166,1185
277,1188
180,1188
120,1189
109,1192
418,1193
144,1196
17,1196
317,1199
390,1199
358,1200
134,1201
301,1204
388,1205
150,1206
111,1207
83,1208
365,1208
75,1211
327,1212
35,1219
234,1220
268,1223
182,1226
470,1229
362,1231
376,1232
175,1244
6,1245
396,1246
132,1249
102,1250
130,1252
281,1254
33,1256
381,1258
251,1260
254,1265
238,1268
486,1268
269,1268
198,1278
37,1288
325,1289
235,1299
434,1301
370,1309
442,1310
416,1316
20,1316
403,1324
395,1327
215,1329
126,1335
193,1344
342,1344
479,1347
240,1347
80,1350
123,1356
380,1358
49,1361
149,1363
249,1370
446,1370
147,1370
245,1374
349,1376
87,1376
90,1376
108,1381
43,1382
23,1383
469,1384
298,1385
165,1386
463,1388
192,1391
32,1399
14,1403
444,1417
383,1422
398,1427
5,1429
101,1434
222,1435
241,1439
142,1439
280,1443
15,1448
106,1465
151,1470
359,1471
73,1483
431,1486
260,1498
207,1503
313,1513
225,1522
273,1525
217,1528
353,1535
152,1539
45,1541
19,1543
455,1554
59,1560
498,1560
291,1562
177,1563
65,1563
258,1565
197,1570
341,1570
223,1578
228,1591
138,1593
462,1594
290,1597
189,1599
41,1602
378,1602
26,1604
481,1611
112,1611
34,1615
187,1616
131,1618
323,1619
227,1620
400,1629
79,1632
364,1638
292,1642
237,1646
334,1659
474,1665
71,1670
296,1682
74,1685
232,1686
295,1701
52,1704
314,1719
229,1719
372,1720
436,1725
297,1726
47,1733
318,1736
497,1738
289,1743
397,1763
464,1764
271,1769
468,1782
191,1790
429,1790
10,1791
331,1794
374,1810
452,1820
30,1846
385,1862
99,1871
48,1874
68,1884
172,1891
300,1897
480,1907
174,1910
329,1913
242,1914
96,1914
322,1914
456,1933
285,1939
244,1976
299,2007
115,2010
67,2018
316,2032
81,2053
11,2066
252,2069
394,2079
218,2084
46,2090
391,2097
421,2114
461,2117
98,2132
173,2136
284,2162
335,2168
423,2217
69,2256
42,2259
347,2267
146,2273
371,2300
145,2315
263,2349
125,2355
171,2365
104,2376
246,2396
375,2438
139,2453
219,2554
50,2554
259,2615
276,2639
360,2661
288,2690
38,2737
221,2837
256,2839
243,2996
195,3020
354,3136
467,3179
9,3306
183,3475
265,3607

simblock.block.ProofOfWorkBlock@344251bc:25
45,59
169,693
42,918
431,951
241,1008
175,1092
325,1134
90,1165
342,1173
388,1210
109,1220
166,1230
497,1261
281,1262
268,1301
434,1315
151,1345
123,1353
73,1353
403,1385
144,1386
15,1395
289,1399
235,1427
65,1434
35,1436
47,1437
52,1440
404,1451
49,1461
48,1473
436,1476
234,1479
141,1482
326,1485
468,1497
158,1501
277,1509
240,1515
75,1516
301,1519
382,1520
257,1523
111,1536
244,1557
329,1560
97,1561
273,1567
411,1567
380,1570
215,1571
323,1579
218,1581
5,1591
470,1598
327,1603
165,1605
298,1610
6,1613
159,1617
225,1632
331,1648
14,1652
384,1654
409,1655
480,1656
130,1657
87,1658
486,1662
317,1665
361,1677
291,1679
269,1686
315,1690
220,1697
414,1697
80,1698
386,1698
46,1705
351,1712
119,1715
197,1717
285,1723
365,1723
222,1731
379,1735
413,1736
19,1736
33,1737
39,1738
421,1740
340,1744
416,1745
202,1750
362,1750
76,1755
258,1758
459,1768
251,1768
319,1771
74,1773
150,1777
228,1780
464,1781
56,1781
383,1787
355,1789
442,1790
131,1791
182,1792
236,1795
20,1796
359,1798
2,1798
353,1805
17,1805
13,1808
96,1815
280,1818
126,1821
107,1822
106,1824
381,1828
318,1831
358,1832
177,1835
117,1837
394,1837
114,1846
313,1852
8,1853
110,1854
385,1859
418,1863
419,1864
216,1866
247,1867
462,1869
94,1870
478,1872
209,1874
473,1875
89,1878
238,1878
108,1882
198,1888
237,1891
401,1892
191,1893
370,1893
303,1898
149,1900
132,1902
187,1905
463,1905
349,1911
311,1913
457,1914
377,1916
482,1918
300,1918
438,1918
147,1919
163,1920
26,1924
487,1926
433,1934
24,1939
446,1940
127,1944
121,1946
134,1947
18,1948
54,1949
101,1950
205,1953
460,1955
254,1956
425,1957
61,1957
203,1957
245,1963
102,1966
424,1971
112,1972
37,1972
70,1973
429,1974
494,1977
278,1978
344,1979
255,1982
495,1987
397,1987
347,1992
160,1993
396,1993
32,1999
444,2000
465,2007
212,2013
230,2014
261,2014
59,2020
192,2026
339,2029
83,2032
399,2035
253,2039
77,2042
398,2045
99,2045
402,2047
53,2052
489,2053
274,2054
428,2059
7,2059
4,2060
310,2062
31,2062
179,2065
270,2069
292,2072
469,2076
103,2076
58,2077
500,2077
286,2083
479,2084
366,2087
22,2090
136,2093
156,2095
176,2102
148,2102
387,2105
170,2107
458,2108
82,2109
466,2110
199,2115
178,2116
162,2116
330,2121
345,2122
200,2122
1,2126
224,2130
213,2131
161,2131
477,2133
407,2133
445,2135
483,2143
488,2143
447,2146
72,2151
206,2152
3,2152
249,2154
451,2156
133,2156
346,2158
432,2158
389,2159
455,2160
376,2161
66,2162
196,2164
316,2171
88,2172
60,2173
439,2178
350,2185
129,2187
93,2192
181,2198
276,2201
157,2206
12,2207
492,2221
440,2228
348,2231
493,2237
307,2237
352,2238
68,2241
405,2243
62,2243
11,2243
454,2247
180,2252
390,2253
415,2256
368,2261
275,2278
297,2279
449,2282
168,2283
243,2285
264,2286
435,2290
152,2291
64,2291
296,2293
356,2293
154,2296
363,2297
128,2298
491,2300
210,2303
410,2304
211,2314
120,2317
190,2318
194,2319
422,2323
57,2325
25,2326
266,2327
406,2332
443,2332
135,2332
242,2335
427,2340
320,2340
231,2344
324,2346
312,2347
484,2352
336,2368
193,2372
357,2380
337,2384
69,2396
304,2397
423,2398
184,2404
229,2406
475,2408
400,2409
250,2412
272,2416
55,2417
153,2417
293,2420
294,2421
282,2427
496,2434
378,2442
265,2448
450,2461
124,2461
474,2463
85,2470
214,2474
271,2477
204,2477
248,2478
113,2479
283,2490
332,2491
100,2492
279,2492
267,2496
155,2500
71,2511
9,2511
306,2515
472,2517
430,2520
467,2522
16,2524
476,2525
260,2527
375,2532
299,2536
41,2536
391,2537
23,2539
441,2540
27,2557
167,2560
138,2567
369,2572
104,2581
78,2584
452,2585
408,2593
302,2595
338,2597
105,2602
137,2615
471,2617
195,2617
499,2634
321,2634
305,2647
412,2651
115,2651
63,2652
21,2665
140,2670
485,2670
262,2672
333,2675
116,2693
360,2699
145,2700
437,2703
146,2705
374,2723
143,2742
189,2768
219,2768
186,2770
122,2773
371,2776
28,2778
341,2780
246,2785
207,2788
490,2790
50,2792
295,2795
91,2802
183,2805
84,2808
395,2809
426,2829
481,2832
118,2834
185,2843
79,2847
498,2849
308,2850
373,2877
372,2891
223,2894
256,2902
208,2915
263,2921
417,2949
38,2953
232,2958
239,2964
420,2978
393,2981
287,3010
334,3018
217,3024
40,3027
174,3046
98,3053
335,3055
43,3057
392,3062
288,3081
343,3089
259,3095
188,3121
164,3139
461,3150
328,3163
227,3206
92,3207
34,3226
233,3247
173,3257
367,3277
284,3308
314,3312
226,3337
142,3353
86,3384
290,3390
201,3423
36,3473
30,3475
221,3505
95,3515
456,3538
322,3561
448,3562
67,3566
309,3598
125,3723
171,3759
81,3793
354,3805
172,3814
51,3826
252,3961
364,4008
29,4174
10,4212
139,4468
453,4531
44,4879

simblock.block.ProofOfWorkBlock@5228f1c8:26
94,59
368,214
107,275
155,337
211,363
308,394
315,428
282,459
204,485
305,493
345,512
53,515
405,515
472,543
278,550
135,559
205,569
214,573
201,574
31,577
39,600
410,608
262,609
233,621
16,631
103,633
110,634
457,635
143,636
338,647
475,658
176,662
448,662
419,668
170,672
459,672
157,678
352,690
60,691
386,693
283,693
1,696
190,704
330,711
441,712
357,714
303,717
89,718
332,719
78,723
21,723
287,729
477,731
492,749
302,749
92,749
449,751
369,759
194,761
293,761
460,764
64,770
389,771
343,771
62,775
202,775
387,778
70,779
340,783
402,784
86,786
239,787
420,787
490,788
482,792
133,795
272,796
451,798
129,806
179,807
454,808
409,809
93,810
485,811
304,815
72,816
408,817
483,818
366,822
57,826
95,827
22,828
453,832
206,833
422,836
350,838
414,838
148,839
66,839
161,840
224,842
261,845
140,845
213,847
234,848
118,849
427,850
328,853
158,854
226,854
311,856
4,860
336,862
167,864
188,865
144,867
216,867
413,868
180,870
196,870
105,873
7,874
493,874
407,875
127,880
279,885
406,886
346,887
24,888
164,888
63,894
230,895
28,897
286,898
294,898
113,900
27,900
122,903
266,904
321,907
484,910
494,911
426,911
393,911
320,914
458,919
399,920
91,922
154,924
401,925
212,925
248,927
430,928
267,928
13,929
274,930
417,930
270,932
312,932
487,934
160,935
61,937
348,938
116,938
437,939
333,942
51,943
253,944
439,946
18,949
82,951
168,954
310,955
425,956
44,957
84,957
121,957
165,958
199,959
478,966
162,967
136,968
210,969
363,969
58,970
337,977
77,979
309,980
415,982
450,982
100,983
197,983
392,984
200,985
476,988
443,988
489,990
445,991
36,993
55,995
128,995
433,997
351,997
384,1000
156,1007
440,1009
324,1010
412,1013
186,1015
102,1017
473,1017
25,1018
356,1019
435,1019
499,1025
85,1025
250,1028
137,1037
446,1038
428,1038
339,1041
254,1045
163,1045
88,1047
377,1071
3,1072
281,1075
124,1076
491,1077
244,1080
307,1081
255,1082
123,1082
264,1085
432,1085
500,1089
251,1089
373,1090
237,1095
488,1100
184,1101
306,1107
319,1117
327,1121
147,1126
275,1133
35,1135
231,1138
20,1138
8,1139
185,1142
208,1144
394,1151
431,1152
403,1153
344,1156
175,1157
496,1157
29,1159
218,1160
342,1161
75,1161
47,1164
6,1168
15,1172
365,1185
480,1185
17,1188
114,1190
258,1191
238,1193
236,1194
471,1195
466,1196
331,1201
479,1202
390,1205
12,1207
292,1207
215,1208
241,1211
316,1213
178,1214
153,1214
301,1216
120,1221
40,1223
462,1230
101,1231
209,1249
468,1249
203,1253
495,1254
376,1256
33,1260
5,1261
273,1265
367,1270
80,1272
416,1277
317,1279
109,1280
447,1287
126,1288
381,1289
74,1290
269,1294
240,1297
48,1300
429,1301
247,1303
469,1307
191,1319
65,1321
277,1323
370,1326
54,1329
486,1332
96,1338
444,1339
14,1342
108,1343
46,1355
169,1359
149,1362
280,1363
380,1364
228,1371
56,1374
222,1374
424,1379
323,1380
37,1381
388,1383
87,1384
76,1384
249,1385
383,1385
117,1392
50,1394
112,1404
355,1423
465,1424
192,1425
455,1431
463,1436
9,1441
32,1449
119,1452
26,1452
329,1457
300,1461
395,1462
371,1478
374,1491
132,1495
30,1500
49,1504
361,1504
257,1506
364,1507
442,1510
260,1512
382,1513
130,1513
23,1515
362,1529
2,1532
59,1533
207,1546
181,1549
19,1553
497,1555
276,1556
421,1562
298,1565
138,1572
106,1573
67,1579
34,1589
187,1596
97,1597
235,1601
232,1609
43,1609
470,1615
245,1622
265,1624
182,1626
141,1628
98,1630
325,1630
79,1633
297,1647
139,1648
221,1661
452,1663
174,1669
268,1678
291,1682
225,1685
217,1694
385,1705
290,1716
285,1724
341,1732
418,1735
99,1737
335,1755
397,1768
498,1776
90,1786
150,1793
198,1795
295,1797
474,1801
41,1801
173,1802
391,1802
11,1803
354,1815
142,1816
263,1841
334,1841
288,1847
359,1850
159,1856
183,1858
326,1861
299,1861
146,1877
152,1880
318,1881
313,1894
68,1911
461,1912
423,1914
404,1917
219,1922
314,1934
166,1939
131,1966
220,1981
134,2023
83,2026
42,2030
111,2052
353,2065
243,2072
81,2074
193,2085
358,2088
223,2102
372,2116
378,2146
398,2151
172,2167
438,2199
10,2201
379,2203
145,2226
347,2226
73,2235
227,2249
411,2263
115,2274
229,2304
256,2372
434,2387
177,2396
464,2415
171,2436
189,2452
400,2484
456,2486
71,2534
436,2558
289,2568
52,2585
271,2586
151,2727
259,2781
125,2838
195,2852
242,2869
252,2875
349,2901
396,3081
322,3141
360,3161
69,3178
375,3208
246,3367
481,3423
45,3459
467,3557
38,3654
296,3715
104,4013

simblock.block.ProofOfWorkBlock@2ba897fb:27
27,59
140,208
161,268
270,325
61,362
53,389
492,421
176,443
408,462
447,474
16,480
39,501
239,512
392,535
78,535
60,542
8,545
405,559
315,571
427,577
57,592
92,596
345,598
51,602
203,604
18,614
178,616
310,627
261,627
250,628
7,634
303,651
194,652
487,658
410,659
412,666
466,668
110,670
22,672
460,681
402,683
214,683
107,690
137,691
483,694
21,698
29,699
321,703
286,707
136,710
88,716
274,726
12,726
153,727
472,727
212,729
420,739
307,743
278,744
369,744
128,747
28,749
352,749
389,755
58,761
89,762
63,763
422,764
210,768
475,770
202,778
428,783
414,785
350,785
186,785
211,786
66,787
55,790
306,792
31,797
488,800
91,801
157,802
188,802
103,805
368,806
373,808
302,809
84,810
489,812
491,813
121,815
122,818
443,818
213,818
387,820
401,824
473,824
204,828
266,829
108,830
499,832
135,834
348,834
154,835
200,837
453,838
230,841
413,841
367,842
437,843
417,845
86,846
332,846
425,847
346,847
116,849
208,849
485,854
236,855
124,857
333,859
279,860
64,865
419,869
118,869
457,871
155,871
253,872
199,875
393,876
287,876
190,876
308,877
267,879
54,879
454,880
4,882
247,883
432,885
415,887
445,888
196,893
184,894
248,894
224,896
40,898
170,899
478,900
448,904
312,905
283,905
226,905
167,905
439,906
93,907
351,913
205,913
180,913
338,916
72,917
179,922
430,928
127,929
233,929
294,930
275,932
441,935
264,936
282,937
340,937
13,939
255,955
324,955
105,955
476,956
458,956
407,957
70,961
44,961
206,962
160,963
293,963
433,964
366,970
185,970
119,974
484,974
162,974
304,975
319,980
148,986
409,986
327,987
330,988
426,990
440,993
85,993
363,993
36,993
216,994
77,1003
147,1009
469,1010
406,1014
500,1014
464,1016
339,1016
311,1017
95,1017
158,1017
386,1017
344,1018
201,1019
82,1021
357,1022
24,1022
377,1027
449,1030
156,1046
133,1050
262,1056
277,1059
272,1059
305,1072
231,1073
62,1074
164,1075
355,1076
100,1076
129,1079
32,1085
337,1085
382,1087
376,1087
459,1087
493,1087
356,1088
309,1094
192,1094
222,1103
323,1106
358,1106
114,1110
317,1112
168,1112
399,1116
5,1118
429,1120
496,1124
451,1129
471,1130
365,1138
143,1138
94,1138
435,1138
343,1141
479,1143
130,1143
117,1150
113,1152
175,1158
141,1158
450,1163
90,1170
251,1171
431,1174
328,1177
120,1177
329,1178
65,1185
336,1186
96,1186
436,1187
6,1188
83,1189
59,1189
316,1189
76,1191
25,1194
254,1195
438,1198
490,1209
285,1209
298,1222
291,1225
2,1230
497,1232
300,1233
383,1234
37,1234
80,1241
163,1242
218,1245
74,1246
225,1246
280,1252
35,1253
46,1256
258,1256
234,1258
73,1260
144,1265
331,1272
257,1274
97,1274
19,1277
150,1279
3,1279
480,1282
240,1283
477,1284
220,1291
463,1298
482,1299
132,1302
364,1303
486,1306
359,1307
292,1309
361,1310
418,1317
106,1317
362,1319
424,1328
388,1334
396,1337
370,1339
87,1339
111,1340
126,1343
56,1343
403,1346
313,1348
123,1348
238,1352
398,1358
380,1359
228,1360
462,1361
235,1363
1,1367
390,1368
269,1369
26,1377
301,1382
495,1386
394,1401
273,1409
379,1416
468,1416
169,1416
470,1419
494,1424
47,1429
48,1432
101,1436
109,1445
268,1447
149,1450
33,1451
17,1452
289,1457
15,1460
145,1462
52,1464
237,1465
347,1478
20,1478
416,1481
442,1495
14,1508
191,1509
138,1510
325,1512
215,1527
320,1531
217,1534
411,1535
151,1535
498,1539
281,1543
242,1548
360,1549
189,1550
342,1552
10,1562
195,1567
38,1569
299,1575
193,1580
181,1586
112,1588
263,1591
187,1591
354,1595
50,1596
246,1598
260,1606
284,1606
43,1612
322,1621
455,1622
252,1622
318,1623
219,1624
166,1626
384,1631
42,1639
314,1641
335,1643
221,1644
98,1647
271,1650
134,1657
23,1665
326,1665
395,1674
245,1678
249,1686
374,1695
198,1706
102,1717
81,1718
99,1719
378,1730
67,1731
290,1734
152,1753
385,1762
353,1792
41,1796
139,1796
75,1797
375,1804
11,1813
68,1826
341,1833
30,1834
444,1835
146,1838
421,1850
404,1858
9,1865
481,1870
142,1870
243,1879
131,1883
434,1889
115,1911
296,1914
34,1941
183,1962
197,1962
391,1978
397,1984
446,1987
159,2005
259,2018
45,2032
371,2049
241,2059
381,2061
79,2079
423,2092
172,2116
456,2119
452,2141
256,2141
400,2155
182,2163
295,2166
177,2169
174,2183
288,2198
297,2207
49,2229
232,2288
209,2340
474,2344
173,2389
165,2406
223,2422
276,2425
171,2458
265,2497
244,2512
229,2572
349,2576
372,2688
334,2711
467,2733
207,2744
465,2748
104,2801
461,2872
227,3032
125,3106
71,3406
69,3745

simblock.block.ProofOfWorkBlock@44e3e731:28
107,59
315,220
94,280
492,374
233,385
143,430
306,432
16,459
308,489
386,490
157,515
250,524
267,540
368,545
274,546
135,573
161,583
430,583
272,588
124,599
53,605
310,609
88,609
343,637
340,640
454,640
122,640
338,651
204,657
236,657
214,665
110,668
63,674
57,687
412,691
345,696
185,697
95,699
89,699
337,699
336,703
449,706
158,708
84,719
282,726
453,727
485,728
22,730
148,735
417,736
186,740
7,749
333,751
309,753
66,754
351,754
116,755
321,756
205,758
224,759
302,763
459,763
475,768
231,775
160,781
155,784
164,784
24,788
445,790
31,791
427,792
27,799
499,803
367,806
283,807
58,808
29,808
64,811
179,813
44,813
488,815
307,816
93,816
86,818
482,819
216,821
477,824
103,829
380,829
113,831
213,835
303,836
408,837
39,837
491,839
330,840
425,846
239,847
180,847
356,848
440,850
457,852
439,854
51,855
414,855
1,856
426,860
366,862
262,865
127,865
78,868
140,870
203,870
266,871
415,874
500,875
163,876
402,876
70,878
201,880
278,886
28,887
162,891
202,891
36,893
319,894
248,895
389,896
167,896
448,897
212,897
472,898
178,902
133,905
211,906
176,907
230,908
137,909
61,909
287,909
399,911
401,911
60,912
188,914
154,916
432,917
305,919
490,920
240,921
279,922
21,926
332,926
327,927
350,928
4,930
8,931
420,931
352,932
409,937
428,939
483,945
12,945
369,951
460,952
466,955
210,956
357,956
200,958
156,961
451,962
393,962
443,964
484,965
121,966
82,967
487,968
311,970
253,970
478,971
184,972
128,973
196,973
170,974
275,978
489,979
447,979
226,982
25,987
105,988
264,989
168,991
405,996
392,997
234,1001
286,1002
476,1006
407,1007
473,1009
270,1011
18,1011
206,1014
493,1015
293,1018
54,1019
194,1023
348,1023
437,1025
144,1026
255,1026
261,1027
494,1028
387,1029
346,1032
471,1037
118,1038
363,1041
225,1042
413,1044
55,1044
339,1045
62,1048
344,1048
377,1048
47,1050
458,1051
294,1052
320,1053
100,1055
373,1055
13,1058
326,1064
435,1072
134,1073
208,1074
190,1079
72,1083
419,1084
220,1085
199,1087
285,1093
141,1097
410,1099
40,1102
355,1104
328,1104
450,1105
312,1106
91,1106
406,1110
136,1114
85,1114
80,1117
324,1125
92,1130
416,1131
15,1132
19,1136
254,1143
126,1146
289,1146
77,1146
32,1150
480,1161
304,1163
433,1167
462,1167
496,1171
3,1178
114,1181
244,1181
376,1183
177,1184
441,1186
424,1191
209,1192
65,1199
298,1199
422,1200
446,1207
403,1211
5,1214
75,1217
418,1221
130,1224
192,1224
129,1226
291,1227
198,1230
175,1232
429,1232
120,1242
11,1242
455,1246
83,1247
237,1248
370,1254
497,1254
247,1255
268,1255
20,1256
101,1259
147,1266
215,1267
251,1275
404,1276
6,1277
317,1282
46,1284
359,1286
388,1287
153,1287
181,1289
108,1295
191,1298
49,1301
390,1304
159,1307
90,1313
442,1316
347,1317
48,1318
33,1319
463,1325
109,1326
76,1335
411,1343
469,1344
149,1349
102,1351
228,1353
281,1356
258,1362
323,1365
331,1372
301,1375
277,1382
395,1387
112,1388
35,1393
37,1393
132,1401
269,1403
235,1404
365,1409
361,1413
222,1415
17,1417
238,1420
150,1427
438,1431
313,1433
398,1437
396,1445
495,1447
166,1450
123,1451
26,1454
364,1456
362,1457
292,1464
341,1465
358,1466
353,1466
50,1468
384,1471
96,1487
421,1489
374,1497
241,1507
385,1517
9,1518
436,1522
479,1527
172,1527
276,1532
117,1537
152,1540
329,1541
87,1544
280,1544
245,1546
349,1551
2,1553
486,1558
271,1566
119,1569
394,1571
131,1574
299,1582
125,1588
221,1590
73,1593
400,1593
383,1598
242,1601
74,1603
229,1604
464,1608
56,1609
249,1616
431,1625
318,1630
465,1631
290,1633
52,1636
14,1644
81,1650
171,1651
195,1651
252,1667
378,1671
227,1673
182,1679
207,1694
434,1696
165,1697
423,1703
444,1704
59,1713
468,1714
381,1717
379,1721
71,1724
256,1729
296,1738
218,1768
461,1769
498,1781
193,1781
325,1785
316,1785
397,1798
470,1798
382,1804
69,1810
263,1823
174,1824
481,1827
217,1854
187,1868
232,1876
99,1876
45,1879
111,1888
106,1890
391,1892
104,1892
197,1896
335,1912
23,1915
30,1920
474,1929
265,1951
295,1952
342,1955
10,1963
169,1975
139,1984
360,1986
41,2012
273,2040
42,2065
452,2069
67,2085
372,2123
79,2140
138,2169
98,2174
43,2177
322,2178
456,2189
97,2210
223,2226
151,2236
260,2238
145,2239
288,2259
314,2270
300,2381
146,2384
257,2406
34,2461
142,2462
259,2482
189,2490
183,2510
219,2521
68,2532
375,2566
115,2616
246,2637
371,2667
354,2765
243,2851
297,2927
334,2953
38,2984
284,3267
467,3297
173,3643

simblock.block.ProofOfWorkBlock@725cc956:28
219,59
189,452
290,599
456,752
256,787
174,852
474,899
260,992
172,998
259,1067
33,1112
125,1153
50,1154
455,1194
263,1300
139,1368
159,1380
316,1458
246,1509
149,1520
335,1526
150,1572
394,1653
17,1663
48,1709
326,1720
169,1779
463,1780
498,1839
243,1839
198,1912
439,1962
431,1972
75,1993
2,2034
52,2041
37,2111
234,2184
372,2189
375,2239
21,2262
469,2266
97,2282
397,2299
249,2373
117,2454
24,2496
15,2497
317,2526
291,2536
356,2559
106,2583
11,2633
352,2755
235,2758
157,2794
102,2797
497,2797
182,2841
154,2871
173,2900
119,3018
347,3045
160,3058
386,3098
222,3108
36,3113
164,3170
267,3205
114,3277
162,3363
462,3367
124,3395
443,3402
91,3411
445,3482
417,3503
464,3535
424,3626
408,3673
450,3704
279,3713
426,3743
488,3782
57,3800
176,3838
51,3931
363,3979
345,4002
449,4011
425,4095
158,4104
307,4136
105,4229
399,4280
194,4299
214,4315
3,4406
12,4435
309,4444
499,4530
368,4584
308,4712
311,4735
78,4794
373,4827
8,4882
459,5010
118,5034
433,5126
448,5142
422,5182
266,5310
315,5333
500,5430
344,5482
167,5491
392,5624
487,5632
337,5842
328,5929
93,5932
496,6190
428,6228
490,6240

simblock.block.ProofOfWorkBlock@54d58dac:29
316,59
192,277
385,360
463,443
74,503
327,585
120,586
412,617
187,667
355,668
390,669
394,726
349,750
300,754
47,759
478,765
21,791
268,809
480,811
19,811
425,822
37,834
403,842
134,844
121,878
292,886
83,889
75,892
273,893
254,895
102,899
422,914
147,926
291,926
281,942
176,943
336,944
124,968
8,970
497,971
326,973
301,976
384,979
317,979
117,982
424,984
244,996
203,999
201,1001
84,1009
381,1013
313,1024
224,1025
240,1026
118,1027
1,1028
251,1030
257,1033
73,1054
25,1058
321,1059
169,1060
2,1060
35,1063
33,1064
438,1067
106,1068
76,1071
330,1085
443,1088
294,1092
432,1095
468,1095
413,1098
122,1100
220,1104
132,1108
298,1113
388,1115
261,1115
149,1117
431,1118
111,1120
267,1122
143,1123
407,1123
123,1124
365,1130
323,1136
380,1143
144,1144
28,1145
213,1145
13,1149
417,1149
293,1150
26,1151
5,1152
87,1153
331,1153
205,1153
282,1154
131,1157
164,1160
312,1161
406,1166
238,1166
140,1172
188,1172
366,1173
499,1180
264,1181
158,1181
24,1186
353,1186
166,1187
59,1187
182,1189
54,1192
266,1195
215,1196
436,1198
383,1198
32,1198
277,1200
130,1205
14,1206
449,1207
411,1207
66,1207
427,1210
248,1213
72,1215
287,1216
359,1218
194,1218
222,1223
307,1223
392,1229
170,1229
191,1233
446,1233
442,1236
177,1238
483,1238
199,1239
233,1240
126,1244
225,1244
379,1245
262,1245
402,1246
218,1248
185,1252
94,1252
109,1255
49,1270
347,1272
494,1273
204,1273
437,1274
278,1275
337,1275
496,1276
465,1277
363,1278
103,1280
486,1282
119,1282
247,1282
6,1285
236,1286
285,1289
12,1290
258,1296
78,1297
488,1298
361,1300
450,1302
430,1304
338,1306
249,1307
401,1310
339,1311
135,1316
448,1317
56,1318
36,1319
88,1319
165,1321
108,1322
462,1325
101,1328
451,1329
428,1329
61,1330
46,1332
367,1336
351,1337
439,1338
235,1339
39,1339
447,1339
377,1342
64,1343
70,1343
150,1347
414,1348
340,1349
175,1351
469,1352
470,1353
358,1357
350,1358
137,1358
435,1359
230,1359
500,1364
490,1365
382,1365
408,1371
362,1373
40,1374
65,1374
148,1379
253,1381
184,1385
159,1388
234,1389
129,1389
85,1391
179,1395
306,1398
346,1400
472,1400
269,1404
17,1405
275,1407
186,1410
495,1410
197,1414
419,1414
128,1416
311,1417
141,1417
433,1426
20,1427
161,1427
53,1432
329,1434
396,1436
97,1438
373,1438
241,1449
157,1453
493,1454
181,1456
190,1457
42,1458
333,1459
95,1462
245,1469
196,1475
57,1476
136,1476
82,1480
91,1480
459,1481
453,1482
63,1493
44,1493
90,1495
200,1496
48,1499
325,1500
114,1500
471,1503
409,1506
167,1509
198,1512
464,1514
151,1515
22,1518
357,1518
421,1519
96,1519
455,1519
479,1522
93,1527
457,1530
328,1536
393,1540
466,1555
110,1557
55,1564
89,1568
105,1568
352,1569
209,1573
324,1575
255,1575
178,1578
434,1585
237,1585
404,1586
454,1587
420,1588
458,1590
270,1590
80,1597
492,1600
27,1600
416,1601
368,1607
429,1614
484,1617
250,1623
3,1626
7,1627
398,1628
482,1632
155,1633
51,1633
426,1637
86,1647
274,1650
308,1650
133,1655
305,1655
485,1657
302,1657
348,1659
423,1662
58,1668
162,1669
112,1671
415,1676
369,1684
168,1691
332,1692
487,1692
314,1692
239,1700
376,1702
309,1709
153,1717
92,1731
295,1732
127,1732
160,1741
310,1742
67,1745
334,1745
418,1746
272,1752
107,1752
217,1753
15,1759
445,1763
100,1766
116,1774
172,1782
156,1783
68,1788
52,1800
183,1803
344,1807
31,1809
456,1810
99,1812
29,1812
303,1824
138,1825
440,1827
45,1829
207,1830
214,1831
286,1831
441,1832
283,1834
391,1842
202,1844
335,1849
476,1849
370,1854
171,1863
378,1870
315,1871
397,1873
405,1874
395,1876
400,1886
399,1892
71,1893
489,1894
375,1896
50,1903
475,1907
4,1910
460,1916
34,1918
473,1934
271,1940
320,1951
410,1957
280,1971
9,1981
477,1984
139,1987
195,1995
226,1995
38,2003
18,2009
193,2009
356,2015
341,2018
154,2020
444,2043
216,2047
174,2050
360,2067
113,2076
263,2078
104,2082
304,2084
290,2100
372,2103
498,2103
265,2109
252,2112
461,2129
387,2134
246,2138
43,2142
318,2143
374,2152
256,2152
229,2153
231,2157
208,2159
206,2169
481,2184
296,2189
62,2191
354,2210
228,2213
221,2236
288,2249
180,2251
41,2301
289,2314
77,2316
211,2346
223,2357
69,2357
189,2364
146,2377
342,2382
30,2400
343,2401
259,2410
284,2420
345,2432
152,2438
276,2442
474,2446
322,2485
115,2495
11,2553
260,2600
371,2606
364,2621
227,2630
299,2648
79,2663
297,2672
452,2694
389,2706
125,2712
219,2743
98,2839
10,2855
232,2882
23,2913
81,2922
242,2960
173,3179
145,4564

simblock.block.ProofOfWorkBlock@11d067e3:30
488,59
386,207
178,277
210,335
340,355
205,391
309,411
346,449
185,467
402,474
233,483
344,506
212,516
266,526
426,536
336,544
36,545
124,560
255,562
445,574
8,583
483,593
128,601
450,602
168,603
121,616
28,624
84,633
401,635
230,638
315,653
122,654
275,659
368,662
320,664
387,665
473,667
70,670
294,675
22,683
338,690
231,690
54,693
447,697
12,703
453,705
490,711
279,712
140,713
143,715
351,715
367,719
24,722
31,725
16,725
196,726
156,727
199,727
499,734
78,736
208,743
224,744
202,746
414,747
427,754
433,759
428,762
160,768
496,768
392,771
419,777
129,777
363,779
93,781
337,783
180,783
110,784
274,785
357,787
164,789
356,789
478,791
213,801
211,802
492,802
415,804
95,806
369,806
113,810
170,812
282,812
60,813
477,815
449,818
13,822
137,824
457,824
103,825
306,825
135,826
409,830
44,830
352,832
264,834
77,836
339,839
302,840
21,841
311,842
366,842
493,844
1,845
333,848
437,849
425,852
500,856
293,856
491,857
116,859
157,860
162,861
440,861
328,863
441,866
405,867
476,867
88,868
345,871
253,872
319,872
89,875
484,879
272,880
494,881
204,882
412,883
15,884
40,886
443,887
410,887
382,888
417,890
303,891
105,891
439,892
214,894
158,894
91,897
184,897
475,899
51,899
18,900
61,900
25,900
278,903
454,904
270,905
482,906
377,908
248,915
176,916
161,917
471,917
307,918
310,919
435,923
136,924
186,929
348,933
250,935
118,943
167,943
190,945
201,948
27,950
287,950
466,951
127,952
7,953
393,953
85,955
286,955
408,956
188,956
343,961
472,962
82,964
57,965
407,970
194,971
321,976
55,977
4,978
64,981
94,985
451,985
485,986
62,986
487,987
413,989
283,991
489,991
100,991
39,992
107,993
399,996
226,1000
416,1002
373,1005
460,1007
448,1008
58,1010
92,1013
438,1017
72,1018
305,1019
430,1020
86,1021
216,1026
420,1027
179,1027
163,1028
312,1038
215,1039
458,1045
200,1049
254,1054
63,1055
313,1055
308,1056
318,1065
17,1068
350,1069
422,1071
198,1072
133,1075
53,1083
29,1085
262,1086
304,1095
390,1095
332,1106
389,1111
324,1113
459,1113
148,1115
464,1120
126,1124
49,1127
166,1128
206,1143
411,1143
3,1147
241,1156
497,1156
66,1157
463,1159
165,1161
327,1161
280,1162
436,1165
273,1169
154,1171
90,1171
432,1175
421,1176
74,1177
236,1188
130,1188
462,1191
19,1192
329,1198
239,1200
141,1201
120,1204
323,1204
73,1207
292,1210
240,1219
6,1220
361,1229
261,1231
131,1231
26,1234
355,1237
495,1240
385,1242
444,1243
123,1245
397,1247
316,1247
114,1248
330,1248
5,1253
235,1263
269,1266
442,1268
244,1274
220,1274
480,1280
108,1282
65,1283
153,1290
268,1292
291,1294
469,1297
203,1305
134,1310
429,1317
455,1319
14,1322
47,1324
383,1325
32,1330
181,1333
370,1335
117,1335
59,1335
197,1338
359,1339
111,1339
388,1341
149,1346
446,1347
112,1347
35,1350
20,1358
406,1359
300,1367
155,1370
301,1370
384,1375
418,1376
237,1378
56,1380
431,1392
48,1392
150,1398
391,1414
317,1416
342,1417
326,1418
101,1427
398,1439
11,1439
263,1443
83,1446
151,1462
229,1463
225,1465
360,1480
396,1487
132,1496
182,1500
423,1504
479,1504
76,1508
109,1511
106,1514
403,1515
209,1518
238,1522
139,1528
195,1528
470,1534
87,1536
349,1540
37,1551
175,1553
147,1564
285,1568
299,1571
267,1572
290,1573
498,1579
334,1582
232,1585
97,1586
452,1587
358,1587
46,1588
314,1589
217,1595
424,1608
144,1611
276,1615
271,1619
138,1623
152,1625
104,1631
376,1636
222,1640
50,1647
41,1671
400,1685
125,1686
80,1686
379,1689
228,1699
395,1701
257,1708
256,1709
221,1709
298,1721
468,1724
187,1755
191,1761
465,1764
354,1773
325,1783
10,1784
34,1786
9,1786
171,1787
223,1811
378,1812
365,1812
75,1820
245,1834
30,1837
265,1852
260,1852
42,1862
23,1865
146,1865
142,1870
347,1879
467,1880
99,1894
289,1896
183,1912
322,1921
249,1931
434,1942
169,1943
159,1967
227,1970
192,1982
193,2001
252,2002
380,2005
277,2035
177,2052
119,2065
68,2070
207,2097
52,2100
481,2104
362,2122
2,2141
79,2149
247,2151
96,2175
242,2204
174,2204
218,2222
474,2256
102,2271
33,2311
284,2321
295,2342
486,2346
456,2353
243,2357
219,2380
246,2387
353,2402
288,2407
172,2438
335,2440
251,2483
341,2500
258,2520
81,2555
371,2684
67,2691
115,2694
45,2694
372,2697
404,2707
296,2726
43,2732
69,2745
98,2779
71,2853
331,2888
189,2981
364,3018
234,3058
375,3206
281,3230
461,3325
381,3402
394,3580
297,3666
374,3870
38,4153
145,4436
259,4733
173,5080

simblock.block.ProofOfWorkBlock@37ba9380:31
104,59
172,449
117,787
290,841
232,991
251,1013
376,1046
165,1101
174,1164
74,1187
403,1234
20,1256
358,1272
300,1279
398,1306
219,1310
19,1318
418,1330
263,1391
277,1403
35,1404
381,1411
274,1447
2,1453
119,1483
37,1486
191,1487
394,1488
131,1500
48,1515
5,1534
298,1537
145,1540
344,1547
329,1547
141,1566
245,1569
192,1570
134,1570
169,1571
75,1585
309,1595
77,1606
90,1618
216,1620
57,1622
289,1623
15,1624
379,1629
331,1629
383,1647
315,1652
144,1652
257,1653
102,1654
436,1677
384,1679
423,1685
488,1698
456,1702
421,1705
198,1705
327,1706
323,1707
267,1708
385,1711
465,1711
313,1713
497,1713
49,1722
483,1730
361,1731
42,1732
97,1733
111,1735
370,1755
166,1762
454,1763
387,1763
18,1767
177,1768
109,1768
287,1769
325,1776
27,1776
53,1782
299,1785
342,1786
59,1788
83,1790
468,1790
175,1791
281,1793
269,1794
301,1794
249,1794
101,1795
495,1796
120,1796
347,1797
320,1797
365,1798
470,1799
186,1799
200,1800
107,1802
349,1809
469,1815
132,1815
225,1815
236,1819
188,1820
293,1820
124,1832
397,1833
369,1834
453,1836
448,1838
56,1840
439,1841
464,1845
411,1847
474,1848
33,1850
355,1850
96,1855
88,1856
110,1861
212,1862
241,1868
240,1870
228,1873
455,1874
215,1876
390,1878
61,1878
446,1880
480,1880
73,1880
317,1880
273,1880
332,1882
319,1893
393,1894
479,1896
116,1898
150,1898
32,1899
412,1905
416,1905
13,1912
292,1913
70,1917
204,1920
492,1920
475,1922
285,1925
76,1927
80,1930
359,1932
95,1933
217,1936
140,1936
220,1936
386,1940
268,1943
199,1946
410,1951
310,1951
26,1955
126,1958
460,1959
205,1960
431,1962
47,1963
463,1963
445,1970
438,1970
89,1973
414,1973
253,1974
485,1976
306,1977
484,1977
430,1984
201,1985
336,1986
388,1986
280,1989
237,1990
407,1995
401,1996
472,1997
189,1997
155,1997
399,1997
318,1998
272,2002
389,2005
87,2007
440,2009
108,2010
6,2013
181,2017
307,2019
187,2020
363,2021
346,2023
209,2023
434,2023
153,2024
78,2025
254,2029
291,2030
128,2030
321,2035
127,2040
130,2041
238,2044
283,2046
235,2048
122,2050
66,2051
123,2052
233,2052
255,2054
162,2061
353,2064
158,2069
224,2071
151,2073
208,2078
98,2084
46,2085
195,2085
50,2090
170,2090
444,2090
52,2092
24,2094
266,2098
382,2100
11,2102
247,2103
326,2121
86,2123
213,2131
64,2136
351,2136
282,2138
304,2140
4,2144
112,2147
408,2148
409,2148
85,2151
328,2160
373,2162
58,2165
417,2166
129,2167
17,2169
197,2172
264,2176
339,2178
143,2180
65,2182
352,2186
206,2186
179,2190
406,2199
1,2201
415,2205
473,2206
396,2208
82,2209
12,2222
259,2225
487,2230
477,2230
148,2234
368,2236
486,2241
457,2242
295,2244
29,2248
275,2252
312,2255
244,2257
377,2258
429,2263
459,2266
160,2267
234,2273
84,2283
125,2286
432,2288
357,2293
350,2300
262,2300
496,2302
462,2304
380,2313
356,2317
28,2319
451,2324
39,2325
482,2325
207,2334
303,2338
348,2338
278,2338
94,2340
60,2350
31,2352
437,2357
424,2357
494,2365
226,2366
3,2371
71,2374
420,2379
185,2383
288,2386
314,2391
218,2396
146,2402
202,2413
404,2414
402,2423
36,2426
258,2432
142,2433
441,2437
305,2437
178,2447
176,2456
91,2459
413,2461
139,2462
152,2466
442,2467
256,2470
163,2472
190,2476
360,2476
366,2498
21,2499
322,2502
137,2512
286,2524
279,2524
343,2524
54,2526
425,2526
400,2529
500,2530
79,2530
250,2532
324,2535
159,2535
364,2552
422,2554
248,2558
23,2560
14,2561
493,2568
227,2578
252,2584
308,2591
311,2594
478,2602
367,2604
196,2610
93,2614
316,2618
135,2619
334,2625
22,2627
167,2630
395,2640
476,2641
164,2646
40,2671
161,2676
261,2686
392,2697
55,2699
419,2700
114,2701
302,2702
138,2715
447,2723
372,2732
461,2738
489,2744
221,2750
99,2755
34,2763
157,2774
72,2788
362,2811
30,2813
260,2814
354,2816
103,2818
149,2821
294,2829
265,2832
374,2833
10,2835
443,2843
270,2857
203,2857
25,2859
491,2880
458,2899
38,2900
156,2903
45,2904
490,2928
297,2945
16,2968
471,2971
69,2991
435,3001
9,3005
243,3006
183,3054
405,3075
449,3080
222,3084
214,3085
371,3087
242,3094
337,3101
171,3106
43,3107
467,3119
229,3144
136,3145
133,3162
271,3168
428,3181
246,3196
341,3223
7,3228
147,3252
391,3266
466,3320
498,3341
106,3342
223,3350
375,3359
338,3382
230,3383
115,3385
118,3449
154,3459
296,3460
427,3494
62,3495
450,3529
67,3529
173,3589
481,3589
182,3600
276,3610
92,3671
231,3680
210,3761
452,3778
239,3801
100,3806
168,3827
81,3837
121,3848
378,3862
68,3883
499,3903
8,3996
41,4051
180,4059
333,4107
335,4159
105,4201
284,4300
340,4300
193,4349
63,4362
113,4408
51,4501
211,4600
345,4663
194,4706
433,4799
426,4897
44,4961
184,5004
330,5200

simblock.block.ProofOfWorkBlock@2ebe185c:31
184,59
399,214
307,304
328,369
459,374
319,395
357,433
105,442
3,489
475,491
230,504
31,512
310,516
473,519
158,521
70,528
278,567
406,573
471,579
89,581
356,591
320,592
57,596
64,603
91,608
346,623
78,631
305,644
170,644
25,664
188,668
451,670
414,672
453,673
12,676
46,682
409,685
445,687
179,696
401,697
337,698
95,710
155,715
441,716
427,723
226,731
213,731
128,732
88,733
85,733
224,737
84,745
164,748
412,754
454,762
185,782
402,784
448,787
156,789
1,790
494,791
393,793
274,797
315,803
485,804
121,805
39,809
135,810
206,811
212,811
275,813
426,814
425,814
308,833
22,834
352,839
373,843
118,847
186,848
190,849
83,855
428,862
343,864
24,867
304,869
345,870
216,871
472,871
160,877
205,877
333,878
61,879
250,880
336,886
113,889
210,890
422,893
477,894
493,899
460,908
266,912
8,913
309,918
157,919
439,924
14,926
483,927
338,928
94,930
312,934
129,943
13,950
476,957
366,958
330,962
107,963
311,963
424,968
432,968
287,969
154,973
58,973
209,974
140,978
127,980
332,980
447,982
153,985
86,990
264,991
162,1001
387,1010
261,1012
202,1013
478,1014
72,1014
21,1017
405,1022
163,1022
5,1022
279,1023
239,1025
382,1028
489,1029
415,1030
389,1030
90,1033
420,1034
363,1035
116,1035
283,1037
231,1038
40,1039
273,1042
53,1042
7,1042
313,1043
496,1045
29,1049
233,1051
36,1051
92,1052
324,1057
255,1063
351,1069
62,1070
492,1071
450,1073
386,1073
16,1074
196,1076
253,1081
380,1083
149,1086
77,1087
368,1089
60,1091
167,1091
214,1092
103,1092
80,1096
176,1099
419,1104
417,1104
286,1104
168,1107
355,1107
488,1108
18,1111
110,1116
443,1119
484,1124
457,1127
203,1130
270,1130
437,1131
211,1131
262,1137
123,1139
28,1142
394,1142
411,1144
254,1150
199,1153
294,1153
293,1154
124,1160
136,1161
408,1162
161,1164
463,1165
236,1167
303,1167
350,1172
490,1174
339,1176
51,1177
200,1185
487,1187
433,1190
130,1194
407,1198
302,1198
436,1199
323,1203
458,1205
63,1205
396,1206
137,1206
19,1208
465,1212
169,1213
159,1214
166,1218
218,1220
392,1228
201,1232
321,1233
180,1233
93,1237
342,1238
101,1243
248,1244
76,1246
133,1252
462,1253
96,1254
292,1254
122,1257
177,1266
384,1266
143,1267
440,1270
435,1270
491,1277
449,1278
27,1279
455,1280
194,1281
178,1289
495,1292
369,1293
54,1296
55,1299
44,1302
340,1302
66,1303
112,1315
79,1317
109,1320
479,1321
131,1323
482,1325
220,1326
403,1327
466,1329
404,1330
26,1330
249,1332
97,1333
430,1343
348,1347
228,1347
282,1351
120,1365
82,1365
49,1365
331,1368
106,1376
410,1376
151,1377
204,1377
285,1378
362,1383
497,1386
144,1388
17,1390
132,1393
326,1395
99,1399
222,1400
141,1403
468,1407
413,1410
56,1411
358,1419
238,1421
175,1429
316,1430
500,1436
499,1441
219,1451
317,1454
469,1458
244,1462
361,1463
486,1485
191,1490
379,1494
385,1496
480,1496
165,1497
150,1502
306,1502
102,1502
474,1509
247,1513
192,1513
341,1522
300,1526
33,1539
280,1546
114,1550
289,1560
117,1561
359,1563
398,1563
181,1566
134,1568
329,1573
35,1580
251,1580
434,1585
32,1588
50,1590
438,1593
100,1594
444,1595
376,1597
291,1599
237,1599
104,1607
42,1611
182,1618
263,1631
240,1633
187,1637
269,1638
381,1639
74,1640
139,1649
225,1664
421,1670
370,1671
146,1671
59,1672
470,1675
223,1701
235,1707
6,1710
388,1720
277,1732
281,1732
416,1734
298,1736
47,1738
383,1743
234,1746
347,1748
446,1748
20,1750
41,1755
2,1755
242,1764
215,1766
327,1768
418,1769
301,1769
152,1787
284,1796
172,1797
43,1801
108,1810
290,1833
208,1836
147,1850
37,1851
75,1853
371,1856
297,1864
227,1869
395,1872
30,1883
353,1890
296,1897
397,1898
173,1900
198,1902
322,1906
38,1916
431,1924
11,1925
498,1927
15,1929
442,1938
111,1939
193,1943
243,1959
314,1963
265,1969
429,1988
400,2026
245,2027
34,2031
423,2034
73,2059
119,2073
258,2073
481,2073
183,2085
299,2088
189,2090
268,2096
325,2097
256,2154
452,2180
195,2189
217,2206
378,2206
229,2209
68,2217
52,2229
365,2244
81,2251
126,2266
257,2271
271,2272
372,2280
374,2306
142,2310
138,2354
115,2375
259,2377
464,2401
65,2421
145,2448
390,2459
288,2463
10,2495
23,2509
98,2549
391,2589
318,2590
360,2636
174,2676
252,2681
246,2737
367,2747
9,2747
461,2762
260,2783
364,2872
456,2877
148,2910
232,2931
207,2963
295,3018
334,3025
221,3033
335,3066
467,3102
67,3156
375,3220
125,3230
45,3265
276,3320
71,3346
354,3530
69,3876

simblock.block.ProofOfWorkBlock@643ba8ec:32
143,59
124,207
272,271
94,329
7,357
338,386
491,416
367,427
158,443
58,472
308,476
89,492
211,507
426,535
163,535
448,549
155,555
36,568
78,593
366,598
185,598
363,605
148,605
387,613
431,615
107,620
72,624
275,625
200,641
409,654
201,656
70,656
419,657
413,663
482,669
51,681
1,685
402,686
440,698
95,699
304,703
320,705
333,708
459,712
210,720
472,720
412,724
61,726
103,732
430,737
29,742
214,743
178,744
213,747
153,748
212,752
407,753
39,760
105,761
84,762
204,762
250,762
449,766
492,766
157,772
351,772
406,773
397,775
60,776
321,777
494,778
487,783
285,784
439,788
267,798
129,800
368,800
485,805
473,805
216,806
24,807
307,808
350,817
194,819
410,819
63,819
343,820
100,820
484,821
176,822
255,824
389,826
489,830
291,831
422,832
437,832
205,833
305,834
306,835
352,836
399,836
203,841
86,842
135,846
82,848
315,848
496,848
28,857
373,859
490,862
53,862
417,863
91,864
92,869
401,872
302,873
170,876
294,876
13,877
128,877
477,878
348,879
233,880
319,880
345,883
344,883
475,884
312,887
340,889
161,890
236,891
478,892
206,892
54,893
427,894
64,897
12,897
433,899
16,902
199,903
369,904
324,905
471,905
140,909
66,911
457,911
415,914
8,914
266,915
283,916
356,918
282,920
281,920
466,921
377,923
425,924
279,926
453,929
460,933
239,933
88,933
253,933
451,933
116,933
196,934
450,934
458,935
488,936
261,937
25,941
231,946
357,946
56,948
160,950
137,950
332,951
190,952
328,952
240,954
274,954
55,955
127,955
346,956
118,959
168,961
156,962
77,970
337,970
278,974
122,974
184,975
493,978
164,979
27,981
18,981
420,981
414,985
500,987
3,989
287,991
110,992
443,992
248,993
264,993
202,993
224,994
303,995
454,997
22,997
186,998
249,1000
476,1002
277,1004
150,1008
113,1008
57,1010
435,1010
455,1012
405,1014
136,1018
408,1020
293,1024
226,1026
330,1026
270,1036
5,1041
336,1044
311,1048
309,1050
62,1051
180,1051
339,1054
188,1056
269,1057
65,1058
179,1062
35,1069
44,1070
133,1081
230,1082
432,1082
235,1086
446,1090
310,1091
93,1102
483,1108
21,1111
424,1116
162,1116
220,1117
14,1118
380,1121
441,1129
238,1130
166,1135
40,1139
463,1139
386,1140
355,1145
154,1147
182,1148
499,1149
222,1150
4,1150
326,1150
175,1156
394,1157
32,1158
393,1159
280,1161
381,1162
392,1168
109,1173
126,1175
323,1177
421,1178
106,1179
141,1181
286,1188
111,1189
429,1193
445,1197
396,1199
497,1201
447,1205
85,1216
192,1216
388,1219
134,1220
101,1222
268,1224
262,1224
117,1229
20,1229
49,1231
254,1233
108,1234
329,1237
52,1243
209,1244
244,1245
331,1253
121,1254
404,1261
144,1261
208,1266
300,1274
76,1275
237,1277
327,1277
428,1284
87,1285
273,1288
382,1289
17,1293
119,1298
390,1299
403,1299
33,1300
132,1300
114,1302
147,1304
26,1309
411,1317
31,1318
96,1319
495,1320
469,1320
112,1322
370,1322
292,1328
383,1335
325,1349
258,1352
149,1353
418,1353
225,1354
365,1357
289,1366
48,1368
353,1371
245,1372
151,1374
37,1385
442,1393
316,1394
468,1395
75,1396
59,1403
398,1406
80,1408
480,1413
130,1415
241,1430
246,1438
167,1444
228,1450
416,1450
379,1454
38,1463
486,1467
384,1468
197,1468
6,1469
299,1471
301,1472
470,1475
349,1487
102,1489
464,1493
181,1497
198,1498
217,1499
73,1499
364,1503
462,1505
152,1514
30,1522
165,1523
19,1528
359,1529
120,1532
2,1536
11,1538
123,1543
232,1545
334,1552
172,1561
434,1566
79,1578
41,1581
360,1581
90,1582
131,1592
159,1594
341,1594
452,1603
50,1610
444,1619
68,1634
362,1634
260,1634
474,1636
257,1637
45,1650
247,1656
391,1657
298,1662
436,1663
358,1668
215,1674
361,1674
288,1677
174,1681
229,1683
189,1705
23,1706
347,1706
479,1709
34,1714
498,1715
318,1721
251,1730
139,1733
227,1739
313,1740
83,1752
67,1758
219,1760
191,1763
138,1783
69,1787
234,1808
221,1809
375,1809
207,1815
71,1822
290,1823
438,1841
46,1876
376,1879
43,1890
317,1899
456,1901
385,1914
169,1931
47,1936
125,1937
314,1949
171,1963
461,1964
242,1966
99,1978
465,1998
265,2005
98,2014
378,2042
146,2058
372,2060
177,2066
74,2083
371,2085
263,2105
354,2120
374,2137
81,2148
252,2159
42,2174
400,2175
395,2183
276,2214
271,2259
187,2260
115,2288
295,2317
173,2320
195,2350
9,2373
218,2435
223,2436
142,2441
10,2475
467,2599
15,2613
481,2640
297,2659
243,2719
193,2730
335,2764
183,2776
342,2798
104,2922
97,2980
256,3053
296,3214
145,3263
284,3340
322,3504
259,3563
423,3624

simblock.block.ProofOfWorkBlock@7fd52d15:33
298,59
73,278
109,362
301,446
37,502
19,532
257,579
52,586
96,616
6,663
220,664
247,673
370,705
251,732
424,747
42,748
120,750
362,761
421,802
240,806
222,818
74,829
56,833
33,839
325,843
235,846
198,879
82,880
234,883
436,891
17,902
463,903
465,910
187,926
218,927
132,941
479,949
318,964
381,966
48,971
166,974
385,975
446,981
238,981
151,982
438,987
323,990
215,1003
305,1009
292,1011
177,1023
245,1026
435,1027
97,1044
15,1046
394,1046
495,1049
355,1049
169,1052
26,1055
244,1056
449,1057
254,1060
108,1062
197,1062
429,1063
442,1064
431,1067
273,1070
95,1085
380,1086
317,1092
486,1103
119,1110
201,1111
90,1111
289,1112
349,1121
309,1123
5,1131
411,1131
403,1131
329,1138
35,1138
480,1139
352,1143
365,1144
111,1145
379,1146
404,1146
209,1146
192,1149
130,1150
269,1152
300,1153
420,1164
281,1171
210,1171
311,1176
131,1179
280,1179
393,1181
140,1182
384,1185
181,1189
101,1190
225,1193
150,1194
47,1195
339,1201
361,1203
455,1209
144,1213
126,1214
291,1214
388,1218
268,1221
358,1221
470,1224
83,1231
416,1232
44,1232
308,1234
196,1234
338,1238
398,1240
14,1243
203,1244
102,1245
285,1247
200,1253
148,1263
397,1266
182,1270
76,1272
59,1273
255,1274
497,1276
331,1278
147,1279
359,1281
342,1283
31,1285
49,1286
396,1288
127,1292
466,1293
117,1297
12,1297
155,1298
484,1298
316,1298
78,1301
468,1302
161,1306
175,1311
462,1312
149,1318
386,1320
75,1321
282,1323
226,1324
121,1325
347,1327
128,1329
275,1331
159,1331
64,1333
112,1338
369,1339
53,1350
253,1350
80,1351
313,1352
258,1354
249,1356
279,1357
418,1358
165,1359
241,1360
204,1360
270,1360
327,1361
62,1361
191,1364
205,1365
123,1370
390,1372
433,1373
487,1376
107,1378
277,1379
170,1379
32,1381
57,1382
2,1384
303,1390
186,1393
228,1399
326,1401
383,1403
444,1405
118,1406
233,1407
439,1409
443,1410
54,1418
124,1419
20,1419
185,1421
60,1423
489,1431
464,1432
85,1434
230,1435
363,1438
401,1439
141,1440
320,1441
237,1442
65,1442
410,1447
25,1452
382,1453
353,1456
211,1458
66,1460
447,1462
13,1463
412,1467
469,1468
92,1472
437,1474
163,1477
440,1477
213,1479
366,1483
40,1486
46,1486
199,1486
368,1486
8,1490
417,1491
264,1491
344,1493
94,1493
473,1496
156,1501
87,1503
426,1504
103,1504
21,1506
490,1512
407,1515
11,1522
485,1531
315,1534
453,1535
491,1541
135,1541
376,1546
134,1549
324,1554
409,1555
293,1556
432,1557
105,1566
306,1570
168,1574
337,1585
106,1593
312,1596
330,1597
212,1599
405,1608
113,1609
227,1613
494,1616
261,1619
88,1621
392,1622
27,1623
500,1625
340,1626
328,1627
419,1627
162,1629
38,1632
231,1634
89,1636
307,1643
483,1645
61,1648
3,1648
267,1652
122,1652
471,1654
457,1656
415,1660
459,1662
55,1662
350,1663
346,1664
378,1667
274,1671
190,1674
351,1678
178,1682
22,1682
414,1685
146,1691
334,1693
18,1703
99,1706
399,1709
319,1710
188,1712
265,1718
250,1721
276,1728
110,1728
224,1728
207,1742
256,1743
476,1748
23,1752
72,1753
499,1757
377,1760
100,1776
208,1778
180,1784
16,1786
50,1788
467,1788
481,1790
373,1791
158,1798
86,1799
302,1803
152,1804
51,1810
299,1812
454,1822
445,1822
333,1828
202,1830
189,1836
143,1837
493,1837
336,1837
45,1838
63,1845
84,1845
448,1848
434,1850
496,1856
332,1857
478,1858
498,1862
173,1865
229,1872
114,1875
263,1878
297,1878
391,1880
322,1880
428,1886
472,1886
356,1890
133,1902
345,1902
93,1918
193,1921
335,1930
154,1931
427,1938
272,1939
374,1946
450,1951
153,1963
278,1965
262,1972
343,1975
4,1979
137,1985
77,1985
400,1990
246,1991
408,1997
422,2002
260,2003
271,2003
236,2005
286,2012
357,2018
157,2020
179,2029
284,2031
164,2031
115,2034
125,2034
142,2036
492,2043
477,2061
176,2062
304,2064
7,2075
430,2077
138,2081
402,2093
242,2101
406,2105
129,2113
171,2114
248,2124
360,2137
387,2139
488,2157
425,2158
413,2167
104,2174
206,2179
372,2182
28,2183
91,2193
456,2193
58,2204
232,2215
461,2224
145,2226
252,2231
441,2237
482,2238
71,2243
367,2244
221,2251
475,2253
79,2265
29,2271
167,2282
296,2287
395,2288
287,2291
348,2299
310,2347
259,2348
81,2350
116,2354
389,2359
9,2387
354,2401
10,2411
136,2413
36,2420
70,2427
68,2442
375,2444
216,2448
39,2468
458,2473
295,2483
139,2492
1,2527
184,2529
172,2537
239,2544
283,2588
460,2594
219,2602
321,2654
67,2663
371,2664
290,2698
294,2706
451,2706
69,2712
160,2718
474,2738
266,2770
43,2790
174,2800
24,2837
195,2915
214,2920
243,2950
341,2955
183,2961
194,2965
314,2981
452,2986
223,3040
41,3048
423,3170
98,3173
217,3210
34,3236
30,3288
364,3300
288,3422

simblock.block.ProofOfWorkBlock@13402e2a:34
163,59
129,208
8,313
208,356
28,369
261,413
29,426
478,463
24,476
272,500
190,519
407,521
488,522
124,563
332,564
205,570
420,577
490,579
212,581
496,582
1,613
357,620
185,620
127,626
116,629
231,634
93,636
157,639
167,642
367,647
305,670
412,670
248,674
346,676
294,677
427,686
118,686
122,690
60,695
92,696
448,704
477,713
233,714
457,722
54,724
405,726
422,727
266,728
275,729
433,730
168,731
459,732
178,734
31,737
476,747
63,753
439,754
482,756
143,761
399,764
57,766
345,770
350,770
230,770
36,778
55,782
330,783
392,784
363,785
484,785
339,788
86,789
107,791
475,792
255,792
278,792
419,793
312,797
61,801
89,817
343,817
53,818
338,820
214,823
44,824
309,827
351,828
176,828
443,834
283,834
202,835
170,835
409,839
311,841
51,843
194,843
140,845
270,847
333,849
453,849
454,850
310,851
199,852
466,853
304,854
83,857
13,858
186,861
206,863
236,864
402,870
66,873
148,873
437,874
200,877
287,879
94,883
39,884
239,884
154,884
321,885
264,885
203,887
196,887
164,889
250,891
62,892
494,895
59,896
435,898
492,898
389,903
25,904
282,904
450,905
279,905
352,909
315,911
156,911
160,911
447,914
179,914
432,916
369,920
348,922
113,922
64,923
166,923
204,930
135,933
426,933
499,933
377,938
133,938
460,938
430,938
251,939
153,942
445,942
211,942
328,942
78,944
401,946
110,947
458,947
473,947
428,949
308,949
40,950
306,950
16,953
440,953
180,955
72,959
487,959
77,961
415,961
472,961
70,963
408,965
302,966
96,967
85,968
393,968
105,970
451,970
21,971
12,972
27,976
493,979
84,980
201,989
387,992
100,993
324,994
88,995
155,997
410,998
121,999
128,1005
95,1006
491,1008
500,1008
471,1010
485,1012
425,1012
162,1019
366,1021
253,1022
20,1022
307,1025
413,1029
262,1029
184,1029
325,1030
449,1033
216,1034
274,1035
220,1037
417,1039
82,1040
303,1046
103,1047
247,1048
320,1051
224,1053
373,1054
319,1059
58,1064
210,1066
268,1066
161,1073
18,1074
361,1078
337,1079
286,1081
90,1084
414,1086
226,1088
329,1093
3,1094
469,1094
489,1098
4,1100
91,1103
254,1109
213,1113
344,1116
483,1122
188,1123
149,1125
7,1125
97,1129
446,1133
340,1136
225,1137
222,1139
6,1139
326,1139
19,1144
436,1152
293,1163
356,1163
2,1167
87,1173
126,1176
137,1176
442,1178
318,1180
406,1186
147,1191
158,1193
464,1194
404,1196
441,1198
130,1199
292,1204
336,1207
75,1207
108,1207
32,1214
73,1216
368,1220
486,1220
355,1220
281,1224
470,1224
388,1228
102,1229
65,1229
136,1232
46,1235
353,1236
376,1240
17,1244
331,1246
429,1246
228,1249
381,1249
191,1255
237,1257
15,1258
313,1259
144,1259
267,1261
411,1262
14,1263
386,1265
424,1267
497,1268
112,1271
301,1284
234,1285
416,1285
418,1289
245,1290
22,1291
277,1294
238,1296
421,1300
111,1303
109,1308
300,1309
235,1310
495,1311
33,1318
181,1319
76,1322
317,1328
398,1330
5,1337
101,1340
462,1345
257,1352
383,1353
365,1356
434,1363
327,1364
80,1373
269,1380
26,1383
280,1383
370,1388
382,1394
123,1395
244,1399
106,1404
48,1405
273,1408
431,1411
117,1418
455,1419
240,1421
11,1423
285,1428
159,1431
396,1437
218,1438
192,1440
394,1441
165,1442
198,1446
349,1457
465,1459
380,1463
120,1470
298,1475
258,1480
193,1486
384,1487
385,1488
296,1490
291,1493
395,1497
229,1500
215,1513
35,1523
498,1537
132,1550
342,1552
227,1554
152,1557
119,1558
38,1560
242,1562
49,1564
290,1565
379,1568
209,1569
171,1578
397,1579
56,1582
114,1587
265,1588
142,1590
50,1593
341,1600
390,1601
378,1606
362,1607
175,1608
480,1610
134,1611
47,1621
463,1632
474,1639
289,1639
150,1656
42,1657
400,1662
481,1664
10,1664
182,1667
364,1672
23,1675
354,1676
403,1688
335,1715
187,1723
334,1729
452,1730
249,1731
252,1739
195,1744
131,1752
68,1765
284,1771
151,1775
322,1776
444,1779
479,1781
232,1783
347,1785
177,1791
146,1798
221,1813
37,1826
197,1826
256,1852
374,1859
81,1863
360,1877
189,1885
375,1901
74,1908
423,1918
141,1954
67,1955
438,1956
359,1961
297,1981
52,1997
79,2001
241,2015
217,2016
461,2036
139,2043
138,2055
172,2065
316,2082
276,2101
173,2122
169,2129
391,2134
223,2163
358,2167
468,2184
41,2201
246,2240
115,2245
71,2258
260,2286
323,2301
69,2334
288,2338
9,2340
271,2347
145,2365
98,2460
45,2500
183,2508
34,2530
295,2548
43,2568
263,2591
314,2621
299,2630
371,2634
259,2663
30,2743
104,2814
456,2881
174,2920
125,2927
372,2993
219,3030
467,3153
99,3218

simblock.block.ProofOfWorkBlock@6ea86c7e:34
229,59
106,807
479,1171
495,1524
132,1879
119,2234
237,2594
83,2947
102,3304
472,3703
155,4110
200,4507
356,4905
122,5306
414,5709
85,6105
427,6503
18,6902
391,7401

simblock.block.ProofOfWorkBlock@3c6dc44d:35
428,59
366,207
427,264
450,321
369,357
307,385
196,414
230,416
453,450
168,471
128,472
21,473
211,507
203,513
158,532
319,534
346,535
343,541
352,565
435,568
294,569
57,571
205,591
78,592
392,595
337,598
426,599
204,624
402,625
253,626
210,626
483,630
92,630
310,649
348,655
100,656
105,657
283,658
53,665
368,669
170,683
62,685
84,686
286,687
180,690
185,690
190,694
143,696
121,710
64,712
489,713
61,718
457,718
27,719
494,721
488,722
82,727
7,728
449,730
363,734
471,740
270,741
344,741
422,744
116,745
328,747
473,748
274,749
261,750
437,752
133,752
31,768
212,771
25,774
157,775
357,776
213,776
275,777
201,779
208,781
315,787
28,793
44,793
493,797
58,798
460,801
91,805
475,806
336,807
95,808
113,808
414,808
448,809
124,811
356,813
66,814
367,821
308,821
94,821
413,824
406,824
262,830
250,831
345,832
447,833
154,834
8,834
39,835
107,835
176,835
312,836
350,837
135,837
458,837
332,839
18,840
305,844
311,844
408,844
302,854
309,856
291,857
268,857
454,861
407,865
485,866
118,868
393,872
272,872
459,873
466,874
236,875
373,878
445,879
430,880
178,881
179,882
184,884
264,884
224,885
103,886
24,889
29,889
88,892
155,892
85,892
127,894
200,894
136,896
490,901
484,904
89,904
338,905
482,906
417,909
405,909
162,911
11,913
287,916
13,919
340,921
1,922
476,924
330,924
415,924
399,925
451,927
351,929
161,929
293,931
214,933
472,934
320,938
129,938
163,939
70,940
164,940
499,940
148,944
245,946
188,948
63,950
440,951
339,951
194,952
267,952
478,953
401,953
231,954
441,954
110,954
36,955
266,955
72,956
306,957
432,960
233,961
186,961
487,963
282,970
387,971
77,976
443,977
199,980
333,981
137,981
51,985
175,985
409,986
303,994
389,995
324,997
491,998
93,1000
425,1008
167,1008
22,1010
40,1012
321,1014
304,1015
122,1016
492,1016
410,1017
55,1020
438,1025
5,1026
439,1026
500,1026
384,1034
412,1036
255,1040
279,1043
54,1051
355,1052
386,1054
421,1060
468,1065
86,1067
226,1070
160,1073
433,1081
12,1083
3,1084
156,1089
327,1090
258,1092
216,1098
419,1100
292,1100
254,1105
420,1108
248,1110
225,1110
32,1113
33,1113
60,1114
298,1116
140,1117
247,1126
153,1127
4,1128
101,1132
65,1133
418,1136
165,1139
106,1150
390,1152
192,1154
349,1160
151,1163
273,1167
477,1167
131,1167
436,1169
358,1170
269,1171
26,1178
218,1181
377,1183
342,1184
394,1191
470,1194
325,1206
112,1209
313,1212
257,1212
75,1216
462,1220
317,1222
117,1223
206,1224
108,1226
198,1230
96,1231
37,1234
16,1239
239,1239
398,1240
126,1241
149,1245
497,1246
181,1249
79,1252
376,1261
111,1263
73,1263
19,1272
215,1272
220,1277
202,1280
469,1281
6,1282
182,1282
249,1283
411,1285
191,1285
56,1287
361,1288
251,1288
47,1290
301,1292
20,1293
222,1297
278,1301
80,1302
17,1311
90,1315
404,1317
442,1319
120,1324
134,1325
97,1327
429,1328
237,1328
403,1330
238,1334
455,1338
74,1345
434,1347
150,1347
35,1349
359,1354
130,1355
486,1360
228,1360
166,1372
329,1376
48,1377
114,1380
316,1385
59,1387
87,1389
14,1395
431,1399
353,1405
416,1409
119,1411
446,1415
41,1418
76,1421
2,1433
424,1448
49,1452
243,1453
83,1458
187,1461
147,1461
9,1468
171,1472
365,1472
397,1474
173,1476
464,1482
159,1488
197,1503
241,1507
227,1508
102,1516
50,1517
463,1524
331,1524
104,1534
334,1559
380,1561
300,1562
219,1563
370,1566
207,1566
259,1571
252,1573
123,1580
189,1580
68,1585
400,1586
242,1586
496,1590
318,1597
347,1606
221,1607
193,1608
371,1612
360,1612
265,1615
452,1617
234,1622
323,1623
335,1630
209,1637
144,1647
383,1651
223,1656
382,1659
138,1659
396,1673
271,1687
341,1690
281,1694
34,1706
183,1729
244,1731
115,1732
289,1754
146,1757
172,1759
354,1765
52,1767
177,1778
142,1791
290,1809
479,1809
23,1810
42,1813
15,1818
132,1825
444,1832
139,1851
98,1860
263,1863
381,1864
99,1888
81,1894
109,1904
372,1905
71,1914
174,1925
141,1925
280,1937
385,1953
284,1955
69,1959
378,1959
288,1980
379,1984
285,1995
145,1995
326,2002
388,2003
364,2069
495,2074
125,2088
374,2093
46,2125
276,2148
277,2155
260,2229
240,2243
467,2246
45,2247
314,2263
43,2273
498,2280
395,2284
229,2291
480,2295
235,2326
456,2376
297,2410
169,2412
362,2498
10,2512
299,2549
67,2570
232,2574
195,2579
465,2582
295,2589
246,2659
30,2855
481,2865
217,2873
461,2875
375,3002
152,3148
38,3155
296,3432
391,3439

simblock.block.ProofOfWorkBlock@644d751a:36
426,59
178,540
328,604
24,665
205,689
453,724
392,746
230,754
95,781
488,805
343,821
471,822
414,838
303,850
184,879
116,881
483,888
338,894
336,906
185,909
357,937
89,937
118,938
122,945
92,957
28,961
64,965
91,965
29,971
188,988
129,994
179,994
53,1001
306,1006
140,1012
386,1018
402,1018
493,1028
399,1035
369,1036
266,1036
60,1042
54,1044
39,1049
344,1050
82,1058
239,1058
460,1063
275,1069
346,1077
492,1087
1,1088
459,1089
352,1091
128,1092
162,1096
307,1097
476,1098
472,1099
309,1108
22,1109
367,1111
425,1113
163,1115
16,1115
226,1117
466,1117
487,1119
312,1120
103,1122
473,1132
478,1135
443,1146
8,1149
44,1149
389,1151
255,1152
170,1153
449,1153
305,1158
410,1158
36,1159
168,1164
427,1165
368,1169
340,1169
157,1169
58,1172
196,1174
261,1175
21,1175
345,1177
294,1178
236,1178
321,1187
308,1187
52,1187
337,1188
393,1190
55,1196
56,1196
57,1199
311,1203
66,1206
287,1207
350,1210
387,1214
440,1215
422,1215
363,1215
482,1220
210,1221
484,1223
100,1224
339,1227
302,1227
405,1228
458,1230
110,1230
84,1231
432,1234
204,1235
63,1236
180,1237
51,1237
213,1239
156,1243
406,1244
3,1245
12,1246
158,1247
164,1250
293,1256
77,1264
448,1265
411,1266
454,1270
7,1271
333,1271
272,1273
70,1276
40,1276
413,1277
190,1278
200,1280
206,1280
450,1284
253,1285
420,1286
401,1286
332,1289
485,1290
93,1293
409,1294
176,1294
477,1295
491,1299
417,1302
304,1303
154,1306
167,1306
433,1309
214,1314
457,1315
430,1317
380,1318
72,1322
94,1323
107,1324
315,1326
113,1328
88,1329
419,1330
412,1332
282,1333
494,1335
274,1341
408,1345
499,1346
61,1347
270,1348
330,1348
283,1349
153,1351
377,1352
202,1353
102,1357
199,1357
451,1359
137,1360
324,1363
320,1365
500,1367
224,1368
175,1372
166,1373
133,1373
161,1378
258,1383
203,1383
186,1385
373,1387
124,1388
4,1394
356,1398
348,1404
208,1405
233,1405
148,1407
130,1410
143,1412
285,1414
366,1414
319,1420
78,1421
5,1421
469,1435
73,1438
25,1441
231,1444
85,1444
13,1444
250,1447
131,1447
390,1450
279,1451
112,1457
264,1457
329,1461
489,1461
496,1464
407,1465
385,1466
160,1466
447,1473
17,1475
187,1476
278,1480
194,1481
273,1487
42,1488
220,1490
182,1496
437,1501
18,1502
216,1502
415,1503
155,1505
240,1509
244,1510
159,1513
490,1518
382,1519
362,1520
248,1521
211,1522
358,1528
90,1529
445,1537
147,1539
198,1543
313,1546
446,1548
136,1549
149,1553
222,1554
212,1558
475,1561
87,1569
267,1578
398,1579
397,1581
383,1582
32,1583
79,1587
262,1587
15,1590
403,1591
121,1594
327,1598
120,1603
254,1608
439,1609
19,1609
192,1611
241,1614
106,1614
127,1617
169,1617
165,1628
108,1629
20,1629
27,1634
465,1636
480,1640
351,1643
47,1645
14,1646
317,1648
347,1649
31,1652
75,1654
97,1658
74,1662
436,1664
455,1665
76,1671
96,1672
416,1674
62,1675
355,1678
486,1678
26,1683
126,1683
134,1685
323,1698
111,1701
435,1701
150,1702
49,1706
359,1710
291,1712
429,1714
237,1717
151,1728
247,1734
300,1738
135,1739
177,1748
6,1751
117,1752
132,1753
101,1756
86,1759
298,1779
370,1784
235,1788
80,1796
310,1798
481,1805
342,1805
438,1807
251,1807
325,1822
318,1822
495,1829
474,1831
301,1833
109,1836
431,1850
378,1855
428,1856
277,1861
67,1861
33,1862
228,1871
249,1871
335,1875
361,1879
215,1883
371,1892
396,1897
441,1899
263,1901
290,1905
105,1914
470,1923
23,1924
322,1924
365,1925
223,1927
238,1932
99,1939
142,1944
265,1945
197,1950
374,1958
424,1959
271,1966
464,1972
286,1974
444,1975
268,1976
381,1984
50,1997
48,1999
349,2003
331,2007
217,2018
144,2020
201,2030
353,2030
114,2039
400,2040
191,2040
183,2048
46,2068
292,2068
326,2070
227,2076
479,2091
41,2093
257,2098
229,2105
284,2107
43,2117
421,2118
181,2127
394,2129
68,2144
189,2145
35,2148
463,2151
434,2154
442,2155
260,2157
193,2162
456,2168
316,2199
384,2201
11,2210
364,2212
388,2240
83,2245
172,2256
462,2271
252,2282
280,2289
139,2291
38,2293
59,2299
395,2305
269,2326
81,2329
115,2332
104,2350
289,2371
234,2396
171,2396
173,2399
10,2402
404,2409
246,2414
225,2437
34,2439
221,2440
391,2447
218,2447
314,2457
497,2458
281,2497
296,2501
138,2525
123,2545
2,2570
195,2578
65,2579
207,2582
423,2601
71,2628
379,2636
30,2640
152,2678
334,2700
37,2714
256,2740
242,2744
376,2755
146,2767
452,2783
145,2784
232,2808
209,2818
288,2871
341,2883
119,2885
259,2940
299,2961
375,2977
245,2987
498,3052
468,3059
9,3065
174,3067
276,3069
243,3079
360,3092
219,3153
418,3239
297,3304
461,3381
125,3394
141,3415
372,3423
98,3438
354,3693
45,3715
467,3721
69,4035
295,4064

simblock.block.ProofOfWorkBlock@33889021:37
393,59
493,220
311,278
337,340
78,378
148,396
22,434
118,435
457,455
343,489
309,492
116,494
77,511
212,546
156,549
336,550
153,557
167,562
136,571
1,584
408,585
274,603
61,608
201,613
185,613
66,624
420,632
164,635
92,640
24,641
471,644
489,648
127,661
344,661
324,664
466,673
272,673
213,684
305,695
409,699
236,700
129,700
64,705
476,707
86,708
199,710
294,715
333,718
356,719
459,721
401,729
351,731
18,736
484,737
204,740
162,757
113,757
8,761
352,762
180,766
211,766
54,767
491,769
478,770
53,772
312,772
282,773
308,776
387,776
121,779
483,781
475,783
437,784
214,787
253,792
44,794
93,795
454,797
262,798
450,798
100,799
385,805
190,810
287,811
414,811
7,814
443,815
200,819
410,820
72,822
266,824
163,825
143,825
453,826
485,831
422,832
430,834
399,836
13,837
103,837
283,838
338,845
160,846
449,847
154,849
85,851
62,852
122,855
27,856
208,856
58,861
168,863
428,865
166,866
488,868
40,869
36,869
170,870
230,870
415,870
88,872
51,876
105,879
248,879
293,880
89,882
70,883
286,883
133,893
315,893
94,894
84,894
16,894
482,895
95,896
239,898
107,900
186,902
224,903
473,904
307,906
412,906
500,908
135,909
319,912
179,912
440,915
264,916
373,917
110,918
28,919
494,923
472,925
320,926
12,926
427,926
367,929
499,930
346,930
63,933
57,934
202,936
178,938
340,939
21,939
445,940
321,944
413,944
306,945
448,950
386,950
31,951
392,953
377,953
302,955
157,956
161,957
196,957
357,960
158,961
433,961
270,962
332,967
407,967
303,968
275,972
137,973
233,975
497,978
389,980
60,982
91,983
231,984
128,985
3,986
405,986
304,988
419,988
339,992
451,993
487,995
432,995
250,997
402,1005
345,1005
188,1006
155,1007
441,1011
460,1016
124,1018
176,1020
55,1024
310,1025
490,1029
368,1032
477,1036
210,1041
369,1042
458,1043
187,1043
184,1045
39,1046
358,1049
406,1052
436,1052
278,1054
279,1057
447,1059
439,1060
442,1060
301,1062
435,1063
355,1064
4,1070
25,1079
216,1085
49,1085
348,1086
417,1086
426,1088
255,1100
82,1103
425,1105
495,1105
349,1106
496,1108
140,1109
328,1116
192,1120
151,1125
291,1130
267,1136
480,1137
150,1137
316,1137
492,1140
206,1143
106,1143
273,1146
464,1152
347,1152
191,1156
203,1157
56,1161
350,1161
111,1164
119,1170
261,1176
289,1179
438,1185
33,1187
101,1189
102,1192
292,1198
83,1200
455,1201
17,1202
363,1205
126,1211
269,1218
330,1218
76,1222
5,1225
6,1227
429,1228
249,1228
65,1232
226,1233
237,1234
434,1234
365,1236
198,1245
131,1250
418,1258
35,1262
194,1262
326,1266
141,1269
20,1270
134,1273
73,1274
416,1274
298,1284
388,1286
251,1287
225,1287
14,1288
209,1293
159,1295
240,1298
205,1300
215,1303
244,1304
277,1307
175,1308
359,1312
59,1314
421,1316
366,1319
46,1323
80,1325
268,1328
398,1331
370,1332
228,1333
247,1335
169,1338
383,1341
317,1346
112,1356
379,1361
241,1364
390,1370
74,1376
130,1389
381,1390
382,1391
181,1391
376,1395
469,1396
235,1400
165,1408
362,1408
444,1409
411,1410
48,1411
120,1413
431,1417
9,1420
396,1420
87,1422
15,1427
300,1438
29,1439
479,1447
220,1458
246,1458
361,1465
218,1472
117,1478
284,1482
114,1483
197,1484
238,1486
75,1498
42,1506
132,1510
397,1510
149,1512
90,1519
30,1522
109,1532
258,1534
50,1538
79,1538
322,1543
47,1544
229,1545
104,1551
474,1558
465,1560
234,1562
281,1563
142,1566
252,1568
276,1570
19,1577
139,1581
144,1586
11,1590
395,1592
172,1601
342,1603
108,1610
227,1612
222,1612
260,1615
323,1629
182,1635
189,1635
467,1638
177,1641
41,1658
280,1658
52,1661
2,1666
23,1667
325,1677
463,1682
193,1683
221,1688
285,1696
263,1698
290,1706
265,1724
486,1733
147,1734
318,1734
378,1744
32,1746
138,1759
468,1779
400,1782
37,1790
391,1794
329,1801
314,1808
223,1811
313,1811
371,1820
360,1825
299,1827
498,1835
354,1839
335,1844
256,1861
384,1863
43,1869
232,1872
271,1875
195,1896
394,1905
26,1907
297,1913
123,1922
207,1933
98,1945
403,1949
334,1964
424,1970
470,1986
375,2016
364,2028
97,2037
68,2048
404,2076
446,2094
81,2105
34,2108
71,2130
254,2139
341,2154
353,2157
242,2163
217,2189
219,2227
456,2233
331,2251
45,2262
327,2264
462,2332
146,2334
115,2373
183,2391
125,2411
481,2422
96,2422
423,2442
288,2447
171,2473
257,2506
296,2546
372,2578
380,2603
152,2705
243,2736
461,2756
452,2758
245,2780
67,2832
69,2849
174,3004
374,3061
99,3063
10,3120
259,3305
145,3345
173,3407
38,3629
295,3644

simblock.block.ProofOfWorkBlock@166d8df4:38
115,59
146,608
223,819
98,971
125,1031
249,1093
43,1128
371,1187
37,1313
335,1346
322,1363
260,1376
383,1383
394,1384
112,1406
370,1494
139,1507
145,1509
474,1531
463,1531
150,1576
334,1585
416,1598
147,1602
73,1613
277,1622
268,1645
99,1655
38,1657
97,1663
119,1674
480,1684
23,1684
20,1688
323,1702
5,1713
397,1745
291,1748
271,1754
189,1768
74,1769
384,1772
259,1775
497,1783
251,1795
462,1795
365,1799
218,1816
301,1837
247,1842
431,1843
349,1846
331,1850
385,1851
187,1856
326,1857
240,1868
220,1878
486,1883
222,1884
382,1891
242,1901
217,1901
35,1902
123,1902
59,1903
258,1905
340,1918
455,1919
191,1919
141,1922
52,1924
355,1929
327,1932
317,1934
347,1934
341,1936
444,1950
177,1963
33,1967
285,1971
288,1973
68,1978
197,1985
130,1986
90,1987
421,2000
49,2001
117,2003
492,2010
134,2011
329,2016
313,2016
353,2016
6,2017
316,2024
298,2030
270,2032
42,2033
400,2047
232,2048
50,2054
464,2054
479,2057
399,2059
120,2069
160,2069
47,2069
152,2072
244,2073
235,2074
9,2083
102,2085
468,2091
203,2092
126,2095
95,2096
403,2098
15,2100
83,2100
254,2101
404,2104
358,2106
333,2112
11,2121
17,2122
386,2127
380,2128
456,2129
422,2141
87,2142
175,2144
26,2147
228,2151
436,2154
273,2154
213,2166
144,2169
256,2169
161,2169
215,2169
396,2172
387,2174
408,2175
429,2180
109,2183
469,2183
289,2184
495,2187
398,2187
458,2187
351,2187
281,2188
237,2189
302,2190
135,2191
91,2198
40,2199
206,2208
352,2210
32,2218
159,2230
81,2232
62,2235
89,2236
80,2241
212,2244
369,2249
48,2250
192,2251
418,2251
470,2264
173,2267
96,2268
440,2268
182,2270
393,2272
245,2272
196,2273
491,2275
465,2277
46,2279
300,2280
201,2286
425,2290
231,2295
413,2296
442,2307
149,2312
57,2314
92,2325
443,2328
482,2328
446,2334
332,2339
60,2345
473,2345
306,2347
169,2347
53,2356
132,2357
39,2362
472,2362
391,2369
200,2370
368,2370
107,2371
188,2371
337,2378
66,2383
129,2383
325,2385
230,2385
131,2386
437,2386
209,2393
419,2395
1,2400
428,2400
395,2412
354,2414
348,2414
445,2419
88,2421
64,2422
114,2423
410,2424
36,2426
430,2429
414,2430
359,2434
202,2436
8,2437
292,2441
55,2442
432,2443
373,2445
409,2446
484,2447
105,2449
31,2459
388,2460
449,2467
336,2469
93,2469
199,2480
339,2488
390,2492
248,2493
303,2494
185,2503
321,2505
190,2505
345,2515
275,2515
168,2516
483,2522
243,2527
280,2529
309,2533
320,2534
22,2537
287,2543
451,2544
12,2549
51,2551
205,2559
286,2562
77,2569
108,2572
155,2574
274,2574
424,2576
433,2580
30,2580
453,2596
426,2597
279,2599
293,2599
467,2609
389,2609
28,2616
319,2619
27,2623
435,2630
361,2631
69,2633
128,2634
238,2642
181,2644
494,2648
477,2650
183,2651
224,2652
133,2657
195,2666
476,2672
94,2672
423,2678
4,2679
265,2681
372,2689
166,2690
427,2697
140,2697
299,2698
221,2706
297,2710
116,2712
178,2713
461,2715
438,2719
113,2720
100,2720
253,2723
447,2723
157,2723
171,2724
283,2728
207,2730
375,2731
18,2735
304,2747
364,2754
104,2754
236,2755
379,2755
311,2764
324,2765
420,2774
411,2777
434,2780
204,2788
75,2790
25,2793
307,2797
85,2797
262,2804
156,2815
282,2822
450,2822
225,2832
346,2837
234,2840
13,2848
71,2851
172,2859
290,2866
255,2871
7,2873
58,2880
261,2892
466,2893
216,2900
490,2901
124,2913
305,2914
45,2924
357,2930
65,2937
488,2942
441,2954
246,2959
241,2965
239,2979
330,2981
360,2981
14,2981
143,2992
496,3000
174,3016
342,3020
21,3024
269,3026
148,3047
78,3049
180,3070
415,3077
366,3078
459,3088
29,3090
56,3091
41,3107
10,3124
401,3127
460,3128
485,3138
314,3139
127,3155
406,3158
179,3164
229,3172
227,3177
278,3192
295,3197
76,3204
392,3210
167,3228
498,3241
328,3243
257,3243
377,3245
475,3249
471,3253
19,3273
165,3279
154,3321
296,3326
153,3342
70,3343
79,3346
2,3349
163,3350
276,3356
266,3389
481,3390
142,3406
61,3437
452,3449
151,3456
170,3462
106,3502
67,3502
219,3505
137,3519
376,3525
63,3540
457,3576
338,3584
263,3596
381,3608
194,3627
110,3650
417,3687
500,3694
34,3696
318,3702
487,3740
363,3762
362,3763
294,3820
343,3845
193,3849
72,3878
367,3888
211,3909
82,3949
101,3956
315,3965
111,4032
250,4043
208,4063
378,4105
103,4144
439,4195
162,4215
3,4227
454,4247
198,4294
164,4310
284,4359
138,4375
493,4404
448,4441
499,4494
350,4513
267,4556
407,4576
233,4598
136,4666
122,4743
118,4752
86,4810
16,4856
252,4884
412,4895
176,4924
478,5015
121,5043
489,5106
344,5156
402,5199
44,5276
210,5346
184,5363
310,5455
312,5503
308,5626
226,5652
158,5716
24,5804
186,5973
405,6063
272,6324
374,6491

simblock.block.ProofOfWorkBlock@4acd99dc:39
319,59
206,222
413,281
116,337
427,369
499,394
248,428
402,430
307,478
343,486
214,487
233,501
231,518
24,534
122,550
475,556
236,558
190,565
283,575
407,578
426,582
57,591
338,614
489,618
158,620
176,626
128,635
44,637
310,638
308,640
178,642
264,648
84,649
348,676
100,680
185,688
428,693
482,693
63,694
344,694
406,698
392,702
202,705
213,707
167,707
95,711
127,713
204,724
168,729
188,736
262,737
459,745
267,749
136,751
25,753
336,753
156,754
121,756
200,756
196,763
282,766
77,766
143,767
492,768
315,769
107,771
208,775
483,781
409,784
170,785
419,786
412,788
1,790
105,791
39,792
363,792
85,797
356,798
365,798
72,802
439,808
484,809
430,810
433,810
250,812
31,814
205,815
385,818
62,822
305,825
51,829
345,829
93,830
441,832
432,832
458,836
367,836
471,844
28,846
460,847
82,848
199,848
66,849
357,849
203,850
415,852
457,853
377,854
8,856
487,856
485,859
36,866
278,866
449,868
137,868
230,871
414,876
133,876
184,880
488,880
21,882
94,885
352,885
60,887
450,889
226,889
494,890
253,892
346,892
417,895
55,896
405,898
393,900
54,903
500,904
91,905
89,906
53,908
287,909
311,909
212,910
186,910
401,910
148,911
103,912
312,912
40,914
368,915
272,919
255,919
422,920
306,920
153,921
22,923
369,924
162,924
161,926
180,929
155,930
61,932
453,933
13,936
437,938
135,939
454,941
448,945
472,946
389,947
466,948
124,948
477,949
476,951
332,953
78,954
270,956
154,960
420,960
333,960
320,962
216,963
321,966
286,966
339,967
179,967
211,968
194,971
342,972
496,980
27,980
490,981
129,985
49,985
478,985
350,987
462,989
328,989
70,993
160,994
473,997
387,998
337,1001
113,1004
16,1005
293,1005
58,1010
12,1010
164,1012
19,1014
266,1017
435,1019
18,1019
362,1020
373,1021
491,1022
119,1025
399,1026
201,1028
64,1028
445,1037
408,1038
327,1039
274,1042
110,1043
431,1045
443,1047
80,1049
309,1050
118,1051
209,1055
340,1060
329,1064
210,1064
275,1066
302,1071
324,1073
447,1074
224,1078
294,1078
451,1079
88,1079
20,1084
425,1087
239,1093
440,1094
157,1096
351,1099
330,1100
261,1103
277,1103
273,1109
244,1112
317,1116
468,1122
140,1122
92,1124
380,1128
102,1138
366,1140
198,1141
7,1143
163,1149
304,1153
29,1156
493,1159
292,1160
410,1161
298,1162
301,1164
35,1168
383,1170
3,1175
303,1180
240,1183
444,1183
384,1184
147,1187
6,1188
75,1189
169,1189
241,1198
434,1199
166,1205
386,1208
97,1210
279,1213
436,1217
112,1218
86,1218
134,1220
151,1224
120,1226
355,1226
111,1226
331,1227
480,1239
323,1240
17,1247
249,1248
114,1248
165,1256
446,1264
424,1264
285,1271
228,1277
269,1281
455,1281
398,1288
123,1289
106,1299
181,1300
429,1300
486,1306
149,1306
421,1309
26,1312
47,1315
359,1326
4,1329
313,1331
56,1331
108,1333
397,1333
37,1337
131,1342
347,1351
182,1353
382,1354
495,1360
479,1361
5,1362
74,1365
65,1368
14,1382
87,1385
349,1387
300,1389
497,1392
463,1395
90,1395
235,1408
193,1417
73,1417
83,1417
465,1420
247,1422
126,1422
237,1425
498,1426
403,1444
48,1463
42,1463
258,1466
416,1466
187,1471
59,1474
268,1481
142,1482
130,1482
404,1485
52,1490
215,1500
470,1501
396,1501
243,1502
388,1509
43,1515
71,1519
289,1525
442,1525
381,1529
371,1530
257,1531
411,1533
132,1542
145,1548
438,1551
299,1553
9,1556
390,1560
238,1561
79,1564
254,1565
284,1571
221,1575
218,1578
467,1585
177,1589
325,1591
378,1597
314,1599
296,1603
222,1621
481,1622
171,1624
260,1630
104,1635
220,1638
271,1642
361,1642
141,1644
173,1654
353,1655
281,1656
189,1656
376,1663
197,1664
174,1669
46,1670
227,1673
76,1673
291,1674
144,1678
334,1687
326,1695
316,1705
379,1711
223,1717
192,1717
117,1722
295,1726
99,1726
280,1730
469,1737
11,1762
96,1762
335,1768
115,1769
41,1787
423,1808
50,1812
364,1824
234,1834
150,1837
276,1847
15,1850
175,1856
418,1868
452,1873
225,1883
109,1884
318,1889
370,1892
464,1919
251,1941
146,1943
125,1949
172,1958
322,1966
191,2003
358,2012
69,2013
242,2013
32,2029
219,2045
159,2048
68,2051
245,2057
394,2059
288,2095
33,2111
354,2114
263,2131
259,2153
474,2177
101,2190
217,2197
34,2207
45,2255
2,2288
207,2296
374,2316
229,2331
290,2337
246,2341
360,2342
341,2378
297,2386
183,2455
139,2469
138,2478
38,2480
256,2490
252,2576
395,2615
232,2618
23,2626
456,2635
372,2719
81,2767
98,2870
67,2914
461,2919
391,2923
10,3056
152,3197
375,3263
400,3350
30,3482
265,3649
195,3764

simblock.block.ProofOfWorkBlock@22478fcc:40
69,59
359,782
197,1000
191,1059
244,1082
5,1171
416,1230
468,1281
342,1301
52,1314
362,1333
84,1351
382,1390
327,1392
166,1395
75,1409
497,1447
358,1478
403,1479
56,1496
425,1502
101,1506
215,1521
95,1529
383,1542
421,1544
238,1551
356,1559
108,1560
370,1566
368,1575
187,1578
240,1589
436,1603
225,1612
220,1614
64,1615
326,1617
141,1622
349,1629
446,1630
218,1633
465,1633
455,1649
239,1651
49,1672
87,1676
312,1678
122,1683
169,1691
257,1694
269,1695
268,1700
117,1701
153,1707
109,1715
35,1717
91,1717
485,1722
331,1723
352,1723
365,1723
32,1728
228,1732
431,1736
233,1741
397,1742
24,1748
428,1752
426,1752
396,1754
47,1764
278,1768
119,1768
2,1776
251,1776
289,1779
445,1780
181,1781
249,1782
211,1783
26,1784
20,1786
345,1786
394,1790
291,1793
73,1798
301,1804
177,1805
429,1807
377,1808
406,1810
300,1814
384,1818
185,1819
25,1824
131,1824
126,1824
150,1828
261,1835
46,1839
48,1841
16,1841
8,1842
469,1842
463,1848
479,1849
83,1850
144,1850
337,1852
285,1853
111,1857
149,1863
200,1864
11,1865
168,1865
444,1865
106,1866
320,1867
15,1868
157,1868
90,1870
245,1872
315,1876
462,1876
155,1881
234,1882
86,1883
441,1891
97,1892
292,1893
414,1894
388,1898
94,1899
6,1900
231,1900
402,1900
340,1901
118,1902
63,1904
175,1906
203,1909
123,1911
361,1916
480,1917
447,1918
236,1923
66,1923
74,1924
417,1925
346,1925
434,1926
470,1930
324,1932
442,1932
186,1933
110,1933
369,1933
89,1935
385,1937
241,1938
102,1947
80,1947
280,1948
33,1949
165,1953
443,1953
298,1957
14,1958
424,1958
100,1961
329,1961
253,1966
159,1973
338,1973
163,1974
134,1976
212,1981
419,1981
401,1981
366,1983
317,1984
59,1984
363,1985
439,1986
495,1989
19,1989
65,1989
310,1991
13,1993
178,2001
224,2008
313,2008
475,2009
381,2011
379,2014
432,2014
438,2014
130,2019
136,2019
237,2020
247,2024
235,2024
222,2033
254,2033
433,2033
204,2034
132,2038
294,2040
318,2043
499,2045
53,2046
325,2047
192,2049
85,2049
321,2051
37,2055
471,2055
7,2055
283,2062
93,2065
496,2065
380,2066
277,2068
209,2070
188,2072
450,2073
411,2075
353,2075
387,2077
22,2077
488,2080
430,2082
490,2085
170,2091
323,2093
457,2096
72,2099
281,2107
40,2108
213,2109
158,2115
196,2118
487,2120
198,2122
355,2125
54,2125
162,2128
410,2129
17,2132
343,2135
51,2141
477,2141
409,2144
4,2145
12,2147
96,2149
407,2151
82,2157
76,2158
395,2163
464,2167
156,2172
77,2178
307,2183
78,2183
486,2185
459,2186
418,2186
319,2192
392,2193
404,2197
39,2200
120,2201
448,2208
305,2214
258,2217
412,2219
348,2222
262,2225
376,2225
182,2228
398,2230
484,2232
267,2236
21,2239
205,2239
42,2240
161,2243
330,2248
272,2250
282,2253
339,2254
354,2257
316,2258
44,2260
107,2277
390,2280
274,2287
88,2290
147,2291
133,2295
135,2299
333,2303
202,2305
415,2306
492,2310
422,2312
408,2317
451,2319
306,2319
112,2320
494,2327
190,2329
114,2329
167,2330
473,2330
482,2332
43,2338
500,2340
256,2348
302,2351
58,2351
201,2358
347,2361
472,2364
143,2374
248,2381
27,2387
273,2390
476,2392
264,2395
60,2400
374,2401
1,2410
128,2411
427,2412
36,2415
179,2421
208,2425
127,2425
344,2428
38,2430
71,2449
232,2451
456,2461
154,2465
461,2465
145,2475
152,2477
199,2479
113,2482
57,2486
467,2494
453,2494
483,2497
183,2497
386,2505
389,2506
195,2508
286,2510
229,2511
115,2517
399,2525
284,2527
180,2531
210,2533
334,2534
452,2535
3,2537
221,2538
299,2542
116,2549
243,2551
68,2555
440,2558
242,2560
219,2561
458,2565
176,2572
373,2572
309,2579
45,2584
449,2588
207,2590
308,2591
454,2593
400,2600
275,2602
31,2603
160,2607
171,2624
125,2632
148,2668
255,2671
151,2681
246,2693
466,2702
372,2706
173,2707
367,2707
105,2711
265,2714
217,2716
393,2731
304,2737
9,2743
138,2745
303,2746
357,2746
276,2747
259,2749
481,2751
230,2767
67,2775
129,2785
371,2786
378,2800
260,2801
391,2816
99,2833
50,2835
296,2840
336,2841
270,2842
375,2843
266,2844
288,2854
227,2856
103,2878
194,2885
124,2920
140,2943
478,2960
423,2961
364,2965
297,2990
360,2991
142,2999
311,3015
322,3020
41,3025
493,3053
214,3058
164,3062
295,3077
172,3088
328,3088
30,3093
413,3094
34,3104
121,3134
146,3148
62,3188
92,3220
70,3229
250,3239
104,3244
137,3269
193,3303
263,3309
460,3327
341,3329
335,3343
290,3350
23,3353
216,3363
489,3403
435,3420
28,3444
420,3536
189,3575
293,3581
81,3583
491,3596
223,3602
405,3603
29,3624
55,3712
61,3757
437,3774
474,3825
252,3867
206,3931
79,3963
174,3975
332,3984
226,4109
10,4121
498,4211
271,4357
18,4363
314,4370
98,4605
139,4619
184,4744
350,5125
287,5507
279,5890
351,6281

simblock.block.ProofOfWorkBlock@777857e0:41
274,59
466,210
315,267
337,324
53,359
448,383
110,417
190,420
116,447
343,473
306,475
485,476
267,504
94,508
427,529
489,533
51,533
272,549
103,560
4,566
8,572
91,587
78,590
107,595
319,597
275,598
105,607
309,621
430,622
387,624
303,626
64,628
62,638
212,646
153,648
160,653
435,654
12,656
88,659
155,659
36,668
250,678
18,678
231,679
202,680
253,681
449,682
282,690
414,696
472,696
89,701
439,702
95,708
233,711
348,715
432,719
368,719
185,721
366,725
312,725
180,733
283,735
406,737
308,737
454,738
60,738
270,740
86,744
57,746
16,751
27,752
70,753
93,753
320,756
54,757
393,760
163,762
213,766
336,770
236,772
262,772
460,777
1,778
482,778
58,778
484,780
179,782
363,788
61,792
386,793
121,794
133,794
302,795
92,796
357,800
339,800
351,801
186,806
451,806
410,808
332,808
161,810
500,811
135,811
310,812
494,817
328,817
148,820
136,825
338,826
433,827
204,828
450,829
85,829
287,834
39,834
84,835
143,837
21,837
408,838
389,839
22,839
471,840
419,841
170,842
417,845
111,848
492,850
352,851
377,852
307,852
428,854
399,856
344,857
415,858
154,858
476,868
184,869
294,869
200,871
477,872
230,875
367,879
459,879
392,881
458,881
40,886
321,888
77,889
137,891
7,892
208,893
72,894
255,894
266,895
412,897
304,897
340,898
100,898
478,899
447,899
278,902
28,902
279,904
140,907
264,907
345,909
31,909
124,913
129,915
157,917
214,918
239,919
128,921
405,922
113,924
324,928
333,929
66,930
156,931
118,931
158,931
216,937
261,938
457,938
373,950
496,953
491,954
162,954
440,954
422,955
488,955
487,956
226,957
194,962
196,962
483,964
201,965
326,965
426,965
211,966
347,967
205,975
401,980
286,985
63,987
176,989
356,990
203,994
164,994
3,1006
453,1008
490,1011
409,1011
402,1012
350,1017
29,1020
244,1021
305,1022
13,1022
168,1022
420,1022
355,1027
425,1033
82,1034
178,1042
55,1043
445,1043
293,1048
25,1050
247,1052
224,1052
112,1053
127,1054
369,1054
167,1061
126,1066
206,1068
59,1069
330,1070
381,1078
413,1078
499,1079
438,1080
199,1082
97,1083
473,1083
187,1085
388,1085
380,1089
346,1089
376,1095
248,1102
44,1106
444,1106
475,1111
52,1122
24,1125
311,1126
73,1128
37,1128
32,1135
102,1137
132,1142
441,1143
437,1143
358,1144
359,1144
268,1157
33,1164
19,1166
495,1167
169,1174
480,1174
384,1175
14,1176
175,1176
5,1183
122,1186
249,1190
325,1190
258,1193
443,1195
144,1196
313,1198
147,1199
416,1203
210,1204
469,1206
65,1208
277,1217
362,1223
464,1225
318,1229
56,1232
383,1236
177,1239
20,1246
479,1247
101,1252
493,1253
370,1253
361,1255
11,1255
291,1261
407,1262
436,1262
289,1263
470,1264
462,1265
257,1267
123,1269
131,1276
442,1276
353,1280
220,1282
342,1295
390,1298
134,1299
281,1302
411,1306
241,1312
150,1314
6,1314
120,1315
446,1316
75,1318
222,1321
17,1322
317,1324
316,1331
74,1333
149,1339
76,1340
141,1340
374,1343
209,1345
298,1345
403,1346
434,1348
251,1353
331,1356
119,1359
117,1363
90,1368
166,1371
327,1376
240,1378
2,1396
228,1397
379,1403
397,1404
300,1425
269,1426
421,1427
396,1431
114,1434
15,1436
38,1439
48,1445
418,1446
46,1448
329,1451
49,1451
404,1472
292,1472
395,1480
26,1483
109,1487
429,1489
455,1494
271,1495
80,1510
215,1516
431,1519
252,1529
151,1533
299,1537
98,1542
181,1546
260,1546
81,1546
30,1548
217,1559
172,1571
237,1572
197,1573
322,1578
474,1583
452,1587
87,1591
497,1596
273,1598
47,1608
207,1616
35,1619
235,1622
189,1623
382,1624
498,1626
323,1628
290,1628
50,1631
71,1640
296,1640
245,1641
193,1648
276,1651
354,1653
301,1658
234,1659
99,1662
41,1668
69,1683
23,1684
365,1686
285,1686
486,1692
188,1698
391,1700
468,1704
125,1709
104,1713
223,1717
314,1719
265,1748
192,1749
423,1765
238,1766
335,1768
360,1776
83,1777
465,1796
225,1798
42,1801
142,1829
398,1834
9,1838
375,1844
182,1849
79,1856
106,1860
284,1882
378,1899
229,1908
394,1918
45,1926
280,1939
263,1940
171,1951
159,1961
198,1970
364,1972
254,1973
138,1984
463,1985
139,2001
34,2009
173,2038
297,2039
341,2047
165,2090
334,2123
130,2132
456,2136
349,2141
424,2146
96,2155
146,2180
232,2205
242,2232
191,2261
68,2269
108,2303
246,2305
385,2330
288,2333
10,2419
227,2425
219,2440
372,2462
218,2474
461,2505
256,2543
183,2612
481,2618
145,2733
371,2759
115,2760
174,2848
152,2900
243,2959
221,3027
67,3054
467,3190
259,3199
400,3339
295,3540
43,3625
195,3911

simblock.block.ProofOfWorkBlock@7f7012f:42
137,59
168,210
61,272
484,329
422,358
439,385
113,414
116,441
450,470
128,495
24,500
213,518
387,530
84,530
337,536
140,552
406,563
39,576
233,579
190,588
346,588
121,597
262,597
239,609
202,619
72,632
186,635
476,647
471,648
199,653
22,653
95,654
122,655
367,666
399,669
205,677
194,683
328,692
494,694
178,706
407,707
210,707
1,710
129,713
307,713
489,718
344,718
264,720
458,722
485,726
441,728
267,732
59,733
12,737
196,739
312,741
110,742
156,748
478,750
330,753
460,763
103,764
92,765
154,767
93,771
487,774
426,774
348,775
226,777
170,781
332,783
303,785
211,785
185,786
279,789
124,791
457,793
432,795
266,797
496,798
377,799
287,801
488,802
53,808
443,809
366,810
401,811
492,811
393,812
408,815
272,819
31,820
3,821
294,822
153,829
339,829
350,830
437,833
136,834
419,839
184,840
270,841
304,842
311,842
308,845
231,849
477,851
428,852
413,852
29,853
274,854
164,855
36,856
21,860
180,862
78,862
402,863
82,865
148,866
63,867
420,867
127,871
51,872
157,876
293,877
89,879
27,879
459,886
77,886
491,888
412,889
100,891
40,893
167,896
261,897
410,898
466,900
7,900
57,902
414,902
28,903
119,904
107,906
179,907
88,909
206,911
105,911
356,913
275,913
302,915
135,916
340,916
8,917
473,917
94,918
13,920
310,925
320,925
85,925
70,926
392,926
91,927
352,928
373,928
369,934
451,934
333,935
453,935
442,935
255,935
405,936
155,938
306,940
269,940
44,940
368,942
133,943
336,944
143,944
345,948
160,949
394,949
200,950
500,950
440,950
216,950
448,952
427,958
163,959
430,960
236,961
338,964
58,964
286,965
161,965
415,965
66,969
16,970
208,974
483,979
224,979
417,981
357,984
248,985
409,986
380,988
18,990
176,992
62,992
447,995
282,996
386,998
475,999
315,1001
158,1002
389,1006
201,1011
118,1011
455,1018
454,1021
309,1021
298,1022
351,1024
4,1027
433,1027
305,1031
425,1034
250,1035
472,1045
283,1053
482,1055
54,1059
60,1060
230,1062
321,1063
204,1069
278,1073
445,1077
499,1079
214,1080
166,1080
75,1086
363,1091
253,1092
162,1093
87,1095
25,1096
218,1099
324,1101
390,1105
281,1113
203,1114
55,1114
147,1116
403,1118
212,1119
106,1133
149,1134
325,1135
449,1136
130,1139
291,1141
249,1146
319,1157
175,1159
177,1159
434,1160
316,1161
382,1163
463,1163
285,1163
37,1165
49,1166
376,1169
5,1171
228,1174
126,1184
220,1190
421,1192
56,1193
15,1203
64,1206
411,1210
247,1210
313,1211
83,1211
493,1213
20,1214
486,1215
347,1220
131,1223
268,1228
273,1231
361,1233
188,1235
141,1236
234,1240
258,1241
358,1243
326,1247
169,1250
32,1252
404,1259
462,1264
470,1266
327,1273
251,1273
35,1275
355,1276
134,1277
318,1278
384,1285
343,1286
74,1287
11,1288
444,1289
254,1290
349,1292
90,1296
159,1305
465,1306
182,1307
117,1309
17,1311
14,1312
120,1318
19,1321
468,1324
277,1334
469,1334
464,1334
109,1334
292,1335
397,1342
123,1343
257,1344
431,1345
198,1348
33,1353
144,1354
490,1364
191,1365
47,1367
429,1370
480,1376
192,1381
26,1384
379,1385
151,1386
301,1394
383,1398
232,1406
52,1413
86,1420
48,1424
112,1425
111,1428
289,1431
438,1436
2,1442
96,1447
362,1449
187,1450
495,1458
329,1462
436,1464
237,1479
435,1480
241,1481
189,1494
6,1504
173,1504
80,1508
101,1512
370,1518
474,1525
81,1532
245,1536
331,1540
371,1548
418,1554
209,1554
114,1556
265,1567
132,1569
423,1570
193,1576
142,1591
150,1591
221,1592
353,1596
102,1597
97,1600
217,1602
104,1603
146,1614
50,1614
296,1619
416,1619
378,1624
360,1624
252,1626
125,1628
195,1633
41,1633
138,1635
424,1636
374,1645
497,1651
317,1653
235,1654
172,1668
400,1673
46,1688
79,1689
365,1690
290,1704
388,1707
467,1728
76,1731
67,1737
108,1737
10,1742
99,1744
69,1766
165,1769
240,1770
181,1775
479,1788
229,1790
115,1802
243,1804
385,1809
280,1825
314,1825
42,1827
456,1836
341,1837
68,1852
263,1861
300,1868
222,1871
38,1892
23,1900
342,1902
45,1906
452,1908
65,1912
244,1943
197,1946
323,1980
276,1996
446,1996
238,2001
297,2007
73,2039
43,2054
227,2071
396,2073
391,2074
381,2081
260,2108
145,2121
225,2158
71,2159
398,2166
461,2205
375,2220
183,2241
215,2246
219,2252
334,2280
242,2295
246,2322
9,2355
34,2356
395,2365
335,2391
359,2416
481,2442
171,2454
98,2548
256,2562
364,2609
139,2650
354,2654
299,2677
372,2698
322,2705
152,2725
207,2832
284,2895
271,2933
498,2988
259,3034
30,3135
174,3196
223,3286
295,3384
288,3420

simblock.block.ProofOfWorkBlock@e2a4015:43
74,59
192,274
394,362
117,450
300,516
19,534
313,583
316,597
102,618
358,670
462,670
120,684
144,718
177,733
347,751
380,758
251,769
134,773
35,800
225,810
385,815
33,815
182,835
349,838
215,840
165,855
390,856
329,888
257,890
463,897
254,899
379,903
131,904
132,917
424,922
149,932
42,940
470,952
353,970
15,970
191,973
389,975
130,979
301,985
376,986
37,992
438,1002
281,1004
298,1005
325,1021
234,1028
253,1031
57,1031
56,1033
166,1033
285,1036
327,1036
381,1036
370,1053
291,1057
111,1061
218,1062
47,1063
497,1063
384,1071
277,1074
83,1077
418,1083
273,1083
465,1088
328,1088
21,1092
147,1098
49,1108
469,1111
240,1114
237,1115
434,1116
365,1119
187,1121
436,1122
361,1125
220,1127
363,1127
495,1141
292,1142
245,1143
209,1143
442,1145
75,1152
268,1158
479,1163
36,1165
59,1170
11,1171
106,1173
388,1174
331,1181
162,1181
408,1183
266,1185
80,1188
367,1194
280,1194
323,1196
32,1196
48,1202
355,1203
141,1204
468,1204
330,1205
66,1205
317,1206
397,1208
159,1209
411,1209
249,1223
175,1224
396,1224
123,1229
352,1229
387,1237
96,1237
326,1238
275,1240
321,1242
448,1242
157,1244
403,1246
90,1249
244,1252
464,1255
76,1258
150,1263
231,1263
480,1263
428,1266
488,1268
6,1270
197,1273
430,1276
416,1277
269,1277
26,1279
238,1283
455,1284
318,1291
289,1292
211,1294
107,1296
179,1296
342,1305
261,1307
258,1314
4,1315
247,1315
73,1316
447,1320
87,1326
169,1329
194,1335
5,1336
53,1336
196,1337
124,1339
154,1345
422,1345
97,1346
151,1349
101,1352
2,1355
267,1355
198,1355
338,1357
421,1360
64,1360
40,1361
52,1362
46,1365
14,1367
109,1370
164,1373
383,1374
440,1374
163,1377
476,1378
108,1379
466,1380
369,1381
307,1384
377,1384
65,1387
228,1387
7,1389
433,1389
112,1392
398,1392
362,1393
205,1393
100,1394
437,1395
499,1395
18,1397
235,1397
222,1400
444,1403
319,1403
419,1404
386,1406
351,1407
315,1412
202,1413
70,1414
294,1414
500,1416
230,1418
200,1419
93,1419
429,1420
17,1423
20,1426
489,1430
401,1437
417,1440
1,1443
126,1444
425,1447
143,1450
445,1450
486,1459
494,1466
44,1468
409,1470
203,1473
250,1475
119,1481
435,1488
483,1494
78,1494
236,1500
496,1504
272,1504
248,1510
185,1510
382,1510
114,1514
63,1517
346,1519
133,1523
309,1525
190,1527
241,1531
28,1535
410,1536
492,1537
54,1538
490,1539
155,1540
332,1547
359,1552
274,1552
140,1553
61,1554
491,1554
118,1555
224,1555
350,1557
426,1560
368,1561
431,1567
129,1572
453,1573
12,1575
94,1575
286,1577
208,1580
366,1582
472,1584
339,1585
128,1587
167,1588
427,1589
29,1593
264,1596
85,1602
404,1613
213,1617
13,1619
415,1619
413,1623
31,1624
336,1624
311,1631
188,1633
116,1636
348,1638
135,1641
305,1643
446,1660
121,1661
374,1663
344,1669
176,1669
451,1670
334,1673
45,1685
414,1686
450,1688
406,1693
113,1700
148,1703
86,1707
92,1711
443,1711
168,1720
214,1720
22,1725
89,1728
127,1730
103,1730
493,1733
181,1734
84,1735
356,1740
393,1741
402,1749
153,1750
340,1753
30,1753
461,1754
39,1758
122,1758
170,1759
295,1761
156,1762
255,1766
310,1770
276,1787
43,1789
137,1791
432,1792
174,1792
471,1798
477,1801
88,1807
98,1809
105,1811
232,1814
199,1817
60,1829
474,1829
178,1835
217,1837
270,1843
146,1856
457,1863
458,1864
412,1869
171,1871
152,1872
180,1874
136,1886
308,1889
324,1893
226,1899
279,1903
25,1904
210,1908
239,1912
173,1914
484,1916
50,1918
204,1923
364,1925
337,1930
407,1936
302,1937
27,1938
260,1939
262,1961
467,1963
473,1965
95,1975
333,1977
405,1991
58,1996
459,2003
392,2008
79,2012
221,2013
478,2039
271,2040
375,2040
420,2045
189,2047
399,2054
67,2063
62,2064
378,2064
110,2072
158,2075
303,2077
293,2088
345,2089
439,2089
206,2093
161,2093
71,2100
343,2100
263,2101
201,2104
160,2119
68,2122
184,2140
77,2153
82,2167
55,2172
395,2175
125,2178
278,2180
341,2185
306,2188
312,2215
360,2216
314,2216
16,2219
186,2231
72,2239
372,2243
373,2257
9,2262
23,2267
212,2268
487,2273
475,2274
233,2277
290,2298
24,2303
3,2315
195,2317
456,2323
69,2330
51,2336
283,2344
357,2352
449,2356
193,2361
216,2389
354,2393
460,2416
99,2421
252,2429
320,2434
304,2449
441,2455
172,2465
115,2470
265,2508
322,2511
142,2517
282,2527
454,2537
223,2545
288,2566
482,2568
138,2580
34,2610
287,2629
229,2637
243,2663
335,2666
139,2681
296,2687
297,2688
91,2701
219,2721
485,2749
145,2764
242,2771
183,2783
10,2792
207,2830
41,2865
227,2885
299,2919
8,2928
81,2937
246,2938
498,3019
452,3031
371,3043
284,3078
259,3129
38,3145
391,3166
104,3187
423,3270
256,3327
400,3380
481,3517

simblock.block.ProofOfWorkBlock@79a12759:44
263,59
174,381
284,532
456,678
290,732
232,824
193,924
259,987
299,993
5,1007
172,1128
246,1148
423,1214
65,1230
461,1232
318,1258
14,1259
326,1264
50,1295
6,1318
139,1359
145,1365
10,1378
207,1399
384,1405
219,1441
354,1444
87,1452
424,1467
35,1478
327,1480
416,1495
301,1506
335,1514
222,1524
104,1532
498,1538
198,1544
269,1549
41,1552
292,1565
383,1570
359,1578
276,1620
331,1624
268,1627
26,1646
46,1652
382,1663
223,1664
468,1674
297,1681
381,1690
132,1696
385,1701
114,1704
38,1705
197,1715
316,1728
304,1732
281,1738
37,1744
56,1746
217,1753
469,1756
445,1756
181,1761
497,1762
380,1766
195,1767
228,1773
19,1778
379,1780
75,1783
99,1785
177,1787
218,1803
355,1811
157,1812
187,1817
244,1820
449,1823
404,1825
112,1828
474,1840
370,1841
444,1845
151,1854
215,1855
465,1855
314,1859
325,1861
74,1864
486,1868
191,1872
473,1883
147,1887
141,1889
298,1898
98,1898
231,1903
77,1907
341,1909
245,1912
117,1912
477,1913
419,1921
403,1922
357,1929
42,1931
71,1936
271,1937
49,1946
144,1949
346,1951
192,1957
102,1957
48,1963
73,1976
47,1978
320,1981
317,1981
446,1986
123,1988
462,1988
480,1991
349,1992
161,1994
57,1997
411,1999
32,2006
371,2006
220,2007
362,2013
240,2015
347,2026
108,2029
204,2037
328,2037
273,2041
86,2042
129,2047
111,2048
388,2049
330,2059
101,2059
81,2061
257,2063
120,2064
270,2069
300,2069
340,2076
479,2077
440,2082
261,2084
175,2084
458,2084
155,2086
398,2086
389,2086
150,2093
313,2095
491,2097
429,2105
21,2109
58,2119
438,2124
238,2127
421,2143
285,2144
336,2145
434,2147
249,2147
492,2148
442,2150
146,2151
409,2152
140,2156
135,2156
378,2162
447,2166
199,2171
308,2172
212,2173
131,2184
334,2188
394,2190
366,2190
402,2197
166,2198
16,2200
225,2205
4,2206
329,2208
9,2210
471,2210
160,2211
91,2211
413,2216
109,2220
393,2222
235,2224
90,2226
115,2227
476,2228
17,2230
365,2232
95,2233
353,2244
397,2246
209,2248
264,2251
28,2251
116,2259
70,2260
153,2260
130,2261
475,2264
495,2267
376,2267
126,2267
237,2271
128,2271
34,2272
453,2273
305,2275
430,2277
463,2278
435,2280
121,2285
60,2286
254,2290
361,2291
36,2295
233,2297
190,2309
251,2310
20,2313
395,2313
40,2321
387,2324
293,2325
283,2325
134,2337
103,2338
289,2345
82,2349
390,2361
25,2364
66,2380
178,2384
229,2386
455,2391
188,2396
224,2397
143,2400
400,2401
274,2403
272,2403
374,2403
64,2407
412,2407
396,2409
67,2419
303,2430
54,2434
345,2437
386,2437
1,2445
196,2448
459,2448
142,2449
39,2451
236,2453
80,2457
428,2459
234,2460
265,2464
3,2465
452,2468
460,2468
165,2471
138,2472
348,2474
312,2481
119,2491
286,2496
258,2499
457,2499
43,2499
186,2502
52,2505
408,2509
405,2511
319,2512
152,2518
2,2525
202,2528
247,2530
30,2538
203,2558
59,2560
158,2560
418,2561
148,2563
230,2566
173,2571
53,2571
183,2571
76,2575
275,2577
241,2578
248,2582
415,2584
360,2589
260,2592
72,2603
159,2604
306,2611
208,2617
92,2623
417,2625
369,2634
302,2641
470,2649
211,2649
221,2651
252,2653
79,2654
61,2660
377,2663
372,2676
83,2697
472,2697
279,2708
287,2710
256,2727
401,2732
44,2735
323,2741
342,2742
451,2746
24,2749
170,2750
431,2755
226,2757
391,2769
106,2774
97,2778
213,2788
310,2799
483,2799
344,2810
294,2815
358,2819
481,2819
45,2821
156,2827
68,2844
436,2851
280,2864
485,2872
171,2873
410,2885
295,2893
296,2903
185,2920
478,2932
69,2939
332,2947
85,2950
63,2966
214,2966
493,2972
243,2990
125,3000
250,3001
15,3015
122,3023
262,3031
33,3031
154,3033
182,3033
482,3041
62,3045
201,3050
107,3062
96,3081
110,3082
494,3087
11,3099
137,3112
364,3121
352,3126
277,3127
322,3137
255,3140
338,3180
180,3184
288,3194
467,3216
414,3229
113,3237
206,3250
23,3260
88,3271
375,3273
291,3278
149,3295
337,3315
420,3318
210,3331
31,3347
488,3350
367,3350
13,3360
164,3360
321,3374
343,3385
242,3387
94,3388
27,3409
168,3425
8,3427
373,3478
282,3495
127,3530
437,3533
464,3534
100,3538
432,3551
169,3556
133,3633
124,3634
441,3652
422,3662
350,3665
266,3670
278,3701
392,3712
363,3727
399,3731
55,3775
439,3827
311,3832
184,3837
356,3851
433,3874
189,3921
407,3971
167,3982
484,4000
136,4010
162,4028
490,4029
489,4078
487,4131
333,4136
351,4142
227,4171
500,4178
84,4270
29,4299
496,4335
450,4353
216,4360
179,4377
93,4431
427,4433
200,4441
51,4483
205,4567
267,4598
406,4655
448,4685
368,4696
118,4710
307,4728
194,4739
499,4786
454,4867
324,4897
22,4957
163,4993
176,5026
425,5042
239,5058
105,5086
18,5168
443,5195
89,5257
12,5341
309,5390
466,5412
253,5468
7,5556
315,5645
78,5739
339,5856
426,6098

simblock.block.ProofOfWorkBlock@1026523c:45
453,59
488,208
286,265
127,329
205,356
62,385
401,417
386,424
105,445
39,473
337,478
210,485
135,501
54,506
7,529
357,541
180,542
346,543
148,568
428,568
450,569
266,574
392,585
184,599
236,599
178,600
478,603
422,622
302,626
201,626
274,626
8,638
31,639
85,651
373,656
255,656
303,656
1,657
460,658
36,659
53,664
308,678
426,684
340,687
278,695
170,695
309,696
343,698
275,704
344,712
356,713
440,714
432,720
107,720
22,721
352,721
294,721
213,722
55,723
93,727
91,727
415,731
441,736
27,738
310,740
475,744
206,751
315,753
230,754
168,757
476,759
483,761
28,770
320,773
190,777
18,777
369,778
454,779
389,780
124,781
154,782
305,782
306,784
367,784
348,784
499,788
407,788
253,789
12,792
387,793
212,796
471,799
204,802
430,806
160,807
279,808
491,809
94,809
328,811
185,813
40,813
196,814
264,817
122,818
128,820
66,822
72,827
448,831
63,835
445,835
186,836
338,838
330,838
116,838
70,839
435,840
457,840
92,841
336,842
61,845
282,845
176,846
64,846
307,846
25,849
188,850
13,852
203,855
224,856
402,859
377,865
484,866
133,868
351,869
363,869
287,869
179,870
485,872
21,872
167,872
427,872
345,877
16,877
332,878
493,880
477,882
494,884
233,886
156,888
57,891
267,894
24,895
472,899
408,901
473,901
261,901
231,903
29,903
319,903
482,904
366,904
311,905
137,906
333,908
500,908
88,916
60,919
164,919
466,920
208,922
118,923
350,923
250,924
199,924
458,927
82,929
84,930
449,930
393,930
413,931
121,932
437,932
451,932
78,935
417,936
406,938
443,940
270,947
103,950
216,951
412,955
162,957
153,959
487,960
155,961
95,962
140,962
446,963
313,965
272,966
163,968
136,973
129,975
141,977
490,980
293,980
492,980
304,987
158,988
439,989
419,991
425,993
321,997
200,1001
410,1004
420,1005
469,1005
194,1008
100,1014
211,1017
447,1019
399,1020
214,1026
131,1027
368,1029
409,1031
157,1033
394,1036
89,1037
362,1040
113,1041
110,1042
58,1045
77,1045
239,1057
489,1057
312,1058
298,1058
35,1062
161,1065
87,1066
291,1068
277,1071
44,1074
495,1076
165,1086
52,1089
459,1091
83,1092
496,1094
414,1094
283,1098
248,1105
381,1107
51,1115
117,1120
75,1125
353,1129
405,1132
175,1135
19,1135
182,1136
285,1138
226,1138
238,1148
479,1148
468,1148
147,1149
134,1152
262,1155
241,1155
143,1161
323,1162
421,1166
80,1167
14,1173
20,1174
73,1174
470,1177
324,1179
416,1181
292,1185
86,1190
404,1194
144,1201
463,1201
49,1201
486,1206
444,1208
497,1208
4,1209
120,1213
465,1214
202,1216
96,1216
383,1227
331,1232
65,1235
462,1235
3,1241
126,1245
433,1247
380,1247
411,1252
26,1256
358,1260
396,1262
429,1264
257,1272
281,1277
403,1281
379,1283
181,1283
101,1293
111,1301
220,1305
108,1305
455,1305
166,1306
15,1308
251,1312
33,1318
442,1318
74,1320
384,1320
159,1321
349,1326
209,1332
38,1333
424,1334
6,1334
388,1350
59,1352
215,1355
370,1357
50,1357
90,1358
234,1366
382,1371
130,1372
76,1374
347,1388
46,1396
191,1397
273,1400
280,1405
300,1407
365,1415
97,1418
240,1418
395,1421
228,1426
339,1428
245,1434
149,1435
48,1436
249,1437
56,1450
102,1452
327,1453
34,1473
150,1479
223,1480
237,1481
376,1489
37,1490
106,1494
132,1495
254,1506
464,1514
235,1517
23,1529
341,1535
218,1543
371,1545
498,1562
438,1566
197,1569
355,1572
397,1576
222,1586
68,1589
400,1590
322,1590
5,1590
244,1592
456,1599
452,1601
258,1605
2,1610
146,1613
360,1620
268,1621
142,1621
265,1623
187,1624
195,1627
227,1633
30,1647
284,1649
361,1650
269,1650
119,1660
398,1661
374,1662
301,1672
329,1676
334,1683
114,1686
41,1687
115,1696
263,1700
271,1706
391,1711
98,1713
81,1723
192,1736
17,1742
104,1756
436,1761
109,1762
247,1765
151,1776
10,1779
431,1796
139,1812
434,1823
173,1824
317,1832
418,1833
152,1839
385,1854
354,1881
177,1909
326,1911
246,1934
43,1942
316,1942
198,1947
297,1961
378,1964
318,1968
252,1979
242,1994
256,1994
325,2004
123,2005
225,2027
290,2045
296,2055
229,2060
375,2069
359,2081
169,2081
145,2109
342,2147
289,2176
11,2182
183,2221
335,2224
423,2227
138,2228
219,2247
47,2254
193,2276
99,2302
481,2311
390,2316
172,2342
314,2343
42,2352
288,2364
480,2424
45,2477
260,2507
474,2510
232,2516
32,2593
276,2602
259,2610
364,2626
372,2629
207,2636
189,2650
112,2764
79,2789
217,2792
125,2814
295,2827
221,2886
171,2924
461,2925
174,2931
67,2937
243,2968
299,3049
69,3164
9,3172
71,3350
467,3698

simblock.block.ProofOfWorkBlock@1388e239:46
353,59
83,287
277,368
182,453
444,509
347,534
268,582
220,598
59,617
317,669
480,672
329,685
251,755
394,755
291,763
390,772
206,792
240,805
218,810
151,819
479,838
289,838
495,842
292,846
108,894
411,898
370,904
327,905
462,908
134,928
97,928
112,929
89,945
435,950
262,967
144,973
358,973
123,973
26,975
46,983
442,986
301,986
418,990
65,994
192,996
248,1008
119,1013
131,1014
431,1017
485,1031
126,1032
209,1036
388,1044
150,1055
313,1056
120,1057
281,1058
469,1058
245,1061
187,1062
175,1063
319,1065
109,1067
269,1068
42,1078
381,1096
396,1097
440,1097
365,1098
196,1100
494,1116
468,1116
215,1118
185,1122
106,1124
222,1124
310,1125
5,1125
404,1128
35,1133
398,1137
130,1139
403,1140
132,1140
31,1140
384,1143
90,1146
342,1146
379,1149
328,1154
253,1158
433,1158
463,1163
486,1166
12,1178
88,1178
47,1182
304,1183
198,1188
204,1193
424,1194
169,1199
121,1200
149,1202
312,1204
165,1206
298,1210
280,1211
200,1211
2,1212
63,1214
326,1214
499,1214
86,1215
15,1218
181,1221
316,1222
37,1223
14,1225
331,1226
465,1227
159,1228
361,1233
228,1234
91,1234
323,1234
427,1238
235,1240
70,1242
20,1244
496,1248
351,1249
363,1256
285,1264
492,1269
264,1270
389,1272
311,1272
413,1272
406,1273
349,1278
275,1280
225,1282
105,1283
166,1283
497,1283
434,1285
254,1286
380,1286
244,1287
491,1289
73,1292
1,1294
75,1299
66,1299
321,1299
52,1300
87,1304
48,1304
293,1305
249,1306
117,1306
473,1308
100,1308
74,1309
300,1309
80,1312
367,1315
49,1316
257,1316
56,1316
362,1317
273,1317
336,1325
439,1325
429,1328
238,1329
161,1334
155,1344
179,1347
460,1348
359,1349
449,1352
278,1354
303,1364
158,1364
282,1364
320,1367
118,1367
489,1371
188,1373
366,1376
54,1377
236,1378
355,1383
143,1386
416,1387
177,1388
401,1389
147,1393
19,1394
258,1398
436,1399
95,1400
85,1400
163,1405
409,1408
111,1409
438,1410
255,1415
76,1418
470,1418
17,1422
340,1422
230,1423
412,1425
430,1425
459,1425
116,1427
294,1428
324,1429
266,1437
382,1439
237,1440
82,1440
141,1452
168,1453
325,1456
339,1459
40,1461
318,1461
107,1467
102,1467
184,1473
178,1479
44,1482
13,1482
133,1488
53,1489
500,1490
190,1491
162,1493
305,1494
377,1503
205,1504
186,1508
261,1510
60,1515
96,1520
208,1521
157,1521
455,1522
197,1524
376,1525
247,1527
283,1530
446,1531
114,1537
464,1537
397,1539
61,1542
383,1544
103,1549
488,1549
478,1553
226,1555
194,1558
170,1559
199,1561
422,1562
213,1562
286,1564
450,1568
487,1569
407,1573
405,1574
309,1574
443,1577
7,1582
307,1583
458,1587
333,1588
346,1593
101,1599
432,1601
350,1601
11,1601
45,1609
212,1616
338,1620
71,1622
72,1622
6,1623
306,1633
490,1634
484,1645
267,1647
154,1648
77,1649
93,1659
148,1665
279,1665
386,1666
299,1671
62,1674
272,1681
302,1686
408,1689
357,1695
352,1698
153,1705
3,1712
343,1713
33,1718
308,1721
454,1722
137,1723
481,1726
8,1727
483,1731
22,1732
447,1736
415,1738
57,1738
214,1742
466,1749
330,1753
425,1755
387,1756
250,1756
217,1759
128,1760
420,1763
64,1766
203,1771
477,1771
191,1778
241,1787
43,1794
223,1805
39,1812
392,1818
207,1823
448,1826
156,1831
29,1832
334,1834
92,1840
417,1844
393,1856
287,1857
104,1858
173,1861
471,1861
256,1861
344,1874
369,1878
276,1881
79,1882
437,1886
18,1895
472,1900
195,1907
243,1912
467,1915
233,1915
451,1916
482,1917
441,1917
399,1925
21,1932
78,1932
202,1935
68,1941
28,1945
210,1947
421,1951
99,1972
138,1976
498,1986
315,1987
252,1991
476,1992
129,2002
410,2006
224,2007
139,2013
110,2014
391,2014
348,2017
246,2027
337,2031
372,2031
164,2042
25,2048
27,2051
145,2054
171,2070
445,2072
94,2074
474,2084
136,2084
414,2092
51,2096
24,2096
135,2096
180,2105
453,2105
140,2108
50,2108
271,2130
32,2131
189,2134
167,2150
345,2161
373,2172
260,2172
402,2181
23,2181
456,2188
58,2194
274,2194
378,2196
428,2224
172,2225
229,2239
364,2241
375,2244
36,2258
322,2263
69,2270
211,2271
55,2273
239,2277
419,2280
16,2284
113,2287
395,2289
374,2291
38,2303
385,2307
426,2330
152,2333
41,2335
160,2335
423,2344
122,2367
475,2375
296,2382
354,2396
124,2401
176,2432
332,2448
216,2455
493,2457
335,2460
297,2479
234,2479
360,2493
371,2494
201,2514
314,2519
288,2524
284,2529
219,2536
193,2538
227,2549
127,2552
84,2553
221,2580
34,2588
9,2598
146,2602
457,2621
270,2631
231,2698
142,2705
461,2753
30,2762
98,2778
115,2786
242,2788
4,2806
174,2817
232,2854
356,2877
125,2962
259,3018
10,3046
263,3070
295,3139
183,3207
400,3266
452,3317
265,3350
290,3388
81,3566
341,3826

simblock.block.ProofOfWorkBlock@7f40585d:47
156,59
72,207
476,263
211,322
58,358
105,378
136,413
419,414
445,438
57,470
496,471
368,472
337,495
64,528
184,530
422,531
180,549
439,551
343,556
407,562
24,564
449,584
320,586
332,588
70,588
483,607
27,620
205,621
440,622
202,626
393,627
282,636
406,644
453,647
213,652
367,652
12,664
459,676
208,678
307,679
487,682
311,683
466,685
443,685
278,689
315,692
345,692
346,702
304,702
310,704
133,704
8,710
203,711
460,721
200,724
185,724
204,732
279,732
206,734
399,735
336,743
39,745
270,746
405,751
352,752
366,754
93,754
95,760
262,760
308,761
124,768
490,769
448,769
161,775
339,775
168,777
118,780
63,781
22,787
88,790
155,791
82,792
454,800
21,801
261,801
319,804
7,808
485,811
92,811
428,813
190,813
61,815
441,815
387,816
344,817
430,820
436,824
333,825
167,828
266,828
356,829
54,832
392,835
163,837
324,837
199,838
100,839
51,840
457,840
294,843
386,847
376,852
340,854
414,855
473,855
435,856
348,857
53,857
210,860
29,862
306,864
16,868
153,869
274,870
494,871
62,871
164,873
216,874
224,875
272,875
410,876
194,876
137,877
176,881
267,882
408,883
116,884
255,886
303,890
1,891
13,893
89,893
158,894
493,896
412,897
426,897
248,899
373,899
415,904
321,909
293,909
489,909
113,910
275,911
425,913
477,913
338,914
264,916
417,919
196,919
157,920
472,921
384,921
437,924
122,924
162,925
94,928
78,932
283,933
389,934
491,934
121,936
478,937
31,937
84,938
32,939
369,940
450,946
17,949
226,951
413,952
253,954
250,954
129,954
148,956
170,958
482,960
305,960
433,965
302,965
107,965
44,966
66,968
86,968
214,969
484,970
351,970
128,971
28,971
363,974
447,978
40,981
471,982
236,982
286,985
179,988
160,990
402,992
330,994
36,994
309,995
285,999
149,999
103,1000
475,1001
140,1002
60,1002
3,1008
186,1010
350,1012
287,1015
77,1016
55,1021
258,1021
492,1022
313,1024
312,1024
239,1028
432,1029
143,1033
401,1033
327,1037
499,1040
135,1042
500,1044
178,1048
486,1048
201,1058
420,1058
230,1059
488,1059
409,1063
188,1067
451,1069
102,1074
85,1076
331,1078
497,1083
112,1093
377,1095
237,1095
233,1095
231,1101
197,1104
455,1106
123,1111
357,1114
130,1119
127,1122
431,1124
20,1129
108,1130
298,1134
75,1139
25,1140
109,1143
97,1148
154,1149
110,1153
370,1158
292,1165
159,1168
131,1173
411,1174
427,1178
458,1182
48,1183
166,1188
446,1191
495,1193
192,1195
325,1197
182,1198
83,1199
342,1200
114,1205
358,1207
249,1208
80,1210
87,1212
37,1213
18,1214
238,1217
404,1217
394,1218
382,1230
385,1235
91,1241
317,1244
383,1246
465,1251
359,1252
280,1254
251,1258
74,1265
245,1265
464,1266
132,1271
301,1272
442,1274
169,1278
403,1278
429,1278
218,1286
300,1287
281,1289
355,1297
6,1297
228,1297
416,1299
147,1301
181,1307
11,1312
469,1313
76,1314
212,1315
479,1315
421,1320
4,1323
19,1328
438,1332
126,1334
291,1335
268,1341
47,1342
209,1343
259,1344
165,1345
134,1351
240,1355
241,1356
269,1360
381,1366
463,1370
328,1373
398,1378
120,1380
470,1380
418,1383
33,1386
65,1387
380,1387
462,1388
444,1389
361,1403
46,1407
362,1421
247,1425
234,1435
273,1440
15,1441
379,1449
334,1450
198,1458
316,1459
90,1464
144,1468
68,1472
371,1476
59,1480
138,1481
56,1491
456,1492
390,1506
14,1509
119,1512
67,1513
191,1513
106,1518
244,1525
229,1527
189,1537
290,1537
41,1543
173,1547
101,1551
271,1552
187,1557
96,1559
9,1570
388,1571
314,1572
2,1577
146,1583
145,1591
263,1594
235,1597
142,1598
323,1604
353,1606
434,1618
117,1629
252,1636
73,1639
260,1653
150,1659
227,1661
50,1670
297,1685
52,1685
256,1686
115,1694
378,1715
183,1717
171,1721
5,1728
222,1736
26,1737
468,1740
23,1745
111,1746
30,1747
223,1757
395,1757
232,1774
424,1775
42,1792
172,1800
139,1802
49,1810
10,1814
335,1862
35,1862
498,1864
276,1879
81,1902
175,1908
391,1913
480,1915
141,1920
152,1934
254,1950
219,1958
349,1968
467,2000
242,2006
221,2015
217,2024
34,2036
288,2040
397,2079
354,2079
474,2084
193,2085
289,2085
364,2097
329,2125
151,2144
299,2147
400,2186
45,2224
207,2240
365,2252
177,2259
220,2299
452,2307
461,2314
79,2320
71,2321
243,2322
326,2323
341,2324
43,2326
69,2421
215,2432
318,2437
265,2485
396,2507
98,2525
347,2608
360,2609
423,2621
295,2639
257,2676
375,2773
125,2850
374,2887
372,2966
225,3021
296,3171
99,3232
174,3533
38,3600
322,3741

simblock.block.ProofOfWorkBlock@6958b099:47
68,59
334,463
391,617
79,764
371,852
119,1023
271,1096
234,1132
223,1175
59,1179
313,1226
198,1262
300,1291
421,1348
125,1382
149,1396
20,1433
317,1434
335,1478
235,1485
2,1527
141,1542
464,1552
112,1611
139,1635
23,1671
424,1671
468,1695
161,1786
287,1793
397,1810
108,1812
260,1825
411,1888
150,1935
463,1978
408,1978
474,1989
274,2088
469,2094
428,2113
280,2134
44,2157
318,2241
472,2243
488,2280
389,2332
292,2354
298,2383
485,2392
122,2413
327,2487
137,2506
487,2542
113,2585
19,2614
376,2636
261,2683
315,2692
205,2719
166,2733
451,2840
453,2857
46,2884
213,2884
78,2915
151,2983
267,2989
307,3018
253,3036
269,3139
82,3145
180,3183
454,3217
459,3222
65,3235
499,3286
344,3316
497,3389
39,3395
153,3446
133,3497
76,3499
448,3524
45,3603
229,3701
84,3740
359,3747
399,3763
230,3798
304,3825
115,3846
429,3999
3,4063
243,4086
407,4088
186,4099
110,4126
101,4246
456,4333
16,4368
163,4426
54,4437
164,4598
61,4669
264,4795
136,4950
437,4967
308,5143
405,5303
272,5511
478,5652
72,5868
158,6007
176,6216
184,6362
356,6567

simblock.block.ProofOfWorkBlock@2a7cf2af:48
27,59
408,297
161,354
392,411
194,450
140,468
16,505
487,525
410,533
286,563
88,566
270,589
205,593
405,617
377,621
84,624
51,624
53,650
22,651
310,656
39,673
95,677
21,680
185,680
336,690
186,704
212,707
203,712
85,713
57,714
264,716
31,730
7,740
178,740
78,741
483,755
492,760
18,765
64,769
453,770
321,771
118,773
459,774
414,777
304,778
420,790
93,798
136,800
332,801
266,801
373,802
500,807
155,814
60,818
441,821
44,824
368,826
261,829
248,829
489,830
490,831
62,833
439,835
312,836
432,840
369,840
236,847
366,855
8,857
340,857
279,858
105,865
348,865
86,865
447,866
283,871
437,874
58,874
308,878
157,881
211,881
108,884
12,885
412,885
121,888
477,888
216,889
201,890
491,891
417,892
351,893
66,894
433,895
267,897
401,901
460,905
208,908
448,913
204,913
202,915
253,918
113,919
224,921
445,922
133,923
92,923
485,925
210,925
188,928
89,931
471,934
124,937
422,937
72,938
262,941
479,942
309,942
29,947
70,947
428,948
282,948
154,951
63,952
406,953
148,955
214,960
168,961
61,962
305,966
275,968
25,970
478,975
419,975
199,976
402,976
274,978
493,978
158,979
307,979
116,979
137,987
473,990
167,991
387,993
319,993
330,994
127,994
77,997
294,1000
393,1000
213,1005
499,1006
226,1007
196,1007
206,1008
13,1008
440,1008
1,1008
320,1010
184,1013
153,1014
435,1015
55,1017
363,1017
176,1018
28,1020
170,1022
327,1023
344,1025
338,1025
343,1029
472,1030
160,1031
162,1032
415,1033
180,1034
399,1036
454,1038
287,1039
407,1040
200,1040
337,1042
345,1042
464,1043
293,1045
135,1050
458,1051
457,1052
468,1052
302,1054
329,1058
107,1059
40,1060
190,1063
386,1064
430,1067
449,1067
311,1069
131,1070
103,1070
156,1070
357,1070
409,1070
389,1072
110,1072
333,1074
128,1075
356,1077
451,1079
367,1086
328,1088
94,1088
482,1090
466,1090
24,1093
247,1093
350,1095
444,1099
255,1099
484,1101
166,1105
36,1107
179,1110
413,1114
352,1117
429,1118
396,1433
346,1123
149,1124
315,1124
443,1125
122,1126
100,1127
143,1130
496,1131
233,1134
272,1139
427,1141
303,1142
175,1146
249,1151
475,1154
476,1161
42,1165
278,1167
231,1181
436,1182
82,1182
494,1183
3,1186
382,1188
164,1198
488,1203
306,1205
370,1207
442,1208
6,1212
455,1212
222,1219
324,1220
119,1223
250,1227
238,1228
4,1231
191,1233
147,1233
239,1237
218,1239
101,1245
426,1247
404,1249
425,1257
365,1260
228,1261
339,1267
486,1268
383,1271
37,1271
33,1274
59,1275
390,1275
497,1285
187,1290
159,1293
230,1294
316,1294
144,1295
277,1296
323,1297
112,1298
56,1301
198,1301
192,1303
397,1304
313,1306
251,1308
331,1312
235,1314
134,1315
32,1321
169,1321
411,1329
434,1330
129,1335
245,1336
47,1336
237,1342
96,1344
163,1352
73,1353
15,1354
97,1358
416,1358
35,1359
87,1377
431,1381
17,1382
424,1384
215,1385
65,1388
132,1388
14,1389
421,1392
240,1393
91,1393
120,1407
130,1413
150,1413
258,1417
292,1418
114,1429
90,1434
20,1434
74,1435
456,1437
181,1446
54,1451
123,1454
220,1464
165,1469
318,1470
418,1472
80,1473
234,1474
347,1475
106,1481
209,1488
268,1488
462,1501
48,1503
465,1504
438,1505
2,1509
450,1509
317,1511
152,1515
301,1524
388,1526
254,1540
195,1542
117,1558
326,1559
242,1559
291,1560
398,1570
358,1583
380,1587
126,1588
463,1588
452,1590
9,1599
481,1604
111,1607
299,1614
67,1617
151,1618
138,1618
374,1618
335,1633
495,1642
362,1644
423,1648
19,1649
257,1650
50,1652
5,1652
52,1653
355,1658
172,1659
273,1661
98,1671
241,1675
83,1675
229,1676
246,1677
269,1679
26,1681
361,1685
182,1687
263,1689
298,1694
43,1715
183,1716
41,1716
400,1728
104,1730
394,1738
23,1746
259,1759
221,1766
359,1788
145,1798
360,1808
285,1812
470,1823
49,1824
280,1827
469,1831
219,1832
376,1835
139,1842
349,1847
384,1847
30,1848
68,1854
281,1854
11,1874
395,1903
375,1929
290,1932
284,1945
76,1957
314,1960
364,1962
115,1976
256,1981
252,1982
109,1996
141,2002
244,2005
46,2009
142,2013
341,2016
217,2023
381,2026
446,2049
354,2051
288,2099
227,2130
342,2130
146,2144
75,2174
177,2179
271,2183
385,2183
353,2185
102,2199
295,2199
174,2218
10,2219
325,2229
378,2245
193,2268
79,2311
297,2325
289,2351
300,2357
498,2415
260,2456
34,2463
276,2481
171,2520
45,2527
391,2554
322,2641
81,2642
334,2652
189,2681
474,2711
99,2763
379,2765
207,2818
125,2884
243,2905
371,2936
197,2952
223,2998
232,3026
372,3111
403,3124
480,3191
71,3241
173,3293
225,3301
461,3325
296,3476
69,3581
38,3586
265,3622
467,3634

simblock.block.ProofOfWorkBlock@49ff736a:48
219,59
290,388
474,594
189,742
456,833
125,908
256,1074
234,1108
260,1225
150,1259
33,1371
317,1484
173,1583
394,1633
316,1760
249,1783
159,1894
469,2019
243,2045
198,2154
376,2259
455,2289
37,2308
279,2463
106,2534
102,2551
75,2566
91,2760
326,2812
90,2812
11,2826
214,3059
386,3111
328,3124
128,3192
157,3359
345,3413
428,3423
148,3578
449,3656
450,3711
308,3726
223,3843
24,3953
16,3976
23,3996
443,4009
3,4025
65,4247
36,4253
194,4306
459,4325
309,4356
359,4494
267,4624
60,4739
429,4756
392,4931
76,5011
333,5118
266,5230
166,5258
54,5500
318,5509
417,5529
327,5756
57,5835
170,5879
151,6002
158,6147
412,6258
101,6259
184,6607
405,6958
478,7309
164,7659
136,8012

simblock.block.ProofOfWorkBlock@7c0fed85:48
271,59
139,394
322,599
79,707
341,854
242,928
98,1074
390,1119
400,1226
76,1377
313,1486
191,1636
106,1750
148,1935
327,2009
320,2246
442,2268
187,2526
458,2547
132,2786
302,2845
166,3061
155,3158
74,3323
478,3458
381,3583
85,3759
225,3842
108,4105
56,4374
2,4635
325,4901
370,5160
211,5466
162,5766
340,6067
350,6372
84,6670
86,6980

simblock.block.ProofOfWorkBlock@1f3dec06:49
182,59
495,281
131,363
394,445
209,508
396,527
215,584
240,594
480,609
147,662
361,666
245,681
353,703
228,724
497,746
132,749
479,752
97,786
218,805
468,814
470,828
429,828
281,830
300,835
130,840
352,854
87,885
404,892
411,895
222,905
342,909
46,911
347,913
159,919
123,924
277,926
101,956
111,964
385,967
39,969
292,969
438,979
365,982
398,987
421,988
313,994
19,996
200,1002
90,1005
83,1016
120,1019
17,1032
482,1033
149,1040
329,1044
177,1047
486,1048
273,1049
455,1051
280,1051
33,1054
376,1057
230,1060
257,1065
380,1067
330,1067
251,1068
269,1070
175,1078
74,1088
208,1093
194,1095
59,1104
258,1105
65,1114
151,1116
285,1116
308,1117
278,1119
444,1121
108,1123
289,1130
388,1132
442,1132
144,1132
362,1133
323,1140
114,1141
75,1143
302,1143
268,1148
465,1149
52,1149
112,1152
24,1161
397,1161
358,1171
414,1175
377,1178
320,1181
327,1186
249,1189
63,1195
14,1196
254,1198
247,1199
190,1201
47,1203
73,1204
37,1207
287,1209
15,1211
328,1211
326,1214
298,1215
119,1215
370,1216
134,1219
2,1226
192,1229
126,1231
234,1233
225,1234
32,1235
82,1235
220,1240
405,1243
205,1244
412,1244
496,1250
150,1251
331,1254
11,1258
155,1267
410,1269
355,1269
237,1270
56,1271
363,1274
337,1275
418,1276
187,1279
301,1280
336,1281
291,1287
117,1291
436,1292
35,1298
109,1298
350,1299
464,1301
166,1301
381,1303
94,1305
406,1306
129,1306
379,1307
401,1311
100,1317
356,1320
198,1320
390,1322
321,1326
439,1328
64,1335
255,1336
5,1337
426,1338
266,1343
26,1344
181,1348
61,1355
42,1359
434,1361
275,1361
343,1364
197,1367
191,1370
235,1374
137,1374
316,1375
244,1378
431,1384
127,1385
40,1386
121,1387
157,1389
317,1389
469,1392
185,1393
25,1394
141,1396
122,1399
178,1400
422,1404
457,1411
386,1414
435,1414
303,1415
307,1416
440,1417
93,1419
77,1420
170,1423
72,1424
463,1429
80,1429
367,1430
344,1433
238,1436
96,1438
20,1439
309,1439
250,1446
265,1446
53,1451
102,1451
28,1455
84,1458
325,1459
403,1459
164,1460
51,1461
253,1462
279,1462
48,1466
224,1466
384,1467
424,1470
153,1473
416,1475
57,1478
373,1482
460,1484
430,1486
154,1488
454,1491
459,1491
339,1494
136,1497
409,1499
500,1499
18,1502
22,1504
21,1507
248,1512
135,1517
417,1520
165,1526
86,1529
369,1539
450,1541
76,1548
293,1549
158,1549
413,1551
449,1554
105,1555
44,1560
310,1562
437,1563
4,1565
382,1570
351,1571
107,1572
204,1576
346,1580
66,1588
340,1589
16,1592
443,1592
214,1595
488,1596
312,1597
103,1601
338,1601
106,1603
427,1605
85,1606
241,1609
6,1611
399,1612
433,1613
140,1620
400,1621
196,1622
492,1631
168,1636
446,1636
188,1636
206,1637
448,1638
264,1641
156,1641
484,1641
282,1643
349,1644
167,1650
70,1652
304,1652
415,1658
283,1666
95,1666
315,1668
458,1681
485,1682
461,1690
203,1690
447,1691
318,1701
239,1704
68,1718
45,1718
297,1719
319,1723
473,1723
425,1726
176,1726
49,1727
210,1729
199,1729
261,1733
483,1735
36,1737
359,1738
211,1738
445,1739
324,1745
420,1745
128,1757
213,1764
189,1766
54,1769
489,1770
478,1773
387,1781
402,1783
99,1783
195,1784
180,1787
260,1789
193,1795
207,1801
146,1802
7,1802
236,1811
169,1811
8,1811
375,1811
58,1815
407,1816
471,1819
383,1821
392,1822
272,1825
252,1832
378,1835
1,1840
393,1844
305,1845
306,1847
296,1855
30,1858
50,1862
456,1871
441,1882
125,1882
41,1883
474,1893
491,1899
212,1904
499,1904
477,1904
348,1907
148,1911
3,1911
494,1912
428,1912
216,1919
133,1926
322,1936
171,1942
139,1948
143,1950
12,1956
467,1961
162,1964
490,1964
43,1967
186,1975
78,1978
271,1983
360,1984
184,1986
493,1988
267,1988
38,1991
31,1992
333,1996
233,1998
294,2015
183,2018
243,2025
231,2029
27,2033
172,2039
451,2041
276,2049
217,2050
395,2053
487,2056
29,2072
481,2081
357,2081
13,2084
163,2087
179,2089
110,2090
10,2094
311,2103
23,2113
55,2124
226,2137
34,2139
475,2149
124,2152
368,2166
91,2169
462,2170
472,2170
476,2171
104,2190
372,2190
345,2203
173,2207
118,2211
98,2212
366,2218
288,2238
161,2238
221,2242
432,2263
92,2269
242,2270
408,2278
299,2289
69,2292
9,2300
466,2333
284,2335
174,2338
262,2339
334,2340
270,2342
89,2345
116,2349
138,2363
354,2376
160,2380
202,2417
88,2436
142,2458
263,2459
453,2460
246,2464
452,2470
81,2488
145,2491
374,2508
113,2513
332,2517
423,2518
286,2522
391,2536
371,2551
389,2554
223,2566
232,2594
314,2610
71,2620
274,2636
229,2684
335,2707
60,2709
67,2718
201,2730
115,2752
259,2772
364,2806
256,2848
79,2883
62,2884
152,2932
498,2954
295,2969
219,3007
419,3058
227,3181
290,3218
341,3471

simblock.block.ProofOfWorkBlock@5fcf2bc6:50
428,59
453,208
294,266
253,322
426,357
366,378
443,415
135,419
307,439
185,472
162,472
127,476
203,497
328,507
21,528
16,532
18,534
212,542
62,554
414,564
406,569
460,570
262,586
402,591
339,592
184,593
310,602
450,610
24,621
248,622
293,622
389,627
337,630
422,635
196,643
53,648
261,649
489,649
78,653
471,657
427,667
201,668
321,680
178,680
239,682
352,683
85,684
330,684
432,687
457,690
199,691
441,693
103,699
58,704
167,706
154,708
164,710
387,710
176,715
179,716
488,724
72,729
224,731
95,736
226,737
348,740
230,740
107,741
264,742
190,743
116,746
399,747
312,750
278,750
250,751
340,751
12,756
168,760
44,762
88,766
412,766
309,767
440,768
31,769
344,771
433,771
39,771
275,773
60,779
356,779
77,782
286,782
476,788
137,790
338,793
351,794
336,796
472,797
413,798
163,798
205,798
454,800
124,802
36,803
186,805
118,806
473,807
420,809
369,813
25,815
128,815
148,817
408,818
494,819
231,822
449,823
319,826
357,826
459,830
89,830
377,831
439,833
122,834
407,835
93,836
448,836
105,838
401,838
417,838
287,839
208,842
216,843
140,844
109,848
91,851
204,853
70,854
458,854
475,854
315,857
478,863
66,864
499,864
500,867
270,868
332,868
213,870
392,870
266,873
211,874
274,875
121,876
84,879
13,879
153,881
61,882
419,883
487,885
333,886
161,887
283,889
188,890
483,891
425,893
1,896
484,899
7,900
492,900
160,904
214,905
40,907
393,910
346,911
133,916
282,920
157,921
350,921
113,921
94,926
490,927
311,928
194,928
477,929
363,930
485,931
170,934
482,935
55,937
57,940
320,942
409,946
255,948
110,949
136,951
210,952
272,953
493,953
451,955
437,959
100,961
306,963
292,963
155,965
303,965
156,967
82,968
236,969
447,974
302,976
496,976
129,979
373,980
466,983
63,985
177,985
206,986
491,987
267,988
28,988
279,995
308,998
143,1002
479,1003
51,1004
384,1011
22,1011
166,1012
3,1014
92,1018
233,1020
305,1021
5,1024
86,1024
27,1040
180,1040
202,1043
54,1044
144,1047
2,1050
421,1051
114,1052
324,1053
367,1061
345,1061
200,1069
410,1069
405,1075
435,1078
430,1086
258,1087
390,1091
106,1092
130,1094
218,1098
64,1101
403,1101
4,1104
249,1115
101,1116
445,1118
415,1119
74,1120
343,1128
291,1134
368,1136
254,1138
73,1140
318,1140
33,1146
361,1151
158,1163
382,1163
209,1174
8,1177
237,1179
404,1179
468,1180
313,1181
102,1185
281,1187
470,1193
238,1194
6,1195
383,1196
380,1198
327,1199
35,1200
359,1210
120,1215
131,1221
222,1222
48,1222
429,1222
241,1222
342,1223
304,1226
126,1226
376,1226
398,1227
434,1232
29,1235
497,1238
17,1242
198,1244
394,1246
486,1250
90,1250
134,1259
228,1259
192,1260
436,1260
353,1261
46,1262
317,1264
381,1265
50,1269
150,1271
182,1277
65,1283
386,1291
358,1292
197,1299
365,1304
76,1311
108,1316
251,1316
14,1317
323,1321
444,1333
411,1343
141,1349
19,1356
247,1362
300,1362
75,1365
285,1367
132,1369
465,1370
47,1380
322,1392
463,1393
26,1394
446,1395
234,1398
59,1411
87,1415
11,1429
15,1430
397,1433
151,1434
331,1435
111,1445
431,1447
349,1461
96,1463
43,1465
364,1473
215,1480
280,1481
146,1488
159,1489
296,1489
329,1498
227,1505
442,1505
225,1515
37,1520
181,1523
395,1523
388,1529
385,1531
271,1535
464,1538
117,1539
172,1539
80,1541
462,1543
257,1550
438,1550
79,1555
370,1559
138,1562
269,1567
42,1574
139,1574
298,1575
221,1575
183,1579
242,1580
288,1584
223,1591
67,1603
149,1605
455,1610
290,1613
355,1640
175,1644
52,1652
400,1665
424,1668
41,1671
23,1672
34,1680
277,1687
335,1692
115,1693
142,1694
68,1694
245,1696
372,1697
97,1701
83,1715
480,1721
418,1722
169,1726
193,1728
301,1746
325,1752
284,1756
98,1778
452,1780
220,1784
416,1795
147,1812
326,1812
341,1823
314,1825
119,1833
189,1855
229,1861
273,1872
207,1872
56,1876
265,1877
263,1894
32,1899
244,1908
235,1916
347,1928
10,1936
396,1944
20,1966
104,1969
187,1983
289,2003
171,2012
191,2072
240,2078
252,2087
362,2094
81,2103
99,2124
481,2127
378,2146
374,2152
219,2155
30,2160
276,2184
112,2189
375,2194
379,2213
260,2218
152,2220
469,2223
360,2229
123,2235
316,2248
145,2257
174,2264
195,2299
165,2340
49,2384
461,2388
495,2428
9,2433
456,2448
259,2459
232,2518
299,2531
45,2538
268,2538
498,2546
371,2684
297,2729
246,2731
69,2774
354,2820
71,2833
295,2882
38,2886
243,2886
334,2972
125,3120
467,3173
423,3177
173,3311
217,3406
474,3759
391,4041
256,4267

simblock.block.ProofOfWorkBlock@c02997f:50
198,59
370,278
277,360
6,446
462,494
486,530
220,579
289,580
318,605
181,611
251,614
76,636
35,656
132,661
228,687
317,702
298,743
301,745
5,766
446,773
15,773
119,777
117,796
83,800
175,805
292,817
109,823
257,823
147,833
112,849
249,856
150,864
49,887
356,897
33,902
19,905
159,910
329,914
268,932
59,938
177,938
459,949
108,949
353,955
379,963
141,971
390,973
187,975
130,984
442,990
342,995
73,995
87,1001
120,1005
165,1015
2,1023
497,1036
358,1040
163,1045
431,1047
444,1055
169,1058
394,1065
96,1078
436,1079
151,1080
346,1089
385,1089
88,1090
397,1093
42,1097
339,1112
411,1123
157,1126
74,1129
365,1130
434,1142
403,1172
20,1175
65,1181
280,1184
244,1194
421,1200
381,1205
440,1209
414,1219
215,1229
85,1239
267,1241
377,1254
100,1254
418,1260
425,1262
325,1266
406,1271
405,1272
224,1274
70,1283
399,1285
313,1291
199,1302
471,1305
274,1312
240,1322
1,1324
327,1344
359,1355
383,1355
106,1358
309,1384
387,1393
487,1404
16,1414
89,1418
330,1420
485,1428
469,1431
348,1434
336,1436
455,1439
236,1447
393,1447
451,1449
136,1453
203,1457
499,1458
57,1473
63,1477
218,1482
447,1483
373,1485
491,1498
56,1522
428,1526
62,1536
351,1548
458,1558
148,1580
24,1582
489,1594
500,1596
448,1601
144,1602
75,1603
39,1606
264,1609
54,1613
86,1622
27,1627
495,1628
21,1629
82,1630
239,1632
472,1635
261,1643
161,1652
468,1655
366,1660
476,1662
308,1679
25,1700
375,1714
282,1728
305,1729
250,1734
126,1741
204,1756
60,1759
490,1774
475,1778
293,1779
129,1784
231,1795
407,1795
307,1803
209,1803
176,1809
352,1809
44,1811
103,1816
213,1817
253,1826
135,1835
279,1839
461,1852
205,1866
122,1876
344,1880
245,1885
40,1914
272,1917
435,1922
412,1930
265,1933
420,1949
154,1953
153,1953
439,1957
498,1963
182,1970
53,1971
302,1977
95,1979
36,1988
262,1989
332,1990
127,1991
185,1994
389,2001
320,2015
194,2015
229,2017
124,2060
77,2094
312,2094
66,2098
128,2110
374,2115
202,2126
287,2131
310,2147
201,2153
118,2160
453,2164
319,2165
482,2169
340,2170
248,2171
395,2171
256,2179
186,2183
303,2191
270,2192
360,2211
276,2229
357,2233
217,2261
72,2277
180,2287
337,2307
167,2307
413,2326
432,2328
211,2338
477,2342
143,2343
28,2344
408,2364
55,2367
321,2368
371,2369
174,2371
206,2407
297,2433
92,2453
322,2462
110,2472
467,2476
449,2501
419,2513
466,2519
179,2524
137,2538
450,2542
368,2544
99,2550
43,2555
69,2565
208,2581
232,2594
145,2599
189,2619
41,2620
121,2627
155,2651
283,2676
246,2681
188,2688
445,2703
216,2726
38,2731
45,2739
223,2748
378,2773
146,2786
221,2798
460,2804
314,2821
335,2841
396,2851
343,2852
364,2875
437,2882
138,2888
104,2928
114,2931
284,2936
67,2975
115,2979
30,2997
212,3026
400,3028
227,3036
172,3050
142,3103
152,3130
200,3148
288,3184
426,3201
452,3234
456,3239
324,3244
193,3284
296,3304
184,3380
61,3446
68,3490
81,3493
290,3555
422,3559
263,3745
278,3749
338,3766
243,3989
341,3992
219,4236
9,4483
98,4733
474,4989

simblock.block.ProofOfWorkBlock@b8f4b23:51
272,59
448,212
143,270
367,330
53,362
89,392
94,418
304,424
338,478
70,484
389,497
472,518
158,537
312,556
328,562
308,568
473,576
44,577
124,594
274,612
345,618
1,624
61,628
363,630
445,632
8,633
485,633
135,649
302,668
179,669
440,675
368,681
426,687
185,687
351,688
417,689
84,691
62,694
148,696
266,706
261,707
275,712
36,725
346,725
343,732
321,737
214,741
357,745
13,749
492,751
66,751
163,754
350,756
167,763
267,770
184,771
478,775
240,779
105,781
128,782
255,783
340,789
64,790
425,792
7,794
454,794
39,797
282,798
201,802
205,803
409,804
460,804
439,807
200,808
78,814
306,816
332,816
458,822
86,825
103,826
253,826
484,831
471,831
16,834
113,838
248,839
24,839
110,840
154,842
420,843
231,843
63,848
22,848
393,850
279,851
188,853
60,854
21,858
408,859
58,860
441,861
107,861
129,862
330,863
366,864
190,865
419,870
127,873
459,874
401,875
180,878
236,885
250,887
352,887
315,889
230,889
211,891
287,891
54,893
311,896
402,898
122,899
387,899
168,901
161,902
475,905
356,906
500,906
432,907
305,910
406,912
196,916
82,916
155,918
204,921
307,922
494,922
453,923
56,926
212,927
309,929
28,929
457,930
95,931
153,933
488,935
437,935
443,936
433,937
186,939
320,943
405,948
337,951
147,953
399,954
15,954
178,955
427,955
477,957
121,958
428,958
377,959
93,959
85,962
213,964
483,965
72,967
435,967
490,970
430,972
224,973
293,975
303,976
313,977
160,978
493,979
262,983
91,984
412,985
27,987
97,988
4,989
319,990
270,990
278,990
283,991
450,991
414,993
92,994
12,996
333,999
373,1000
77,1000
286,1005
365,1006
57,1006
118,1012
369,1013
88,1014
392,1014
40,1014
226,1016
339,1017
170,1020
156,1020
176,1020
210,1021
249,1023
133,1025
415,1029
29,1030
192,1033
376,1033
344,1034
208,1035
422,1041
491,1041
216,1045
264,1046
202,1046
466,1046
136,1047
324,1048
164,1050
199,1051
116,1053
348,1055
51,1060
157,1062
362,1065
55,1065
31,1068
476,1071
451,1071
310,1072
384,1074
137,1080
386,1081
499,1082
496,1087
194,1089
126,1091
294,1099
162,1099
144,1099
3,1105
203,1105
233,1106
141,1109
397,1110
18,1115
291,1124
489,1132
140,1136
431,1137
410,1139
429,1139
447,1140
482,1141
117,1149
277,1152
100,1158
48,1160
25,1161
74,1162
20,1165
411,1172
197,1176
487,1178
114,1183
480,1184
495,1190
497,1193
239,1194
336,1197
206,1197
80,1201
175,1202
280,1203
464,1204
300,1221
33,1221
112,1223
225,1225
237,1227
347,1229
209,1237
421,1238
370,1242
181,1242
382,1245
150,1245
327,1249
19,1253
442,1259
289,1260
424,1261
73,1263
407,1263
413,1272
380,1277
316,1278
220,1285
468,1286
75,1287
11,1288
446,1289
469,1290
416,1292
218,1294
281,1297
361,1298
455,1300
331,1301
102,1302
101,1305
132,1309
285,1310
90,1318
269,1324
59,1328
394,1331
49,1331
251,1334
353,1334
177,1337
323,1339
385,1345
418,1347
6,1352
215,1361
106,1362
436,1364
245,1367
52,1368
301,1373
292,1378
383,1379
325,1382
35,1391
326,1392
87,1394
379,1399
479,1405
390,1406
238,1409
444,1412
2,1414
14,1414
449,1426
463,1426
329,1429
46,1434
17,1434
396,1434
152,1450
123,1451
244,1456
273,1459
342,1461
47,1463
258,1479
470,1480
228,1485
65,1488
50,1491
465,1504
111,1506
5,1511
182,1520
288,1530
359,1532
381,1532
388,1537
257,1537
254,1543
246,1544
299,1544
149,1552
217,1554
462,1564
498,1573
191,1573
151,1574
452,1582
23,1583
26,1584
134,1608
296,1611
354,1611
290,1615
486,1630
318,1630
391,1633
108,1634
434,1639
481,1644
166,1649
398,1669
30,1673
219,1674
404,1677
165,1680
79,1687
32,1691
98,1692
221,1694
9,1699
297,1701
364,1702
76,1703
38,1709
232,1716
42,1722
37,1727
456,1732
41,1733
174,1734
358,1742
138,1743
341,1745
120,1746
375,1753
474,1761
207,1795
438,1799
159,1803
317,1805
187,1809
260,1815
229,1827
461,1830
169,1844
235,1849
298,1849
96,1861
115,1872
69,1887
104,1890
403,1896
234,1911
109,1916
372,1921
146,1958
378,1959
314,1963
130,1975
268,1983
247,1989
322,1998
360,1999
265,2009
131,2019
68,2025
139,2031
222,2035
189,2044
295,2051
125,2077
271,2079
395,2085
334,2111
276,2128
172,2131
83,2150
467,2155
173,2169
34,2173
241,2188
171,2195
252,2199
355,2204
374,2276
349,2361
284,2368
243,2376
119,2381
99,2391
263,2424
45,2431
400,2433
242,2484
193,2500
198,2534
223,2574
10,2652
145,2672
67,2716
335,2784
71,2786
227,2826
183,2915
256,2939
81,2964
195,3006
142,3069
423,3222
43,3290
371,3577
259,3875

simblock.block.ProofOfWorkBlock@3f4a6679:52
266,59
440,218
154,275
471,334
490,371
224,394
164,426
352,427
22,456
70,483
29,486
484,494
415,513
162,521
350,542
8,545
460,550
255,559
321,574
200,580
180,581
93,590
128,605
496,608
310,609
445,616
250,617
212,632
417,634
278,636
157,637
84,641
405,648
1,649
118,664
333,665
89,665
305,671
293,672
408,674
62,675
21,691
441,694
86,697
239,699
307,700
231,700
116,704
488,708
261,710
137,710
392,722
54,723
44,724
414,724
303,726
24,730
499,731
216,737
348,743
367,748
63,752
61,754
482,757
55,761
500,762
179,764
156,765
309,766
135,766
208,768
199,768
343,770
163,778
253,779
492,780
40,782
328,783
31,787
66,790
286,790
184,792
230,793
457,794
346,797
436,798
214,798
51,804
399,807
91,809
7,809
386,815
453,818
226,819
345,819
28,821
406,822
393,822
205,823
77,823
170,823
387,824
356,826
127,826
236,827
196,827
458,830
185,837
140,838
210,838
110,843
233,848
432,849
16,850
64,851
186,851
262,854
319,856
439,860
282,863
294,867
211,870
485,870
311,873
466,874
344,874
491,876
389,877
188,878
427,879
336,879
58,879
124,880
338,880
363,881
190,881
158,882
487,883
454,886
121,886
136,887
340,889
88,890
112,892
57,894
36,894
103,897
267,897
493,898
198,902
264,903
249,903
450,904
304,905
39,905
483,906
477,907
167,908
447,909
315,911
274,913
78,913
449,915
92,915
148,921
459,926
272,929
422,930
402,931
202,931
430,933
308,934
283,935
409,935
12,936
451,936
161,936
178,937
72,937
18,938
426,938
100,939
27,941
279,941
401,943
428,947
213,948
380,953
60,953
366,955
413,958
3,959
85,960
113,961
339,964
155,965
437,966
368,967
473,975
419,978
94,980
369,984
351,986
129,988
204,989
95,990
357,992
176,996
105,997
332,998
281,1003
287,1007
13,1008
425,1009
464,1012
194,1013
470,1014
133,1017
433,1019
476,1020
412,1020
107,1022
306,1022
248,1022
478,1023
275,1026
320,1026
324,1029
475,1030
373,1032
472,1032
448,1033
160,1034
143,1035
244,1039
443,1045
97,1050
411,1052
201,1053
312,1058
326,1060
168,1065
270,1069
25,1070
302,1081
53,1081
82,1083
35,1086
424,1086
435,1086
446,1092
215,1101
52,1101
410,1101
175,1105
4,1106
206,1107
187,1108
494,1112
119,1113
318,1118
37,1118
418,1122
429,1122
337,1126
42,1129
182,1131
177,1140
377,1142
122,1143
431,1147
203,1148
329,1154
117,1155
102,1157
46,1161
123,1165
73,1170
147,1173
149,1174
298,1188
165,1190
479,1190
218,1194
240,1196
489,1198
394,1200
403,1208
407,1208
59,1213
90,1214
17,1217
497,1218
404,1221
327,1221
197,1222
438,1224
234,1226
442,1235
20,1236
313,1236
5,1236
359,1237
269,1240
87,1241
388,1242
222,1242
101,1246
370,1246
289,1252
353,1254
14,1254
455,1256
280,1256
268,1261
153,1262
480,1265
74,1265
131,1267
15,1271
468,1273
365,1273
379,1277
151,1281
330,1282
292,1288
108,1288
245,1289
254,1292
420,1293
384,1294
444,1298
2,1301
150,1308
220,1309
362,1309
6,1318
382,1326
126,1327
33,1328
416,1329
181,1331
317,1334
257,1335
349,1336
358,1339
11,1341
228,1344
114,1347
144,1348
49,1348
109,1354
376,1361
301,1367
322,1368
56,1374
495,1374
434,1387
331,1393
47,1394
463,1404
381,1409
207,1412
300,1418
486,1419
209,1424
277,1436
361,1436
134,1440
139,1444
65,1447
325,1451
291,1453
130,1460
83,1479
374,1491
146,1494
398,1496
247,1501
378,1506
191,1510
183,1513
32,1519
238,1520
80,1524
342,1527
75,1529
192,1531
391,1533
10,1536
229,1539
481,1540
217,1541
235,1546
43,1546
79,1548
237,1561
290,1564
285,1564
30,1570
465,1579
259,1580
50,1585
195,1587
284,1590
334,1591
397,1598
316,1605
173,1606
111,1610
371,1612
347,1612
360,1619
19,1626
258,1634
265,1650
48,1651
189,1655
219,1663
271,1669
115,1669
400,1676
152,1676
106,1688
314,1689
76,1696
225,1701
390,1741
462,1746
372,1752
166,1761
385,1766
172,1774
355,1775
396,1784
96,1786
364,1789
335,1808
341,1818
67,1835
299,1835
354,1842
23,1847
242,1856
120,1857
98,1867
288,1875
375,1875
251,1878
169,1917
297,1921
421,1931
241,1931
193,1960
232,1976
174,1988
498,2041
26,2052
38,2059
141,2088
138,2107
81,2119
34,2127
296,2128
142,2130
68,2133
474,2158
383,2161
395,2196
252,2214
221,2217
469,2221
69,2240
159,2261
132,2284
260,2286
452,2351
223,2353
256,2360
41,2390
145,2402
104,2410
276,2422
323,2435
227,2446
273,2455
171,2496
71,2521
45,2633
9,2692
99,2722
295,2733
246,2741
423,2776
461,2932
243,2975
263,3010
125,3020
467,3277
456,3294

simblock.block.ProofOfWorkBlock@41488eda:52
97,59
249,279
182,362
258,443
397,494
394,528
480,578
112,583
251,612
301,666
111,671
131,678
90,697
376,726
281,749
37,750
76,756
495,768
323,780
119,805
464,811
120,811
358,831
19,832
370,843
353,851
144,854
150,875
483,877
56,884
317,886
365,886
277,887
228,893
215,900
159,903
313,914
198,925
396,933
431,934
469,935
470,969
6,970
73,970
123,974
273,980
424,983
361,986
240,991
132,996
444,997
177,1000
455,1001
108,1006
167,1007
83,1012
55,1017
117,1018
191,1021
234,1024
192,1030
285,1033
59,1037
458,1049
39,1050
411,1052
292,1052
465,1053
289,1053
109,1053
130,1056
196,1057
463,1057
342,1063
149,1067
300,1067
222,1079
257,1080
329,1080
187,1081
331,1082
245,1085
479,1103
15,1109
46,1114
362,1114
269,1115
385,1118
421,1125
114,1129
33,1133
318,1134
244,1136
101,1138
52,1142
305,1143
220,1146
254,1147
404,1147
175,1147
2,1148
355,1148
166,1148
169,1149
225,1158
156,1162
280,1166
438,1167
209,1167
347,1168
380,1172
5,1173
151,1180
379,1182
250,1182
264,1186
70,1193
381,1195
429,1199
14,1211
49,1212
26,1217
434,1219
415,1219
492,1223
486,1223
349,1223
231,1224
218,1228
126,1230
420,1231
268,1234
20,1238
134,1243
11,1245
122,1247
326,1249
202,1250
497,1254
92,1254
304,1255
316,1257
84,1263
403,1266
291,1272
407,1273
80,1273
102,1279
47,1279
390,1283
32,1285
445,1292
247,1293
206,1296
74,1303
442,1306
325,1309
235,1309
462,1313
226,1322
496,1328
75,1328
413,1330
426,1333
384,1333
238,1334
298,1336
449,1337
200,1342
388,1344
77,1350
141,1355
328,1356
53,1364
103,1368
237,1368
410,1374
327,1375
213,1380
147,1386
197,1395
261,1398
201,1403
338,1404
184,1404
487,1407
337,1407
366,1412
63,1412
137,1413
35,1419
267,1421
161,1424
412,1428
57,1430
441,1432
348,1436
473,1436
205,1438
165,1440
127,1443
85,1443
21,1443
406,1443
216,1444
24,1446
17,1457
324,1461
48,1465
428,1469
336,1470
468,1475
414,1476
241,1478
343,1483
18,1492
303,1494
164,1498
279,1499
42,1505
3,1506
357,1507
210,1509
36,1511
427,1515
105,1515
447,1518
346,1518
307,1522
425,1523
488,1535
363,1538
8,1548
340,1549
100,1554
78,1555
153,1566
294,1566
212,1567
113,1567
472,1575
306,1577
129,1578
278,1580
51,1580
82,1581
91,1581
199,1587
408,1588
135,1589
409,1589
173,1596
439,1597
31,1598
272,1601
422,1603
457,1605
453,1609
253,1613
489,1613
211,1618
29,1619
330,1625
107,1635
432,1643
334,1648
471,1649
188,1650
386,1653
143,1657
311,1670
64,1677
183,1678
443,1684
185,1684
417,1684
450,1687
13,1688
146,1689
448,1691
344,1693
61,1695
477,1699
125,1702
168,1708
286,1716
460,1719
28,1730
308,1735
252,1738
116,1739
466,1741
7,1741
163,1743
494,1753
310,1755
274,1756
71,1758
315,1759
40,1761
368,1762
499,1771
50,1774
373,1774
287,1778
236,1781
99,1781
214,1787
4,1794
402,1796
139,1814
133,1815
352,1817
321,1827
265,1829
54,1830
79,1832
375,1846
95,1851
232,1855
461,1857
12,1858
72,1864
367,1869
320,1869
66,1873
176,1873
208,1892
69,1897
271,1902
171,1905
440,1906
399,1915
140,1920
34,1922
491,1922
309,1930
339,1935
500,1935
288,1935
178,1938
194,1942
437,1951
312,1955
405,1957
121,1963
58,1968
299,1974
224,1977
88,1993
430,1993
30,2001
155,2002
377,2037
45,2038
275,2045
136,2047
60,2066
260,2067
242,2078
239,2079
189,2083
391,2088
475,2089
38,2095
395,2100
148,2106
1,2107
490,2108
256,2109
160,2109
22,2113
451,2115
207,2119
10,2122
276,2125
484,2126
221,2130
478,2136
319,2138
44,2141
110,2148
93,2157
452,2176
157,2176
23,2185
369,2204
172,2212
485,2229
333,2240
223,2248
203,2257
435,2263
180,2264
65,2264
158,2282
179,2284
356,2287
86,2287
456,2288
233,2299
459,2316
118,2318
498,2331
190,2335
360,2343
115,2352
354,2357
67,2371
248,2383
246,2397
482,2408
229,2417
89,2420
262,2433
106,2435
186,2440
302,2463
345,2466
43,2469
393,2473
68,2477
138,2500
81,2500
359,2514
195,2532
372,2536
297,2563
296,2567
398,2579
283,2587
243,2589
322,2593
419,2595
481,2600
162,2611
423,2641
389,2642
392,2646
152,2664
219,2689
295,2709
454,2718
263,2740
104,2752
62,2777
446,2790
433,2790
174,2791
9,2795
217,2815
124,2819
476,2826
181,2845
474,2854
154,2862
467,2863
351,2887
227,2922
193,2940
290,2958
493,2995
364,3055
98,3056
371,3071
270,3170
378,3205
341,3210
350,3268
41,3306
145,3318
96,3319
16,3346
400,3454
332,3530
204,3589
284,3707
259,3732
335,3954
374,3974
314,4232
142,4484

simblock.block.ProofOfWorkBlock@67288499:52
108,59
436,289
469,371
181,456
257,515
444,537
251,543
342,603
486,619
198,685
87,687
150,688
191,707
281,708
111,731
109,734
323,758
144,772
446,781
102,785
169,822
147,839
76,846
244,851
497,860
228,861
83,864
289,871
80,876
52,892
24,897
240,902
65,905
285,909
327,925
119,927
215,935
365,937
379,945
218,947
455,949
380,951
222,964
42,982
465,986
468,987
74,994
394,1000
403,1009
277,1011
234,1019
249,1019
396,1023
480,1023
268,1030
149,1035
2,1036
382,1038
159,1055
411,1060
199,1061
220,1071
388,1072
270,1073
317,1073
15,1076
442,1091
390,1098
448,1099
370,1103
479,1104
416,1105
166,1109
313,1111
49,1121
353,1123
346,1134
287,1141
17,1145
432,1147
117,1151
126,1151
106,1154
5,1156
56,1157
33,1158
141,1167
368,1168
291,1168
123,1172
90,1175
235,1179
385,1182
6,1186
381,1188
73,1190
349,1191
26,1193
431,1195
413,1197
35,1199
329,1205
180,1207
245,1208
485,1216
306,1226
130,1229
192,1235
298,1239
75,1240
405,1242
163,1255
165,1260
326,1262
470,1270
209,1271
358,1274
464,1277
62,1283
420,1287
398,1294
213,1310
362,1312
241,1315
489,1315
3,1316
101,1319
347,1332
20,1334
146,1334
175,1337
459,1340
331,1340
107,1343
427,1349
269,1353
352,1355
393,1357
462,1361
499,1372
319,1375
404,1375
309,1385
129,1387
366,1388
39,1394
19,1398
392,1401
32,1410
463,1416
16,1419
47,1422
60,1433
410,1438
460,1443
320,1454
51,1456
63,1457
37,1463
458,1469
321,1471
205,1477
153,1479
495,1487
148,1493
339,1495
300,1496
96,1496
21,1499
103,1500
344,1503
238,1512
483,1513
167,1521
412,1527
162,1530
31,1530
373,1530
350,1534
64,1539
212,1548
124,1549
204,1551
267,1560
1,1561
351,1563
272,1566
294,1570
400,1589
121,1596
28,1598
445,1599
137,1601
438,1604
414,1608
156,1612
477,1617
116,1627
160,1627
286,1639
478,1642
210,1647
82,1648
230,1660
435,1662
216,1667
61,1674
236,1680
46,1688
433,1689
154,1697
113,1706
336,1707
330,1709
168,1713
86,1725
345,1725
84,1736
248,1746
250,1752
93,1756
78,1760
242,1762
221,1765
409,1769
122,1773
233,1773
239,1775
265,1779
264,1783
378,1787
266,1791
492,1793
297,1799
472,1800
441,1812
27,1818
208,1820
443,1827
262,1830
308,1834
55,1837
408,1843
399,1849
453,1854
475,1866
105,1875
428,1890
307,1893
402,1902
88,1902
311,1910
454,1927
440,1929
68,1939
389,1946
176,1947
369,1952
490,1952
471,1955
367,1965
202,1974
186,1975
461,1986
12,1993
214,1993
488,2003
40,2005
229,2006
259,2009
481,2010
482,2011
139,2014
274,2016
395,2017
127,2027
276,2030
211,2035
304,2053
406,2056
30,2067
66,2068
143,2077
18,2083
356,2083
491,2099
110,2103
473,2109
54,2120
89,2126
387,2156
335,2161
194,2168
190,2169
178,2178
92,2183
183,2185
25,2202
223,2212
425,2216
173,2224
72,2243
95,2250
94,2256
91,2257
451,2258
125,2258
79,2263
38,2264
312,2282
29,2284
71,2289
224,2294
386,2305
391,2318
140,2343
158,2357
493,2378
332,2395
43,2413
118,2426
357,2430
164,2431
256,2434
334,2434
449,2435
333,2459
155,2465
295,2470
282,2479
374,2480
45,2508
23,2508
305,2530
100,2530
13,2548
206,2554
423,2566
419,2569
417,2606
231,2629
354,2656
81,2662
452,2665
314,2670
142,2675
138,2708
48,2711
188,2714
161,2723
217,2729
284,2738
70,2742
50,2756
290,2769
456,2782
278,2805
227,2816
263,2818
296,2864
279,2894
195,2910
293,2918
498,2923
426,2979
189,2986
41,2991
322,3071
36,3072
58,3096
193,3113
184,3152
98,3166
11,3168
232,3171
371,3235
67,3239
315,3245
226,3271
53,3331
34,3377
288,3413
397,3442
466,3446
343,3506
10,3627
77,3627
310,3686
292,3720
283,3867
69,3871
182,3995
422,4041
271,4135
359,4277
243,4281
219,4531
337,4660
9,4785
474,5041
348,5044
185,5423

simblock.block.ProofOfWorkBlock@7c18bd97:53
23,59
125,379
152,527
223,582
260,735
463,794
474,889
139,928
37,1012
114,1061
371,1081
349,1103
189,1128
151,1141
291,1192
222,1229
335,1248
396,1254
99,1259
316,1278
219,1282
159,1287
251,1317
355,1321
102,1334
388,1363
318,1389
73,1402
271,1406
438,1409
144,1416
431,1450
235,1453
493,1462
334,1466
17,1466
182,1473
115,1474
238,1494
323,1495
385,1498
131,1504
256,1522
495,1523
220,1533
479,1535
245,1537
273,1538
74,1552
66,1558
249,1578
347,1579
56,1581
289,1587
192,1603
384,1610
393,1610
470,1611
53,1615
97,1616
198,1622
424,1625
404,1628
361,1629
52,1629
436,1634
234,1637
327,1640
9,1641
122,1650
218,1664
80,1666
116,1667
49,1669
90,1670
96,1674
353,1688
6,1692
468,1693
290,1693
277,1703
367,1709
398,1710
257,1714
381,1717
281,1719
331,1720
247,1722
411,1723
149,1724
22,1726
339,1733
209,1744
215,1744
420,1751
8,1751
111,1754
421,1760
311,1761
442,1762
472,1764
465,1765
199,1768
5,1768
154,1777
380,1781
124,1782
341,1792
108,1792
244,1797
285,1797
301,1797
368,1798
403,1799
63,1806
175,1807
42,1808
322,1811
47,1814
362,1814
397,1815
77,1818
137,1819
466,1823
206,1825
240,1827
305,1829
464,1833
383,1836
333,1838
486,1840
83,1844
65,1846
427,1847
59,1848
130,1849
2,1853
326,1855
268,1856
61,1858
35,1858
68,1860
480,1860
205,1862
106,1865
484,1877
243,1880
216,1882
95,1883
462,1884
15,1886
134,1887
294,1887
101,1887
325,1896
120,1897
306,1898
278,1899
177,1899
475,1900
346,1903
343,1904
416,1906
433,1909
153,1911
70,1918
258,1925
119,1928
399,1929
109,1930
365,1933
26,1934
446,1937
255,1937
162,1937
233,1938
81,1938
262,1941
87,1941
332,1945
401,1946
118,1952
160,1952
329,1954
191,1958
477,1959
408,1960
471,1961
107,1965
46,1971
212,1971
117,1972
126,1974
228,1975
185,1976
187,1981
1,1986
51,1991
204,1993
351,1993
123,2001
437,2002
25,2002
174,2004
282,2008
146,2010
181,2010
303,2016
369,2016
89,2016
394,2020
180,2022
197,2023
352,2024
200,2026
370,2028
113,2029
309,2031
483,2033
473,2034
143,2037
39,2037
168,2041
313,2042
344,2056
321,2056
494,2058
447,2072
444,2073
178,2073
261,2074
32,2074
357,2075
127,2076
141,2077
157,2078
275,2078
409,2079
14,2082
31,2090
253,2101
128,2104
196,2108
348,2111
372,2112
410,2116
237,2121
455,2121
382,2122
366,2127
330,2130
406,2131
390,2135
434,2136
359,2136
415,2139
133,2140
48,2140
11,2147
60,2148
156,2149
254,2154
491,2161
340,2165
94,2166
188,2173
40,2174
358,2175
241,2175
248,2177
28,2179
18,2182
161,2189
293,2190
58,2191
64,2194
147,2196
496,2197
225,2204
485,2204
190,2207
432,2209
315,2211
4,2214
376,2218
135,2224
20,2227
230,2228
45,2236
274,2237
373,2250
422,2255
451,2257
312,2258
350,2261
402,2264
226,2268
263,2276
207,2281
33,2283
440,2283
453,2285
288,2298
140,2298
492,2302
435,2302
412,2314
229,2314
324,2317
202,2328
242,2338
482,2339
469,2339
297,2341
419,2341
425,2348
93,2349
418,2350
71,2350
86,2352
423,2352
29,2358
55,2364
413,2372
21,2375
132,2377
210,2379
300,2382
88,2382
307,2383
166,2384
489,2387
317,2387
129,2388
100,2397
150,2408
490,2413
499,2419
310,2423
211,2424
10,2427
104,2431
201,2431
85,2432
265,2432
239,2434
195,2435
30,2437
203,2438
375,2438
336,2443
50,2451
171,2455
92,2458
304,2459
112,2463
280,2468
138,2473
270,2475
378,2482
169,2482
430,2491
487,2497
389,2503
364,2516
236,2521
224,2524
500,2527
374,2539
91,2539
287,2560
38,2562
232,2563
387,2568
426,2570
363,2572
467,2578
24,2590
246,2595
292,2598
279,2598
360,2608
69,2631
76,2631
481,2635
286,2639
391,2642
62,2644
7,2649
105,2664
173,2671
296,2678
445,2679
172,2686
456,2687
193,2690
299,2690
400,2695
231,2697
213,2698
276,2708
386,2712
269,2715
43,2720
165,2722
148,2731
13,2737
167,2748
284,2750
354,2752
155,2756
338,2780
498,2793
441,2820
142,2833
208,2872
429,2882
314,2883
36,2891
110,2896
75,2932
217,2934
41,2938
337,2938
259,2961
98,2971
298,2973
488,2980
461,2981
379,2988
221,3000
443,3012
170,3034
320,3053
452,3073
145,3082
460,3090
250,3173
449,3190
448,3202
79,3210
497,3227
57,3231
405,3234
183,3235
476,3236
342,3273
439,3279
450,3311
295,3320
377,3333
302,3439
179,3475
19,3478
67,3486
214,3493
454,3504
392,3530
414,3541
34,3568
478,3605
252,3718
227,3740
12,3778
163,3814
54,3826
328,3829
283,3839
158,3955
458,4085
16,4114
267,4126
121,4144
84,4181
184,4314
82,4420
417,4434
103,4452
395,4482
272,4529
136,4662
78,4728
266,4734
345,4753
3,4878
164,5011
459,5031
457,5052
407,5227
428,5331
27,5352
264,5587
194,5654
176,5934
319,5952
308,6284
44,6634
186,6986
356,7338
72,7693

simblock.block.ProofOfWorkBlock@1d4590ac:54
149,59
26,284
218,367
280,449
327,508
76,532
73,589
424,593
102,627
35,670
257,676
291,685
11,712
385,728
258,749
429,755
444,761
209,768
52,809
397,817
75,818
301,839
234,842
14,847
74,848
215,850
379,887
51,892
362,895
358,897
238,901
191,907
381,908
455,923
198,931
240,933
349,934
316,948
462,971
247,978
166,983
228,987
396,988
83,991
106,991
19,995
46,998
97,1004
237,1005
355,1016
436,1018
216,1022
464,1032
120,1032
416,1034
388,1035
130,1036
430,1042
292,1054
90,1061
298,1063
394,1063
15,1064
465,1069
473,1069
268,1073
108,1073
131,1076
431,1083
111,1096
161,1098
380,1099
249,1115
251,1116
187,1119
384,1119
197,1120
300,1122
365,1125
141,1126
313,1127
317,1135
192,1144
144,1147
49,1151
495,1151
109,1153
126,1153
326,1155
434,1155
181,1156
118,1156
37,1158
342,1159
269,1166
363,1173
84,1191
88,1191
21,1192
224,1195
33,1199
404,1199
343,1199
245,1201
403,1202
244,1203
446,1204
402,1207
267,1208
17,1208
220,1212
101,1215
477,1217
345,1222
6,1225
117,1230
390,1231
273,1231
281,1232
182,1233
177,1234
323,1236
150,1238
119,1241
175,1241
72,1243
347,1250
325,1252
440,1255
401,1255
427,1256
151,1257
27,1264
254,1267
158,1273
466,1277
135,1279
80,1281
409,1281
376,1283
241,1283
329,1283
32,1284
147,1284
134,1287
96,1287
479,1292
469,1296
497,1299
421,1300
42,1301
235,1303
56,1306
353,1316
162,1317
442,1320
132,1321
480,1322
338,1323
486,1325
331,1327
307,1329
156,1330
463,1333
414,1334
112,1334
383,1334
328,1336
110,1336
449,1340
65,1340
168,1342
382,1343
285,1347
337,1353
359,1359
204,1359
116,1365
468,1365
230,1367
287,1368
393,1368
2,1370
311,1373
169,1375
411,1380
222,1381
499,1381
236,1382
165,1383
361,1388
406,1391
346,1394
93,1397
386,1398
136,1400
293,1402
264,1404
123,1407
470,1409
277,1412
289,1413
408,1414
5,1415
451,1417
432,1420
438,1424
20,1425
143,1427
18,1436
31,1436
255,1438
47,1447
309,1451
476,1454
225,1454
107,1456
194,1458
272,1458
352,1467
179,1474
407,1485
159,1489
270,1489
275,1493
419,1494
370,1495
55,1495
321,1497
500,1498
91,1503
203,1504
87,1505
490,1506
437,1508
8,1509
318,1511
492,1516
57,1525
367,1528
303,1531
315,1531
99,1533
266,1536
48,1537
399,1538
62,1542
348,1543
59,1549
167,1553
305,1556
248,1558
445,1559
85,1561
100,1562
412,1565
113,1568
454,1569
332,1573
61,1580
418,1580
124,1580
417,1584
154,1588
302,1590
176,1594
208,1600
398,1600
213,1601
426,1601
184,1602
253,1603
333,1612
484,1614
128,1616
415,1616
206,1623
95,1630
306,1630
471,1633
129,1634
274,1635
459,1640
425,1646
172,1652
24,1654
205,1655
294,1656
94,1656
413,1669
164,1670
282,1673
457,1673
89,1674
368,1677
330,1682
387,1697
308,1701
22,1705
356,1705
122,1709
12,1709
200,1721
458,1722
160,1727
351,1731
450,1733
481,1733
183,1733
4,1738
140,1747
82,1750
63,1750
92,1751
103,1753
214,1755
487,1760
23,1767
152,1769
283,1770
157,1773
64,1778
1,1785
439,1790
453,1791
171,1792
447,1800
284,1802
163,1803
137,1804
121,1806
155,1808
420,1811
115,1813
378,1821
252,1826
170,1830
496,1832
494,1834
262,1839
199,1847
68,1847
231,1847
340,1850
350,1851
58,1851
314,1854
114,1854
405,1856
433,1856
373,1873
77,1874
45,1877
452,1881
475,1882
443,1888
207,1888
371,1894
133,1896
233,1897
34,1905
312,1907
44,1909
297,1914
39,1924
148,1925
127,1932
190,1934
488,1940
79,1943
185,1946
369,1954
276,1957
391,1959
260,1960
377,1964
13,1965
71,1973
104,1979
10,1980
392,1982
460,1982
389,1983
78,1985
28,1987
422,1989
69,1989
299,2018
232,2018
320,2020
357,2027
180,2028
310,2033
461,2047
279,2048
271,2052
70,2056
146,2062
54,2066
400,2075
489,2078
375,2078
360,2094
250,2099
196,2099
25,2105
286,2112
265,2116
472,2119
40,2124
210,2138
485,2144
304,2145
296,2146
193,2154
344,2157
178,2157
50,2158
491,2158
483,2161
201,2168
428,2205
36,2206
246,2207
372,2227
86,2228
324,2229
9,2232
139,2235
186,2237
261,2251
256,2267
7,2274
173,2287
441,2290
217,2318
3,2319
174,2321
153,2323
341,2330
319,2339
478,2340
474,2350
395,2353
354,2362
66,2391
278,2402
366,2406
410,2414
221,2415
105,2426
456,2455
498,2463
448,2468
493,2501
29,2513
188,2513
374,2524
259,2528
364,2570
53,2575
30,2579
229,2601
43,2602
435,2604
125,2625
138,2642
195,2647
336,2651
60,2686
38,2749
202,2779
41,2823
239,2826
227,2849
482,2862
322,2876
219,2890
98,2894
223,2980
423,2996
339,3002
226,3036
189,3101
67,3148
211,3220
335,3227
295,3243
334,3249
16,3394
263,3476
288,3491
290,3496
212,3578
242,3738
467,3819
81,3986
243,4057
145,4306
142,4557

simblock.block.ProofOfWorkBlock@35dd71ce:55
95,59
406,208
417,276
122,332
307,358
466,409
336,416
432,426
357,468
137,475
8,485
261,493
428,511
82,524
72,537
178,544
279,550
51,566
310,572
490,573
308,581
459,600
116,606
420,607
351,619
484,624
392,625
267,629
121,631
345,636
230,638
478,640
294,644
350,657
450,661
492,662
430,668
435,673
62,680
190,684
24,684
248,687
58,687
184,688
127,692
488,693
471,697
255,701
439,704
213,713
13,714
489,717
63,718
453,722
70,726
28,728
250,731
44,731
170,737
61,740
274,743
148,744
94,747
156,749
402,751
78,751
231,756
206,757
433,759
157,762
487,765
447,772
443,772
110,772
1,773
27,774
158,774
93,777
253,780
162,786
412,787
18,788
103,789
449,791
64,794
473,797
168,798
118,801
136,801
210,805
167,805
472,806
419,806
319,811
239,812
140,816
160,816
363,817
186,819
483,821
348,823
346,824
53,826
124,828
460,829
204,831
340,832
311,832
200,835
387,835
161,836
427,838
367,840
208,842
233,845
105,848
196,849
266,849
352,850
330,852
368,856
77,857
496,860
153,861
454,862
57,863
211,864
399,866
31,868
54,869
315,871
179,872
393,874
278,875
39,875
201,876
236,876
304,877
339,877
185,879
408,879
457,881
426,884
29,885
415,887
463,889
91,891
414,893
154,894
344,894
366,895
151,897
333,898
282,899
275,899
272,900
113,902
88,902
212,904
338,905
188,906
440,908
128,914
309,914
476,915
66,915
32,917
485,917
410,918
445,918
328,920
422,924
164,927
293,928
89,928
321,929
303,929
306,933
475,934
135,934
36,935
60,937
163,937
129,943
155,943
283,943
286,944
477,949
25,949
320,949
22,951
203,951
343,952
143,956
448,956
262,958
270,958
413,959
7,961
500,961
85,963
55,966
389,969
264,971
169,972
441,973
451,975
458,976
40,980
324,981
373,983
176,987
337,988
199,989
401,991
180,993
287,993
386,994
202,998
92,1000
356,1001
4,1003
312,1004
491,1006
377,1007
107,1012
100,1015
86,1017
224,1018
133,1020
12,1025
405,1025
302,1031
194,1032
159,1034
205,1035
358,1039
369,1040
305,1041
216,1044
437,1053
300,1060
464,1061
327,1062
65,1066
332,1069
493,1073
16,1074
494,1077
150,1084
3,1085
237,1100
411,1101
14,1104
355,1106
444,1106
214,1106
84,1110
482,1111
108,1114
292,1120
404,1122
465,1125
73,1126
126,1142
119,1157
234,1163
425,1167
26,1174
418,1176
131,1177
381,1178
407,1178
235,1181
96,1185
289,1189
349,1190
361,1191
220,1192
197,1194
141,1196
106,1207
52,1210
20,1216
281,1219
486,1220
74,1220
442,1222
273,1224
123,1234
499,1235
316,1236
120,1237
117,1237
11,1238
175,1239
254,1241
251,1246
421,1250
385,1252
33,1254
388,1256
446,1258
384,1263
280,1263
165,1271
209,1271
329,1273
149,1277
403,1282
382,1284
291,1287
301,1290
359,1290
5,1296
247,1297
17,1297
258,1301
76,1301
228,1301
90,1304
111,1306
398,1312
87,1315
59,1328
424,1332
409,1336
182,1336
383,1340
416,1346
269,1348
323,1348
47,1355
370,1357
277,1359
331,1363
187,1368
48,1372
56,1387
21,1394
102,1398
455,1409
396,1410
365,1411
80,1411
101,1415
114,1416
238,1423
397,1429
298,1432
198,1437
249,1437
225,1447
192,1448
130,1450
49,1454
226,1456
434,1468
181,1471
296,1474
75,1475
79,1476
299,1476
380,1483
193,1485
395,1487
452,1502
41,1505
223,1506
132,1511
30,1512
97,1515
335,1521
19,1521
480,1526
360,1526
260,1533
429,1544
325,1545
139,1548
50,1559
171,1563
342,1565
461,1574
436,1578
134,1579
469,1580
144,1581
68,1589
6,1600
222,1605
83,1608
142,1609
497,1612
112,1618
195,1622
145,1623
495,1625
15,1626
218,1627
259,1635
479,1637
481,1637
147,1640
99,1642
265,1644
241,1645
232,1646
244,1663
284,1695
376,1696
252,1696
71,1697
285,1700
318,1736
173,1747
438,1748
215,1750
390,1752
378,1758
271,1759
400,1767
227,1770
362,1775
394,1790
353,1800
288,1801
290,1805
166,1811
379,1814
183,1818
219,1819
42,1828
240,1832
23,1834
314,1834
229,1860
115,1876
67,1894
242,1896
341,1906
146,1906
217,1907
35,1919
317,1951
347,1969
2,1979
189,1980
245,1990
37,2000
109,2008
104,2035
276,2038
152,2042
474,2042
322,2042
98,2084
431,2092
45,2106
177,2139
191,2148
391,2149
364,2176
468,2180
297,2187
81,2190
10,2190
371,2243
268,2262
374,2272
172,2288
38,2291
462,2311
263,2324
423,2331
125,2346
326,2358
207,2370
34,2434
174,2458
46,2483
498,2537
9,2552
246,2554
138,2639
470,2663
243,2668
256,2717
467,2797
334,2819
456,2837
257,2837
221,2838
295,2985
43,3001
313,3014
375,3180
354,3299
69,3356
372,3641

simblock.block.ProofOfWorkBlock@8c15c7c:56
352,59
368,211
230,269
275,328
92,361
440,387
427,418
211,419
153,445
282,478
95,480
60,482
350,502
253,511
490,535
64,538
482,540
345,544
200,558
128,569
408,576
168,581
324,596
93,602
185,604
491,604
62,617
496,623
53,629
25,634
457,635
88,635
302,639
201,643
239,658
459,658
205,659
402,665
489,674
179,676
266,680
54,683
357,686
58,691
206,692
485,692
29,696
214,696
439,699
332,700
91,700
78,714
216,717
471,722
18,722
184,724
57,727
82,733
422,733
124,736
494,739
116,748
84,748
406,751
311,752
94,753
428,754
36,755
419,756
270,756
63,758
248,760
161,762
89,762
13,770
336,771
208,776
435,781
412,785
264,786
194,788
137,790
21,791
369,791
16,794
328,796
190,797
306,804
366,805
158,807
8,810
426,813
430,813
475,814
432,816
348,816
110,816
231,816
70,818
409,818
121,818
338,819
196,820
320,821
453,827
339,828
224,833
1,833
387,837
449,838
186,841
304,842
333,843
66,843
451,844
393,844
27,845
315,848
483,852
210,853
337,853
226,855
450,857
133,863
330,863
401,865
157,865
148,867
28,869
267,870
250,873
105,873
415,874
307,874
472,875
417,877
163,878
344,878
458,878
377,879
55,879
274,882
466,884
473,885
154,886
443,890
340,891
261,897
203,899
356,899
162,900
72,902
319,903
454,905
7,905
12,907
22,908
204,908
164,909
107,914
476,919
272,925
437,930
136,931
493,931
283,932
396,932
122,933
389,934
447,934
433,935
170,935
386,936
86,936
373,937
178,939
118,940
392,940
279,942
176,942
478,947
310,948
484,953
441,953
305,956
499,956
448,957
100,959
460,961
156,962
286,963
127,964
293,966
312,968
44,970
155,971
113,976
135,978
363,980
399,984
469,985
166,989
308,990
287,990
413,991
24,992
294,993
500,995
167,995
51,996
407,996
140,998
438,998
425,999
160,1002
410,1006
236,1006
321,1009
77,1010
143,1011
351,1012
39,1016
85,1017
103,1019
411,1023
4,1024
376,1025
346,1032
212,1038
390,1042
188,1042
492,1043
381,1044
487,1047
213,1050
424,1050
477,1050
169,1050
367,1050
199,1054
129,1055
359,1055
309,1056
278,1057
343,1060
380,1067
414,1070
420,1073
202,1076
255,1094
234,1097
180,1104
331,1107
326,1108
262,1112
61,1120
303,1122
40,1124
465,1128
119,1131
455,1133
80,1134
73,1135
268,1135
49,1138
405,1140
3,1144
96,1151
112,1162
75,1164
445,1164
361,1165
31,1166
123,1167
269,1170
233,1175
109,1178
488,1179
220,1183
431,1186
463,1188
209,1193
120,1195
47,1195
56,1195
101,1202
134,1202
258,1208
468,1208
382,1213
52,1215
6,1217
87,1218
14,1220
323,1220
280,1221
149,1223
292,1224
316,1226
421,1227
291,1229
11,1232
240,1232
362,1234
175,1241
97,1242
238,1243
106,1253
370,1254
245,1256
247,1262
470,1264
313,1265
228,1277
59,1278
131,1278
159,1289
436,1290
192,1300
191,1305
235,1308
17,1308
5,1309
394,1310
177,1311
358,1312
20,1316
281,1317
218,1322
327,1325
19,1331
416,1335
244,1340
35,1344
193,1344
48,1347
251,1349
388,1350
108,1360
398,1361
15,1363
342,1367
254,1370
497,1387
397,1388
117,1390
141,1391
147,1393
249,1398
187,1399
90,1402
298,1402
273,1402
83,1406
317,1410
126,1411
182,1413
76,1416
300,1426
26,1432
74,1438
217,1441
479,1448
444,1461
222,1462
349,1465
198,1477
67,1478
102,1480
385,1481
353,1492
215,1496
391,1497
79,1497
378,1498
256,1504
32,1511
71,1511
259,1513
138,1516
9,1516
241,1519
446,1520
219,1530
384,1540
260,1542
371,1550
452,1555
65,1560
325,1560
329,1569
301,1574
223,1576
132,1580
242,1580
43,1595
30,1599
144,1607
150,1609
23,1610
395,1627
400,1628
115,1634
33,1634
442,1635
403,1635
221,1650
46,1651
68,1653
34,1655
41,1659
355,1666
360,1689
429,1690
297,1690
145,1693
498,1698
98,1704
290,1710
480,1720
237,1731
365,1731
114,1740
295,1747
462,1758
227,1761
271,1774
104,1779
37,1780
467,1788
142,1792
181,1813
10,1817
139,1819
225,1821
314,1824
2,1833
243,1842
81,1859
486,1862
50,1884
418,1891
172,1892
354,1908
229,1924
285,1928
276,1934
130,1956
174,1963
375,1980
125,1997
347,2003
379,2007
423,2014
474,2016
334,2029
207,2057
404,2066
299,2081
464,2100
252,2141
364,2152
183,2153
289,2175
257,2181
372,2183
152,2193
232,2207
495,2222
165,2248
335,2251
263,2302
146,2326
111,2349
197,2351
99,2355
171,2426
383,2452
318,2461
189,2481
173,2495
461,2512
434,2521
296,2556
456,2585
45,2628
151,2690
246,2735
341,2766
277,2801
374,2806
265,2854
288,3020
42,3034
481,3096
69,3194
38,3316
195,3384
284,3600
322,3666

simblock.block.ProofOfWorkBlock@33e10959:56
445,59
213,208
156,215
185,272
406,298
356,331
435,356
22,398
485,412
419,455
454,482
70,513
458,538
340,579
457,596
236,677
399,735
313,749
450,791
422,850
466,909
381,932
240,1085
318,1164
289,1316
384,1321
495,1335
6,1403
244,1427
106,1460
175,1491
209,1497
49,1575
245,1579
21,1618
326,1628
182,1667
159,1667
260,1749
342,1755
357,1791
97,1798
428,1840
277,1896
436,1919
459,1966
482,2016
198,2056
242,2084
467,2090
188,2095
112,2140
475,2143
352,2200
251,2226
425,2269
268,2310
216,2332
79,2376
432,2383
431,2400
332,2463
353,2483
338,2511
88,2562
365,2564
405,2637
317,2649
256,2658
167,2690
201,2742
184,2812
447,2828
60,2870
179,2915
453,2990
194,3011
373,3051
287,3098
451,3189
211,3226
263,3240
157,3271
270,3365
3,3411
437,3472
98,3494
135,3544
125,3619
229,3717
366,3718
288,3743
284,3868
368,3901
152,3967
471,4078
296,4121
227,4216
55,4258
67,4509
81,4756
341,5011
452,5260

simblock.block.ProofOfWorkBlock@3a702107:57
416,59
218,280
383,364
35,449
209,496
497,540
20,584
215,591
197,630
326,668
325,668
291,674
5,713
384,749
74,753
396,756
444,760
119,808
228,822
342,832
111,840
73,841
49,854
166,854
340,886
327,888
42,890
141,891
463,898
495,905
175,914
270,922
240,924
323,926
6,934
281,939
359,943
300,964
46,971
144,978
26,979
238,986
301,987
429,989
149,1006
469,1008
131,1014
403,1019
112,1025
15,1025
52,1032
101,1038
401,1046
292,1057
268,1061
192,1061
387,1063
365,1064
289,1064
247,1067
237,1070
431,1070
159,1075
447,1077
182,1079
330,1081
103,1089
468,1092
352,1098
370,1106
106,1106
280,1107
59,1110
160,1112
331,1117
329,1119
316,1120
245,1132
27,1134
83,1143
285,1145
318,1145
358,1145
434,1146
117,1148
411,1148
37,1149
269,1152
244,1156
402,1163
386,1165
212,1169
381,1184
75,1187
177,1187
441,1191
421,1193
78,1194
14,1194
382,1196
397,1198
293,1198
48,1199
480,1202
234,1205
317,1205
424,1209
355,1209
368,1216
126,1226
97,1228
76,1228
108,1228
102,1231
347,1234
87,1234
361,1234
298,1236
225,1237
165,1237
135,1238
436,1238
338,1240
351,1245
303,1247
275,1249
8,1252
430,1254
130,1255
80,1255
13,1258
307,1260
339,1262
54,1263
486,1268
451,1275
2,1275
264,1277
56,1278
191,1279
134,1280
19,1281
109,1283
251,1287
187,1288
235,1289
140,1289
132,1294
17,1297
57,1297
353,1300
170,1304
489,1306
258,1311
11,1311
475,1311
394,1313
446,1318
362,1318
114,1320
404,1320
445,1320
315,1320
479,1321
47,1321
438,1322
92,1323
25,1333
464,1336
492,1341
477,1344
418,1346
169,1350
110,1356
198,1356
65,1359
82,1362
120,1369
254,1369
199,1370
151,1370
267,1373
379,1378
118,1380
278,1391
107,1392
273,1393
122,1394
24,1397
257,1402
412,1409
277,1410
32,1411
413,1417
294,1418
350,1419
454,1419
123,1422
494,1423
128,1423
409,1424
157,1424
184,1427
415,1428
85,1433
66,1434
349,1435
220,1438
127,1438
377,1439
405,1441
376,1443
233,1444
385,1445
222,1449
302,1450
460,1451
390,1452
163,1454
249,1455
150,1456
426,1457
380,1458
462,1462
22,1468
471,1469
345,1473
168,1474
200,1476
62,1480
449,1482
241,1485
354,1487
313,1494
388,1497
63,1497
395,1498
201,1501
153,1501
485,1506
478,1514
3,1518
461,1520
113,1521
470,1521
203,1523
488,1525
484,1528
178,1529
44,1531
230,1534
428,1535
33,1537
248,1539
420,1548
465,1550
214,1553
332,1556
272,1564
321,1565
367,1567
211,1568
16,1569
147,1576
265,1582
432,1584
18,1584
176,1590
344,1603
455,1604
86,1606
96,1607
399,1610
410,1613
7,1613
476,1618
279,1621
437,1622
12,1622
148,1623
61,1631
407,1633
374,1634
417,1636
105,1637
496,1643
129,1643
208,1661
90,1662
393,1662
224,1666
94,1667
138,1675
422,1676
186,1676
457,1689
4,1690
146,1692
473,1698
162,1699
21,1702
466,1704
459,1705
100,1707
308,1709
185,1712
406,1714
206,1714
250,1715
155,1716
483,1721
239,1728
425,1730
183,1738
443,1747
274,1751
158,1753
305,1760
442,1764
181,1775
493,1777
311,1777
173,1777
500,1782
262,1787
204,1801
392,1802
188,1808
450,1810
36,1813
84,1814
458,1843
89,1846
319,1848
29,1850
31,1856
369,1858
433,1863
145,1863
304,1868
9,1870
474,1870
154,1876
72,1879
261,1884
360,1886
136,1887
366,1889
346,1890
435,1893
34,1894
427,1897
124,1902
121,1927
312,1931
246,1941
271,1943
195,1945
104,1949
320,1954
364,1962
398,1965
40,1978
373,1981
99,1987
348,1987
487,1994
77,1996
481,1997
23,2008
363,2022
343,2024
133,2026
335,2028
143,2028
219,2029
210,2031
260,2036
256,2038
414,2052
467,2058
400,2059
207,2060
253,2061
372,2063
205,2065
453,2065
324,2068
194,2072
389,2073
236,2076
482,2104
88,2110
217,2118
452,2118
423,2128
30,2141
391,2142
116,2143
283,2157
439,2162
55,2170
202,2172
419,2199
328,2201
333,2213
39,2225
69,2228
341,2232
408,2237
440,2242
266,2246
491,2246
53,2248
448,2255
171,2264
79,2264
67,2280
93,2281
50,2285
152,2293
375,2302
472,2318
337,2335
309,2346
58,2350
287,2351
371,2357
60,2376
334,2378
179,2380
299,2390
167,2394
490,2399
1,2421
499,2426
231,2435
70,2438
190,2439
164,2442
356,2498
297,2522
161,2529
91,2543
284,2551
95,2554
64,2568
193,2584
137,2602
196,2609
286,2612
306,2612
156,2625
290,2629
43,2648
223,2699
357,2718
71,2736
28,2737
98,2772
255,2790
51,2791
310,2791
276,2804
45,2808
221,2816
174,2825
296,2836
38,2877
322,2895
216,2899
259,2903
226,2911
336,2965
213,2966
229,3046
172,3052
282,3072
125,3116
314,3143
142,3151
295,3215
189,3216
180,3247
243,3288
41,3300
252,3353
242,3462
263,3464
498,3514
115,3528
378,3548
139,3605
10,3711
81,3731
68,3783
232,3796
227,3969
288,3987
456,4031

simblock.block.ProofOfWorkBlock@6d6f3016:58
178,59
426,214
392,270
205,330
338,361
122,386
414,418
377,419
483,447
366,477
336,480
92,503
402,504
435,530
367,539
8,540
93,553
453,559
488,567
39,567
352,569
60,587
208,596
63,596
129,598
415,612
328,615
312,624
304,625
84,626
140,628
226,631
499,645
492,652
253,654
91,660
230,663
332,665
204,672
95,673
158,681
401,682
213,683
255,684
437,688
185,690
419,706
62,706
116,709
305,710
167,717
54,717
346,717
308,721
283,727
458,729
309,729
29,737
24,740
82,740
103,744
261,745
466,745
266,746
272,746
53,746
471,751
190,761
135,762
282,764
110,765
133,767
368,775
460,780
13,781
113,782
407,785
441,786
161,793
356,797
311,798
278,800
250,802
286,802
70,803
231,803
406,803
477,803
191,804
18,806
188,808
321,813
16,814
162,814
72,819
105,821
239,821
107,825
363,828
473,829
344,832
422,835
445,835
236,836
199,836
154,837
439,838
233,841
399,841
124,847
389,850
160,851
86,856
425,857
420,859
153,860
393,860
27,860
212,861
333,862
89,862
350,865
459,865
51,868
315,869
274,870
348,870
94,876
319,876
351,877
264,878
201,878
85,880
254,881
180,882
449,883
494,883
487,885
472,885
339,888
427,890
443,890
44,890
57,890
184,892
211,892
279,894
293,895
454,895
405,896
294,898
168,899
457,907
429,908
485,909
128,912
387,912
291,912
1,912
210,915
409,916
194,916
25,917
475,917
61,918
202,918
4,920
157,922
440,922
345,927
493,929
88,930
40,931
343,933
310,934
155,939
203,941
450,944
7,952
430,952
22,952
77,953
179,955
121,955
206,956
55,958
31,958
170,962
476,968
148,972
58,974
66,975
224,975
448,975
12,975
21,979
200,979
249,981
78,981
127,986
484,986
186,992
3,993
478,997
330,999
303,1001
216,1007
340,1010
307,1010
337,1011
324,1011
491,1013
447,1015
270,1019
36,1020
108,1024
118,1028
5,1030
136,1030
64,1031
164,1034
373,1035
33,1040
275,1041
176,1044
469,1053
408,1059
482,1062
111,1063
237,1066
433,1073
357,1077
302,1077
306,1077
331,1080
215,1082
74,1085
410,1087
262,1087
496,1088
412,1091
214,1092
159,1092
413,1096
489,1100
83,1100
37,1103
137,1107
323,1108
365,1113
451,1115
386,1119
287,1121
192,1122
130,1126
97,1134
417,1134
28,1135
442,1139
156,1139
120,1145
267,1145
327,1149
102,1150
100,1152
411,1152
434,1152
143,1153
359,1160
500,1164
96,1164
455,1169
163,1179
209,1183
298,1184
166,1187
244,1189
106,1198
240,1201
490,1208
486,1211
428,1212
245,1212
436,1212
2,1214
59,1214
14,1216
20,1217
380,1227
464,1229
300,1230
446,1233
112,1244
398,1251
131,1252
197,1254
320,1254
175,1254
6,1256
397,1258
220,1264
432,1265
196,1269
285,1270
49,1276
468,1276
75,1278
238,1278
403,1289
169,1292
149,1293
19,1293
90,1296
390,1299
316,1302
418,1304
228,1310
187,1312
424,1320
355,1320
109,1323
248,1323
151,1323
269,1326
342,1333
150,1334
497,1337
241,1338
134,1353
301,1354
117,1360
32,1367
280,1372
416,1380
347,1383
144,1384
73,1385
444,1387
79,1394
101,1395
369,1400
80,1400
87,1401
26,1411
48,1412
394,1414
222,1421
182,1425
147,1425
198,1426
247,1434
235,1440
495,1443
361,1447
141,1449
378,1462
314,1474
68,1480
421,1483
195,1486
452,1491
225,1492
317,1494
257,1495
438,1495
76,1503
329,1509
9,1510
358,1511
374,1513
360,1516
396,1523
242,1524
349,1525
334,1526
138,1536
23,1547
181,1555
370,1555
114,1556
47,1556
376,1571
463,1572
217,1575
371,1578
227,1579
271,1582
385,1592
292,1597
132,1614
268,1618
232,1621
382,1623
364,1623
289,1625
125,1638
263,1648
41,1655
15,1656
479,1661
123,1663
281,1664
46,1670
146,1676
35,1678
260,1678
52,1694
67,1695
400,1695
207,1712
189,1722
251,1725
325,1729
388,1741
139,1763
290,1766
56,1771
273,1787
277,1788
322,1791
341,1793
456,1795
119,1799
38,1799
246,1809
115,1815
50,1820
461,1825
318,1833
480,1834
381,1834
218,1841
431,1847
229,1857
481,1877
126,1895
17,1901
391,1905
404,1914
465,1957
219,1963
383,1966
81,1977
165,2003
470,2012
174,2061
104,2069
11,2082
45,2097
223,2097
172,2107
258,2108
395,2114
474,2120
142,2129
42,2134
34,2141
467,2168
384,2175
171,2189
193,2189
462,2206
183,2216
221,2252
71,2274
326,2281
379,2308
99,2358
252,2362
30,2367
313,2376
276,2403
423,2405
43,2426
295,2446
65,2452
296,2463
152,2472
256,2474
362,2483
353,2546
173,2555
375,2618
234,2653
98,2658
259,2664
145,2687
284,2706
177,2717
354,2732
498,2736
288,2746
299,2766
243,2820
10,2989
372,3028
265,3048
69,3069
297,3118
335,3275

simblock.block.ProofOfWorkBlock@4dc96465:59
99,59
335,409
139,571
223,721
359,819
259,841
125,930
271,970
9,1012
197,1043
462,1072
371,1087
244,1130
341,1175
456,1184
5,1211
52,1258
474,1270
35,1290
166,1307
115,1309
81,1320
434,1323
416,1341
75,1349
79,1364
153,1384
15,1386
217,1401
260,1429
403,1441
187,1447
33,1461
370,1472
109,1473
334,1492
322,1509
382,1525
281,1526
237,1527
455,1533
324,1537
368,1538
175,1548
452,1551
376,1558
95,1559
117,1561
446,1561
383,1565
80,1569
219,1572
227,1574
388,1579
300,1580
342,1584
339,1594
23,1599
225,1609
431,1611
56,1617
73,1645
257,1649
218,1651
32,1661
25,1662
90,1668
301,1680
285,1688
241,1693
6,1694
49,1695
177,1702
211,1704
2,1711
122,1711
42,1715
236,1715
246,1721
239,1722
329,1736
421,1737
326,1746
294,1747
127,1750
169,1755
251,1759
385,1762
68,1764
205,1764
273,1769
191,1773
215,1776
111,1777
466,1780
20,1786
384,1786
181,1787
489,1791
378,1792
358,1797
436,1800
108,1802
220,1803
157,1810
470,1811
298,1812
230,1812
212,1813
189,1817
59,1818
141,1820
94,1826
131,1830
349,1831
144,1833
234,1836
313,1836
392,1845
129,1845
146,1851
200,1855
165,1856
408,1857
404,1858
8,1861
429,1861
289,1861
14,1861
107,1866
472,1869
366,1869
247,1871
240,1872
50,1874
53,1874
350,1874
149,1884
86,1885
430,1891
24,1891
400,1898
443,1900
414,1904
120,1911
183,1912
336,1916
130,1919
126,1919
492,1921
159,1922
412,1926
369,1926
7,1926
331,1927
268,1929
185,1932
406,1933
162,1934
145,1941
325,1943
83,1952
278,1956
253,1957
480,1957
245,1961
437,1966
154,1966
362,1974
463,1975
63,1977
422,1978
279,1980
479,1981
47,1984
103,1985
316,1991
67,1997
438,1997
173,2004
258,2005
415,2007
22,2008
152,2010
238,2011
355,2013
121,2020
70,2021
486,2022
196,2022
263,2023
441,2023
453,2024
39,2025
451,2029
29,2032
116,2033
203,2035
390,2035
134,2036
433,2038
26,2041
98,2044
401,2044
396,2045
128,2046
192,2048
361,2048
224,2055
40,2061
46,2062
27,2065
409,2067
303,2073
270,2074
481,2077
424,2077
444,2079
397,2082
61,2083
41,2094
31,2095
477,2096
420,2096
330,2100
468,2101
210,2102
222,2107
76,2107
332,2111
202,2113
147,2117
36,2118
228,2122
410,2126
373,2135
374,2135
465,2138
274,2140
194,2142
288,2144
380,2146
333,2148
286,2151
399,2154
140,2157
170,2164
287,2165
17,2169
43,2175
182,2176
164,2184
168,2187
312,2189
419,2190
351,2191
248,2194
386,2198
321,2199
135,2201
398,2202
96,2204
242,2206
188,2206
161,2207
306,2207
254,2209
418,2209
440,2209
483,2233
38,2233
77,2235
190,2236
291,2246
88,2249
261,2251
484,2254
89,2258
150,2262
493,2263
473,2267
178,2272
255,2275
155,2277
310,2278
48,2283
348,2295
113,2295
450,2302
353,2304
497,2310
402,2314
213,2314
66,2318
180,2320
51,2330
195,2332
132,2336
85,2336
284,2342
207,2348
469,2348
391,2353
151,2354
372,2356
475,2362
317,2366
423,2369
427,2372
112,2376
160,2382
328,2382
199,2385
265,2400
485,2408
447,2412
171,2415
394,2420
100,2424
476,2433
229,2436
4,2440
277,2443
21,2446
84,2453
352,2456
458,2467
445,2467
91,2468
106,2470
231,2492
297,2499
428,2499
347,2500
232,2501
214,2503
435,2506
142,2515
11,2521
45,2530
136,2535
269,2558
432,2559
235,2559
34,2563
393,2566
102,2568
283,2581
461,2586
275,2590
365,2595
92,2600
299,2602
318,2605
233,2607
64,2620
319,2630
320,2637
193,2637
216,2642
280,2645
377,2656
256,2663
133,2663
267,2669
60,2671
293,2674
491,2697
69,2698
381,2705
467,2712
442,2731
87,2734
143,2742
104,2750
97,2756
276,2762
250,2770
201,2787
58,2794
457,2800
37,2802
262,2806
19,2813
55,2817
495,2828
464,2832
123,2841
449,2852
65,2858
198,2866
156,2883
302,2894
101,2903
364,2932
28,2932
295,2941
16,2969
346,2986
282,2991
340,3002
354,3005
494,3028
30,3050
105,3063
249,3067
411,3068
179,3073
500,3089
375,3090
327,3104
496,3113
323,3129
413,3146
379,3172
10,3181
71,3238
208,3242
498,3242
296,3245
174,3265
110,3271
343,3302
243,3326
119,3348
57,3377
292,3387
407,3419
314,3429
389,3444
158,3461
124,3477
62,3478
221,3497
454,3569
3,3591
138,3608
114,3609
487,3616
417,3631
209,3649
226,3686
206,3747
360,3748
44,3768
304,3793
405,3816
167,3849
344,3871
74,3908
311,3909
345,3915
266,3930
148,3946
12,3986
172,4007
305,4048
367,4090
272,4125
184,4169
82,4178
425,4197
357,4207
93,4213
137,4218
459,4227
290,4263
460,4298
363,4302
482,4357
439,4402
264,4473
387,4508
118,4510
478,4523
337,4553
13,4600
252,4700
356,4706
204,4806
307,4809
72,4838
426,4903
395,4990
488,5009
315,5115
1,5121
54,5190
448,5258
499,5309
490,5414
163,5425
176,5544
78,5606
338,5609
471,5723
186,5892
309,5958
18,6021

simblock.block.ProofOfWorkBlock@2634f86e:60
26,59
149,278
257,362
327,444
102,505
424,533
109,580
280,594
14,616
480,662
11,678
191,678
444,698
74,728
240,753
397,756
268,760
76,766
56,796
380,816
301,817
436,837
75,842
355,842
218,853
292,853
393,873
123,879
42,884
349,900
468,904
19,924
35,924
166,931
326,931
117,946
130,960
220,968
495,974
198,984
486,984
108,986
281,1002
455,1006
381,1007
385,1012
5,1013
323,1016
311,1026
144,1029
13,1036
325,1042
458,1046
394,1046
52,1052
411,1057
464,1058
463,1060
388,1063
2,1068
416,1076
234,1076
178,1081
83,1083
347,1089
136,1089
429,1090
465,1097
329,1102
169,1103
192,1110
177,1113
55,1115
106,1116
317,1126
442,1128
497,1129
120,1131
365,1139
215,1142
273,1143
298,1146
277,1147
420,1149
469,1151
300,1152
379,1157
46,1161
258,1165
209,1166
165,1170
384,1173
61,1177
118,1177
237,1179
197,1184
48,1184
203,1187
151,1190
200,1190
462,1192
196,1192
331,1195
494,1200
119,1201
6,1209
457,1211
245,1213
51,1213
228,1218
224,1220
17,1220
438,1221
126,1221
47,1225
33,1225
403,1229
431,1230
488,1232
342,1233
316,1234
434,1234
80,1236
251,1236
324,1237
32,1240
15,1240
24,1242
141,1243
37,1244
383,1247
291,1255
132,1256
312,1262
490,1264
107,1264
427,1267
225,1271
370,1271
421,1276
358,1278
244,1282
205,1288
470,1288
187,1291
31,1293
90,1296
389,1301
182,1302
285,1304
57,1305
8,1305
376,1309
479,1312
353,1313
65,1314
362,1315
150,1317
460,1320
49,1321
7,1324
170,1327
222,1331
73,1339
175,1342
162,1343
122,1345
294,1351
343,1351
103,1351
254,1355
261,1355
313,1357
404,1358
446,1358
131,1358
363,1364
111,1366
346,1367
93,1369
179,1372
96,1374
402,1376
433,1380
264,1380
473,1386
496,1386
101,1388
249,1391
156,1391
359,1396
390,1397
53,1397
396,1397
289,1399
22,1401
482,1404
471,1404
134,1404
318,1406
216,1408
262,1413
129,1414
425,1419
147,1420
20,1421
181,1424
64,1430
235,1431
167,1431
255,1434
476,1437
409,1439
247,1441
241,1442
361,1443
97,1448
350,1451
112,1456
100,1457
439,1463
176,1464
443,1470
445,1475
110,1478
308,1478
310,1481
124,1481
418,1487
238,1488
250,1492
315,1495
155,1496
491,1508
158,1510
415,1511
180,1513
267,1517
451,1531
204,1534
466,1538
489,1539
337,1541
113,1545
369,1547
87,1553
39,1554
307,1558
453,1559
447,1559
304,1563
279,1568
164,1571
484,1575
309,1578
430,1579
213,1582
340,1582
154,1582
272,1584
133,1586
153,1587
59,1589
382,1592
282,1595
27,1597
321,1599
84,1605
330,1608
99,1608
483,1609
231,1609
303,1610
210,1610
199,1612
454,1612
306,1613
135,1617
440,1617
275,1624
428,1626
401,1631
30,1634
85,1636
185,1640
248,1641
259,1642
12,1646
352,1651
449,1652
92,1653
422,1654
351,1655
45,1661
377,1669
78,1671
344,1673
477,1675
500,1684
16,1686
159,1687
339,1699
386,1705
114,1705
417,1708
116,1713
226,1713
71,1717
160,1717
414,1727
270,1728
406,1731
161,1734
419,1735
493,1738
230,1741
221,1742
387,1743
128,1751
143,1757
400,1759
62,1762
269,1763
478,1769
459,1773
487,1780
407,1785
115,1785
253,1785
320,1785
44,1792
392,1793
426,1797
368,1803
168,1811
461,1813
283,1814
54,1820
88,1826
4,1827
86,1830
305,1849
174,1852
284,1853
236,1855
40,1861
378,1863
60,1863
286,1872
398,1877
94,1882
105,1887
25,1888
399,1891
274,1901
183,1902
412,1905
1,1912
186,1918
338,1918
360,1921
68,1922
260,1936
265,1942
319,1948
276,1954
29,1965
89,1965
82,1966
450,1971
121,1973
299,1973
95,1981
357,1985
375,1990
472,1991
475,2001
437,2004
50,2010
356,2014
138,2023
372,2024
366,2029
140,2031
391,2034
171,2046
239,2050
163,2052
173,2055
345,2059
293,2061
435,2067
341,2070
408,2075
63,2084
184,2087
492,2103
193,2108
405,2123
373,2139
10,2140
302,2144
332,2149
172,2155
485,2167
336,2172
456,2173
201,2177
148,2177
208,2203
266,2208
212,2208
229,2213
207,2219
252,2220
441,2224
70,2240
18,2241
152,2243
233,2248
333,2258
432,2267
314,2271
467,2296
328,2318
79,2333
452,2337
66,2348
127,2352
157,2354
371,2371
278,2381
194,2381
9,2391
297,2394
23,2396
214,2403
146,2404
364,2420
206,2422
481,2423
3,2445
395,2461
189,2462
410,2476
256,2477
295,2499
91,2523
142,2550
36,2556
498,2583
296,2623
34,2643
104,2644
41,2670
232,2676
125,2681
227,2715
354,2727
43,2751
243,2810
81,2824
69,2839
290,2868
145,2872
246,2891
139,2920
242,2935
223,2982
67,2984
474,3001
271,3094
38,3126
374,3140
322,3184
195,3232
335,3232
334,3374
98,3481
288,3729

simblock.block.ProofOfWorkBlock@53ac45c0:61
255,59
363,207
309,269
414,329
196,363
488,386
499,422
61,422
77,444
39,478
330,479
338,480
279,510
346,511
430,536
386,536
210,538
176,542
154,567
250,570
137,571
100,573
85,593
28,596
84,596
393,597
345,604
366,627
135,627
7,628
8,630
413,630
303,633
188,652
389,653
133,654
178,655
377,662
450,664
417,678
262,683
283,688
60,689
343,690
458,690
412,693
185,694
308,698
422,708
454,711
344,711
62,719
116,721
310,721
205,722
51,723
24,725
21,731
487,736
478,741
148,741
158,743
305,746
367,747
66,842
204,749
93,749
326,750
233,752
315,752
332,755
88,756
231,769
441,771
203,776
333,776
107,777
164,777
369,778
407,778
405,780
453,781
253,781
406,782
492,785
168,788
57,793
426,793
202,798
348,798
162,800
190,800
425,804
170,804
82,806
25,809
163,810
459,810
402,812
328,812
306,812
432,812
351,814
352,819
213,820
357,822
95,827
286,830
337,831
266,833
124,833
477,834
437,834
433,838
156,839
475,840
484,841
121,842
63,842
78,842
473,844
293,845
460,846
94,849
29,853
186,854
64,855
319,856
471,860
304,860
264,861
54,861
320,861
128,862
448,862
55,864
72,866
12,866
490,868
401,869
143,870
89,871
224,874
118,874
340,874
435,875
129,876
13,877
466,877
275,880
321,884
261,889
392,891
493,891
272,892
409,893
211,895
122,895
31,895
439,897
1,897
248,899
415,900
180,901
22,902
212,904
157,913
58,913
356,916
18,918
287,919
127,919
443,922
254,923
167,923
206,926
368,927
491,928
489,928
105,930
350,940
36,1089
440,941
140,942
27,945
70,947
428,948
40,948
313,950
494,951
482,951
86,952
155,952
208,955
445,958
153,959
399,960
136,960
457,960
302,963
267,965
110,966
91,967
312,970
449,974
383,976
194,978
447,983
214,984
451,985
161,987
278,989
307,993
427,999
317,1006
282,1008
201,1010
44,1013
294,1015
387,1017
327,1018
420,1019
485,1025
216,1025
411,1027
119,1036
469,1038
199,1043
472,1044
355,1048
500,1049
200,1049
384,1054
270,1056
244,1056
339,1063
166,1066
226,1068
16,1074
184,1074
109,1083
479,1088
239,1095
181,1102
160,1107
496,1108
3,1110
53,1113
291,1113
103,1122
277,1123
198,1124
15,1125
230,1130
130,1133
92,1133
324,1134
5,1134
462,1137
20,1141
385,1146
424,1150
476,1150
113,1154
410,1156
102,1159
429,1163
56,1167
376,1169
483,1169
316,1173
408,1174
4,1177
106,1178
238,1181
397,1182
33,1182
431,1187
455,1187
14,1188
26,1190
274,1190
42,1192
65,1194
141,1200
207,1207
342,1210
37,1211
280,1212
370,1214
301,1214
76,1215
318,1216
218,1218
83,1223
464,1223
197,1223
11,1223
336,1227
373,1230
403,1232
465,1235
480,1238
111,1238
120,1238
470,1240
240,1244
273,1244
179,1253
241,1255
236,1256
495,1256
325,1272
126,1284
419,1287
35,1289
390,1291
177,1292
379,1295
101,1296
285,1300
112,1303
6,1307
438,1309
349,1311
289,1312
311,1312
74,1318
131,1321
388,1328
159,1333
144,1338
353,1348
52,1348
323,1351
108,1356
47,1360
444,1360
123,1365
187,1366
220,1367
219,1370
147,1370
416,1376
227,1379
434,1380
2,1380
497,1383
73,1384
151,1389
215,1391
149,1392
134,1397
436,1404
382,1411
90,1411
81,1411
232,1413
251,1420
257,1423
217,1423
452,1425
80,1434
48,1443
49,1444
222,1454
235,1470
361,1472
97,1474
75,1481
281,1483
300,1488
421,1503
30,1504
378,1514
474,1516
249,1517
329,1522
175,1531
182,1540
117,1540
372,1546
391,1553
481,1553
19,1555
442,1556
269,1556
468,1558
114,1566
50,1574
169,1580
138,1588
9,1589
463,1590
252,1600
263,1606
125,1620
247,1625
195,2349
17,1630
354,1631
150,1642
268,1643
360,1655
331,1658
87,1659
183,1661
41,1663
395,1671
191,1672
34,1680
174,1681
400,1689
242,1691
341,1694
314,1706
237,1710
228,1712
292,1713
446,1728
396,1737
362,1750
115,1764
221,1765
146,1774
456,1788
192,1794
59,1806
265,1807
71,1816
99,1823
371,1836
68,1844
380,1847
243,1855
246,1889
398,1892
209,1894
165,1901
46,1924
335,1928
498,1939
295,1946
423,1956
256,1960
365,1963
347,1980
271,1991
98,1995
467,2000
404,2024
193,2029
45,2063
32,2070
418,2071
223,2085
142,2128
225,2146
375,2155
139,2174
245,2195
260,2214
288,2220
284,2241
276,2249
359,2258
152,2266
69,2290
322,2317
10,2359
381,2370
23,2416
358,2434
172,2435
79,2497
189,2502
334,2536
394,2540
229,2556
298,2606
67,2650
290,2699
486,2711
364,2735
43,2781
132,2786
171,2846
258,2885
296,2936
461,3032
234,3057
104,3075
299,3130
96,3232
297,3476
374,3527
38,3810
145,4119
259,4417
173,4760

simblock.block.ProofOfWorkBlock@1d5bf97c:62
475,59
337,209
399,272
308,335
212,361
401,407
343,417
213,422
167,465
427,474
3,478
472,488
453,509
393,531
459,536
499,537
39,545
267,566
110,568
133,569
445,574
156,589
363,593
184,593
94,603
208,617
231,623
366,627
116,627
286,629
185,634
338,642
282,651
426,659
226,659
328,659
95,662
493,674
128,680
136,682
70,684
430,684
293,685
262,685
100,686
422,690
303,697
53,704
179,711
105,715
356,715
202,717
451,718
233,719
312,733
22,735
61,736
77,738
255,740
194,742
158,743
405,748
476,749
302,752
107,756
387,756
188,761
250,765
236,768
392,772
230,772
64,774
357,775
490,776
310,777
348,778
160,778
415,779
386,788
413,791
352,792
428,794
7,799
420,800
199,801
8,805
307,805
494,807
496,807
333,809
211,811
155,812
417,813
414,813
473,814
178,815
93,816
60,822
466,825
164,830
377,831
270,833
62,833
489,833
127,834
440,835
51,836
1,836
44,836
210,842
336,842
31,846
447,848
205,851
294,852
419,853
309,854
85,855
311,857
283,857
40,858
196,859
266,860
315,860
162,861
350,861
278,862
113,865
190,865
332,867
18,868
214,869
487,870
72,870
140,874
92,875
24,884
261,885
148,887
201,890
91,890
435,891
306,893
49,896
477,896
180,898
204,902
409,908
321,908
168,910
206,914
389,915
287,916
29,916
305,916
86,917
157,918
13,921
153,922
58,923
163,924
124,925
492,925
410,925
118,926
368,926
129,926
82,927
449,932
224,932
55,933
448,933
78,935
275,936
402,941
234,942
439,947
433,950
154,950
373,951
407,953
488,953
454,954
491,958
170,959
330,960
80,965
16,965
122,966
460,966
443,969
344,972
346,973
239,974
25,974
319,980
88,982
339,982
437,985
320,985
161,986
264,988
27,992
249,993
471,994
248,995
274,1004
37,1005
200,1006
483,1006
279,1006
482,1008
458,1013
412,1014
176,1015
135,1022
484,1024
432,1025
345,1026
63,1026
436,1028
478,1029
84,1032
54,1032
4,1034
103,1039
143,1040
253,1041
272,1042
203,1049
36,1050
28,1051
500,1051
89,1052
398,1055
144,1056
367,1058
425,1065
324,1070
450,1071
495,1078
5,1079
258,1084
137,1085
418,1085
384,1085
166,1087
441,1092
351,1093
369,1096
186,1103
66,1106
19,1114
394,1114
121,1117
130,1127
485,1128
216,1138
149,1138
469,1147
434,1151
408,1152
304,1152
215,1155
497,1162
57,1165
169,1167
175,1170
353,1173
56,1177
90,1178
329,1178
370,1182
73,1188
119,1191
457,1195
300,1200
273,1200
291,1201
117,1204
464,1204
403,1205
12,1210
340,1211
359,1211
331,1222
455,1224
11,1226
431,1227
109,1237
38,1240
245,1242
20,1244
327,1250
416,1252
313,1252
177,1252
347,1257
396,1257
147,1260
442,1261
197,1261
486,1265
316,1265
382,1267
257,1268
21,1270
438,1271
470,1278
411,1282
251,1284
349,1287
480,1287
390,1291
406,1296
463,1297
111,1303
108,1306
150,1312
126,1314
361,1317
35,1318
383,1318
342,1323
280,1324
247,1327
47,1330
131,1333
404,1336
365,1336
380,1340
59,1351
424,1352
106,1357
462,1360
134,1361
123,1363
52,1369
465,1377
198,1383
96,1387
292,1388
325,1395
355,1398
388,1411
74,1412
374,1414
479,1416
172,1417
102,1418
381,1422
209,1424
101,1424
263,1426
46,1428
228,1430
281,1431
15,1436
99,1437
235,1439
444,1441
429,1447
298,1457
241,1458
87,1468
240,1471
10,1476
2,1485
165,1487
30,1496
421,1498
301,1503
34,1510
6,1510
227,1516
323,1521
191,1526
112,1534
48,1542
83,1545
141,1545
76,1555
285,1558
222,1558
146,1559
237,1569
98,1572
297,1579
271,1587
114,1589
376,1600
26,1600
151,1604
14,1607
296,1611
50,1615
159,1616
268,1617
456,1623
192,1629
335,1630
314,1636
299,1641
391,1642
326,1642
193,1649
75,1672
173,1680
33,1682
395,1689
378,1690
276,1694
385,1701
219,1704
498,1704
260,1705
189,1709
81,1716
32,1718
468,1720
218,1721
41,1728
139,1731
252,1736
181,1742
446,1749
284,1761
187,1771
277,1774
120,1775
322,1778
379,1786
318,1801
244,1818
246,1821
9,1826
195,1840
397,1854
243,1862
254,1872
400,1872
17,1894
229,1897
474,1904
358,1919
115,1928
142,1930
182,1931
269,1943
183,1955
362,1962
423,1984
132,1987
97,1987
45,2018
225,2041
467,2056
221,2062
138,2066
238,2068
42,2101
256,2103
265,2130
364,2139
289,2157
65,2158
232,2181
223,2204
220,2211
23,2220
452,2226
288,2266
317,2274
371,2360
125,2365
145,2389
67,2422
360,2450
242,2459
461,2480
481,2497
217,2508
290,2514
375,2544
341,2551
207,2557
354,2663
334,2674
104,2733
79,2742
152,2787
171,2790
68,2798
43,2834
71,2972
69,3012
259,3086
372,3174
174,3383
295,3723

simblock.block.ProofOfWorkBlock@6a540fb0:63
253,59
428,210
92,269
387,328
366,360
18,389
368,418
450,423
459,446
7,478
62,480
407,486
283,504
206,510
13,536
310,537
453,538
28,542
162,564
282,567
103,571
457,573
110,592
311,595
203,597
85,599
170,604
16,623
100,626
441,628
154,630
21,630
346,634
148,634
133,651
287,654
427,654
408,656
264,657
319,659
91,662
94,682
226,685
440,688
135,689
348,690
105,692
199,693
53,700
487,701
494,707
116,715
307,716
274,716
39,717
499,717
204,718
233,719
64,726
485,727
60,730
490,735
93,738
261,742
489,745
201,746
121,749
155,750
63,750
420,753
315,753
176,762
58,762
213,771
320,772
433,772
236,774
294,775
483,775
309,776
278,777
293,777
161,778
216,779
24,780
475,784
196,784
208,786
255,789
272,789
473,790
478,792
205,797
435,805
25,806
127,806
324,807
248,807
88,808
303,808
157,809
500,812
77,818
128,818
449,820
305,825
312,829
4,830
66,832
308,832
302,833
86,834
118,836
266,836
107,836
333,837
412,837
70,839
389,839
180,840
392,840
350,841
356,843
472,849
40,850
279,853
393,853
164,855
345,861
402,863
488,863
231,863
419,864
340,865
156,865
409,865
122,866
163,866
460,868
113,869
343,876
443,880
29,886
351,887
185,888
78,889
124,890
447,893
51,894
262,894
344,894
214,894
140,895
54,898
250,898
184,900
330,901
160,905
448,907
439,907
454,909
367,912
369,914
31,921
8,921
336,922
36,922
458,923
188,923
211,923
363,925
445,925
210,925
337,926
178,929
84,929
224,930
167,932
200,935
56,941
22,943
239,944
270,950
425,950
55,950
129,952
414,952
484,954
496,954
432,958
386,959
169,959
338,962
437,966
373,966
471,969
158,970
95,971
82,972
275,979
352,980
179,982
230,983
136,986
413,992
329,994
357,997
410,998
194,999
401,1001
429,1007
1,1009
426,1012
492,1015
44,1016
153,1016
267,1021
212,1027
466,1028
289,1032
72,1034
321,1034
422,1036
491,1039
469,1041
476,1042
119,1042
430,1042
377,1053
399,1055
75,1056
417,1057
451,1057
415,1060
46,1060
27,1062
328,1063
143,1067
168,1069
89,1070
61,1075
332,1085
358,1091
114,1091
190,1093
442,1097
112,1097
137,1098
398,1099
342,1102
83,1104
245,1118
273,1119
186,1120
416,1126
254,1126
306,1130
482,1131
438,1134
339,1135
380,1141
90,1144
175,1144
468,1147
87,1151
497,1151
383,1152
493,1155
388,1161
159,1161
436,1163
198,1163
406,1177
269,1180
120,1181
286,1189
202,1193
209,1205
117,1206
3,1208
11,1208
126,1213
123,1213
281,1215
385,1215
96,1217
192,1220
390,1220
35,1225
331,1225
347,1229
57,1235
361,1236
431,1237
241,1239
48,1241
222,1243
74,1248
304,1250
73,1252
421,1252
47,1254
108,1255
102,1256
134,1257
20,1262
394,1266
149,1266
59,1269
376,1270
464,1277
411,1281
247,1283
52,1286
424,1286
132,1287
298,1287
405,1292
187,1295
300,1302
382,1303
19,1316
12,1317
470,1320
244,1320
220,1321
258,1325
80,1327
14,1328
444,1332
455,1334
37,1336
228,1337
238,1344
463,1350
396,1351
359,1364
313,1365
477,1375
147,1377
317,1379
252,1387
32,1391
166,1392
111,1392
291,1400
325,1402
141,1404
251,1405
446,1409
486,1410
285,1423
418,1429
456,1432
292,1433
381,1435
374,1437
17,1447
249,1454
50,1454
395,1456
232,1458
33,1464
76,1464
181,1465
215,1474
355,1477
79,1484
257,1500
26,1505
481,1515
323,1517
144,1520
370,1526
349,1529
290,1533
104,1543
68,1546
379,1548
98,1548
97,1549
23,1552
43,1552
237,1555
353,1561
314,1569
189,1572
334,1595
384,1600
41,1608
219,1611
360,1628
462,1629
34,1631
479,1636
174,1636
280,1636
397,1638
299,1643
354,1645
218,1649
71,1651
322,1669
195,1674
130,1675
109,1675
276,1679
301,1686
371,1707
197,1714
45,1714
260,1719
362,1722
182,1730
223,1733
101,1733
259,1735
242,1739
115,1744
404,1771
183,1795
229,1801
365,1808
327,1811
341,1826
142,1833
221,1835
207,1838
150,1846
268,1852
271,1854
263,1856
106,1856
434,1886
243,1888
145,1902
42,1903
191,1905
125,1941
480,1943
146,1948
171,1961
6,1982
172,2004
2,2021
240,2022
177,2027
99,2036
295,2056
151,2065
277,2079
378,2084
227,2102
139,2120
165,2123
173,2135
65,2156
138,2186
465,2191
131,2192
193,2244
326,2245
49,2249
15,2307
152,2313
318,2326
461,2340
5,2363
9,2388
235,2421
225,2423
297,2424
375,2467
400,2469
335,2476
495,2538
296,2593
403,2594
452,2598
234,2600
364,2609
498,2673
316,2707
10,2766
467,2767
246,2877
288,2879
67,2894
38,3006
372,3015
30,3049
284,3161
265,3176
256,3289
81,3334
69,3519
423,3572
217,3859
474,4142
391,4425

simblock.block.ProofOfWorkBlock@5474165c:64
17,59
247,283
468,367
438,508
306,571
87,582
73,595
191,666
361,729
36,741
414,747
47,768
272,782
315,797
65,804
291,813
298,817
471,841
430,855
240,867
147,887
433,890
108,892
281,896
218,901
303,911
476,941
180,945
88,946
12,948
269,951
210,955
285,958
345,960
302,967
469,970
455,974
134,977
325,991
380,992
363,1007
491,1008
312,1017
268,1024
449,1025
131,1033
161,1035
370,1041
385,1042
248,1044
425,1050
347,1053
233,1062
236,1068
270,1069
110,1070
321,1070
327,1072
377,1075
63,1076
176,1077
37,1079
317,1080
454,1088
365,1089
264,1091
366,1097
190,1099
136,1100
7,1101
5,1107
394,1111
111,1114
204,1114
163,1116
367,1117
267,1117
85,1119
404,1120
472,1120
384,1123
417,1125
130,1125
19,1128
209,1130
107,1132
485,1133
188,1133
463,1134
460,1136
412,1141
407,1142
124,1146
437,1155
160,1157
358,1158
344,1160
86,1160
266,1163
362,1163
156,1165
368,1168
169,1170
170,1170
411,1171
228,1171
261,1173
443,1174
143,1175
146,1176
128,1177
401,1180
343,1183
92,1185
251,1192
280,1193
192,1199
444,1200
150,1205
442,1205
101,1207
282,1209
329,1210
199,1211
500,1212
53,1215
279,1215
389,1216
215,1219
168,1219
238,1219
499,1219
123,1221
496,1221
387,1221
405,1221
42,1223
351,1223
208,1229
164,1230
179,1230
78,1230
473,1230
388,1232
214,1232
413,1232
275,1234
356,1238
205,1241
121,1248
39,1249
116,1250
109,1251
403,1254
126,1258
52,1259
326,1260
159,1261
120,1264
51,1271
196,1272
304,1273
21,1274
140,1274
379,1274
244,1276
262,1277
427,1278
202,1278
323,1286
470,1286
91,1287
332,1287
386,1290
357,1290
436,1291
497,1291
278,1291
144,1292
44,1294
89,1295
305,1299
487,1299
26,1302
113,1302
416,1302
249,1304
308,1306
409,1308
22,1311
162,1312
254,1313
376,1316
445,1316
105,1320
440,1322
492,1326
212,1328
382,1328
426,1330
480,1332
178,1333
96,1333
250,1335
253,1337
307,1338
277,1338
415,1340
495,1340
318,1342
479,1344
200,1345
381,1345
465,1348
203,1349
435,1350
320,1351
349,1357
432,1359
294,1363
258,1364
60,1364
310,1365
11,1366
102,1370
80,1372
447,1373
166,1374
418,1374
292,1375
340,1376
72,1378
245,1381
75,1384
231,1387
149,1388
429,1388
175,1389
2,1390
498,1390
133,1394
222,1396
46,1397
117,1402
13,1403
28,1403
255,1404
186,1405
55,1412
359,1412
313,1414
93,1418
257,1424
400,1425
187,1427
300,1427
490,1433
6,1437
198,1439
355,1439
211,1445
338,1445
94,1446
434,1447
103,1448
392,1450
450,1451
4,1456
353,1460
352,1461
20,1463
106,1468
486,1472
18,1473
151,1474
462,1479
114,1488
431,1490
49,1492
84,1502
177,1502
309,1503
239,1503
390,1509
393,1513
398,1515
331,1518
76,1525
383,1525
483,1530
48,1534
66,1538
90,1540
419,1541
29,1544
112,1544
421,1546
201,1553
289,1558
235,1561
477,1565
451,1568
446,1573
54,1576
181,1577
342,1581
410,1582
174,1585
420,1586
97,1588
155,1590
15,1591
488,1593
464,1598
182,1599
34,1602
369,1604
74,1607
141,1609
230,1613
194,1614
457,1614
316,1619
448,1625
82,1627
25,1629
132,1647
227,1648
129,1650
1,1652
27,1654
119,1656
283,1660
225,1661
395,1669
137,1676
484,1677
118,1688
14,1701
459,1706
494,1709
213,1711
38,1712
260,1714
319,1721
290,1723
40,1726
197,1728
333,1728
237,1728
154,1730
424,1738
158,1747
59,1747
122,1750
293,1760
165,1770
153,1781
3,1782
135,1787
139,1788
402,1794
185,1801
157,1801
206,1804
474,1810
8,1812
328,1817
375,1832
478,1835
35,1835
83,1844
439,1850
286,1854
99,1854
265,1857
373,1868
341,1879
475,1887
183,1890
423,1891
71,1893
337,1895
428,1895
467,1899
9,1899
263,1903
31,1904
396,1914
32,1914
16,1927
216,1933
193,1940
301,1950
334,1954
184,1965
67,1968
167,1970
226,1979
24,1983
346,1993
256,2011
41,2014
246,2022
461,2023
229,2028
336,2029
252,2044
43,2046
481,2047
406,2048
220,2048
104,2053
452,2060
458,2060
482,2075
422,2078
391,2087
195,2099
224,2102
354,2109
274,2111
360,2116
33,2122
276,2133
372,2136
64,2143
173,2147
242,2151
348,2156
466,2159
127,2171
243,2194
339,2202
56,2218
95,2222
125,2263
408,2285
172,2298
284,2313
171,2319
100,2338
322,2338
58,2344
441,2350
189,2353
138,2370
397,2387
221,2398
259,2402
378,2414
295,2441
311,2459
335,2469
145,2476
23,2512
330,2515
489,2518
350,2525
241,2554
314,2559
299,2601
217,2601
62,2633
324,2693
493,2697
57,2701
219,2707
142,2716
273,2736
81,2751
50,2763
223,2780
148,2809
371,2851
287,2870
234,2897
152,2898
288,2945
364,2949
232,2964
453,2989
30,2995
207,2997
61,3045
296,3197
70,3221
10,3242
79,3249
45,3295
297,3300
399,3394
98,3445
68,3525
77,3581
374,3765
69,3823
271,4072
456,4633
115,4974

simblock.block.ProofOfWorkBlock@7b456df2:64
157,59
29,213
107,273
91,330
163,366
333,386
204,426
471,426
264,443
135,484
401,484
60,489
180,501
272,517
414,518
447,537
315,540
399,541
261,546
279,560
283,574
129,574
415,594
113,595
16,596
346,598
31,616
278,620
262,630
459,632
148,632
330,634
118,635
161,638
451,652
233,653
85,655
226,656
22,659
448,668
127,677
185,684
188,686
377,688
28,689
128,691
196,692
473,694
332,694
357,695
338,698
487,707
12,709
58,709
94,713
319,716
476,716
425,717
253,725
89,729
57,740
212,740
93,744
309,747
270,748
392,749
13,751
460,751
266,752
1,752
199,754
275,761
255,763
63,765
248,772
406,774
40,775
208,778
366,780
387,785
88,786
407,788
345,788
121,790
66,790
8,793
143,796
27,796
339,797
478,798
450,798
363,798
454,802
84,803
348,806
164,807
21,807
449,807
402,807
190,808
328,809
405,810
430,811
286,812
184,816
53,817
472,819
432,826
77,828
311,828
239,834
24,834
337,834
250,836
133,838
170,842
305,844
482,845
427,847
426,848
162,850
124,850
72,851
51,852
202,855
168,856
385,857
231,859
160,860
419,864
336,865
155,867
453,867
443,870
302,871
213,873
179,873
100,874
203,881
234,883
420,884
200,887
205,891
86,892
116,895
499,896
158,899
95,900
393,901
491,903
194,904
437,905
484,905
412,907
477,907
483,910
154,910
488,913
236,913
441,914
435,916
294,922
373,925
267,925
7,926
36,927
214,927
61,928
457,928
368,929
304,929
3,930
137,930
440,933
433,933
389,935
413,936
210,939
287,939
103,939
439,939
25,941
19,949
312,950
54,950
369,951
55,952
78,952
351,953
410,954
153,954
303,955
493,955
224,956
308,957
39,963
6,966
356,966
466,967
490,967
367,968
489,969
321,971
458,971
18,972
417,976
316,978
492,983
324,983
122,984
176,985
110,988
167,988
293,989
331,989
344,989
486,996
327,998
500,1008
496,1010
44,1010
201,1010
408,1012
422,1015
282,1015
230,1019
222,1019
186,1026
178,1027
82,1028
87,1036
464,1036
386,1041
64,1042
105,1043
403,1044
428,1045
409,1047
370,1051
307,1055
102,1063
350,1064
83,1065
206,1070
445,1071
62,1072
411,1076
495,1082
120,1085
429,1086
421,1090
365,1090
418,1094
479,1094
310,1100
318,1101
455,1102
5,1107
76,1109
340,1111
177,1111
343,1112
192,1119
136,1122
149,1128
349,1129
92,1130
90,1132
70,1132
317,1135
398,1136
347,1139
320,1146
376,1146
384,1149
353,1151
59,1154
218,1157
352,1158
144,1162
140,1168
169,1168
494,1170
475,1172
361,1174
380,1176
269,1177
480,1178
268,1183
156,1183
326,1185
381,1186
181,1189
106,1193
20,1198
462,1198
198,1201
446,1201
465,1204
119,1206
216,1209
470,1210
416,1218
240,1226
151,1230
134,1231
37,1231
80,1238
274,1243
228,1243
325,1244
14,1244
215,1248
244,1248
112,1249
358,1255
130,1255
49,1259
431,1262
74,1264
277,1264
442,1265
444,1267
126,1268
187,1273
281,1274
355,1274
394,1280
235,1280
26,1288
150,1290
362,1297
101,1298
225,1303
485,1304
42,1304
73,1307
48,1309
289,1310
123,1312
280,1318
159,1331
33,1333
175,1338
388,1338
382,1348
75,1348
292,1349
436,1350
468,1352
390,1357
211,1361
15,1361
342,1369
323,1372
251,1375
438,1378
50,1393
379,1393
2,1412
306,1419
111,1421
404,1428
65,1432
300,1444
237,1456
38,1459
424,1461
497,1474
238,1479
284,1479
131,1481
249,1488
263,1498
108,1503
52,1509
299,1512
378,1518
114,1519
197,1520
117,1521
227,1528
245,1530
23,1539
260,1547
254,1555
247,1555
171,1559
34,1564
191,1572
359,1597
43,1597
301,1602
229,1605
288,1607
141,1618
341,1620
481,1624
79,1624
290,1625
142,1628
395,1633
189,1636
322,1639
35,1644
295,1650
383,1650
335,1661
396,1676
285,1678
47,1680
434,1689
375,1694
17,1695
265,1698
276,1702
174,1719
166,1726
391,1735
360,1743
371,1763
147,1767
109,1770
469,1787
364,1788
498,1805
258,1817
217,1830
41,1835
354,1842
313,1849
246,1856
11,1858
296,1889
463,1902
152,1902
172,1907
183,1913
98,1916
125,1942
132,1945
97,1958
400,1970
271,1976
329,1989
9,1992
30,1992
241,2004
146,2016
291,2028
314,2032
452,2114
298,2115
32,2117
165,2130
252,2134
67,2135
334,2154
257,2163
219,2177
138,2182
69,2204
99,2216
242,2217
220,2235
195,2255
139,2258
209,2311
46,2333
256,2402
232,2404
461,2411
193,2426
71,2458
182,2463
423,2471
207,2478
81,2510
96,2510
259,2552
397,2583
104,2597
115,2659
173,2686
372,2744
273,2754
221,2800
223,2808
45,2828
56,2933
145,3087
297,3087
243,3113
374,3272
474,3377
68,3505
467,3717
10,3787
456,4135

simblock.block.ProofOfWorkBlock@75ae5f95:65
168,59
450,208
476,268
422,325
457,358
92,392
156,418
202,426
113,452
496,475
420,480
348,489
250,507
407,510
180,534
443,537
28,543
205,546
86,563
84,566
343,571
330,587
136,590
170,602
428,602
309,605
226,617
66,623
440,626
346,627
8,629
105,635
366,643
12,647
133,651
63,656
233,659
494,663
248,673
208,680
61,682
137,683
336,684
417,685
315,693
211,694
312,698
110,699
339,703
460,704
488,705
93,708
387,713
194,715
262,716
482,719
39,721
430,726
148,731
60,736
135,737
186,739
466,748
160,749
164,755
203,755
311,755
201,756
124,757
40,759
483,760
54,762
402,764
490,768
64,771
426,773
56,776
266,778
473,778
213,778
333,779
427,780
435,783
499,787
24,788
448,789
100,792
264,793
283,799
419,800
77,802
310,808
36,808
345,809
441,811
406,812
176,813
236,813
453,814
157,814
458,815
85,820
18,820
344,822
363,827
163,831
439,831
261,832
167,833
409,835
13,836
357,837
179,839
492,840
337,840
350,841
302,841
489,848
477,849
401,853
122,853
224,854
393,855
206,855
390,855
308,856
199,857
459,863
500,864
44,865
140,868
320,868
294,869
307,870
278,871
275,872
267,872
200,876
116,877
128,878
178,880
127,881
272,881
255,881
425,884
484,887
491,888
29,889
70,895
445,896
253,897
89,897
190,898
161,898
7,898
239,899
286,901
22,902
306,905
58,905
405,906
121,907
332,909
53,910
4,910
214,912
414,913
230,915
287,919
454,921
293,922
204,922
51,924
31,926
373,927
328,928
107,929
321,930
62,932
117,935
155,938
319,939
82,940
408,940
274,940
377,940
338,941
394,943
437,945
298,947
95,950
478,953
389,954
352,956
78,960
154,960
340,960
153,961
392,962
282,962
485,963
412,964
493,965
368,966
324,966
351,968
231,968
90,971
472,971
447,972
57,973
184,984
433,984
1,985
162,987
55,989
103,995
129,997
356,998
487,1008
21,1013
111,1013
72,1017
410,1019
88,1019
432,1019
451,1019
449,1020
94,1021
91,1022
216,1022
27,1025
471,1025
158,1026
292,1028
413,1028
415,1029
305,1029
134,1030
469,1033
25,1045
150,1046
35,1046
475,1052
367,1058
16,1060
144,1065
399,1070
118,1072
5,1075
279,1079
210,1082
411,1082
270,1083
237,1085
143,1087
83,1088
196,1101
465,1102
316,1105
304,1110
245,1117
87,1119
386,1122
19,1123
48,1123
323,1126
52,1141
329,1141
212,1142
303,1143
74,1152
59,1154
185,1155
347,1157
26,1159
241,1160
436,1161
33,1162
388,1177
188,1178
131,1180
182,1192
289,1193
369,1198
218,1198
80,1201
20,1201
479,1202
166,1204
198,1206
251,1206
442,1207
434,1210
416,1212
220,1212
151,1219
119,1224
455,1236
431,1238
101,1242
3,1244
191,1248
65,1250
480,1253
464,1254
120,1254
225,1254
209,1255
301,1257
424,1262
159,1275
273,1276
17,1276
486,1278
109,1281
444,1283
438,1292
238,1293
114,1293
192,1294
47,1295
429,1296
254,1296
79,1297
123,1300
463,1314
382,1318
249,1322
11,1329
42,1334
126,1336
468,1336
102,1343
331,1349
14,1352
2,1364
67,1365
423,1366
379,1368
32,1368
313,1372
75,1373
497,1373
187,1373
247,1375
446,1378
49,1383
317,1392
349,1401
189,1403
38,1409
355,1412
403,1413
291,1414
385,1417
141,1424
327,1431
421,1433
50,1437
259,1438
149,1445
112,1447
281,1449
257,1451
228,1461
76,1464
383,1467
197,1468
462,1473
290,1476
456,1481
269,1485
452,1487
361,1489
98,1489
263,1499
6,1501
481,1502
223,1502
325,1504
108,1506
314,1509
81,1522
381,1523
334,1526
318,1535
235,1538
34,1540
371,1547
335,1551
46,1552
177,1553
242,1564
398,1565
252,1575
232,1588
229,1590
397,1596
147,1599
418,1605
376,1605
97,1619
400,1620
130,1622
240,1628
41,1637
396,1642
467,1644
378,1645
172,1654
10,1665
227,1669
299,1670
326,1682
234,1693
395,1695
171,1704
354,1709
45,1715
362,1718
23,1720
73,1723
353,1730
219,1754
132,1772
96,1772
142,1774
404,1775
256,1776
358,1779
193,1789
297,1790
169,1792
495,1800
342,1812
276,1814
195,1820
360,1834
260,1836
375,1851
258,1851
207,1854
271,1871
277,1893
370,1904
470,1908
152,1920
285,1942
68,1950
15,1951
9,1955
374,1972
244,1976
43,1980
322,1989
359,2002
37,2020
173,2059
391,2060
221,2061
104,2075
300,2075
71,2087
139,2101
181,2114
30,2120
384,2123
268,2156
115,2202
145,2254
341,2272
498,2285
365,2291
165,2301
138,2301
246,2359
461,2359
183,2398
243,2400
146,2407
125,2424
474,2444
106,2464
288,2584
222,2638
284,2641
295,2647
217,2728
99,2729
372,2739
380,2814
296,2868
364,2933
215,2985
280,3166
265,3172
174,3231
175,3341
69,3516

simblock.block.ProofOfWorkBlock@157af7a6:66
186,59
420,213
459,270
279,336
422,363
88,392
437,420
253,421
162,452
310,477
399,481
487,486
478,513
213,513
430,541
157,542
161,570
57,571
31,575
409,577
309,583
293,600
255,601
62,602
92,625
113,628
433,631
453,635
405,636
7,637
70,641
457,657
118,658
282,659
127,666
454,669
236,676
489,684
451,686
477,686
250,689
401,689
224,691
333,691
95,694
188,694
168,697
393,708
216,715
449,721
261,722
60,722
330,723
13,725
485,727
202,734
61,738
475,742
100,744
491,746
29,749
264,753
419,753
163,754
77,759
40,760
352,766
417,767
443,768
116,772
315,776
210,780
319,780
55,781
412,782
450,784
201,784
204,785
211,786
473,787
492,792
386,794
44,801
91,802
363,802
387,802
307,805
129,808
21,809
373,810
494,811
94,811
414,817
337,818
107,820
54,821
254,824
140,825
121,825
72,827
270,832
206,834
85,837
28,839
110,840
445,841
332,841
135,842
369,843
490,846
248,847
346,851
230,852
179,855
321,856
1,858
482,858
402,861
460,862
51,863
136,863
200,865
305,865
24,869
367,870
311,872
338,874
408,874
164,875
294,875
304,875
488,876
78,877
472,877
339,878
64,882
160,884
170,889
39,891
267,895
148,896
58,896
212,898
25,899
392,900
366,901
458,902
447,902
196,904
278,904
36,904
239,905
499,905
272,907
336,907
155,907
344,910
281,913
441,916
3,916
283,918
306,920
16,921
493,921
266,923
66,924
353,925
153,925
476,927
275,931
303,932
357,937
345,937
356,938
86,939
432,940
199,940
8,942
53,946
348,949
483,951
233,953
377,954
156,955
415,956
27,958
274,963
63,963
122,966
466,968
12,971
226,974
178,975
105,977
143,977
427,979
435,979
343,979
194,982
471,984
93,986
205,988
389,989
312,989
4,991
103,993
413,994
176,996
292,997
180,997
167,998
350,998
84,1001
190,1001
158,1002
154,1007
287,1008
347,1009
448,1010
340,1010
80,1010
89,1010
22,1012
124,1020
208,1021
426,1023
320,1023
185,1024
324,1025
286,1029
184,1030
128,1039
500,1039
120,1043
165,1050
425,1052
328,1056
440,1057
370,1063
406,1063
137,1065
410,1065
351,1069
214,1073
418,1074
231,1076
203,1077
102,1079
308,1080
438,1083
302,1085
17,1098
101,1102
496,1115
262,1120
469,1125
484,1128
14,1129
359,1130
428,1132
82,1142
368,1143
313,1146
358,1148
234,1149
90,1165
431,1166
35,1167
117,1168
465,1169
47,1172
108,1173
133,1176
26,1177
218,1177
495,1179
269,1179
75,1181
11,1190
18,1192
251,1197
439,1199
20,1199
407,1201
277,1204
123,1204
298,1211
249,1212
222,1216
301,1216
215,1220
191,1221
97,1227
149,1236
46,1237
134,1246
355,1252
463,1253
403,1256
316,1259
383,1265
323,1268
119,1271
329,1271
247,1274
56,1280
182,1281
479,1287
362,1290
416,1296
177,1298
257,1304
96,1308
159,1313
76,1315
436,1316
112,1320
52,1321
379,1326
147,1337
237,1339
151,1343
32,1345
268,1347
280,1348
468,1351
470,1353
397,1355
87,1356
130,1356
141,1357
497,1358
396,1360
317,1364
325,1367
48,1367
111,1370
421,1371
59,1374
225,1375
462,1382
238,1387
385,1388
106,1390
175,1390
132,1392
235,1398
68,1401
289,1407
73,1408
139,1415
390,1416
5,1426
144,1429
342,1435
395,1438
455,1441
126,1445
349,1454
41,1456
74,1462
232,1467
444,1468
263,1471
169,1473
187,1474
380,1481
290,1495
481,1495
464,1496
228,1508
371,1509
361,1517
109,1521
197,1523
318,1526
300,1534
285,1535
252,1536
30,1537
150,1539
192,1541
480,1543
452,1544
23,1554
384,1559
424,1560
434,1564
220,1564
276,1577
198,1578
240,1584
152,1591
9,1596
442,1596
189,1601
423,1602
10,1603
429,1611
229,1622
209,1623
376,1645
42,1648
331,1654
378,1654
391,1654
296,1655
221,1663
19,1666
400,1670
83,1676
273,1692
34,1697
33,1698
131,1709
15,1716
227,1720
375,1722
243,1723
43,1727
446,1734
260,1738
98,1754
467,1762
327,1782
115,1786
360,1804
50,1808
354,1811
322,1818
288,1819
171,1823
314,1829
388,1840
486,1842
256,1845
104,1847
246,1863
242,1868
6,1871
181,1877
2,1883
334,1906
411,1909
271,1940
394,1952
142,1956
99,2000
166,2010
381,2011
265,2022
365,2044
326,2047
341,2074
372,2080
498,2089
193,2106
461,2119
398,2128
145,2129
284,2152
183,2155
65,2156
258,2158
335,2168
114,2181
81,2188
245,2189
146,2210
172,2225
382,2239
404,2359
219,2371
49,2384
241,2386
195,2388
456,2423
174,2454
207,2464
291,2480
71,2487
299,2515
37,2559
374,2582
244,2592
364,2669
69,2711
138,2780
125,2812
297,2826
38,2870
217,2935
474,2952
295,3183
79,3223
259,3227
67,3235
223,3462
173,3568
45,3834

simblock.block.ProofOfWorkBlock@577185a8:66
457,59
250,210
162,317
204,319
310,359
196,361
492,418
393,434
86,434
267,471
107,472
60,493
366,512
402,519
352,529
392,530
63,533
66,549
274,565
346,578
409,587
93,588
154,591
343,593
64,603
208,606
206,633
266,641
7,647
387,656
304,659
435,661
213,666
255,685
233,689
420,704
262,709
427,714
363,717
450,733
12,740
62,748
160,748
407,756
54,758
116,764
283,766
22,774
202,798
212,804
484,805
264,812
122,815
433,820
449,824
168,848
336,861
164,864
339,868
333,872
155,884
11,887
482,907
419,907
491,920
51,929
477,929
110,964
8,968
412,977
100,985
347,986
303,988
5,1006
179,1021
92,1025
436,1034
28,1044
369,1046
144,1057
199,1096
345,1102
21,1103
169,1119
384,1120
148,1155
248,1159
103,1162
431,1164
198,1205
83,1209
42,1214
158,1218
175,1227
56,1257
244,1267
300,1279
428,1280
258,1289
112,1290
73,1322
46,1325
74,1328
292,1328
444,1366
331,1370
109,1376
15,1378
403,1379
65,1404
187,1429
370,1429
220,1449
235,1449
383,1451
48,1458
111,1459
97,1463
134,1498
325,1499
6,1499
358,1508
378,1515
455,1516
329,1533
318,1540
76,1546
323,1551
87,1563
341,1568
382,1571
416,1598
342,1620
379,1625
281,1629
353,1636
486,1637
388,1647
368,1664
17,1668
20,1677
359,1702
75,1702
390,1719
374,1722
483,1730
141,1741
152,1785
465,1798
9,1804
322,1838
238,1841
471,1846
138,1847
458,1853
437,1880
293,1880
184,1893
227,1895
440,1903
309,1919
139,1928
260,1946
234,1967
441,2007
218,2013
39,2028
459,2039
271,2043
223,2046
186,2057
156,2060
129,2071
172,2072
231,2078
1,2093
375,2125
268,2137
243,2149
38,2185
335,2190
230,2190
475,2225
146,2227
91,2227
489,2232
302,2241
448,2250
136,2251
78,2266
68,2302
49,2310
193,2358
205,2377
77,2403
496,2405
171,2409
405,2413
105,2424
89,2428
493,2429
130,2449
197,2460
115,2473
277,2482
297,2490
195,2516
386,2551
177,2581
417,2582
371,2589
308,2602
321,2602
280,2605
194,2616
43,2640
362,2656
217,2665
30,2672
52,2711
140,2726
453,2781
125,2786
180,2789
480,2819
229,2840
19,2852
149,2858
423,2882
364,2913
50,2923
34,2925
240,2935
182,2969
467,3024
23,3041
376,3098
101,3117
474,3167
59,3173
174,3222
381,3228
443,3341
298,3345
102,3376
81,3517
469,3527
487,3534
183,3563
497,3591
285,3641
163,3738
411,3845
340,3850
451,3933
320,3943
269,4110
29,4136
137,4161
188,4248
94,4335
356,4459
460,4461
153,4552
319,4735
25,4779
72,4806
282,4855
211,5134
401,5156
84,5159
275,5454
3,5512
307,5532
395,5845
44,5859
272,5943
176,6208
265,6416
71,6888
98,7385

simblock.block.ProofOfWorkBlock@bdecdd1:67
141,59
381,279
144,378
382,459
424,501
20,540
497,587
234,594
175,623
379,672
281,676
5,703
397,721
165,755
251,763
383,770
169,789
111,803
490,804
355,807
90,815
317,836
434,844
349,845
119,864
49,887
26,888
444,893
52,897
411,899
56,921
385,922
215,925
74,927
33,942
55,956
393,962
486,969
394,975
19,975
76,978
313,980
278,980
117,982
358,982
101,1004
47,1005
370,1010
289,1015
405,1016
258,1021
469,1024
464,1025
463,1039
188,1041
468,1052
285,1059
225,1063
329,1064
220,1065
75,1068
277,1068
162,1072
106,1072
421,1080
241,1088
65,1098
108,1103
42,1106
159,1108
376,1110
420,1111
7,1114
327,1119
197,1120
331,1122
83,1123
409,1128
222,1129
22,1133
93,1136
455,1137
120,1140
177,1145
192,1146
35,1148
438,1149
399,1151
228,1152
102,1155
214,1156
134,1157
418,1159
492,1159
300,1166
198,1166
457,1170
123,1171
433,1172
482,1182
126,1186
148,1189
403,1189
380,1190
163,1190
336,1192
182,1194
249,1194
477,1197
191,1199
462,1204
218,1205
73,1206
150,1208
240,1211
103,1217
316,1222
447,1222
257,1224
323,1224
293,1225
244,1228
209,1233
97,1240
384,1243
112,1247
132,1248
184,1248
440,1250
87,1262
291,1264
342,1267
270,1268
465,1271
359,1271
365,1271
473,1276
301,1277
417,1281
245,1284
266,1289
348,1290
48,1290
347,1290
388,1291
404,1293
130,1296
442,1297
3,1304
470,1305
24,1307
268,1307
28,1309
15,1310
451,1311
496,1312
413,1314
14,1315
186,1316
181,1325
305,1325
37,1326
366,1329
363,1329
431,1330
59,1331
61,1333
82,1333
114,1334
77,1335
312,1336
13,1340
17,1341
500,1342
311,1346
298,1352
235,1354
406,1355
398,1358
185,1359
6,1360
11,1362
254,1363
309,1364
64,1366
412,1367
361,1370
480,1371
32,1372
353,1373
109,1377
396,1388
170,1388
147,1389
414,1391
339,1398
149,1398
401,1399
131,1407
326,1411
2,1413
436,1414
410,1415
275,1416
479,1419
415,1423
362,1424
495,1426
321,1429
86,1435
494,1440
154,1442
137,1445
280,1445
118,1445
264,1451
387,1453
459,1453
94,1455
85,1456
100,1460
446,1464
318,1465
247,1467
190,1468
269,1468
416,1470
350,1472
267,1473
167,1475
390,1479
25,1482
328,1483
432,1483
303,1484
389,1485
155,1486
340,1490
255,1492
8,1494
80,1494
308,1495
166,1497
368,1499
203,1499
78,1501
70,1503
127,1504
338,1508
330,1511
62,1512
286,1513
337,1514
483,1514
344,1518
176,1525
499,1527
51,1529
180,1533
4,1538
113,1545
238,1547
157,1548
292,1548
426,1553
125,1553
262,1566
422,1566
377,1566
143,1567
60,1567
367,1576
54,1579
273,1581
408,1587
84,1587
294,1589
419,1590
29,1595
208,1598
449,1614
89,1623
211,1624
352,1629
46,1629
272,1631
319,1636
21,1638
493,1644
346,1646
96,1648
310,1649
325,1650
50,1651
488,1657
168,1658
279,1664
230,1674
307,1678
448,1681
39,1681
315,1682
158,1684
282,1686
304,1695
160,1697
196,1699
95,1701
122,1701
489,1701
425,1703
443,1705
129,1709
428,1711
458,1713
27,1715
498,1723
202,1726
173,1730
23,1738
429,1740
360,1740
485,1740
63,1741
212,1743
210,1757
407,1759
261,1761
233,1762
213,1764
461,1766
161,1767
450,1774
231,1775
454,1789
306,1799
36,1799
253,1805
271,1805
287,1806
31,1811
472,1819
237,1822
402,1830
227,1843
57,1845
133,1857
453,1858
351,1865
72,1868
441,1869
124,1876
333,1877
199,1878
195,1881
478,1883
216,1884
491,1886
445,1886
369,1889
128,1903
38,1903
252,1905
152,1909
248,1918
226,1919
471,1923
79,1929
302,1933
69,1937
236,1941
201,1943
224,1948
332,1951
239,1973
71,1973
481,1973
364,1978
58,1986
314,1987
299,1987
44,1989
356,1992
151,1997
229,2003
204,2005
43,2015
16,2032
183,2035
324,2035
121,2045
205,2047
295,2048
66,2053
200,2058
392,2061
12,2075
265,2075
99,2078
487,2078
194,2083
246,2093
260,2095
1,2104
357,2106
135,2107
374,2114
474,2131
484,2138
139,2160
274,2163
178,2163
320,2167
187,2167
45,2174
189,2179
343,2186
391,2192
88,2206
107,2208
372,2210
288,2213
242,2221
460,2222
140,2226
171,2227
115,2248
283,2252
156,2257
452,2285
9,2313
145,2315
395,2317
439,2320
243,2320
81,2328
179,2336
104,2341
116,2344
256,2352
375,2353
67,2356
18,2359
430,2386
40,2399
427,2399
400,2401
98,2411
153,2426
105,2437
456,2449
221,2459
437,2494
68,2499
91,2526
345,2534
334,2560
322,2563
206,2564
335,2571
386,2573
136,2575
207,2578
30,2583
467,2595
250,2615
373,2672
217,2711
164,2716
263,2731
110,2740
223,2745
92,2749
146,2782
435,2790
290,2813
341,2814
276,2843
476,2846
475,2914
466,2929
259,2947
371,2959
41,2964
174,2993
423,3015
354,3047
378,3099
53,3102
138,3155
142,3197
193,3214
297,3342
172,3354
219,3418
296,3465
232,3603
34,3716
284,3858
10,3964

simblock.block.ProofOfWorkBlock@285b2c6b:68
172,59
290,450
232,596
104,747
174,783
219,929
423,992
325,1006
145,1140
424,1190
73,1235
238,1265
263,1290
189,1317
42,1322
195,1396
35,1404
355,1416
130,1416
397,1449
474,1462
247,1466
398,1475
462,1484
384,1494
19,1498
98,1530
276,1543
109,1548
456,1549
396,1551
218,1569
291,1580
26,1582
492,1585
217,1618
280,1624
329,1630
468,1630
273,1636
260,1645
300,1651
298,1653
381,1665
215,1673
299,1675
301,1684
376,1686
438,1687
207,1691
464,1695
479,1698
182,1711
144,1713
49,1713
480,1715
125,1722
76,1722
251,1724
209,1729
37,1735
431,1738
315,1739
1,1761
457,1762
17,1769
56,1776
429,1785
383,1795
122,1796
132,1797
269,1797
463,1806
20,1806
465,1806
220,1807
497,1815
442,1816
284,1820
249,1843
237,1844
87,1847
71,1849
200,1849
165,1850
256,1853
161,1858
111,1867
240,1870
327,1875
33,1876
318,1878
370,1883
349,1883
281,1885
368,1887
257,1888
347,1888
32,1889
331,1891
444,1898
120,1901
342,1907
15,1909
31,1911
321,1914
86,1915
169,1916
38,1921
94,1927
362,1930
495,1930
285,1932
470,1933
441,1937
385,1939
402,1939
177,1940
123,1943
274,1945
95,1951
117,1952
361,1952
97,1955
101,1955
323,1956
46,1963
85,1972
204,1973
270,1974
250,1974
187,1984
292,1985
379,1991
141,1992
489,2004
242,2008
88,2009
6,2009
178,2012
65,2017
77,2018
175,2018
289,2019
459,2024
119,2027
60,2029
363,2032
191,2038
410,2049
455,2061
451,2066
62,2066
166,2069
366,2070
436,2072
48,2075
64,2077
41,2079
258,2084
447,2085
268,2087
244,2089
483,2091
162,2091
143,2093
365,2097
131,2100
353,2100
403,2105
264,2111
126,2119
490,2119
47,2120
192,2123
460,2123
494,2124
110,2124
78,2125
235,2129
352,2131
435,2131
336,2134
394,2135
416,2139
404,2144
413,2146
82,2149
213,2152
411,2152
485,2153
108,2156
382,2156
445,2165
344,2167
488,2169
227,2171
380,2177
163,2178
83,2181
25,2182
107,2185
350,2186
2,2187
66,2194
202,2198
307,2201
430,2206
388,2206
320,2209
421,2211
310,2218
160,2220
401,2220
84,2226
18,2231
393,2235
316,2238
386,2241
176,2244
12,2244
496,2244
153,2258
201,2258
134,2271
28,2274
356,2275
203,2278
13,2281
377,2283
135,2284
283,2287
277,2288
369,2295
367,2296
254,2305
16,2306
454,2306
236,2308
261,2309
340,2310
103,2312
74,2316
129,2318
287,2318
121,2320
75,2321
185,2323
225,2325
196,2334
482,2339
262,2341
147,2347
199,2348
150,2350
332,2350
224,2351
409,2355
408,2355
418,2363
437,2365
477,2369
446,2369
156,2373
452,2373
387,2374
434,2376
458,2381
359,2382
271,2386
53,2393
399,2394
206,2394
234,2396
415,2401
170,2403
116,2407
297,2410
140,2411
486,2412
358,2416
39,2417
472,2418
432,2418
181,2419
473,2421
14,2425
471,2425
151,2427
167,2436
248,2442
179,2444
228,2445
40,2455
302,2457
275,2468
115,2471
241,2473
346,2480
190,2486
319,2491
407,2498
52,2499
312,2504
197,2506
221,2506
92,2509
223,2510
186,2512
335,2514
205,2516
137,2517
439,2527
226,2533
311,2533
420,2548
390,2549
294,2550
372,2553
229,2556
72,2560
183,2561
419,2570
400,2579
259,2581
10,2584
266,2588
152,2592
80,2597
198,2601
50,2604
360,2604
326,2606
146,2607
364,2608
243,2610
469,2612
23,2613
128,2614
5,2617
245,2643
414,2650
357,2656
127,2656
4,2657
180,2682
90,2683
253,2685
21,2687
491,2696
142,2696
149,2705
93,2706
148,2711
272,2727
59,2733
288,2733
308,2754
139,2755
375,2756
68,2759
114,2763
476,2767
246,2795
112,2806
252,2807
233,2812
124,2815
305,2821
304,2824
293,2829
58,2829
334,2833
412,2841
354,2847
34,2856
67,2858
61,2860
159,2867
155,2870
69,2872
313,2876
173,2877
440,2879
171,2886
487,2914
296,2918
481,2920
102,2931
96,2933
255,2940
391,2942
448,2942
378,2949
210,2950
99,2952
222,2963
239,2971
212,2984
348,3017
453,3054
27,3063
395,3070
45,3073
79,3078
9,3082
7,3108
30,3109
194,3112
54,3116
188,3126
317,3130
11,3139
295,3149
461,3154
230,3156
164,3160
157,3167
282,3192
106,3223
265,3228
493,3229
286,3231
133,3252
43,3259
374,3269
425,3293
55,3306
466,3318
371,3338
406,3408
427,3410
303,3414
309,3432
467,3468
24,3469
193,3476
322,3510
426,3512
373,3524
70,3545
44,3622
422,3665
392,3677
113,3708
138,3715
168,3719
81,3721
330,3755
314,3763
105,3830
36,3835
351,3848
341,3904
345,3922
389,3978
100,4008
339,4013
22,4031
91,4076
405,4112
500,4128
428,4146
63,4170
184,4313
89,4335
328,4350
8,4354
279,4379
118,4424
343,4449
154,4475
499,4485
333,4611
450,4638
3,4649
216,4651
214,4682
433,4724
208,4725
498,4729
278,4751
478,4778
475,4956
57,4960
449,4991
51,5022
338,5048
337,5075
211,5259
158,5263
417,5354
136,5424
231,5557
267,5659
29,5962
324,6263
306,6560
484,6861
443,7158

simblock.block.ProofOfWorkBlock@389a2201:68
335,59
99,370
223,497
259,620
125,714
139,718
9,771
371,872
81,916
462,996
260,1056
341,1066
115,1099
271,1115
456,1123
217,1164
23,1212
15,1215
434,1248
334,1275
257,1296
452,1311
379,1326
497,1356
474,1369
2,1370
35,1378
189,1394
464,1436
80,1447
227,1455
117,1461
455,1469
145,1495
300,1501
79,1508
246,1515
26,1519
6,1519
396,1523
397,1541
329,1546
225,1554
209,1572
403,1585
165,1585
376,1604
358,1606
151,1615
152,1615
97,1631
313,1642
431,1647
146,1647
322,1655
50,1664
169,1667
68,1667
108,1681
251,1681
436,1691
11,1692
42,1707
378,1707
55,1708
75,1721
319,1723
17,1726
220,1736
215,1738
381,1740
392,1744
444,1747
13,1750
263,1751
349,1753
486,1756
5,1760
240,1774
109,1798
90,1802
301,1804
177,1805
106,1812
291,1822
292,1830
245,1835
388,1838
470,1843
101,1847
134,1849
144,1854
469,1858
368,1859
411,1860
7,1862
211,1866
49,1867
258,1869
65,1872
495,1881
465,1881
161,1884
92,1886
32,1889
241,1895
286,1897
203,1905
219,1905
175,1906
262,1907
385,1909
351,1910
222,1912
131,1912
289,1917
188,1919
191,1922
119,1928
442,1931
418,1936
111,1949
88,1949
303,1954
415,1955
441,1961
480,1962
421,1965
237,1966
406,1971
409,1973
479,1976
433,1976
372,1977
382,1979
37,1984
43,1993
126,2000
86,2001
359,2005
149,2010
273,2013
475,2014
133,2016
38,2017
83,2022
77,2025
468,2034
168,2038
63,2038
95,2039
466,2040
323,2044
19,2047
226,2051
446,2054
127,2056
443,2057
141,2057
453,2058
210,2062
47,2063
318,2066
214,2072
361,2072
463,2073
183,2073
398,2074
312,2085
422,2086
154,2087
404,2089
346,2095
24,2099
173,2103
143,2103
233,2103
228,2105
112,2107
449,2108
205,2109
22,2116
416,2117
224,2117
339,2123
494,2123
473,2124
325,2129
140,2129
330,2137
353,2138
159,2140
394,2145
248,2147
306,2147
253,2160
85,2162
200,2163
48,2165
277,2165
244,2171
401,2172
162,2174
293,2181
438,2185
56,2185
196,2186
51,2191
435,2198
366,2199
66,2205
238,2209
294,2209
199,2213
153,2214
352,2215
129,2223
314,2224
197,2230
287,2235
100,2235
239,2238
317,2243
201,2248
427,2251
274,2252
255,2256
440,2257
185,2260
412,2262
121,2263
150,2269
64,2273
130,2276
156,2278
275,2282
281,2292
380,2294
231,2296
266,2300
269,2301
70,2303
332,2304
181,2306
280,2307
327,2313
33,2320
187,2324
402,2330
450,2331
94,2334
243,2343
284,2348
208,2354
116,2354
170,2357
60,2357
408,2358
454,2358
39,2359
45,2363
386,2363
198,2363
384,2364
91,2380
20,2384
194,2387
316,2389
477,2394
268,2396
160,2397
10,2398
483,2400
128,2403
30,2407
113,2411
212,2412
190,2417
122,2418
270,2423
235,2428
249,2428
461,2434
14,2435
420,2437
355,2443
491,2448
484,2459
265,2461
320,2461
321,2462
383,2464
472,2469
432,2471
29,2472
256,2475
410,2481
242,2490
234,2491
120,2491
373,2491
213,2494
350,2495
229,2495
276,2515
73,2517
202,2527
71,2528
364,2531
40,2533
207,2534
333,2534
492,2548
46,2548
52,2550
166,2563
342,2570
347,2571
362,2571
336,2579
96,2582
400,2586
174,2589
424,2591
447,2609
467,2612
123,2625
299,2628
27,2639
285,2642
57,2655
247,2661
82,2663
8,2663
423,2665
279,2667
254,2668
232,2684
157,2690
331,2690
493,2702
148,2706
288,2716
87,2722
377,2741
354,2755
310,2764
114,2765
171,2779
41,2781
31,2785
34,2786
298,2795
182,2809
429,2816
155,2820
147,2830
428,2830
89,2842
61,2847
370,2850
230,2851
414,2857
28,2863
192,2891
142,2891
179,2900
124,2920
102,2924
21,2929
369,2931
195,2960
476,2963
110,2965
375,2966
236,2988
221,3012
164,3059
76,3065
489,3075
295,3082
451,3086
457,3099
132,3108
216,3133
407,3151
419,3154
218,3156
283,3160
343,3170
338,3186
67,3208
458,3210
104,3212
445,3227
193,3241
296,3262
311,3264
69,3265
344,3268
309,3331
500,3346
74,3372
261,3373
399,3386
459,3393
136,3407
340,3408
439,3429
58,3435
326,3441
297,3452
98,3464
184,3487
186,3503
250,3509
172,3510
481,3517
389,3519
278,3539
16,3566
307,3567
135,3592
425,3630
365,3631
105,3675
393,3677
485,3685
487,3709
367,3728
53,3739
3,3755
206,3758
360,3761
328,3767
391,3768
103,3778
180,3804
363,3809
478,3841
84,3851
315,3867
138,3891
390,3891
267,3929
167,3978
348,3992
290,4009
25,4009
488,4029
324,4035
430,4042
413,4055
460,4056
417,4065
12,4112
59,4150
93,4166
282,4172
158,4190
54,4203
345,4307
356,4335
36,4359
482,4363
337,4388
302,4413
107,4420
1,4461
118,4466
405,4479
308,4552
499,4639
137,4661
78,4684
357,4761
490,4770
395,4813
498,4872
272,4901
304,4944
305,4965
448,5032
387,5061
62,5241
72,5249
437,5264
471,5360
496,5379
178,5562
44,5598
252,5638
18,5657
426,5728
374,5949
176,5956
204,5967
163,6270
264,6312

simblock.block.ProofOfWorkBlock@6fb5dab:69
63,59
54,210
477,266
345,351
454,363
333,410
1,421
186,421
266,468
440,478
402,479
432,510
451,519
250,531
366,536
212,538
226,563
89,567
161,570
31,571
77,577
248,588
405,594
205,595
415,620
473,623
113,629
196,629
118,630
489,635
253,641
407,648
275,652
417,659
154,668
155,669
332,672
387,681
176,681
157,682
428,686
478,689
230,691
453,691
162,691
70,697
472,705
340,708
122,708
336,715
367,719
307,720
344,725
25,725
27,725
460,728
386,730
427,738
214,738
8,742
450,743
94,745
29,747
21,747
420,748
447,749
413,750
7,754
352,755
482,763
13,765
199,765
303,766
93,771
127,773
200,776
315,779
121,780
409,781
487,782
443,782
160,783
283,783
116,789
393,792
92,793
425,794
343,799
488,801
304,805
458,807
408,807
58,810
350,811
88,812
95,814
211,814
433,817
305,819
164,821
91,822
491,826
190,831
306,833
110,834
210,836
346,837
328,838
330,839
61,841
39,842
163,842
435,843
286,845
22,845
499,845
445,846
483,851
368,852
233,852
308,854
310,857
18,857
129,859
392,863
337,864
363,867
158,867
496,868
419,868
293,869
319,871
430,871
279,872
287,876
373,877
28,879
62,879
20,881
476,885
213,889
60,889
84,890
312,891
107,892
270,894
143,896
85,896
24,897
272,898
44,899
204,901
326,902
135,902
124,902
184,905
422,907
201,908
72,908
86,911
338,912
457,913
414,914
401,919
239,920
471,921
348,921
267,924
100,925
133,925
490,925
148,927
406,927
485,930
264,932
216,932
170,933
439,935
51,935
137,940
40,942
66,947
437,948
180,949
153,949
167,949
412,951
282,954
261,954
399,957
448,959
55,962
466,965
53,968
302,968
168,969
449,972
105,975
492,977
224,980
73,981
262,982
78,984
255,984
389,985
236,986
16,989
208,991
294,997
356,997
493,1000
32,1001
459,1005
500,1007
179,1007
57,1007
277,1010
185,1012
140,1014
484,1022
377,1025
351,1025
188,1030
36,1039
194,1040
369,1041
357,1044
441,1045
178,1046
465,1052
203,1054
120,1055
320,1057
274,1058
278,1059
475,1062
117,1068
109,1072
136,1081
156,1082
82,1082
97,1083
361,1086
486,1095
397,1095
12,1098
298,1099
426,1104
324,1107
49,1110
323,1114
4,1116
33,1123
215,1125
228,1126
198,1126
273,1128
311,1132
269,1136
403,1142
169,1147
3,1149
291,1152
358,1152
56,1157
365,1157
436,1165
321,1166
495,1173
382,1176
342,1176
108,1180
181,1183
431,1186
411,1188
410,1190
149,1194
347,1197
468,1203
254,1209
494,1211
202,1212
65,1214
245,1215
64,1215
385,1217
46,1219
497,1224
130,1224
225,1225
329,1232
191,1233
111,1238
83,1239
76,1244
462,1246
300,1248
192,1252
132,1252
309,1268
206,1269
209,1269
102,1271
234,1273
166,1274
150,1277
175,1278
240,1282
470,1283
424,1287
281,1289
74,1290
15,1290
421,1293
35,1302
280,1307
381,1310
5,1316
292,1323
131,1327
247,1330
151,1332
317,1333
80,1338
14,1341
87,1343
444,1343
301,1348
438,1350
416,1352
349,1354
355,1358
353,1359
359,1359
238,1363
101,1370
418,1373
463,1379
446,1384
331,1385
339,1385
222,1389
249,1393
218,1394
469,1395
231,1401
6,1406
68,1408
370,1410
313,1414
390,1415
318,1421
383,1423
19,1423
376,1430
256,1432
285,1439
59,1441
75,1441
103,1442
251,1444
434,1448
384,1448
128,1458
257,1460
316,1461
147,1467
378,1469
480,1469
26,1469
119,1472
38,1479
106,1498
260,1502
220,1505
388,1511
219,1518
96,1521
197,1525
299,1525
246,1527
134,1529
479,1540
258,1541
37,1546
335,1553
481,1554
442,1559
182,1563
11,1578
90,1587
243,1590
284,1590
371,1592
139,1598
23,1605
464,1609
2,1613
187,1616
404,1617
112,1618
452,1620
268,1622
99,1622
423,1624
380,1631
374,1637
10,1639
394,1642
364,1646
400,1651
290,1652
34,1665
265,1668
396,1668
165,1669
195,1673
237,1674
259,1676
297,1697
47,1699
223,1699
207,1709
141,1717
391,1721
114,1726
115,1728
177,1732
144,1735
395,1752
52,1779
42,1792
48,1795
288,1797
30,1804
229,1809
322,1809
398,1811
498,1824
171,1824
142,1836
123,1839
138,1859
276,1875
126,1896
146,1900
379,1909
289,1910
241,1914
334,1921
354,1964
221,1970
456,1975
173,1984
41,1996
327,2041
372,2060
360,2063
159,2074
152,2077
263,2105
9,2106
227,2107
242,2107
362,2137
172,2148
17,2157
67,2183
252,2199
145,2252
235,2252
232,2257
314,2258
81,2280
325,2303
474,2330
271,2331
244,2334
189,2368
296,2409
104,2482
43,2494
429,2563
98,2592
341,2651
455,2675
295,2681
467,2735
71,2779
193,2780
79,2969
375,3074
125,3080
174,3081
217,3252
50,3306
461,3396
69,3480
45,3557
183,3645

simblock.block.ProofOfWorkBlock@7efb623d:69
231,59
233,222
8,285
363,344
441,373
427,404
202,430
482,433
420,489
267,491
163,492
389,494
214,523
278,526
230,552
128,555
84,557
312,562
182,575
110,578
266,581
216,582
272,595
483,606
185,608
475,619
25,619
212,620
124,621
40,634
7,638
148,639
412,641
160,643
366,644
135,651
200,651
170,652
458,653
386,663
88,673
22,675
180,675
428,676
435,678
236,678
255,683
39,695
491,701
213,701
127,702
129,709
282,710
448,710
89,711
459,711
414,714
407,721
66,722
356,725
460,729
93,731
61,738
196,740
184,744
473,750
198,754
274,758
445,759
330,759
29,766
311,769
77,769
164,770
308,771
60,771
63,772
336,780
425,782
85,789
203,792
36,795
293,795
476,795
338,797
57,802
24,804
480,804
105,807
453,807
401,807
204,814
78,816
206,817
107,820
156,821
485,823
303,826
443,832
275,833
437,836
304,840
392,845
201,847
346,853
199,853
430,854
16,855
13,862
250,863
4,865
321,866
33,868
155,871
248,873
113,878
18,879
28,883
21,885
449,887
91,888
394,891
86,892
53,895
168,899
393,903
157,910
344,911
399,914
320,914
97,916
324,918
283,919
315,923
133,924
494,925
176,927
143,928
111,930
64,933
92,934
121,935
118,940
140,945
499,952
286,955
377,955
500,961
287,961
261,965
262,967
319,974
6,975
337,976
179,977
351,980
405,981
210,991
31,992
487,997
447,999
119,1002
350,1005
478,1008
62,1012
194,1012
468,1013
44,1018
167,1022
343,1033
116,1034
387,1036
188,1040
17,1044
120,1046
367,1050
450,1055
353,1057
352,1058
495,1063
471,1067
158,1069
370,1077
492,1079
131,1087
273,1087
415,1093
406,1097
218,1100
251,1107
294,1110
331,1112
32,1112
58,1127
122,1127
165,1130
65,1148
239,1149
73,1156
177,1157
465,1158
20,1167
280,1169
339,1186
35,1186
264,1186
257,1188
426,1193
147,1194
247,1207
411,1217
357,1221
11,1223
384,1223
365,1225
329,1232
126,1234
197,1240
114,1242
249,1243
419,1244
421,1254
424,1256
166,1257
379,1259
416,1264
323,1269
123,1271
186,1277
37,1280
349,1284
112,1290
291,1290
358,1293
90,1297
309,1304
347,1304
138,1305
5,1308
2,1319
470,1321
83,1325
49,1325
225,1330
144,1331
253,1335
281,1338
479,1338
56,1339
466,1340
235,1347
149,1347
436,1352
318,1355
117,1355
76,1359
237,1359
345,1365
451,1372
241,1377
486,1378
211,1386
238,1392
19,1394
397,1395
381,1411
289,1412
161,1415
87,1422
191,1424
209,1429
258,1429
169,1430
462,1433
469,1437
109,1438
463,1441
408,1442
395,1451
298,1461
108,1461
355,1462
398,1462
326,1464
455,1466
141,1466
52,1471
150,1474
15,1474
396,1484
42,1493
50,1494
132,1495
234,1495
497,1501
220,1514
59,1519
300,1523
277,1528
359,1531
284,1536
302,1540
439,1559
413,1560
173,1562
305,1565
215,1565
190,1568
181,1575
240,1585
456,1600
263,1600
82,1601
51,1603
423,1608
137,1630
27,1630
368,1632
130,1633
446,1635
256,1638
187,1643
172,1649
438,1659
434,1665
333,1682
244,1689
106,1689
402,1695
159,1698
153,1702
26,1703
151,1708
348,1717
30,1720
496,1731
55,1732
422,1733
382,1737
104,1738
271,1738
72,1739
101,1744
301,1757
71,1766
94,1769
227,1780
260,1786
252,1799
47,1803
373,1804
74,1808
418,1809
490,1813
268,1816
9,1826
374,1827
134,1834
431,1838
139,1840
192,1842
38,1852
332,1852
75,1860
228,1871
314,1882
342,1889
45,1904
136,1915
70,1917
224,1918
380,1920
178,1921
306,1923
385,1928
79,1935
354,1939
299,1939
474,1949
23,1949
417,1952
242,1962
452,1970
142,1980
95,1981
313,1986
41,1988
296,1996
442,1996
265,2018
207,2033
481,2035
276,2047
115,2049
388,2055
335,2077
403,2089
310,2093
145,2102
340,2107
371,2109
246,2116
189,2131
360,2134
489,2136
43,2152
307,2155
316,2158
67,2160
444,2170
322,2171
68,2176
297,2180
292,2192
295,2221
376,2223
364,2224
221,2229
99,2267
125,2267
464,2274
269,2276
96,2276
103,2282
288,2295
154,2312
98,2321
219,2340
10,2365
372,2373
400,2376
34,2401
146,2411
390,2412
290,2422
285,2446
243,2450
102,2451
229,2451
369,2452
259,2455
498,2456
440,2468
171,2481
183,2506
81,2507
48,2536
54,2542
325,2551
46,2566
317,2612
175,2616
217,2636
208,2666
195,2669
341,2670
254,2681
378,2715
232,2733
467,2744
328,2749
223,2755
222,2788
193,2789
429,2840
12,2843
174,2879
488,2910
162,2963
226,2963
14,3000
3,3052
327,3088
461,3092
375,3144
361,3178
362,3259
432,3426

simblock.block.ProofOfWorkBlock@28f9d284:70
26,59
424,277
444,388
14,475
397,497
149,557
381,588
83,606
327,645
355,671
218,688
292,707
464,727
257,735
19,761
268,772
102,786
35,790
379,807
33,809
390,833
108,864
75,867
11,869
301,891
463,893
141,898
133,911
329,916
209,925
347,934
160,936
15,946
109,953
280,955
281,957
106,970
249,972
273,974
298,979
317,982
277,993
3,998
416,1011
349,1014
384,1018
49,1019
313,1025
353,1028
470,1030
285,1031
462,1035
76,1036
191,1055
331,1058
376,1060
74,1061
497,1064
338,1065
42,1075
192,1082
80,1085
62,1086
455,1088
240,1093
244,1094
483,1098
132,1100
325,1106
469,1109
399,1114
144,1116
220,1121
365,1126
37,1126
465,1127
348,1127
432,1135
215,1141
326,1143
101,1145
495,1146
380,1149
394,1155
340,1156
486,1161
111,1171
388,1175
291,1177
429,1180
57,1182
411,1190
96,1202
56,1203
187,1203
47,1206
323,1209
184,1210
20,1211
228,1215
316,1217
435,1222
420,1223
289,1223
97,1225
165,1228
197,1232
251,1232
447,1232
159,1236
386,1238
238,1240
53,1244
65,1245
117,1250
177,1252
225,1253
222,1256
32,1260
73,1262
59,1268
393,1268
342,1270
475,1273
438,1276
93,1278
237,1281
143,1283
306,1283
417,1283
180,1284
396,1285
258,1285
52,1287
363,1290
300,1295
134,1296
480,1298
48,1300
267,1301
154,1303
175,1305
212,1308
198,1310
427,1310
434,1311
150,1313
383,1315
287,1316
385,1317
169,1318
359,1321
431,1327
213,1330
492,1330
408,1331
168,1333
468,1333
85,1334
87,1337
181,1341
345,1341
151,1343
254,1343
413,1344
479,1351
130,1354
131,1357
449,1360
312,1364
123,1365
39,1366
103,1366
404,1370
311,1376
188,1376
418,1384
358,1388
382,1389
370,1398
127,1399
328,1401
13,1403
29,1404
226,1407
231,1410
203,1410
46,1411
343,1414
31,1417
126,1418
230,1424
442,1424
398,1425
401,1425
362,1425
148,1427
457,1433
430,1435
119,1438
460,1441
92,1444
234,1445
403,1446
269,1450
458,1452
124,1454
114,1456
107,1458
282,1458
261,1460
499,1460
439,1461
140,1462
337,1463
120,1463
90,1467
419,1468
166,1471
147,1473
89,1475
82,1478
112,1480
179,1482
412,1484
247,1485
137,1487
459,1490
433,1493
392,1493
135,1495
373,1502
206,1504
156,1504
5,1505
303,1507
406,1511
446,1515
27,1515
361,1515
443,1517
491,1521
415,1525
170,1526
55,1536
346,1539
54,1539
302,1540
196,1540
84,1540
6,1544
351,1548
64,1552
275,1554
153,1557
293,1564
436,1566
453,1567
437,1577
253,1578
473,1581
2,1582
162,1587
274,1587
409,1589
122,1591
425,1593
182,1595
421,1602
414,1607
28,1608
294,1614
99,1616
318,1616
377,1618
194,1619
204,1623
40,1623
216,1627
339,1628
36,1631
487,1635
201,1636
315,1636
233,1638
178,1639
78,1641
324,1642
200,1644
128,1646
164,1647
157,1648
321,1651
44,1652
22,1655
250,1660
113,1665
405,1666
270,1668
118,1669
445,1675
366,1679
279,1680
7,1686
478,1689
494,1694
422,1697
490,1707
308,1712
264,1714
167,1714
63,1717
185,1721
307,1725
407,1727
163,1731
241,1732
66,1739
68,1740
172,1742
16,1743
61,1745
210,1751
245,1756
496,1757
18,1758
493,1762
70,1766
333,1766
451,1766
235,1768
378,1771
500,1776
374,1782
142,1788
211,1789
440,1789
94,1796
100,1797
236,1808
266,1810
224,1811
121,1814
139,1816
476,1817
105,1817
489,1820
243,1823
199,1825
310,1825
272,1840
138,1841
471,1845
309,1849
186,1856
25,1860
474,1867
60,1868
110,1875
375,1888
290,1897
305,1900
115,1901
17,1903
426,1905
12,1906
88,1916
91,1917
174,1918
304,1936
477,1939
30,1939
389,1945
271,1957
360,1962
8,1963
284,1963
43,1966
262,1974
441,1985
367,1987
484,1991
255,1991
58,1993
152,1997
448,2001
248,2001
34,2005
79,2006
202,2015
104,2018
207,2021
4,2028
387,2031
467,2033
155,2035
461,2038
278,2044
205,2057
50,2066
189,2070
283,2074
95,2079
158,2091
428,2100
265,2104
171,2110
51,2117
239,2120
260,2134
332,2139
10,2144
223,2144
193,2155
314,2156
356,2158
190,2161
98,2166
21,2171
450,2183
482,2202
208,2209
276,2219
454,2225
498,2246
45,2262
173,2285
221,2339
335,2355
23,2380
400,2388
372,2392
9,2397
320,2401
146,2412
229,2421
295,2427
354,2458
341,2459
256,2515
125,2587
263,2600
299,2637
334,2644
297,2660
232,2661
217,2677
395,2694
322,2709
38,2722
391,2730
259,2791
242,2841
41,2858
195,2887
288,2933
69,2945
423,2973
67,3142
296,3184
81,3185
252,3199
371,3439
219,3484

simblock.block.ProofOfWorkBlock@434c5e4f:71
57,59
319,207
369,265
27,323
24,354
447,380
206,411
286,414
408,438
483,470
161,472
264,483
136,507
29,508
366,527
270,529
402,532
66,560
137,564
116,565
157,567
39,570
53,586
194,588
261,589
178,623
129,623
449,625
211,626
16,630
453,630
91,632
339,633
307,642
212,645
338,645
410,647
262,894
72,682
230,683
344,685
203,688
124,690
466,691
413,699
333,705
487,706
392,710
86,716
61,717
88,717
163,717
308,718
437,722
107,725
477,731
441,736
25,737
417,739
348,741
459,745
457,746
78,747
118,751
393,751
499,755
401,759
18,763
188,766
204,774
168,774
471,775
414,775
435,775
484,775
315,776
488,777
405,780
70,781
310,782
186,783
153,785
199,790
12,793
140,794
133,795
95,796
184,796
54,799
384,799
312,802
155,802
489,803
92,804
196,814
427,815
85,819
279,820
205,820
330,826
185,832
274,833
82,833
303,833
419,833
406,833
77,836
352,836
387,837
156,839
51,841
213,844
346,844
214,847
201,850
304,851
176,851
164,853
143,855
63,855
373,857
340,857
94,861
13,861
239,865
272,866
113,867
343,872
216,873
458,875
409,878
7,879
44,882
293,882
460,886
267,890
58,890
490,891
476,893
422,894
287,894
250,897
368,899
309,899
425,901
1,903
135,907
103,907
443,907
190,908
121,915
93,917
60,917
336,918
266,918
448,921
28,922
148,922
451,923
412,925
397,925
55,926
22,928
420,928
321,930
253,931
440,933
224,936
128,939
73,941
494,942
179,946
493,948
233,948
430,949
454,949
127,951
36,952
167,954
450,955
282,957
324,957
485,959
226,962
108,964
491,964
84,966
64,967
105,969
291,970
302,973
492,974
475,974
283,975
357,976
62,982
154,983
482,984
407,984
415,985
328,986
439,989
117,990
478,992
367,997
473,997
165,1003
500,1004
432,1008
180,1008
351,1009
275,1010
40,1014
254,1018
337,1020
89,1020
350,1022
292,1024
428,1024
377,1033
294,1034
97,1034
231,1035
332,1038
433,1041
472,1041
386,1042
305,1042
345,1045
278,1047
445,1048
218,1051
496,1052
119,1052
170,1058
31,1064
306,1065
169,1065
122,1068
320,1500
399,1077
21,1081
75,1081
220,1086
160,1096
110,1098
342,1099
15,1100
210,1101
255,1102
426,1103
114,1105
331,1105
363,1108
376,1110
102,1113
311,1116
83,1121
20,1122
389,1123
162,1126
248,1126
111,1127
469,1128
327,1135
202,1138
245,1142
192,1143
147,1143
356,1144
329,1149
215,1152
8,1153
100,1159
222,1163
370,1168
236,1183
394,1186
237,1187
436,1188
365,1189
382,1189
166,1191
313,1194
158,1195
281,1197
247,1208
175,1210
198,1211
285,1216
200,1217
468,1223
112,1226
381,1226
463,1227
208,1228
3,1231
380,1235
431,1239
442,1245
26,1246
96,1247
228,1253
429,1258
446,1258
390,1267
396,1270
159,1274
238,1275
359,1278
361,1278
462,1279
277,1285
355,1287
269,1291
416,1291
497,1297
141,1299
480,1299
4,1304
486,1308
240,1315
411,1318
325,1320
6,1324
323,1325
444,1328
120,1333
17,1335
37,1335
132,1337
438,1338
87,1346
234,1353
90,1357
149,1358
470,1363
316,1364
403,1366
251,1366
362,1379
150,1386
241,1388
258,1398
131,1400
495,1410
35,1417
317,1428
5,1441
134,1445
145,1446
48,1446
2,1447
383,1449
464,1454
32,1454
244,1457
80,1461
280,1468
455,1470
177,1475
50,1476
335,1482
225,1487
19,1490
273,1493
398,1494
142,1494
289,1505
14,1510
364,1510
71,1514
421,1523
79,1529
74,1538
47,1542
418,1544
276,1554
9,1556
349,1559
49,1561
197,1564
38,1572
65,1572
130,1573
76,1573
481,1576
452,1578
229,1580
290,1591
138,1601
56,1608
182,1608
109,1610
249,1617
11,1618
144,1625
43,1627
172,1630
271,1633
34,1645
146,1653
347,1654
257,1660
209,1663
187,1672
354,1672
123,1676
183,1691
268,1694
256,1695
221,1703
465,1713
115,1729
181,1734
235,1734
151,1737
242,1737
404,1741
263,1747
223,1768
284,1776
68,1781
434,1784
474,1793
33,1793
301,1797
246,1815
46,1823
300,1842
259,1847
193,1864
353,1868
23,1875
375,1877
378,1883
171,1896
217,1901
358,1905
42,1908
326,1919
341,1931
456,1947
106,1953
126,1963
388,1966
260,1991
423,1996
318,1997
227,2023
191,2041
59,2079
379,2080
139,2080
334,2125
295,2129
385,2135
479,2140
299,2171
498,2204
69,2209
101,2210
360,2213
424,2230
391,2231
252,2244
52,2257
41,2279
296,2282
297,2333
374,2416
371,2417
467,2420
298,2435
189,2435
314,2457
81,2493
125,2512
104,2566
45,2578
372,2681
395,2697
232,2719
288,2721
173,2757
10,2784
174,2818
322,2852
243,2923
30,2984
219,3006
461,3017
400,3070
99,3118
195,3281
98,3293
265,3376
152,3567
67,3850

simblock.block.ProofOfWorkBlock@23e6b77d:72
431,59
268,274
235,356
277,442
327,492
281,527
65,575
96,584
90,610
42,660
289,663
331,677
151,698
326,711
486,743
365,744
144,752
222,766
5,779
385,793
298,807
198,830
240,831
403,831
87,840
291,863
19,865
325,878
49,879
106,892
355,896
251,915
444,915
388,922
97,925
411,934
383,934
435,943
273,947
48,960
497,962
111,962
159,965
349,971
191,973
215,982
245,986
6,994
112,997
47,1011
234,1015
46,1015
220,1021
301,1027
438,1030
357,1041
169,1042
254,1045
175,1049
257,1054
76,1056
446,1056
102,1057
141,1057
56,1064
37,1069
347,1083
353,1084
465,1085
370,1085
155,1089
311,1094
120,1097
458,1102
214,1103
73,1111
160,1120
384,1122
109,1124
479,1132
342,1134
495,1136
83,1139
181,1139
75,1139
469,1140
269,1142
108,1147
127,1151
249,1151
20,1154
470,1154
398,1155
379,1155
362,1165
317,1166
424,1168
359,1171
316,1181
114,1185
463,1187
225,1189
95,1191
482,1191
397,1198
338,1204
329,1204
421,1208
196,1208
477,1208
436,1216
358,1216
26,1220
367,1220
318,1220
119,1221
74,1222
218,1223
165,1229
228,1231
182,1232
52,1236
404,1237
60,1237
442,1240
280,1244
324,1246
247,1247
285,1248
380,1250
261,1252
416,1254
123,1259
187,1262
116,1264
455,1269
131,1269
238,1270
494,1271
462,1272
267,1274
434,1276
28,1277
124,1279
475,1281
177,1284
149,1285
35,1287
18,1297
134,1297
15,1302
126,1305
59,1306
132,1306
13,1307
62,1308
2,1313
190,1314
258,1318
150,1318
253,1322
361,1331
192,1339
194,1340
346,1341
300,1342
381,1346
396,1351
328,1356
480,1358
32,1360
170,1364
460,1364
406,1365
449,1366
209,1370
308,1372
166,1373
80,1375
136,1376
313,1376
414,1380
464,1383
244,1383
117,1383
490,1390
332,1391
457,1394
282,1395
224,1395
319,1395
323,1400
492,1404
208,1404
445,1404
197,1405
409,1406
292,1407
105,1411
212,1413
412,1413
147,1418
376,1418
382,1420
351,1421
61,1421
363,1422
31,1428
241,1428
33,1430
488,1431
350,1432
401,1434
352,1438
390,1445
130,1446
408,1446
468,1446
158,1450
344,1453
176,1456
304,1456
101,1458
14,1459
448,1460
394,1460
121,1461
377,1467
53,1471
293,1471
237,1471
17,1473
499,1479
66,1480
203,1489
11,1494
168,1495
161,1496
336,1511
485,1513
107,1515
216,1516
57,1524
472,1531
185,1539
36,1546
487,1551
496,1553
478,1554
128,1554
93,1561
99,1562
84,1563
275,1565
294,1566
94,1569
420,1570
154,1570
21,1571
443,1571
422,1574
70,1575
78,1577
186,1579
262,1585
432,1588
82,1591
110,1591
250,1593
418,1594
333,1603
7,1605
307,1610
264,1612
137,1613
22,1614
92,1620
226,1624
206,1626
4,1630
12,1631
459,1635
64,1636
439,1638
441,1640
200,1643
27,1644
407,1647
103,1649
395,1650
54,1650
303,1659
415,1660
299,1669
286,1685
500,1687
129,1688
430,1689
276,1690
8,1699
55,1704
207,1706
374,1711
100,1712
3,1718
1,1720
340,1727
314,1730
378,1743
113,1745
453,1745
148,1751
426,1752
39,1752
274,1754
306,1756
156,1759
199,1760
71,1763
402,1763
312,1768
339,1768
429,1769
375,1773
302,1776
413,1780
51,1782
295,1785
217,1787
172,1802
91,1804
25,1804
16,1806
473,1809
417,1809
153,1812
484,1816
466,1823
85,1828
454,1828
290,1847
115,1858
152,1863
133,1864
195,1872
79,1890
330,1891
184,1891
391,1892
205,1895
356,1900
104,1912
162,1924
140,1925
252,1925
211,1925
122,1928
386,1929
279,1936
204,1937
88,1937
399,1938
272,1944
167,1949
491,1950
246,1950
210,1954
68,1958
230,1960
239,1983
337,1986
489,1987
366,1988
335,1991
89,1992
393,1995
178,2002
369,2007
34,2012
360,2027
371,2031
315,2039
43,2057
297,2057
321,2064
320,2075
305,2082
270,2087
405,2102
427,2103
179,2104
372,2105
348,2106
278,2112
72,2112
410,2113
345,2115
180,2123
157,2131
174,2153
202,2162
236,2162
265,2162
29,2168
483,2170
437,2171
260,2185
400,2201
139,2226
481,2238
248,2241
259,2246
63,2255
118,2259
30,2260
471,2263
213,2275
40,2276
266,2278
334,2292
231,2293
164,2298
387,2300
143,2304
461,2312
440,2314
428,2335
389,2335
433,2343
392,2347
229,2351
493,2354
58,2366
38,2409
450,2428
451,2438
287,2439
9,2449
188,2449
255,2454
310,2479
77,2481
343,2488
256,2507
163,2514
233,2535
41,2547
183,2551
138,2551
146,2551
467,2592
23,2594
498,2599
24,2602
69,2605
368,2613
425,2623
283,2656
173,2683
125,2684
45,2691
189,2706
201,2709
423,2763
44,2775
135,2788
419,2797
296,2810
232,2811
243,2834
86,2836
50,2845
271,2868
476,2885
322,2932
364,2938
456,2939
10,2959
447,2975
223,2977
221,3015
98,3044
193,3058
373,3062
145,3081
227,3081
474,3085
242,3182
81,3186
171,3192
263,3223
309,3238
284,3300
219,3338
142,3338
354,3439
67,3477
288,3547
452,3725
341,3974

simblock.block.ProofOfWorkBlock@4321f25:73
93,59
239,216
28,280
148,337
153,369
419,393
350,426
163,432
282,455
425,485
201,489
478,499
302,518
348,522
61,545
445,546
272,548
92,562
25,576
179,578
392,584
278,587
185,602
124,604
393,605
88,606
488,620
200,632
91,635
440,636
21,642
51,645
110,659
422,659
8,662
407,664
72,666
472,668
475,670
63,678
450,685
466,689
406,692
345,693
356,695
170,701
311,701
143,701
1,718
426,719
129,720
490,722
487,724
31,729
485,732
321,736
328,740
116,742
482,748
412,750
294,751
213,751
430,757
339,757
58,757
427,757
70,759
448,760
337,766
205,771
330,774
270,778
29,779
415,783
306,786
373,790
226,793
377,793
496,794
449,796
133,799
184,801
214,802
84,806
340,807
85,808
4,809
499,811
357,811
78,814
386,815
161,816
309,816
89,816
188,818
167,819
199,821
457,822
158,823
332,823
453,824
344,828
215,829
127,830
190,834
253,835
459,835
86,839
428,839
432,845
95,845
166,848
54,850
105,850
366,850
262,851
274,852
103,854
236,854
402,855
447,857
435,861
500,865
53,865
22,865
351,867
443,868
64,870
231,871
408,872
128,873
216,873
491,874
363,875
60,876
44,878
264,882
57,885
136,886
492,888
12,889
333,890
287,890
275,891
405,893
368,895
210,895
186,899
307,901
266,906
473,906
204,907
94,908
283,909
343,909
414,912
157,912
389,914
155,915
257,916
203,921
156,923
336,924
39,925
13,926
140,930
324,930
315,930
208,931
483,931
121,931
212,932
484,934
122,936
454,936
261,939
320,945
304,947
77,947
476,949
346,951
250,954
413,958
409,958
460,958
66,963
319,965
417,970
289,970
399,971
233,971
489,971
441,972
439,973
178,975
211,975
310,979
100,979
16,981
401,982
19,984
367,986
135,987
352,988
62,988
451,990
279,992
308,996
387,997
281,998
96,999
369,1001
420,1009
255,1010
36,1011
385,1012
5,1012
303,1013
494,1016
82,1019
165,1021
206,1023
55,1025
477,1028
298,1028
312,1029
267,1030
24,1037
247,1038
286,1039
168,1041
176,1047
113,1049
338,1057
331,1058
107,1058
224,1060
196,1062
305,1065
433,1067
347,1071
251,1072
52,1072
437,1074
164,1076
197,1076
160,1076
162,1083
194,1085
118,1085
202,1088
411,1093
40,1093
318,1094
27,1095
137,1107
74,1109
154,1119
424,1123
493,1124
3,1125
293,1127
429,1134
398,1135
471,1136
106,1141
35,1145
209,1145
230,1150
18,1151
292,1153
97,1156
462,1157
7,1163
436,1165
80,1167
218,1168
187,1168
182,1170
65,1170
353,1181
390,1185
222,1187
300,1188
90,1190
410,1190
470,1196
469,1196
6,1198
403,1198
150,1199
497,1199
376,1200
248,1207
180,1207
220,1207
237,1208
37,1209
15,1215
268,1216
238,1220
458,1220
83,1228
228,1233
254,1240
444,1244
361,1244
48,1245
126,1248
416,1249
47,1253
325,1254
431,1258
130,1259
323,1259
442,1261
438,1265
117,1268
381,1273
244,1275
383,1276
17,1278
316,1278
120,1286
147,1294
159,1295
14,1299
241,1303
380,1307
396,1307
76,1310
119,1311
75,1314
109,1314
362,1315
131,1315
177,1317
102,1321
101,1322
175,1326
365,1327
358,1329
112,1337
285,1339
192,1339
359,1341
73,1347
235,1355
20,1355
370,1360
465,1363
181,1367
11,1371
258,1373
240,1375
198,1380
151,1381
144,1382
327,1389
464,1389
404,1392
245,1394
486,1403
382,1415
249,1416
317,1422
108,1424
479,1427
149,1433
234,1434
349,1439
87,1440
423,1440
313,1444
277,1447
342,1449
26,1465
452,1478
43,1482
326,1484
134,1484
59,1488
123,1488
269,1495
341,1502
468,1503
355,1506
291,1511
132,1513
189,1516
23,1527
455,1528
379,1531
49,1534
495,1535
263,1536
139,1537
42,1544
322,1549
280,1552
81,1554
33,1562
421,1563
30,1564
68,1565
384,1565
397,1573
229,1582
498,1584
111,1588
10,1593
232,1593
227,1595
391,1600
314,1601
41,1609
301,1614
354,1614
364,1641
50,1654
138,1658
32,1660
434,1671
480,1675
169,1679
394,1682
329,1692
225,1706
172,1707
46,1713
98,1714
290,1716
378,1727
260,1728
141,1733
191,1733
418,1741
259,1744
273,1745
217,1751
446,1760
104,1768
335,1771
297,1829
195,1829
375,1834
67,1841
400,1845
115,1860
114,1862
142,1866
463,1884
295,1892
388,1903
252,1903
56,1921
9,1946
152,1954
395,1956
474,1957
481,1975
360,1980
207,1988
299,1995
2,2032
71,2034
171,2035
374,2040
265,2043
79,2055
246,2055
467,2068
221,2169
69,2185
276,2190
223,2226
371,2230
145,2248
242,2260
174,2272
296,2279
334,2320
193,2324
34,2340
219,2454
256,2474
284,2514
288,2545
183,2566
125,2582
38,2603
456,2609
271,2834
243,2856
146,2900
99,3147
372,3196
45,3198
461,3445
173,3790

simblock.block.ProofOfWorkBlock@e209de:73
492,59
89,207
122,208
321,268
116,301
161,328
178,357
250,387
63,416
315,444
8,474
95,543
396,618
254,721
404,790
469,894
141,1032
463,1125
325,1144
175,1189
464,1235
382,1273
316,1287
249,1318
144,1357
349,1369
80,1404
20,1447
291,1456
327,1491
381,1541
355,1548
151,1576
37,1633
88,1715
452,1773
437,1819
229,1859
330,1900
18,1993
453,2074
256,2142
286,2168
158,2257
305,2342
34,2426
278,2435
91,2517
490,2611
493,2693
391,2718
312,2791
29,2873
16,2971
43,3002
259,3075
371,3224
354,3302
79,3344
217,3476
23,3595
372,3645
221,3753

simblock.block.ProofOfWorkBlock@1bb19708:74
359,59
197,280
244,362
5,445
416,498
52,579
75,582
155,621
166,664
342,668
65,684
35,719
455,753
382,767
410,778
130,799
497,801
84,802
300,805
236,841
56,844
204,847
403,850
446,884
349,886
218,888
215,888
237,894
170,904
87,904
27,930
6,933
462,934
168,953
94,960
187,966
388,969
73,971
383,971
11,974
169,975
7,978
141,985
483,986
111,988
268,993
409,996
312,1013
368,1014
74,1015
451,1017
431,1018
269,1022
336,1043
457,1052
327,1052
33,1058
109,1059
15,1061
434,1062
97,1069
225,1071
90,1072
309,1073
233,1078
61,1084
62,1094
325,1099
144,1102
181,1103
468,1104
396,1106
450,1107
209,1107
149,1108
196,1110
1,1112
53,1119
86,1128
147,1129
287,1135
425,1136
103,1140
369,1141
376,1143
234,1144
32,1145
323,1146
436,1149
340,1150
213,1150
331,1151
330,1154
198,1154
303,1155
165,1156
117,1161
281,1163
167,1164
407,1165
352,1166
399,1168
283,1168
214,1175
270,1177
487,1185
132,1185
384,1185
381,1187
24,1190
311,1192
380,1193
463,1194
66,1194
19,1195
118,1195
92,1196
20,1196
292,1197
37,1198
8,1199
42,1201
475,1206
140,1212
261,1220
203,1222
345,1224
333,1224
107,1224
131,1227
473,1228
191,1228
108,1230
289,1231
231,1232
394,1234
421,1236
385,1237
361,1240
482,1242
367,1243
453,1243
57,1245
257,1246
329,1248
301,1250
356,1250
148,1251
278,1253
201,1254
93,1262
370,1267
136,1268
60,1271
470,1271
240,1277
430,1277
326,1277
285,1278
102,1278
414,1278
480,1278
397,1280
25,1280
267,1280
14,1281
85,1281
26,1282
123,1283
13,1284
247,1288
22,1289
464,1289
210,1290
48,1292
249,1297
220,1298
277,1299
211,1299
212,1306
248,1307
363,1307
192,1310
358,1311
305,1312
161,1313
128,1318
251,1318
344,1320
387,1324
465,1324
200,1324
484,1325
274,1326
135,1326
429,1327
127,1327
404,1330
17,1333
495,1334
206,1335
318,1335
78,1336
262,1337
255,1338
454,1342
272,1344
110,1347
122,1351
471,1354
469,1357
44,1357
291,1361
401,1363
235,1363
280,1364
377,1365
106,1365
320,1368
47,1368
408,1370
324,1371
362,1375
419,1375
101,1375
415,1377
119,1378
459,1380
438,1382
350,1382
313,1382
184,1388
177,1391
321,1391
449,1394
365,1394
418,1397
70,1399
500,1402
228,1402
82,1403
424,1406
46,1410
412,1410
179,1412
163,1414
490,1416
316,1416
241,1421
351,1421
238,1422
395,1429
319,1435
230,1441
390,1445
379,1446
444,1446
159,1446
3,1446
491,1448
12,1454
185,1454
392,1460
298,1460
266,1463
83,1465
120,1467
80,1470
273,1477
445,1478
182,1484
338,1484
366,1491
175,1492
406,1494
154,1499
339,1499
153,1500
160,1501
347,1505
2,1507
63,1508
222,1510
162,1511
275,1517
18,1528
479,1528
116,1535
151,1535
49,1537
353,1541
494,1552
89,1555
150,1559
126,1563
466,1567
307,1568
422,1572
245,1572
389,1578
499,1584
317,1587
31,1588
355,1589
59,1606
477,1615
254,1618
72,1619
442,1621
180,1624
36,1626
190,1628
441,1628
432,1636
133,1643
40,1645
398,1645
258,1646
411,1646
447,1651
402,1657
112,1663
45,1666
439,1667
88,1670
374,1673
121,1676
186,1678
95,1678
28,1681
208,1692
195,1693
43,1695
71,1696
199,1702
114,1705
134,1711
343,1714
493,1724
77,1733
279,1735
232,1740
183,1741
9,1742
346,1748
485,1753
39,1756
178,1765
145,1769
4,1771
310,1791
250,1802
308,1804
171,1806
41,1808
51,1811
207,1813
216,1814
448,1817
100,1818
306,1841
334,1845
38,1850
96,1853
460,1855
492,1855
143,1855
489,1856
202,1857
79,1858
423,1867
332,1872
76,1875
157,1877
125,1878
486,1882
104,1894
472,1899
373,1904
304,1912
173,1913
263,1915
224,1915
98,1919
420,1925
294,1937
124,1938
58,1940
378,1946
456,1963
372,1963
427,1979
348,1987
156,1988
54,1991
239,1992
227,1997
481,1999
253,2004
158,2015
405,2033
113,2034
276,2035
226,2040
188,2041
296,2046
426,2047
152,2052
115,2057
99,2078
461,2078
297,2082
265,2086
315,2088
458,2091
337,2094
16,2099
260,2100
223,2100
371,2104
68,2108
264,2111
64,2114
246,2143
354,2153
205,2155
193,2158
91,2162
452,2165
229,2168
437,2168
284,2170
286,2172
488,2180
256,2188
428,2206
137,2215
129,2218
417,2265
496,2288
176,2288
400,2294
34,2297
221,2300
259,2310
295,2317
386,2334
243,2342
443,2347
302,2350
293,2391
328,2401
478,2402
219,2413
498,2413
67,2418
433,2442
242,2454
21,2462
357,2469
476,2520
164,2524
146,2541
172,2547
288,2548
69,2557
142,2565
29,2579
55,2587
391,2594
364,2643
413,2649
50,2689
435,2699
375,2702
271,2740
440,2754
138,2760
282,2761
360,2795
341,2809
299,2851
194,2876
217,2892
335,2898
393,2929
23,2937
30,2949
474,3012
81,3056
105,3062
467,3088
252,3173
290,3196
189,3262
174,3262
314,3420
139,4179

simblock.block.ProofOfWorkBlock@195f300a:75
495,59
245,283
240,364
209,477
421,514
182,564
468,582
358,608
411,667
222,689
228,699
432,739
119,744
218,751
215,786
394,788
130,800
111,823
52,828
365,833
97,871
385,885
151,887
190,899
235,908
352,913
117,915
126,915
269,917
336,955
353,956
191,969
198,971
405,973
379,975
149,975
398,990
251,999
397,1005
257,1009
132,1010
127,1011
92,1013
131,1039
166,1041
21,1046
33,1053
112,1054
47,1054
317,1068
16,1070
73,1071
37,1071
417,1082
134,1083
329,1084
179,1087
342,1089
323,1090
268,1091
281,1096
316,1103
490,1106
388,1107
275,1110
62,1111
396,1121
368,1127
477,1127
59,1135
150,1135
258,1135
462,1136
87,1136
361,1144
96,1145
444,1152
214,1153
108,1157
478,1162
404,1168
170,1168
486,1169
305,1171
19,1171
409,1173
249,1175
313,1177
83,1178
321,1185
455,1186
200,1186
431,1188
327,1188
181,1190
76,1195
35,1200
332,1204
480,1209
20,1216
262,1218
107,1221
285,1223
56,1224
277,1225
465,1226
436,1229
406,1230
301,1230
346,1232
416,1233
91,1234
95,1238
328,1240
460,1242
377,1243
413,1247
90,1256
470,1257
2,1258
407,1258
287,1262
347,1262
143,1265
300,1267
357,1267
169,1272
36,1275
6,1276
220,1276
187,1277
26,1281
469,1281
450,1284
94,1285
248,1288
325,1292
63,1294
430,1296
449,1297
140,1298
418,1302
165,1303
168,1304
489,1305
463,1305
254,1306
226,1306
497,1307
192,1312
464,1318
291,1318
128,1319
292,1324
162,1327
330,1327
158,1329
210,1333
414,1334
492,1336
429,1336
331,1340
282,1342
118,1344
8,1346
85,1352
32,1353
159,1354
370,1357
440,1362
28,1362
466,1363
102,1371
403,1372
135,1376
294,1377
154,1378
80,1378
196,1381
247,1383
306,1385
42,1385
362,1389
164,1392
17,1392
266,1392
438,1393
459,1394
204,1396
273,1397
483,1399
205,1403
308,1407
376,1408
390,1409
402,1409
392,1412
106,1412
384,1414
434,1418
49,1421
144,1422
86,1423
366,1424
175,1429
433,1429
156,1433
457,1434
147,1436
437,1436
493,1437
350,1437
488,1438
233,1442
185,1444
387,1447
380,1447
184,1450
66,1451
176,1453
381,1454
61,1457
410,1460
280,1462
129,1465
298,1465
471,1465
77,1470
351,1476
101,1477
75,1478
373,1478
153,1484
255,1486
382,1489
424,1491
203,1493
441,1496
442,1500
14,1506
5,1507
500,1508
155,1509
163,1515
412,1519
74,1520
343,1531
15,1533
146,1536
120,1540
264,1541
318,1541
278,1543
238,1543
11,1546
408,1554
133,1557
65,1561
137,1573
356,1574
7,1575
48,1578
10,1581
326,1584
494,1587
93,1588
393,1589
141,1591
18,1600
40,1600
487,1602
88,1612
194,1617
78,1617
303,1620
349,1621
354,1624
458,1629
425,1629
55,1630
199,1630
177,1631
401,1632
309,1634
324,1634
310,1636
359,1638
367,1638
27,1641
24,1643
103,1646
355,1650
447,1653
89,1654
312,1656
274,1656
427,1659
110,1673
485,1678
272,1686
12,1689
22,1694
113,1696
105,1699
479,1705
422,1707
363,1717
337,1720
72,1721
4,1723
283,1728
340,1729
383,1732
136,1734
386,1737
195,1739
231,1748
186,1750
123,1751
322,1757
211,1762
188,1769
142,1769
439,1772
415,1773
84,1775
34,1777
452,1778
445,1786
9,1787
197,1795
100,1799
443,1799
46,1805
250,1806
435,1806
189,1807
320,1809
232,1817
344,1817
230,1818
25,1821
400,1822
43,1824
70,1827
289,1828
57,1828
99,1831
293,1837
124,1843
256,1866
202,1867
399,1870
109,1878
451,1881
391,1883
260,1890
3,1895
114,1901
333,1901
1,1905
299,1920
171,1928
302,1930
253,1935
121,1936
371,1936
276,1937
161,1953
234,1959
482,1963
476,1975
378,1978
41,1980
213,1980
307,1986
369,1990
338,1992
244,2002
167,2006
23,2009
259,2010
364,2013
263,2019
448,2021
223,2022
216,2025
217,2036
208,2040
475,2048
224,2055
446,2060
395,2067
473,2068
69,2069
319,2070
360,2081
206,2082
246,2090
472,2091
173,2096
389,2112
426,2135
201,2138
261,2141
54,2153
122,2171
297,2175
178,2182
267,2198
148,2202
82,2214
138,2217
180,2222
193,2230
207,2236
31,2237
29,2248
374,2249
304,2250
454,2255
372,2257
145,2269
419,2275
345,2287
50,2295
474,2304
157,2313
44,2314
335,2317
172,2332
271,2334
71,2339
104,2341
348,2351
174,2357
270,2382
51,2387
265,2391
212,2398
58,2410
467,2417
484,2432
491,2433
13,2434
314,2464
315,2464
219,2472
499,2488
428,2490
221,2517
279,2529
453,2558
286,2567
60,2581
64,2586
296,2593
116,2609
481,2638
160,2640
98,2665
334,2682
45,2691
53,2702
420,2733
229,2736
239,2743
38,2768
496,2777
339,2783
39,2818
284,2844
237,2857
242,2896
125,2905
311,2925
236,2925
115,2929
225,2938
227,2986
241,3022
375,3024
183,3042
295,3060
461,3108
423,3147
243,3174
79,3178
81,3180
152,3233
252,3260
30,3277
290,3312
67,3369
498,3426
288,3436
68,3441
139,3508
341,3560
456,3690

simblock.block.ProofOfWorkBlock@65e0f3aa:76
171,59
360,449
398,786
479,1007
90,1046
222,1092
370,1179
59,1228
234,1262
89,1280
37,1310
465,1319
1,1345
431,1349
404,1392
298,1396
251,1406
328,1432
97,1432
462,1439
134,1450
160,1462
235,1475
144,1483
5,1484
131,1488
272,1492
94,1495
403,1520
323,1527
119,1535
269,1547
492,1554
44,1554
108,1560
150,1571
76,1573
132,1574
230,1583
291,1599
478,1610
200,1612
96,1614
451,1615
463,1621
353,1627
166,1628
257,1632
21,1637
148,1641
245,1645
308,1647
426,1648
52,1654
198,1655
258,1658
15,1658
484,1666
393,1667
345,1668
470,1668
277,1687
236,1691
301,1696
331,1698
448,1701
491,1702
73,1704
155,1704
275,1705
159,1706
6,1706
340,1706
122,1708
361,1711
54,1724
141,1730
411,1734
427,1737
306,1737
35,1740
56,1740
19,1740
2,1740
455,1743
220,1743
387,1746
483,1750
20,1751
273,1755
294,1758
127,1760
337,1761
368,1762
130,1767
281,1768
153,1776
486,1778
25,1781
416,1788
300,1789
355,1789
358,1791
64,1793
109,1794
101,1795
178,1805
33,1808
365,1811
349,1812
408,1815
485,1815
338,1818
267,1819
457,1819
282,1820
116,1825
362,1825
28,1826
121,1826
249,1827
329,1828
63,1828
324,1828
165,1830
285,1835
192,1838
169,1839
392,1842
316,1849
151,1850
112,1852
46,1854
225,1854
410,1855
407,1856
95,1857
480,1858
36,1863
111,1864
445,1865
494,1870
359,1871
495,1874
473,1876
215,1879
77,1880
305,1880
205,1882
373,1882
199,1884
469,1884
432,1886
61,1886
292,1891
49,1895
388,1898
261,1900
42,1902
210,1908
446,1915
497,1917
394,1917
177,1921
320,1922
274,1922
438,1922
351,1923
120,1924
307,1929
268,1931
318,1932
179,1932
228,1933
347,1937
114,1937
237,1937
240,1940
439,1942
381,1945
176,1945
128,1947
181,1949
289,1952
379,1956
201,1957
382,1957
244,1958
476,1966
487,1970
450,1971
304,1973
211,1975
312,1978
86,1978
170,1979
13,1979
18,1980
466,1983
380,1985
383,1987
471,1988
161,1989
241,1990
74,1993
424,1993
326,1993
293,1996
385,1998
182,1998
386,1999
247,1999
188,2000
442,2002
346,2005
133,2005
187,2006
117,2015
226,2016
197,2020
26,2025
218,2032
80,2033
317,2035
266,2035
175,2035
278,2036
102,2037
184,2039
499,2039
11,2042
376,2042
384,2043
22,2045
344,2045
464,2046
418,2050
106,2052
429,2052
58,2054
409,2057
214,2059
224,2063
421,2065
443,2067
433,2077
48,2077
32,2079
126,2080
212,2083
51,2094
422,2094
168,2098
87,2101
255,2102
194,2103
357,2105
489,2111
280,2112
209,2113
91,2114
434,2125
191,2126
342,2128
84,2132
458,2146
348,2147
468,2148
330,2148
413,2149
123,2150
14,2150
158,2153
390,2154
435,2155
85,2164
460,2166
147,2169
417,2169
24,2173
397,2173
78,2173
113,2173
310,2181
29,2184
75,2188
206,2192
405,2195
83,2202
350,2205
377,2209
447,2218
444,2219
180,2220
459,2220
472,2231
496,2236
93,2236
149,2239
396,2241
488,2244
4,2255
17,2259
12,2267
57,2268
490,2272
157,2280
412,2281
8,2281
70,2282
129,2286
239,2293
406,2299
436,2306
265,2310
92,2323
62,2323
88,2326
196,2331
125,2337
203,2339
100,2340
23,2343
430,2343
103,2346
311,2348
204,2348
336,2357
16,2357
167,2358
315,2365
207,2366
55,2373
313,2373
395,2381
66,2383
47,2388
72,2388
369,2392
135,2394
302,2394
419,2406
238,2408
68,2408
461,2412
216,2412
79,2413
325,2413
356,2417
242,2419
341,2422
3,2441
69,2444
399,2447
40,2448
371,2449
389,2451
256,2456
367,2457
115,2458
343,2459
43,2464
260,2480
232,2489
372,2497
441,2502
217,2510
183,2515
449,2515
137,2519
152,2519
186,2519
467,2522
154,2524
477,2532
428,2533
213,2540
335,2545
254,2546
402,2548
400,2548
65,2551
145,2565
297,2565
156,2576
98,2579
327,2584
271,2585
363,2586
482,2591
71,2591
414,2595
231,2596
252,2613
500,2623
339,2623
60,2628
50,2631
190,2633
475,2644
143,2650
27,2656
146,2663
246,2665
420,2677
185,2693
303,2694
233,2696
481,2697
162,2698
319,2705
53,2707
124,2716
309,2725
437,2750
286,2760
299,2769
118,2775
41,2787
354,2797
189,2801
202,2802
288,2815
276,2834
45,2851
453,2854
375,2863
139,2866
248,2868
454,2880
229,2880
352,2884
7,2890
415,2893
110,2899
391,2904
164,2933
374,2936
263,2941
136,2944
287,2956
82,2985
321,3042
193,3046
425,3057
283,3060
332,3065
366,3073
67,3081
456,3104
105,3108
295,3109
322,3112
163,3166
227,3177
423,3187
440,3191
104,3194
173,3208
262,3231
333,3236
493,3239
31,3242
107,3248
223,3248
10,3293
174,3311
195,3331
208,3343
81,3363
38,3363
34,3384
264,3412
270,3416
221,3456
243,3476
39,3492
30,3495
138,3496
401,3540
290,3590
250,3591
498,3612
99,3614
474,3636
378,3724
364,3725
219,3747
140,3769
253,3791
279,3837
284,3838
9,3860
296,3863
452,3885
259,3975
334,4000
172,4112
142,4228
314,4475

simblock.block.ProofOfWorkBlock@66a120d5:77
476,59
483,216
180,280
496,336
387,364
460,393
164,432
332,444
136,450
127,488
440,500
12,509
8,534
262,545
140,545
336,557
168,571
493,583
160,590
72,600
346,601
477,602
270,606
253,613
156,629
337,637
307,645
178,648
345,657
366,658
22,660
466,663
54,664
406,665
110,671
122,682
236,693
92,698
261,714
278,716
24,721
226,722
176,723
224,725
283,725
89,726
450,726
39,729
129,736
340,739
205,750
437,751
488,751
282,755
51,756
447,758
78,759
154,765
157,773
351,774
311,777
393,778
199,782
352,783
303,783
148,783
410,783
484,785
428,786
328,788
435,796
130,799
451,801
426,803
422,805
61,808
121,809
473,810
206,810
408,810
275,812
425,812
293,812
402,813
58,813
95,814
194,815
443,815
167,816
471,820
4,824
312,829
315,829
53,831
445,833
90,835
500,838
248,840
305,840
70,842
179,843
369,844
287,844
170,845
100,847
212,850
392,859
29,865
27,865
319,866
91,867
492,868
339,869
63,869
1,870
485,872
419,872
44,873
294,874
200,876
66,878
185,878
415,881
137,883
25,885
84,885
399,886
105,891
308,895
135,897
31,898
266,899
430,899
21,900
208,901
233,902
201,906
161,906
475,909
309,910
255,915
196,924
162,928
213,929
214,929
57,929
107,930
116,931
124,931
82,935
85,935
264,935
163,936
304,937
184,939
389,940
306,940
401,941
412,943
333,945
203,947
211,949
449,954
40,954
409,956
286,956
350,958
441,959
93,963
60,964
491,967
13,967
384,968
343,970
17,972
338,973
417,977
321,979
28,980
448,981
489,984
454,984
472,986
186,986
279,987
459,991
457,992
420,992
357,992
103,994
344,996
239,998
5,999
413,1000
113,1000
421,1002
42,1008
310,1013
118,1014
487,1020
458,1021
88,1023
274,1026
250,1026
320,1027
132,1027
216,1029
490,1029
188,1030
414,1032
363,1037
382,1039
302,1039
373,1040
368,1041
77,1041
18,1043
433,1045
204,1047
377,1048
499,1049
64,1056
367,1056
403,1057
120,1063
267,1070
324,1073
348,1075
405,1076
86,1078
222,1079
149,1081
94,1082
7,1084
427,1084
398,1086
128,1087
383,1097
494,1105
210,1105
16,1107
155,1108
87,1109
380,1111
133,1117
153,1128
258,1130
272,1137
101,1138
237,1140
379,1141
143,1143
249,1143
356,1145
316,1147
190,1147
3,1154
62,1155
11,1157
19,1158
464,1162
20,1165
386,1165
330,1166
431,1168
442,1172
159,1176
35,1177
289,1178
55,1178
52,1184
269,1193
151,1197
331,1201
48,1205
230,1206
432,1207
59,1213
119,1216
238,1221
280,1228
26,1230
362,1232
342,1233
144,1236
317,1236
2,1251
497,1254
424,1256
479,1257
73,1258
361,1259
36,1263
439,1266
495,1266
244,1267
6,1268
247,1271
96,1271
175,1275
273,1278
198,1280
300,1282
240,1284
355,1295
231,1297
388,1301
215,1301
218,1303
370,1303
76,1309
245,1311
301,1312
114,1312
102,1314
131,1316
281,1320
453,1320
349,1322
381,1323
15,1336
197,1336
469,1339
390,1342
455,1342
434,1345
436,1346
347,1347
486,1348
123,1356
397,1356
108,1357
482,1358
74,1361
166,1376
478,1376
37,1384
378,1386
298,1388
14,1389
111,1391
251,1400
353,1405
325,1408
49,1410
109,1420
285,1432
228,1434
202,1435
182,1437
327,1438
463,1441
220,1444
468,1446
81,1451
446,1452
329,1452
365,1469
257,1472
292,1475
147,1480
65,1482
318,1483
259,1485
126,1488
150,1488
189,1488
83,1489
117,1491
256,1498
461,1506
462,1507
229,1512
97,1517
394,1520
288,1530
396,1537
241,1546
452,1556
217,1560
225,1575
242,1578
364,1580
334,1583
268,1584
470,1594
360,1596
290,1606
438,1607
444,1609
235,1610
385,1611
323,1616
271,1617
277,1618
50,1626
371,1627
474,1628
187,1628
221,1630
263,1636
33,1639
46,1642
284,1642
232,1646
209,1651
376,1653
291,1664
314,1669
98,1671
195,1677
23,1687
243,1688
56,1690
68,1691
173,1692
145,1707
134,1707
335,1715
429,1716
139,1736
41,1740
169,1745
465,1760
407,1763
75,1768
152,1776
112,1778
254,1787
358,1790
38,1799
43,1806
181,1809
141,1811
138,1812
79,1815
313,1819
296,1820
326,1822
411,1824
375,1827
297,1828
322,1861
34,1882
10,1890
400,1901
106,1915
146,1919
32,1940
234,1940
223,1942
192,1948
219,1954
183,1965
416,1980
404,1996
252,1996
158,1997
207,2024
456,2028
69,2032
104,2054
481,2074
423,2097
374,2104
67,2106
354,2109
165,2113
480,2122
265,2124
30,2165
142,2186
395,2194
45,2196
227,2264
498,2279
171,2282
80,2285
47,2295
246,2342
391,2387
172,2389
295,2413
115,2436
174,2463
418,2467
260,2476
9,2550
341,2571
177,2639
193,2672
276,2767
359,2809
99,2872
372,2897
191,2979
125,3078
299,3267
467,3428
71,3571

simblock.block.ProofOfWorkBlock@a32fa12:78
28,59
490,209
488,267
63,332
116,358
92,391
55,424
386,425
163,448
405,486
344,487
478,505
319,512
303,534
368,540
440,544
210,547
93,570
340,574
137,575
433,585
250,598
459,601
91,601
453,605
336,607
8,631
493,632
287,639
140,641
188,643
422,655
122,657
129,658
307,659
253,659
162,663
205,679
343,688
315,688
496,692
306,693
85,696
460,697
439,698
7,701
352,714
124,714
264,716
168,716
345,718
409,721
160,727
61,728
392,729
1,732
420,736
255,738
185,744
166,744
206,746
70,748
312,749
236,750
457,751
133,753
428,756
321,757
31,758
153,759
211,770
363,773
413,773
29,777
309,777
477,778
167,779
483,780
406,785
415,787
186,788
447,790
155,794
346,796
212,796
226,806
103,806
283,806
350,808
22,808
88,809
135,813
21,815
184,815
293,818
274,819
36,819
208,823
16,824
339,829
499,832
95,834
170,834
333,836
430,837
77,838
471,839
393,839
419,843
330,844
304,845
449,848
82,849
305,851
485,852
441,853
224,856
27,859
72,860
476,860
230,863
399,864
491,865
84,868
427,868
201,871
89,871
204,871
401,872
272,874
432,874
121,876
348,876
473,877
366,883
402,885
282,888
450,889
169,892
302,892
57,892
156,894
194,894
320,896
179,899
458,900
248,900
239,901
60,902
127,903
417,906
164,907
110,909
414,910
454,910
25,911
35,914
40,914
469,916
213,918
143,921
362,924
39,925
310,926
113,927
445,928
13,929
369,930
337,931
190,931
489,933
357,933
410,933
278,934
161,939
203,941
18,943
94,944
408,946
426,948
214,949
294,951
437,954
279,954
51,961
448,963
199,963
216,963
148,965
472,966
2,966
338,967
412,967
12,968
64,969
487,973
377,977
105,978
443,980
58,981
387,983
176,985
128,990
484,990
158,991
78,992
209,993
178,997
500,1000
356,1002
367,1003
332,1005
100,1007
262,1007
202,1008
466,1010
451,1011
53,1014
308,1018
266,1018
117,1028
66,1029
324,1031
328,1032
286,1034
44,1036
389,1039
486,1042
492,1044
136,1046
118,1048
373,1049
425,1050
281,1053
275,1054
107,1055
24,1056
301,1063
4,1064
233,1065
475,1066
268,1067
59,1068
494,1068
231,1071
159,1073
65,1076
407,1084
112,1088
3,1091
75,1091
62,1095
90,1097
200,1101
46,1102
222,1103
154,1103
157,1106
267,1109
86,1114
180,1117
270,1122
191,1122
311,1124
257,1126
175,1127
76,1128
108,1136
331,1142
446,1142
80,1155
196,1160
479,1160
83,1165
244,1165
261,1166
300,1169
150,1170
435,1176
482,1180
102,1187
431,1188
442,1196
52,1202
130,1204
359,1206
47,1209
316,1210
109,1213
131,1214
429,1218
358,1219
365,1225
228,1233
351,1234
462,1235
54,1238
381,1239
376,1239
438,1243
101,1248
298,1251
380,1251
19,1251
26,1257
325,1257
165,1261
14,1263
273,1271
181,1274
37,1276
355,1278
463,1279
327,1283
394,1284
416,1286
182,1290
87,1295
384,1295
120,1296
318,1296
149,1297
215,1299
249,1305
106,1308
347,1308
292,1314
403,1315
254,1326
56,1327
111,1328
245,1331
353,1335
97,1337
361,1340
198,1343
289,1345
317,1357
455,1359
132,1365
444,1379
398,1379
424,1388
241,1392
342,1395
291,1401
32,1405
6,1407
119,1408
464,1409
134,1417
114,1420
497,1426
96,1431
290,1433
329,1437
323,1438
385,1445
465,1448
123,1451
258,1452
234,1462
418,1465
33,1465
495,1474
42,1486
20,1492
378,1497
147,1503
251,1508
73,1512
5,1513
218,1515
397,1517
15,1521
334,1557
235,1559
48,1562
259,1567
383,1568
126,1571
144,1576
49,1579
98,1579
400,1588
99,1596
238,1597
299,1600
237,1607
229,1609
498,1611
277,1613
17,1621
480,1636
232,1648
220,1650
360,1652
217,1658
434,1660
269,1671
142,1674
411,1679
470,1685
177,1688
227,1688
341,1691
246,1692
370,1696
313,1698
34,1704
452,1722
371,1728
354,1732
219,1738
247,1743
474,1748
74,1748
10,1748
45,1751
388,1756
280,1771
141,1777
468,1790
173,1791
326,1795
139,1797
404,1808
349,1829
252,1843
276,1847
223,1867
285,1877
322,1887
256,1898
192,1915
11,1920
41,1934
151,1947
421,1949
314,1952
23,1956
240,1966
382,1966
81,1973
481,1979
9,2013
375,2021
197,2021
221,2023
68,2033
395,2040
295,2091
146,2094
296,2095
390,2125
171,2127
43,2160
271,2170
436,2191
364,2203
193,2204
242,2236
207,2250
104,2257
189,2259
391,2277
187,2304
152,2323
372,2354
396,2365
115,2373
467,2377
288,2383
260,2444
138,2503
461,2504
284,2533
225,2535
145,2542
67,2554
456,2588
195,2608
243,2700
265,2700
379,2718
335,2731
50,2794
71,2839
297,2849
263,2874
30,2901
38,3006
79,3013
69,3046
172,3083
125,3146
423,3162
374,3181
174,3385
183,3730

simblock.block.ProofOfWorkBlock@46bc7ae2:79
100,59
24,212
499,269
253,325
278,360
366,386
439,417
363,420
426,475
188,476
283,486
321,509
392,535
8,537
18,544
137,552
254,557
441,565
95,570
255,575
12,592
475,597
435,601
200,618
155,623
453,624
309,628
211,631
430,635
204,644
162,653
36,660
339,661
402,666
118,678
352,681
178,682
93,684
472,686
389,694
85,697
420,700
66,700
337,703
484,711
216,715
266,716
477,718
158,719
308,721
428,724
298,733
22,734
180,737
328,740
55,743
167,749
84,750
311,757
264,758
466,759
121,759
386,760
408,761
89,768
61,769
7,773
44,776
410,776
105,777
156,779
365,779
459,781
154,785
369,786
338,787
136,791
124,792
40,797
414,799
82,800
51,800
107,803
312,806
190,809
282,810
157,811
491,812
417,813
185,818
377,820
86,821
413,821
412,825
1,827
140,831
39,831
350,832
168,833
62,834
28,834
315,838
25,838
305,840
387,841
492,841
488,841
202,842
344,851
160,856
236,857
409,859
447,860
231,864
120,866
31,867
224,867
332,868
179,869
448,869
320,870
348,877
482,877
294,878
127,878
307,879
415,880
153,882
274,883
443,885
493,887
135,890
293,890
406,891
205,891
233,892
454,895
368,895
405,897
279,898
419,898
212,899
170,900
15,902
489,904
13,906
116,908
78,912
306,913
356,914
248,915
64,917
345,918
267,921
433,925
57,927
72,927
500,927
401,927
331,930
230,931
53,936
203,937
133,938
450,938
214,939
63,940
270,940
261,943
445,943
128,944
213,946
201,947
275,947
373,949
310,951
161,951
490,952
287,954
77,954
239,956
304,956
473,956
434,958
451,961
208,961
92,962
194,962
324,964
73,964
88,970
109,970
70,972
485,972
113,973
56,975
29,975
393,977
449,977
427,978
164,981
323,982
399,984
340,984
351,987
176,987
487,989
303,989
54,993
483,993
16,994
458,994
285,997
460,999
494,1009
148,1014
286,1014
206,1015
94,1018
186,1019
425,1020
440,1021
302,1021
91,1033
163,1036
333,1037
131,1040
319,1041
476,1044
367,1045
143,1046
122,1049
422,1050
370,1055
357,1056
218,1063
58,1065
432,1066
250,1067
27,1071
457,1073
166,1074
60,1079
110,1086
21,1091
184,1094
346,1094
343,1098
199,1100
429,1102
330,1106
159,1112
384,1116
240,1120
272,1123
326,1124
83,1126
210,1127
226,1127
119,1127
46,1128
3,1134
19,1136
463,1137
292,1151
421,1152
291,1153
196,1158
114,1159
132,1160
325,1167
496,1169
129,1170
228,1172
462,1176
376,1176
191,1176
398,1185
407,1186
32,1187
247,1189
403,1189
486,1190
232,1194
111,1197
108,1200
361,1200
424,1209
257,1211
26,1212
262,1215
388,1215
14,1217
359,1226
244,1232
382,1234
313,1240
438,1241
4,1242
169,1245
437,1246
112,1247
411,1253
76,1253
497,1255
17,1257
165,1262
225,1263
33,1266
103,1273
130,1275
327,1275
317,1278
258,1278
220,1278
6,1286
468,1290
5,1290
149,1294
117,1295
47,1296
237,1297
342,1298
469,1302
2,1304
471,1305
144,1310
349,1315
269,1321
301,1322
296,1322
175,1323
80,1329
444,1333
390,1334
480,1335
470,1337
251,1340
59,1340
90,1342
74,1347
479,1356
383,1356
478,1361
97,1364
192,1371
300,1372
209,1375
353,1376
48,1378
151,1386
147,1399
316,1402
37,1408
436,1422
336,1425
249,1427
198,1439
381,1443
277,1445
222,1447
455,1449
380,1451
397,1456
256,1458
395,1460
280,1462
418,1466
442,1469
252,1472
271,1475
385,1481
75,1490
263,1493
215,1498
182,1499
238,1504
65,1505
126,1518
35,1519
150,1520
400,1521
81,1529
495,1532
355,1544
101,1561
67,1569
43,1572
87,1588
189,1593
229,1593
284,1594
134,1595
364,1595
354,1597
125,1598
446,1608
498,1612
362,1619
102,1621
404,1622
96,1623
281,1628
146,1641
123,1642
243,1645
371,1649
217,1649
171,1654
138,1656
187,1666
461,1668
99,1668
106,1673
416,1676
241,1681
11,1689
50,1694
391,1695
223,1700
181,1707
464,1710
334,1716
41,1746
227,1749
23,1757
265,1757
242,1764
481,1765
139,1776
396,1777
104,1782
141,1788
379,1791
245,1801
341,1813
20,1836
318,1851
177,1855
431,1855
79,1857
358,1877
183,1886
273,1886
378,1895
456,1908
276,1908
260,1912
10,1932
467,1937
193,1948
347,1954
329,1957
465,1963
295,1984
289,2012
394,2021
322,2051
142,2059
197,2063
246,2065
259,2085
374,2089
375,2104
172,2139
235,2140
452,2143
174,2155
9,2179
474,2193
299,2205
52,2233
34,2237
423,2240
195,2245
38,2295
360,2305
234,2330
335,2345
152,2425
173,2428
314,2492
268,2501
145,2504
297,2519
219,2522
71,2539
221,2580
290,2628
49,2671
30,2810
42,2842
372,2850
69,2859
115,2880
45,2884
68,2921
288,3092
207,3379
98,3662

simblock.block.ProofOfWorkBlock@17cb152e:80
260,59
125,414
189,562
223,617
23,800
17,825
474,959
371,962
219,964
247,1045
139,1117
21,1125
256,1127
468,1128
152,1189
101,1206
335,1271
73,1278
392,1279
306,1324
261,1339
385,1349
334,1354
438,1361
456,1373
326,1395
366,1401
228,1421
439,1423
415,1429
259,1438
76,1455
190,1459
47,1473
315,1483
29,1488
115,1493
218,1498
476,1500
381,1505
286,1514
226,1516
296,1519
290,1520
463,1528
430,1539
210,1542
357,1546
99,1556
196,1560
147,1567
70,1577
281,1579
362,1580
95,1581
178,1585
404,1586
302,1598
124,1602
413,1608
369,1618
88,1631
336,1636
211,1638
383,1642
402,1642
209,1643
185,1644
87,1646
120,1651
496,1653
316,1654
303,1657
401,1662
341,1664
325,1664
134,1664
484,1666
113,1671
267,1673
212,1675
447,1675
15,1680
492,1689
173,1692
149,1692
233,1695
141,1698
321,1698
27,1699
169,1699
343,1702
278,1705
271,1706
137,1707
483,1710
151,1718
435,1719
270,1721
424,1722
416,1722
39,1723
432,1723
157,1726
486,1726
440,1727
191,1733
100,1734
53,1734
187,1734
31,1735
180,1745
497,1746
68,1747
291,1750
128,1751
349,1752
346,1754
309,1755
93,1756
51,1758
471,1762
168,1767
258,1779
7,1779
33,1781
248,1786
114,1787
127,1791
485,1792
294,1794
406,1795
161,1795
477,1796
238,1803
444,1804
140,1806
144,1808
480,1811
222,1812
475,1813
240,1814
143,1815
9,1818
236,1818
403,1821
199,1824
460,1826
160,1828
25,1830
361,1833
182,1833
89,1837
85,1837
333,1838
174,1843
92,1845
305,1848
263,1849
414,1849
409,1851
348,1853
312,1853
426,1854
339,1855
446,1856
352,1860
133,1862
63,1866
204,1869
201,1875
206,1875
442,1875
340,1882
94,1883
494,1883
301,1884
59,1884
188,1887
365,1889
35,1889
255,1891
329,1894
22,1895
116,1897
130,1897
231,1902
275,1906
253,1910
26,1911
320,1911
262,1911
6,1913
410,1913
313,1914
40,1916
455,1916
175,1920
332,1920
220,1920
323,1924
466,1928
388,1935
28,1939
66,1945
197,1949
1,1955
292,1959
86,1960
37,1960
80,1964
167,1965
358,1966
244,1966
64,1967
230,1968
58,1971
81,1974
227,1975
166,1978
215,1980
129,1983
418,1984
285,1986
384,1987
108,1987
109,1988
172,1993
50,1994
269,1994
493,1996
239,2000
382,2003
203,2009
4,2011
387,2012
422,2014
350,2015
132,2020
103,2024
194,2033
18,2037
225,2038
20,2038
155,2040
310,2041
289,2046
159,2047
56,2048
146,2051
224,2051
162,2054
245,2056
2,2059
373,2066
273,2076
479,2077
470,2094
473,2096
353,2096
331,2097
135,2098
434,2099
14,2108
177,2115
74,2124
246,2140
90,2143
370,2145
287,2149
423,2150
119,2152
118,2155
241,2157
254,2158
391,2158
62,2161
380,2172
469,2175
482,2178
131,2179
83,2181
117,2184
421,2184
462,2190
8,2191
487,2196
268,2204
452,2207
237,2212
257,2213
192,2216
52,2217
397,2218
156,2225
243,2226
318,2227
181,2229
112,2236
498,2238
354,2239
368,2242
34,2246
393,2247
123,2254
106,2256
322,2262
96,2262
46,2263
221,2266
208,2270
5,2272
436,2293
111,2301
372,2306
394,2310
347,2312
32,2326
412,2330
488,2333
288,2336
251,2338
216,2340
69,2348
60,2353
43,2359
437,2365
195,2370
277,2374
396,2379
126,2387
145,2388
390,2394
378,2397
171,2397
202,2402
431,2405
398,2413
427,2419
330,2420
317,2434
360,2436
495,2437
67,2473
65,2477
71,2479
150,2489
30,2492
472,2495
379,2495
298,2513
311,2516
344,2519
265,2535
441,2541
42,2543
299,2550
77,2551
500,2557
400,2558
97,2561
355,2565
250,2573
234,2574
295,2591
374,2594
282,2598
138,2622
217,2623
356,2631
49,2639
284,2655
229,2656
276,2670
375,2671
38,2677
232,2686
461,2687
102,2693
148,2700
10,2702
300,2703
389,2707
465,2714
429,2723
457,2736
183,2738
249,2750
165,2755
19,2765
98,2789
451,2798
163,2822
198,2833
314,2839
242,2841
207,2858
105,2858
193,2866
458,2871
499,2875
481,2876
408,2876
235,2893
41,2905
425,2911
48,2929
154,2931
489,2946
75,2953
359,2969
324,3001
11,3009
411,3014
342,3020
297,3027
419,3035
364,3037
491,3060
453,3064
153,3101
16,3124
36,3137
433,3157
104,3159
12,3171
377,3174
464,3187
45,3206
327,3219
445,3234
55,3237
213,3244
376,3267
345,3273
467,3300
57,3308
367,3324
337,3343
420,3412
304,3423
214,3436
107,3470
170,3473
307,3494
280,3521
164,3534
351,3542
142,3552
478,3569
443,3578
274,3586
417,3619
319,3647
110,3728
24,3736
293,3765
363,3771
13,3787
490,3797
121,3851
386,3877
308,3881
91,3917
158,3919
79,4023
448,4027
279,4035
179,4090
122,4150
450,4175
252,4186
459,4216
272,4242
283,4250
136,4268
78,4325
449,4333
338,4452
395,4477
266,4521
264,4599
405,4616
454,4636
399,4760
428,4820
82,4938
54,4949
184,4967
61,5070
328,5122
3,5299
200,5369
176,5648
205,5667
407,6003
84,6369
186,6717
72,7067

simblock.block.ProofOfWorkBlock@a9b82e4:81
147,59
385,274
394,355
87,438
468,495
486,523
74,576
120,577
442,605
132,662
187,664
101,716
198,739
480,744
469,749
327,752
143,778
254,794
35,797
240,801
150,821
182,827
65,832
380,835
403,836
301,876
130,885
33,888
244,890
19,891
228,906
97,916
47,917
220,923
338,937
15,949
118,955
76,962
257,965
436,966
17,968
292,969
106,977
117,977
331,997
94,997
381,1002
108,1002
346,1012
280,1014
365,1016
126,1017
404,1036
396,1046
123,1046
191,1050
251,1050
165,1051
249,1051
370,1052
158,1054
119,1058
388,1060
26,1069
164,1071
313,1082
268,1084
102,1090
316,1090
416,1098
495,1099
427,1102
397,1104
336,1104
455,1108
32,1108
465,1109
447,1111
273,1115
209,1130
131,1131
393,1131
379,1131
90,1132
285,1133
479,1135
258,1140
109,1141
6,1141
169,1151
326,1153
196,1159
129,1161
347,1166
490,1166
308,1167
363,1167
80,1169
192,1171
14,1179
218,1181
234,1184
52,1189
359,1189
298,1192
215,1195
300,1199
384,1201
366,1202
289,1206
247,1208
202,1210
146,1212
329,1213
446,1215
497,1215
235,1216
51,1217
21,1221
323,1222
181,1222
83,1222
135,1224
133,1224
141,1228
500,1228
429,1231
214,1231
75,1234
22,1248
464,1251
281,1252
230,1253
261,1253
351,1259
144,1260
250,1261
411,1263
462,1263
149,1267
16,1269
46,1269
134,1270
342,1272
177,1273
1,1273
470,1274
473,1278
424,1280
305,1280
317,1280
59,1280
361,1281
112,1291
362,1292
100,1294
418,1297
13,1297
457,1300
225,1303
92,1303
269,1304
307,1305
277,1305
282,1307
151,1309
205,1310
42,1311
237,1312
25,1313
111,1315
197,1316
349,1316
443,1316
344,1319
463,1319
437,1321
353,1323
245,1328
208,1331
121,1332
304,1336
328,1337
11,1338
450,1340
405,1342
355,1350
49,1352
37,1353
398,1356
56,1358
358,1359
248,1366
20,1366
369,1367
159,1370
61,1370
204,1373
18,1374
430,1376
409,1378
303,1381
224,1383
274,1395
161,1395
390,1396
444,1397
2,1399
320,1400
73,1400
485,1401
291,1402
107,1405
412,1406
492,1409
96,1413
376,1414
44,1417
332,1421
167,1421
434,1421
8,1433
484,1435
155,1436
63,1438
428,1442
431,1446
203,1447
262,1449
493,1451
382,1453
170,1454
421,1454
325,1461
400,1461
31,1462
350,1463
255,1469
267,1472
407,1474
72,1474
57,1476
4,1477
413,1479
406,1480
85,1481
383,1483
419,1483
28,1483
5,1484
222,1484
439,1487
488,1490
241,1495
275,1497
496,1498
392,1506
318,1509
345,1512
294,1514
238,1516
483,1516
387,1517
210,1520
84,1523
48,1524
401,1526
186,1533
175,1537
185,1541
487,1551
78,1558
70,1564
148,1569
200,1574
266,1577
236,1580
448,1584
410,1584
352,1587
415,1591
128,1592
454,1593
156,1594
157,1597
114,1597
179,1602
265,1611
213,1616
93,1616
272,1618
166,1619
36,1620
40,1624
212,1626
137,1636
333,1636
348,1637
472,1644
386,1646
264,1650
373,1656
58,1656
340,1658
310,1660
194,1660
162,1662
377,1664
176,1665
3,1667
478,1667
64,1673
34,1675
77,1677
321,1677
441,1686
324,1686
315,1689
438,1691
433,1693
188,1697
309,1708
195,1713
136,1714
239,1715
297,1722
284,1723
103,1739
55,1743
460,1745
279,1758
286,1764
471,1768
494,1768
367,1768
125,1771
271,1771
360,1773
140,1775
81,1777
481,1783
66,1790
423,1792
60,1799
110,1806
253,1809
477,1810
91,1811
414,1821
229,1827
190,1832
445,1837
368,1837
283,1838
287,1840
199,1842
378,1844
330,1846
499,1852
171,1856
24,1856
295,1865
306,1869
153,1873
354,1878
459,1878
113,1887
456,1888
276,1902
296,1904
67,1908
139,1915
299,1917
391,1918
293,1924
116,1925
432,1941
402,1948
7,1950
288,1962
435,1963
41,1964
104,1972
174,1977
71,1977
440,1979
319,1983
357,1985
425,1992
193,1993
127,2008
233,2010
242,2010
154,2012
372,2013
53,2013
45,2014
122,2016
207,2018
38,2020
95,2022
168,2027
178,2030
160,2045
489,2048
89,2053
172,2060
466,2064
69,2080
256,2082
260,2088
62,2102
252,2116
476,2119
221,2121
259,2150
105,2158
312,2158
226,2168
263,2175
278,2188
27,2199
223,2199
54,2203
82,2206
99,2207
314,2211
375,2216
364,2218
461,2221
246,2222
302,2230
417,2239
180,2240
374,2250
68,2271
453,2283
12,2294
43,2304
337,2343
458,2344
395,2361
88,2362
9,2376
183,2389
201,2417
399,2419
142,2447
334,2454
10,2456
217,2457
152,2466
173,2468
420,2469
23,2486
29,2517
184,2535
30,2553
138,2582
339,2592
475,2604
227,2611
322,2626
452,2639
311,2646
206,2691
335,2694
426,2710
371,2711
50,2735
39,2768
270,2819
115,2844
163,2869
86,2886
498,2944
189,2960
408,2999
341,3017
124,3043
343,3060
219,3091
216,3184
232,3192
211,3225
231,3238
290,3268
389,3398
356,3411
79,3437
482,3575
451,3594
491,3753
449,3773
422,3950
467,4002
474,4198
243,4241
98,4450
145,4488

simblock.block.ProofOfWorkBlock@f3628ab:82
191,59
468,277
327,362
358,448
101,496
455,531
385,579
26,583
108,615
245,665
497,665
106,670
15,713
244,749
257,751
285,752
102,758
228,794
403,800
77,802
149,808
280,831
111,834
130,836
268,839
486,845
404,876
416,884
147,885
421,886
165,887
444,892
434,912
326,921
251,922
87,923
181,929
342,933
255,952
470,965
381,967
359,968
150,969
495,972
109,975
380,975
466,976
14,976
316,976
11,1001
75,1002
117,1004
240,1005
454,1010
209,1014
436,1017
464,1020
5,1027
76,1029
49,1050
317,1052
258,1056
187,1057
465,1058
424,1058
56,1059
132,1059
65,1066
198,1067
237,1067
74,1067
344,1071
323,1083
47,1088
134,1097
469,1099
361,1102
414,1103
197,1104
269,1105
119,1107
90,1113
83,1115
218,1115
6,1116
236,1128
396,1132
365,1133
153,1133
225,1134
120,1139
37,1143
480,1144
202,1145
273,1146
301,1151
52,1151
277,1152
399,1152
46,1153
289,1161
363,1161
450,1164
164,1168
17,1171
410,1176
379,1182
394,1182
383,1186
411,1188
329,1190
442,1190
222,1191
177,1196
249,1197
192,1198
281,1199
2,1201
418,1202
292,1203
35,1203
169,1215
33,1215
175,1216
205,1220
479,1224
95,1227
300,1228
166,1230
133,1231
32,1234
429,1236
397,1237
382,1245
213,1250
39,1255
306,1257
141,1265
159,1267
215,1271
80,1273
362,1273
331,1282
463,1282
136,1284
446,1285
324,1286
430,1286
298,1288
462,1288
182,1294
388,1295
349,1296
126,1299
475,1304
18,1306
97,1306
123,1306
1,1309
345,1312
60,1314
431,1316
131,1319
338,1320
78,1321
20,1324
121,1324
438,1330
168,1331
355,1331
226,1333
93,1334
73,1337
291,1338
320,1339
135,1339
110,1340
53,1341
353,1342
239,1342
199,1344
270,1351
48,1351
156,1354
318,1355
167,1359
459,1361
426,1371
220,1374
340,1376
483,1376
230,1377
373,1383
484,1387
247,1390
460,1394
485,1398
427,1399
42,1399
64,1399
457,1400
105,1409
12,1410
66,1411
234,1413
499,1418
347,1418
185,1418
393,1418
386,1419
346,1421
390,1423
235,1424
405,1425
264,1428
241,1433
176,1434
158,1436
313,1438
401,1443
412,1444
478,1448
254,1453
86,1461
94,1462
82,1468
91,1470
449,1472
144,1473
179,1476
312,1477
19,1482
471,1483
328,1485
482,1488
59,1492
3,1493
224,1498
89,1499
196,1500
409,1501
398,1506
214,1508
370,1513
309,1513
129,1516
122,1517
440,1518
58,1518
419,1522
238,1523
55,1526
387,1529
325,1539
330,1545
315,1548
203,1554
490,1558
339,1560
275,1560
310,1560
113,1561
500,1563
112,1567
282,1571
433,1571
155,1575
376,1577
200,1583
443,1584
170,1585
350,1586
384,1595
266,1599
428,1608
413,1609
302,1613
4,1613
395,1616
99,1619
118,1624
114,1624
96,1629
210,1630
448,1630
100,1639
356,1643
231,1648
57,1648
157,1650
352,1651
321,1652
7,1656
415,1660
337,1666
137,1667
50,1667
128,1670
425,1673
392,1675
351,1675
63,1675
432,1679
8,1679
44,1683
180,1692
307,1692
61,1692
161,1694
369,1694
445,1702
492,1704
248,1719
389,1719
420,1722
36,1726
9,1731
162,1735
314,1737
343,1737
204,1737
332,1738
85,1741
284,1744
246,1746
487,1752
38,1755
151,1756
286,1757
368,1760
21,1760
366,1762
296,1772
477,1779
154,1781
439,1791
84,1792
496,1798
27,1807
40,1818
22,1819
472,1819
23,1823
88,1825
201,1827
402,1827
417,1835
371,1840
163,1843
473,1852
452,1856
183,1857
253,1857
267,1860
107,1864
493,1866
250,1866
41,1868
256,1874
447,1877
186,1877
262,1880
160,1893
494,1897
422,1897
474,1899
453,1900
377,1906
115,1907
81,1908
260,1911
278,1912
367,1912
294,1914
375,1925
28,1927
54,1931
208,1936
357,1942
348,1942
207,1961
372,1968
374,1972
406,1980
139,1992
104,1994
92,1997
143,1999
335,2003
116,2003
276,2005
437,2006
319,2018
71,2026
13,2026
364,2032
489,2039
272,2041
441,2045
171,2046
279,2050
227,2060
172,2063
233,2063
407,2074
148,2074
34,2074
188,2085
305,2104
476,2105
299,2108
45,2115
336,2119
261,2121
146,2142
451,2160
219,2160
68,2163
308,2173
221,2178
29,2192
31,2203
304,2204
223,2206
360,2219
206,2230
194,2243
274,2252
24,2253
125,2253
152,2253
140,2261
217,2281
297,2284
303,2284
138,2287
435,2307
30,2308
354,2322
458,2335
190,2347
193,2352
16,2368
51,2389
70,2403
259,2412
232,2413
408,2430
72,2430
378,2450
265,2477
174,2485
242,2519
488,2525
263,2554
491,2554
391,2558
184,2563
67,2569
252,2574
25,2584
283,2605
311,2621
295,2723
212,2729
341,2733
103,2765
322,2776
456,2778
333,2782
62,2796
334,2814
288,2816
400,2823
211,2904
178,2966
216,2969
481,2972
461,2989
195,3063
10,3071
124,3078
127,3140
498,3217
423,3220
229,3230
293,3317
243,3321
189,3328
79,3464
173,3474
287,3493
145,3570
290,3727
69,3733
467,3809
43,3975
271,3982
142,4063
98,4245

simblock.block.ProofOfWorkBlock@deb0ea3:83
136,59
393,228
270,284
476,340
337,380
466,399
457,436
447,451
483,456
460,492
493,493
27,508
24,514
475,528
168,550
392,553
305,554
92,567
212,584
441,604
12,608
77,618
194,628
51,630
343,640
135,646
22,647
66,648
161,662
319,665
387,672
311,675
180,681
499,684
237,684
78,685
153,696
230,696
333,696
366,702
287,703
310,705
84,705
116,707
162,708
368,717
100,721
178,730
199,731
420,740
156,751
308,754
31,757
190,757
57,759
155,761
113,764
264,765
7,767
302,773
293,774
408,776
40,781
137,781
185,782
430,784
332,787
167,788
107,795
91,799
148,801
206,807
496,812
363,812
186,815
213,815
500,817
338,819
357,820
250,822
484,822
413,824
324,825
39,827
28,830
315,830
255,832
124,838
129,839
477,839
489,841
164,845
8,846
451,851
103,852
473,855
184,855
181,856
62,859
328,860
165,861
122,864
64,865
345,866
304,866
282,868
321,871
95,872
16,875
176,876
86,878
307,882
216,883
482,883
278,885
157,886
346,887
488,888
309,890
454,892
351,895
405,895
433,895
344,896
280,901
445,903
202,909
275,910
70,911
389,914
320,914
410,914
72,915
18,915
55,916
279,918
490,920
427,921
336,921
286,922
205,923
399,924
425,926
306,927
458,928
58,929
485,929
487,932
36,933
208,936
367,936
121,940
188,941
13,947
407,949
253,951
140,952
417,952
200,952
449,953
272,957
236,958
158,961
432,966
196,969
494,970
453,971
330,971
283,973
443,973
44,974
478,974
187,977
63,978
127,978
154,978
440,979
211,980
21,980
348,982
239,982
312,983
226,986
401,987
316,987
177,988
53,988
88,990
204,993
419,994
261,997
61,1002
422,1005
426,1008
170,1010
110,1010
89,1013
108,1019
82,1020
149,1024
267,1028
448,1029
160,1030
214,1030
428,1030
97,1031
409,1031
143,1031
301,1032
105,1033
472,1034
85,1037
274,1037
94,1039
231,1040
339,1041
379,1042
179,1043
203,1044
93,1045
414,1046
437,1047
60,1050
350,1050
471,1050
386,1053
402,1059
435,1059
233,1067
406,1069
118,1071
201,1072
133,1075
3,1082
210,1085
29,1086
439,1095
412,1098
415,1102
491,1102
111,1103
492,1107
450,1107
369,1114
459,1116
5,1117
262,1123
429,1124
303,1127
128,1132
144,1136
373,1142
1,1142
249,1142
26,1146
356,1151
248,1154
352,1156
17,1159
377,1160
462,1160
192,1162
96,1165
163,1169
442,1175
119,1178
416,1184
224,1188
101,1190
35,1190
465,1191
495,1193
463,1194
76,1197
257,1200
268,1203
384,1205
247,1206
4,1209
33,1212
436,1214
318,1214
266,1215
83,1217
469,1230
294,1239
376,1240
150,1244
300,1247
446,1256
370,1258
365,1260
14,1265
182,1268
25,1273
37,1274
42,1277
398,1279
388,1283
244,1287
106,1289
403,1290
175,1295
15,1296
289,1300
380,1305
431,1308
353,1311
120,1312
269,1317
317,1318
359,1325
329,1327
273,1331
397,1332
112,1332
438,1333
117,1334
54,1335
390,1345
145,1351
245,1357
486,1360
11,1361
292,1363
32,1365
169,1365
141,1366
114,1370
362,1377
468,1378
209,1378
251,1379
151,1383
87,1384
123,1384
349,1386
90,1392
340,1394
241,1396
331,1403
73,1411
159,1417
229,1421
327,1426
298,1428
444,1438
455,1439
215,1447
46,1449
65,1452
6,1455
139,1456
47,1460
479,1464
421,1465
126,1468
56,1469
411,1470
290,1470
50,1473
285,1480
355,1481
254,1497
281,1498
291,1499
361,1501
191,1501
74,1502
130,1506
381,1506
23,1515
134,1520
371,1530
131,1533
109,1537
497,1539
240,1541
246,1551
138,1553
235,1555
297,1557
383,1559
228,1562
198,1564
41,1567
480,1585
19,1597
197,1599
271,1602
20,1613
374,1615
238,1617
325,1620
378,1621
258,1626
48,1637
418,1637
396,1639
227,1640
342,1643
172,1643
313,1658
322,1665
314,1666
382,1669
220,1671
284,1672
464,1673
34,1674
102,1676
242,1693
391,1701
75,1709
299,1725
222,1734
277,1736
354,1738
68,1742
456,1749
132,1757
395,1763
45,1769
52,1774
334,1782
218,1787
347,1790
152,1791
326,1795
335,1802
49,1809
193,1813
221,1818
252,1834
166,1839
424,1841
146,1841
434,1847
394,1858
10,1892
470,1894
364,1904
9,1924
296,1927
79,1930
234,1931
358,1953
243,1954
81,1955
223,1962
404,1971
30,1971
385,2015
195,2017
142,2021
147,2032
2,2035
43,2049
183,2066
38,2071
80,2075
263,2098
189,2103
59,2127
115,2129
474,2145
173,2163
67,2183
323,2186
104,2218
265,2245
498,2256
360,2261
400,2303
256,2319
217,2326
423,2337
225,2357
232,2389
71,2409
98,2411
276,2430
375,2469
341,2552
69,2593
452,2634
481,2645
467,2670
260,2682
207,2695
372,2781
99,2856
171,2917
259,2951
461,2979
219,2982
125,3157
288,3264
295,3296
174,3455

simblock.block.ProofOfWorkBlock@163e4736:84
45,59
119,686
198,912
388,937
2,993
112,1075
486,1128
470,1156
421,1162
169,1183
277,1211
166,1216
65,1240
59,1243
403,1298
6,1302
249,1305
151,1324
20,1325
147,1346
411,1379
76,1383
245,1387
177,1392
75,1408
123,1410
268,1432
225,1436
365,1437
49,1440
370,1465
87,1468
436,1469
52,1472
215,1473
479,1486
42,1497
137,1501
497,1515
251,1519
97,1522
237,1522
269,1522
15,1525
181,1548
220,1549
5,1553
464,1555
141,1557
394,1569
340,1569
483,1594
342,1594
379,1599
234,1601
353,1601
108,1602
301,1605
197,1606
495,1606
90,1611
56,1615
318,1617
327,1631
480,1635
383,1638
211,1644
134,1648
442,1652
33,1653
1,1655
159,1656
313,1658
168,1662
444,1669
382,1677
287,1677
222,1682
317,1683
150,1686
358,1687
109,1688
281,1691
355,1691
397,1692
209,1693
102,1694
446,1695
431,1697
300,1701
131,1708
468,1713
244,1713
351,1719
144,1720
449,1722
439,1722
380,1725
362,1734
455,1738
233,1739
35,1739
476,1743
291,1743
55,1743
48,1743
117,1746
77,1750
280,1750
80,1752
241,1760
132,1767
240,1769
61,1770
289,1773
111,1774
258,1774
359,1774
445,1775
73,1775
19,1776
37,1778
385,1784
228,1788
398,1790
469,1791
32,1795
156,1800
161,1803
369,1804
94,1814
325,1815
407,1817
344,1817
460,1819
416,1822
361,1825
434,1825
285,1826
187,1826
294,1828
401,1835
323,1836
415,1839
47,1842
118,1842
253,1851
384,1857
130,1857
462,1857
149,1858
218,1861
315,1861
8,1861
165,1865
74,1870
257,1870
83,1872
465,1879
349,1879
273,1885
267,1886
450,1887
500,1887
235,1899
293,1901
12,1903
419,1904
329,1904
381,1907
254,1908
463,1914
208,1916
410,1917
292,1922
101,1922
170,1925
175,1925
182,1927
426,1928
236,1932
250,1933
326,1937
417,1939
298,1942
306,1944
230,1945
331,1948
266,1948
194,1950
404,1952
286,1952
438,1954
472,1954
238,1954
82,1956
11,1957
255,1962
114,1963
363,1968
72,1969
136,1973
63,1982
180,1983
128,1983
357,1990
303,1994
274,1995
62,1995
126,1997
346,1997
396,1997
191,1999
424,1999
316,2000
204,2000
308,2001
352,2001
210,2005
120,2007
17,2012
143,2013
489,2017
27,2017
321,2018
333,2019
26,2021
459,2027
58,2032
93,2035
347,2037
167,2039
192,2044
154,2045
36,2045
163,2048
160,2053
377,2053
387,2056
437,2057
46,2059
320,2069
457,2077
7,2082
247,2087
418,2090
176,2092
40,2095
414,2101
432,2101
214,2103
428,2107
103,2107
106,2110
25,2113
356,2113
433,2114
319,2121
350,2121
275,2122
487,2124
226,2127
216,2128
429,2129
96,2129
492,2130
4,2131
3,2132
107,2143
494,2147
13,2152
296,2155
200,2160
199,2162
390,2162
458,2162
14,2163
54,2165
466,2169
491,2175
338,2175
201,2178
332,2183
443,2185
409,2187
406,2191
305,2193
392,2194
256,2203
499,2205
399,2212
21,2214
162,2219
64,2219
282,2226
264,2228
412,2233
295,2246
420,2252
174,2258
448,2269
16,2273
371,2275
133,2276
66,2276
262,2280
395,2281
196,2284
89,2288
124,2289
475,2290
99,2291
451,2293
24,2297
473,2302
302,2304
178,2305
441,2306
173,2306
368,2308
376,2314
105,2320
223,2322
207,2332
427,2341
157,2342
402,2342
312,2344
205,2348
122,2353
337,2356
206,2358
183,2360
299,2365
336,2367
330,2368
18,2370
261,2378
288,2384
57,2389
477,2390
195,2390
153,2393
311,2393
129,2401
375,2406
79,2406
496,2408
190,2408
60,2412
104,2415
485,2420
91,2428
297,2441
213,2446
324,2451
425,2454
158,2456
70,2456
185,2461
271,2464
490,2465
435,2468
88,2471
121,2471
393,2478
471,2481
22,2484
146,2493
391,2499
71,2509
265,2523
248,2523
309,2524
279,2528
152,2528
484,2532
461,2544
259,2545
389,2555
373,2555
260,2557
171,2557
354,2568
202,2569
478,2575
85,2587
138,2600
430,2627
148,2628
488,2630
440,2631
482,2637
360,2642
386,2643
467,2647
224,2650
304,2650
405,2653
270,2664
69,2665
30,2665
34,2683
272,2698
84,2707
374,2717
339,2723
39,2729
481,2736
31,2740
307,2741
113,2745
246,2751
145,2781
322,2801
100,2803
345,2804
203,2810
372,2818
10,2820
422,2824
189,2826
95,2828
493,2843
366,2849
43,2855
155,2874
334,2882
348,2885
92,2897
172,2900
50,2900
364,2906
408,2907
423,2965
239,2986
140,2988
184,2999
142,3001
179,3008
164,3022
221,3029
135,3037
110,3055
367,3064
242,3077
454,3078
44,3092
284,3107
229,3147
232,3150
23,3153
127,3162
78,3167
53,3174
328,3182
447,3211
498,3248
116,3251
290,3270
38,3278
28,3337
413,3350
67,3362
243,3385
125,3389
276,3401
453,3442
341,3460
217,3499
310,3525
400,3586
252,3627
115,3629
41,3650
212,3703
452,3717
227,3748
51,3789
378,3834
314,3878
343,3880
456,3881
81,3973
283,4055
263,4082
139,4127
68,4133
188,4141
86,4234
335,4341
231,4414
29,4512
193,4591
278,4592
98,4843
186,4859
9,5093
474,5346
219,5596

simblock.block.ProofOfWorkBlock@7c943525:85
37,59
249,278
463,361
222,447
112,499
323,532
316,577
97,583
251,617
291,660
397,664
108,677
73,699
277,717
349,747
370,748
235,760
385,797
119,807
90,807
355,829
301,835
497,835
144,841
398,845
192,878
238,879
399,882
215,888
182,899
80,900
150,916
325,920
455,922
404,927
403,930
198,935
218,962
5,966
75,967
464,983
111,984
258,987
340,991
331,993
122,1003
285,1005
469,1011
468,1018
362,1019
289,1021
245,1022
59,1024
226,1030
273,1046
234,1047
347,1047
6,1050
102,1050
416,1054
356,1055
132,1055
424,1064
181,1066
56,1070
141,1076
96,1078
476,1084
357,1088
257,1089
492,1090
134,1092
381,1100
247,1101
317,1103
411,1103
390,1103
209,1105
384,1107
2,1109
495,1116
15,1127
280,1132
46,1134
396,1137
76,1137
35,1139
351,1140
177,1142
166,1145
33,1146
475,1146
434,1147
444,1147
165,1150
394,1151
42,1157
286,1176
28,1176
19,1176
113,1179
240,1181
120,1182
52,1183
388,1188
300,1189
342,1189
20,1190
65,1191
63,1196
401,1197
480,1197
268,1200
105,1208
1,1211
292,1217
431,1220
220,1229
191,1229
87,1229
446,1231
376,1231
470,1232
11,1232
13,1235
101,1237
348,1239
130,1240
159,1241
74,1248
8,1252
429,1252
168,1256
445,1256
160,1257
412,1264
147,1265
298,1267
3,1268
149,1268
358,1271
32,1274
359,1274
40,1276
380,1277
212,1278
22,1279
421,1280
365,1283
383,1285
26,1289
336,1294
110,1305
438,1307
379,1311
170,1312
462,1312
486,1314
169,1315
329,1315
54,1319
244,1320
95,1321
345,1324
83,1324
361,1325
17,1328
409,1329
465,1336
85,1339
281,1343
377,1345
318,1349
327,1349
493,1350
190,1351
248,1355
175,1355
382,1358
117,1358
237,1360
70,1361
14,1362
353,1365
241,1366
484,1367
373,1369
109,1370
418,1371
225,1372
392,1374
264,1375
126,1376
197,1376
66,1379
308,1379
326,1381
269,1389
185,1394
49,1396
436,1398
48,1400
266,1400
459,1406
407,1414
414,1415
488,1416
304,1416
123,1416
346,1416
25,1418
154,1430
363,1431
278,1433
435,1436
187,1437
228,1439
479,1441
471,1450
422,1451
261,1457
389,1461
283,1461
236,1462
155,1467
477,1471
137,1472
114,1472
36,1479
128,1480
352,1484
196,1486
89,1489
339,1489
406,1494
140,1498
151,1499
386,1502
312,1503
473,1511
61,1515
425,1516
47,1518
233,1519
204,1520
485,1522
131,1522
29,1524
293,1526
442,1532
262,1538
324,1539
184,1541
489,1547
313,1551
449,1551
387,1560
4,1565
302,1567
200,1568
53,1569
448,1569
205,1570
27,1573
460,1577
255,1585
405,1589
457,1590
62,1591
321,1592
275,1596
338,1596
230,1602
311,1607
350,1610
413,1611
432,1615
93,1615
297,1620
106,1621
31,1629
310,1631
428,1631
86,1634
82,1635
344,1643
100,1644
393,1645
454,1646
39,1646
427,1647
410,1649
77,1651
116,1657
176,1657
274,1662
214,1665
57,1667
439,1667
254,1668
78,1678
92,1681
199,1684
367,1686
450,1689
419,1696
303,1696
156,1698
18,1698
68,1698
487,1699
211,1699
343,1699
143,1710
433,1711
203,1712
288,1714
50,1720
133,1722
194,1723
157,1724
69,1725
279,1730
294,1732
306,1740
333,1744
478,1748
299,1751
146,1757
287,1762
24,1765
453,1770
99,1773
88,1774
162,1781
224,1793
183,1799
447,1803
265,1804
458,1806
417,1808
51,1809
202,1810
282,1817
499,1819
276,1821
395,1828
494,1830
72,1831
320,1832
496,1839
158,1851
332,1853
219,1859
174,1860
121,1860
307,1869
161,1872
84,1873
305,1875
94,1877
491,1878
180,1878
152,1881
103,1888
58,1891
260,1894
430,1898
368,1899
232,1902
246,1903
195,1909
315,1921
461,1928
186,1937
319,1939
443,1941
420,1945
456,1946
231,1966
201,1980
178,1982
124,1982
490,1983
208,1990
408,1992
129,2000
423,2001
172,2005
372,2007
328,2015
118,2021
242,2023
270,2027
223,2033
91,2048
483,2050
164,2053
482,2067
271,2069
250,2069
107,2071
43,2079
135,2081
71,2084
375,2094
252,2100
41,2109
369,2114
272,2114
98,2119
104,2121
207,2121
441,2128
402,2147
21,2155
472,2158
500,2161
267,2162
12,2165
44,2166
188,2180
256,2185
334,2193
136,2198
7,2206
125,2215
437,2222
309,2229
206,2242
440,2243
30,2248
366,2256
139,2274
426,2291
10,2303
138,2308
216,2327
415,2339
253,2341
38,2345
163,2351
371,2362
295,2366
179,2392
115,2400
330,2404
189,2406
354,2424
451,2429
466,2430
173,2437
64,2471
467,2486
391,2495
337,2514
210,2527
45,2551
167,2568
360,2594
239,2603
217,2611
474,2619
259,2624
153,2644
314,2651
81,2677
364,2685
60,2703
148,2746
227,2747
243,2754
127,2779
229,2788
498,2842
145,2859
452,2868
79,2873
221,2891
481,2899
213,2922
341,2924
171,2933
284,2950
55,2954
322,2999
296,3002
16,3099
34,3115
23,3131
67,3174
290,3199
400,3209
9,3255
374,3336
378,3462
142,3584
193,3713
263,3966
335,4223

simblock.block.ProofOfWorkBlock@5f708fe7:86
411,59
222,276
404,370
151,452
379,534
166,586
2,619
101,668
431,674
240,708
361,749
469,754
388,756
317,794
225,802
436,839
35,843
220,844
197,892
228,893
268,897
121,924
218,927
119,928
313,928
307,968
497,969
269,971
470,974
241,974
468,977
90,982
381,1013
403,1016
368,1018
301,1020
495,1021
434,1030
102,1057
65,1057
131,1058
87,1058
15,1059
49,1061
237,1063
5,1066
370,1072
103,1084
309,1099
215,1109
359,1109
285,1111
48,1112
126,1116
42,1135
144,1139
289,1142
311,1142
75,1143
132,1143
111,1145
421,1146
438,1146
149,1149
291,1151
394,1157
109,1160
345,1177
465,1187
52,1191
312,1192
486,1192
191,1193
47,1199
365,1199
118,1200
464,1202
245,1203
216,1208
153,1214
97,1215
327,1218
251,1221
257,1226
150,1227
73,1230
20,1231
277,1233
156,1233
462,1234
170,1235
165,1235
94,1235
249,1236
446,1237
182,1238
442,1241
85,1251
175,1259
412,1265
92,1275
329,1276
147,1282
177,1286
349,1286
108,1291
352,1293
303,1293
80,1295
13,1296
356,1298
234,1298
56,1299
444,1302
203,1307
342,1309
281,1311
198,1312
310,1317
6,1320
319,1321
244,1325
74,1325
439,1328
424,1329
489,1333
331,1336
83,1337
443,1346
340,1354
425,1355
300,1362
385,1364
64,1365
130,1365
380,1366
366,1368
134,1368
11,1369
66,1372
169,1373
347,1377
39,1377
247,1378
37,1379
384,1380
358,1381
476,1383
53,1384
185,1387
236,1389
471,1389
62,1389
255,1394
112,1399
120,1406
14,1407
362,1410
293,1412
473,1412
141,1417
128,1417
19,1418
167,1419
324,1420
448,1423
200,1424
336,1425
168,1429
254,1434
117,1439
209,1444
17,1445
294,1447
278,1447
106,1448
159,1448
76,1450
422,1451
353,1452
32,1452
44,1455
455,1456
46,1461
181,1461
382,1463
258,1463
449,1466
332,1469
383,1469
398,1469
418,1478
155,1478
337,1479
282,1481
59,1482
72,1483
136,1483
475,1484
179,1485
233,1487
33,1488
416,1493
350,1494
266,1496
488,1506
326,1511
88,1514
377,1514
386,1523
401,1523
113,1525
480,1527
196,1528
26,1531
194,1531
27,1534
479,1536
323,1538
484,1541
430,1542
463,1542
305,1542
273,1544
407,1544
213,1546
235,1552
415,1556
40,1558
390,1559
346,1559
63,1560
275,1560
433,1560
321,1562
184,1562
178,1563
460,1563
24,1563
57,1572
187,1574
325,1575
206,1586
4,1592
123,1592
339,1593
190,1597
387,1602
426,1609
7,1611
89,1612
494,1615
396,1619
238,1624
457,1627
429,1636
79,1636
483,1637
8,1638
478,1641
454,1647
500,1648
250,1648
25,1651
199,1656
280,1657
29,1658
397,1660
164,1660
315,1663
21,1664
253,1664
140,1665
496,1671
230,1672
61,1674
376,1674
93,1685
485,1688
432,1690
70,1696
450,1699
413,1701
3,1705
355,1705
487,1706
162,1707
447,1712
419,1714
231,1714
392,1719
482,1720
410,1721
351,1723
114,1731
100,1732
451,1733
77,1736
414,1736
22,1737
122,1738
409,1740
211,1742
399,1746
298,1748
378,1753
78,1759
354,1759
458,1765
316,1767
343,1770
96,1773
142,1774
441,1776
127,1791
161,1792
445,1795
369,1801
270,1801
373,1802
246,1805
492,1812
204,1813
160,1817
163,1818
400,1819
124,1826
16,1830
58,1831
154,1831
172,1832
393,1834
292,1836
453,1837
477,1841
297,1843
330,1846
192,1859
205,1859
158,1860
272,1862
437,1867
318,1875
30,1880
493,1881
219,1887
264,1894
18,1895
428,1902
99,1908
173,1910
262,1910
135,1911
427,1913
248,1918
306,1918
304,1921
402,1923
344,1924
43,1926
110,1944
224,1946
214,1952
271,1953
395,1959
133,1975
420,1976
195,1983
375,1984
71,1993
202,1999
91,2006
54,2008
105,2009
283,2009
328,2010
499,2011
341,2013
146,2030
287,2035
201,2044
256,2048
265,2049
320,2054
152,2056
296,2061
363,2069
188,2071
474,2071
435,2078
276,2083
467,2084
86,2087
391,2088
308,2094
299,2094
466,2098
338,2101
481,2111
157,2127
260,2128
334,2135
267,2137
372,2145
148,2151
171,2158
104,2165
207,2165
50,2169
389,2172
98,2177
406,2186
176,2186
180,2186
186,2188
95,2191
335,2206
129,2208
472,2227
174,2232
360,2239
333,2242
223,2249
232,2280
491,2286
490,2287
259,2299
357,2306
423,2310
34,2312
138,2314
51,2315
263,2322
452,2336
82,2346
36,2360
107,2362
459,2364
55,2374
116,2406
364,2408
23,2426
374,2431
69,2447
1,2460
279,2462
9,2487
286,2494
38,2499
45,2507
210,2528
408,2540
405,2547
193,2559
242,2569
498,2608
41,2611
84,2637
239,2670
371,2686
12,2703
261,2715
440,2723
145,2747
81,2755
367,2812
60,2882
302,2906
295,2910
189,2936
229,2972
348,2988
221,3006
456,3006
208,3062
143,3080
288,3157
274,3162
217,3188
243,3215
212,3238
137,3259
417,3340
226,3441
115,3453
284,3485
461,3543
28,3618
68,3701
290,3739
125,3744
31,3800
183,3984
252,4039
227,4232
322,4286
67,4480
10,4786

simblock.block.ProofOfWorkBlock@683cf9d1:87
268,59
486,289
444,372
431,461
497,517
42,543
147,598
281,602
65,627
291,680
83,684
150,686
277,711
381,733
90,765
26,765
228,767
109,767
327,795
323,814
87,817
384,829
218,848
235,850
48,851
198,851
388,855
240,876
396,898
463,900
385,901
436,904
220,914
166,923
329,935
108,936
151,937
317,951
141,952
349,981
46,982
442,983
56,985
480,985
403,986
249,987
14,990
390,995
273,1007
5,1019
325,1021
427,1022
75,1025
251,1032
379,1035
97,1040
331,1045
155,1059
455,1064
73,1068
269,1068
119,1070
209,1070
52,1071
234,1074
257,1075
353,1080
222,1080
285,1085
35,1091
225,1098
495,1101
144,1105
191,1110
289,1113
128,1115
182,1118
101,1119
458,1120
37,1123
433,1128
300,1129
355,1130
342,1133
316,1137
416,1146
238,1150
80,1152
215,1154
6,1154
462,1155
170,1157
298,1161
307,1161
149,1163
96,1170
365,1173
20,1174
438,1177
301,1178
357,1186
102,1192
126,1195
432,1195
112,1195
123,1202
343,1203
397,1206
446,1207
380,1208
2,1217
292,1219
424,1220
187,1222
33,1227
471,1228
469,1229
230,1231
347,1232
309,1235
359,1239
192,1243
134,1245
117,1249
32,1250
479,1255
310,1256
370,1257
394,1260
214,1261
313,1264
311,1273
106,1276
7,1279
411,1286
429,1286
421,1289
177,1294
465,1295
11,1295
59,1298
245,1299
383,1300
362,1301
89,1302
47,1305
165,1307
415,1310
175,1310
468,1311
412,1313
15,1314
346,1316
130,1316
94,1328
418,1329
204,1330
358,1332
118,1334
224,1337
248,1341
258,1341
181,1342
326,1343
279,1344
131,1345
160,1347
239,1349
179,1352
319,1352
377,1357
426,1365
376,1368
265,1371
143,1376
267,1376
244,1377
361,1379
318,1384
247,1384
451,1386
478,1387
254,1391
29,1391
382,1392
74,1395
49,1397
105,1399
8,1403
398,1404
39,1405
272,1417
185,1419
200,1420
344,1420
483,1420
76,1423
19,1425
293,1426
337,1427
162,1428
178,1429
464,1432
12,1444
136,1444
410,1452
22,1456
434,1461
402,1461
140,1461
66,1462
494,1464
336,1464
121,1468
414,1468
53,1471
164,1475
445,1480
345,1483
120,1483
111,1483
168,1483
367,1492
255,1494
275,1495
231,1503
3,1503
473,1506
253,1510
406,1510
159,1515
133,1517
70,1518
31,1525
21,1530
485,1530
205,1533
58,1537
351,1538
448,1540
280,1544
278,1545
17,1546
82,1546
103,1550
419,1552
373,1556
55,1563
169,1568
132,1568
122,1570
400,1571
350,1571
305,1573
158,1577
107,1579
262,1579
264,1580
161,1588
368,1589
250,1592
417,1593
213,1593
389,1597
4,1599
236,1602
202,1602
40,1604
276,1605
386,1607
129,1609
407,1609
1,1610
338,1610
93,1612
57,1617
409,1628
393,1630
352,1632
294,1633
387,1633
203,1634
36,1639
61,1640
286,1641
261,1642
282,1643
18,1647
470,1650
499,1657
306,1658
78,1663
167,1665
363,1666
450,1669
189,1671
454,1676
196,1677
99,1679
216,1680
408,1684
303,1692
72,1695
64,1717
148,1718
62,1719
124,1719
466,1725
184,1725
425,1727
271,1727
392,1731
449,1731
114,1734
395,1740
340,1748
492,1752
176,1755
84,1757
457,1764
116,1765
180,1767
475,1769
100,1774
13,1777
113,1778
500,1778
482,1780
54,1784
163,1785
487,1788
63,1789
348,1790
38,1800
27,1804
489,1807
477,1812
441,1814
195,1821
79,1824
217,1825
69,1827
375,1828
157,1840
332,1850
308,1851
172,1852
194,1855
44,1860
154,1869
299,1878
324,1879
360,1884
391,1885
174,1888
186,1890
25,1895
488,1896
127,1897
399,1900
314,1901
321,1902
437,1907
88,1910
287,1927
156,1928
496,1939
183,1940
110,1943
459,1944
320,1945
115,1949
374,1953
85,1956
60,1958
51,1962
274,1967
199,1970
330,1979
315,1987
104,2003
190,2006
207,2009
246,2014
339,2015
270,2033
453,2042
378,2052
71,2058
430,2058
369,2064
428,2069
371,2073
256,2077
423,2077
290,2077
24,2077
241,2079
476,2080
145,2087
212,2088
420,2112
493,2119
312,2123
304,2134
490,2135
226,2136
43,2139
95,2153
266,2161
237,2171
41,2177
229,2197
481,2200
68,2202
447,2209
372,2212
92,2219
461,2226
173,2228
153,2244
208,2244
242,2245
443,2250
197,2260
422,2263
484,2264
152,2271
45,2275
440,2298
295,2303
86,2309
491,2311
260,2315
356,2318
435,2321
188,2334
322,2335
404,2344
284,2388
135,2399
498,2407
333,2417
366,2420
30,2421
297,2435
201,2440
413,2451
81,2468
171,2476
283,2483
211,2489
77,2496
91,2497
460,2508
405,2518
467,2518
138,2536
288,2550
474,2557
210,2594
206,2597
401,2600
233,2613
34,2614
335,2654
364,2669
472,2681
328,2698
16,2700
125,2702
219,2706
452,2708
456,2725
243,2727
334,2751
439,2793
146,2799
221,2844
28,2881
259,2888
67,2898
50,2953
354,2994
98,3017
296,3042
232,3047
302,3056
223,3090
263,3148
23,3206
137,3230
9,3233
227,3295
142,3347
341,3397
252,3478
193,3489
139,3725
10,3972

simblock.block.ProofOfWorkBlock@3e79c4df:87
170,59
201,211
92,270
176,326
148,361
61,382
282,418
262,419
128,444
21,480
12,482
407,487
103,502
336,511
458,531
453,536
412,540
426,545
155,559
357,561
88,567
401,567
293,569
211,596
91,602
210,606
413,609
485,625
180,625
393,626
63,640
367,651
303,652
476,655
153,662
471,663
309,664
70,665
140,667
213,681
116,681
94,683
93,685
428,687
425,689
392,690
95,701
8,702
137,709
274,712
199,712
253,720
496,721
377,724
414,725
40,727
206,732
475,740
312,741
85,743
478,745
204,747
321,749
135,749
405,749
78,753
214,756
248,758
275,760
427,764
113,766
399,768
22,773
36,773
24,774
420,774
225,778
28,781
110,781
25,783
304,783
415,786
162,786
333,788
315,791
121,794
419,797
272,799
402,799
264,802
58,803
483,804
127,805
39,806
408,808
267,809
157,811
417,815
386,815
339,816
319,817
239,822
212,827
435,829
179,830
454,830
27,830
164,831
328,831
1,834
190,836
430,838
345,839
305,840
136,841
466,843
77,845
54,846
216,847
84,847
482,856
82,861
66,861
368,862
306,863
89,863
185,863
16,863
340,863
369,867
337,868
460,869
188,871
448,871
490,873
324,874
380,874
433,874
44,877
200,878
7,882
29,882
105,883
202,884
86,884
208,885
488,885
489,886
445,888
226,892
167,894
143,895
178,896
53,897
457,898
338,899
422,899
449,899
473,899
287,902
139,904
186,904
286,905
279,909
222,910
250,911
60,915
500,916
231,917
3,918
487,920
294,921
443,922
203,922
156,923
307,924
440,925
270,925
283,926
160,926
358,929
75,929
255,930
432,931
205,932
351,934
494,934
4,939
13,939
472,940
311,943
450,945
168,948
301,950
281,953
441,955
389,955
493,956
308,959
161,960
261,961
57,961
196,964
492,966
278,970
230,975
320,977
124,980
439,981
451,984
356,989
51,991
406,993
154,994
352,996
373,996
348,999
133,999
310,1000
62,1003
447,1005
72,1006
363,1006
244,1011
107,1011
236,1018
55,1020
194,1024
346,1025
387,1027
332,1028
175,1028
491,1029
59,1033
163,1035
192,1037
100,1042
42,1045
64,1045
18,1046
224,1047
477,1049
410,1049
158,1051
459,1052
302,1064
291,1068
147,1071
80,1075
56,1079
150,1083
130,1084
109,1084
350,1089
117,1093
385,1093
20,1099
499,1101
326,1101
344,1102
129,1105
184,1106
277,1111
409,1111
31,1111
330,1113
234,1114
266,1114
251,1116
464,1116
122,1117
191,1118
484,1119
240,1119
102,1120
342,1122
73,1123
233,1125
19,1128
465,1134
394,1142
434,1148
90,1156
220,1156
437,1157
444,1158
159,1159
323,1160
325,1164
114,1165
119,1172
343,1174
379,1177
118,1178
144,1179
355,1181
101,1182
442,1185
23,1186
403,1196
97,1198
280,1202
33,1207
365,1207
497,1216
370,1217
131,1231
366,1236
15,1238
215,1239
237,1240
317,1242
166,1243
47,1246
416,1249
390,1252
285,1253
362,1254
149,1255
273,1256
329,1259
455,1259
120,1261
235,1263
111,1268
17,1268
292,1269
134,1271
35,1273
359,1278
96,1291
438,1292
331,1295
349,1297
6,1297
182,1299
245,1300
436,1300
169,1305
327,1307
254,1310
5,1314
132,1328
228,1329
181,1335
197,1336
14,1339
37,1341
238,1344
257,1347
462,1350
360,1352
209,1357
83,1363
48,1366
468,1367
318,1376
43,1377
126,1377
424,1389
258,1395
383,1404
241,1408
198,1413
421,1413
187,1422
268,1425
65,1429
151,1434
2,1440
469,1462
81,1463
50,1469
388,1471
361,1474
49,1475
446,1501
378,1501
397,1503
400,1507
423,1508
141,1512
347,1525
314,1526
106,1535
371,1537
341,1540
316,1546
247,1550
463,1568
411,1571
391,1590
269,1592
79,1596
431,1597
486,1599
232,1601
364,1601
189,1603
263,1607
193,1613
354,1620
34,1621
481,1622
146,1642
404,1642
41,1644
74,1645
395,1661
495,1661
152,1663
229,1673
375,1675
227,1677
479,1681
290,1691
123,1692
284,1695
218,1695
104,1702
353,1711
374,1719
125,1719
243,1720
52,1724
498,1745
183,1751
418,1752
256,1757
115,1759
382,1766
26,1769
252,1775
68,1799
456,1808
246,1845
38,1846
11,1853
470,1865
32,1886
398,1894
299,1898
219,1912
480,1926
67,1938
9,1938
242,1945
429,1946
207,1948
138,1984
45,1994
195,2001
300,2025
30,2035
313,2041
217,2051
112,2056
259,2059
335,2067
76,2092
165,2096
334,2100
173,2100
298,2117
145,2140
372,2150
297,2189
376,2196
87,2208
46,2212
221,2223
174,2223
396,2229
271,2235
289,2263
384,2274
322,2289
249,2294
276,2325
452,2333
295,2340
142,2353
177,2384
223,2395
474,2423
381,2464
98,2479
71,2531
99,2536
296,2558
10,2615
171,2618
108,2634
467,2766
260,2839
288,2841
461,2847
172,3091
265,3145
69,3487

simblock.block.ProofOfWorkBlock@4ab69077:87
86,59
116,151
110,207
22,269
457,326
93,386
435,453
352,515
433,581
482,639
420,696
179,752
7,816
15,1000
323,1170
198,1345
171,1629
322,1917
38,2202

simblock.block.ProofOfWorkBlock@7b824406:88
159,59
49,278
289,360
131,445
114,528
277,580
497,588
175,667
182,668
169,675
377,709
342,750
479,752
35,759
349,804
251,805
436,831
215,834
352,861
72,885
495,886
434,892
365,893
470,897
123,900
300,916
392,925
110,945
112,975
281,976
141,976
394,979
47,981
401,982
59,991
469,993
236,1004
361,1006
278,1012
463,1023
117,1029
107,1030
57,1034
209,1054
15,1057
132,1060
317,1062
480,1063
402,1064
230,1071
42,1071
475,1073
111,1075
398,1081
406,1090
257,1095
102,1107
240,1108
285,1112
37,1115
388,1118
380,1120
225,1126
39,1128
440,1128
415,1130
199,1136
331,1137
192,1141
244,1143
431,1143
97,1145
14,1148
241,1152
351,1153
156,1153
77,1156
24,1162
468,1164
150,1167
202,1170
2,1177
453,1180
363,1180
408,1183
82,1185
94,1188
245,1193
166,1195
144,1199
220,1199
340,1199
20,1203
254,1203
203,1204
249,1205
75,1205
178,1207
196,1216
87,1216
464,1217
218,1218
40,1218
337,1221
140,1221
328,1221
4,1222
353,1228
384,1234
462,1238
382,1239
404,1242
200,1242
443,1243
279,1246
381,1246
350,1249
465,1255
430,1261
27,1265
108,1268
291,1272
163,1276
411,1278
399,1278
80,1278
233,1278
444,1279
292,1280
458,1281
403,1282
120,1285
407,1287
347,1288
119,1290
109,1291
362,1293
56,1295
385,1295
222,1305
16,1306
449,1307
255,1308
268,1310
459,1311
228,1311
177,1312
118,1314
26,1315
376,1322
74,1324
466,1329
310,1332
73,1333
315,1334
269,1334
486,1335
435,1338
293,1339
321,1340
327,1341
442,1342
454,1343
487,1344
253,1346
343,1346
303,1348
235,1353
13,1353
316,1353
483,1360
101,1360
390,1361
130,1362
326,1362
90,1362
134,1363
472,1363
78,1365
133,1365
275,1365
425,1365
369,1366
283,1366
187,1367
100,1372
61,1374
33,1374
429,1375
48,1375
179,1378
473,1378
126,1379
185,1379
496,1383
450,1384
191,1384
31,1385
165,1387
198,1391
22,1398
212,1399
294,1401
305,1402
477,1403
206,1405
280,1405
95,1406
237,1411
311,1413
410,1416
427,1420
51,1420
65,1422
319,1423
344,1424
489,1427
226,1431
85,1431
455,1432
272,1438
266,1441
355,1442
301,1442
6,1443
129,1443
438,1444
370,1444
5,1446
358,1447
154,1448
494,1452
238,1452
359,1454
64,1455
12,1456
234,1457
258,1462
309,1464
424,1464
168,1467
162,1467
492,1470
17,1470
267,1473
147,1477
397,1477
53,1484
86,1488
70,1489
336,1490
122,1492
379,1493
8,1498
346,1499
151,1504
83,1506
136,1507
239,1508
488,1511
121,1512
18,1513
345,1514
412,1518
274,1523
329,1526
170,1527
19,1528
208,1540
167,1544
211,1544
210,1550
432,1554
313,1558
149,1558
214,1560
339,1562
25,1570
457,1571
451,1573
92,1575
325,1576
11,1576
318,1577
338,1579
99,1580
357,1588
247,1592
490,1596
396,1601
307,1606
46,1618
324,1619
485,1620
409,1627
96,1635
3,1643
330,1644
433,1650
161,1654
1,1661
460,1663
418,1671
54,1674
416,1684
446,1684
164,1684
374,1686
52,1689
201,1689
426,1691
174,1696
224,1704
34,1707
261,1708
478,1713
333,1716
332,1717
383,1718
76,1719
7,1725
476,1726
106,1729
186,1732
66,1744
270,1748
482,1750
180,1753
183,1758
146,1761
297,1762
176,1765
323,1769
44,1775
371,1779
79,1779
367,1784
467,1785
304,1788
145,1789
500,1797
171,1801
138,1804
38,1815
32,1821
243,1823
158,1824
395,1826
30,1826
417,1831
296,1831
143,1837
205,1839
127,1844
43,1845
195,1848
250,1858
420,1859
139,1865
148,1866
265,1868
389,1871
181,1873
29,1882
252,1888
125,1889
421,1889
302,1890
21,1892
69,1897
373,1903
364,1908
481,1911
334,1915
113,1915
84,1918
232,1921
55,1923
157,1927
282,1932
375,1934
423,1938
41,1939
413,1943
116,1944
190,1960
448,1961
400,1973
197,2000
441,2006
104,2009
312,2009
68,2012
221,2016
155,2016
103,2019
428,2031
128,2040
298,2046
322,2054
160,2055
93,2058
419,2067
207,2071
276,2071
58,2078
439,2082
242,2085
273,2087
360,2097
189,2097
153,2098
135,2105
461,2112
391,2113
493,2119
124,2125
387,2134
348,2134
445,2137
314,2151
115,2161
354,2164
287,2183
260,2186
36,2190
172,2192
262,2196
137,2205
204,2213
9,2224
306,2229
271,2235
184,2246
60,2252
484,2259
471,2278
50,2284
499,2299
356,2302
105,2313
88,2317
10,2334
23,2347
474,2354
299,2361
491,2371
229,2371
246,2373
28,2376
71,2385
386,2388
173,2402
231,2408
188,2425
393,2433
264,2438
368,2451
91,2479
437,2503
320,2544
335,2550
498,2561
213,2600
217,2600
62,2614
378,2625
447,2631
295,2647
263,2667
259,2681
372,2693
194,2719
227,2752
405,2775
286,2792
216,2805
456,2848
193,2875
223,2882
414,2895
290,2897
219,2917
89,2973
152,3000
98,3022
67,3055
248,3074
142,3131
422,3259
288,3271
341,3307
308,3433
284,3519
81,3557
63,3608
366,3784
452,3809
45,3987
256,4238

simblock.block.ProofOfWorkBlock@6a954009:89
82,59
352,210
449,267
435,323
62,365
44,382
78,417
278,429
188,444
320,474
253,476
153,487
95,500
310,523
294,532
233,533
58,546
200,546
466,567
40,579
236,580
7,589
213,590
55,595
167,603
57,605
344,623
351,623
387,627
441,636
88,637
408,649
324,655
417,655
306,665
230,665
472,668
317,672
206,675
307,679
224,686
261,686
155,695
367,697
482,699
453,700
92,709
439,712
392,718
336,719
321,720
203,721
377,722
309,726
199,728
116,733
91,735
433,736
105,740
437,741
443,742
460,744
490,747
458,747
29,751
84,754
216,755
27,757
13,758
208,759
386,770
100,772
487,775
51,775
363,776
72,777
302,780
287,782
262,783
499,783
275,785
293,788
196,791
266,792
500,793
270,797
77,800
194,801
70,807
24,809
450,809
113,811
89,812
36,814
369,815
250,815
337,817
475,817
154,821
60,826
205,832
366,832
333,833
25,837
31,837
459,841
39,842
177,842
162,844
491,847
8,847
212,849
201,851
86,851
272,852
311,853
110,854
161,855
185,856
160,859
28,860
286,862
93,865
204,866
457,866
494,867
137,873
312,874
255,874
427,874
401,877
420,877
357,877
118,883
12,884
343,887
66,888
308,890
381,891
448,891
339,893
477,893
184,893
488,895
414,898
190,899
305,899
484,903
283,903
129,903
63,904
1,907
471,908
332,910
338,910
350,910
425,911
493,912
186,912
168,916
451,916
21,917
164,919
432,921
179,922
121,924
267,924
405,927
415,928
389,929
330,930
157,933
428,933
445,936
419,937
304,937
226,940
328,940
54,943
248,944
406,947
393,949
476,951
22,953
136,956
348,956
214,963
345,963
135,965
483,966
264,968
440,969
402,970
124,970
340,970
497,971
127,971
277,972
140,974
373,977
202,981
103,983
492,987
319,990
176,991
170,993
454,993
148,996
496,997
143,1005
53,1005
4,1008
133,1009
64,1009
426,1011
485,1012
239,1013
150,1014
489,1025
282,1025
158,1027
356,1027
178,1028
156,1035
303,1035
210,1037
424,1038
85,1044
480,1046
279,1047
61,1047
94,1052
399,1052
83,1052
478,1056
301,1057
412,1060
163,1066
56,1068
409,1069
122,1069
289,1069
346,1071
274,1071
323,1077
315,1082
358,1089
368,1090
430,1092
126,1094
33,1095
107,1095
407,1096
128,1097
211,1106
413,1110
410,1112
422,1123
382,1124
151,1129
192,1142
117,1142
327,1143
240,1144
234,1145
47,1146
16,1147
144,1149
300,1150
473,1155
231,1157
254,1160
18,1164
102,1165
468,1174
209,1177
291,1184
251,1186
222,1188
90,1195
379,1202
123,1203
97,1204
220,1205
120,1205
52,1218
3,1220
180,1222
6,1223
380,1226
411,1231
438,1232
398,1233
353,1234
169,1236
434,1242
42,1244
396,1251
109,1251
108,1252
15,1255
149,1257
394,1258
465,1260
80,1262
32,1267
19,1269
355,1269
198,1273
397,1278
447,1279
365,1283
134,1284
11,1292
244,1293
388,1294
313,1297
403,1301
215,1303
74,1311
49,1311
175,1318
404,1319
73,1320
285,1320
5,1321
316,1322
416,1326
361,1328
17,1336
281,1338
225,1351
349,1353
37,1353
114,1354
469,1357
362,1358
229,1363
418,1372
241,1377
104,1379
429,1379
228,1380
444,1382
35,1388
249,1404
385,1405
370,1407
325,1407
463,1414
292,1420
147,1420
48,1420
342,1422
193,1430
181,1430
112,1430
284,1432
268,1436
442,1443
14,1445
329,1450
391,1452
486,1454
326,1465
247,1466
46,1468
217,1483
189,1484
378,1485
119,1488
67,1494
235,1498
479,1498
383,1500
182,1507
106,1507
252,1523
26,1523
359,1526
446,1527
364,1545
101,1552
23,1552
191,1559
395,1560
296,1565
207,1566
276,1567
290,1575
390,1576
384,1576
341,1582
75,1589
166,1590
271,1598
375,1598
152,1600
318,1602
237,1604
232,1609
376,1614
96,1618
141,1621
68,1630
374,1631
470,1639
99,1643
299,1646
111,1660
34,1662
280,1668
462,1676
260,1676
455,1686
474,1695
452,1695
138,1699
165,1701
298,1702
322,1707
43,1722
258,1725
171,1727
173,1736
481,1737
87,1749
242,1754
269,1759
125,1775
431,1775
227,1782
142,1789
347,1795
238,1798
257,1809
69,1833
159,1837
146,1838
65,1839
263,1850
464,1853
461,1862
131,1875
174,1902
297,1915
423,1919
456,1923
59,1929
256,1929
372,1938
145,1944
76,1947
314,1958
197,1966
360,1969
139,1980
30,1983
371,1985
81,2009
195,2013
132,2022
79,2037
2,2049
9,2066
98,2074
50,2086
20,2103
436,2117
172,2126
41,2126
218,2135
495,2195
130,2220
71,2220
467,2248
10,2265
334,2268
187,2273
295,2280
243,2300
259,2314
421,2366
219,2375
245,2390
45,2434
331,2443
354,2445
273,2535
400,2549
498,2554
115,2559
335,2681
221,2731
223,2732
183,2788
288,2840
265,2846
38,3016
246,3126

simblock.block.ProofOfWorkBlock@72e2a1d4:90
65,59
5,278
87,363
388,452
370,494
268,538
469,582
382,584
359,667
147,671
151,676
220,714
417,728
468,753
384,754
327,757
75,774
249,795
144,799
141,808
431,836
486,842
470,859
95,880
436,882
298,884
169,889
244,895
442,900
475,914
411,923
240,924
6,927
346,933
261,937
83,939
251,965
177,968
285,970
300,971
102,976
197,979
385,984
32,993
70,1001
56,1010
97,1014
74,1020
109,1022
277,1023
320,1028
319,1038
20,1040
379,1046
198,1051
17,1053
281,1054
420,1057
235,1058
326,1060
363,1066
394,1072
349,1078
91,1082
230,1082
134,1083
487,1085
294,1089
228,1091
459,1091
416,1098
37,1101
19,1101
234,1107
444,1110
430,1113
187,1120
499,1126
123,1128
175,1132
132,1132
146,1134
497,1134
383,1137
450,1139
191,1144
404,1145
466,1145
495,1147
380,1148
291,1149
212,1149
26,1153
15,1159
13,1162
257,1162
84,1162
329,1165
464,1166
432,1171
367,1175
403,1181
73,1184
358,1186
179,1187
413,1188
112,1190
237,1191
192,1192
149,1193
488,1196
42,1198
52,1198
120,1203
82,1203
445,1205
86,1208
49,1210
39,1213
462,1219
447,1219
323,1219
108,1219
455,1221
381,1221
255,1222
31,1223
130,1228
279,1229
126,1229
331,1231
78,1233
317,1235
182,1237
64,1237
90,1237
494,1240
163,1242
111,1243
419,1244
264,1245
27,1247
289,1250
168,1253
106,1253
353,1253
401,1254
140,1257
426,1259
201,1263
8,1265
433,1267
247,1270
181,1272
150,1272
51,1272
33,1274
121,1276
96,1277
273,1280
29,1280
162,1280
313,1281
425,1289
402,1290
347,1294
443,1296
352,1297
340,1297
463,1301
241,1301
457,1301
133,1301
190,1302
59,1303
116,1309
21,1310
218,1312
238,1312
392,1314
47,1316
203,1321
258,1321
222,1322
7,1335
309,1336
336,1337
424,1338
390,1339
342,1344
226,1348
35,1348
210,1351
368,1351
117,1352
396,1354
328,1354
397,1359
253,1359
76,1360
286,1362
428,1362
376,1362
473,1367
361,1368
415,1372
366,1373
269,1376
167,1379
1,1380
400,1384
80,1388
418,1390
233,1391
332,1393
54,1394
389,1395
339,1396
213,1396
292,1398
101,1398
312,1398
129,1399
215,1399
61,1404
85,1406
14,1406
110,1410
48,1415
11,1415
262,1417
465,1419
307,1422
2,1427
410,1428
166,1430
254,1430
186,1431
161,1433
159,1435
479,1438
12,1438
301,1441
77,1443
160,1455
185,1459
209,1460
131,1461
94,1464
202,1469
211,1469
170,1472
200,1473
303,1477
137,1479
355,1480
60,1484
318,1485
362,1488
482,1489
350,1498
275,1506
127,1512
448,1512
477,1522
454,1528
490,1530
451,1535
194,1535
103,1536
438,1542
356,1547
351,1548
305,1548
306,1548
214,1560
25,1560
113,1564
119,1566
489,1569
293,1571
325,1572
429,1572
57,1573
199,1573
485,1576
278,1576
266,1578
165,1578
46,1579
316,1580
414,1583
157,1585
446,1586
143,1601
441,1604
434,1608
387,1609
472,1615
63,1616
89,1618
128,1630
188,1633
321,1635
412,1636
343,1640
500,1644
476,1645
58,1645
283,1646
239,1657
395,1661
66,1663
225,1668
267,1687
153,1688
107,1701
338,1703
496,1706
471,1708
407,1709
259,1712
245,1714
315,1715
180,1719
398,1719
4,1722
480,1726
409,1729
155,1735
280,1739
148,1746
122,1748
158,1753
272,1753
354,1756
421,1757
288,1757
365,1759
453,1760
422,1764
68,1778
205,1779
45,1781
324,1784
330,1784
178,1790
304,1791
492,1805
478,1809
204,1818
364,1818
135,1820
248,1822
260,1831
456,1835
40,1839
36,1840
333,1864
3,1870
195,1872
265,1874
53,1876
154,1878
243,1882
378,1892
139,1896
302,1898
99,1898
208,1909
270,1922
224,1925
229,1927
377,1927
88,1929
173,1936
231,1937
399,1938
372,1946
252,1956
172,1957
263,1958
93,1959
118,1969
435,1979
460,1985
18,1992
44,1995
271,2000
114,2009
138,2017
334,2033
423,2041
216,2053
72,2053
242,2058
256,2067
105,2075
206,2082
290,2092
408,2097
282,2100
337,2107
196,2120
145,2127
391,2131
386,2135
69,2137
171,2140
373,2143
22,2151
219,2155
152,2155
458,2161
345,2170
24,2175
297,2178
375,2179
221,2181
104,2185
246,2185
276,2204
452,2206
348,2227
183,2256
156,2257
357,2257
55,2270
176,2284
439,2285
484,2295
207,2314
393,2318
406,2320
474,2332
483,2342
100,2352
295,2375
299,2379
115,2395
184,2401
322,2427
34,2428
124,2432
71,2440
311,2444
437,2445
405,2458
287,2466
493,2468
308,2492
43,2509
449,2531
125,2545
274,2576
344,2610
62,2617
491,2618
28,2637
341,2638
481,2650
369,2654
427,2667
498,2680
193,2686
314,2714
223,2740
335,2744
284,2756
236,2784
461,2786
23,2793
164,2802
16,2811
310,2828
79,2865
81,2891
38,2930
41,2935
250,2991
142,2994
92,3002
98,3005
30,3010
227,3037
50,3040
374,3054
9,3177
440,3180
10,3185
174,3201
67,3252
232,3285
371,3306
136,3354
360,3429
296,3438
189,3560
467,3593
217,3818

simblock.block.ProofOfWorkBlock@16ae7a84:91
45,59
388,681
151,900
119,927
470,983
75,1064
411,1126
2,1146
65,1151
169,1176
497,1207
220,1221
198,1232
32,1285
464,1302
266,1327
59,1328
222,1346
327,1368
166,1369
87,1373
215,1384
47,1395
184,1398
112,1409
431,1423
240,1429
396,1436
109,1440
6,1453
403,1456
5,1457
244,1458
177,1466
241,1480
20,1495
321,1500
319,1504
130,1506
317,1515
370,1524
468,1526
277,1536
436,1538
300,1539
15,1544
479,1550
268,1552
399,1553
134,1554
22,1557
175,1562
108,1563
417,1582
106,1585
281,1587
421,1587
147,1595
379,1600
228,1602
83,1606
486,1608
328,1609
212,1619
76,1620
349,1621
397,1628
353,1631
380,1637
249,1639
245,1646
342,1647
291,1649
21,1663
56,1664
264,1665
102,1668
429,1668
105,1668
49,1671
225,1672
446,1680
61,1681
440,1682
187,1686
381,1691
442,1699
404,1700
445,1706
3,1707
181,1712
211,1712
383,1713
57,1722
475,1726
480,1728
495,1729
460,1730
19,1730
90,1731
42,1732
37,1736
430,1737
462,1741
285,1743
154,1743
101,1746
52,1747
46,1752
326,1753
301,1753
197,1758
150,1761
376,1761
180,1763
251,1763
473,1764
261,1765
490,1767
267,1769
35,1769
1,1772
465,1772
444,1775
469,1777
438,1777
236,1779
384,1781
434,1784
194,1796
141,1802
161,1802
441,1802
394,1806
126,1812
382,1815
392,1815
457,1816
235,1817
132,1819
373,1819
131,1821
286,1821
313,1824
24,1826
298,1829
17,1829
427,1829
318,1834
385,1834
275,1837
496,1839
234,1841
33,1843
257,1844
269,1845
424,1846
463,1846
182,1846
390,1847
366,1855
483,1856
185,1857
358,1858
111,1861
359,1862
347,1865
97,1866
238,1868
369,1869
248,1873
471,1873
346,1874
330,1879
485,1883
170,1885
413,1886
402,1886
258,1888
201,1889
401,1891
58,1892
255,1894
48,1895
74,1896
362,1896
365,1896
159,1897
123,1903
218,1906
77,1907
203,1907
398,1909
144,1909
363,1914
191,1916
336,1918
345,1920
157,1920
13,1921
355,1927
165,1928
224,1930
409,1931
361,1936
192,1937
329,1942
408,1942
7,1943
306,1951
274,1954
73,1956
127,1956
325,1957
293,1959
416,1971
25,1972
135,1973
420,1975
136,1976
352,1980
292,1986
63,1988
93,1988
494,1989
280,1989
405,1991
331,1994
54,1996
117,1997
14,2003
247,2004
140,2004
233,2006
476,2006
237,2010
26,2014
333,2019
199,2019
196,2020
51,2020
270,2023
273,2026
491,2036
200,2037
406,2040
308,2040
120,2050
96,2053
323,2054
311,2055
133,2058
272,2059
85,2061
27,2063
204,2064
149,2065
62,2070
213,2071
448,2071
316,2071
209,2076
250,2077
146,2078
340,2081
304,2083
332,2090
309,2091
305,2093
210,2093
312,2096
339,2097
118,2098
138,2100
113,2106
39,2117
254,2123
53,2127
114,2133
455,2136
178,2138
206,2143
176,2144
64,2146
158,2153
70,2154
16,2155
80,2164
129,2165
450,2170
407,2171
205,2171
18,2176
208,2180
303,2181
477,2185
179,2185
410,2187
8,2197
168,2204
148,2205
364,2208
4,2209
107,2214
437,2215
92,2217
214,2221
230,2232
439,2232
207,2233
283,2233
289,2236
128,2238
79,2239
482,2244
466,2244
487,2250
164,2253
425,2254
452,2259
294,2266
167,2271
435,2271
351,2273
484,2276
162,2280
173,2282
415,2284
163,2285
459,2291
348,2307
320,2309
34,2318
395,2324
432,2324
418,2326
78,2328
378,2330
412,2331
400,2335
447,2338
324,2339
183,2340
155,2341
271,2342
297,2345
103,2356
371,2357
95,2360
387,2360
443,2362
31,2377
72,2388
334,2393
11,2394
40,2398
337,2406
310,2410
451,2416
375,2420
66,2424
174,2425
500,2429
239,2438
454,2441
357,2445
259,2451
288,2451
71,2453
89,2455
152,2457
60,2458
217,2459
498,2462
287,2468
143,2482
91,2486
84,2490
419,2503
94,2505
260,2515
55,2523
360,2531
171,2533
414,2539
226,2540
99,2550
156,2554
488,2571
377,2579
295,2586
263,2586
307,2586
98,2593
343,2593
296,2606
341,2611
428,2612
195,2615
110,2618
458,2636
202,2643
137,2654
104,2659
356,2663
172,2669
367,2669
354,2684
262,2686
282,2700
322,2701
256,2708
28,2714
492,2730
100,2750
188,2750
350,2759
231,2767
374,2776
493,2788
299,2799
433,2809
372,2811
82,2817
69,2817
253,2828
193,2833
472,2837
481,2840
344,2843
284,2853
489,2866
81,2871
121,2875
302,2889
30,2905
41,2923
190,2925
10,2934
449,2956
265,2959
232,2961
386,2962
12,2999
499,3012
116,3017
122,3022
423,3024
315,3040
478,3049
23,3056
314,3065
335,3082
393,3090
124,3101
29,3102
391,3103
67,3109
88,3132
467,3164
223,3172
242,3183
389,3189
338,3207
290,3215
160,3224
142,3264
252,3276
426,3311
50,3322
139,3339
246,3352
43,3364
368,3382
276,3411
38,3427
243,3439
453,3451
189,3477
278,3490
279,3560
422,3666
221,3679
229,3681
474,3727
216,3735
36,3800
86,3841
115,3923
145,3930
125,3938
219,4090
461,4145
186,4153
456,4172
9,4342
68,4422
227,4425
153,4504
44,4853

simblock.block.ProofOfWorkBlock@8bc026:92
93,59
392,210
368,267
51,334
402,362
148,391
211,419
377,440
419,447
205,475
161,486
21,499
415,504
458,509
352,535
491,544
393,546
27,559
239,563
413,566
408,570
84,595
124,596
345,596
85,604
430,605
466,619
348,620
367,626
156,627
426,628
492,635
70,650
16,655
110,655
72,656
494,661
201,663
477,668
366,675
282,681
344,683
447,684
62,687
439,687
373,692
60,694
420,700
343,702
53,709
92,712
116,712
487,714
202,716
214,716
425,718
213,718
407,719
61,720
333,721
18,723
236,723
212,724
63,725
178,731
196,742
339,743
369,744
332,746
66,746
78,747
275,748
28,752
186,753
94,770
410,770
95,771
176,773
272,776
445,776
266,778
401,781
24,782
346,782
122,785
250,786
489,787
22,788
328,789
91,801
64,802
204,802
36,803
450,803
103,803
294,804
44,805
230,806
473,808
279,810
248,812
357,813
406,813
351,814
262,814
350,815
58,815
311,818
306,818
490,819
179,821
31,828
319,829
264,830
133,833
57,836
293,836
121,839
206,839
137,840
336,840
25,842
320,842
261,843
274,843
414,844
283,844
485,845
29,846
453,846
118,847
226,851
233,858
7,860
475,860
107,861
253,862
432,866
310,867
203,867
435,867
437,869
199,869
451,871
163,871
153,871
422,871
459,871
417,875
4,877
86,878
170,879
224,879
387,880
483,885
157,887
460,887
476,893
270,893
312,893
338,896
188,898
287,898
105,901
13,902
194,903
8,904
478,905
443,906
321,910
449,911
168,915
286,921
54,922
308,922
155,923
399,923
89,924
88,925
315,926
302,927
167,929
405,929
158,932
471,935
220,935
340,939
257,940
210,945
136,945
305,947
330,957
12,957
162,963
154,964
135,965
389,966
113,967
190,967
307,968
500,969
123,969
160,971
482,972
448,978
129,979
454,980
499,980
363,983
127,986
143,988
409,988
309,989
278,991
185,992
267,992
200,993
184,993
40,995
427,998
231,1004
470,1007
208,1008
180,1015
100,1019
39,1021
472,1023
324,1027
433,1030
2,1033
488,1033
303,1035
356,1037
484,1038
304,1040
1,1040
412,1045
386,1051
355,1054
251,1054
441,1062
249,1067
198,1072
128,1074
255,1075
428,1075
19,1077
329,1078
119,1079
3,1087
140,1089
164,1093
376,1095
434,1096
6,1096
496,1101
440,1105
429,1106
82,1107
349,1113
479,1117
120,1117
291,1121
35,1122
141,1125
77,1134
327,1135
165,1139
32,1139
216,1148
300,1158
289,1163
83,1166
73,1168
75,1178
331,1179
222,1193
130,1194
325,1202
316,1204
55,1204
175,1208
117,1211
240,1212
90,1213
258,1213
20,1215
384,1217
438,1220
5,1222
112,1225
446,1231
486,1237
353,1244
365,1244
370,1247
218,1261
464,1269
301,1269
388,1272
182,1273
59,1275
87,1276
15,1278
254,1279
151,1284
431,1289
292,1292
442,1292
37,1294
404,1299
411,1301
358,1305
47,1308
390,1308
394,1315
106,1315
49,1317
238,1327
337,1328
469,1330
385,1336
497,1338
14,1338
421,1339
171,1344
359,1344
111,1346
134,1347
455,1351
342,1359
416,1359
362,1360
181,1363
444,1364
245,1368
76,1377
149,1382
317,1382
209,1383
234,1384
244,1385
97,1385
241,1386
23,1390
228,1391
457,1391
102,1391
268,1394
96,1394
378,1401
56,1409
17,1419
131,1427
227,1436
398,1441
192,1446
463,1448
285,1454
109,1458
396,1459
235,1471
101,1481
191,1488
41,1497
397,1502
424,1504
423,1509
177,1509
30,1511
159,1513
493,1517
299,1519
80,1529
280,1546
50,1553
480,1554
232,1554
215,1557
281,1561
379,1572
229,1572
169,1573
382,1582
108,1582
67,1587
265,1596
256,1602
323,1611
371,1616
313,1623
383,1625
318,1634
9,1636
223,1642
465,1646
52,1656
297,1657
400,1658
237,1663
79,1667
468,1670
219,1671
341,1673
138,1673
380,1676
247,1681
146,1685
33,1685
364,1687
354,1690
361,1695
183,1706
498,1709
360,1722
269,1731
418,1735
375,1739
335,1741
277,1744
34,1750
221,1765
26,1766
125,1778
207,1785
74,1793
462,1795
347,1810
152,1811
263,1812
71,1817
43,1836
126,1860
174,1873
150,1877
314,1878
391,1885
334,1908
381,1909
68,1912
403,1915
69,1942
395,1953
189,1956
142,1966
495,1969
46,1988
81,2001
260,2002
467,2006
11,2030
374,2035
298,2049
10,2079
259,2093
326,2094
273,2148
276,2197
65,2225
243,2239
115,2240
288,2241
114,2259
456,2260
295,2263
436,2265
322,2274
290,2308
132,2331
144,2375
147,2405
197,2447
139,2512
242,2523
193,2546
145,2555
296,2556
42,2621
187,2634
252,2657
45,2665
166,2759
225,2792
271,2806
172,2810
474,2840
481,2841
98,2946
38,3082
461,3104
372,3122
104,3124
284,3370
99,3408
195,3412
246,3653
173,3758
452,3978
217,4322

simblock.block.ProofOfWorkBlock@5f7276c2:92
337,59
427,206
274,264
91,326
250,363
127,383
448,412
25,422
393,440
428,481
116,496
157,502
343,511
310,514
36,532
206,538
156,554
226,559
18,559
179,566
457,572
31,574
202,590
61,598
430,605
425,614
401,617
16,617
267,622
272,625
22,629
373,631
450,636
466,638
137,645
279,653
136,654
128,657
212,671
453,672
494,673
328,673
321,680
492,683
105,684
387,686
412,687
248,688
53,690
366,693
253,695
122,701
490,702
336,709
85,709
420,713
107,714
283,714
350,721
213,723
445,723
133,725
208,725
333,726
414,729
406,729
367,733
224,734
306,737
118,739
439,743
153,748
233,749
170,749
70,751
351,759
315,759
203,761
13,765
340,765
121,780
266,780
308,781
44,781
29,782
449,782
262,784
190,785
407,786
261,789
168,793
500,794
93,796
231,797
12,797
437,800
8,800
94,804
186,805
88,806
476,807
78,807
255,808
24,808
483,808
176,809
451,810
460,811
154,812
196,812
471,814
348,816
309,818
389,818
345,819
21,821
103,821
286,822
293,822
294,823
488,823
113,823
278,824
160,826
184,829
287,835
352,835
408,837
124,838
405,839
84,840
204,842
264,842
214,843
140,845
357,847
473,849
459,851
440,851
491,851
485,852
210,854
143,855
487,860
66,861
417,861
95,861
40,862
185,863
356,864
92,865
230,866
63,870
270,871
7,874
58,875
188,876
307,879
304,879
135,880
377,881
201,885
167,888
363,888
39,892
339,898
413,899
60,899
422,900
180,901
1,904
402,907
158,908
155,908
392,912
211,915
330,917
28,917
409,917
410,918
344,919
320,920
54,922
205,922
475,923
324,927
200,927
489,929
484,931
426,934
472,935
62,939
447,940
458,940
27,941
199,942
454,950
303,950
355,951
77,955
57,955
178,957
216,959
311,959
161,966
433,967
164,968
432,972
72,973
100,974
236,977
163,977
282,979
110,980
346,988
51,989
275,991
64,992
239,997
194,997
302,998
332,999
82,1003
369,1016
386,1024
129,1034
443,1034
496,1035
89,1037
159,1037
55,1040
86,1046
399,1046
291,1048
111,1053
48,1059
120,1065
441,1071
235,1072
285,1076
119,1081
327,1088
435,1090
338,1094
148,1094
220,1098
112,1103
268,1105
319,1106
384,1108
289,1110
312,1111
134,1117
90,1122
298,1126
325,1129
33,1140
478,1152
305,1163
162,1169
495,1170
123,1172
83,1173
342,1178
150,1181
429,1183
416,1184
144,1186
131,1187
388,1188
431,1189
436,1193
470,1206
102,1209
397,1209
418,1216
411,1219
390,1220
486,1221
2,1222
244,1224
245,1235
455,1235
469,1237
404,1247
49,1250
149,1254
59,1257
394,1260
446,1266
361,1270
247,1271
353,1271
292,1272
318,1276
14,1277
316,1282
37,1282
132,1285
17,1286
228,1291
165,1291
370,1292
241,1295
56,1300
209,1302
331,1304
347,1307
277,1309
80,1313
47,1324
398,1328
434,1328
317,1329
396,1329
383,1335
349,1338
225,1338
463,1340
218,1347
251,1347
182,1348
421,1350
126,1356
73,1359
6,1360
403,1384
249,1388
5,1391
326,1399
468,1402
341,1403
52,1405
493,1410
197,1418
301,1420
76,1433
362,1438
75,1439
101,1440
358,1443
254,1450
141,1452
227,1459
379,1462
479,1462
395,1471
263,1474
65,1478
482,1486
87,1492
381,1493
215,1502
177,1506
444,1511
42,1511
380,1512
15,1517
276,1518
237,1520
238,1520
258,1525
9,1528
19,1529
23,1535
290,1561
456,1562
97,1566
354,1567
172,1571
142,1579
364,1581
189,1583
20,1589
273,1592
104,1596
234,1609
462,1619
96,1623
323,1625
465,1628
498,1630
499,1630
147,1642
41,1643
368,1644
74,1649
296,1649
375,1651
173,1662
335,1671
106,1672
191,1680
382,1683
117,1695
108,1695
280,1696
313,1698
11,1698
3,1698
198,1729
169,1737
115,1746
4,1746
34,1750
269,1753
288,1758
376,1769
246,1784
314,1791
271,1792
109,1798
385,1798
79,1801
334,1805
300,1810
193,1813
50,1817
322,1840
181,1843
477,1846
442,1853
46,1855
359,1857
130,1866
464,1867
284,1875
151,1883
81,1917
260,1932
240,1969
329,1971
257,1973
166,1984
222,2013
374,2029
438,2032
242,2041
125,2050
207,2061
139,2081
69,2096
281,2100
114,2109
424,2140
229,2142
67,2150
98,2153
497,2166
138,2174
365,2182
30,2200
192,2202
256,2252
297,2272
223,2327
146,2329
35,2336
378,2345
175,2358
32,2373
252,2390
99,2406
232,2424
43,2434
68,2464
481,2492
10,2500
391,2537
480,2566
360,2617
145,2618
45,2643
372,2680
152,2720
195,2780
461,2782
265,2798
183,2814
26,2823
299,2851
38,2878
219,2900
187,2994
174,3018
400,3019
423,3102
71,3153
243,3166
474,3199
371,3301
259,3323
452,3337
221,3483
171,3575
295,3667
467,3822
217,4438

simblock.block.ProofOfWorkBlock@653e5386:92
361,59
438,276
131,361
269,448
404,473
247,502
215,580
281,594
159,604
291,619
205,653
73,659
465,668
300,686
403,691
134,708
17,743
218,750
35,752
130,773
479,782
257,825
201,828
175,834
182,868
127,885
228,889
273,893
444,916
397,917
362,930
210,939
331,1000
489,1011
329,1039
472,1044
393,1062
355,1062
272,1062
470,1086
473,1105
270,1113
144,1120
33,1143
19,1172
488,1185
394,1203
62,1220
111,1233
484,1236
441,1239
454,1282
209,1288
166,1297
93,1362
227,1365
384,1378
342,1380
58,1403
4,1409
188,1412
346,1424
428,1457
326,1459
431,1551
487,1555
363,1584
158,1586
129,1587
350,1600
183,1603
498,1615
386,1631
84,1730
476,1731
333,1765
179,1767
8,1774
18,1776
29,1810
423,1853
239,1906
373,1907
264,1941
352,1945
57,1953
223,1978
167,1994
426,2079
439,2080
242,2105
208,2121
16,2121
437,2133
283,2167
263,2226
287,2253
309,2254
89,2301
448,2311
366,2343
481,2399
161,2428
233,2435
53,2475
221,2476
392,2489
356,2524
417,2609
354,2637
286,2649
304,2664
54,2704
202,2788
419,2830
98,2920
243,2943
71,2989
302,3004
364,3167
60,3181
378,3190
296,3414

simblock.block.ProofOfWorkBlock@7cf486e8:93
117,59
74,284
462,366
165,453
192,508
329,588
19,590
358,643
15,671
418,673
35,690
251,726
390,726
403,756
257,760
102,772
281,807
316,810
298,814
106,837
370,844
144,858
111,866
228,889
6,890
331,896
120,898
476,903
49,907
381,925
394,943
277,947
191,951
83,974
465,978
464,980
480,981
300,984
379,989
385,995
149,998
37,1028
336,1028
245,1032
463,1032
301,1038
496,1053
177,1059
424,1060
323,1063
134,1067
42,1067
101,1067
234,1076
132,1076
258,1081
446,1083
330,1089
53,1104
209,1110
254,1113
318,1113
327,1115
63,1116
73,1119
469,1119
483,1120
235,1124
159,1126
26,1145
317,1146
380,1147
444,1149
220,1149
342,1150
141,1157
14,1158
147,1163
269,1165
497,1165
458,1166
112,1171
261,1177
468,1191
319,1201
97,1202
33,1202
349,1202
123,1202
96,1204
470,1208
355,1209
289,1210
208,1213
218,1215
47,1216
64,1222
215,1229
109,1229
249,1231
80,1231
273,1233
411,1238
280,1242
182,1244
345,1245
126,1246
337,1248
2,1248
421,1249
478,1250
203,1254
353,1255
410,1258
291,1261
440,1269
373,1272
387,1273
292,1273
455,1275
40,1280
486,1282
479,1284
285,1284
130,1285
237,1286
250,1289
389,1290
397,1291
169,1292
178,1292
404,1294
48,1295
131,1295
76,1297
187,1300
59,1305
417,1308
52,1310
240,1312
181,1313
438,1316
494,1317
347,1325
325,1325
198,1326
56,1329
294,1329
95,1331
5,1333
87,1337
268,1339
164,1340
495,1343
29,1344
266,1346
114,1347
499,1351
343,1356
151,1374
477,1376
267,1377
107,1377
230,1379
82,1379
11,1382
472,1387
20,1388
376,1389
332,1394
361,1394
166,1394
384,1398
157,1399
490,1400
17,1400
119,1405
416,1407
413,1408
443,1409
31,1410
313,1415
108,1415
213,1415
396,1415
328,1416
90,1418
475,1419
27,1425
7,1426
4,1428
222,1428
448,1430
8,1434
388,1438
84,1438
426,1445
303,1446
61,1450
282,1454
150,1459
244,1462
60,1464
116,1466
402,1466
247,1466
275,1467
155,1468
36,1470
382,1470
75,1471
129,1473
436,1476
407,1476
431,1479
344,1484
307,1491
412,1491
434,1493
148,1495
365,1497
163,1499
140,1503
339,1506
398,1512
225,1515
199,1515
270,1517
453,1521
204,1531
197,1534
286,1538
429,1547
392,1551
352,1552
175,1553
432,1553
185,1554
500,1555
405,1556
200,1558
3,1559
442,1562
22,1568
78,1576
457,1579
161,1579
85,1579
406,1579
324,1580
216,1585
333,1585
186,1592
113,1595
127,1595
369,1598
196,1602
86,1606
359,1606
241,1607
338,1610
142,1610
383,1612
255,1617
320,1623
401,1628
487,1629
377,1630
435,1634
206,1635
433,1637
272,1642
39,1645
238,1646
188,1648
70,1649
93,1651
350,1654
122,1657
326,1660
124,1662
143,1664
340,1666
32,1668
415,1669
212,1673
170,1676
145,1676
482,1676
422,1682
146,1688
184,1691
445,1692
408,1692
362,1692
427,1696
179,1698
312,1707
236,1707
485,1716
94,1722
88,1727
409,1728
44,1728
310,1732
420,1734
46,1736
13,1740
128,1741
474,1743
226,1744
259,1747
152,1750
180,1760
315,1761
207,1764
459,1767
302,1769
51,1770
168,1770
66,1770
154,1772
283,1774
125,1778
158,1782
314,1785
183,1786
138,1797
65,1798
137,1798
492,1801
89,1807
103,1808
28,1809
156,1824
491,1832
115,1833
201,1834
428,1837
239,1842
21,1848
118,1854
354,1860
454,1867
451,1868
162,1871
419,1874
351,1883
68,1884
176,1892
50,1896
18,1901
306,1905
248,1909
363,1909
391,1909
295,1910
425,1913
367,1921
375,1921
341,1924
348,1934
430,1937
217,1938
202,1945
231,1946
304,1946
55,1948
252,1959
356,1964
57,1981
299,1981
293,1982
62,1985
334,1987
23,1995
24,1998
393,2011
271,2019
139,2019
471,2022
211,2028
205,2031
400,2038
54,2042
399,2048
447,2051
284,2055
449,2084
98,2085
219,2086
174,2092
262,2093
232,2096
171,2102
133,2112
224,2119
368,2119
105,2119
71,2122
153,2122
100,2139
229,2141
41,2153
274,2157
223,2158
287,2161
92,2164
9,2169
167,2171
260,2175
439,2185
441,2208
414,2225
194,2225
135,2225
473,2227
79,2245
450,2264
264,2270
276,2288
210,2299
357,2299
91,2300
372,2303
190,2312
311,2327
279,2332
67,2335
25,2336
466,2339
364,2340
160,2344
437,2365
214,2382
189,2389
34,2402
10,2406
1,2410
386,2415
322,2418
461,2432
321,2443
346,2458
253,2472
452,2473
58,2479
278,2480
308,2490
77,2514
489,2515
309,2539
265,2551
374,2569
297,2573
288,2586
110,2592
467,2633
227,2636
371,2654
243,2659
488,2665
221,2670
173,2671
12,2672
99,2672
493,2688
72,2691
30,2695
233,2719
263,2721
81,2737
366,2766
498,2800
296,2827
195,2834
305,2871
38,2891
484,2893
378,2906
395,2910
456,2912
360,2922
43,2925
69,2927
45,2969
460,3047
481,3049
104,3075
290,3171
256,3218
136,3220
242,3301
246,3331
172,3424
423,3549
16,3569
193,3818

simblock.block.ProofOfWorkBlock@7b09c829:94
495,59
209,283
182,364
245,450
228,522
240,532
394,582
215,607
222,673
97,677
218,700
287,707
329,744
126,752
396,761
421,763
331,801
19,828
486,832
257,833
480,847
358,852
155,858
352,880
214,882
74,900
404,903
175,910
249,917
149,918
305,1195
468,926
353,929
101,936
285,983
108,985
497,985
119,988
321,990
397,992
90,1000
416,1003
411,1011
410,1011
131,1012
355,1023
320,1027
489,1032
248,1040
298,1044
166,1050
387,1052
198,1054
88,1055
307,1059
429,1066
204,1068
37,1068
111,1070
52,1071
281,1074
120,1076
258,1084
224,1087
73,1087
462,1089
230,1090
268,1096
413,1102
269,1105
384,1106
344,1113
361,1121
141,1127
102,1127
278,1129
109,1134
301,1140
266,1140
280,1143
47,1143
46,1147
357,1149
398,1150
368,1152
277,1155
381,1155
147,1156
44,1159
470,1160
483,1160
123,1162
150,1164
323,1165
444,1169
42,1173
365,1179
264,1182
315,1194
36,1197
433,1199
61,1203
20,1203
449,1203
33,1203
393,1206
380,1208
200,1209
192,1209
434,1209
430,1211
376,1214
455,1216
436,1220
196,1221
370,1222
181,1222
5,1223
11,1224
87,1227
479,1230
201,1232
235,1234
405,1237
431,1238
253,1239
59,1240
328,1240
319,1241
151,1244
130,1246
494,1248
15,1249
342,1250
176,1255
311,1255
56,1256
313,1256
21,1256
454,1256
134,1257
291,1258
185,1259
95,1261
282,1269
338,1270
241,1270
205,1271
86,1274
6,1278
107,1279
18,1281
412,1284
317,1285
191,1286
465,1289
2,1291
169,1296
64,1299
406,1300
386,1301
188,1301
349,1302
26,1302
144,1302
254,1303
112,1305
197,1306
80,1307
385,1308
476,1309
491,1311
247,1312
94,1312
300,1313
403,1319
93,1320
492,1322
459,1325
460,1327
446,1327
440,1332
85,1338
251,1338
363,1339
409,1341
418,1341
272,1342
132,1342
29,1343
382,1347
225,1351
55,1352
351,1355
57,1355
154,1358
427,1358
424,1371
170,1371
401,1371
309,1376
96,1377
438,1379
160,1379
289,1380
35,1384
442,1385
388,1385
469,1386
275,1391
362,1392
392,1398
162,1398
447,1400
48,1404
292,1405
199,1407
325,1407
121,1408
159,1412
482,1414
330,1414
72,1416
500,1417
65,1420
82,1420
324,1421
164,1422
122,1426
422,1426
239,1426
294,1427
347,1428
116,1429
390,1429
448,1431
83,1431
451,1432
58,1434
237,1435
415,1440
377,1449
40,1457
457,1459
168,1466
76,1468
177,1471
439,1475
203,1476
118,1476
414,1477
488,1481
308,1483
54,1485
318,1487
478,1490
340,1494
165,1496
184,1498
354,1502
255,1504
350,1505
78,1511
316,1511
327,1514
458,1518
343,1523
187,1531
133,1535
213,1537
425,1544
326,1548
62,1549
348,1555
345,1558
22,1559
63,1561
499,1568
238,1569
17,1570
373,1571
485,1577
158,1587
419,1588
367,1588
13,1591
163,1594
25,1595
432,1597
471,1598
441,1602
408,1603
129,1606
359,1607
283,1607
211,1609
402,1609
466,1609
336,1614
146,1616
490,1617
279,1629
220,1638
105,1649
135,1649
303,1652
125,1663
443,1665
463,1665
496,1670
262,1674
265,1678
493,1689
273,1691
312,1691
346,1694
14,1698
103,1701
32,1703
145,1713
143,1713
77,1719
234,1722
174,1726
117,1728
128,1732
450,1734
339,1737
378,1738
30,1740
472,1743
137,1744
274,1746
67,1750
233,1750
3,1765
23,1771
445,1771
366,1772
206,1776
417,1776
49,1779
60,1779
127,1782
369,1784
452,1788
114,1793
475,1798
226,1801
322,1817
379,1835
136,1845
194,1849
243,1856
383,1861
7,1868
9,1870
244,1875
189,1884
477,1894
99,1896
435,1900
24,1903
100,1905
400,1907
50,1908
306,1910
335,1911
310,1923
216,1924
41,1925
142,1927
461,1932
104,1934
43,1941
473,1941
53,1946
75,1949
92,1952
12,1952
437,1956
202,1956
110,1958
296,1964
51,1965
153,1965
399,1974
207,1982
276,1992
391,1994
195,1998
89,2023
8,2024
299,2029
464,2034
372,2035
34,2037
332,2048
31,2069
221,2070
66,2073
156,2078
231,2089
260,2094
453,2097
261,2100
217,2117
304,2119
212,2125
45,2130
91,2138
267,2138
84,2140
1,2142
179,2143
4,2146
360,2149
113,2151
498,2179
333,2197
263,2215
167,2222
271,2231
297,2252
98,2253
70,2254
39,2262
173,2267
420,2271
106,2273
69,2277
223,2278
208,2299
138,2313
484,2315
286,2315
428,2317
246,2318
487,2318
337,2320
186,2324
28,2325
474,2351
334,2377
456,2378
148,2396
172,2398
178,2429
356,2437
232,2445
293,2446
210,2473
236,2489
27,2493
157,2495
180,2498
161,2499
364,2518
10,2528
183,2563
252,2564
314,2566
140,2570
467,2580
407,2604
302,2615
68,2625
38,2631
426,2675
190,2679
256,2693
79,2695
284,2730
115,2741
124,2744
395,2744
229,2751
171,2766
371,2776
389,2791
139,2813
481,2852
71,2875
270,2921
375,2929
242,2931
219,2992
193,2995
227,3005
295,3031
16,3101
423,3105
288,3180
152,3255
250,3275
290,3279
81,3427
259,3481
341,3537
374,3731

simblock.block.ProofOfWorkBlock@7391a0ab:95
27,59
410,213
57,274
270,330
194,363
161,390
483,422
319,423
408,448
459,480
136,482
336,491
84,514
53,514
157,536
78,539
155,549
492,560
441,570
392,573
185,573
264,584
72,593
18,598
437,622
8,628
357,628
212,630
140,632
499,641
490,647
447,650
393,655
205,659
94,661
92,666
186,678
405,684
476,689
339,690
64,695
278,703
432,704
116,705
321,707
279,707
466,714
22,716
448,718
396,719
216,720
475,722
412,736
88,737
491,743
422,746
283,746
333,747
494,748
274,749
168,755
170,760
148,761
89,763
24,764
449,765
211,773
420,776
39,776
93,778
407,779
203,780
176,782
210,788
91,789
340,790
51,793
457,793
55,796
100,797
419,802
406,804
180,804
77,806
367,806
202,806
368,808
363,812
302,817
329,819
250,820
143,821
29,822
413,822
451,823
44,829
236,833
21,833
266,835
471,835
366,836
25,836
12,840
460,840
330,843
214,846
199,848
60,850
338,853
417,853
70,855
75,855
343,856
156,860
253,861
332,861
310,863
383,865
40,868
255,869
31,869
179,872
36,873
167,873
315,876
426,877
307,878
356,879
287,879
200,880
369,880
282,880
239,883
477,889
327,890
7,893
415,893
275,894
267,894
478,896
430,897
196,897
458,897
443,901
62,902
485,903
453,905
493,905
201,908
16,908
190,911
162,912
435,915
103,916
311,917
85,917
328,917
58,923
306,925
500,925
344,926
127,929
105,929
433,934
320,935
13,936
206,937
66,938
1,938
401,940
445,941
497,942
387,944
308,948
61,952
350,954
118,954
373,955
427,956
482,958
110,963
128,964
54,965
487,965
286,965
345,969
440,971
237,972
63,972
113,973
351,973
95,973
86,974
163,975
346,976
82,983
184,983
129,985
272,987
135,990
204,992
428,994
312,995
108,996
119,998
439,998
178,1003
261,1010
231,1014
122,1015
454,1015
230,1015
337,1023
402,1023
182,1024
106,1025
124,1030
472,1031
489,1032
28,1035
97,1036
224,1042
352,1042
389,1044
107,1045
154,1045
303,1047
305,1049
42,1049
304,1052
484,1053
370,1058
208,1060
399,1060
473,1067
496,1068
324,1082
213,1087
463,1093
159,1099
450,1104
385,1110
233,1110
414,1118
20,1126
160,1126
209,1126
409,1128
293,1129
228,1133
309,1134
262,1134
37,1134
6,1135
4,1138
442,1141
26,1148
90,1148
121,1150
73,1151
488,1160
418,1162
446,1165
455,1172
421,1174
289,1175
425,1176
416,1184
137,1185
248,1185
130,1186
147,1187
188,1195
249,1198
381,1199
5,1200
292,1200
101,1201
465,1201
254,1202
323,1205
444,1206
222,1207
386,1210
120,1213
83,1213
181,1215
150,1217
132,1217
431,1222
2,1223
3,1224
424,1225
14,1227
285,1230
19,1239
164,1241
153,1242
348,1242
300,1245
158,1254
59,1255
126,1263
220,1266
149,1268
429,1269
358,1280
462,1283
225,1286
240,1288
96,1289
376,1295
56,1296
377,1298
226,1298
123,1299
111,1305
215,1305
268,1309
379,1310
133,1310
187,1319
165,1323
362,1328
361,1332
480,1333
411,1341
291,1346
331,1347
316,1358
80,1359
294,1364
74,1369
269,1370
273,1373
325,1373
169,1374
52,1377
241,1381
245,1382
47,1384
247,1385
403,1387
495,1391
434,1391
234,1392
192,1393
438,1398
251,1401
280,1412
175,1419
197,1425
317,1437
436,1440
146,1447
334,1452
364,1459
144,1462
404,1466
390,1466
177,1467
290,1469
76,1473
104,1475
238,1476
464,1476
145,1479
318,1481
81,1483
134,1485
166,1489
87,1490
384,1496
244,1521
355,1526
298,1540
102,1542
48,1544
10,1550
9,1553
235,1559
380,1561
479,1562
468,1563
112,1563
117,1569
284,1580
354,1580
138,1581
11,1591
50,1610
391,1614
172,1622
288,1632
397,1633
35,1637
218,1640
65,1640
359,1648
398,1648
382,1650
33,1654
486,1656
423,1659
38,1659
481,1664
256,1675
394,1692
43,1698
469,1705
115,1710
314,1720
281,1721
221,1723
141,1723
299,1725
198,1729
191,1733
49,1740
246,1744
71,1750
277,1756
23,1758
371,1767
152,1768
217,1772
34,1780
301,1806
353,1810
258,1811
342,1817
252,1826
365,1826
139,1864
17,1867
98,1887
349,1900
296,1915
109,1916
68,1931
207,1932
183,1933
229,1936
263,1941
243,1955
219,1959
32,1976
326,1980
313,1988
114,1990
276,2006
452,2008
378,2028
335,2040
142,2044
171,2054
259,2064
360,2065
131,2069
15,2149
474,2149
79,2155
347,2166
189,2207
456,2229
242,2230
173,2237
151,2240
41,2246
322,2274
295,2276
498,2283
388,2320
400,2328
470,2338
341,2360
45,2452
467,2492
232,2505
46,2513
271,2515
227,2522
193,2564
297,2589
395,2604
125,2669
257,2687
260,2795
223,2869
375,2874
374,2893
372,2930
174,2969
69,3039
461,3096
67,3181
99,3266
265,3393
30,3464
195,3761

simblock.block.ProofOfWorkBlock@2c56e86f:96
147,59
385,276
394,367
442,454
381,494
486,536
132,585
468,605
87,617
358,667
187,687
220,698
101,720
97,752
198,756
316,773
380,784
393,793
370,801
424,805
191,832
74,836
228,844
403,860
65,866
292,886
251,888
141,899
244,906
240,920
83,923
313,928
268,931
404,942
469,948
457,950
47,950
499,957
76,971
117,975
33,978
165,981
373,987
301,988
17,1002
463,1003
19,1003
151,1007
305,1009
249,1011
150,1018
331,1025
15,1025
5,1032
26,1033
327,1038
455,1055
111,1062
35,1062
215,1066
136,1069
317,1078
2,1081
285,1083
192,1089
109,1090
102,1091
144,1095
258,1099
264,1099
108,1100
14,1102
182,1116
397,1116
177,1118
120,1121
8,1122
346,1123
359,1127
175,1128
13,1135
181,1136
487,1137
411,1139
353,1140
134,1146
130,1148
329,1154
460,1158
361,1159
431,1160
225,1160
446,1163
497,1164
436,1166
169,1170
450,1175
123,1176
406,1178
158,1179
90,1180
388,1182
188,1182
384,1185
234,1190
105,1194
300,1201
355,1201
106,1205
298,1205
37,1205
281,1209
75,1210
20,1212
119,1217
349,1220
465,1221
390,1222
202,1222
218,1223
247,1228
257,1231
112,1234
209,1235
357,1236
66,1236
338,1242
379,1245
222,1246
248,1251
464,1254
326,1257
235,1258
270,1260
56,1261
439,1264
42,1265
476,1265
155,1275
149,1276
11,1277
386,1278
273,1282
462,1286
418,1287
203,1287
479,1288
161,1292
166,1293
480,1293
162,1293
49,1298
100,1298
277,1299
291,1301
325,1302
444,1303
190,1305
206,1306
365,1306
135,1310
168,1310
157,1312
245,1313
52,1316
269,1317
342,1318
485,1325
25,1328
63,1329
473,1330
351,1331
137,1331
146,1332
478,1335
237,1337
396,1338
205,1341
80,1341
323,1342
416,1342
409,1343
197,1345
419,1350
376,1350
208,1350
254,1352
128,1352
447,1353
289,1353
330,1354
154,1354
59,1359
304,1364
32,1370
438,1372
363,1375
470,1375
387,1376
280,1383
48,1384
6,1384
279,1385
233,1387
196,1387
347,1388
350,1388
210,1392
126,1393
78,1397
170,1403
204,1406
492,1413
496,1413
383,1421
488,1426
4,1428
340,1429
96,1430
420,1434
121,1435
39,1437
366,1438
421,1440
199,1442
417,1444
110,1448
131,1456
339,1465
84,1472
434,1472
303,1477
382,1478
448,1478
241,1480
427,1484
70,1487
495,1488
16,1490
352,1500
318,1501
425,1501
36,1506
91,1506
367,1507
127,1509
261,1510
414,1511
238,1514
73,1516
443,1518
275,1522
308,1523
345,1525
133,1527
107,1527
368,1528
255,1528
143,1530
302,1535
159,1536
435,1540
320,1543
410,1546
93,1547
398,1550
200,1551
490,1554
253,1556
64,1560
466,1563
53,1567
185,1568
429,1571
224,1572
401,1583
46,1584
400,1588
94,1593
1,1600
458,1602
328,1603
266,1609
92,1610
287,1611
362,1611
3,1613
471,1618
148,1619
344,1621
312,1623
54,1625
239,1633
201,1638
432,1645
369,1650
321,1652
72,1654
230,1656
77,1657
57,1658
167,1666
319,1668
116,1674
477,1675
500,1680
34,1683
430,1686
306,1686
61,1689
286,1692
484,1692
82,1692
348,1697
213,1700
95,1706
194,1709
433,1717
22,1718
454,1718
284,1723
99,1724
402,1727
174,1729
246,1730
405,1731
114,1737
309,1738
441,1741
472,1744
310,1751
452,1761
354,1767
125,1778
336,1779
392,1780
129,1784
315,1784
44,1786
415,1792
236,1795
453,1795
250,1797
282,1799
334,1800
378,1813
12,1822
391,1822
267,1825
294,1831
491,1841
40,1841
407,1846
85,1847
333,1854
324,1862
18,1867
195,1867
103,1867
45,1871
140,1874
118,1881
262,1883
164,1885
173,1890
299,1892
494,1893
459,1893
461,1900
360,1906
207,1906
489,1909
180,1914
214,1917
229,1918
278,1925
260,1933
172,1937
445,1954
31,1955
81,1957
377,1963
428,1970
293,1971
139,1972
28,1973
440,1977
296,1978
288,1980
375,1981
41,1992
263,2007
252,2010
124,2023
160,2025
51,2028
38,2030
437,2041
171,2043
58,2044
10,2049
7,2053
307,2058
297,2064
153,2090
483,2091
322,2095
71,2097
283,2105
399,2108
456,2131
372,2132
21,2146
311,2149
122,2151
67,2151
272,2152
256,2158
9,2173
276,2184
482,2202
69,2203
156,2204
341,2209
68,2215
179,2228
221,2229
27,2231
104,2233
223,2235
395,2249
193,2263
89,2271
184,2279
186,2288
271,2296
412,2320
176,2325
62,2325
217,2333
43,2341
183,2344
178,2380
212,2380
138,2390
332,2403
449,2453
113,2463
152,2479
142,2481
314,2483
408,2498
227,2500
50,2528
29,2553
24,2557
290,2569
30,2590
259,2613
231,2632
475,2638
274,2676
226,2726
498,2729
364,2750
265,2767
23,2776
451,2806
189,2819
216,2849
374,2860
115,2876
337,2899
232,2976
426,2981
371,3005
295,3020
55,3023
60,3073
219,3129
343,3154
335,3223
493,3247
79,3273
481,3274
413,3328
211,3422
356,3504
242,3521
163,3617
422,3687
423,3778
389,3792
88,3865
243,4030
86,4045
467,4285
98,4293
474,4541
145,4551

simblock.block.ProofOfWorkBlock@52f37ea9:97
275,59
60,211
494,269
482,329
489,364
328,391
161,422
31,425
210,447
200,478
458,485
54,503
472,516
315,521
471,541
86,542
262,560
307,572
457,573
487,575
121,577
352,583
179,598
303,601
63,602
294,626
157,628
338,634
88,635
312,635
24,637
253,638
190,641
128,658
440,660
89,661
53,666
180,669
214,674
140,686
422,688
293,691
27,691
29,695
454,697
216,698
491,703
118,703
282,708
488,715
340,718
419,723
308,723
428,724
393,725
368,730
386,730
337,734
7,735
185,743
492,749
459,749
236,752
39,752
389,753
402,754
51,755
153,755
477,759
266,761
233,771
330,771
443,777
205,778
164,780
57,781
162,782
188,783
373,785
344,786
363,787
350,787
133,788
226,790
387,790
426,792
311,795
412,797
420,800
306,800
70,807
460,809
170,810
475,811
16,812
272,812
61,813
203,814
248,816
414,817
435,817
476,822
357,829
116,833
92,835
212,835
78,837
339,838
168,840
66,840
430,843
410,843
163,843
137,843
302,843
279,844
447,845
18,846
451,849
484,849
230,850
40,850
84,852
8,852
267,853
439,855
309,856
107,856
62,858
441,858
496,864
453,867
201,869
448,869
445,870
367,870
376,872
94,873
333,873
93,873
213,874
186,875
346,879
286,883
36,888
156,888
264,890
204,892
310,893
91,894
178,895
239,895
129,901
95,901
324,904
250,905
283,906
401,907
466,908
305,908
72,908
199,909
392,910
148,910
124,912
184,913
25,914
103,914
224,915
485,915
377,916
231,921
181,926
160,927
126,927
332,929
449,929
345,931
490,931
437,932
321,935
155,947
356,947
105,948
483,948
406,952
158,955
408,957
343,959
206,960
64,961
100,963
208,963
413,966
135,969
432,969
424,970
44,970
478,970
270,971
211,972
154,972
473,973
13,973
167,973
77,980
336,983
255,988
433,988
493,989
194,990
55,1001
304,1006
20,1007
122,1009
425,1009
319,1012
405,1015
287,1015
202,1015
196,1019
427,1020
450,1020
499,1022
497,1022
58,1023
366,1026
21,1027
415,1029
274,1030
278,1032
316,1036
56,1043
455,1044
22,1044
12,1047
409,1048
369,1051
365,1057
269,1063
28,1067
320,1071
176,1073
417,1077
348,1077
136,1079
111,1081
143,1084
127,1084
117,1089
110,1089
385,1095
113,1095
102,1096
97,1099
500,1100
6,1108
85,1109
446,1124
407,1125
80,1129
431,1131
159,1140
351,1140
166,1143
399,1148
82,1153
119,1155
169,1155
235,1158
35,1163
384,1165
1,1168
465,1177
326,1177
300,1181
479,1184
101,1185
463,1185
165,1187
325,1192
254,1194
480,1197
251,1197
329,1211
498,1212
380,1212
198,1214
249,1214
416,1215
403,1218
268,1218
228,1220
289,1220
362,1220
14,1222
281,1226
261,1228
192,1231
361,1234
220,1238
327,1243
359,1246
2,1250
382,1250
495,1254
151,1255
237,1258
234,1263
75,1266
131,1266
48,1268
149,1268
292,1272
438,1275
398,1278
120,1293
342,1295
11,1295
444,1296
141,1299
470,1301
358,1304
4,1305
37,1307
421,1322
67,1325
106,1327
349,1330
442,1333
83,1338
313,1338
5,1345
130,1346
76,1349
238,1349
370,1352
468,1355
175,1357
245,1360
46,1362
47,1365
3,1366
355,1368
218,1373
87,1379
397,1382
277,1383
108,1384
323,1386
436,1387
17,1396
257,1396
247,1404
32,1404
114,1407
177,1407
317,1429
240,1430
229,1433
144,1434
331,1435
404,1436
109,1436
123,1449
41,1454
215,1456
145,1458
49,1464
334,1476
197,1477
98,1480
258,1481
112,1502
132,1504
134,1513
469,1517
371,1529
411,1530
394,1537
434,1539
314,1547
242,1550
42,1554
150,1556
15,1560
291,1575
273,1578
354,1582
19,1583
381,1601
318,1604
290,1605
38,1610
59,1610
182,1611
259,1612
227,1615
474,1621
221,1622
400,1627
464,1629
263,1632
74,1644
152,1645
125,1654
217,1654
23,1659
396,1676
383,1677
390,1686
189,1686
209,1699
232,1710
423,1717
142,1717
65,1729
195,1732
96,1732
260,1737
225,1746
280,1752
353,1756
34,1757
90,1770
30,1773
222,1783
241,1785
79,1819
223,1819
341,1830
322,1847
462,1848
147,1875
378,1893
43,1908
429,1911
276,1918
68,1920
244,1929
138,1937
347,1939
388,1943
99,1952
33,1953
69,1967
299,2001
335,2013
9,2019
219,2025
265,2031
296,2038
379,2058
456,2069
298,2082
191,2098
243,2100
301,2109
52,2118
246,2125
171,2133
71,2151
50,2222
481,2236
418,2256
187,2270
295,2270
285,2288
288,2304
172,2321
10,2352
374,2356
372,2364
81,2391
104,2408
486,2434
73,2481
174,2520
256,2554
183,2577
452,2597
26,2610
391,2647
297,2660
115,2691
193,2691
252,2765
284,2837
395,2893
173,2918
467,2938
364,2974
375,3002
360,3048
146,3135
139,3183
461,3275
207,3338
271,3467
45,3641

simblock.block.ProofOfWorkBlock@78231c08:98
431,59
90,279
5,363
291,445
97,494
268,535
234,580
151,623
382,623
403,663
238,663
6,705
235,706
251,717
218,746
42,750
277,788
56,789
52,799
249,800
269,827
327,832
89,837
141,845
220,850
416,870
281,874
362,879
2,879
323,881
144,884
347,912
444,914
331,925
301,928
411,934
169,941
37,945
65,952
165,963
149,965
76,966
48,967
394,972
328,987
240,997
463,1002
222,1008
289,1008
287,1012
15,1014
111,1016
388,1018
421,1019
397,1026
469,1029
359,1042
492,1045
361,1047
143,1049
73,1051
109,1053
182,1054
75,1065
83,1067
486,1080
438,1084
446,1091
96,1092
273,1093
497,1093
353,1098
318,1100
74,1100
272,1102
429,1103
244,1104
150,1109
197,1120
393,1121
384,1124
465,1130
108,1132
209,1134
329,1135
258,1136
175,1141
292,1142
324,1142
473,1143
117,1145
355,1146
442,1149
106,1150
187,1155
200,1159
1,1161
123,1163
46,1168
321,1169
87,1176
383,1176
385,1178
317,1179
349,1181
455,1182
436,1183
225,1184
177,1185
198,1186
11,1188
496,1189
418,1201
368,1201
132,1205
130,1208
370,1213
440,1215
468,1217
325,1220
228,1221
215,1221
20,1223
339,1223
19,1228
159,1229
316,1230
379,1232
245,1235
191,1236
101,1237
33,1237
376,1244
47,1253
206,1258
35,1260
163,1260
112,1264
285,1267
119,1267
160,1273
247,1282
390,1286
300,1289
480,1292
22,1293
495,1302
409,1303
181,1308
381,1309
386,1310
134,1310
179,1312
404,1315
59,1317
298,1319
464,1320
470,1323
309,1324
26,1325
424,1328
342,1337
64,1349
116,1350
257,1352
396,1357
450,1359
434,1361
346,1363
63,1364
14,1365
166,1365
118,1366
32,1370
365,1371
380,1375
233,1377
94,1381
122,1384
126,1384
31,1386
131,1387
180,1392
358,1394
489,1395
82,1396
91,1396
286,1397
357,1397
120,1401
80,1402
192,1405
4,1408
248,1414
102,1414
237,1421
49,1422
432,1424
60,1431
344,1433
162,1435
304,1440
18,1447
114,1454
483,1454
487,1456
147,1457
17,1468
351,1471
472,1471
158,1483
280,1486
308,1488
213,1488
307,1489
462,1490
326,1497
315,1499
405,1504
212,1507
241,1507
61,1513
44,1521
333,1524
264,1525
86,1526
266,1526
275,1533
199,1538
211,1540
422,1544
255,1544
54,1546
340,1548
476,1550
95,1550
401,1552
204,1556
479,1557
135,1558
395,1558
170,1560
178,1560
398,1564
66,1564
477,1564
279,1567
420,1569
367,1571
164,1574
337,1580
57,1586
8,1586
254,1587
363,1587
484,1588
336,1596
412,1597
320,1599
443,1602
293,1604
445,1605
203,1607
113,1615
366,1615
399,1618
196,1625
433,1630
27,1634
72,1637
92,1637
128,1642
303,1643
407,1646
98,1646
310,1648
312,1663
499,1665
441,1666
262,1668
350,1669
176,1671
406,1675
332,1675
77,1676
475,1676
226,1677
50,1679
284,1681
12,1681
419,1682
454,1687
137,1691
413,1693
68,1695
253,1695
36,1698
415,1699
210,1702
62,1714
459,1715
103,1715
373,1723
482,1724
127,1725
79,1730
319,1731
451,1733
313,1736
224,1739
58,1740
494,1740
184,1741
457,1745
167,1748
229,1748
491,1753
377,1753
306,1761
478,1761
392,1765
51,1770
43,1773
322,1781
25,1796
311,1797
189,1808
71,1813
121,1813
13,1816
256,1821
261,1838
168,1839
230,1840
488,1841
185,1849
402,1850
387,1851
78,1854
278,1855
425,1857
352,1863
498,1872
265,1876
378,1877
40,1878
267,1878
186,1880
195,1883
252,1884
391,1885
161,1888
460,1890
356,1902
104,1903
201,1907
299,1908
55,1912
231,1913
21,1913
207,1916
53,1918
39,1919
343,1923
99,1925
105,1929
439,1930
414,1935
271,1937
360,1937
129,1940
467,1942
190,1951
154,1971
155,1972
10,1994
28,2004
458,2013
100,2019
276,2020
427,2023
152,2027
410,2027
140,2030
85,2030
107,2030
23,2031
294,2039
453,2045
283,2052
500,2054
369,2060
466,2067
136,2081
447,2087
24,2089
84,2092
29,2093
110,2098
471,2100
485,2103
428,2107
188,2113
38,2125
239,2136
139,2141
202,2144
236,2146
246,2152
3,2169
282,2178
400,2183
205,2197
260,2199
133,2208
345,2212
408,2212
88,2227
449,2232
426,2235
41,2243
305,2255
115,2256
348,2267
372,2268
208,2273
250,2281
354,2293
243,2293
223,2321
375,2327
341,2338
69,2345
146,2346
34,2350
93,2371
145,2376
295,2377
430,2388
7,2396
330,2401
448,2412
423,2418
297,2422
214,2432
216,2445
157,2452
194,2474
296,2483
474,2518
9,2550
493,2572
70,2573
290,2574
153,2585
452,2598
227,2599
417,2620
242,2624
156,2652
45,2654
371,2660
335,2672
364,2684
172,2731
270,2747
481,2774
490,2794
259,2802
193,2808
138,2811
435,2830
263,2847
232,2849
288,2872
456,2908
217,2920
16,2921
171,2931
274,2969
30,2981
302,3006
334,3063
124,3098
338,3153
81,3159
173,3172
437,3183
389,3273
219,3314
461,3354
174,3384
221,3423
148,3461
125,3555
374,3703
183,3797
142,3953
67,4046
314,4214

simblock.block.ProofOfWorkBlock@420972cc:99
149,59
26,279
11,360
280,449
327,495
102,536
424,578
455,607
218,617
35,664
257,677
76,699
326,716
429,753
349,756
444,759
268,800
19,802
497,826
291,836
436,838
14,844
237,846
39,856
432,877
132,882
381,884
75,891
166,894
244,918
240,919
234,921
301,929
380,931
46,933
355,967
15,971
108,976
358,979
106,985
362,987
140,1006
434,1011
74,1013
65,1016
133,1018
215,1020
383,1023
298,1026
417,1027
258,1028
412,1030
470,1047
397,1048
3,1051
49,1053
269,1055
150,1056
144,1059
480,1065
414,1067
385,1068
292,1071
396,1073
345,1083
323,1096
431,1102
416,1103
202,1106
331,1108
198,1112
197,1115
101,1121
300,1127
169,1131
379,1135
495,1138
33,1138
342,1139
127,1141
438,1143
52,1144
463,1146
177,1147
56,1149
191,1151
308,1152
83,1153
465,1154
123,1155
384,1161
27,1161
338,1177
176,1185
306,1186
486,1186
209,1187
251,1190
80,1193
458,1194
245,1196
404,1199
165,1203
273,1205
388,1211
266,1211
63,1211
111,1212
303,1212
222,1213
281,1219
394,1220
460,1220
289,1220
399,1223
90,1229
359,1230
347,1231
332,1232
343,1234
493,1235
192,1235
47,1236
87,1236
109,1236
264,1241
175,1243
131,1244
96,1246
6,1251
411,1253
440,1253
97,1256
450,1256
42,1269
422,1269
73,1270
403,1274
376,1274
439,1274
312,1275
464,1275
285,1277
134,1279
225,1282
348,1286
147,1289
89,1290
287,1291
205,1291
459,1292
157,1293
32,1293
181,1296
141,1297
16,1300
2,1301
462,1303
370,1308
94,1311
187,1313
238,1313
118,1313
5,1317
37,1319
442,1320
185,1320
151,1321
408,1324
156,1326
447,1327
120,1333
12,1337
20,1339
466,1347
159,1354
57,1354
405,1354
313,1355
126,1357
203,1358
453,1359
361,1360
277,1361
241,1363
31,1364
117,1364
54,1365
494,1367
479,1367
310,1372
487,1372
329,1372
316,1378
216,1381
413,1385
477,1385
325,1385
178,1386
317,1387
402,1392
130,1394
88,1395
468,1395
170,1397
454,1400
496,1403
235,1403
337,1407
228,1409
13,1410
61,1411
249,1418
430,1419
368,1419
22,1423
168,1423
122,1423
457,1425
103,1429
437,1430
476,1430
418,1434
485,1436
220,1439
365,1439
60,1441
441,1443
421,1443
93,1446
247,1448
302,1449
351,1454
113,1455
390,1456
261,1460
488,1468
167,1469
230,1470
188,1476
154,1477
164,1481
469,1482
250,1482
82,1488
135,1488
471,1493
274,1494
53,1499
279,1508
294,1511
433,1511
499,1512
48,1517
253,1520
270,1520
490,1522
162,1529
449,1533
78,1534
44,1534
25,1537
231,1539
137,1541
407,1544
305,1549
443,1552
491,1553
272,1556
353,1557
224,1557
70,1559
309,1560
254,1560
36,1561
121,1564
204,1564
17,1565
475,1567
148,1570
212,1570
406,1572
114,1573
401,1573
8,1575
382,1581
161,1585
473,1591
153,1592
315,1593
160,1594
350,1594
367,1596
319,1600
182,1608
377,1611
484,1616
190,1616
278,1617
211,1620
346,1621
158,1622
307,1629
84,1642
275,1647
373,1648
105,1648
194,1650
472,1660
199,1666
293,1668
128,1669
138,1681
410,1684
311,1690
136,1695
23,1699
99,1702
217,1707
248,1713
318,1713
374,1715
28,1715
208,1717
24,1718
7,1725
425,1726
69,1728
393,1731
483,1732
30,1736
180,1736
409,1739
445,1739
330,1742
196,1745
174,1748
395,1754
59,1754
426,1765
72,1767
363,1768
66,1768
324,1772
283,1773
446,1779
415,1784
71,1788
339,1791
183,1795
340,1795
451,1797
296,1803
112,1807
201,1808
40,1822
116,1828
478,1829
356,1836
419,1841
297,1859
79,1859
186,1862
378,1865
321,1873
29,1890
271,1892
366,1894
452,1900
62,1907
58,1910
386,1910
364,1916
163,1917
265,1920
500,1921
107,1921
333,1921
482,1921
115,1923
45,1934
184,1943
64,1948
398,1950
110,1954
299,1956
18,1958
428,1960
41,1966
336,1970
391,1983
371,1983
104,1992
86,1996
193,2000
200,2004
129,2004
320,2014
360,2016
10,2017
243,2035
252,2038
77,2043
461,2045
246,2059
143,2066
206,2069
213,2085
375,2087
91,2094
4,2096
392,2097
352,2100
260,2115
68,2118
1,2118
119,2122
210,2133
276,2133
284,2140
267,2143
172,2148
467,2155
50,2163
100,2170
43,2172
435,2178
256,2184
67,2209
219,2210
259,2214
387,2222
372,2243
226,2243
344,2245
34,2250
389,2265
282,2269
85,2274
9,2275
400,2286
481,2288
304,2291
173,2295
354,2303
236,2322
369,2322
152,2340
341,2346
92,2349
233,2356
295,2411
207,2411
492,2412
155,2419
95,2436
255,2439
357,2454
98,2460
142,2465
51,2465
239,2502
262,2523
229,2540
489,2548
221,2573
145,2595
420,2612
328,2615
125,2621
146,2631
55,2632
474,2661
448,2676
171,2697
290,2713
195,2720
21,2726
456,2771
189,2789
179,2793
427,2800
124,2852
322,2874
232,2878
498,2884
223,2934
334,2977
286,3029
227,3042
314,3045
242,3122
335,3183
214,3203
38,3226
139,3295
263,3439
81,3452
423,3473
288,3712

simblock.block.ProofOfWorkBlock@e114d9a:100
385,59
468,286
381,370
187,451
285,505
316,534
379,588
101,589
403,621
424,671
87,674
244,679
147,704
323,726
463,753
141,754
301,764
130,766
47,787
126,810
15,812
411,815
192,834
165,836
446,848
17,850
292,857
327,869
150,891
359,899
220,899
228,900
65,901
317,920
442,920
26,929
497,931
251,943
97,948
120,951
349,974
280,982
342,982
404,983
175,984
313,985
365,987
380,992
486,1004
240,1016
397,1016
169,1020
257,1029
80,1031
90,1032
489,1033
412,1037
111,1038
151,1041
291,1058
134,1061
325,1063
106,1066
33,1069
181,1070
35,1074
247,1074
455,1080
347,1084
52,1086
394,1087
382,1089
102,1091
445,1095
355,1097
191,1106
37,1111
269,1118
83,1121
464,1125
222,1125
197,1128
329,1128
163,1132
388,1134
416,1150
117,1154
249,1154
469,1155
300,1160
75,1162
149,1162
277,1164
358,1164
32,1168
254,1168
14,1169
156,1169
20,1172
258,1173
268,1176
19,1182
454,1186
346,1191
436,1198
478,1200
362,1203
361,1204
2,1205
109,1205
225,1206
237,1208
21,1210
434,1210
209,1211
462,1213
490,1214
289,1214
123,1215
198,1230
298,1235
418,1236
74,1242
18,1244
218,1244
431,1247
470,1247
264,1247
312,1249
132,1249
56,1252
340,1252
273,1256
25,1257
376,1260
444,1261
384,1261
465,1266
392,1268
95,1271
144,1272
46,1275
127,1279
370,1286
8,1286
479,1286
55,1288
356,1289
215,1292
166,1293
5,1300
11,1304
493,1305
315,1307
294,1307
230,1310
70,1311
331,1314
425,1315
353,1316
73,1316
421,1317
108,1321
390,1323
76,1324
495,1326
6,1326
42,1328
368,1332
480,1332
182,1338
234,1340
326,1340
451,1342
343,1344
196,1345
224,1346
267,1348
1,1349
94,1354
399,1355
245,1356
201,1358
419,1367
59,1367
116,1372
112,1374
203,1375
429,1378
177,1379
281,1383
415,1385
308,1388
188,1392
146,1393
84,1396
483,1401
473,1409
241,1410
157,1410
401,1411
422,1413
49,1415
168,1416
53,1419
122,1422
58,1428
213,1430
119,1431
338,1432
238,1439
398,1441
133,1444
64,1447
159,1447
458,1448
367,1448
231,1450
158,1450
48,1451
383,1453
27,1454
96,1456
44,1459
51,1464
62,1465
272,1465
248,1469
113,1474
357,1479
29,1479
131,1484
336,1488
494,1490
430,1491
350,1492
204,1493
466,1499
413,1508
351,1508
180,1510
179,1514
410,1515
170,1518
438,1520
235,1523
54,1523
78,1525
3,1528
93,1528
160,1529
450,1530
107,1530
496,1530
386,1534
457,1554
441,1555
321,1556
476,1561
194,1562
405,1565
262,1575
449,1576
459,1578
7,1579
302,1582
396,1582
239,1586
409,1586
205,1591
176,1593
85,1595
286,1596
318,1601
186,1604
88,1605
487,1609
484,1615
447,1619
279,1622
278,1623
500,1638
4,1639
270,1640
105,1642
330,1643
400,1646
164,1648
162,1650
439,1652
212,1655
328,1662
57,1663
114,1665
128,1668
255,1668
210,1668
475,1672
310,1674
440,1688
167,1689
305,1691
477,1693
333,1694
208,1697
432,1699
214,1705
339,1706
363,1707
34,1708
414,1717
184,1718
125,1728
417,1735
199,1739
39,1742
387,1744
178,1747
63,1749
288,1753
236,1757
92,1757
155,1764
242,1765
137,1765
275,1767
499,1769
375,1769
433,1769
91,1770
115,1776
485,1778
143,1779
299,1781
103,1783
121,1787
426,1797
161,1797
492,1798
452,1815
148,1816
348,1818
86,1821
22,1823
154,1824
219,1826
491,1829
377,1830
406,1830
320,1841
309,1843
253,1845
364,1853
402,1853
110,1862
366,1866
140,1870
369,1873
223,1874
303,1878
200,1882
284,1887
423,1888
266,1889
344,1892
306,1897
276,1902
471,1915
104,1915
152,1916
82,1917
153,1917
190,1932
437,1944
207,1945
427,1945
360,1945
173,1946
24,1947
435,1947
36,1954
99,1964
488,1965
460,1968
45,1975
229,1978
407,1980
172,1990
233,1997
98,2002
453,2003
40,2005
324,2009
118,2014
287,2014
226,2029
345,2032
307,2042
332,2045
221,2050
12,2058
71,2059
374,2062
135,2070
428,2090
322,2090
461,2093
217,2103
393,2104
100,2106
13,2125
89,2130
9,2131
472,2134
139,2139
372,2140
352,2140
260,2145
282,2150
61,2152
183,2158
68,2167
259,2169
408,2177
261,2178
283,2187
373,2188
129,2194
171,2197
474,2198
211,2206
66,2207
250,2221
69,2228
448,2231
246,2241
265,2243
67,2250
371,2298
185,2309
31,2315
72,2326
189,2337
274,2350
43,2351
341,2351
456,2360
354,2370
304,2381
124,2385
334,2386
50,2388
271,2400
443,2412
256,2416
263,2428
193,2435
232,2441
314,2443
295,2470
136,2485
395,2485
202,2489
391,2496
195,2498
77,2506
293,2526
60,2565
290,2585
30,2600
297,2621
23,2622
10,2633
138,2649
28,2680
296,2686
174,2693
252,2707
420,2715
335,2735
319,2740
378,2740
481,2743
81,2870
311,2899
482,2914
41,2952
227,2973
38,2992
216,3079
16,3095
337,3277
498,3331
389,3452
79,3581
206,3630
243,3874
467,4114
145,4371
142,4635


simblock.block.ProofOfWorkBlock@6958b099:47
simblock.block.ProofOfWorkBlock@4ab69077:87
simblock.block.ProofOfWorkBlock@2ebe185c:31
simblock.block.ProofOfWorkBlock@2959b97f:19
simblock.block.ProofOfWorkBlock@3e79c4df:87
simblock.block.ProofOfWorkBlock@3dcd6bab:20
simblock.block.ProofOfWorkBlock@7efb623d:69
simblock.block.ProofOfWorkBlock@5474165c:64
simblock.block.ProofOfWorkBlock@725cc956:28
simblock.block.ProofOfWorkBlock@7c0fed85:48
simblock.block.ProofOfWorkBlock@675c2b30:20
simblock.block.ProofOfWorkBlock@285b2c6b:68
simblock.block.ProofOfWorkBlock@5f7276c2:92
simblock.block.ProofOfWorkBlock@67288499:52
simblock.block.ProofOfWorkBlock@41488eda:52
simblock.block.ProofOfWorkBlock@49ff736a:48
simblock.block.ProofOfWorkBlock@6ea86c7e:34
simblock.block.ProofOfWorkBlock@33e10959:56
simblock.block.ProofOfWorkBlock@653e5386:92
simblock.block.ProofOfWorkBlock@577185a8:66
simblock.block.ProofOfWorkBlock@45015a3b:21
simblock.block.ProofOfWorkBlock@e209de:73
simblock.block.ProofOfWorkBlock@c02997f:50
12
12320
