> Task :simulator:compileJava UP-TO-DATE
> Task :simulator:processResources NO-SOURCE
> Task :simulator:classes UP-TO-DATE

> Task :simulator:run
simblock.block.ProofOfWorkBlock@1b2c6ec2:0
123,0
169,215
380,297
480,383
49,438
102,516
382,521
453,557
257,601
342,604
130,605
35,662
228,686
442,688
47,696
62,708
141,738
149,740
338,745
159,760
105,764
394,768
19,770
241,783
166,820
286,820
436,822
5,825
244,826
132,828
289,843
120,853
154,859
175,866
488,877
281,891
472,894
358,901
349,907
468,911
357,915
209,915
179,918
15,918
147,919
356,919
385,924
182,936
497,947
328,950
202,955
381,960
218,963
236,971
135,972
184,976
401,977
14,979
331,985
114,987
74,989
462,992
313,994
32,998
329,1000
215,1004
317,1006
435,1007
220,1013
393,1014
266,1016
42,1029
13,1030
212,1031
414,1032
373,1033
22,1033
20,1042
469,1044
370,1045
28,1045
33,1051
56,1052
11,1052
188,1053
197,1055
379,1063
133,1063
251,1068
131,1070
86,1072
445,1073
484,1074
97,1078
277,1079
301,1079
327,1080
465,1081
486,1086
434,1087
369,1089
352,1089
70,1091
269,1091
426,1091
77,1098
346,1103
156,1104
40,1104
326,1108
190,1111
275,1111
302,1117
206,1122
117,1123
199,1127
471,1128
65,1128
307,1129
108,1132
389,1132
495,1132
292,1132
75,1135
337,1135
464,1136
404,1138
255,1138
144,1141
87,1142
76,1144
449,1147
203,1148
201,1149
210,1149
160,1153
416,1154
396,1155
344,1161
88,1162
18,1162
109,1162
470,1164
316,1164
253,1164
347,1164
254,1165
415,1168
52,1172
454,1174
101,1176
298,1178
84,1179
387,1180
457,1181
340,1183
345,1184
291,1184
363,1184
267,1185
460,1188
485,1192
273,1194
93,1195
85,1196
478,1201
44,1201
310,1206
191,1207
95,1207
235,1208
386,1208
6,1210
430,1211
7,1215
80,1219
233,1219
116,1220
237,1221
366,1222
397,1222
455,1223
321,1224
433,1226
411,1226
83,1228
25,1230
285,1233
280,1235
136,1238
153,1238
343,1239
417,1241
143,1241
57,1242
323,1244
353,1244
192,1248
178,1255
377,1262
208,1262
383,1263
261,1264
177,1269
424,1272
73,1272
494,1273
305,1273
196,1277
450,1278
315,1281
444,1282
300,1283
211,1286
224,1288
355,1291
403,1295
479,1298
8,1299
483,1300
111,1302
451,1303
107,1304
187,1305
60,1306
362,1307
162,1313
325,1317
134,1317
112,1318
351,1320
17,1324
72,1324
167,1326
64,1328
500,1329
245,1332
82,1334
487,1335
399,1338
312,1340
21,1342
279,1342
240,1342
118,1350
54,1355
294,1359
447,1362
204,1363
438,1364
61,1365
412,1368
361,1376
359,1377
168,1377
429,1381
36,1383
225,1387
170,1387
384,1389
463,1390
324,1391
446,1393
320,1397
140,1398
249,1403
157,1407
90,1410
185,1410
100,1412
48,1420
214,1422
27,1424
26,1427
367,1427
392,1428
163,1432
238,1433
200,1440
339,1444
419,1452
231,1454
34,1455
420,1458
58,1462
458,1464
126,1466
258,1467
489,1478
128,1479
431,1483
216,1492
24,1492
473,1497
406,1499
2,1501
270,1501
287,1503
96,1506
388,1506
283,1510
466,1513
272,1519
332,1524
158,1526
303,1528
318,1537
59,1539
413,1541
439,1541
103,1547
496,1549
265,1551
137,1556
122,1559
119,1561
268,1562
259,1565
186,1571
1,1573
9,1576
405,1576
234,1579
410,1581
319,1590
421,1596
376,1602
350,1611
121,1611
99,1612
482,1617
402,1618
322,1625
440,1631
71,1631
4,1637
46,1639
31,1639
398,1644
247,1652
213,1653
309,1659
55,1666
437,1666
51,1673
407,1674
365,1676
165,1676
408,1681
161,1690
113,1690
183,1692
129,1693
260,1694
432,1704
81,1707
151,1708
492,1710
43,1711
360,1715
124,1720
23,1727
50,1728
68,1730
89,1730
418,1732
390,1745
41,1748
491,1748
441,1749
29,1750
198,1760
193,1763
262,1767
452,1775
409,1787
474,1795
378,1795
142,1799
66,1800
30,1804
94,1810
92,1811
207,1812
333,1816
274,1841
104,1841
180,1842
304,1847
150,1850
171,1853
106,1854
391,1854
467,1857
173,1858
174,1859
299,1865
400,1871
271,1871
232,1874
16,1884
476,1886
239,1904
37,1904
499,1904
427,1923
242,1924
79,1928
115,1932
69,1934
248,1943
125,1954
296,1957
306,1963
91,1974
172,1980
78,1985
127,1987
477,1989
395,1992
297,1997
461,2002
293,2016
348,2018
3,2022
222,2026
276,2032
456,2032
278,2058
448,2060
246,2091
264,2094
243,2096
493,2097
375,2100
372,2107
263,2109
155,2121
230,2121
336,2157
148,2161
354,2164
425,2166
252,2190
181,2196
282,2196
226,2238
481,2240
295,2244
330,2247
364,2263
423,2273
164,2274
311,2276
284,2280
422,2306
146,2327
368,2331
110,2339
145,2346
219,2358
152,2364
223,2374
443,2411
229,2411
314,2444
498,2446
490,2449
176,2455
205,2484
217,2495
475,2521
334,2522
98,2580
12,2588
221,2619
428,2624
10,2625
39,2657
189,2660
139,2692
335,2710
371,2744
374,2766
250,2798
138,2826
288,2829
194,2832
38,2919
45,3003
459,3005
341,3074
67,3076
227,3167
63,3178
290,3255
195,3327
53,3351
308,3529
256,3776

simblock.block.ProofOfWorkBlock@4468fda8:1
369,0
366,184
211,240
483,297
103,337
286,354
339,400
315,404
57,412
8,451
428,457
368,461
121,491
476,509
39,511
212,517
282,517
340,548
88,554
447,562
157,568
22,572
7,574
136,581
206,581
163,602
329,603
274,604
253,604
94,614
489,622
72,623
118,631
453,631
408,634
283,639
477,640
412,646
170,660
62,661
471,661
460,662
422,665
16,671
419,676
194,683
459,685
492,685
264,687
156,690
203,692
178,697
202,699
293,702
351,707
216,709
338,712
303,717
231,717
450,718
168,719
414,721
487,723
127,723
86,728
92,728
248,728
393,730
475,733
70,742
279,743
294,745
401,749
28,750
110,751
405,752
309,755
440,756
21,756
311,758
160,765
430,766
155,766
445,767
333,770
406,776
336,777
384,777
51,778
44,779
308,779
488,779
496,780
443,781
91,781
493,784
345,786
427,786
466,789
204,789
63,791
66,800
25,801
29,802
205,803
176,804
85,806
129,807
201,808
154,809
357,811
18,812
305,814
448,814
386,816
392,816
494,819
281,820
441,821
214,822
270,827
58,833
122,834
84,836
124,836
105,837
60,839
321,839
128,840
133,841
457,841
93,842
186,842
343,844
24,846
1,847
140,848
307,852
77,855
236,857
36,861
27,861
199,861
78,862
153,862
330,862
472,864
348,867
439,867
13,868
272,869
432,872
377,872
162,872
31,873
213,875
387,877
224,877
302,880
143,881
278,883
148,883
137,884
200,885
112,886
373,886
167,887
158,887
179,887
185,890
417,894
433,897
89,898
161,898
328,899
352,900
135,900
367,901
239,902
454,903
250,904
83,905
399,909
226,910
113,914
233,915
324,917
350,917
490,920
266,920
451,921
287,921
491,924
319,925
310,925
346,928
458,930
485,930
344,931
40,933
82,933
425,933
164,936
356,936
332,939
473,939
230,940
95,943
402,944
304,945
255,947
437,948
291,950
409,952
61,955
413,958
4,959
484,960
426,965
389,972
116,974
337,976
131,978
449,982
165,985
107,988
228,988
275,989
190,996
184,996
261,1001
17,1002
410,1003
210,1004
312,1007
292,1011
469,1014
415,1016
169,1024
55,1026
237,1027
100,1028
363,1034
320,1034
421,1035
2,1038
500,1042
306,1045
90,1057
188,1060
59,1060
208,1062
478,1062
349,1069
462,1071
285,1076
301,1079
6,1081
3,1082
262,1086
54,1092
331,1093
120,1093
435,1094
192,1098
181,1099
468,1101
180,1102
280,1111
106,1116
499,1120
144,1120
325,1120
175,1135
147,1135
123,1137
64,1145
19,1146
267,1149
238,1150
438,1152
418,1153
218,1153
102,1154
26,1154
470,1161
420,1179
327,1188
383,1189
35,1190
358,1193
33,1193
52,1194
220,1197
240,1200
359,1203
12,1203
215,1206
424,1207
416,1209
298,1210
15,1224
166,1225
47,1226
46,1229
191,1231
442,1231
376,1233
407,1235
254,1235
126,1237
73,1238
257,1240
87,1241
141,1246
486,1247
411,1248
209,1252
381,1258
132,1260
76,1261
196,1265
101,1266
313,1267
455,1270
182,1272
96,1278
497,1284
269,1284
249,1286
149,1286
74,1287
108,1304
479,1306
37,1312
323,1319
117,1322
198,1326
150,1329
75,1335
53,1336
463,1336
247,1344
244,1370
398,1374
97,1374
431,1379
56,1380
251,1381
354,1392
482,1393
242,1394
382,1397
395,1397
480,1400
260,1401
20,1401
65,1402
390,1404
299,1409
197,1410
464,1414
30,1415
429,1428
394,1432
49,1435
353,1440
109,1443
159,1460
273,1460
397,1479
23,1491
14,1495
222,1497
245,1500
334,1510
130,1515
232,1517
297,1530
288,1542
67,1544
317,1545
365,1548
495,1549
80,1550
229,1550
355,1556
9,1561
134,1566
388,1572
436,1580
347,1580
71,1581
145,1592
48,1603
379,1604
271,1604
79,1607
452,1609
227,1611
32,1612
183,1613
290,1616
172,1617
276,1618
45,1626
259,1630
187,1638
342,1651
295,1653
142,1665
341,1689
138,1691
219,1692
152,1696
360,1702
11,1716
370,1721
400,1722
5,1728
396,1741
258,1742
221,1745
177,1750
403,1753
50,1778
474,1779
465,1780
335,1786
241,1786
189,1806
361,1807
444,1821
364,1827
371,1849
119,1886
252,1888
69,1890
380,1897
114,1899
193,1901
404,1912
289,1922
375,1924
225,1927
235,1949
378,1976
41,1978
43,1982
300,1999
125,2009
246,2023
81,2024
223,2061
446,2062
139,2064
316,2070
456,2074
326,2082
111,2094
151,2100
146,2109
362,2118
461,2128
243,2193
263,2214
314,2261
385,2272
434,2273
98,2283
277,2295
34,2305
99,2308
372,2318
265,2325
171,2350
68,2357
256,2359
498,2371
467,2403
318,2452
234,2468
174,2511
284,2568
268,2639
173,2639
10,2646
391,2646
207,2648
374,2734
42,2813
217,2937
115,3011
195,3027
38,3222
481,3312
423,3519
322,3595
104,3877
296,4185

simblock.block.ProofOfWorkBlock@426d7d23:2
161,0
492,156
60,218
51,274
321,311
16,334
315,373
338,385
27,391
466,422
89,429
489,445
487,459
44,459
414,478
122,486
368,486
457,504
88,517
266,520
485,523
118,535
206,542
294,543
250,543
408,549
29,560
190,579
274,579
405,580
440,580
491,591
264,598
447,599
402,600
53,606
437,607
7,609
214,615
472,617
127,627
94,636
110,636
36,637
95,638
200,641
8,646
86,655
309,658
363,663
202,666
216,666
392,666
253,667
224,667
186,667
477,669
356,671
275,675
1,676
377,686
129,688
180,692
185,692
387,696
153,696
282,698
428,699
287,700
178,703
367,704
163,710
18,711
66,712
412,715
396,718
305,719
373,722
459,722
415,723
57,724
448,727
226,727
93,727
490,730
350,731
262,733
70,737
389,737
39,742
236,748
124,750
348,753
211,753
78,753
196,753
25,753
278,756
205,756
443,757
167,758
113,759
272,761
409,766
433,767
302,767
157,768
194,769
208,774
499,775
333,776
85,777
453,779
154,780
419,782
410,782
484,783
62,785
239,786
430,786
496,787
155,788
337,790
82,791
417,793
460,793
210,794
304,796
483,802
176,802
248,806
179,807
386,809
332,810
230,810
213,810
84,813
330,814
494,814
311,815
21,817
427,817
345,817
283,818
156,820
92,820
420,822
105,823
308,823
475,824
399,825
61,827
100,835
393,835
107,835
22,836
261,838
454,839
413,839
279,841
432,842
398,844
54,844
63,845
4,846
164,846
140,846
324,847
346,847
357,851
13,852
58,852
307,857
407,860
471,862
488,864
366,865
306,865
136,867
458,868
203,871
199,872
422,872
425,872
343,874
344,875
449,876
158,878
40,880
445,882
28,882
482,884
103,886
148,886
24,888
162,893
441,893
133,895
121,896
352,898
325,898
12,899
351,902
303,902
135,903
270,903
478,904
293,906
493,907
181,907
184,908
439,908
201,911
476,912
168,914
451,917
231,918
255,918
31,922
72,933
233,934
137,934
473,936
286,941
170,941
339,945
128,949
204,950
426,952
310,958
160,959
340,960
116,960
159,961
212,961
401,967
406,972
254,977
3,984
312,985
298,990
319,991
257,992
369,996
313,1003
55,1004
336,1007
328,1008
450,1010
175,1011
495,1011
215,1013
64,1014
429,1015
323,1015
77,1025
500,1031
191,1038
126,1042
5,1044
188,1044
267,1050
468,1051
435,1066
404,1068
15,1073
75,1074
465,1075
329,1075
258,1077
331,1078
384,1083
73,1085
144,1088
342,1089
182,1092
281,1105
320,1107
96,1116
235,1117
143,1123
497,1127
74,1130
388,1132
376,1132
134,1133
244,1134
292,1141
80,1147
380,1149
431,1152
102,1161
150,1162
37,1168
455,1170
26,1170
91,1172
359,1174
56,1175
326,1175
169,1178
106,1178
46,1182
469,1183
464,1183
434,1183
285,1184
418,1186
424,1188
228,1190
446,1194
416,1198
240,1198
76,1201
120,1205
112,1209
49,1216
358,1219
370,1220
470,1228
130,1229
390,1230
411,1230
486,1231
444,1234
141,1238
147,1244
166,1246
385,1247
209,1249
479,1253
48,1258
383,1261
241,1263
247,1266
442,1267
11,1271
438,1278
20,1279
317,1294
362,1301
280,1303
177,1309
35,1314
463,1318
245,1319
83,1335
87,1340
353,1344
365,1344
277,1348
117,1351
6,1353
198,1354
97,1354
149,1357
301,1364
382,1369
316,1371
498,1374
394,1384
17,1386
378,1391
52,1391
14,1398
327,1408
131,1417
251,1418
108,1418
355,1419
474,1429
462,1432
480,1434
234,1444
114,1445
232,1447
219,1451
374,1464
341,1466
151,1467
269,1475
119,1482
142,1485
322,1485
314,1486
381,1494
195,1501
217,1502
237,1507
260,1509
9,1512
67,1515
139,1522
379,1525
375,1526
421,1527
273,1527
65,1530
218,1533
252,1541
220,1544
23,1544
291,1550
192,1558
347,1558
50,1581
33,1588
249,1588
289,1589
189,1602
238,1604
391,1604
296,1609
271,1613
32,1616
207,1630
360,1632
221,1634
68,1635
123,1640
361,1648
288,1650
47,1653
101,1696
152,1700
90,1700
19,1702
187,1709
436,1709
41,1710
132,1714
227,1715
243,1715
2,1732
98,1737
59,1738
246,1756
222,1757
397,1766
193,1785
109,1789
354,1804
259,1811
111,1822
79,1836
268,1870
452,1878
225,1883
300,1891
34,1893
242,1897
395,1920
99,1922
318,1927
364,1934
146,1950
276,1983
10,1988
295,1989
145,1992
229,2021
174,2029
104,2040
42,2054
165,2063
125,2065
456,2071
71,2105
172,2106
138,2150
43,2177
335,2205
481,2224
403,2227
461,2232
290,2275
263,2278
299,2320
371,2345
349,2397
223,2415
69,2419
115,2425
467,2446
400,2452
284,2489
372,2519
173,2568
197,2570
45,2577
171,2605
334,2629
30,2734
423,2772
38,2856
183,2913
297,2944
81,3016
256,3062
265,3318

simblock.block.ProofOfWorkBlock@62b67ba:3
481,0
241,731
166,947
358,996
169,1029
237,1163
394,1211
158,1238
42,1248
273,1254
257,1258
191,1295
342,1336
111,1345
245,1378
124,1385
420,1411
175,1420
2,1426
177,1428
97,1433
366,1442
134,1467
355,1470
436,1474
329,1476
351,1500
497,1502
404,1507
455,1512
280,1516
347,1516
249,1528
264,1535
251,1548
33,1556
109,1557
289,1558
465,1558
437,1558
433,1562
126,1577
225,1589
49,1591
304,1591
78,1591
108,1594
412,1596
147,1598
495,1600
499,1615
117,1634
310,1639
434,1639
244,1639
325,1640
240,1644
370,1647
12,1648
332,1655
90,1655
403,1656
56,1660
491,1675
281,1676
47,1677
409,1680
182,1680
468,1681
319,1683
421,1684
463,1691
418,1691
59,1691
140,1697
102,1697
39,1700
196,1705
340,1712
396,1718
144,1722
462,1729
7,1731
11,1732
215,1737
236,1737
459,1738
292,1738
429,1739
157,1740
470,1741
365,1745
411,1745
13,1747
16,1748
361,1749
449,1749
425,1751
112,1757
422,1758
197,1758
123,1761
392,1764
327,1766
222,1767
110,1770
94,1770
479,1774
285,1775
192,1778
76,1778
313,1779
188,1779
220,1780
469,1781
269,1784
416,1787
261,1788
453,1792
88,1796
190,1796
381,1802
185,1805
268,1805
228,1806
485,1807
160,1807
159,1808
323,1811
444,1815
478,1816
87,1816
86,1817
15,1819
202,1821
149,1822
209,1825
119,1826
51,1826
161,1826
116,1827
300,1828
57,1831
338,1835
101,1836
397,1841
382,1844
58,1847
205,1850
500,1853
165,1854
476,1855
248,1855
291,1857
75,1859
438,1859
19,1863
448,1865
52,1865
480,1867
73,1869
18,1872
286,1873
346,1874
466,1874
424,1874
198,1875
431,1878
150,1878
369,1878
445,1879
430,1884
417,1885
486,1885
83,1889
133,1891
48,1892
363,1892
26,1894
80,1896
317,1899
442,1900
130,1901
384,1903
446,1903
419,1905
443,1907
141,1908
35,1910
487,1917
224,1918
415,1919
253,1920
439,1923
4,1923
345,1928
203,1928
308,1930
377,1931
447,1932
29,1936
353,1939
85,1941
8,1942
275,1943
53,1944
488,1949
401,1949
262,1949
162,1950
331,1950
287,1951
298,1952
359,1954
307,1955
5,1957
14,1958
230,1962
163,1963
254,1965
349,1970
40,1974
151,1976
388,1978
106,1981
17,1983
156,1985
387,1986
380,1987
398,1990
301,1991
153,2002
390,2003
283,2006
306,2006
84,2010
492,2010
233,2023
212,2025
250,2029
22,2030
74,2035
303,2043
255,2043
464,2046
321,2047
155,2047
231,2048
305,2049
20,2049
114,2049
107,2052
6,2052
343,2053
184,2056
54,2056
65,2058
27,2064
368,2066
336,2072
210,2076
201,2086
258,2088
63,2088
426,2090
118,2093
247,2099
272,2099
376,2102
213,2111
95,2112
326,2113
312,2114
432,2114
238,2115
132,2121
475,2121
194,2125
62,2132
293,2136
339,2143
472,2145
96,2151
120,2153
324,2154
208,2164
435,2167
484,2171
199,2179
408,2179
460,2179
458,2180
413,2184
92,2184
167,2187
32,2190
316,2192
427,2194
122,2199
100,2200
170,2206
493,2208
168,2222
454,2223
99,2225
410,2226
333,2229
318,2230
136,2232
451,2234
72,2237
496,2240
278,2242
357,2246
294,2254
21,2257
1,2266
352,2272
441,2272
128,2284
131,2285
414,2287
270,2287
315,2295
186,2297
55,2302
367,2302
46,2305
450,2308
77,2310
37,2312
477,2314
3,2314
227,2319
356,2320
232,2325
200,2341
375,2344
173,2347
402,2354
135,2354
483,2357
311,2358
246,2361
187,2363
172,2364
152,2364
70,2368
217,2368
474,2372
164,2388
334,2399
373,2400
267,2401
216,2407
341,2412
457,2418
105,2419
371,2423
79,2426
350,2429
189,2435
461,2446
482,2446
68,2451
489,2453
383,2462
243,2469
440,2473
229,2476
393,2477
399,2480
148,2480
395,2484
456,2487
320,2487
206,2489
181,2490
266,2494
362,2495
146,2518
374,2524
223,2525
82,2527
218,2535
176,2538
178,2542
259,2557
36,2564
50,2565
391,2566
260,2576
494,2577
38,2596
221,2597
263,2597
91,2600
276,2601
64,2603
406,2606
104,2609
43,2618
66,2620
121,2624
364,2627
473,2630
174,2636
143,2651
204,2653
180,2655
142,2657
23,2662
277,2664
127,2665
279,2668
400,2684
385,2709
378,2721
288,2722
389,2728
428,2737
207,2748
193,2748
138,2768
471,2774
71,2777
154,2784
93,2797
335,2804
354,2820
405,2824
309,2834
379,2834
61,2839
171,2845
360,2854
296,2861
348,2904
330,2907
299,2913
81,2915
89,2916
372,2916
214,2971
145,2993
113,3011
31,3013
234,3016
103,3019
183,3022
30,3024
41,3031
256,3032
195,3078
407,3082
386,3089
9,3103
44,3148
25,3192
235,3194
282,3202
28,3206
115,3251
24,3257
490,3264
452,3270
34,3275
284,3285
98,3325
274,3340
179,3380
69,3435
45,3467
265,3472
60,3499
219,3502
328,3557
67,3574
297,3582
271,3683
498,3720
290,3726
226,3730
211,3801
467,3825
137,3905
295,3958
302,4087
344,4104
423,4211
125,4287
129,4403
242,4467
252,4528
239,4712
322,4776
10,5024
337,5027
314,5272
139,5533

simblock.block.ProofOfWorkBlock@2a8d91af:4
326,0
327,218
46,306
281,388
75,434
383,473
268,517
291,527
385,604
444,607
396,609
477,651
349,652
102,685
20,698
384,699
431,710
32,734
347,746
277,747
106,766
416,780
329,797
402,800
388,815
65,828
386,829
108,831
497,832
238,832
26,854
51,857
91,874
438,891
300,902
240,909
149,911
83,912
187,913
63,914
218,915
429,917
318,926
141,936
191,937
235,941
253,950
130,962
251,968
332,971
35,979
315,980
270,989
380,992
486,994
147,996
269,998
182,999
244,999
165,1004
430,1008
420,1010
331,1010
197,1014
348,1015
228,1019
119,1021
5,1022
406,1024
470,1037
351,1038
184,1048
362,1053
353,1056
111,1056
469,1061
161,1064
273,1064
87,1064
303,1066
257,1075
413,1075
463,1080
399,1081
381,1082
436,1088
292,1093
488,1094
100,1101
418,1102
42,1109
432,1110
247,1113
151,1115
492,1121
177,1122
118,1122
411,1127
76,1129
88,1131
390,1131
458,1134
280,1137
73,1139
222,1140
78,1140
28,1145
144,1146
462,1147
323,1148
53,1151
6,1152
424,1159
18,1159
363,1162
96,1162
468,1163
140,1164
301,1168
443,1172
450,1172
84,1173
74,1174
358,1174
264,1174
344,1177
414,1178
480,1180
266,1183
134,1185
274,1189
117,1189
230,1190
54,1196
90,1197
425,1199
361,1200
250,1203
495,1210
442,1210
150,1210
15,1210
175,1215
105,1215
487,1215
162,1216
112,1216
192,1217
220,1218
181,1221
56,1222
86,1223
39,1226
19,1227
176,1228
137,1229
457,1229
85,1233
127,1234
93,1236
4,1239
101,1239
59,1242
370,1243
316,1244
14,1244
169,1245
447,1247
180,1249
209,1249
24,1255
401,1255
333,1255
464,1255
248,1260
202,1261
92,1267
328,1273
37,1275
311,1277
236,1283
412,1285
95,1286
494,1289
379,1292
52,1293
466,1297
289,1298
123,1298
376,1299
203,1300
186,1301
80,1305
359,1306
394,1310
205,1311
499,1311
31,1313
109,1317
122,1319
355,1319
417,1323
421,1324
403,1325
294,1325
185,1325
449,1326
49,1329
168,1332
48,1335
22,1336
237,1342
307,1343
352,1348
8,1348
215,1351
275,1354
178,1356
94,1356
12,1359
97,1363
255,1363
398,1366
285,1369
346,1371
343,1373
7,1373
404,1373
132,1376
131,1380
113,1381
345,1381
198,1382
148,1384
55,1386
342,1388
249,1390
302,1391
272,1394
397,1396
204,1398
166,1399
170,1401
321,1407
419,1408
422,1409
490,1409
455,1411
66,1413
454,1414
47,1415
13,1415
33,1417
62,1419
485,1423
21,1427
167,1432
287,1433
324,1434
330,1435
377,1439
72,1443
479,1444
196,1449
245,1452
208,1456
317,1464
434,1466
395,1470
446,1473
77,1477
241,1477
61,1487
465,1489
128,1496
459,1496
120,1501
40,1502
298,1505
441,1505
44,1528
286,1530
409,1531
262,1532
27,1533
99,1535
214,1538
365,1545
258,1551
82,1555
391,1561
179,1562
110,1562
146,1563
339,1566
460,1567
154,1573
439,1574
57,1580
261,1582
320,1586
313,1587
174,1590
11,1590
293,1591
473,1599
254,1600
338,1600
265,1600
224,1602
312,1602
496,1605
64,1608
225,1609
207,1612
158,1613
58,1614
415,1616
374,1620
283,1623
299,1627
136,1627
366,1631
200,1639
297,1651
279,1657
314,1663
17,1664
16,1675
433,1679
305,1681
116,1690
239,1705
107,1705
278,1706
335,1714
368,1714
471,1720
408,1723
138,1726
143,1735
103,1740
129,1745
309,1753
350,1754
489,1759
356,1759
126,1773
216,1776
336,1776
133,1777
171,1781
448,1786
256,1786
3,1787
79,1802
310,1805
199,1806
423,1809
195,1811
9,1813
357,1815
387,1832
382,1835
219,1837
360,1838
226,1848
34,1852
475,1853
217,1863
69,1870
1,1870
68,1872
190,1881
70,1892
135,1895
157,1908
246,1911
81,1915
407,1915
478,1920
104,1922
373,1929
260,1931
472,1936
164,1938
229,1944
295,1945
114,1954
210,1961
139,1971
115,1973
340,1975
231,1987
445,1988
124,1990
410,2006
364,2009
319,2022
400,2029
152,2033
89,2037
267,2043
334,2043
427,2065
451,2069
194,2094
367,2095
392,2103
371,2116
271,2118
288,2122
159,2124
426,2143
500,2152
375,2153
453,2163
428,2171
183,2178
156,2179
38,2193
491,2195
461,2197
41,2197
193,2198
71,2215
304,2223
36,2232
389,2240
405,2272
201,2277
372,2284
2,2296
45,2298
452,2319
369,2321
211,2325
440,2342
25,2344
163,2369
125,2384
284,2405
435,2412
306,2427
173,2437
121,2446
437,2458
325,2471
30,2483
153,2513
308,2525
223,2526
206,2530
60,2550
456,2558
341,2576
213,2609
188,2621
322,2634
393,2637
234,2642
276,2659
50,2665
98,2690
259,2714
212,2724
296,2732
252,2768
232,2781
483,2792
155,2799
484,2815
67,2826
242,2881
482,2898
172,2911
23,2914
43,2948
282,2967
221,2969
160,2978
476,2989
243,3009
493,3076
378,3164
233,3166
498,3195
189,3221
474,3226
29,3254
481,3257
354,3367
337,3427
290,3442
227,3495
467,3668
263,3750
142,3916
10,3997
145,4167

simblock.block.ProofOfWorkBlock@31e2426b:5
99,0
139,349
335,513
223,676
462,763
259,796
125,886
341,901
271,950
329,982
300,1011
371,1052
9,1061
35,1065
456,1141
15,1150
83,1201
81,1207
166,1210
474,1229
370,1232
384,1236
349,1270
115,1277
228,1284
49,1288
227,1295
131,1318
117,1327
79,1343
42,1366
464,1372
23,1385
75,1399
257,1412
97,1419
74,1419
444,1433
111,1435
334,1446
281,1451
217,1452
6,1453
5,1455
331,1465
80,1471
165,1481
177,1484
322,1493
144,1494
132,1501
159,1505
480,1512
197,1516
353,1519
298,1525
359,1530
50,1532
134,1532
361,1538
249,1540
260,1541
238,1546
358,1561
192,1569
102,1580
416,1583
262,1588
289,1589
486,1597
470,1597
452,1600
225,1601
220,1603
109,1606
388,1616
183,1629
479,1633
465,1637
383,1639
251,1646
56,1648
108,1651
190,1660
273,1663
325,1668
2,1669
301,1671
169,1671
326,1674
403,1676
219,1680
215,1680
237,1683
67,1688
355,1689
268,1691
418,1704
106,1705
244,1707
26,1724
399,1733
293,1740
258,1741
234,1741
147,1742
412,1743
120,1744
73,1744
126,1749
14,1750
390,1754
438,1756
68,1759
382,1761
346,1763
362,1764
404,1767
107,1768
411,1774
321,1776
434,1778
53,1780
292,1783
32,1788
152,1790
316,1791
245,1794
318,1796
149,1800
116,1804
436,1807
275,1810
146,1813
286,1814
231,1816
394,1822
274,1822
246,1829
100,1836
96,1837
313,1840
442,1847
414,1848
241,1849
398,1858
378,1860
198,1862
161,1865
21,1868
494,1869
457,1870
181,1871
265,1881
380,1883
91,1883
20,1888
98,1889
240,1890
446,1891
401,1894
182,1897
203,1906
90,1907
339,1909
47,1910
463,1916
406,1923
127,1928
180,1929
253,1930
455,1936
310,1940
427,1944
175,1947
201,1949
129,1950
199,1950
222,1954
156,1955
368,1956
11,1956
188,1964
254,1965
285,1970
87,1972
385,1973
77,1978
103,1982
88,1983
351,1986
94,1988
135,1988
333,1989
484,1991
279,2000
485,2001
101,2002
145,2005
4,2008
377,2009
86,2011
24,2014
263,2016
191,2018
450,2022
497,2022
393,2023
205,2025
495,2027
8,2028
22,2032
242,2039
469,2042
429,2045
122,2048
278,2063
66,2065
210,2066
409,2072
489,2074
468,2074
443,2075
179,2079
270,2085
415,2097
287,2098
212,2104
128,2105
312,2105
288,2106
58,2107
372,2111
211,2111
16,2113
336,2119
34,2121
432,2123
323,2124
157,2126
233,2126
435,2128
185,2129
142,2129
89,2133
473,2133
483,2139
121,2140
3,2143
130,2155
38,2159
239,2164
472,2164
493,2165
396,2167
347,2169
402,2170
202,2171
408,2174
433,2177
476,2178
200,2182
500,2187
255,2188
236,2188
40,2190
449,2197
248,2199
29,2199
261,2206
51,2209
400,2212
173,2214
218,2215
168,2215
224,2223
207,2241
350,2243
306,2249
294,2251
27,2252
332,2259
71,2261
17,2268
376,2271
379,2272
114,2279
105,2284
422,2286
64,2287
421,2289
477,2292
441,2296
76,2297
410,2298
397,2300
324,2305
386,2308
61,2312
85,2315
160,2322
423,2323
461,2327
317,2335
174,2335
419,2340
453,2342
330,2353
92,2365
475,2367
30,2369
95,2376
63,2376
229,2376
226,2379
492,2380
424,2383
43,2387
466,2400
364,2405
41,2420
381,2420
291,2423
232,2426
55,2428
140,2433
354,2453
420,2468
187,2471
348,2472
352,2473
214,2473
123,2476
150,2485
284,2488
208,2493
60,2516
269,2517
196,2518
303,2527
138,2527
280,2531
276,2541
375,2542
65,2543
247,2549
440,2552
141,2563
194,2567
445,2568
189,2570
70,2574
171,2582
153,2603
7,2608
451,2609
297,2616
155,2627
133,2632
365,2642
264,2646
216,2646
363,2679
33,2689
277,2691
373,2710
195,2711
243,2714
328,2740
366,2745
37,2747
447,2752
467,2756
46,2773
482,2774
162,2778
283,2782
213,2784
112,2789
327,2790
48,2801
357,2822
425,2823
148,2846
82,2862
430,2865
154,2875
59,2902
28,2913
39,2921
113,2941
320,2942
52,2950
369,2961
104,2962
299,2963
12,2977
69,2994
36,2995
319,3002
19,3021
167,3038
151,3040
417,3044
342,3051
119,3061
389,3075
31,3092
491,3101
110,3161
282,3170
209,3176
302,3196
295,3205
391,3217
481,3247
172,3251
345,3252
230,3254
143,3271
459,3277
458,3278
235,3328
392,3341
367,3349
176,3369
496,3387
184,3388
206,3391
498,3423
454,3461
18,3477
45,3479
193,3484
221,3498
10,3519
340,3553
164,3564
13,3578
431,3590
266,3640
338,3647
305,3703
186,3721
256,3731
478,3740
309,3743
290,3748
344,3760
314,3768
387,3774
25,3853
250,3877
490,3888
460,3914
428,3941
439,3946
296,3997
437,4007
163,4060
44,4073
1,4085
448,4090
158,4092
204,4150
170,4178
118,4198
499,4245
360,4251
136,4268
178,4309
267,4358
471,4383
407,4422
426,4439
405,4442
487,4461
304,4475
307,4495
62,4555
413,4607
252,4666
308,4775
137,4775
57,4779
337,4787
311,4795
488,4855
374,5001
343,5090
315,5093
272,5123
124,5134
356,5156
395,5168
93,5395
72,5473
78,5496
54,5821
84,6170

simblock.block.ProofOfWorkBlock@53e34cae:6
253,0
459,152
162,208
100,265
494,312
489,325
118,362
133,369
402,385
490,424
406,428
387,441
24,450
294,470
264,474
311,486
428,497
366,509
471,510
77,518
458,528
454,533
178,539
262,545
293,549
440,554
55,574
95,576
343,578
1,589
60,590
275,592
483,593
196,600
163,603
457,607
439,611
435,611
261,619
248,628
28,631
156,639
348,643
336,648
31,651
39,652
315,655
212,657
186,660
450,660
328,661
447,663
350,664
499,664
333,669
92,669
200,670
44,676
472,682
312,687
93,688
124,695
282,695
140,696
338,699
40,701
496,705
422,707
369,713
250,715
88,717
129,717
51,718
453,719
477,720
116,723
29,725
82,726
460,729
337,732
433,733
18,734
319,734
167,735
61,738
451,739
208,741
389,742
190,744
478,744
409,746
363,750
205,757
298,757
401,757
127,758
272,758
412,759
66,760
255,760
89,762
233,766
12,769
188,773
202,774
211,774
352,775
287,779
63,779
203,780
128,784
417,785
213,785
392,786
430,790
445,790
185,792
283,793
54,795
344,796
155,797
476,798
303,802
94,803
107,803
25,803
491,803
346,807
184,810
408,812
279,814
122,814
204,815
157,815
236,816
475,816
415,817
161,818
302,818
270,819
216,823
70,823
239,824
321,825
168,826
86,828
158,829
21,829
121,831
443,832
407,835
448,837
266,840
137,841
53,842
16,843
143,844
176,844
62,844
484,845
105,847
419,851
148,851
199,852
427,853
482,854
160,855
201,856
420,859
492,860
210,860
305,861
286,865
135,867
154,868
179,869
234,870
340,871
85,873
58,875
488,878
351,879
224,879
308,880
356,885
449,886
36,887
367,888
493,889
339,889
57,890
214,891
304,891
126,892
84,894
418,895
368,896
414,896
413,899
437,903
309,905
27,905
377,906
231,907
432,909
306,909
393,910
441,911
136,912
72,913
78,913
345,915
487,916
386,917
141,918
425,920
310,923
500,924
194,929
254,932
113,933
473,934
330,936
357,947
64,951
170,955
373,956
8,957
164,961
426,961
153,965
446,966
278,968
332,969
119,969
466,973
301,974
307,974
324,974
485,975
7,984
405,1008
206,1009
442,1010
187,1013
380,1015
429,1020
267,1022
410,1026
274,1032
91,1034
26,1039
230,1046
46,1047
384,1051
102,1052
22,1056
13,1057
103,1066
147,1066
198,1066
329,1067
370,1072
403,1082
226,1083
56,1084
149,1084
331,1087
323,1089
399,1098
347,1099
220,1106
396,1109
15,1110
180,1116
238,1121
353,1127
37,1132
192,1138
469,1141
120,1142
421,1143
285,1148
468,1154
317,1161
424,1162
245,1164
438,1168
398,1169
110,1175
480,1177
465,1184
280,1185
498,1185
47,1186
497,1188
19,1189
97,1189
464,1192
74,1195
388,1195
436,1205
381,1206
289,1211
80,1211
83,1213
182,1214
101,1221
166,1221
463,1223
114,1224
150,1227
320,1236
379,1236
228,1236
225,1237
35,1237
431,1238
76,1248
175,1250
218,1253
3,1253
258,1255
376,1258
385,1261
117,1264
130,1265
237,1265
20,1269
33,1269
215,1270
247,1271
132,1275
281,1280
112,1283
349,1286
131,1292
96,1304
87,1306
134,1308
111,1308
73,1317
411,1326
4,1326
79,1337
382,1341
479,1353
123,1361
5,1364
322,1365
244,1372
404,1377
249,1379
209,1381
300,1383
241,1395
11,1395
358,1396
371,1399
232,1402
355,1408
90,1409
75,1409
292,1411
71,1419
42,1420
177,1426
444,1428
34,1429
222,1433
41,1439
152,1440
365,1441
169,1443
378,1445
138,1446
106,1458
383,1466
229,1478
221,1482
290,1493
374,1494
68,1498
434,1508
400,1510
17,1511
334,1516
189,1520
181,1523
165,1531
495,1537
361,1546
486,1549
326,1553
455,1560
260,1564
325,1565
48,1570
59,1572
259,1578
14,1580
359,1581
452,1587
265,1591
470,1596
235,1598
195,1603
360,1606
50,1610
6,1614
151,1615
354,1616
125,1618
172,1621
99,1623
462,1637
295,1659
252,1660
291,1681
395,1691
341,1694
327,1696
297,1703
240,1707
104,1712
273,1716
481,1717
108,1720
390,1733
2,1734
52,1743
375,1760
313,1766
277,1769
142,1776
115,1781
397,1784
342,1809
10,1814
335,1850
394,1850
416,1866
268,1878
296,1878
193,1887
191,1889
423,1902
45,1904
159,1904
197,1913
362,1941
65,1954
246,1959
43,1977
456,1986
145,2002
139,2003
276,2016
257,2049
183,2060
269,2061
23,2069
251,2079
242,2093
69,2109
318,2130
299,2136
9,2151
171,2170
461,2176
263,2184
207,2203
316,2225
32,2232
144,2249
314,2271
271,2289
49,2301
243,2366
81,2378
173,2401
109,2404
227,2447
219,2490
284,2517
467,2519
98,2535
174,2569
67,2590
223,2677
217,2694
30,2778
372,2792
256,2799
474,2910
391,2979
288,3067
146,3115
364,3197
38,3268

simblock.block.ProofOfWorkBlock@2593b357:6
443,0
406,172
199,236
422,309
66,368
113,425
203,485
312,554
118,614
294,676
130,846
150,1018
138,1297
189,1580
423,1866
295,2207
375,2553

simblock.block.ProofOfWorkBlock@5cca8100:7
298,0
19,216
96,305
301,393
281,434
109,475
424,516
235,543
370,561
74,598
249,611
73,645
438,653
215,679
280,696
257,704
381,734
35,745
465,760
33,778
222,786
56,787
132,788
309,804
102,819
26,822
185,823
444,829
251,841
97,843
218,868
361,871
462,872
187,874
220,893
342,895
192,903
355,909
431,912
323,921
150,924
237,934
247,951
385,954
317,955
380,957
134,960
155,966
177,968
14,971
175,977
52,977
202,981
479,989
294,994
117,995
365,997
82,998
244,1008
37,1008
130,1010
144,1010
108,1010
480,1017
255,1024
429,1024
379,1035
362,1038
53,1038
349,1038
291,1042
327,1043
331,1045
6,1052
491,1052
416,1053
268,1053
42,1059
5,1061
469,1063
209,1064
182,1065
386,1081
269,1081
300,1082
363,1087
394,1091
398,1095
111,1097
112,1100
121,1109
204,1114
455,1117
101,1118
169,1118
442,1119
358,1120
390,1124
463,1126
83,1135
110,1139
198,1146
228,1146
49,1149
277,1150
387,1150
90,1152
443,1152
325,1153
160,1163
230,1165
285,1165
95,1167
124,1169
468,1173
248,1173
154,1174
17,1175
123,1178
245,1179
273,1180
59,1183
410,1185
25,1188
47,1190
156,1196
289,1201
436,1201
149,1201
141,1201
430,1203
434,1205
311,1206
151,1207
316,1208
421,1209
18,1217
76,1217
333,1218
448,1220
206,1221
75,1222
267,1225
32,1225
470,1228
191,1231
414,1232
315,1233
403,1234
258,1234
254,1234
15,1235
344,1236
120,1237
351,1241
94,1242
27,1250
396,1252
147,1254
54,1259
118,1259
238,1262
293,1262
347,1263
85,1263
326,1263
313,1263
404,1264
318,1267
337,1269
383,1270
65,1271
178,1276
106,1277
445,1280
240,1282
332,1282
497,1284
457,1285
352,1285
48,1286
87,1289
197,1291
196,1293
340,1298
495,1299
376,1300
170,1300
359,1303
13,1303
382,1305
401,1307
113,1309
184,1313
483,1314
131,1314
419,1318
103,1318
92,1319
57,1319
409,1319
292,1319
224,1320
119,1324
40,1325
433,1329
11,1333
432,1334
122,1335
163,1339
29,1339
402,1339
241,1340
46,1344
181,1344
63,1345
384,1345
411,1347
330,1349
312,1351
451,1356
324,1360
406,1365
488,1367
165,1368
328,1370
190,1371
408,1372
262,1373
153,1374
159,1377
158,1377
61,1380
353,1380
446,1384
407,1385
129,1385
489,1391
366,1393
88,1393
31,1395
499,1397
127,1398
466,1399
78,1401
72,1404
1,1406
194,1407
162,1408
447,1408
148,1409
93,1409
343,1412
397,1417
282,1417
2,1423
415,1423
388,1426
80,1427
329,1428
225,1432
356,1432
20,1436
203,1442
216,1442
492,1451
211,1456
213,1457
357,1458
128,1459
464,1459
475,1461
338,1464
168,1466
308,1467
208,1471
417,1488
107,1492
135,1494
133,1494
307,1495
422,1496
16,1503
453,1504
89,1504
427,1508
166,1509
186,1512
12,1512
164,1520
126,1520
320,1520
212,1522
450,1523
440,1531
4,1543
369,1543
205,1544
405,1550
264,1551
302,1554
286,1558
496,1559
377,1565
435,1566
105,1566
274,1568
231,1568
413,1575
350,1576
253,1577
295,1584
188,1585
493,1586
157,1587
58,1592
70,1593
86,1598
136,1600
418,1605
473,1606
478,1608
114,1611
265,1612
137,1620
261,1625
399,1628
299,1629
146,1632
226,1634
500,1637
368,1638
3,1640
275,1644
426,1662
199,1669
306,1670
62,1671
303,1677
420,1682
412,1682
484,1688
339,1695
60,1696
278,1696
321,1697
236,1708
152,1709
79,1712
400,1714
490,1727
64,1732
125,1734
234,1739
252,1740
21,1741
39,1743
425,1747
346,1753
99,1753
217,1761
428,1762
143,1763
270,1764
55,1767
472,1774
167,1785
271,1798
310,1798
341,1799
374,1802
200,1804
81,1813
336,1813
171,1819
297,1825
84,1836
276,1844
193,1846
395,1852
391,1856
373,1862
348,1872
210,1872
229,1873
467,1876
232,1880
494,1885
239,1887
23,1892
260,1897
486,1913
138,1914
116,1919
50,1919
189,1922
139,1924
104,1925
66,1926
441,1930
375,1937
250,1939
180,1940
305,1941
283,1948
45,1964
22,1971
454,1971
43,1977
69,1985
172,2002
161,2010
372,2033
461,2038
393,2039
145,2046
334,2053
68,2057
449,2059
242,2061
195,2062
389,2066
459,2082
477,2100
304,2104
179,2117
367,2121
319,2124
284,2128
34,2142
256,2161
263,2170
227,2171
246,2172
487,2184
498,2188
243,2212
437,2214
115,2217
24,2235
471,2243
173,2253
8,2281
77,2282
259,2290
345,2291
279,2299
482,2307
290,2307
456,2310
288,2310
287,2366
476,2399
207,2409
335,2418
28,2419
458,2421
322,2435
272,2458
51,2466
378,2473
266,2476
474,2478
7,2482
485,2482
183,2532
9,2555
67,2565
71,2568
233,2585
214,2599
100,2603
140,2649
36,2665
38,2682
296,2707
10,2719
314,2728
142,2732
201,2762
44,2777
91,2780
219,2783
460,2822
174,2867
360,2935
439,2938
176,2956
98,2963
371,2967
481,2977
223,2978
452,3032
364,3115
392,3116
423,3204
30,3225
354,3317
41,3366
221,3461

simblock.block.ProofOfWorkBlock@6c54b8f7:8
245,0
222,220
421,301
495,383
398,437
358,465
108,522
119,525
37,603
240,608
52,615
450,638
479,671
251,684
209,694
411,701
80,740
2,742
117,769
182,781
346,786
116,794
61,817
404,817
249,820
436,823
365,825
59,825
130,835
348,846
191,851
235,899
73,902
97,903
465,904
181,906
468,907
168,910
198,912
197,917
151,929
21,931
215,934
394,940
180,942
493,943
157,960
213,968
7,969
206,969
166,969
463,986
15,988
268,989
444,990
62,991
74,991
131,997
112,997
133,998
19,999
488,999
162,1001
480,1007
234,1008
228,1020
257,1021
457,1029
379,1038
128,1038
370,1040
102,1042
361,1044
32,1051
285,1053
84,1062
343,1065
323,1068
208,1074
165,1077
20,1078
126,1079
486,1079
150,1079
327,1081
236,1083
353,1089
446,1089
78,1093
113,1099
205,1099
403,1101
134,1102
127,1103
39,1104
196,1104
431,1118
487,1120
397,1121
422,1121
258,1121
351,1122
317,1122
247,1124
338,1125
333,1126
185,1127
17,1131
76,1132
132,1132
362,1135
342,1135
359,1140
53,1141
445,1141
332,1142
392,1145
220,1149
393,1150
386,1150
470,1151
101,1152
170,1157
462,1158
281,1160
91,1162
278,1162
118,1163
469,1163
218,1164
307,1166
455,1167
109,1174
319,1178
433,1178
396,1178
264,1182
267,1183
277,1185
111,1186
471,1188
241,1188
204,1192
405,1196
357,1199
96,1201
90,1204
301,1205
316,1207
42,1208
425,1210
344,1212
325,1212
140,1213
47,1214
226,1216
6,1217
464,1218
289,1220
430,1221
192,1223
416,1223
83,1226
473,1226
120,1226
254,1227
269,1227
124,1236
424,1237
490,1237
175,1237
129,1238
164,1239
159,1240
248,1240
466,1243
356,1244
347,1246
202,1247
387,1254
499,1256
13,1257
329,1257
36,1261
177,1265
363,1267
75,1268
144,1270
381,1270
56,1272
239,1273
28,1274
203,1277
225,1277
337,1278
366,1279
415,1279
491,1280
349,1288
494,1289
106,1294
65,1295
94,1295
311,1295
385,1299
331,1301
86,1301
383,1305
33,1308
380,1309
26,1310
123,1312
176,1314
432,1315
103,1321
136,1324
283,1326
401,1327
377,1328
427,1331
255,1331
121,1332
279,1333
308,1336
273,1338
448,1339
143,1339
8,1342
376,1342
309,1342
321,1346
35,1347
292,1347
345,1351
122,1357
70,1359
237,1363
496,1365
429,1366
77,1371
439,1372
418,1376
135,1377
22,1378
355,1379
214,1384
141,1386
147,1388
312,1395
107,1397
11,1402
336,1403
87,1403
270,1404
442,1404
184,1409
16,1411
274,1413
460,1417
163,1421
266,1423
399,1423
275,1428
253,1431
367,1432
5,1435
169,1437
48,1439
187,1439
447,1439
298,1442
231,1451
85,1456
369,1459
291,1461
326,1465
230,1469
313,1470
489,1471
18,1480
434,1485
413,1487
286,1489
63,1491
179,1493
40,1497
188,1497
419,1500
388,1501
110,1503
477,1503
408,1503
125,1504
155,1505
492,1506
476,1507
66,1515
320,1516
71,1516
46,1517
420,1519
340,1523
306,1527
324,1528
262,1532
156,1534
409,1538
14,1538
58,1543
328,1551
293,1555
472,1556
406,1571
300,1572
318,1575
114,1575
390,1575
500,1578
282,1578
272,1580
426,1583
410,1586
146,1586
148,1589
211,1590
49,1591
210,1596
395,1599
3,1601
304,1602
459,1605
190,1610
384,1613
79,1626
402,1627
485,1632
305,1634
244,1639
350,1649
378,1650
475,1651
417,1665
443,1665
199,1669
414,1672
428,1673
4,1676
158,1677
43,1679
51,1684
373,1685
55,1688
483,1688
1,1697
315,1700
478,1701
461,1707
238,1707
167,1716
64,1718
440,1725
189,1726
25,1730
200,1736
99,1740
438,1743
368,1745
288,1747
232,1756
449,1756
153,1765
360,1765
382,1766
389,1770
250,1771
172,1773
441,1775
335,1783
149,1785
194,1785
256,1786
44,1788
207,1788
224,1802
81,1815
303,1818
310,1823
299,1832
54,1845
233,1845
9,1845
482,1850
100,1853
139,1855
57,1858
435,1862
193,1863
260,1865
27,1875
302,1876
497,1878
454,1883
407,1889
31,1893
95,1899
23,1908
50,1918
154,1920
400,1921
451,1932
371,1932
212,1944
364,1959
137,1962
412,1964
69,1969
259,1974
29,1986
186,1994
195,2000
142,2023
474,2023
201,2024
223,2035
174,2047
280,2047
458,2048
173,2058
339,2061
330,2063
276,2071
372,2087
297,2100
105,2104
314,2110
12,2129
375,2135
453,2141
252,2145
10,2148
93,2160
89,2168
219,2179
88,2204
271,2218
352,2241
178,2246
34,2271
38,2285
72,2295
60,2303
30,2304
261,2319
216,2335
138,2347
296,2348
160,2350
334,2354
437,2378
341,2389
467,2429
24,2430
92,2433
98,2470
82,2478
452,2520
45,2521
161,2535
221,2537
374,2538
354,2539
287,2555
322,2555
246,2601
294,2609
265,2635
284,2728
243,2766
263,2783
145,2788
41,2791
484,2795
229,2795
391,2807
295,2883
290,2979
115,3006
104,3032
67,3042
152,3045
183,3066
242,3133
68,3259
171,3286
227,3314
423,3383
456,3511
217,3564
498,3648
481,3898

simblock.block.ProofOfWorkBlock@26e3b185:9
398,0
222,2415
479,2499
411,2633
89,2678
108,2716
59,2717
245,2799
465,2803
272,2830
317,2850
161,2864
235,2887
200,2894
150,2898
444,2933
119,2934
240,2934
345,2954
37,2978
251,2979
148,2985
492,3010
437,3014
436,3014
379,3015
495,3015
134,3015
362,3024
303,3037
143,3053
153,3058
404,3061
277,3069
131,3071
51,3072
328,3087
353,3097
151,3102
358,3102
176,3104
331,3106
486,3107
269,3108
216,3115
365,3122
500,3136
16,3139
440,3145
112,3155
218,3155
468,3156
332,3161
122,3163
158,3168
482,3176
421,3186
2,3187
205,3189
301,3189
257,3191
191,3193
407,3193
96,3196
88,3196
463,3202
403,3203
249,3204
124,3205
339,3208
85,3220
63,3222
321,3222
489,3227
8,3231
209,3232
352,3233
289,3234
202,3235
470,3236
198,3237
268,3237
35,3239
471,3242
238,3243
126,3244
460,3249
367,3251
201,3251
487,3255
170,3257
94,3271
285,3271
78,3274
19,3276
111,3276
431,3277
432,3281
137,3284
118,3285
315,3286
101,3287
405,3289
97,3290
214,3291
236,3291
337,3301
449,3304
300,3305
306,3306
401,3309
266,3309
182,3314
95,3314
483,3315
117,3315
342,3315
140,3317
329,3319
323,3320
394,3324
429,3325
273,3325
347,3327
228,3328
86,3329
281,3330
355,3330
25,3331
388,3332
291,3338
425,3339
254,3341
491,3342
20,3342
199,3345
409,3347
206,3350
129,3351
47,3353
250,3355
179,3358
469,3359
294,3363
450,3368
70,3368
166,3370
93,3370
350,3371
164,3372
28,3373
17,3374
413,3374
116,3375
144,3376
278,3376
416,3379
185,3381
7,3386
302,3389
361,3389
40,3390
203,3394
178,3395
368,3396
477,3399
102,3400
73,3401
192,3404
248,3406
282,3407
476,3408
389,3408
52,3408
344,3408
109,3409
377,3409
497,3410
26,3412
184,3414
120,3417
357,3420
455,3420
384,3420
349,3421
33,3422
130,3424
412,3425
308,3425
165,3426
496,3426
393,3426
370,3430
493,3430
6,3430
373,3431
36,3436
211,3437
162,3438
381,3442
80,3447
64,3448
66,3448
127,3450
428,3452
475,3454
177,3454
49,3455
435,3455
76,3457
87,3457
42,3458
204,3459
415,3460
132,3460
424,3461
466,3462
233,3465
91,3466
275,3472
410,3475
457,3478
1,3481
128,3482
490,3483
336,3483
313,3489
462,3492
397,3494
147,3497
380,3502
298,3509
312,3509
343,3510
446,3513
196,3513
445,3515
316,3516
22,3517
5,3518
430,3519
239,3521
261,3521
75,3522
57,3523
13,3525
426,3535
433,3535
369,3536
181,3536
325,3536
385,3538
244,3538
346,3539
330,3545
14,3547
309,3548
326,3556
402,3559
92,3562
376,3567
186,3568
270,3569
443,3569
419,3570
72,3578
324,3579
12,3581
348,3581
267,3582
197,3589
427,3589
262,3590
292,3599
84,3601
439,3603
387,3609
174,3610
156,3613
318,3613
464,3616
338,3616
392,3617
55,3621
15,3629
18,3629
390,3632
333,3632
280,3635
121,3644
46,3644
48,3652
480,3653
340,3657
258,3659
83,3660
110,3670
220,3674
305,3685
226,3686
149,3689
382,3689
133,3690
157,3694
44,3696
113,3698
293,3711
327,3711
420,3711
434,3716
237,3718
311,3719
74,3721
320,3722
383,3726
442,3727
224,3737
106,3742
422,3742
39,3742
32,3742
494,3744
447,3746
58,3751
11,3751
406,3753
225,3754
114,3754
441,3755
488,3757
155,3759
259,3760
60,3761
31,3764
136,3772
417,3782
234,3783
190,3785
215,3786
484,3794
159,3806
283,3807
213,3810
188,3821
241,3823
175,3824
4,3826
65,3830
56,3844
69,3850
81,3854
255,3855
123,3855
341,3856
351,3858
180,3860
400,3861
481,3862
418,3864
77,3865
50,3866
459,3869
79,3869
68,3879
396,3885
458,3889
230,3894
61,3901
193,3907
231,3918
43,3920
160,3921
359,3924
195,3926
23,3927
363,3927
146,3929
399,3929
451,3930
154,3932
168,3935
208,3937
152,3944
319,3946
274,3955
3,3959
217,3965
232,3965
307,3971
296,3972
53,3980
414,3994
219,3998
371,4000
90,4007
474,4007
438,4014
100,4039
408,4044
138,4051
141,4057
246,4063
310,4071
27,4073
62,4075
139,4087
256,4092
187,4096
395,4097
252,4102
21,4103
98,4103
260,4105
135,4105
242,4107
498,4111
304,4112
212,4113
354,4118
189,4119
472,4120
107,4123
456,4128
295,4129
279,4129
172,4141
360,4142
10,4148
194,4151
71,4152
103,4172
467,4176
366,4179
372,4185
247,4192
169,4195
364,4206
287,4217
448,4252
334,4256
485,4277
265,4280
82,4289
264,4300
105,4302
375,4307
314,4316
207,4325
125,4332
335,4346
24,4351
34,4360
473,4365
229,4392
253,4395
142,4399
271,4402
478,4438
286,4474
163,4475
276,4479
223,4483
297,4494
104,4526
183,4531
386,4548
41,4550
499,4569
374,4590
452,4611
210,4669
299,4683
288,4684
391,4690
29,4723
221,4738
453,4751
263,4786
67,4797
423,4845
356,4898
284,4929
322,4953
45,4954
99,4983
145,4993
171,5048
54,5074
9,5096
290,5177
115,5198
30,5201
38,5241
454,5257
461,5281
167,5432
227,5454
173,5623
243,5673
378,5925

simblock.block.ProofOfWorkBlock@6fc72bc9:10
494,0
294,150
459,211
422,268
16,299
31,326
167,356
357,360
458,390
44,414
39,416
64,449
275,449
186,453
185,470
168,474
140,475
85,507
312,508
262,508
308,511
428,528
88,531
157,532
309,533
293,548
82,563
387,564
475,564
352,564
62,573
121,585
25,589
70,591
158,592
230,597
54,597
113,603
206,619
321,622
236,624
351,631
412,631
407,632
454,638
61,643
478,649
399,650
339,653
180,656
307,657
328,657
363,658
18,662
94,663
303,670
264,677
33,677
248,678
214,679
203,681
366,682
430,685
310,688
346,689
453,689
333,692
170,694
208,696
401,702
405,709
261,711
127,714
179,715
448,715
489,716
482,716
435,717
1,717
287,717
343,720
148,721
72,723
154,724
176,729
286,730
162,734
408,738
451,739
278,739
439,743
124,744
216,744
21,744
137,745
107,747
239,747
184,750
340,751
305,751
233,752
143,754
493,754
40,759
427,760
406,768
338,770
190,772
499,772
110,773
200,774
449,775
91,776
315,776
116,777
348,778
472,778
443,779
36,780
420,781
160,782
27,786
199,788
414,788
425,789
332,790
53,795
58,796
477,798
128,799
306,800
118,800
417,801
373,801
155,802
450,802
367,803
95,809
28,810
344,810
226,810
402,812
437,813
473,814
77,817
22,822
3,823
311,826
250,829
392,829
433,829
66,831
63,831
413,832
12,833
164,833
283,835
204,836
488,837
369,837
213,839
51,839
60,841
440,842
492,843
460,844
441,845
419,845
126,847
105,848
496,850
491,851
279,854
302,856
485,858
201,858
103,859
274,859
78,859
212,859
211,863
432,865
231,866
476,867
161,868
24,869
447,870
409,870
393,871
471,871
272,872
156,876
133,882
336,885
455,886
337,887
345,888
319,889
210,890
483,894
135,895
282,895
100,896
457,897
377,899
266,900
487,900
500,905
205,906
7,908
129,909
8,916
330,916
255,921
490,923
389,923
368,925
181,928
426,929
466,934
270,935
415,937
93,938
122,939
253,939
92,939
320,946
4,949
446,954
350,955
13,956
178,963
202,963
224,964
84,972
29,973
196,979
257,979
324,980
55,981
89,985
410,996
57,996
479,997
267,1003
379,1006
14,1010
356,1011
86,1013
300,1016
169,1018
11,1019
136,1021
304,1022
244,1027
153,1033
80,1034
194,1034
191,1037
484,1042
222,1054
486,1057
163,1059
480,1065
131,1065
166,1074
112,1075
376,1078
75,1081
445,1091
411,1092
234,1093
385,1095
326,1097
436,1099
403,1103
442,1111
188,1116
444,1123
197,1123
421,1124
83,1131
109,1137
498,1138
20,1149
144,1150
209,1152
117,1163
424,1165
132,1169
90,1175
347,1178
238,1181
383,1183
384,1183
46,1186
123,1191
182,1194
382,1199
495,1199
87,1202
355,1204
48,1206
468,1208
292,1208
277,1209
359,1211
361,1211
416,1213
149,1213
280,1215
386,1226
362,1232
215,1232
418,1233
37,1235
251,1236
74,1237
329,1239
353,1244
497,1246
106,1248
404,1250
323,1251
470,1252
59,1253
281,1265
192,1265
273,1265
254,1268
291,1275
120,1279
134,1281
318,1291
228,1292
289,1293
38,1305
225,1323
269,1325
35,1325
288,1362
73,1364
42,1365
394,1370
41,1372
380,1373
183,1375
438,1377
101,1381
247,1386
301,1400
298,1403
151,1405
434,1407
130,1408
34,1410
114,1413
15,1422
378,1424
341,1424
47,1426
242,1427
102,1428
138,1429
142,1430
187,1434
96,1436
232,1440
241,1441
229,1450
76,1455
98,1460
397,1461
175,1463
218,1464
299,1485
296,1486
481,1493
147,1496
268,1496
227,1496
354,1498
235,1499
23,1526
375,1539
370,1543
327,1544
317,1544
240,1558
263,1563
195,1565
349,1573
249,1574
313,1582
2,1582
146,1583
99,1587
32,1598
165,1604
111,1607
290,1607
245,1611
189,1624
358,1625
452,1627
6,1637
260,1654
463,1673
431,1674
145,1709
198,1713
220,1715
17,1717
400,1718
43,1723
316,1729
125,1733
314,1736
150,1747
50,1749
19,1759
115,1763
322,1776
462,1778
159,1779
456,1780
258,1781
469,1791
465,1794
365,1808
69,1827
390,1850
193,1857
335,1871
461,1874
325,1884
68,1890
5,1906
108,1918
464,1934
219,1936
396,1947
331,1951
177,1955
97,1964
119,1983
284,1996
104,1999
79,1999
81,2006
152,2007
56,2020
10,2022
237,2056
429,2089
259,2093
52,2110
141,2136
49,2162
71,2166
342,2189
391,2195
295,2213
398,2226
374,2230
223,2252
26,2265
372,2281
217,2282
388,2283
246,2283
30,2290
65,2337
243,2359
371,2425
381,2446
285,2456
221,2473
423,2484
171,2511
297,2552
174,2585
265,2595
67,2620
334,2714
395,2726
252,2737
9,2759
256,2773
364,2906
172,3009
207,3025
276,3041
467,3054
474,3193
139,3305
360,3317
173,3395
271,3595
45,3619

simblock.block.ProofOfWorkBlock@25b71436:11
61,0
427,150
239,207
113,269
231,300
458,329
110,358
428,360
170,388
343,417
93,419
168,423
309,451
8,463
206,476
350,478
312,478
186,481
311,507
253,508
387,512
363,521
176,536
443,537
283,538
425,538
494,540
7,566
294,567
51,571
86,572
422,584
308,593
402,597
185,598
226,600
188,601
25,606
201,607
420,612
137,623
450,624
261,626
351,628
440,629
319,629
162,639
407,643
348,644
133,653
153,656
255,660
103,663
13,663
293,666
122,668
230,668
489,670
39,671
475,674
140,681
164,682
366,685
88,686
233,687
412,688
4,691
12,691
262,695
477,697
204,698
179,703
346,704
368,705
116,710
199,710
55,715
491,719
339,720
121,720
213,723
24,724
457,724
16,724
482,725
484,727
100,733
212,734
70,735
128,737
167,739
95,743
345,744
264,746
91,747
21,748
413,749
178,750
29,751
275,753
415,755
352,759
453,763
419,763
279,764
451,766
156,768
476,770
310,770
286,771
439,776
466,778
82,779
324,779
57,781
250,782
483,783
236,784
332,785
89,786
182,788
22,788
180,789
18,789
129,790
367,794
72,795
344,798
94,800
448,802
333,805
302,807
66,809
77,810
78,810
488,813
406,815
492,821
315,821
303,821
40,822
62,823
373,823
205,824
392,824
430,824
218,826
304,827
160,828
44,829
84,829
127,832
460,833
155,834
328,834
216,835
118,835
63,836
447,836
60,838
337,838
459,838
54,843
158,844
433,844
500,846
85,846
36,847
107,849
449,849
287,850
389,855
472,856
414,859
190,862
64,867
499,868
154,870
157,871
320,871
278,873
1,875
445,876
208,877
401,878
485,880
282,880
409,883
417,884
307,885
408,889
135,889
405,890
393,891
92,891
184,892
455,893
473,894
426,894
161,895
369,897
454,897
266,900
27,900
214,901
340,905
196,911
321,911
31,914
377,914
394,919
399,922
200,924
471,925
435,927
136,930
410,934
194,935
202,936
490,937
272,944
105,946
224,946
203,946
58,949
432,950
493,951
357,952
441,954
143,956
496,960
306,964
384,965
270,966
421,966
356,980
437,982
411,984
248,987
124,988
305,988
28,994
112,996
144,998
390,1002
159,1008
192,1010
487,1011
416,1021
177,1025
126,1029
130,1032
285,1036
469,1038
289,1045
478,1046
338,1050
148,1055
209,1057
291,1067
211,1070
468,1072
3,1072
46,1076
15,1076
330,1080
131,1080
65,1085
166,1091
403,1091
269,1094
149,1095
2,1095
163,1102
37,1106
225,1112
267,1113
14,1113
349,1114
244,1115
431,1120
280,1126
56,1126
48,1130
198,1134
191,1136
386,1138
35,1145
358,1147
74,1148
397,1148
336,1158
220,1160
273,1164
254,1164
132,1164
169,1173
134,1178
444,1179
235,1179
376,1182
222,1186
52,1195
274,1196
87,1197
106,1197
479,1198
197,1204
497,1204
141,1205
102,1209
6,1214
53,1215
90,1217
462,1219
361,1230
50,1235
398,1237
76,1237
97,1243
73,1246
342,1247
424,1252
147,1253
108,1254
383,1255
120,1261
11,1264
470,1264
117,1265
75,1267
83,1269
210,1274
241,1279
288,1280
465,1288
234,1289
353,1292
47,1293
313,1299
19,1304
322,1308
388,1309
151,1319
464,1338
318,1339
195,1339
96,1344
277,1349
382,1349
237,1351
175,1364
189,1367
281,1369
238,1372
187,1374
436,1374
123,1375
379,1377
165,1378
79,1379
111,1399
290,1402
327,1412
365,1414
370,1416
298,1427
114,1438
292,1441
347,1449
247,1449
42,1451
240,1457
193,1462
32,1464
299,1468
33,1474
49,1485
245,1488
80,1507
378,1508
215,1514
260,1520
317,1520
23,1522
442,1522
362,1527
41,1531
146,1535
242,1541
329,1542
181,1544
404,1544
142,1545
228,1546
341,1566
446,1570
243,1571
219,1573
17,1582
359,1584
300,1588
26,1598
314,1604
115,1607
325,1611
59,1614
171,1621
360,1624
385,1634
396,1636
296,1652
380,1653
251,1657
98,1659
69,1660
68,1663
434,1668
463,1677
355,1687
418,1693
295,1710
331,1717
301,1733
263,1751
67,1752
119,1766
256,1772
486,1773
20,1784
438,1806
101,1814
125,1822
257,1828
227,1838
480,1838
43,1849
374,1854
326,1862
173,1863
207,1871
284,1875
335,1889
252,1894
258,1896
323,1903
104,1940
429,1952
481,1970
354,1975
268,1997
375,2058
334,2061
71,2061
45,2068
221,2075
138,2096
34,2098
498,2121
99,2128
371,2129
249,2137
456,2140
229,2142
364,2159
495,2169
145,2179
152,2186
372,2189
183,2215
174,2269
381,2313
5,2343
276,2360
223,2366
400,2389
246,2393
9,2410
232,2425
452,2468
297,2474
259,2481
150,2486
316,2517
30,2681
109,2694
461,2723
467,2740
395,2773
81,2964
423,3002
271,3066
10,3254
391,3331
172,3354
265,3561
474,3627
139,3639
217,3910
38,4209

simblock.block.ProofOfWorkBlock@5fbdb31a:12
416,0
383,225
197,311
497,393
20,453
218,474
166,531
326,539
5,559
359,613
49,617
384,621
35,643
141,683
240,690
468,704
52,719
241,747
46,755
119,765
149,774
431,778
396,787
270,810
340,818
225,837
289,837
327,845
331,848
244,849
291,857
15,863
65,863
470,871
368,896
175,906
411,909
47,921
237,922
159,928
300,932
215,938
56,946
421,947
132,949
407,951
469,952
447,964
212,970
59,984
352,987
102,992
235,993
126,994
339,994
144,998
182,1005
404,1006
385,1010
318,1015
73,1024
445,1027
370,1028
78,1029
234,1030
74,1031
455,1035
93,1044
477,1044
434,1055
342,1058
106,1062
187,1069
198,1070
76,1073
365,1077
236,1082
394,1084
347,1084
429,1086
277,1087
27,1087
351,1090
281,1090
177,1092
101,1094
464,1096
388,1099
345,1105
168,1108
238,1108
6,1109
109,1111
209,1112
280,1116
414,1117
84,1117
57,1120
363,1122
188,1126
169,1135
230,1135
222,1138
436,1139
313,1140
75,1143
294,1148
114,1152
112,1154
160,1156
380,1157
11,1158
192,1159
264,1160
268,1161
19,1168
90,1169
387,1171
199,1171
2,1172
108,1175
87,1175
397,1176
80,1178
25,1178
338,1179
185,1182
449,1182
492,1182
134,1185
245,1187
269,1188
382,1191
444,1193
446,1194
462,1198
292,1199
377,1200
392,1204
118,1206
401,1218
353,1220
96,1220
111,1221
317,1221
255,1229
361,1233
120,1236
303,1237
480,1237
402,1238
48,1239
22,1239
131,1239
26,1243
466,1243
362,1245
94,1247
33,1248
495,1249
220,1250
151,1250
457,1254
130,1256
200,1256
228,1257
251,1257
257,1259
24,1267
117,1268
113,1268
438,1269
403,1272
355,1276
471,1278
344,1282
165,1284
14,1289
410,1289
153,1291
308,1293
140,1293
301,1296
258,1297
181,1299
54,1299
150,1304
479,1306
323,1312
350,1314
329,1320
476,1325
12,1325
147,1326
253,1328
203,1333
298,1336
191,1338
77,1339
376,1344
419,1345
489,1347
430,1350
463,1355
249,1355
123,1358
162,1358
398,1359
88,1359
146,1367
214,1368
40,1368
458,1373
32,1373
325,1374
305,1374
82,1374
484,1375
178,1375
442,1382
390,1385
254,1387
465,1391
42,1391
128,1400
486,1402
420,1408
316,1408
443,1409
183,1411
233,1415
224,1415
129,1419
83,1422
321,1422
17,1424
432,1425
315,1425
482,1427
343,1428
184,1428
275,1433
37,1435
28,1443
450,1443
161,1445
283,1447
105,1448
309,1450
379,1456
122,1460
85,1460
358,1462
127,1467
110,1469
424,1474
302,1474
262,1477
97,1477
121,1483
381,1486
18,1492
409,1495
494,1498
265,1503
374,1507
285,1507
418,1508
499,1510
279,1516
406,1519
373,1523
425,1524
154,1528
426,1531
278,1533
451,1538
324,1540
399,1540
86,1546
89,1546
460,1549
267,1551
413,1553
21,1554
136,1566
354,1568
349,1568
202,1574
163,1583
170,1584
135,1585
4,1586
306,1588
307,1591
475,1598
208,1601
211,1601
304,1603
66,1603
273,1610
173,1616
272,1618
405,1621
206,1622
194,1624
348,1629
60,1629
485,1637
34,1639
176,1641
461,1647
395,1647
71,1649
247,1650
8,1652
1,1652
103,1653
7,1656
104,1660
107,1679
311,1681
412,1692
287,1694
332,1700
133,1718
16,1721
417,1722
415,1724
296,1724
246,1725
190,1725
100,1731
64,1732
231,1740
91,1745
487,1754
478,1761
483,1762
201,1770
145,1772
157,1775
72,1777
364,1777
207,1778
500,1779
193,1784
360,1792
428,1800
474,1800
335,1803
137,1804
216,1805
454,1805
439,1815
271,1815
195,1816
333,1826
422,1832
67,1832
330,1834
138,1843
357,1845
62,1855
297,1856
260,1864
261,1871
346,1873
219,1877
9,1889
312,1894
481,1899
43,1903
441,1903
433,1907
488,1909
496,1910
92,1913
204,1928
472,1929
400,1933
266,1945
210,1947
98,1947
167,1949
3,1954
171,1972
143,1979
61,1982
437,1984
58,1991
243,2018
39,2020
408,2028
99,2038
186,2060
50,2068
490,2075
152,2075
452,2080
51,2080
319,2086
196,2089
467,2089
356,2102
427,2121
299,2124
367,2125
337,2128
13,2130
29,2154
23,2157
290,2158
435,2161
372,2183
63,2194
274,2209
44,2237
498,2238
158,2250
286,2265
369,2266
69,2277
320,2277
282,2296
473,2319
55,2328
375,2330
491,2346
53,2369
391,2374
293,2382
30,2409
453,2442
493,2452
336,2453
229,2474
70,2488
393,2502
221,2504
180,2520
341,2528
155,2545
148,2556
334,2567
284,2580
310,2627
239,2637
116,2640
389,2664
226,2683
156,2698
36,2720
456,2731
217,2752
79,2804
124,2810
38,2816
232,2830
213,2842
223,2847
95,2859
250,2874
459,2893
68,2983
448,2986
371,3002
386,3026
440,3044
164,3049
259,3052
423,3073
205,3075
378,3078
179,3218
115,3227
295,3235
248,3254
174,3255
189,3274
142,3300
41,3330
31,3391
366,3432
81,3492
227,3524
328,3564
276,3577
45,3639
242,3747
125,3767
263,3777
172,3825
256,3893
288,3994
252,4006
139,4254
10,4509
314,4757
322,5007

simblock.block.ProofOfWorkBlock@6b96a3a5:12
374,0
480,806
403,1161
436,1522
353,1889
59,2246
97,2599
197,2956
235,3310
469,3669
94,4075
211,4471
309,4870
272,5281
154,5689
319,6089
451,6485
93,6883
307,7282
71,7753
265,8227
81,8722
98,9216

simblock.block.ProofOfWorkBlock@28d8adca:13
182,0
394,217
396,300
353,397
132,434
495,483
347,515
46,523
97,565
74,600
429,606
83,618
480,651
130,651
313,685
497,687
277,699
245,709
131,737
35,740
291,740
326,746
358,771
59,788
249,790
240,794
102,818
33,823
384,839
444,842
362,844
368,867
468,867
251,874
257,874
209,876
281,882
19,901
349,903
225,906
306,911
317,916
370,922
329,926
222,928
280,928
380,953
228,956
238,958
159,959
90,963
15,965
164,966
327,969
331,976
117,986
486,987
379,990
268,998
292,1005
191,1006
421,1011
390,1011
301,1014
119,1016
293,1019
236,1019
94,1021
411,1022
269,1035
436,1036
479,1040
194,1042
463,1043
123,1049
273,1049
383,1054
157,1056
14,1058
56,1061
147,1062
430,1064
318,1065
465,1066
469,1069
26,1071
144,1073
93,1078
198,1082
339,1085
101,1086
134,1089
109,1090
403,1093
397,1098
220,1100
18,1113
52,1116
149,1118
75,1120
361,1123
449,1123
424,1123
126,1124
218,1128
154,1132
120,1132
205,1135
285,1136
462,1140
323,1143
434,1144
235,1146
5,1146
73,1147
206,1148
177,1149
42,1149
49,1155
108,1156
237,1163
365,1169
1,1171
166,1174
17,1174
21,1177
85,1182
114,1182
162,1183
454,1183
192,1184
150,1186
328,1188
442,1188
6,1190
422,1194
32,1197
234,1201
300,1206
106,1207
4,1208
61,1212
343,1212
212,1214
279,1217
84,1218
298,1222
355,1222
325,1223
438,1223
490,1225
258,1227
155,1227
398,1228
65,1229
428,1229
165,1232
48,1232
294,1234
381,1237
70,1241
20,1241
187,1241
418,1242
180,1249
345,1258
385,1262
289,1263
253,1264
37,1269
316,1270
80,1271
24,1274
267,1275
204,1276
239,1283
233,1286
440,1288
491,1289
244,1289
40,1292
215,1295
66,1297
141,1298
110,1306
248,1306
76,1307
107,1309
404,1312
416,1319
31,1322
376,1323
2,1324
278,1325
446,1326
203,1334
473,1337
412,1340
308,1341
28,1342
417,1345
346,1347
431,1349
87,1350
254,1352
11,1355
63,1361
488,1362
388,1363
151,1363
464,1365
175,1368
401,1368
170,1370
340,1371
54,1371
224,1372
487,1373
393,1377
352,1380
382,1381
414,1384
350,1385
307,1387
304,1389
181,1394
210,1399
184,1400
77,1401
470,1404
437,1406
124,1407
338,1408
367,1409
247,1412
255,1417
185,1421
489,1421
105,1424
399,1424
283,1425
57,1428
112,1430
47,1431
231,1434
22,1444
342,1447
156,1450
129,1454
415,1461
188,1463
359,1468
44,1469
435,1470
419,1471
128,1473
441,1474
433,1478
118,1480
190,1486
163,1486
272,1486
169,1487
351,1489
387,1490
344,1494
409,1494
471,1496
305,1500
95,1503
176,1513
241,1513
406,1516
499,1519
196,1521
82,1521
230,1524
197,1533
96,1534
36,1534
122,1540
29,1547
286,1549
211,1550
330,1555
275,1557
332,1557
111,1573
153,1577
51,1577
3,1578
405,1579
492,1581
413,1581
450,1581
167,1581
337,1584
287,1585
133,1589
460,1592
266,1594
27,1598
348,1599
135,1603
202,1604
201,1608
274,1611
68,1613
309,1613
13,1622
261,1623
178,1626
319,1631
321,1631
121,1637
377,1643
99,1644
60,1644
72,1644
288,1646
496,1655
143,1660
455,1661
127,1664
25,1667
392,1667
375,1667
336,1672
459,1677
146,1689
168,1695
161,1696
453,1698
104,1705
50,1706
324,1710
443,1725
45,1727
386,1735
457,1738
217,1740
425,1754
271,1758
369,1759
410,1759
41,1761
199,1762
250,1762
69,1767
214,1769
282,1772
145,1778
200,1779
451,1779
482,1781
160,1782
221,1787
23,1788
311,1788
378,1791
260,1798
407,1799
466,1801
158,1806
103,1812
299,1814
34,1814
448,1816
439,1816
246,1818
208,1818
207,1834
395,1840
320,1842
494,1853
354,1868
334,1870
136,1872
474,1877
391,1878
139,1891
173,1895
62,1902
364,1904
195,1905
485,1906
360,1915
91,1917
478,1918
374,1923
43,1924
461,1927
333,1933
64,1937
296,1939
276,1945
357,1946
213,1948
477,1949
366,1954
356,1962
408,1963
88,1968
100,1983
137,1987
113,1990
458,1990
53,1996
265,1999
92,2011
371,2012
98,2018
373,2028
335,2030
372,2049
484,2050
216,2092
284,2101
193,2102
426,2121
223,2122
427,2124
38,2126
55,2129
270,2138
86,2156
171,2163
229,2163
475,2167
227,2171
172,2192
125,2193
498,2197
402,2206
79,2211
423,2236
467,2302
420,2310
445,2328
252,2360
456,2404
297,2412
322,2412
71,2430
30,2444
242,2446
259,2468
152,2532
452,2555
115,2586
226,2601
243,2604
9,2661
183,2668
10,2695
400,2723
189,2735
256,2779
174,2803
67,2806
219,2836
481,2857
295,2916

simblock.block.ProofOfWorkBlock@6ca623d5:13
209,0
218,218
495,303
215,384
444,434
228,470
416,523
175,604
291,605
437,646
240,686
470,687
329,706
5,741
149,776
342,782
269,789
420,798
169,821
35,824
330,825
409,856
73,860
480,871
331,885
197,905
134,910
434,916
8,918
31,947
101,956
19,967
478,980
158,983
497,988
388,992
289,997
307,999
244,1004
13,1009
186,1011
190,1037
309,1040
486,1045
42,1051
397,1052
407,1067
473,1067
86,1069
383,1071
464,1077
141,1081
15,1087
262,1103
231,1124
490,1126
393,1131
52,1133
127,1133
366,1133
47,1137
131,1143
438,1158
177,1158
135,1159
162,1167
436,1171
214,1180
210,1183
422,1188
459,1192
62,1201
255,1207
28,1208
248,1215
64,1216
124,1217
166,1217
7,1219
412,1225
113,1225
49,1237
471,1242
310,1244
387,1246
351,1249
180,1253
204,1257
1,1265
155,1265
261,1266
168,1271
110,1277
88,1281
157,1283
21,1283
483,1298
359,1306
293,1311
287,1318
241,1321
203,1324
16,1325
419,1328
200,1330
281,1330
22,1335
279,1338
460,1341
406,1342
176,1346
337,1347
196,1349
102,1351
405,1356
163,1357
154,1361
494,1367
58,1373
55,1374
443,1379
92,1381
226,1386
117,1389
352,1391
94,1392
199,1392
477,1394
140,1395
399,1398
118,1399
267,1400
105,1401
414,1406
123,1407
103,1412
53,1420
340,1420
282,1425
211,1431
233,1435
230,1437
148,1438
315,1439
274,1440
345,1448
63,1449
93,1452
160,1452
133,1454
136,1455
304,1456
224,1458
129,1464
369,1469
75,1473
294,1475
455,1475
482,1476
44,1483
382,1488
153,1495
61,1499
463,1500
24,1501
78,1504
487,1508
430,1508
57,1511
457,1511
283,1513
433,1516
18,1518
264,1520
305,1520
453,1520
355,1527
458,1528
392,1529
402,1531
386,1533
302,1533
27,1545
333,1550
278,1553
85,1555
146,1557
66,1563
429,1566
116,1567
253,1568
216,1570
410,1570
466,1571
239,1573
500,1576
147,1576
432,1578
12,1585
275,1586
91,1590
122,1593
107,1594
265,1610
128,1611
485,1617
20,1620
188,1626
25,1627
205,1632
435,1633
442,1634
100,1641
476,1643
273,1645
270,1647
185,1649
325,1652
395,1659
449,1663
462,1663
368,1674
250,1677
348,1685
417,1689
39,1690
258,1691
95,1692
415,1693
311,1695
179,1699
212,1701
170,1703
26,1706
208,1710
97,1716
403,1716
90,1736
292,1747
119,1747
447,1747
339,1747
489,1748
206,1758
191,1760
472,1763
332,1766
80,1780
334,1784
390,1792
234,1795
194,1805
319,1806
9,1808
496,1811
347,1820
469,1821
30,1824
178,1824
112,1843
308,1846
142,1857
126,1859
164,1866
14,1867
300,1869
84,1869
156,1872
413,1872
2,1877
198,1880
143,1881
120,1889
109,1895
183,1898
303,1907
111,1909
193,1915
139,1917
374,1918
353,1919
236,1923
418,1924
474,1928
192,1930
235,1930
322,1937
285,1954
381,1971
396,1989
151,1992
385,1993
421,1995
32,2012
376,2013
238,2019
11,2020
181,2038
428,2040
202,2048
165,2050
499,2052
323,2053
217,2056
232,2061
207,2065
424,2067
354,2083
17,2089
132,2097
51,2099
498,2112
362,2115
297,2126
247,2140
245,2142
316,2144
481,2145
187,2162
349,2165
106,2181
446,2183
98,2192
251,2193
452,2201
23,2203
284,2213
493,2217
37,2218
130,2219
357,2225
161,2226
172,2229
378,2234
43,2234
41,2236
461,2253
398,2266
358,2267
83,2267
441,2273
246,2275
379,2288
96,2314
10,2333
171,2348
263,2348
182,2358
159,2365
150,2388
89,2392
326,2398
426,2400
33,2419
327,2435
249,2436
404,2443
371,2445
286,2449
423,2453
268,2458
174,2461
335,2472
219,2476
380,2486
221,2488
400,2489
152,2497
69,2507
296,2513
317,2530
144,2536
59,2547
34,2559
36,2569
108,2571
6,2588
71,2604
394,2606
384,2606
298,2615
227,2625
465,2627
361,2629
448,2654
491,2682
114,2706
237,2707
367,2715
468,2745
456,2751
65,2758
145,2771
45,2773
411,2793
372,2796
271,2799
277,2803
370,2810
336,2855
220,2878
467,2898
375,2901
46,2914
341,2923
318,2929
137,2948
252,2995
138,3032
38,3058
74,3068
280,3080
299,3081
104,3093
427,3096
295,3099
365,3101
79,3146
290,3207
344,3215
60,3306
242,3348
259,3356
125,3380
450,3392
184,3396
223,3452
81,3598
272,3691
363,3692
173,3698
288,3856
389,4075
67,4272
364,4555

simblock.block.ProofOfWorkBlock@74e40cc7:14
449,0
306,151
57,212
500,275
454,300
204,337
36,361
279,361
58,399
303,420
310,426
157,431
489,448
179,456
148,483
457,494
459,495
315,496
448,512
186,512
199,513
203,520
12,540
302,552
319,553
409,555
367,556
63,571
210,571
417,571
82,576
31,580
472,582
253,600
29,612
64,613
430,614
350,614
283,616
412,628
85,630
205,631
487,631
339,636
451,638
78,644
162,646
274,646
116,658
40,662
312,664
447,668
13,669
124,670
262,672
321,684
460,690
255,690
366,693
77,695
407,696
180,696
92,700
320,702
450,703
110,705
89,706
413,710
352,716
212,720
53,724
122,727
435,727
333,727
432,729
107,731
428,731
308,736
128,736
369,738
188,741
103,748
176,749
440,749
453,750
167,751
401,756
264,756
66,759
491,760
278,761
70,764
363,764
153,764
386,765
25,767
427,768
206,769
51,773
323,774
239,776
443,777
348,779
373,781
304,781
95,787
17,788
160,788
155,789
118,789
309,792
345,793
338,794
425,794
27,796
466,797
293,800
344,802
494,804
476,805
387,806
224,806
236,808
54,808
475,811
201,812
164,812
233,813
137,814
91,814
433,816
471,817
343,820
143,821
61,824
1,824
44,825
499,826
485,829
208,830
121,834
287,836
484,836
135,841
389,842
154,842
7,842
261,845
196,846
346,846
294,846
286,849
248,850
337,853
200,857
493,858
72,858
368,860
88,861
151,861
190,862
100,863
16,863
415,863
213,864
39,866
377,867
328,868
8,870
414,872
14,872
441,873
93,874
170,876
24,885
211,886
185,887
94,888
60,891
140,899
21,899
55,901
480,902
305,904
496,904
202,907
266,910
324,913
231,916
178,917
267,917
270,919
22,919
408,920
18,920
402,921
4,921
184,923
127,926
340,929
86,932
272,932
426,933
275,934
332,934
405,934
439,939
422,939
410,939
46,943
492,944
455,958
330,960
458,964
136,967
28,968
420,976
392,979
351,979
419,982
129,984
194,986
495,988
356,989
163,990
393,991
488,994
490,994
37,1000
347,1003
445,1006
15,1013
177,1015
230,1024
114,1030
109,1032
329,1033
62,1033
465,1034
398,1035
156,1043
198,1043
357,1050
473,1051
336,1052
388,1054
5,1055
479,1057
361,1060
316,1064
285,1073
362,1073
483,1077
19,1077
168,1084
497,1085
84,1087
105,1089
214,1093
117,1094
111,1099
123,1101
169,1104
463,1104
311,1106
257,1109
220,1110
437,1111
26,1111
132,1118
482,1120
342,1121
241,1126
182,1129
442,1137
258,1139
416,1140
250,1145
403,1148
11,1152
277,1154
141,1155
165,1155
158,1162
431,1163
192,1163
175,1165
325,1173
237,1173
268,1183
106,1185
470,1186
108,1191
56,1194
245,1195
112,1202
327,1202
307,1204
130,1206
421,1206
222,1207
90,1210
383,1210
376,1217
240,1220
385,1223
120,1226
380,1228
20,1230
209,1230
436,1231
133,1232
215,1237
59,1239
269,1239
131,1243
150,1244
181,1244
289,1248
313,1256
424,1258
358,1258
390,1258
359,1259
101,1265
48,1271
251,1275
404,1277
370,1280
355,1282
281,1286
301,1290
468,1290
134,1290
228,1293
406,1293
234,1296
102,1300
197,1304
486,1324
434,1325
80,1327
144,1334
126,1336
87,1341
6,1348
282,1350
399,1350
42,1351
2,1355
159,1366
3,1366
469,1369
254,1374
96,1382
229,1391
238,1391
225,1402
290,1411
32,1413
76,1414
317,1415
47,1416
216,1423
331,1424
464,1429
138,1432
97,1442
125,1443
171,1445
418,1447
227,1447
322,1450
349,1454
147,1455
452,1456
438,1459
74,1462
300,1465
314,1469
391,1470
326,1473
193,1489
379,1498
374,1503
145,1504
247,1510
396,1531
189,1534
218,1537
481,1542
75,1543
292,1547
183,1548
276,1548
81,1549
34,1563
298,1563
395,1572
232,1572
299,1574
446,1585
354,1591
273,1593
191,1596
10,1598
73,1599
246,1611
263,1614
166,1617
341,1618
35,1633
256,1634
152,1638
444,1657
226,1669
252,1686
104,1695
295,1713
172,1719
33,1734
139,1746
360,1756
187,1762
52,1765
371,1773
113,1774
30,1786
296,1796
49,1805
43,1820
498,1831
71,1841
477,1854
242,1859
334,1874
456,1881
249,1892
195,1900
9,1910
161,1912
260,1927
98,1939
244,1944
478,1971
335,1974
375,1977
146,2002
174,2017
50,2031
474,2034
423,2041
411,2071
378,2097
235,2098
400,2107
280,2119
271,2141
69,2173
68,2177
38,2182
149,2187
41,2210
384,2241
243,2252
142,2270
219,2313
115,2317
467,2373
318,2382
207,2386
259,2413
288,2424
462,2424
284,2426
221,2473
265,2484
397,2551
372,2559
297,2591
83,2602
45,2684
461,2730
365,2730
394,2741
23,2772
119,2907
382,2928
381,2980
99,3031
65,3083
291,3098
353,3267
173,3372
217,3735
364,4235
223,4323

simblock.block.ProofOfWorkBlock@5d9a3a2c:15
427,0
337,151
24,210
428,266
328,300
343,324
156,357
118,358
61,381
212,413
203,416
116,419
250,441
179,452
356,471
133,473
307,478
129,478
230,498
473,508
211,509
202,513
274,529
309,532
308,537
200,538
294,540
206,557
184,564
408,565
53,569
435,569
51,569
311,569
310,589
127,590
140,592
22,598
430,600
448,604
453,616
89,621
340,622
286,625
72,626
484,627
459,627
164,629
84,631
162,639
261,640
128,646
475,647
402,648
170,648
63,651
345,657
278,657
201,659
487,664
350,664
366,675
338,679
441,680
58,683
476,685
214,688
86,690
485,690
77,694
121,695
357,696
163,698
466,698
31,698
167,700
283,705
64,705
248,707
91,708
492,711
399,712
319,715
491,716
346,716
27,718
103,719
236,721
324,721
213,723
7,724
57,726
40,730
70,736
275,739
432,739
500,740
460,741
449,742
216,744
348,747
450,748
401,750
443,752
205,754
272,755
105,755
78,755
44,756
352,762
88,763
231,764
393,767
94,767
387,771
135,773
414,774
405,776
488,776
419,777
440,781
113,782
168,785
499,787
82,788
8,793
18,796
194,796
420,797
426,797
471,797
392,799
28,799
210,801
412,801
351,804
482,805
306,807
224,808
190,809
148,811
208,811
62,812
160,812
312,813
355,813
406,813
494,814
447,814
445,817
321,817
279,820
413,820
439,823
25,824
66,825
185,825
124,825
472,826
304,832
12,833
60,834
496,836
315,837
483,838
239,839
433,844
186,844
377,846
454,849
332,853
54,854
178,855
264,855
457,856
110,859
407,859
493,863
153,863
161,863
417,864
13,865
226,867
410,868
253,869
389,871
21,873
136,873
157,874
336,879
95,882
39,882
320,884
373,885
55,887
422,888
305,896
369,896
293,908
425,910
204,912
267,914
367,914
303,916
437,916
154,919
107,920
93,921
287,922
3,928
176,930
36,930
122,931
302,932
339,936
270,937
123,941
16,944
100,944
282,953
143,953
415,960
26,963
15,970
196,975
458,976
330,976
333,976
477,978
166,981
269,982
431,984
479,985
451,985
489,987
180,988
225,995
418,995
101,997
266,1000
344,1001
255,1010
368,1010
117,1021
409,1024
1,1032
446,1032
233,1034
112,1036
465,1039
262,1046
478,1046
14,1051
32,1054
119,1060
165,1060
65,1060
137,1060
396,1066
155,1067
4,1068
434,1069
249,1081
130,1091
490,1107
436,1114
48,1115
416,1115
141,1117
199,1121
76,1124
92,1124
463,1126
80,1133
325,1138
37,1139
234,1139
245,1145
97,1145
74,1148
218,1150
75,1153
132,1154
379,1155
361,1155
144,1158
313,1161
424,1164
327,1167
317,1168
442,1168
35,1178
29,1178
347,1181
85,1181
42,1184
429,1187
390,1189
17,1192
362,1197
151,1200
90,1201
292,1201
102,1203
106,1204
126,1206
114,1211
464,1215
370,1219
240,1219
87,1221
359,1222
353,1224
49,1235
363,1235
241,1237
342,1240
386,1242
470,1242
277,1246
298,1247
383,1257
462,1260
187,1262
247,1266
108,1269
280,1276
134,1283
273,1284
469,1291
188,1305
455,1305
11,1308
182,1310
19,1322
83,1324
209,1325
198,1330
486,1333
104,1334
323,1334
382,1337
73,1348
2,1350
376,1351
421,1353
301,1359
142,1365
149,1367
56,1367
147,1371
468,1372
397,1386
237,1389
300,1391
192,1391
398,1394
169,1395
378,1405
41,1405
222,1406
349,1406
384,1409
172,1424
150,1429
263,1433
291,1439
238,1446
43,1450
193,1471
281,1477
251,1478
23,1480
189,1487
145,1492
411,1494
99,1508
220,1513
326,1514
400,1514
177,1519
120,1528
191,1531
360,1533
171,1539
20,1540
111,1543
452,1553
403,1558
5,1567
47,1573
9,1573
235,1576
335,1596
358,1600
395,1611
290,1613
139,1617
497,1617
271,1640
331,1647
252,1647
138,1651
299,1652
115,1660
385,1686
159,1687
195,1689
480,1694
297,1697
79,1707
388,1711
228,1716
67,1725
365,1729
183,1739
244,1742
438,1744
131,1750
50,1771
374,1775
181,1775
498,1779
81,1801
381,1828
221,1839
354,1846
284,1858
329,1861
318,1867
444,1873
260,1888
341,1894
242,1901
96,1901
495,1912
45,1921
52,1949
68,1953
394,2000
334,2002
456,2006
371,2017
254,2031
227,2032
46,2046
71,2051
246,2057
285,2071
158,2077
34,2082
380,2082
59,2121
125,2144
229,2155
265,2155
404,2172
10,2175
289,2218
372,2234
175,2240
6,2248
316,2251
276,2285
197,2290
314,2292
243,2298
152,2317
258,2352
375,2397
467,2401
215,2410
33,2420
257,2426
232,2439
364,2458
69,2487
322,2528
288,2574
146,2593
109,2596
481,2601
173,2695
461,2737
223,2759
268,2768
296,2811
219,2873
174,2900
391,3056
207,3158
259,3202
256,3348
30,3445
295,3546
217,3637
474,3920
423,4205

simblock.block.ProofOfWorkBlock@11fd5e05:16
322,0
400,392
271,547
98,708
288,783
242,861
139,936
146,1021
341,1094
187,1119
347,1139
145,1168
223,1240
79,1241
378,1253
38,1313
244,1337
394,1355
259,1362
43,1374
74,1384
455,1406
276,1416
301,1422
291,1438
125,1456
99,1481
335,1491
292,1504
390,1504
115,1520
353,1523
217,1554
75,1566
198,1573
147,1577
385,1589
192,1607
371,1612
11,1624
68,1640
227,1640
268,1642
327,1642
249,1646
342,1648
431,1657
87,1665
331,1668
80,1675
144,1689
8,1697
232,1699
50,1706
456,1710
434,1714
384,1726
71,1727
83,1728
120,1729
59,1742
97,1752
124,1768
76,1768
102,1779
363,1786
486,1792
323,1795
474,1801
32,1813
241,1819
47,1825
134,1829
6,1830
480,1834
388,1836
293,1839
483,1846
444,1858
117,1860
326,1862
436,1866
332,1875
37,1877
119,1877
46,1878
423,1879
9,1880
469,1887
5,1887
349,1894
209,1895
359,1901
355,1901
420,1903
2,1908
33,1914
403,1915
281,1915
7,1923
365,1927
251,1928
426,1931
375,1936
430,1939
220,1943
175,1944
26,1945
387,1945
35,1945
240,1948
215,1952
254,1957
23,1957
150,1958
53,1961
397,1961
479,1967
258,1968
235,1968
439,1968
317,1974
300,1978
285,1980
58,1980
40,1990
255,1995
357,1997
316,1997
441,1999
279,2001
380,2003
334,2008
234,2010
228,2018
428,2021
31,2024
314,2025
329,2027
81,2028
351,2029
191,2030
42,2030
437,2034
15,2034
391,2037
419,2039
67,2049
90,2050
273,2051
433,2052
101,2061
482,2062
476,2063
212,2067
123,2070
286,2075
218,2084
304,2085
477,2085
472,2087
373,2088
475,2088
163,2091
141,2093
289,2094
222,2096
172,2097
416,2102
127,2105
167,2110
246,2112
260,2113
393,2119
197,2119
63,2120
181,2121
203,2122
169,2125
39,2127
269,2128
462,2130
492,2140
306,2142
202,2142
382,2143
499,2148
77,2151
55,2153
183,2162
109,2164
305,2164
325,2167
346,2170
168,2171
491,2173
95,2175
494,2175
450,2177
73,2183
105,2188
445,2190
446,2191
49,2191
96,2193
398,2195
274,2196
177,2200
470,2201
366,2212
248,2212
411,2222
164,2226
453,2226
321,2228
463,2232
200,2234
1,2236
485,2236
465,2240
473,2241
110,2244
184,2244
418,2245
263,2256
21,2261
283,2261
466,2262
307,2264
195,2271
94,2273
452,2278
66,2280
409,2282
425,2286
64,2286
165,2287
424,2288
421,2289
48,2290
415,2292
490,2294
311,2300
245,2313
406,2317
178,2318
396,2320
459,2321
149,2325
205,2328
410,2329
194,2332
148,2334
159,2338
126,2346
60,2347
404,2348
190,2349
330,2350
111,2353
151,2359
303,2361
295,2366
152,2370
495,2373
280,2381
13,2382
266,2384
154,2386
348,2386
28,2388
383,2396
239,2399
484,2401
267,2408
4,2410
435,2411
339,2417
328,2418
130,2421
237,2427
296,2429
370,2432
201,2435
449,2435
319,2436
207,2442
464,2444
287,2447
417,2448
377,2449
253,2454
443,2455
131,2459
333,2459
112,2459
82,2460
358,2460
128,2460
51,2467
405,2468
468,2493
158,2495
20,2501
199,2503
156,2503
160,2507
161,2509
142,2513
261,2518
219,2523
29,2530
389,2532
379,2545
173,2546
114,2548
354,2555
427,2556
135,2561
186,2561
315,2563
299,2564
17,2570
440,2574
236,2584
89,2589
157,2592
104,2603
265,2604
65,2607
413,2609
185,2613
221,2615
438,2618
282,2624
85,2632
247,2632
497,2636
337,2641
229,2644
489,2648
210,2650
238,2660
12,2679
344,2681
290,2685
277,2688
386,2691
381,2693
284,2694
297,2695
193,2696
22,2700
461,2704
451,2704
122,2718
372,2723
361,2739
93,2749
414,2759
498,2763
454,2766
171,2767
467,2778
360,2782
231,2783
133,2790
69,2796
45,2797
196,2799
364,2810
174,2818
153,2827
309,2830
367,2847
432,2854
318,2855
129,2855
100,2859
256,2871
14,2881
19,2886
61,2888
262,2925
336,2933
458,2943
252,2944
34,2945
52,2950
225,2952
481,2960
278,2963
138,2984
226,2990
78,2992
343,2997
16,3001
429,3004
118,3011
103,3020
270,3025
41,3066
113,3089
18,3096
457,3107
91,3127
224,3137
376,3140
62,3147
362,3154
324,3158
188,3177
189,3193
182,3209
106,3215
275,3225
320,3240
170,3290
70,3302
92,3303
422,3321
206,3335
496,3345
143,3362
298,3387
230,3395
140,3396
257,3413
399,3427
30,3427
10,3442
338,3449
56,3477
345,3508
401,3524
155,3549
243,3572
107,3590
447,3599
88,3602
448,3633
36,3694
180,3694
500,3709
27,3728
214,3733
313,3736
72,3738
25,3811
368,3822
213,3898
216,3901
179,3907
302,3932
121,3995
488,3997
166,4001
294,4025
24,4030
493,4065
407,4085
487,4112
264,4202
250,4207
352,4214
132,4270
369,4293
392,4324
402,4336
204,4424
310,4438
176,4444
57,4504
471,4512
116,4516
108,4530
408,4592
412,4638
136,4743
308,4792
442,4794
208,4814
395,4889
312,4937
137,5044
478,5097
44,5152
233,5236
460,5345
350,5428
272,5517
374,5624
162,5731
356,5866
86,6028
54,6221
340,6330
3,6568
84,6628
211,6949

simblock.block.ProofOfWorkBlock@52507c9:16
372,0
232,753
23,1037
207,1320
400,1609
246,1894
163,2284
441,2667
485,3047
255,3431
205,3810
392,4191
320,4575
122,4959
94,5356
311,5740
387,6120
157,6506
343,6888
346,7269

simblock.block.ProofOfWorkBlock@41088a7a:17
107,0
204,150
315,208
16,268
155,298
94,329
267,354
135,386
211,386
449,410
405,418
170,448
180,448
233,458
262,466
402,483
282,500
110,506
410,508
206,508
157,516
156,535
389,536
412,547
392,548
53,559
485,562
179,564
287,564
212,570
321,572
369,591
164,593
22,596
61,597
143,619
88,619
500,620
196,621
236,621
160,629
451,631
477,632
178,634
116,640
309,645
439,649
453,651
476,652
128,655
86,656
185,658
475,659
386,676
308,676
124,681
483,681
283,681
82,682
337,685
363,686
336,686
234,688
320,689
459,689
426,694
29,697
351,698
121,699
352,702
21,704
408,706
460,708
95,710
176,713
356,713
415,713
346,714
350,716
419,719
340,720
66,731
274,732
214,734
409,737
27,737
344,737
202,738
57,742
491,744
445,744
311,745
490,747
493,748
348,750
250,750
137,751
60,752
339,753
25,756
494,757
85,759
7,763
377,764
473,765
62,766
216,768
213,769
357,770
127,770
328,773
158,773
12,774
303,775
199,777
93,778
401,778
488,787
338,789
454,790
484,791
1,792
489,794
457,795
188,796
194,796
113,797
51,799
278,801
420,802
203,803
496,803
154,805
458,806
367,807
167,808
24,808
140,809
433,809
279,810
293,813
18,813
89,814
428,815
471,817
294,817
330,822
472,824
430,825
39,826
387,826
148,831
286,831
103,831
92,832
77,832
54,835
4,836
393,837
272,837
432,838
70,838
163,839
72,842
205,843
261,844
319,846
133,846
399,851
31,853
162,854
435,854
422,855
305,857
40,859
380,861
312,862
136,862
208,863
58,863
63,865
499,865
253,865
482,866
440,866
333,868
190,869
487,869
366,870
448,870
345,871
425,872
407,874
368,875
417,875
450,875
443,881
186,882
332,885
466,887
270,887
437,889
414,890
239,894
201,895
13,896
324,896
373,897
226,898
304,899
248,902
343,902
492,912
441,913
55,915
122,915
83,915
224,916
255,916
78,919
307,919
200,922
129,923
168,924
264,925
230,926
44,927
266,927
36,929
184,931
310,935
302,937
8,946
406,956
91,958
105,959
144,966
446,968
28,971
210,972
100,973
275,979
306,979
447,988
478,990
166,995
64,995
5,999
277,1003
326,1008
3,1010
327,1013
427,1016
84,1028
102,1030
75,1041
413,1045
118,1048
161,1055
381,1061
76,1061
237,1061
123,1062
431,1063
318,1068
220,1069
47,1079
17,1085
231,1088
376,1089
80,1089
384,1089
249,1092
245,1092
6,1095
15,1097
74,1104
153,1104
240,1110
258,1116
197,1117
151,1118
323,1119
19,1121
358,1128
424,1130
404,1135
175,1136
455,1137
468,1140
117,1148
182,1149
497,1157
479,1160
209,1168
317,1177
382,1178
192,1178
362,1182
313,1182
56,1185
365,1185
191,1186
394,1189
254,1192
464,1194
463,1197
436,1200
379,1201
87,1209
416,1214
11,1216
411,1218
469,1226
359,1229
403,1230
108,1231
269,1232
48,1237
370,1238
150,1238
149,1240
390,1241
398,1241
347,1243
20,1245
215,1249
374,1252
442,1253
225,1261
33,1264
495,1264
218,1265
106,1266
462,1267
329,1268
388,1270
257,1273
23,1275
96,1276
26,1277
235,1287
50,1289
147,1289
42,1293
361,1295
120,1297
331,1307
37,1316
241,1323
228,1331
130,1332
247,1332
355,1343
65,1347
292,1358
35,1361
101,1361
383,1369
114,1373
325,1390
134,1399
141,1401
132,1411
46,1412
181,1416
9,1418
90,1419
52,1420
438,1425
169,1431
280,1436
198,1437
263,1437
353,1438
73,1440
291,1448
119,1450
470,1459
465,1460
207,1466
290,1468
246,1468
364,1469
335,1485
418,1487
32,1493
171,1502
444,1510
189,1515
397,1516
452,1528
43,1528
421,1530
354,1535
498,1540
434,1542
256,1546
159,1560
223,1570
391,1573
174,1578
165,1579
221,1580
49,1582
301,1583
177,1583
217,1590
112,1608
238,1611
14,1615
183,1615
259,1616
59,1618
222,1621
152,1622
360,1633
285,1633
349,1635
232,1638
193,1649
109,1663
34,1666
342,1684
244,1692
341,1701
284,1710
395,1711
276,1715
251,1733
378,1746
268,1751
97,1752
111,1753
429,1758
146,1769
288,1774
396,1778
45,1787
298,1795
281,1798
131,1806
138,1815
260,1833
139,1833
316,1854
461,1880
372,1883
474,1900
126,1903
187,1924
486,1934
172,1935
2,1938
10,1953
145,1977
99,2009
299,2029
243,2041
38,2061
142,2080
219,2082
227,2093
385,2093
400,2105
314,2115
480,2120
41,2124
295,2131
252,2183
423,2186
229,2217
79,2217
68,2257
81,2259
273,2266
289,2290
98,2362
297,2382
30,2390
300,2436
115,2464
67,2501
271,2503
456,2552
71,2557
322,2572
265,2689
371,2718
242,2787
125,2860
296,2861
334,3000
375,3128
481,3152
69,3202
467,3339
195,3438
173,3690
104,3734

simblock.block.ProofOfWorkBlock@1e2dfc0d:18
60,0
389,149
489,207
29,264
135,296
338,321
89,356
352,357
275,384
51,416
266,417
157,420
107,443
161,446
206,470
121,474
57,478
472,502
345,504
330,514
363,522
447,526
16,530
264,532
494,535
185,538
457,558
440,563
430,566
386,566
91,569
448,581
143,585
453,586
368,589
210,591
94,594
163,598
27,606
116,611
272,620
427,621
294,623
415,624
63,625
408,628
460,642
279,646
153,646
204,650
426,651
491,651
25,652
432,655
261,656
186,663
478,669
454,669
270,675
66,678
84,681
466,682
328,682
412,683
283,684
441,685
369,686
422,688
213,691
405,701
127,707
233,707
188,709
230,709
499,709
208,710
482,711
471,712
332,713
401,715
340,716
490,718
88,721
473,727
253,727
304,731
205,732
318,734
201,734
255,739
248,739
93,740
282,742
492,742
22,742
113,742
309,742
311,744
128,744
158,745
458,745
449,757
155,758
140,759
310,759
24,760
339,764
97,765
167,765
308,765
445,766
413,766
190,768
176,769
278,771
343,772
148,772
450,773
443,773
488,773
496,777
18,781
437,783
315,787
226,788
428,791
61,792
40,795
202,798
124,799
321,799
367,799
231,799
407,800
319,800
439,800
110,800
211,800
303,801
414,801
274,803
95,803
409,809
324,809
451,810
28,811
13,813
459,813
1,814
164,815
402,816
493,816
392,817
31,821
133,822
53,822
78,824
350,825
214,825
77,830
54,831
417,832
70,833
44,833
184,834
393,835
483,836
168,836
212,841
487,842
39,842
420,842
136,844
399,847
286,848
351,850
154,855
262,855
475,857
320,857
357,858
476,859
203,859
103,860
55,861
477,862
36,865
160,867
336,867
373,869
21,869
178,871
348,872
129,873
410,873
72,873
100,874
85,876
387,877
302,878
435,879
180,882
8,884
170,884
425,885
82,889
306,889
419,891
433,893
199,897
356,900
485,900
216,902
162,902
156,903
222,904
337,906
64,912
312,913
236,913
224,913
287,915
118,919
293,920
500,924
12,930
179,932
484,935
305,936
102,936
182,937
194,943
200,947
333,953
273,956
250,959
7,960
346,965
196,970
366,975
307,976
4,981
169,984
58,984
277,984
122,994
105,1001
239,1001
376,1006
465,1011
215,1012
377,1012
3,1014
73,1018
92,1023
238,1024
344,1028
126,1031
267,1032
370,1044
469,1047
497,1048
137,1052
17,1053
486,1055
144,1067
86,1069
406,1079
80,1083
403,1083
247,1083
33,1085
289,1087
470,1088
218,1090
209,1096
119,1106
317,1107
234,1107
444,1114
11,1120
6,1122
62,1125
220,1130
316,1134
187,1135
325,1140
175,1143
198,1143
5,1148
75,1149
2,1149
177,1155
83,1159
327,1162
228,1171
349,1173
159,1178
237,1178
106,1180
166,1183
76,1183
56,1183
342,1196
424,1199
353,1203
281,1205
381,1205
20,1212
14,1214
480,1216
120,1220
416,1221
249,1224
390,1225
300,1225
241,1226
245,1231
26,1238
192,1239
382,1241
258,1250
225,1255
134,1257
379,1258
331,1258
109,1258
52,1261
323,1263
240,1263
468,1265
87,1273
292,1274
151,1277
32,1277
436,1278
235,1282
49,1291
431,1293
421,1296
397,1304
244,1305
68,1308
442,1312
125,1318
59,1320
46,1321
398,1332
455,1338
479,1340
130,1352
251,1357
498,1374
101,1383
438,1389
301,1395
384,1406
150,1408
374,1409
360,1411
362,1414
365,1426
257,1427
396,1429
9,1431
37,1438
19,1438
388,1439
141,1444
50,1445
131,1445
114,1449
123,1451
252,1453
446,1453
34,1456
383,1468
38,1470
242,1481
217,1487
269,1491
165,1491
42,1500
299,1501
65,1503
452,1517
394,1518
142,1520
371,1522
15,1525
172,1525
354,1531
463,1534
99,1537
207,1546
23,1546
268,1558
456,1567
391,1569
193,1574
260,1577
429,1593
232,1595
35,1599
197,1600
149,1607
147,1618
380,1619
355,1622
181,1624
98,1638
464,1639
69,1647
404,1661
361,1669
90,1674
347,1680
229,1687
418,1709
291,1710
296,1717
474,1729
467,1731
395,1739
461,1753
67,1754
48,1770
329,1779
223,1781
322,1790
298,1793
434,1794
358,1795
79,1800
385,1801
462,1811
189,1812
71,1829
111,1837
280,1840
313,1845
30,1855
219,1864
108,1879
174,1885
254,1886
290,1891
112,1939
74,1965
411,1968
334,1970
495,1999
364,2001
117,2018
375,2022
191,2023
227,2030
335,2034
47,2054
221,2064
271,2073
481,2083
139,2085
341,2106
152,2127
326,2137
400,2138
359,2141
138,2169
132,2170
372,2217
171,2221
276,2302
96,2310
284,2315
10,2316
195,2338
285,2340
314,2368
295,2377
43,2410
173,2423
104,2435
265,2451
423,2453
297,2558
263,2587
145,2592
256,2599
288,2623
259,2636
378,2694
115,2708
41,2740
183,2771
81,2888
246,2908
146,2911
45,3047
243,3386

simblock.block.ProofOfWorkBlock@d057d00:19
414,0
312,154
345,221
39,278
448,303
188,338
458,362
432,375
471,402
261,423
303,429
179,451
425,466
377,467
164,482
472,488
308,494
389,508
61,515
63,523
176,526
190,531
55,545
84,549
286,550
118,561
105,565
213,571
129,575
460,577
473,586
336,588
449,602
447,603
363,608
422,608
8,617
412,617
401,618
272,621
402,627
255,628
294,633
154,634
236,637
368,643
25,644
417,645
95,651
350,661
459,662
311,664
441,664
135,667
443,669
477,672
128,673
239,674
12,675
226,680
352,681
274,685
51,685
494,689
493,691
205,693
357,698
356,700
89,701
433,703
60,705
343,707
24,711
310,718
475,719
387,722
113,722
167,725
499,726
399,727
405,728
163,731
248,735
413,737
484,737
392,740
426,741
266,742
267,742
203,743
304,743
346,747
103,750
58,752
293,752
307,755
214,757
270,757
64,758
13,759
196,760
490,761
420,765
94,765
454,766
340,768
162,770
16,771
483,772
184,777
86,777
309,782
77,782
44,784
143,785
178,785
91,785
450,786
224,786
122,792
140,793
211,794
275,795
328,799
453,799
62,799
153,800
36,801
127,804
78,809
306,809
262,810
180,812
440,813
332,814
233,815
29,816
487,817
212,817
324,818
216,820
302,822
478,823
278,823
366,824
107,826
437,828
18,829
200,830
110,832
373,833
489,837
82,838
315,839
488,840
348,843
408,843
40,845
202,846
116,847
485,848
282,850
351,853
492,855
85,856
206,859
53,861
305,862
100,864
428,865
410,865
57,865
210,868
407,871
158,871
287,871
31,874
393,875
231,876
439,876
444,881
386,884
72,885
264,886
168,887
321,889
367,890
156,891
199,893
3,895
491,895
279,896
415,896
338,896
337,898
451,899
253,900
476,904
1,905
92,908
457,912
369,916
283,918
208,919
136,920
381,921
148,922
500,927
482,927
160,927
155,936
430,937
88,938
157,940
70,942
330,944
201,945
194,945
48,946
170,949
161,953
124,954
27,954
486,955
320,959
230,960
339,961
220,963
419,967
406,968
353,969
19,970
22,973
347,973
466,976
319,977
496,979
4,984
14,985
28,986
204,986
120,988
344,994
376,997
186,999
355,1001
66,1002
75,1009
21,1012
427,1018
121,1021
469,1022
445,1025
240,1033
409,1036
93,1042
250,1044
117,1048
495,1052
218,1052
133,1060
497,1070
7,1074
2,1077
465,1081
435,1083
150,1093
54,1101
464,1101
175,1110
300,1113
166,1115
134,1116
247,1118
285,1127
251,1131
11,1132
403,1132
137,1134
365,1135
436,1136
462,1139
380,1139
185,1140
463,1143
479,1145
384,1155
59,1155
37,1156
411,1157
198,1158
5,1159
268,1165
333,1165
424,1167
182,1169
132,1170
114,1174
74,1174
109,1179
280,1187
390,1188
111,1192
342,1192
323,1194
258,1196
361,1203
35,1206
46,1211
416,1211
394,1211
349,1219
130,1223
149,1225
318,1231
102,1232
442,1232
281,1234
301,1240
101,1243
209,1246
165,1251
362,1251
87,1258
26,1270
73,1270
404,1282
370,1285
123,1288
397,1289
56,1291
379,1298
126,1300
237,1305
244,1312
96,1313
23,1314
191,1315
235,1317
480,1321
382,1329
225,1334
17,1334
6,1335
33,1338
144,1339
383,1341
359,1344
222,1351
20,1351
431,1366
228,1367
112,1375
327,1383
313,1385
197,1388
291,1394
32,1396
241,1396
131,1411
481,1417
290,1418
423,1427
263,1449
104,1451
273,1458
249,1460
360,1465
141,1469
30,1476
446,1479
234,1484
388,1486
316,1494
49,1503
169,1505
97,1509
238,1509
41,1511
215,1518
358,1521
289,1522
335,1533
243,1533
391,1538
252,1543
329,1546
147,1549
470,1555
232,1555
434,1559
142,1564
47,1565
68,1567
246,1567
374,1575
254,1581
378,1593
79,1597
71,1612
354,1612
474,1612
138,1626
52,1631
173,1632
372,1634
298,1639
398,1649
245,1658
115,1663
277,1667
227,1671
295,1672
106,1676
325,1677
192,1678
217,1687
76,1690
326,1694
331,1698
90,1719
177,1725
468,1729
34,1735
438,1743
98,1751
456,1759
219,1796
65,1809
119,1822
421,1828
80,1848
181,1849
364,1855
151,1867
334,1867
385,1868
269,1868
242,1882
257,1894
50,1911
108,1913
284,1913
223,1914
9,1953
189,1960
10,1971
418,1982
317,2002
314,2004
187,2043
396,2051
15,2084
256,2111
229,2130
260,2138
81,2150
455,2157
42,2189
193,2193
292,2217
265,2222
69,2234
288,2241
172,2242
375,2253
159,2257
146,2302
429,2328
498,2336
299,2413
276,2424
83,2434
145,2441
207,2471
174,2496
221,2499
296,2527
341,2536
395,2609
322,2622
152,2696
43,2722
99,2726
183,2784
38,2789
271,2892
171,2979
195,3009
125,3030
45,3086
461,3115
67,3588
259,4178

simblock.block.ProofOfWorkBlock@7b68472f:20
490,0
93,148
55,207
440,264
148,298
28,320
392,356
409,382
348,414
350,416
405,440
85,451
239,470
92,473
70,475
116,500
402,506
272,509
473,533
89,533
419,533
7,559
336,560
500,565
21,568
133,568
179,574
163,586
437,589
86,590
460,590
266,591
18,607
433,618
162,619
91,621
450,624
367,624
482,624
286,626
61,628
406,630
158,646
415,646
478,647
321,649
54,657
196,658
448,660
343,670
309,672
188,677
393,680
417,680
345,682
204,682
487,683
124,689
153,689
233,691
13,703
488,704
211,707
51,707
44,708
352,714
230,716
143,718
190,722
77,726
449,726
389,732
493,732
278,734
407,738
31,738
445,739
476,739
161,739
72,742
178,743
154,745
135,746
270,747
110,750
408,759
63,761
140,765
457,766
282,766
312,769
36,770
387,772
447,772
213,776
39,778
496,779
293,782
95,786
338,786
310,787
58,789
137,789
29,793
264,794
401,796
275,796
492,796
202,796
330,797
169,798
333,798
305,800
287,802
485,804
346,804
386,804
168,805
185,807
366,809
340,813
363,818
308,819
412,820
459,821
155,823
368,823
157,825
441,830
430,831
136,831
413,831
279,833
253,836
428,839
499,842
491,842
25,842
12,844
369,845
206,845
307,849
231,852
420,852
129,852
210,853
200,854
201,854
127,855
214,855
103,858
224,858
14,860
62,861
304,863
294,863
107,863
425,864
344,864
170,866
471,869
454,870
27,872
357,875
355,875
320,877
283,877
94,877
184,877
16,879
255,880
156,880
164,882
337,883
199,889
458,890
356,890
208,895
373,895
494,896
167,896
180,897
194,902
186,902
319,902
443,906
483,906
60,907
257,908
84,909
1,911
298,912
64,914
315,915
4,916
40,918
328,920
426,922
453,923
311,926
377,928
22,931
121,931
113,934
250,934
212,935
306,936
78,941
165,942
66,944
435,959
100,962
88,963
323,969
324,971
439,973
160,973
303,978
262,979
203,980
128,990
466,991
57,994
216,994
446,995
399,1002
486,1013
489,1016
422,1016
247,1016
49,1025
442,1026
313,1027
175,1027
106,1028
468,1031
339,1037
302,1038
218,1042
475,1048
359,1051
477,1052
236,1053
26,1056
126,1059
410,1060
316,1063
427,1065
122,1075
222,1083
5,1089
411,1090
280,1094
465,1096
424,1100
235,1100
109,1107
198,1107
403,1111
96,1113
245,1119
431,1120
261,1122
300,1125
301,1125
24,1134
159,1141
80,1147
370,1147
108,1148
150,1151
130,1159
451,1162
20,1163
380,1165
251,1166
258,1176
226,1179
464,1186
268,1186
273,1188
351,1191
241,1192
32,1197
480,1197
240,1201
19,1203
398,1205
383,1205
131,1208
119,1210
30,1216
215,1216
327,1218
418,1218
381,1222
365,1222
244,1231
11,1231
17,1232
6,1234
76,1234
495,1234
8,1237
73,1244
274,1248
249,1249
181,1253
416,1266
379,1266
362,1267
37,1269
463,1270
388,1278
101,1279
469,1284
254,1284
396,1285
225,1290
432,1298
147,1299
349,1304
484,1308
444,1312
134,1316
151,1321
87,1325
197,1330
394,1335
111,1337
42,1345
326,1358
220,1360
3,1360
48,1362
74,1363
267,1366
176,1367
123,1370
112,1371
97,1372
400,1374
285,1377
65,1378
132,1381
404,1391
269,1395
114,1400
289,1401
172,1404
50,1407
317,1409
318,1410
385,1424
332,1426
118,1426
341,1429
378,1436
149,1440
246,1452
189,1455
256,1455
120,1464
299,1479
238,1480
455,1480
228,1483
248,1484
141,1494
354,1507
382,1511
364,1514
174,1521
139,1522
234,1527
56,1530
342,1533
23,1538
384,1538
329,1542
205,1544
479,1552
481,1552
90,1553
334,1555
227,1560
421,1566
452,1569
397,1570
68,1573
33,1574
360,1575
281,1577
52,1590
192,1598
498,1602
41,1634
219,1644
497,1650
436,1652
395,1652
322,1656
232,1658
152,1661
391,1673
187,1674
361,1684
34,1687
79,1695
290,1696
358,1697
429,1707
138,1712
166,1717
353,1721
83,1731
376,1741
2,1744
102,1748
115,1750
142,1759
182,1771
467,1776
38,1812
229,1832
223,1840
237,1846
296,1851
260,1874
191,1883
375,1886
295,1892
15,1892
347,1893
297,1902
117,1902
144,1913
209,1914
472,1916
434,1919
221,1927
271,1934
374,1973
414,1981
252,1989
69,1997
371,2000
146,2010
325,2022
82,2039
335,2044
462,2065
75,2069
177,2084
438,2092
195,2095
10,2114
265,2151
183,2179
390,2195
98,2197
59,2208
288,2217
46,2238
35,2246
193,2264
171,2276
243,2341
104,2368
276,2377
9,2378
331,2378
314,2396
277,2415
470,2440
263,2487
242,2508
292,2548
81,2655
474,2660
217,2684
284,2707
423,2777
461,2811
45,2849
145,2944
125,2959
207,2990
105,3002
456,3060
53,3061
99,3110
47,3233
71,3257
372,3283
291,3413
173,3457
43,3695
67,3984
259,4281

simblock.block.ProofOfWorkBlock@4c006f48:21
275,0
328,151
491,216
494,284
337,301
352,365
430,369
473,416
190,425
459,436
185,443
91,450
184,472
60,483
422,495
373,505
427,510
200,514
417,518
230,531
54,544
294,553
267,564
393,568
368,571
135,573
88,574
413,578
338,587
406,590
213,592
210,601
312,603
44,628
440,629
363,630
307,635
439,637
472,639
432,644
31,648
386,649
188,653
471,655
487,656
345,658
482,658
231,662
420,662
70,662
216,666
95,673
402,683
278,686
36,687
401,689
105,692
212,693
340,694
161,696
12,705
458,706
78,707
339,709
57,709
89,712
25,714
346,718
128,720
336,722
214,723
330,724
211,724
264,726
425,727
261,729
148,729
499,736
64,740
319,742
51,743
485,743
153,745
478,746
306,747
127,749
84,751
457,753
488,754
63,755
208,762
8,764
262,765
133,769
179,771
250,776
53,777
233,779
409,779
460,780
496,781
94,781
77,785
315,785
205,788
279,791
143,792
351,797
176,798
255,801
167,802
443,804
236,804
310,807
332,807
302,807
202,808
448,808
450,808
118,810
85,811
389,812
124,813
55,813
201,813
454,814
137,819
356,819
140,819
305,821
239,821
320,822
158,826
441,828
376,832
24,833
477,834
7,834
107,836
160,836
490,837
93,837
155,840
493,841
426,841
286,843
92,845
103,847
27,848
366,850
435,857
476,858
82,858
344,861
309,861
414,865
308,865
408,865
272,866
451,869
1,870
66,872
369,873
303,876
170,879
484,879
410,882
163,883
100,885
156,886
61,890
248,891
392,891
129,891
407,891
321,892
204,892
266,894
58,894
453,895
282,895
180,896
270,899
293,901
113,902
324,902
136,904
28,905
492,905
157,909
116,910
86,915
500,915
196,918
168,918
447,921
419,921
333,925
483,925
122,925
203,934
21,936
433,937
357,939
126,943
304,945
162,945
274,946
178,947
428,948
224,948
13,949
412,949
449,951
164,952
40,952
367,956
154,956
199,959
396,968
350,972
234,974
331,988
385,991
72,992
466,993
437,994
399,996
281,999
287,1000
415,1001
56,1001
475,1003
348,1009
18,1009
144,1010
283,1011
387,1012
206,1013
166,1014
110,1022
280,1024
489,1031
411,1035
130,1047
446,1049
39,1050
253,1053
226,1054
343,1061
141,1064
403,1066
22,1068
194,1073
187,1077
97,1081
497,1081
16,1087
317,1091
455,1094
486,1097
247,1099
342,1100
405,1109
33,1116
465,1118
238,1118
404,1119
209,1125
177,1128
445,1129
249,1132
48,1133
289,1141
169,1142
353,1143
32,1144
377,1145
75,1147
165,1151
358,1153
182,1154
3,1160
381,1161
5,1163
311,1165
359,1166
131,1170
251,1170
4,1172
37,1176
101,1178
316,1179
74,1180
2,1181
147,1184
442,1184
121,1186
416,1188
380,1188
313,1188
398,1198
438,1203
62,1206
150,1208
470,1215
87,1217
431,1218
20,1221
480,1224
186,1224
73,1226
268,1229
434,1236
323,1238
76,1244
80,1245
29,1245
26,1248
240,1250
257,1251
395,1254
102,1255
361,1256
123,1260
106,1262
11,1266
347,1268
235,1273
192,1275
327,1282
17,1287
111,1289
362,1291
38,1292
245,1296
228,1309
277,1313
52,1314
429,1317
59,1318
120,1318
175,1322
355,1322
237,1326
49,1333
90,1337
191,1343
222,1343
468,1348
299,1348
215,1353
117,1355
325,1357
394,1358
418,1362
104,1369
14,1373
462,1377
34,1383
469,1393
479,1395
370,1397
65,1399
498,1406
329,1407
436,1408
81,1414
50,1415
301,1415
244,1420
269,1420
463,1421
390,1442
291,1447
134,1457
47,1461
314,1473
149,1476
474,1477
139,1478
83,1484
19,1484
241,1489
109,1496
341,1498
334,1500
9,1501
41,1504
181,1514
108,1518
378,1523
322,1532
195,1533
159,1536
360,1543
10,1543
271,1546
273,1556
98,1560
300,1567
15,1574
67,1575
397,1577
23,1582
220,1583
197,1586
374,1586
349,1588
46,1596
189,1607
99,1616
30,1619
193,1619
256,1632
423,1637
400,1642
198,1653
265,1654
146,1655
79,1658
112,1660
292,1666
114,1669
223,1692
115,1698
452,1706
242,1707
444,1713
243,1724
263,1725
372,1729
285,1730
172,1733
371,1742
218,1751
6,1753
225,1754
252,1755
379,1756
298,1758
260,1758
45,1759
43,1771
42,1772
335,1827
227,1830
151,1832
384,1839
388,1847
284,1850
183,1856
391,1868
326,1888
464,1904
142,1917
71,1921
290,1922
318,1927
424,1930
258,1941
171,1989
276,2007
296,2020
68,2038
461,2059
382,2060
132,2074
467,2100
254,2100
138,2116
119,2116
35,2119
207,2129
456,2150
354,2221
173,2228
495,2249
365,2290
96,2292
217,2296
229,2349
232,2398
297,2401
152,2404
383,2430
375,2491
219,2576
364,2576
421,2603
481,2687
125,2701
221,2864
246,2892
259,2989
69,3050
145,3154
288,3176
174,3297
295,3642

simblock.block.ProofOfWorkBlock@65ce1dc6:22
306,0
449,164
315,221
36,278
58,321
454,336
492,372
203,378
430,397
448,427
180,430
204,437
303,456
124,471
12,484
386,491
472,496
302,516
179,517
161,522
64,527
309,528
491,541
489,547
77,553
401,569
82,574
89,579
476,579
389,582
72,583
443,585
283,587
321,599
110,604
39,605
167,613
419,626
78,631
346,635
51,636
250,636
272,639
8,640
333,641
13,641
457,643
25,649
190,650
210,656
211,662
460,663
451,669
475,671
92,672
186,676
422,678
84,681
350,683
320,687
157,693
17,693
122,694
105,695
373,695
116,696
417,696
367,697
351,697
196,700
53,700
344,707
188,711
176,716
377,721
103,724
153,728
86,728
435,729
274,730
135,731
496,732
200,732
332,735
406,736
330,738
427,741
437,741
158,742
61,747
287,751
22,751
312,752
57,753
44,753
199,754
340,756
343,756
415,758
286,758
409,761
121,761
133,764
60,767
140,768
208,774
407,778
366,778
307,781
63,783
88,786
148,788
95,789
440,789
328,789
450,789
477,790
420,791
483,791
226,792
113,793
16,797
310,797
230,797
62,798
163,801
484,802
212,805
357,805
255,805
21,808
275,811
500,811
156,811
488,812
236,813
164,815
304,815
368,816
162,817
127,817
392,817
28,820
399,821
352,822
40,822
54,823
338,824
393,825
279,827
414,828
239,828
356,830
493,833
337,834
445,838
206,839
205,840
270,842
70,843
339,843
453,844
345,845
473,846
168,847
482,848
319,849
447,849
31,850
466,851
94,854
178,854
154,855
91,855
118,855
402,857
143,860
27,861
311,862
432,862
128,862
405,867
480,867
55,871
363,871
278,871
185,871
155,873
408,874
433,874
426,878
160,878
102,879
224,879
324,880
24,881
253,882
216,883
308,883
441,885
213,886
425,887
459,889
293,890
18,891
282,894
202,895
214,898
494,899
396,902
29,903
478,904
458,904
485,906
136,906
428,908
1,908
369,910
184,912
247,912
66,912
348,915
261,917
85,919
266,927
413,927
100,928
262,929
487,929
439,930
129,930
267,930
412,932
170,935
410,941
194,944
93,950
4,951
248,957
107,963
471,965
96,971
7,973
294,973
137,978
387,985
83,986
305,986
3,987
201,988
238,992
48,1006
166,1011
468,1014
117,1014
390,1024
336,1028
264,1030
47,1036
455,1049
254,1053
280,1055
465,1058
442,1063
177,1065
490,1072
358,1072
141,1076
112,1077
231,1086
106,1088
90,1090
245,1091
228,1092
323,1095
220,1096
233,1098
215,1100
169,1104
355,1105
237,1110
144,1119
76,1120
289,1122
431,1125
101,1126
87,1128
418,1131
56,1136
73,1137
32,1139
499,1142
150,1148
126,1152
329,1155
394,1155
130,1157
2,1158
479,1158
277,1165
132,1168
429,1168
370,1168
359,1172
75,1174
495,1176
14,1177
411,1188
20,1188
463,1192
292,1194
235,1195
120,1195
384,1197
147,1205
59,1211
285,1212
379,1213
395,1217
182,1218
421,1230
244,1231
424,1231
497,1231
240,1233
165,1237
317,1237
388,1239
119,1246
404,1246
398,1253
209,1254
416,1257
444,1258
26,1258
331,1267
316,1269
149,1271
464,1272
42,1273
74,1278
362,1280
37,1287
175,1289
403,1302
397,1305
318,1306
197,1307
234,1310
462,1311
347,1313
383,1316
225,1324
222,1326
486,1328
159,1332
111,1332
273,1346
80,1347
251,1348
376,1348
151,1357
353,1358
349,1365
469,1368
257,1369
30,1385
326,1389
191,1391
269,1401
263,1412
260,1413
446,1415
114,1426
325,1432
313,1439
138,1440
6,1445
380,1445
301,1447
152,1450
436,1452
11,1452
46,1458
290,1466
481,1477
232,1477
23,1481
181,1482
241,1482
300,1483
134,1493
192,1495
5,1498
227,1500
15,1504
217,1506
252,1510
229,1516
470,1516
123,1516
193,1520
498,1520
298,1523
41,1524
242,1531
474,1535
81,1535
299,1537
174,1559
361,1570
341,1572
131,1572
65,1588
98,1590
467,1607
139,1609
385,1609
314,1609
249,1610
258,1619
49,1620
322,1621
382,1627
271,1644
391,1653
125,1656
109,1661
365,1671
218,1673
423,1676
69,1682
71,1684
33,1695
276,1697
221,1736
171,1738
52,1747
19,1758
104,1775
183,1777
187,1778
327,1781
375,1781
79,1782
295,1787
35,1791
381,1792
335,1793
38,1799
371,1802
334,1802
372,1824
438,1846
256,1854
9,1861
288,1914
99,1942
342,1947
68,1948
364,1953
281,1965
360,1966
354,1982
223,2034
296,2041
34,2059
452,2067
172,2067
378,2075
284,2084
142,2116
50,2149
146,2162
291,2186
189,2201
297,2204
456,2233
374,2244
461,2250
246,2341
207,2363
265,2387
219,2432
67,2468
10,2527
243,2546
173,2590
45,2663
43,2751
145,2752
115,2867
400,3040

simblock.block.ProofOfWorkBlock@5ea709f:23
404,0
166,233
222,324
361,413
237,458
101,497
225,546
398,560
411,581
241,628
131,635
245,643
177,675
281,710
228,718
438,720
108,726
309,755
280,757
434,767
479,780
197,792
317,800
269,807
37,809
381,822
169,848
215,851
48,852
421,864
2,873
379,888
470,894
235,895
15,906
483,932
159,933
247,939
436,945
313,946
495,947
136,950
326,953
257,954
486,957
240,974
93,981
370,985
175,991
468,1005
251,1011
301,1015
359,1017
300,1019
134,1024
323,1028
80,1028
130,1028
111,1035
358,1040
480,1042
273,1042
141,1058
151,1058
21,1060
56,1068
123,1069
212,1070
455,1076
42,1080
369,1084
119,1092
465,1092
52,1101
182,1101
291,1105
270,1107
492,1108
73,1110
469,1110
403,1110
277,1112
464,1120
220,1122
321,1128
144,1129
315,1131
282,1131
462,1134
209,1138
368,1139
332,1146
49,1153
424,1155
114,1156
102,1169
205,1170
327,1175
17,1176
268,1177
216,1181
416,1186
218,1190
59,1190
181,1192
463,1195
47,1195
415,1200
388,1203
410,1204
384,1213
6,1216
320,1218
267,1219
29,1219
261,1232
87,1234
382,1235
117,1235
376,1237
397,1237
230,1238
203,1240
497,1243
60,1244
289,1246
32,1248
5,1249
51,1258
147,1261
283,1262
447,1264
178,1266
46,1269
150,1271
126,1275
472,1275
122,1277
487,1278
191,1278
272,1279
285,1281
249,1282
25,1294
278,1295
345,1296
121,1297
109,1302
466,1303
431,1308
129,1309
337,1312
412,1317
342,1317
97,1318
362,1320
86,1320
91,1321
475,1323
75,1323
292,1324
385,1325
132,1330
83,1342
201,1345
198,1347
340,1350
383,1352
206,1354
244,1355
365,1357
339,1360
24,1361
449,1369
460,1371
491,1375
148,1379
255,1380
140,1382
471,1383
305,1389
13,1392
55,1395
457,1395
61,1398
394,1399
54,1406
319,1406
192,1407
165,1413
63,1416
85,1416
310,1416
196,1418
389,1420
442,1426
120,1426
64,1436
211,1436
353,1436
65,1442
90,1443
287,1445
190,1445
451,1447
236,1448
200,1450
58,1452
107,1453
458,1454
105,1455
453,1458
338,1459
74,1460
448,1465
22,1467
92,1471
414,1472
433,1474
39,1476
253,1476
329,1480
401,1481
18,1485
118,1490
33,1491
36,1494
420,1497
164,1499
103,1505
422,1505
112,1508
325,1511
204,1512
231,1515
489,1524
224,1528
443,1528
214,1528
343,1529
430,1531
84,1533
116,1534
435,1534
407,1542
409,1543
3,1543
180,1545
113,1548
446,1549
316,1552
417,1561
155,1561
444,1562
357,1565
351,1565
153,1566
450,1571
77,1572
440,1574
413,1578
456,1587
308,1589
500,1591
350,1592
473,1593
445,1593
202,1597
187,1599
89,1599
374,1600
396,1602
170,1609
127,1612
494,1615
162,1617
188,1619
432,1619
133,1623
53,1627
499,1627
427,1629
27,1630
167,1631
349,1633
399,1635
347,1637
57,1639
425,1645
35,1647
330,1647
248,1648
490,1650
168,1654
493,1668
152,1671
307,1672
158,1673
386,1678
128,1690
298,1692
429,1699
488,1702
78,1706
70,1706
238,1710
454,1711
7,1712
189,1713
418,1715
66,1718
146,1722
496,1724
19,1728
76,1729
324,1730
16,1736
184,1738
275,1739
312,1739
142,1745
106,1751
402,1751
137,1754
299,1756
149,1757
262,1762
4,1772
311,1775
82,1776
160,1784
360,1786
199,1788
88,1793
286,1801
478,1804
377,1806
194,1808
274,1812
304,1813
154,1816
348,1816
207,1819
44,1823
459,1826
371,1826
276,1837
193,1837
395,1837
9,1838
250,1841
378,1842
356,1848
94,1852
14,1856
20,1866
185,1867
387,1873
426,1873
352,1884
213,1884
254,1886
156,1888
229,1889
232,1904
484,1906
318,1908
344,1914
195,1916
355,1918
366,1919
11,1921
68,1923
43,1925
328,1929
124,1930
100,1937
400,1940
183,1944
69,1952
482,1954
210,1959
135,1962
303,1963
26,1963
79,1966
157,1968
72,1981
110,1981
246,1982
223,1983
264,1989
406,1991
23,1991
334,1997
346,2001
71,2009
428,2019
367,2022
391,2052
176,2054
295,2056
266,2058
294,2061
271,2063
390,2067
293,2073
373,2081
279,2087
172,2091
234,2101
28,2102
481,2103
40,2110
81,2125
297,2131
208,2133
498,2139
336,2140
115,2146
485,2150
372,2169
363,2172
392,2174
99,2183
239,2193
265,2196
423,2197
260,2205
50,2206
341,2208
219,2228
477,2237
1,2241
67,2242
174,2254
233,2258
375,2275
380,2275
95,2283
461,2290
227,2303
34,2303
12,2306
186,2325
335,2325
8,2348
467,2352
288,2357
62,2361
138,2378
45,2395
306,2418
243,2422
408,2423
439,2434
145,2444
242,2448
96,2451
143,2464
163,2492
161,2502
441,2522
333,2535
30,2550
474,2553
38,2577
437,2618
258,2621
256,2631
226,2651
217,2675
41,2676
221,2691
419,2714
284,2742
104,2750
98,2775
476,2791
331,2797
452,2820
31,2826
290,2991
354,2994
263,2997
179,3001
296,3030
259,3095
302,3183
171,3254
364,3280
393,3361
173,3446
405,3539
125,3739
252,3990
139,4245
10,4496
314,4747
322,4996

simblock.block.ProofOfWorkBlock@2986478e:23
76,0
355,227
234,322
149,407
273,445
198,489
331,531
90,542
258,571
424,619
280,622
144,626
134,680
463,702
277,706
26,708
52,708
84,748
215,753
403,763
281,765
218,793
370,794
235,839
35,842
141,844
97,845
111,851
397,853
102,877
119,880
405,886
430,892
329,898
377,899
289,923
446,925
42,926
316,930
431,931
167,931
455,933
257,934
381,935
19,936
33,937
425,957
11,963
6,971
175,974
5,979
470,995
112,1011
240,1012
74,1012
132,1012
194,1013
291,1013
130,1015
327,1017
394,1019
429,1023
459,1035
401,1042
181,1052
392,1054
228,1057
216,1060
2,1064
182,1065
15,1066
420,1067
309,1069
222,1070
312,1070
166,1072
192,1079
464,1082
20,1084
454,1090
211,1092
349,1095
37,1095
444,1098
353,1098
177,1098
416,1098
197,1101
236,1102
436,1102
384,1106
237,1106
414,1111
118,1111
272,1113
287,1116
337,1119
418,1122
233,1127
486,1134
159,1141
473,1145
323,1148
460,1149
294,1149
48,1149
209,1153
165,1154
285,1156
480,1156
325,1157
434,1158
108,1159
491,1159
465,1160
358,1162
410,1164
376,1168
96,1170
317,1179
14,1179
298,1182
382,1183
73,1183
251,1184
380,1187
56,1187
301,1190
168,1192
412,1193
302,1194
262,1194
318,1195
466,1204
208,1206
477,1207
83,1209
65,1215
306,1218
443,1222
185,1222
433,1234
46,1235
342,1236
292,1238
54,1238
269,1238
117,1240
169,1241
126,1241
49,1243
244,1244
438,1244
300,1246
110,1246
313,1247
343,1248
106,1248
362,1251
293,1252
163,1253
303,1257
103,1258
268,1260
129,1261
255,1263
220,1265
344,1267
29,1268
274,1271
321,1274
109,1278
469,1280
89,1289
92,1289
66,1290
21,1291
448,1294
489,1294
472,1295
495,1296
390,1297
40,1305
212,1308
199,1309
328,1310
383,1310
494,1312
200,1317
201,1317
131,1318
238,1319
127,1320
385,1322
51,1322
387,1324
497,1325
191,1326
59,1327
379,1327
140,1331
147,1333
275,1335
346,1337
326,1342
64,1346
249,1347
450,1349
332,1352
478,1354
365,1355
393,1356
492,1357
351,1358
95,1359
230,1366
105,1367
435,1368
421,1371
176,1376
137,1376
248,1377
150,1379
120,1380
7,1388
12,1394
205,1400
347,1405
47,1408
25,1410
170,1412
407,1412
488,1416
77,1419
419,1419
324,1421
389,1424
428,1429
143,1430
87,1433
462,1434
427,1437
445,1438
457,1438
350,1440
122,1443
373,1447
78,1448
490,1449
333,1451
345,1456
63,1462
158,1468
496,1468
190,1469
156,1479
449,1483
61,1485
399,1490
487,1491
123,1494
311,1496
72,1497
125,1499
93,1500
36,1501
8,1508
500,1509
406,1511
388,1514
279,1516
359,1516
479,1524
213,1529
453,1531
28,1534
471,1542
116,1542
31,1544
461,1546
62,1549
408,1552
264,1555
101,1564
229,1565
68,1566
60,1566
241,1568
153,1568
145,1572
442,1582
210,1584
307,1589
82,1593
475,1599
239,1601
32,1602
484,1603
17,1604
157,1605
476,1606
247,1607
225,1609
339,1611
320,1621
196,1623
226,1625
187,1628
18,1632
286,1642
305,1643
16,1647
80,1648
336,1648
413,1661
363,1666
154,1670
99,1671
432,1672
441,1673
253,1674
85,1686
267,1688
282,1689
151,1689
338,1690
174,1690
100,1693
148,1703
330,1715
43,1715
203,1716
270,1718
178,1720
458,1723
348,1728
439,1740
186,1743
468,1743
369,1744
252,1749
284,1749
128,1761
398,1768
146,1769
485,1769
308,1776
214,1776
451,1778
415,1781
404,1781
254,1781
367,1781
57,1792
266,1792
483,1796
246,1798
75,1798
361,1799
94,1806
189,1812
456,1813
172,1815
437,1819
340,1821
4,1826
88,1835
124,1836
152,1843
160,1845
3,1847
245,1848
161,1849
113,1859
114,1860
121,1863
357,1866
155,1871
250,1880
22,1892
24,1895
440,1904
368,1905
202,1906
188,1917
27,1919
499,1926
411,1930
206,1951
386,1958
371,1963
91,1979
164,1985
482,1998
271,2000
352,2003
183,2014
422,2020
304,2023
259,2025
396,2033
162,2035
207,2037
44,2037
180,2042
360,2044
391,2050
139,2057
71,2061
227,2062
276,2065
372,2068
58,2069
295,2078
447,2080
261,2082
104,2085
10,2093
39,2100
467,2112
232,2128
402,2129
142,2131
409,2135
395,2153
417,2159
378,2166
136,2174
179,2187
493,2198
224,2203
217,2220
354,2226
195,2230
135,2260
256,2263
374,2274
297,2276
223,2286
45,2301
356,2302
375,2310
322,2329
288,2330
319,2340
314,2366
1,2381
426,2384
23,2388
50,2402
260,2419
69,2429
173,2433
55,2441
481,2447
79,2478
133,2479
204,2514
400,2524
115,2545
13,2555
30,2557
335,2564
310,2565
242,2586
498,2621
299,2637
315,2661
364,2682
67,2691
265,2717
184,2737
231,2739
34,2770
263,2814
366,2838
86,2916
221,2939
341,2947
290,2988
107,3011
193,3018
278,3102
70,3186
171,3187
81,3198
38,3239
296,3268
283,3283
138,3427
452,3446
53,3460
423,3489
41,3516
334,3678
243,3699
219,3926
9,3956
98,4205
474,4460

simblock.block.ProofOfWorkBlock@9667b64:24
161,0
186,151
16,207
487,263
51,319
162,327
294,358
27,377
279,384
95,425
310,429
60,435
459,441
430,473
116,477
373,483
309,485
478,497
492,499
167,517
270,527
118,529
499,537
57,539
408,540
85,541
477,554
406,577
62,583
93,585
338,585
53,586
437,586
44,590
133,592
253,594
419,597
417,598
402,609
113,611
306,626
387,633
25,635
230,636
88,642
392,642
63,644
472,645
86,645
250,646
127,647
262,649
293,650
339,652
202,654
255,659
321,659
352,665
264,672
447,676
454,677
401,683
471,685
205,689
286,690
203,693
320,693
410,699
348,701
369,701
275,702
500,703
489,704
457,707
366,708
188,710
185,710
7,711
100,711
157,720
89,721
412,723
213,725
8,732
143,732
282,733
420,733
136,736
409,736
154,739
236,741
66,745
336,745
214,746
283,749
31,749
212,749
357,751
407,751
148,751
140,756
343,758
72,760
70,761
389,761
196,761
224,761
168,761
443,766
475,766
466,766
490,767
332,769
77,769
303,776
158,776
315,779
287,784
153,785
350,787
1,789
64,789
78,792
415,792
184,792
345,792
328,794
190,797
204,797
13,798
363,799
40,800
216,800
129,802
448,802
61,805
211,805
440,806
433,807
82,807
210,807
445,811
488,813
484,814
398,815
278,815
450,817
449,818
233,819
178,820
29,820
460,820
432,824
312,828
491,832
302,833
399,834
494,837
483,841
344,841
451,845
91,845
368,846
199,847
58,847
194,848
422,848
239,848
340,849
128,850
305,852
164,854
427,861
94,861
386,861
22,862
103,862
55,862
393,863
426,865
248,866
179,866
12,867
206,871
425,873
272,875
441,877
458,878
18,878
156,878
200,880
226,881
434,881
208,884
231,885
109,889
473,890
476,890
311,891
377,894
428,894
36,894
201,895
160,895
496,896
84,897
367,897
485,897
327,903
176,905
170,906
28,906
107,910
346,911
413,913
135,914
155,917
304,920
337,924
147,926
482,927
24,928
122,928
267,932
324,937
105,939
403,943
163,951
21,951
39,954
261,954
414,959
356,967
234,972
405,976
281,976
92,982
464,985
54,990
439,990
33,994
3,995
396,998
307,999
121,1011
180,1012
319,1013
228,1017
370,1030
383,1030
342,1033
132,1038
124,1038
266,1048
308,1049
326,1054
175,1056
453,1064
11,1067
151,1067
110,1069
137,1069
436,1072
2,1075
361,1075
244,1076
75,1080
349,1081
192,1085
177,1086
317,1087
289,1092
330,1098
463,1098
144,1099
333,1105
114,1107
329,1109
365,1124
274,1126
182,1127
80,1131
191,1132
149,1134
101,1138
15,1138
169,1138
269,1139
301,1140
97,1148
20,1149
87,1151
480,1154
215,1156
237,1161
318,1165
73,1175
42,1182
446,1184
351,1187
90,1190
35,1192
379,1196
56,1198
59,1201
14,1203
442,1207
277,1214
240,1218
470,1221
313,1222
359,1222
4,1222
444,1222
252,1225
134,1231
355,1232
479,1233
257,1236
249,1236
197,1238
390,1240
117,1241
465,1242
388,1242
353,1245
493,1245
26,1246
416,1247
241,1250
251,1252
47,1257
123,1258
32,1263
347,1264
404,1267
316,1269
5,1269
120,1272
225,1280
108,1281
220,1284
74,1284
424,1287
395,1292
397,1293
19,1303
285,1304
102,1306
46,1308
435,1310
48,1313
268,1316
423,1318
165,1321
112,1324
6,1326
331,1336
456,1338
452,1347
421,1359
111,1368
378,1371
438,1373
362,1374
468,1385
166,1393
207,1395
254,1411
384,1413
394,1414
37,1415
52,1418
235,1421
358,1423
193,1423
376,1429
106,1432
325,1433
209,1438
486,1452
232,1453
98,1455
65,1470
323,1475
497,1483
335,1491
187,1497
181,1506
30,1507
322,1517
229,1517
391,1522
276,1523
9,1533
126,1534
221,1540
256,1547
354,1554
247,1555
138,1563
260,1566
152,1568
227,1576
382,1584
288,1589
83,1591
292,1591
431,1595
130,1600
298,1602
284,1608
189,1609
68,1611
495,1611
99,1613
258,1622
104,1623
49,1646
280,1652
314,1655
115,1656
139,1658
218,1659
141,1666
375,1668
81,1678
222,1679
171,1716
172,1725
265,1730
455,1758
411,1760
76,1764
150,1771
23,1777
159,1794
245,1794
263,1807
238,1821
145,1828
418,1829
400,1839
469,1842
50,1847
131,1850
219,1873
372,1879
461,1890
71,1912
246,1912
119,1927
364,1930
198,1931
295,1951
174,1955
41,1965
96,1976
195,1998
299,2008
273,2011
17,2097
462,2103
242,2104
290,2115
498,2117
142,2126
481,2134
43,2135
360,2155
381,2156
300,2186
341,2195
67,2212
297,2254
291,2267
271,2291
380,2328
385,2359
10,2400
34,2400
146,2402
429,2457
183,2473
69,2499
474,2501
296,2588
374,2609
334,2642
79,2742
243,2747
125,2885
38,2900
371,2927
217,3026
259,3200
173,3270
45,3339
467,3628
223,3640

simblock.block.ProofOfWorkBlock@122ac2e8:25
43,0
146,309
98,657
388,728
115,879
65,947
325,994
151,1030
145,1050
470,1121
382,1129
5,1169
75,1205
322,1206
35,1209
187,1255
411,1257
42,1294
464,1337
220,1346
169,1349
38,1353
87,1377
266,1385
359,1386
73,1388
349,1422
431,1427
223,1433
141,1433
497,1433
379,1433
232,1443
459,1446
384,1467
317,1473
292,1479
301,1502
300,1504
109,1512
281,1514
134,1515
106,1515
22,1542
370,1550
442,1561
31,1563
222,1570
175,1584
217,1590
242,1594
74,1596
88,1598
224,1601
184,1604
48,1604
468,1605
215,1605
298,1611
197,1611
289,1614
244,1618
435,1619
441,1623
383,1625
416,1631
291,1645
102,1645
83,1650
2,1651
163,1655
486,1656
20,1657
212,1663
342,1669
492,1677
49,1685
469,1689
329,1690
286,1691
46,1691
52,1695
177,1699
327,1703
249,1707
12,1712
347,1713
494,1715
56,1716
440,1719
277,1728
120,1729
285,1734
33,1736
240,1740
19,1740
400,1743
323,1743
251,1743
463,1746
61,1747
445,1749
206,1751
123,1752
165,1758
16,1762
147,1771
133,1771
1,1772
144,1773
318,1776
154,1778
380,1778
53,1780
11,1781
139,1783
213,1784
280,1786
398,1788
417,1794
32,1796
6,1799
218,1802
205,1804
408,1806
363,1814
29,1815
235,1816
192,1817
430,1818
434,1820
444,1822
17,1823
396,1825
253,1827
159,1830
228,1830
96,1833
117,1833
404,1833
85,1834
273,1835
321,1836
485,1839
241,1845
381,1848
70,1849
457,1852
331,1857
263,1858
203,1859
390,1869
462,1870
245,1870
14,1873
28,1874
62,1875
54,1876
150,1876
305,1877
190,1880
247,1883
95,1883
57,1883
403,1884
271,1891
261,1891
471,1893
170,1897
90,1898
268,1899
130,1906
66,1907
436,1912
446,1913
418,1916
455,1916
358,1917
376,1920
94,1923
112,1925
483,1927
185,1929
47,1930
351,1933
255,1934
453,1936
264,1938
387,1940
454,1941
237,1942
262,1947
346,1947
366,1949
335,1950
15,1952
353,1953
254,1955
432,1957
303,1959
84,1962
479,1965
37,1967
126,1969
18,1970
282,1973
426,1973
316,1973
378,1978
433,1982
394,1985
276,1986
427,1988
82,1988
51,1988
465,1989
283,1997
421,1998
131,2005
97,2008
330,2009
423,2011
202,2012
377,2013
477,2013
158,2014
59,2018
478,2026
484,2035
480,2039
181,2041
352,2043
182,2046
336,2051
132,2052
499,2054
7,2056
194,2060
443,2061
373,2066
114,2066
424,2070
80,2070
406,2073
355,2073
60,2073
128,2079
234,2083
78,2084
208,2085
149,2087
116,2094
26,2095
258,2101
293,2102
319,2103
248,2105
385,2107
236,2108
21,2108
371,2108
495,2110
239,2112
420,2128
362,2132
306,2139
422,2143
344,2144
238,2146
407,2151
160,2153
313,2159
77,2160
230,2167
482,2171
439,2187
350,2187
72,2189
30,2190
168,2192
413,2194
490,2200
231,2208
4,2210
410,2210
447,2217
135,2222
460,2224
71,2226
451,2227
36,2227
127,2232
13,2233
428,2235
40,2239
476,2240
79,2240
326,2240
375,2242
365,2243
487,2252
243,2256
119,2265
472,2268
110,2273
372,2273
270,2275
345,2276
450,2279
332,2281
200,2284
496,2310
45,2310
409,2319
361,2322
333,2323
64,2328
279,2329
55,2330
475,2337
473,2337
121,2339
308,2342
195,2347
176,2348
297,2350
101,2357
290,2361
269,2362
311,2362
337,2363
397,2366
199,2367
8,2373
196,2385
39,2387
161,2391
209,2395
415,2398
438,2400
207,2404
256,2405
193,2406
357,2409
302,2418
225,2423
204,2429
99,2433
324,2436
339,2451
356,2456
425,2456
449,2462
219,2464
76,2473
360,2492
178,2493
296,2494
267,2502
129,2503
299,2504
367,2508
452,2513
304,2513
104,2517
186,2517
287,2539
307,2541
68,2542
419,2543
138,2547
288,2549
152,2557
171,2560
34,2560
369,2564
136,2569
466,2570
100,2571
252,2582
260,2583
58,2584
429,2584
334,2585
491,2592
41,2599
148,2604
354,2606
167,2627
320,2633
103,2637
179,2657
198,2661
91,2664
188,2677
368,2682
166,2683
201,2684
89,2686
93,2692
81,2706
272,2712
3,2718
414,2738
265,2742
489,2744
92,2746
105,2771
229,2784
183,2788
69,2811
157,2816
498,2832
9,2834
259,2841
10,2858
155,2860
458,2861
274,2868
140,2876
113,2881
257,2921
315,2931
63,2948
108,2949
275,2957
164,2958
137,2963
341,2969
395,2975
467,2987
221,2989
173,3022
284,3038
338,3045
393,3051
295,3052
125,3062
44,3077
364,3081
142,3090
143,3101
474,3115
437,3134
111,3180
348,3221
386,3231
172,3232
488,3246
340,3247
401,3255
399,3261
67,3287
246,3301
50,3310
25,3312
180,3327
189,3365
216,3397
191,3443
250,3464
314,3482
156,3504
448,3543
86,3545
481,3548
23,3558
124,3564
461,3598
278,3704
174,3716
412,3740
456,3810
153,3814
227,3846
211,3851
328,3851
27,3872
312,4048
391,4058
107,4086
162,4154
118,4166
210,4171
392,4180
214,4349
309,4478
226,4491
310,4515
24,4658
389,4776
343,4793
500,4875
233,4960
122,5091
405,5092
493,5223
402,5260
294,5393
374,5660

simblock.block.ProofOfWorkBlock@572f2041:26
269,0
291,220
228,305
403,392
438,466
465,479
209,529
238,549
361,562
329,611
446,613
347,632
130,644
281,682
2,695
362,706
215,712
218,713
495,749
247,765
384,774
385,778
131,782
19,793
101,793
431,796
484,832
52,833
418,835
353,851
90,861
132,863
134,864
404,866
486,876
46,878
257,879
326,902
181,914
411,915
83,917
331,929
365,930
394,935
251,944
380,944
480,957
416,957
479,960
463,962
182,977
17,983
199,983
166,986
300,996
316,1002
436,1005
159,1006
42,1008
397,1010
392,1015
429,1017
424,1017
15,1018
292,1019
268,1019
5,1027
330,1027
32,1030
387,1042
116,1043
240,1043
197,1052
350,1054
205,1056
245,1059
273,1070
59,1070
383,1083
381,1083
97,1085
222,1085
192,1089
33,1091
119,1093
497,1093
175,1093
462,1094
396,1096
323,1100
73,1101
298,1103
151,1104
137,1106
165,1109
485,1110
468,1111
149,1128
118,1131
317,1132
407,1133
153,1137
386,1139
220,1141
355,1145
254,1149
109,1150
35,1153
313,1157
442,1164
120,1165
117,1167
377,1173
342,1175
108,1176
135,1177
358,1178
370,1179
318,1179
26,1181
398,1185
349,1188
235,1188
13,1190
40,1190
490,1190
18,1191
74,1191
406,1202
405,1202
211,1204
237,1205
344,1208
379,1213
376,1215
289,1223
390,1225
1,1225
325,1226
56,1226
415,1230
201,1232
49,1232
234,1234
285,1235
80,1236
346,1237
65,1240
14,1240
464,1242
280,1244
123,1245
147,1246
253,1247
401,1247
37,1248
445,1248
86,1249
444,1250
470,1256
359,1260
198,1267
337,1268
61,1269
277,1270
460,1273
270,1274
408,1274
302,1282
77,1284
63,1286
204,1286
25,1289
126,1290
224,1291
368,1292
476,1292
177,1297
185,1300
258,1306
122,1308
412,1308
169,1308
241,1310
20,1311
366,1313
455,1315
434,1316
64,1317
6,1317
114,1318
111,1318
190,1318
421,1319
249,1325
96,1327
187,1327
388,1328
469,1331
140,1333
144,1336
458,1336
112,1336
102,1336
382,1342
248,1347
324,1347
150,1349
76,1350
203,1351
191,1354
409,1355
305,1355
196,1355
471,1358
85,1364
425,1364
483,1364
188,1365
168,1368
478,1381
214,1381
435,1382
170,1384
450,1389
48,1391
75,1394
282,1394
422,1394
430,1397
264,1398
141,1399
69,1402
433,1405
47,1408
225,1408
244,1413
301,1413
272,1415
488,1417
230,1425
321,1425
105,1426
157,1431
351,1439
161,1439
11,1440
87,1445
399,1446
133,1447
278,1450
148,1452
143,1452
466,1458
389,1458
208,1460
22,1462
275,1467
194,1467
202,1468
226,1469
293,1469
345,1473
106,1484
473,1489
339,1493
21,1493
327,1494
7,1494
72,1500
348,1503
265,1508
186,1514
233,1514
200,1515
100,1515
427,1516
128,1520
250,1524
136,1530
340,1530
262,1532
279,1534
261,1535
475,1539
66,1540
44,1540
129,1544
155,1549
320,1553
307,1555
312,1557
274,1560
420,1567
184,1568
103,1570
267,1581
95,1583
494,1587
57,1588
93,1593
499,1593
195,1595
99,1595
447,1597
338,1604
352,1605
410,1606
417,1618
3,1626
91,1628
39,1633
472,1635
402,1642
432,1642
452,1643
154,1644
451,1648
160,1649
156,1651
367,1661
283,1665
496,1667
297,1669
491,1669
459,1680
115,1684
50,1684
23,1685
158,1692
107,1694
124,1694
333,1694
439,1697
180,1698
164,1706
260,1711
231,1713
477,1714
500,1717
176,1726
284,1728
34,1730
489,1734
121,1736
70,1741
482,1741
232,1745
142,1758
449,1760
441,1762
334,1762
28,1764
146,1766
173,1773
179,1779
314,1798
12,1802
207,1802
287,1807
252,1808
461,1808
294,1808
89,1809
62,1822
311,1822
315,1824
78,1827
360,1828
183,1839
68,1840
29,1841
357,1841
493,1843
67,1845
24,1847
104,1865
413,1866
474,1867
391,1867
426,1871
373,1874
51,1874
322,1891
43,1894
31,1897
246,1901
308,1902
393,1911
492,1914
255,1918
336,1920
219,1932
36,1934
127,1935
79,1936
328,1942
88,1952
271,1957
27,1976
41,1979
84,1981
94,1982
162,1996
363,1997
443,2009
498,2009
217,2014
110,2015
53,2018
60,2020
178,2027
125,2033
171,2037
369,2045
309,2049
299,2051
481,2055
440,2077
242,2086
213,2097
236,2102
223,2111
304,2113
288,2121
55,2150
276,2150
371,2154
82,2157
487,2165
113,2173
58,2183
343,2191
139,2191
356,2192
303,2192
172,2194
229,2195
163,2197
167,2220
354,2251
92,2257
375,2267
266,2273
332,2278
335,2281
437,2299
9,2308
423,2338
239,2339
419,2358
263,2365
454,2366
286,2369
212,2373
81,2376
395,2387
45,2394
448,2394
400,2410
10,2413
374,2414
453,2431
227,2446
306,2453
30,2459
457,2464
8,2472
372,2496
290,2524
38,2538
54,2540
71,2541
319,2554
210,2571
174,2576
310,2608
221,2622
295,2625
4,2644
456,2647
256,2661
152,2695
189,2703
428,2714
364,2721
206,2729
259,2773
414,2817
138,2823
467,2860
193,2873
16,2907
243,2953
296,2969
216,2990
341,3083
145,3159
378,3202
98,3222

simblock.block.ProofOfWorkBlock@399acfed:27
163,0
8,170
129,234
29,299
231,328
272,356
471,385
118,399
459,423
483,445
208,456
60,458
278,479
233,492
499,501
143,508
57,514
24,519
128,537
124,537
202,547
363,549
386,558
158,572
212,574
127,577
448,584
28,595
414,595
121,606
427,607
190,608
338,613
283,617
53,621
180,631
261,634
157,636
367,641
100,650
267,650
88,657
185,658
94,661
443,662
27,666
496,666
266,668
472,669
137,672
482,678
321,687
309,688
61,689
330,701
196,702
84,706
205,708
319,709
351,710
357,713
1,721
54,722
167,723
328,724
408,726
275,727
200,730
409,730
160,731
89,735
105,735
420,738
176,745
412,745
170,747
36,750
184,758
21,759
487,759
428,760
488,766
430,769
293,769
62,770
435,771
66,775
413,777
199,778
475,779
186,779
339,781
31,784
161,784
449,785
13,787
457,787
136,789
116,790
122,794
304,797
148,799
39,801
346,803
432,807
282,807
418,808
58,813
214,813
447,814
440,815
305,815
422,816
33,817
248,817
415,819
450,822
63,824
315,824
168,825
270,825
103,826
255,826
222,827
236,830
204,833
86,833
203,833
25,834
133,837
51,839
91,840
458,840
489,841
85,841
287,841
230,843
72,843
302,847
417,848
426,852
402,852
407,854
135,856
179,857
425,859
178,860
345,861
216,865
419,869
164,870
368,872
466,875
154,877
156,878
352,878
493,881
490,882
303,883
312,884
373,884
83,885
473,885
451,885
392,886
206,886
294,888
393,890
95,891
337,891
211,893
140,897
16,898
333,898
445,899
250,900
279,900
201,901
316,902
454,904
253,904
340,905
389,905
311,907
433,909
344,911
210,912
274,914
356,915
476,916
377,919
492,922
77,923
401,923
153,926
308,928
491,929
82,930
484,932
224,933
18,938
93,941
113,943
348,945
310,946
194,947
485,947
366,949
44,950
307,950
239,958
500,960
477,960
262,961
162,964
431,964
286,965
306,966
478,968
439,972
387,973
251,978
486,982
226,988
182,989
350,994
342,996
460,998
22,999
92,1000
96,1002
453,1004
285,1006
110,1007
320,1007
494,1018
437,1026
213,1027
343,1029
369,1032
300,1038
175,1040
55,1043
12,1044
7,1051
424,1054
107,1056
155,1058
70,1060
269,1063
241,1065
112,1068
370,1070
406,1074
331,1079
382,1080
336,1084
159,1087
324,1088
410,1089
353,1105
151,1105
444,1105
325,1108
323,1116
64,1116
78,1118
102,1124
235,1127
35,1130
495,1133
249,1133
109,1134
399,1135
268,1137
165,1137
73,1146
111,1147
166,1148
332,1148
80,1152
144,1153
397,1154
198,1162
4,1165
442,1174
381,1175
40,1175
470,1177
264,1177
497,1179
215,1181
237,1182
11,1193
245,1194
405,1195
197,1202
181,1203
441,1204
20,1205
411,1205
379,1206
76,1207
462,1208
361,1208
149,1211
479,1214
436,1227
468,1228
281,1232
455,1236
398,1237
359,1237
117,1240
37,1241
75,1248
244,1253
134,1254
131,1255
188,1255
130,1258
169,1260
26,1264
464,1277
289,1277
416,1278
42,1278
429,1280
123,1283
301,1289
3,1295
225,1305
469,1308
394,1310
59,1312
349,1315
87,1315
48,1319
383,1320
147,1321
254,1321
56,1325
384,1340
434,1344
446,1347
218,1348
240,1349
126,1355
101,1358
234,1372
258,1374
390,1375
292,1376
114,1376
358,1377
263,1387
385,1388
195,1405
106,1405
229,1409
220,1419
14,1423
365,1424
192,1425
347,1426
2,1436
362,1437
108,1439
232,1442
378,1447
317,1454
327,1455
277,1462
238,1464
260,1466
217,1469
120,1477
5,1481
228,1495
247,1496
465,1498
341,1507
19,1511
81,1517
141,1524
15,1529
403,1530
276,1530
334,1531
125,1533
150,1546
388,1546
132,1549
391,1551
257,1552
354,1566
280,1575
360,1585
50,1591
480,1594
139,1594
227,1601
173,1604
6,1605
396,1612
291,1613
242,1625
68,1626
17,1626
271,1631
421,1637
380,1639
38,1659
322,1660
295,1664
273,1667
90,1667
463,1670
138,1673
329,1695
299,1695
97,1699
481,1705
376,1716
52,1720
209,1724
69,1727
256,1729
265,1738
10,1744
252,1767
177,1773
193,1774
49,1775
438,1783
355,1804
221,1836
142,1866
187,1870
375,1879
404,1887
298,1889
99,1892
400,1897
335,1910
452,1923
191,1943
119,1948
395,1950
423,1953
284,1958
374,1974
46,1974
171,1980
71,1996
74,2040
326,2058
104,2069
79,2069
32,2118
318,2121
98,2160
30,2176
43,2188
23,2197
296,2206
313,2214
314,2233
41,2239
9,2243
189,2258
152,2264
223,2279
65,2293
47,2293
115,2338
498,2343
246,2354
172,2365
219,2458
290,2486
288,2496
145,2498
456,2516
371,2526
45,2545
364,2577
297,2611
183,2623
34,2640
207,2743
259,2796
461,2809
146,2814
474,2860
243,2866
467,2991
174,3112
67,3148
372,3206

simblock.block.ProofOfWorkBlock@1e19d84f:28
77,0
393,151
454,208
293,265
148,301
255,328
54,363
136,363
236,388
401,415
472,423
493,427
344,446
482,451
458,472
306,479
154,482
420,495
93,507
333,507
24,513
275,517
40,530
489,536
206,539
309,539
305,551
133,565
91,565
500,570
476,571
338,579
116,583
162,588
212,592
213,594
21,597
320,598
200,604
311,607
402,620
377,623
272,629
315,630
484,633
188,639
22,643
121,644
31,645
451,654
62,656
490,656
439,657
226,658
488,660
137,662
8,662
337,664
328,666
483,672
475,680
494,681
460,681
264,685
124,687
407,687
63,689
250,692
366,698
164,701
262,702
422,702
308,704
449,705
155,713
287,713
199,713
233,714
399,714
459,715
415,715
419,717
214,718
118,720
457,721
210,722
363,724
180,724
12,733
122,735
143,738
302,738
312,738
65,740
202,745
16,745
453,745
270,745
266,749
336,750
440,750
485,751
321,751
89,754
253,755
66,756
13,759
105,759
78,759
433,761
53,761
36,765
196,771
70,772
58,773
167,773
7,774
392,774
357,775
190,779
160,779
163,780
279,781
156,781
211,787
84,788
82,790
103,793
110,796
61,796
351,797
466,802
194,804
203,805
261,807
153,811
405,812
304,812
413,813
231,814
201,814
1,815
324,815
356,816
428,816
450,817
435,817
186,820
25,822
471,822
283,825
477,827
95,827
447,829
346,830
51,831
224,832
135,834
179,835
426,835
158,836
491,838
113,838
496,838
345,839
448,840
492,843
55,846
414,849
412,850
72,854
64,854
286,856
44,856
339,859
441,861
387,862
170,865
57,867
409,869
3,869
478,870
216,870
85,870
205,871
128,872
499,873
445,874
487,874
46,875
267,876
127,879
473,879
310,880
332,882
230,883
60,883
406,886
157,886
26,891
319,893
389,894
368,894
303,894
352,895
350,895
18,898
161,898
168,899
176,901
107,902
27,908
294,909
191,910
204,915
432,916
430,918
29,918
39,920
367,924
94,926
340,928
169,928
386,930
185,934
184,938
208,939
373,939
178,940
417,943
464,946
465,947
4,949
282,950
129,950
437,951
425,952
86,965
102,966
307,966
90,973
408,975
5,976
298,981
436,981
443,983
88,991
274,992
410,997
278,1008
28,1009
140,1011
326,1022
323,1034
273,1042
480,1043
248,1047
92,1048
379,1049
369,1054
497,1055
87,1058
291,1061
269,1062
132,1064
100,1065
56,1066
468,1068
316,1068
317,1077
348,1079
32,1080
159,1093
238,1093
469,1097
76,1100
149,1102
434,1103
49,1112
241,1117
330,1118
2,1119
444,1122
438,1122
75,1123
421,1124
17,1135
35,1136
388,1138
120,1139
292,1142
239,1142
237,1143
277,1144
427,1144
198,1145
240,1146
403,1151
141,1153
486,1159
119,1163
225,1164
134,1165
462,1175
192,1177
289,1180
80,1185
254,1191
235,1193
74,1196
112,1196
343,1202
14,1206
359,1207
15,1207
370,1209
215,1213
97,1216
280,1217
228,1219
365,1221
177,1221
209,1222
109,1225
353,1225
249,1227
166,1235
431,1238
244,1238
117,1240
48,1247
38,1250
123,1251
349,1252
83,1254
318,1257
396,1258
424,1263
20,1270
385,1271
342,1273
398,1274
47,1276
258,1287
245,1289
479,1292
151,1293
33,1294
220,1296
144,1299
313,1308
182,1308
361,1311
329,1313
384,1316
222,1318
381,1319
355,1321
390,1323
418,1334
347,1351
416,1357
383,1362
6,1368
362,1370
52,1371
175,1385
470,1394
252,1395
290,1396
131,1396
187,1406
101,1409
79,1412
19,1426
11,1429
374,1434
411,1442
130,1442
463,1443
181,1459
68,1461
331,1463
23,1465
376,1467
126,1468
397,1468
207,1473
263,1474
285,1481
43,1483
301,1485
257,1485
111,1489
251,1495
284,1503
455,1505
498,1506
400,1507
268,1527
152,1527
276,1534
358,1542
45,1544
41,1546
375,1547
335,1549
142,1555
243,1570
382,1579
227,1583
371,1589
423,1593
297,1595
71,1597
9,1601
195,1603
73,1606
446,1607
114,1639
42,1641
247,1642
234,1653
189,1653
495,1659
395,1666
108,1677
322,1680
229,1680
104,1686
314,1687
197,1697
59,1713
260,1720
146,1741
223,1750
481,1758
281,1759
34,1769
474,1773
378,1773
456,1777
165,1777
106,1779
115,1801
325,1809
300,1813
265,1814
372,1820
404,1841
299,1847
429,1849
218,1873
193,1885
69,1893
147,1930
364,1945
327,1948
288,1957
334,1965
37,1987
219,2001
380,2017
150,2029
391,2043
96,2046
30,2051
232,2064
467,2115
442,2121
394,2188
452,2216
81,2228
271,2241
138,2266
98,2285
172,2313
246,2325
256,2328
360,2337
221,2357
10,2408
145,2471
171,2504
242,2524
139,2600
295,2609
50,2617
341,2631
67,2692
259,2772
217,2802
461,2829
354,2922
125,2929
296,2976
99,3131
174,3227
183,3266
173,3477

simblock.block.ProofOfWorkBlock@2b5b4b65:28
467,0
111,751
20,1028
384,1302
385,1579
134,1853
18,2232
127,2620
324,3002
321,3386
466,3765
373,4146
471,4526
57,4905
91,5290
16,5680
190,6070
155,6450
445,6839
164,7219
66,7600
346,7981
8,8363

simblock.block.ProofOfWorkBlock@69f5b46b:29
249,0
97,220
150,302
301,385
323,439
112,467
479,520
251,522
37,554
436,604
292,604
182,621
397,636
455,669
365,686
120,686
277,688
394,706
370,718
131,739
403,743
257,750
285,768
463,770
119,771
317,778
258,788
342,821
465,827
384,827
497,841
19,846
396,846
486,849
222,853
464,862
33,863
56,869
458,900
191,900
385,905
254,906
102,908
132,909
398,915
431,919
281,923
495,930
144,933
73,935
280,945
376,948
361,958
262,958
220,966
446,967
90,969
166,973
434,983
349,989
468,989
240,990
192,991
108,993
20,997
59,998
347,999
47,1003
198,1004
331,1009
76,1011
353,1012
358,1017
40,1028
424,1032
62,1036
300,1039
15,1042
383,1049
269,1049
6,1050
462,1051
26,1061
429,1066
49,1069
126,1071
355,1073
228,1074
11,1076
111,1077
289,1077
380,1077
245,1078
14,1081
421,1085
273,1086
310,1086
268,1087
381,1090
480,1096
74,1105
159,1122
453,1122
327,1126
169,1130
215,1131
149,1131
238,1131
469,1131
35,1133
177,1134
28,1134
165,1141
179,1143
187,1144
109,1146
438,1150
234,1150
416,1152
209,1153
151,1154
291,1156
2,1159
362,1162
235,1162
387,1171
244,1174
411,1174
247,1174
237,1175
199,1182
147,1187
181,1192
379,1201
164,1205
17,1205
175,1207
490,1207
75,1210
117,1212
46,1212
24,1217
5,1217
80,1220
130,1222
390,1225
325,1226
141,1232
329,1233
470,1239
316,1239
460,1241
404,1253
472,1263
52,1264
44,1265
312,1267
366,1269
306,1272
313,1273
188,1280
196,1280
442,1286
87,1292
318,1294
304,1296
225,1298
286,1299
298,1309
272,1310
123,1310
65,1312
311,1315
134,1316
55,1318
84,1318
326,1318
167,1319
350,1320
42,1323
473,1336
210,1336
410,1340
105,1343
114,1343
190,1344
477,1346
186,1348
218,1349
382,1351
110,1352
344,1356
338,1360
278,1365
450,1367
83,1370
106,1370
101,1373
226,1378
96,1384
51,1388
197,1392
388,1394
422,1394
206,1396
443,1398
491,1399
444,1401
100,1403
359,1403
121,1405
437,1415
157,1416
303,1416
116,1421
445,1429
212,1431
241,1433
261,1438
32,1441
31,1441
451,1442
137,1443
160,1445
180,1448
64,1453
274,1455
435,1460
205,1465
294,1466
484,1467
441,1471
418,1471
214,1477
89,1480
176,1482
202,1487
487,1490
478,1491
162,1491
340,1494
216,1494
493,1495
457,1495
66,1497
204,1499
414,1502
417,1510
8,1514
454,1514
412,1520
267,1523
72,1524
425,1525
48,1525
155,1526
161,1531
373,1539
158,1540
275,1541
346,1541
377,1549
156,1552
63,1556
500,1563
133,1568
57,1570
128,1575
82,1576
61,1576
211,1576
393,1577
255,1580
3,1583
248,1583
18,1589
21,1591
320,1597
265,1604
409,1605
432,1605
163,1607
343,1609
125,1609
492,1614
253,1618
184,1618
352,1620
427,1621
113,1629
146,1632
39,1633
13,1635
200,1638
282,1642
324,1645
483,1645
173,1646
92,1647
153,1647
279,1647
266,1649
118,1652
208,1653
348,1660
448,1664
459,1665
239,1667
148,1668
230,1668
185,1670
357,1671
4,1671
29,1674
94,1681
54,1689
99,1692
297,1696
413,1696
107,1700
351,1702
77,1702
85,1705
449,1714
423,1717
439,1720
168,1721
172,1722
86,1737
129,1740
50,1740
233,1751
489,1752
71,1753
461,1760
321,1762
305,1763
256,1764
221,1772
138,1775
392,1779
246,1781
12,1782
22,1789
299,1791
471,1793
43,1794
408,1794
223,1803
475,1805
302,1806
375,1809
143,1811
1,1819
430,1819
308,1823
496,1826
60,1827
426,1828
27,1838
420,1839
127,1841
78,1843
287,1844
236,1845
104,1846
428,1846
482,1847
402,1851
386,1862
406,1878
494,1888
356,1911
307,1912
260,1928
476,1935
25,1936
122,1938
488,1938
207,1939
139,1940
242,1967
189,1969
178,1971
499,1972
135,1972
276,1973
309,1978
88,1986
369,1999
315,2000
363,2001
407,2003
232,2011
440,2016
405,2017
336,2020
399,2021
332,2024
224,2030
391,2035
136,2039
154,2063
38,2073
30,2087
194,2089
171,2097
415,2108
293,2111
183,2129
447,2149
45,2173
339,2176
330,2182
53,2193
103,2196
23,2196
91,2196
334,2200
345,2201
319,2212
115,2214
10,2216
93,2221
219,2238
467,2246
152,2258
295,2259
368,2261
367,2264
145,2265
337,2281
360,2322
201,2356
95,2363
271,2365
264,2367
466,2369
270,2383
283,2387
231,2398
81,2399
68,2426
79,2443
195,2444
314,2468
229,2509
452,2509
67,2510
217,2518
372,2519
243,2523
419,2542
203,2544
213,2556
485,2575
498,2579
354,2598
252,2599
341,2611
456,2677
98,2694
170,2703
58,2715
70,2719
481,2723
7,2731
36,2750
401,2759
34,2766
296,2791
322,2829
395,2845
290,2869
333,2897
16,2905
288,2943
174,2959
400,2969
474,2972
193,3047
69,3084
389,3087
433,3144
41,3206
284,3219
124,3273
9,3300
371,3333
250,3451
364,3457
378,3466
227,3583
140,3625
335,3714
259,3832
263,3962
374,4074
142,4326

simblock.block.ProofOfWorkBlock@23f1376:29
393,0
311,152
136,211
420,270
156,300
493,328
155,362
483,362
337,386
24,419
118,425
148,445
105,448
140,460
167,478
466,478
61,486
77,502
387,512
287,514
422,519
22,535
270,537
91,539
482,549
72,552
305,566
100,569
204,571
433,575
332,575
162,581
116,592
272,595
476,595
328,600
448,604
211,608
324,609
405,613
457,623
392,627
352,628
186,632
129,633
94,635
458,637
178,642
443,643
78,651
407,655
453,660
333,664
309,665
343,665
484,665
357,669
27,671
485,683
286,684
312,685
321,686
437,689
92,690
427,692
406,693
170,698
200,698
283,700
1,701
113,702
164,708
57,711
224,715
373,716
500,719
445,721
499,722
262,722
435,722
110,725
36,726
39,727
351,727
478,728
213,739
266,744
275,744
454,745
417,745
143,746
122,749
425,751
475,751
473,753
389,755
344,756
441,756
471,758
133,758
496,759
490,760
282,760
194,760
128,761
16,763
278,766
301,767
58,767
338,773
184,775
450,775
401,776
202,778
366,779
449,781
350,781
21,781
250,784
55,784
345,784
308,785
494,786
460,789
121,790
166,793
199,798
161,800
488,800
214,801
294,801
163,802
185,803
408,803
489,805
157,809
428,810
179,810
274,810
310,810
419,812
410,812
304,814
190,814
447,817
51,817
154,819
239,819
315,821
293,822
330,823
426,826
320,827
12,828
430,828
210,832
415,837
84,837
440,839
261,840
64,840
253,840
409,840
44,840
233,843
85,844
60,844
231,846
158,847
459,849
248,855
279,856
203,857
63,859
89,861
70,862
54,862
216,866
307,866
135,868
491,868
29,869
86,869
208,872
348,872
339,873
340,874
95,877
412,879
497,879
188,880
4,880
236,880
255,883
319,884
103,886
303,890
7,891
402,894
62,895
196,896
432,898
414,900
66,900
451,900
472,904
201,904
302,904
477,905
25,908
212,915
168,918
226,920
18,920
492,921
124,925
336,929
487,929
8,930
369,932
88,933
53,934
413,934
180,936
386,937
205,939
165,941
306,942
137,947
376,947
368,947
367,949
280,951
82,952
267,952
363,956
93,961
28,961
281,967
264,969
76,972
40,976
356,976
206,987
153,991
176,995
160,997
13,1008
377,1010
107,1011
495,1014
249,1025
383,1030
127,1035
347,1043
346,1046
106,1048
149,1049
446,1056
75,1069
379,1071
31,1072
15,1073
418,1075
56,1076
238,1084
313,1087
46,1087
438,1089
117,1089
439,1093
218,1096
111,1101
479,1106
244,1106
234,1109
65,1112
177,1116
399,1117
150,1118
237,1119
398,1122
5,1122
245,1123
102,1123
331,1131
175,1134
26,1137
431,1143
325,1152
20,1153
131,1154
230,1154
141,1161
109,1166
37,1169
394,1170
380,1170
390,1175
444,1181
144,1181
285,1183
397,1184
80,1205
251,1205
247,1206
235,1214
381,1215
74,1218
14,1219
159,1219
97,1226
182,1233
359,1239
365,1240
33,1242
411,1243
123,1245
151,1247
222,1252
362,1252
273,1260
316,1262
3,1266
198,1268
83,1271
289,1272
355,1278
416,1280
228,1286
404,1287
361,1291
353,1292
421,1293
327,1294
298,1296
257,1297
384,1298
480,1303
349,1303
48,1305
6,1306
269,1309
126,1309
35,1309
318,1320
292,1324
254,1331
87,1332
396,1332
464,1342
114,1343
215,1354
132,1359
326,1378
263,1384
240,1386
277,1386
252,1392
169,1404
232,1410
134,1411
470,1412
19,1415
317,1417
342,1419
130,1435
104,1441
47,1441
73,1442
423,1446
43,1446
378,1451
209,1454
388,1460
59,1466
90,1470
455,1471
96,1471
354,1472
120,1473
189,1481
382,1482
139,1483
436,1488
465,1490
38,1494
323,1504
11,1506
223,1517
112,1519
68,1521
119,1524
50,1537
462,1538
299,1539
374,1540
181,1549
335,1553
260,1556
9,1568
243,1569
265,1571
395,1573
191,1573
276,1580
49,1581
32,1589
391,1590
403,1593
17,1604
370,1613
469,1624
115,1635
52,1636
429,1641
173,1643
358,1643
187,1654
291,1663
142,1671
225,1673
322,1680
193,1687
2,1688
42,1719
371,1731
498,1747
385,1747
268,1751
474,1754
34,1756
442,1763
172,1766
468,1768
290,1772
41,1807
197,1810
101,1813
147,1827
23,1836
424,1842
227,1854
314,1856
334,1867
192,1869
183,1885
364,1895
241,1896
297,1915
463,1917
71,1921
486,1924
79,1925
434,1938
400,1956
81,1985
220,2015
195,2017
145,2036
360,2039
296,2045
300,2066
207,2095
221,2097
171,2112
69,2148
256,2154
329,2187
284,2192
229,2205
456,2224
146,2227
45,2234
258,2235
30,2326
67,2330
219,2381
461,2398
217,2404
108,2423
481,2469
246,2476
271,2489
372,2571
341,2611
10,2620
98,2665
452,2691
138,2711
152,2763
242,2771
99,2923
288,2948
295,3052
259,3065
375,3116
125,3230
467,3457
174,3531

simblock.block.ProofOfWorkBlock@3dc3b8c:30
123,0
169,216
380,309
480,394
497,434
342,516
19,528
338,572
241,608
130,609
257,616
416,657
175,690
102,691
228,715
133,723
215,735
486,740
77,749
74,750
442,773
42,777
206,780
182,802
381,823
15,828
298,834
60,837
358,839
52,843
166,843
49,859
343,875
383,880
363,893
394,896
454,899
469,906
327,910
289,910
434,913
251,917
26,920
419,925
267,930
348,932
101,934
269,936
47,941
202,950
447,951
393,956
397,959
197,966
108,966
192,971
120,983
457,987
470,987
88,987
459,988
149,992
244,994
141,995
462,1004
143,1007
220,1012
255,1012
281,1014
325,1019
209,1022
382,1023
495,1024
430,1037
379,1041
32,1046
80,1046
35,1047
233,1047
389,1048
196,1049
131,1052
144,1053
167,1053
225,1060
421,1061
245,1063
426,1063
96,1065
111,1069
344,1069
436,1077
150,1077
407,1078
159,1081
274,1086
109,1086
402,1087
24,1093
424,1097
48,1100
326,1102
319,1103
57,1104
40,1106
420,1107
353,1109
161,1109
179,1111
199,1112
329,1118
136,1120
413,1120
165,1125
236,1126
5,1128
128,1128
87,1128
132,1129
277,1130
6,1132
75,1133
479,1133
282,1134
347,1135
186,1135
117,1139
399,1141
162,1142
450,1143
14,1143
491,1143
370,1147
308,1149
404,1149
212,1150
349,1151
191,1152
147,1158
92,1160
248,1161
278,1162
437,1163
275,1166
154,1167
361,1170
451,1170
240,1176
328,1176
249,1177
331,1180
293,1183
20,1184
178,1185
204,1188
401,1188
390,1190
359,1191
445,1191
216,1192
97,1192
163,1199
208,1199
210,1200
266,1202
428,1204
388,1204
254,1205
156,1208
385,1209
464,1213
56,1213
283,1214
218,1215
106,1215
313,1217
366,1217
188,1220
18,1221
234,1222
489,1222
403,1224
11,1224
444,1225
439,1228
213,1230
73,1230
237,1232
279,1232
455,1233
435,1233
83,1234
273,1234
134,1235
441,1236
294,1237
268,1241
22,1242
230,1244
103,1246
8,1247
93,1248
291,1253
357,1255
376,1260
433,1261
465,1262
135,1264
157,1265
337,1265
411,1265
13,1269
384,1269
346,1272
307,1276
460,1276
427,1276
270,1276
214,1276
300,1279
29,1279
496,1281
78,1282
126,1285
119,1285
453,1285
235,1287
177,1287
170,1287
118,1293
483,1294
499,1295
187,1299
200,1303
471,1303
432,1305
76,1306
72,1309
301,1311
37,1313
63,1315
2,1316
438,1316
114,1320
408,1321
323,1322
198,1323
140,1332
59,1333
261,1337
64,1340
185,1340
190,1347
292,1349
418,1350
203,1353
25,1354
112,1355
446,1359
61,1360
350,1361
194,1363
487,1363
201,1365
316,1366
306,1368
494,1372
258,1375
398,1376
250,1380
482,1385
463,1387
86,1387
280,1389
339,1389
7,1397
16,1404
468,1404
184,1404
287,1412
410,1413
113,1414
90,1417
70,1425
238,1426
176,1430
355,1439
253,1440
129,1442
66,1444
362,1448
285,1450
168,1450
181,1451
478,1458
39,1459
94,1461
352,1462
151,1465
305,1469
309,1477
443,1479
396,1486
415,1491
405,1494
265,1495
82,1495
46,1498
310,1499
406,1501
367,1503
180,1507
373,1514
485,1517
369,1519
99,1527
65,1528
247,1530
58,1532
21,1536
368,1538
205,1539
304,1540
302,1542
121,1546
351,1550
105,1551
295,1554
137,1555
172,1561
387,1567
488,1570
3,1575
332,1578
122,1578
492,1587
417,1588
466,1589
17,1600
431,1609
311,1613
484,1617
51,1617
365,1619
33,1624
400,1624
85,1626
153,1629
27,1633
318,1636
158,1638
500,1640
429,1642
145,1647
107,1652
303,1658
50,1660
116,1662
146,1664
28,1667
330,1674
242,1674
458,1682
377,1696
211,1709
414,1713
34,1713
336,1713
364,1717
81,1721
409,1723
324,1723
89,1733
193,1736
340,1741
246,1742
498,1742
55,1744
160,1746
224,1752
473,1759
360,1763
207,1777
297,1778
467,1782
171,1786
264,1789
71,1791
31,1793
9,1803
222,1812
317,1813
115,1828
263,1829
440,1831
276,1833
448,1835
356,1836
95,1849
321,1851
79,1853
174,1860
155,1862
271,1866
232,1880
461,1882
474,1884
4,1885
391,1885
378,1887
104,1892
422,1898
392,1899
43,1900
493,1909
345,1924
354,1926
262,1935
23,1940
69,1944
299,1954
30,1963
412,1964
477,1967
296,1970
183,1982
217,2005
334,2007
226,2009
315,2015
320,2016
243,2016
260,2026
44,2027
272,2041
125,2050
322,2051
475,2071
452,2072
1,2072
36,2082
219,2083
395,2097
375,2099
100,2108
229,2139
124,2139
425,2146
173,2164
68,2166
195,2179
476,2183
472,2191
53,2197
449,2211
312,2215
372,2242
148,2260
386,2260
41,2266
252,2294
333,2319
84,2323
152,2347
54,2356
456,2359
256,2381
91,2385
227,2387
67,2432
127,2445
164,2449
288,2460
231,2509
12,2538
139,2545
335,2572
223,2591
221,2597
110,2622
490,2633
38,2641
284,2670
98,2681
481,2708
286,2712
371,2759
259,2797
314,2799
239,2808
374,2860
189,2890
62,2893
423,2960
10,3008
45,3015
142,3046
138,3137
290,3271
341,3390

simblock.block.ProofOfWorkBlock@48f92b3f:30
207,0
299,398
498,550
423,711
41,793
263,939
246,954
245,975
195,1100
134,1215
177,1237
174,1252
276,1264
358,1284
456,1403
232,1411
355,1477
372,1497
436,1517
284,1548
228,1557
71,1577
290,1598
96,1672
117,1698
259,1714
242,1722
300,1736
434,1759
144,1776
145,1801
159,1806
237,1819
258,1832
219,1865
362,1870
314,1881
149,1932
193,1940
172,1947
464,1965
50,2020
20,2035
127,2036
302,2058
335,2058
112,2065
35,2079
383,2100
130,2120
390,2147
129,2189
361,2193
69,2206
139,2211
23,2255
160,2274
76,2274
67,2279
119,2280
301,2293
182,2328
277,2332
370,2338
478,2351
55,2358
257,2362
14,2366
99,2380
432,2384
48,2410
34,2433
262,2440
108,2451
291,2462
396,2464
202,2496
223,2505
222,2538
375,2538
400,2546
453,2554
307,2575
280,2590
169,2592
435,2598
468,2604
271,2606
180,2610
5,2615
341,2652
351,2653
39,2656
211,2669
190,2671
249,2699
33,2711
164,2711
59,2712
268,2730
318,2797
9,2798
235,2798
480,2843
52,2851
289,2859
380,2869
247,2869
368,2875
287,2900
205,2925
80,2941
81,2945
255,2955
97,2959
325,2961
369,2965
442,2990
212,2991
357,3008
359,3014
267,3019
227,3047
114,3062
388,3074
462,3117
269,3119
106,3130
408,3173
47,3188
157,3197
342,3203
463,3205
466,3219
166,3219
458,3242
7,3254
200,3266
427,3288
179,3300
320,3305
392,3310
278,3319
431,3321
418,3360
489,3376
424,3376
381,3379
326,3383
147,3390
101,3461
347,3461
8,3471
240,3487
216,3497
192,3529
57,3543
31,3557
414,3566
136,3567
15,3580
184,3586
448,3598
61,3609
29,3620
183,3637
316,3643
398,3646
346,3687
387,3688
497,3711
32,3715
165,3724
220,3767
399,3780
226,3848
24,3857
439,3865
194,3883
252,3885
191,3893
12,3896
319,3898
397,3905
63,3920
373,3921
460,3935
339,3946
2,3957
379,3984
94,3998
438,4067
163,4069
85,4075
162,4078
170,4152
36,4169
333,4180
311,4202
51,4207
253,4207
343,4221
204,4236
450,4251
208,4271
62,4283
494,4295
309,4316
107,4373
352,4383
467,4417
250,4454
122,4463
201,4469
100,4482
93,4502
500,4512
324,4518
25,4537
89,4550
356,4580
84,4593
118,4622
78,4665
305,4670
487,4692
13,4758
441,4769
113,4781
176,4801
499,4809
443,4822
345,4840
168,4850
485,4855
367,4886
82,4892
239,4973
344,4989
167,5013
477,5067
315,5102
105,5109
417,5138
340,5138
395,5149
22,5151
304,5185
483,5190
422,5293
337,5326
426,5367
433,5407
338,5442
137,5443
406,5457
488,5485
279,5496
124,5716
428,5740
363,5754
294,5795
306,6040
496,6091
413,6092
425,6343
70,6642
490,6941
484,7265

simblock.block.ProofOfWorkBlock@66155676:30
12,0
31,154
36,212
500,269
190,325
366,385
476,447
199,505
176,563
130,737
329,923
96,1094
222,1265
456,1552
139,1839

simblock.block.ProofOfWorkBlock@6cbc3fe4:31
215,0
331,233
131,332
175,414
56,451
342,499
235,535
361,548
470,584
394,619
182,632
434,639
228,668
5,683
384,703
300,715
289,720
436,722
19,758
222,761
404,767
244,770
355,788
159,799
169,804
15,805
134,807
347,837
397,840
431,845
438,849
495,851
177,853
455,856
479,881
329,887
141,894
388,896
382,908
209,922
147,925
396,932
96,932
269,933
49,938
109,938
75,939
225,940
383,942
257,945
439,969
486,970
298,975
464,983
398,987
370,990
411,992
358,1008
218,1009
124,1010
353,1014
187,1019
97,1019
114,1020
273,1021
318,1027
80,1029
102,1029
192,1029
59,1030
123,1031
277,1033
101,1053
286,1055
380,1059
268,1066
247,1066
249,1067
497,1067
280,1070
416,1074
291,1074
240,1074
166,1076
128,1076
245,1078
237,1090
111,1101
480,1104
76,1105
46,1108
366,1110
201,1110
462,1113
47,1114
144,1115
469,1117
418,1118
376,1119
24,1123
368,1138
188,1143
251,1145
301,1148
385,1149
429,1149
151,1151
130,1154
6,1156
32,1157
37,1160
191,1160
52,1161
261,1161
48,1163
26,1170
326,1171
441,1183
413,1184
313,1186
337,1186
292,1189
463,1190
35,1194
42,1196
73,1198
198,1200
33,1202
83,1205
381,1206
2,1206
22,1207
425,1212
317,1213
118,1227
231,1227
419,1228
170,1230
442,1231
78,1232
424,1233
258,1237
117,1238
327,1240
336,1241
149,1242
220,1243
344,1245
403,1245
90,1246
119,1249
11,1249
412,1254
390,1256
365,1260
492,1261
64,1265
401,1265
132,1267
468,1271
238,1273
274,1274
275,1275
241,1277
116,1277
435,1283
93,1284
20,1289
7,1291
108,1291
17,1294
379,1295
490,1296
421,1297
126,1298
94,1300
197,1303
155,1304
29,1312
465,1315
60,1317
87,1318
110,1321
349,1324
203,1324
444,1325
206,1327
65,1327
234,1328
323,1330
4,1334
163,1335
328,1338
112,1343
165,1344
233,1348
281,1348
459,1350
432,1351
316,1356
426,1356
127,1360
57,1364
499,1364
451,1365
158,1368
13,1372
307,1373
362,1375
325,1376
150,1377
443,1377
408,1380
446,1380
103,1384
153,1384
21,1391
351,1393
16,1396
14,1396
61,1400
208,1403
393,1409
39,1412
430,1415
496,1416
415,1420
285,1423
359,1425
157,1428
471,1429
294,1429
265,1430
148,1431
181,1433
162,1434
248,1434
483,1434
279,1438
214,1439
74,1440
433,1440
224,1441
410,1442
270,1445
453,1448
293,1451
120,1451
272,1453
36,1456
205,1461
106,1464
18,1465
377,1471
168,1478
185,1478
303,1483
254,1486
447,1488
373,1492
105,1493
282,1498
95,1499
477,1504
12,1509
178,1510
458,1512
473,1517
3,1520
478,1523
338,1528
445,1531
239,1533
199,1534
324,1536
350,1539
176,1540
86,1545
386,1552
85,1555
278,1557
420,1569
154,1570
340,1577
333,1577
266,1578
211,1583
226,1585
25,1585
356,1588
140,1593
460,1595
145,1597
500,1601
164,1601
204,1607
63,1607
28,1607
44,1608
367,1609
399,1613
54,1625
253,1625
137,1629
357,1630
308,1638
221,1641
160,1643
488,1645
146,1649
448,1650
348,1651
267,1653
476,1656
122,1664
309,1668
194,1672
133,1673
129,1675
255,1682
51,1685
210,1685
375,1686
407,1690
498,1692
195,1698
414,1699
494,1703
352,1705
364,1707
417,1713
311,1715
190,1719
125,1721
38,1721
304,1723
135,1726
387,1728
461,1732
409,1735
27,1740
171,1743
167,1744
406,1744
232,1747
252,1751
472,1754
236,1758
139,1761
389,1762
452,1765
230,1768
143,1770
437,1778
121,1783
466,1792
320,1793
260,1809
136,1813
450,1819
427,1824
449,1825
172,1831
43,1831
45,1834
8,1835
271,1835
489,1836
70,1845
107,1845
81,1858
31,1858
212,1861
297,1864
296,1872
179,1878
454,1879
482,1881
374,1884
276,1886
202,1887
9,1897
262,1900
283,1903
395,1908
216,1909
79,1910
91,1914
72,1917
474,1923
363,1928
346,1929
339,1935
360,1940
184,1941
305,1944
142,1946
491,1951
330,1958
217,1958
335,1964
475,1965
1,1971
334,1971
310,1988
104,1992
332,1995
321,1998
189,2009
402,2011
378,2015
392,2026
77,2040
82,2051
88,2053
287,2061
457,2064
183,2074
100,2075
314,2084
343,2086
69,2098
422,2105
264,2106
345,2108
213,2115
68,2132
250,2138
186,2140
138,2143
354,2148
50,2155
193,2164
284,2164
440,2165
200,2190
372,2201
66,2216
99,2230
485,2238
161,2240
30,2246
34,2248
55,2260
58,2280
306,2282
229,2291
405,2298
180,2315
156,2319
423,2329
196,2344
246,2352
299,2369
456,2381
256,2394
10,2397
67,2412
312,2414
84,2416
223,2422
173,2429
40,2435
302,2453
243,2469
315,2470
428,2500
113,2501
288,2504
369,2520
152,2538
98,2560
242,2577
487,2595
481,2601
259,2615
391,2622
319,2629
89,2634
371,2677
92,2701
174,2711
295,2721
41,2729
115,2740
23,2766
227,2787
71,2799
53,2811
263,2825
400,2865
484,2879
290,2973
207,2978
219,2987
62,2994
322,3024
493,3054
341,3227
467,3306

simblock.block.ProofOfWorkBlock@12d68a86:32
104,0
172,388
117,740
232,800
290,947
251,959
376,999
358,1041
74,1125
277,1177
423,1186
20,1210
165,1212
300,1245
191,1256
144,1258
398,1259
174,1260
397,1332
263,1333
257,1341
134,1345
35,1352
279,1386
289,1401
219,1413
245,1424
403,1426
381,1430
141,1433
33,1465
192,1474
468,1477
349,1479
431,1483
325,1484
145,1486
37,1509
418,1511
483,1516
119,1517
111,1533
255,1542
384,1551
249,1555
108,1558
231,1560
323,1562
102,1562
89,1562
42,1566
317,1566
273,1571
195,1574
132,1586
469,1598
157,1598
394,1620
159,1623
383,1626
75,1636
301,1639
455,1640
495,1648
281,1649
480,1649
385,1650
101,1651
329,1652
382,1654
365,1655
410,1675
169,1676
49,1677
479,1688
156,1692
363,1693
285,1693
120,1695
47,1697
235,1700
77,1708
175,1710
463,1712
200,1714
177,1720
276,1720
327,1723
215,1726
456,1728
421,1730
234,1730
26,1731
387,1731
59,1733
446,1734
73,1734
497,1736
57,1737
112,1738
69,1746
238,1746
124,1749
488,1750
126,1750
85,1754
31,1761
318,1767
416,1769
328,1773
390,1777
97,1779
80,1780
370,1782
17,1786
441,1789
291,1792
411,1794
355,1796
342,1800
103,1803
131,1804
414,1807
464,1808
178,1813
269,1815
474,1815
470,1816
240,1817
107,1818
353,1825
440,1837
56,1838
347,1842
283,1846
280,1854
331,1855
244,1857
230,1859
393,1859
212,1860
11,1861
181,1863
150,1864
114,1866
449,1866
19,1866
153,1867
87,1867
298,1868
209,1868
187,1872
299,1877
264,1877
228,1880
5,1882
466,1884
83,1887
207,1890
250,1891
254,1897
127,1897
436,1899
438,1899
90,1900
369,1903
386,1903
241,1905
94,1906
198,1908
274,1911
262,1911
84,1919
258,1921
450,1922
313,1923
392,1924
88,1927
39,1929
52,1935
15,1936
46,1937
266,1940
32,1943
434,1943
486,1947
6,1952
218,1953
247,1954
170,1957
13,1958
205,1959
494,1959
286,1962
76,1963
123,1966
189,1972
237,1973
185,1973
304,1976
430,1977
419,1978
140,1978
420,1979
302,1980
109,1984
110,1985
2,1989
272,1990
389,1990
197,1997
356,2001
462,2004
221,2006
442,2007
64,2010
457,2013
220,2014
137,2029
444,2029
315,2039
408,2042
367,2050
472,2050
402,2051
62,2059
352,2062
379,2062
465,2066
415,2067
151,2068
82,2068
496,2068
409,2070
95,2071
65,2072
287,2075
155,2075
451,2084
204,2086
373,2088
122,2091
359,2095
321,2095
12,2098
482,2099
307,2100
312,2102
186,2105
429,2108
196,2112
377,2122
50,2126
130,2129
60,2135
129,2136
439,2138
326,2141
78,2143
201,2146
14,2147
163,2149
96,2152
422,2152
190,2152
225,2153
332,2154
1,2154
413,2156
405,2158
253,2160
188,2160
143,2160
202,2163
407,2164
162,2167
432,2167
166,2171
248,2175
222,2197
435,2203
146,2207
261,2212
128,2213
148,2216
27,2220
412,2229
93,2232
116,2237
292,2237
92,2239
86,2241
168,2248
399,2248
179,2248
395,2250
322,2257
343,2261
404,2262
270,2263
3,2264
48,2266
396,2268
303,2268
4,2272
309,2274
214,2275
176,2275
158,2276
203,2279
308,2293
454,2312
38,2318
348,2321
491,2325
236,2337
406,2337
54,2338
459,2338
311,2340
70,2343
437,2344
91,2345
125,2345
364,2363
45,2367
477,2369
252,2378
362,2380
448,2393
138,2408
29,2408
36,2409
40,2415
361,2415
152,2417
473,2422
417,2435
260,2436
388,2437
25,2437
368,2440
22,2448
445,2450
229,2451
199,2452
21,2454
182,2456
216,2457
320,2459
23,2459
492,2460
79,2466
334,2469
310,2473
43,2503
453,2510
346,2511
339,2512
314,2514
9,2515
24,2517
71,2521
233,2523
336,2523
360,2525
147,2535
139,2538
154,2568
142,2572
374,2578
344,2582
224,2582
461,2583
371,2585
121,2589
18,2610
61,2611
400,2626
380,2626
471,2629
485,2631
476,2632
227,2641
213,2684
357,2689
66,2696
68,2699
167,2710
99,2712
267,2714
259,2725
149,2725
256,2728
7,2746
447,2758
28,2767
426,2768
206,2785
354,2788
372,2794
319,2800
135,2802
161,2804
217,2833
297,2872
458,2874
350,2879
160,2886
30,2890
467,2929
208,2936
115,2944
16,2946
58,2960
243,2964
183,2965
366,2979
164,2986
424,2989
337,2992
324,3023
268,3055
171,3055
294,3066
265,3090
275,3110
72,3121
288,3128
246,3132
493,3160
55,3160
345,3171
401,3173
375,3175
391,3216
34,3235
316,3253
460,3294
223,3316
490,3323
293,3334
295,3337
118,3343
194,3353
475,3372
296,3381
452,3410
284,3424
180,3470
136,3472
10,3493
489,3509
106,3512
173,3562
481,3589
338,3624
305,3648
184,3653
341,3667
41,3674
226,3683
340,3692
239,3694
478,3767
433,3809
81,3821
53,3828
242,3837
67,3915
278,3921
271,3936
378,3938
100,3954
330,3993
282,4006
133,4068
498,4086
499,4110
98,4183
484,4231
427,4254
335,4256
500,4299
63,4366
105,4408
193,4510
306,4528
113,4551
487,4602
44,4664
51,4719
428,4827
333,4849
211,4900
210,4968
425,5131
8,5207
443,5429
351,5742

simblock.block.ProofOfWorkBlock@408f6f29:32
206,0
233,149
88,206
267,280
124,304
248,339
430,359
113,367
320,398
264,423
231,429
336,433
7,454
435,455
186,485
84,487
491,494
433,510
58,511
185,511
306,512
168,528
62,542
210,543
344,553
212,560
319,569
63,570
283,573
163,574
401,584
153,584
8,587
226,593
459,598
405,605
127,605
107,610
155,610
274,617
66,630
350,630
407,632
457,632
194,636
162,636
363,641
21,643
36,645
61,652
72,661
216,663
445,664
303,666
286,666
92,667
311,667
105,668
450,675
236,687
78,688
204,689
85,690
128,691
64,693
420,693
154,696
214,697
343,701
373,701
410,703
24,708
443,710
408,712
345,719
203,721
499,722
302,722
294,722
161,722
441,723
253,723
449,725
129,726
483,729
422,733
55,737
110,738
437,740
91,744
261,745
133,747
488,747
489,748
200,748
164,750
399,752
460,753
428,754
135,758
275,759
451,760
51,762
406,762
160,763
439,765
414,767
337,771
18,772
28,775
307,778
454,778
315,779
333,779
202,780
196,781
386,782
95,782
440,782
278,789
393,789
346,792
293,795
387,796
12,800
270,800
338,802
392,802
419,803
458,803
188,804
339,805
477,805
324,806
190,808
471,810
352,811
16,813
425,815
22,817
156,817
417,818
409,819
287,822
368,823
180,823
94,824
305,824
348,824
103,828
25,831
412,834
184,834
413,837
239,838
179,838
122,839
330,841
82,844
255,846
272,847
493,849
44,853
208,853
475,855
308,856
116,860
201,861
158,862
476,862
466,863
494,863
100,864
49,867
282,868
453,870
140,870
478,870
27,870
157,871
402,871
369,877
176,877
426,880
403,880
377,881
170,881
332,881
118,883
500,883
448,884
492,884
199,888
367,894
447,895
167,895
250,896
213,900
485,900
77,901
3,904
4,904
40,905
484,907
389,908
482,910
60,911
93,912
351,914
472,914
328,917
137,919
136,922
143,922
321,926
13,926
251,927
262,928
279,931
473,935
427,937
356,937
39,940
432,941
266,946
280,951
29,952
415,963
86,966
178,967
245,973
224,980
309,986
57,987
89,991
312,995
357,1002
366,1003
480,1003
17,1003
496,1004
340,1005
326,1007
1,1008
31,1009
487,1026
141,1040
298,1045
126,1046
131,1048
394,1050
304,1053
205,1061
6,1066
310,1067
70,1068
376,1070
240,1071
96,1072
329,1073
121,1082
120,1084
397,1085
438,1086
211,1087
442,1090
469,1096
418,1096
384,1105
436,1105
429,1107
111,1117
148,1119
281,1121
325,1122
53,1123
54,1126
109,1127
358,1132
486,1132
169,1139
411,1140
230,1141
497,1143
463,1155
434,1157
159,1158
331,1159
381,1163
404,1164
395,1171
424,1171
83,1174
318,1175
490,1176
241,1177
52,1178
102,1181
101,1181
197,1184
108,1186
90,1191
175,1191
147,1198
56,1200
431,1204
225,1216
80,1218
383,1219
151,1225
220,1225
370,1228
446,1229
14,1235
65,1241
249,1241
75,1243
11,1243
361,1244
465,1249
166,1256
254,1261
388,1262
359,1262
112,1266
355,1269
379,1272
19,1278
390,1278
244,1279
380,1279
258,1287
87,1287
59,1293
362,1293
42,1295
123,1296
2,1297
317,1298
20,1303
416,1305
277,1308
349,1316
132,1316
33,1320
149,1329
313,1330
444,1331
48,1334
79,1335
290,1340
73,1345
257,1346
268,1350
47,1354
300,1355
354,1373
243,1384
247,1388
495,1388
462,1389
269,1395
76,1399
9,1409
195,1409
235,1411
464,1417
334,1419
273,1419
229,1426
323,1430
34,1432
144,1433
237,1438
209,1441
365,1442
182,1450
455,1457
227,1459
106,1468
130,1478
292,1479
219,1485
301,1486
479,1487
276,1489
117,1490
228,1501
316,1503
347,1517
134,1519
341,1521
456,1521
50,1526
191,1528
35,1530
139,1539
299,1551
181,1560
23,1560
198,1561
314,1562
171,1569
114,1571
222,1576
5,1580
289,1611
99,1614
221,1616
232,1622
398,1628
468,1652
71,1676
297,1681
74,1688
470,1689
238,1691
284,1692
234,1697
173,1701
481,1702
152,1716
146,1717
452,1722
263,1736
285,1740
104,1745
360,1746
192,1751
98,1755
396,1755
378,1769
260,1769
375,1773
252,1773
467,1775
256,1775
271,1777
119,1800
174,1826
150,1826
242,1843
41,1865
187,1865
385,1868
46,1871
218,1880
115,1909
125,1925
215,1933
327,1971
391,1984
374,2004
165,2012
207,2019
364,2034
342,2039
142,2039
32,2041
43,2042
177,2043
189,2059
38,2059
291,2141
223,2150
371,2165
183,2183
26,2186
322,2216
15,2216
421,2221
246,2268
67,2290
382,2310
288,2318
296,2324
37,2357
69,2383
97,2385
353,2393
372,2401
474,2453
193,2502
217,2594
172,2613
461,2617
335,2643
145,2682
138,2687
423,2739
295,2740
498,2802
45,2894
81,2970
259,2983
68,3027
10,3256
400,3550
30,3844
265,4142

simblock.block.ProofOfWorkBlock@6f282055:33
319,0
206,150
24,206
307,264
413,323
236,341
439,365
264,379
267,402
121,417
100,425
499,439
233,468
184,476
402,482
309,490
57,495
337,513
344,517
489,529
66,529
428,538
190,545
77,550
116,555
293,564
212,565
253,576
278,577
95,578
186,585
8,586
435,591
164,595
160,611
214,612
441,623
204,627
230,628
392,630
103,633
136,634
304,636
203,641
339,642
363,648
369,653
31,657
393,665
176,670
21,670
287,670
88,676
51,681
336,684
348,688
311,689
199,691
231,693
426,694
211,694
208,695
105,695
386,698
450,702
158,704
133,706
27,710
124,710
490,711
310,713
40,718
440,724
156,725
357,727
385,728
488,728
340,728
163,728
303,729
161,733
91,734
454,738
491,741
178,744
483,747
443,749
210,750
328,751
137,752
135,752
475,760
453,761
333,763
466,763
44,765
78,770
61,770
449,770
122,771
409,776
39,777
294,780
401,781
451,781
286,781
18,783
205,785
157,785
127,786
62,787
170,787
180,789
476,790
473,790
420,792
58,795
315,797
274,798
447,804
389,804
478,804
308,804
53,805
84,807
266,807
1,809
312,810
338,810
22,811
201,820
153,820
188,821
399,821
12,821
345,821
414,824
72,827
493,827
406,828
422,828
63,836
415,838
496,839
356,843
365,843
179,844
148,845
7,845
321,846
270,846
324,847
485,847
457,847
373,847
167,848
405,851
13,852
143,858
482,860
419,861
477,862
60,862
429,863
417,864
92,866
366,866
154,866
494,866
460,867
200,867
168,870
54,874
89,874
28,877
445,877
162,878
346,879
272,879
94,884
306,884
432,886
255,886
492,888
29,890
425,890
36,891
472,891
86,892
93,895
410,898
216,902
32,904
64,905
437,907
368,909
448,911
113,911
350,917
407,917
458,920
82,921
352,921
332,922
261,922
224,923
254,923
118,925
202,931
239,931
25,931
110,932
320,934
55,935
128,939
408,946
275,949
75,950
377,952
262,953
403,958
430,966
134,968
85,969
471,974
500,980
343,981
433,982
16,983
487,986
194,987
302,988
3,989
107,994
427,995
258,1000
279,1003
479,1005
305,1007
351,1010
330,1013
464,1014
367,1014
323,1016
342,1018
192,1023
140,1026
412,1028
5,1030
220,1035
250,1038
129,1039
196,1040
47,1043
123,1048
70,1049
442,1055
459,1067
468,1070
484,1071
15,1074
382,1075
155,1075
283,1084
213,1084
4,1086
282,1088
361,1090
141,1092
185,1093
235,1094
80,1097
326,1110
215,1115
182,1117
165,1121
175,1122
237,1126
20,1132
431,1132
387,1134
226,1135
17,1140
248,1149
285,1158
166,1161
26,1162
76,1165
469,1168
277,1170
280,1173
245,1174
418,1175
497,1179
470,1181
35,1186
56,1186
376,1189
424,1189
198,1191
177,1191
355,1193
436,1193
19,1200
241,1201
465,1205
59,1208
331,1210
390,1211
33,1212
108,1215
97,1218
222,1222
249,1223
42,1225
119,1228
327,1233
370,1237
130,1243
301,1245
291,1246
49,1251
218,1256
273,1259
48,1261
132,1262
120,1267
317,1271
247,1273
238,1274
232,1276
90,1283
37,1287
300,1290
111,1293
349,1298
384,1299
112,1307
381,1307
480,1311
73,1313
416,1314
421,1327
313,1330
292,1331
318,1338
396,1342
106,1344
147,1348
329,1363
362,1366
257,1369
87,1377
495,1377
197,1378
126,1381
444,1382
6,1383
74,1389
463,1396
281,1397
434,1398
65,1402
14,1407
171,1410
388,1416
398,1418
41,1423
228,1426
243,1428
347,1432
269,1433
34,1434
131,1448
102,1469
9,1471
71,1477
498,1479
83,1483
486,1490
452,1490
191,1497
359,1501
364,1507
151,1515
411,1519
322,1531
240,1539
109,1546
172,1546
2,1551
358,1551
276,1553
221,1559
455,1567
446,1572
438,1579
229,1590
397,1591
341,1593
289,1603
263,1605
334,1607
244,1611
383,1624
227,1635
372,1637
271,1641
404,1645
481,1646
189,1652
394,1664
353,1672
290,1680
379,1690
149,1692
193,1699
79,1701
316,1716
104,1724
150,1725
325,1729
117,1748
144,1760
96,1773
68,1780
187,1787
461,1809
297,1813
115,1821
380,1834
268,1850
99,1853
296,1856
335,1858
46,1863
209,1863
169,1888
52,1894
11,1901
242,1907
43,1934
462,1938
174,1943
142,1963
45,2002
101,2028
139,2033
225,2035
256,2065
181,2071
114,2076
284,2079
423,2079
145,2116
314,2141
360,2146
217,2174
234,2198
374,2218
223,2218
378,2219
298,2244
23,2246
159,2253
295,2291
246,2318
50,2347
474,2367
146,2389
467,2394
38,2411
251,2425
299,2432
125,2452
138,2477
152,2504
98,2532
456,2617
354,2644
371,2655
259,2714
260,2714
252,2715
400,2760
195,2787
69,2796
288,2852
391,2902
183,2990
10,3043
173,3054
395,3066
207,3137
375,3244
81,3326
30,3350
219,3424
265,3630
67,3637

simblock.block.ProofOfWorkBlock@38deb917:34
246,0
498,401
456,559
207,796
464,822
259,877
219,1023
397,1052
117,1080
370,1126
470,1133
263,1169
423,1185
335,1220
301,1274
224,1316
50,1317
299,1332
372,1339
134,1352
376,1358
139,1375
147,1391
189,1425
388,1434
249,1445
266,1477
174,1480
304,1493
187,1494
424,1528
310,1536
99,1541
474,1576
298,1577
114,1577
276,1579
300,1583
177,1592
215,1612
232,1626
471,1626
2,1627
336,1630
473,1647
487,1649
106,1655
280,1659
223,1660
150,1665
466,1667
105,1686
63,1686
38,1708
366,1710
290,1722
41,1726
195,1733
292,1741
37,1747
453,1748
386,1754
284,1772
13,1782
271,1784
202,1786
95,1803
460,1804
9,1807
250,1807
225,1809
154,1810
260,1819
325,1823
56,1826
431,1840
161,1846
44,1851
245,1854
184,1856
314,1856
212,1867
419,1869
18,1869
97,1880
125,1895
317,1910
35,1914
321,1924
16,1926
492,1943
437,1949
8,1951
341,1953
53,1954
457,1964
420,1982
198,1982
192,1982
440,1982
256,1983
287,1983
438,1985
305,1991
6,1992
108,1996
233,2005
357,2011
196,2020
407,2020
447,2021
172,2030
275,2032
398,2035
330,2062
230,2067
120,2075
153,2075
355,2077
85,2085
389,2085
427,2089
400,2092
445,2093
199,2096
166,2099
235,2100
81,2101
409,2101
5,2104
25,2106
434,2117
458,2118
65,2119
98,2120
40,2121
291,2127
64,2142
175,2143
83,2154
251,2155
405,2158
282,2158
359,2163
193,2163
332,2163
415,2166
228,2174
79,2174
110,2180
436,2187
70,2195
452,2197
208,2207
27,2219
72,2222
60,2239
102,2241
340,2246
394,2248
472,2250
352,2250
402,2254
454,2254
109,2256
67,2259
361,2265
211,2276
46,2292
178,2293
213,2304
244,2305
486,2306
475,2309
390,2313
243,2316
322,2319
462,2324
277,2325
26,2333
412,2336
143,2342
268,2354
181,2355
379,2359
15,2361
88,2366
14,2366
80,2373
23,2375
122,2375
497,2383
345,2386
331,2391
123,2394
200,2395
377,2401
349,2413
34,2415
302,2418
141,2426
203,2428
185,2438
358,2439
281,2445
285,2449
182,2453
241,2455
350,2458
144,2459
461,2474
257,2475
261,2483
334,2485
411,2497
316,2499
76,2505
234,2508
272,2512
469,2512
138,2518
327,2518
149,2524
403,2527
209,2535
227,2538
354,2545
31,2552
19,2553
162,2553
17,2554
156,2560
32,2564
404,2568
191,2581
11,2584
20,2585
269,2586
313,2591
385,2603
66,2604
362,2612
396,2615
482,2616
495,2616
374,2618
165,2618
119,2619
465,2631
463,2635
57,2672
384,2673
220,2678
500,2693
369,2694
183,2694
319,2697
247,2698
446,2712
365,2713
52,2714
255,2720
115,2729
383,2733
131,2740
421,2743
418,2744
262,2753
435,2757
455,2757
238,2760
320,2760
3,2761
318,2766
429,2768
159,2769
273,2773
59,2787
136,2792
10,2794
74,2795
49,2802
69,2802
173,2804
71,2812
288,2826
87,2836
289,2844
111,2846
21,2852
380,2859
422,2863
459,2872
442,2873
48,2877
155,2880
33,2886
342,2889
308,2891
61,2892
54,2903
329,2909
240,2938
381,2953
468,2961
297,2968
226,2971
485,2979
222,2981
135,2990
414,2994
146,2995
258,2995
121,3011
151,3014
75,3015
55,3020
152,3041
295,3044
242,3044
86,3053
96,3055
104,3056
132,3056
210,3059
126,3062
489,3064
157,3082
112,3102
77,3103
148,3108
130,3109
467,3115
371,3129
206,3136
375,3143
347,3146
101,3148
392,3148
283,3152
312,3154
344,3164
113,3173
158,3189
237,3220
169,3240
264,3252
137,3252
107,3279
170,3290
253,3292
391,3292
127,3295
194,3314
323,3318
36,3321
351,3355
188,3355
133,3356
326,3363
217,3384
214,3384
364,3402
270,3434
12,3442
274,3442
356,3448
399,3463
216,3464
164,3465
100,3471
328,3488
337,3500
483,3524
205,3529
433,3540
481,3545
90,3545
179,3589
236,3591
478,3593
204,3615
441,3620
186,3625
145,3635
428,3653
401,3659
180,3660
168,3670
449,3682
315,3740
488,3750
408,3763
333,3782
239,3815
248,3823
82,3832
51,3845
92,3845
425,3849
296,3892
163,3915
24,3917
128,3930
1,3946
306,3952
406,3969
395,3978
91,3982
118,4042
499,4051
368,4063
413,4136
190,4163
426,4197
201,4216
373,4255
22,4273
346,4295
311,4340
367,4352
307,4365
94,4436
39,4515
78,4554
417,4557
450,4572
176,4639
439,4666
160,4688
84,4734
7,4823
343,4855
339,4872
167,4903
93,4954
62,4980
363,4994
294,5037
477,5124
29,5154
89,5173
490,5260
496,5260
279,5337
252,5375
324,5458
448,5609
494,5639
443,5764
387,5949
124,5963
338,6064
309,6311
484,6369
267,6669
278,6967

simblock.block.ProofOfWorkBlock@5f7bd835:34
165,0
106,219
117,314
403,399
327,440
381,481
462,532
418,567
358,613
269,626
191,662
251,700
101,704
385,709
262,714
77,741
102,745
257,747
74,781
141,786
5,794
268,826
370,829
245,834
361,844
180,868
379,870
2,879
455,884
454,889
164,899
75,908
28,914
479,916
15,917
134,923
404,924
147,927
228,928
494,931
255,949
303,957
497,959
446,963
480,969
108,970
349,972
459,989
326,991
394,1005
329,1006
393,1006
20,1006
192,1006
187,1010
144,1011
465,1011
359,1011
22,1024
317,1040
213,1041
90,1044
198,1048
293,1049
468,1053
444,1056
436,1056
453,1059
488,1062
421,1062
135,1064
240,1066
26,1075
194,1079
278,1080
133,1083
275,1087
313,1088
111,1090
438,1091
35,1091
120,1092
56,1093
175,1093
130,1094
97,1098
305,1099
363,1100
451,1101
434,1104
39,1107
31,1107
119,1112
478,1118
84,1122
89,1131
220,1132
424,1134
300,1135
150,1136
315,1137
380,1139
236,1139
80,1143
405,1143
294,1144
486,1144
495,1145
215,1147
109,1150
273,1150
148,1154
87,1155
414,1157
472,1162
210,1163
116,1165
411,1172
382,1174
131,1174
47,1175
291,1176
408,1180
181,1181
416,1181
169,1185
37,1188
182,1191
11,1191
463,1193
332,1194
157,1194
344,1198
485,1200
401,1200
78,1201
253,1208
281,1209
420,1210
386,1213
426,1214
132,1214
162,1217
54,1218
388,1218
59,1221
351,1222
149,1226
222,1227
347,1227
209,1230
342,1230
25,1231
184,1232
166,1232
470,1232
301,1233
362,1233
51,1234
348,1235
286,1236
83,1238
328,1239
390,1241
270,1246
473,1247
197,1247
42,1248
186,1253
499,1255
233,1256
307,1256
285,1256
140,1258
316,1259
185,1259
1,1264
234,1265
336,1267
178,1267
65,1269
469,1270
457,1271
17,1271
49,1272
52,1273
218,1274
244,1276
406,1276
466,1277
204,1281
377,1282
36,1282
289,1285
21,1290
272,1291
383,1292
86,1294
441,1295
76,1296
398,1302
365,1302
500,1306
247,1307
331,1308
258,1310
249,1311
464,1312
196,1313
14,1314
274,1314
458,1314
325,1315
323,1315
137,1316
261,1320
292,1321
128,1325
443,1335
338,1336
44,1339
179,1346
205,1347
440,1347
431,1350
266,1350
19,1352
447,1352
129,1355
355,1357
490,1358
280,1364
376,1365
442,1374
216,1375
433,1375
122,1376
46,1376
151,1377
161,1384
33,1390
153,1392
113,1393
12,1394
230,1397
366,1397
159,1399
450,1400
238,1403
200,1404
203,1404
96,1406
306,1406
298,1406
226,1407
73,1409
248,1410
64,1411
127,1414
55,1414
343,1417
430,1420
483,1425
155,1425
168,1425
27,1429
225,1430
387,1430
384,1433
212,1433
126,1434
333,1434
241,1435
277,1436
346,1440
235,1444
254,1446
429,1453
40,1453
63,1457
471,1459
167,1463
321,1467
239,1469
13,1470
475,1472
170,1476
94,1483
190,1485
48,1486
177,1487
309,1488
91,1490
318,1495
304,1500
57,1501
85,1501
369,1501
6,1516
176,1519
345,1520
7,1521
484,1528
201,1533
88,1535
439,1543
123,1546
413,1548
214,1551
395,1553
496,1559
432,1567
311,1576
61,1581
112,1584
409,1586
427,1591
237,1597
8,1599
259,1601
208,1602
118,1607
156,1609
283,1609
60,1610
231,1613
310,1616
114,1624
38,1624
460,1626
407,1639
207,1650
3,1653
110,1656
100,1660
82,1660
422,1661
392,1666
397,1669
474,1671
357,1672
367,1679
30,1688
476,1690
45,1696
417,1699
250,1700
115,1700
18,1704
9,1706
79,1712
158,1714
41,1722
449,1723
340,1732
378,1733
276,1737
138,1746
81,1747
396,1756
287,1756
368,1756
452,1759
107,1761
29,1766
183,1772
267,1775
324,1776
252,1780
399,1783
492,1783
143,1785
163,1786
415,1787
402,1790
425,1796
50,1796
136,1804
146,1805
152,1808
23,1808
160,1828
10,1829
356,1834
339,1838
482,1840
66,1851
334,1851
412,1852
171,1854
320,1867
435,1877
188,1879
312,1895
256,1907
139,1936
391,1941
103,1944
154,1944
32,1947
34,1948
219,1953
364,1954
419,1958
410,1959
372,1960
211,1968
477,1969
224,1971
95,1971
72,1980
284,1982
308,2009
189,2009
4,2015
70,2018
400,2027
314,2032
428,2035
260,2038
279,2040
437,2051
232,2056
489,2060
68,2064
375,2079
353,2116
493,2121
202,2133
217,2143
337,2145
352,2145
93,2147
125,2166
53,2171
374,2183
448,2188
24,2195
350,2214
330,2215
302,2225
227,2259
223,2262
145,2272
299,2289
58,2297
445,2309
264,2320
124,2320
16,2352
389,2368
354,2377
373,2390
371,2391
105,2403
242,2418
71,2420
456,2444
288,2468
206,2474
199,2482
491,2493
319,2496
263,2511
121,2525
341,2526
265,2578
174,2605
246,2637
99,2696
282,2699
461,2703
67,2718
69,2718
243,2733
295,2818
92,2875
104,2908
229,2942
221,2944
195,2965
271,2974
467,2986
62,3051
423,3075
296,3161
173,3182
172,3196
487,3227
142,3236
481,3347
498,3430
360,3445
297,3465
290,3683
335,3712
322,3944
193,3960
43,4192
98,4441

simblock.block.ProofOfWorkBlock@4a748f46:35
14,0
35,222
26,307
292,394
74,462
149,530
49,543
57,568
424,612
301,616
132,629
192,681
444,695
384,697
15,712
449,743
72,743
11,756
159,762
117,766
327,777
187,792
325,800
319,801
249,832
218,838
397,840
497,843
394,848
408,859
257,862
130,865
347,873
462,888
203,894
419,895
316,901
83,912
5,916
3,917
120,918
355,924
447,927
102,930
289,933
76,934
80,941
370,950
116,951
78,951
156,953
281,972
455,980
29,985
390,991
385,995
108,996
238,998
33,999
114,1001
206,1007
18,1008
332,1010
381,1010
500,1010
358,1012
144,1018
342,1023
73,1024
169,1028
244,1032
393,1035
64,1046
37,1047
27,1050
445,1051
309,1051
379,1055
209,1061
469,1063
264,1066
212,1067
313,1069
204,1069
300,1074
268,1078
406,1079
383,1080
317,1081
75,1082
52,1086
131,1087
55,1091
465,1093
165,1095
261,1095
435,1104
19,1104
353,1105
351,1105
464,1106
369,1107
473,1108
93,1108
286,1110
42,1114
311,1114
463,1121
329,1125
352,1126
211,1126
82,1127
112,1129
307,1130
65,1133
163,1135
416,1136
220,1137
254,1141
111,1144
273,1150
338,1152
215,1152
277,1153
147,1156
258,1157
134,1161
122,1161
46,1161
157,1163
106,1163
270,1163
483,1164
428,1167
177,1167
233,1167
148,1174
298,1174
380,1174
251,1177
22,1183
306,1184
109,1185
363,1186
413,1187
60,1192
101,1193
305,1196
84,1196
194,1202
213,1202
140,1204
278,1209
458,1209
97,1212
434,1212
47,1215
162,1217
31,1217
403,1218
25,1218
181,1219
164,1221
407,1221
459,1221
88,1224
443,1224
280,1229
349,1231
365,1231
141,1232
362,1236
175,1237
480,1238
234,1241
433,1241
240,1241
318,1243
179,1245
499,1246
487,1247
471,1248
326,1249
412,1251
230,1252
294,1252
32,1255
241,1255
436,1256
333,1257
328,1258
247,1259
490,1261
161,1261
245,1261
420,1261
6,1262
340,1270
308,1270
166,1271
61,1273
401,1275
324,1276
63,1279
199,1279
137,1282
275,1282
1,1282
495,1283
103,1287
28,1287
87,1290
150,1294
405,1295
225,1296
411,1298
431,1299
222,1300
7,1302
20,1302
475,1304
457,1305
24,1305
44,1305
446,1312
468,1315
285,1318
208,1319
143,1319
135,1321
291,1327
182,1328
479,1330
70,1331
450,1331
191,1333
118,1333
430,1334
48,1338
331,1339
202,1342
255,1343
344,1343
343,1343
59,1343
127,1344
315,1345
373,1351
269,1355
442,1358
126,1366
228,1366
262,1366
200,1366
8,1374
62,1383
359,1383
53,1387
477,1389
438,1393
197,1394
398,1398
417,1399
128,1401
216,1403
486,1406
123,1407
361,1411
129,1414
409,1415
376,1425
367,1425
427,1426
121,1428
170,1432
330,1432
237,1435
90,1435
402,1435
472,1435
151,1440
266,1442
350,1446
377,1450
2,1452
167,1456
389,1461
382,1466
51,1467
439,1470
174,1470
418,1473
421,1476
178,1478
17,1479
478,1479
85,1480
489,1484
388,1484
323,1490
214,1500
168,1501
113,1502
494,1504
235,1504
387,1507
94,1517
287,1517
440,1517
466,1517
293,1530
274,1530
54,1532
160,1542
404,1544
56,1550
312,1550
224,1556
491,1560
425,1564
100,1566
282,1576
396,1579
21,1581
146,1584
265,1586
321,1587
451,1589
496,1593
392,1605
426,1605
198,1605
176,1611
460,1618
223,1620
368,1625
71,1630
124,1636
375,1638
201,1644
13,1648
119,1652
153,1659
470,1662
267,1674
474,1675
429,1680
410,1686
43,1686
243,1690
454,1691
173,1693
345,1695
272,1702
271,1705
12,1705
303,1708
92,1710
154,1712
96,1715
399,1715
115,1716
391,1717
229,1718
98,1719
250,1723
314,1728
4,1731
110,1735
346,1737
356,1741
335,1750
276,1754
415,1757
133,1759
58,1765
374,1767
34,1770
386,1771
188,1779
482,1792
68,1795
232,1795
107,1796
79,1799
184,1826
16,1834
461,1840
239,1847
186,1865
66,1868
259,1871
171,1878
226,1880
476,1882
221,1884
260,1888
484,1888
337,1891
302,1899
422,1913
190,1915
183,1931
219,1942
99,1944
207,1945
378,1946
105,1949
217,1954
139,1957
279,1959
284,1959
136,1966
481,1967
172,1977
400,1999
304,2002
189,2005
50,2010
193,2018
23,2022
339,2024
77,2038
253,2046
89,2056
67,2064
310,2065
30,2084
155,2090
437,2090
86,2091
138,2117
142,2121
348,2123
372,2128
322,2134
95,2136
10,2142
485,2152
452,2180
432,2183
236,2197
263,2199
145,2202
360,2205
492,2215
210,2221
196,2238
448,2264
39,2266
299,2271
467,2299
357,2309
246,2311
185,2333
354,2338
195,2348
493,2358
341,2370
441,2370
453,2411
125,2416
158,2438
248,2441
297,2463
180,2496
283,2520
336,2550
296,2561
252,2578
231,2603
423,2605
320,2615
488,2621
152,2631
242,2664
36,2675
41,2771
414,2792
40,2797
288,2798
104,2808
395,2821
91,2849
81,2852
334,2856
366,2967
456,3054
295,3063
498,3099
38,3104
205,3152
69,3310
45,3353
290,3360
9,3559
256,3606
364,3811
227,4076
371,4326

simblock.block.ProofOfWorkBlock@74300dd1:36
193,0
461,318
10,466
354,550
284,630
165,890
106,948
263,1027
117,1115
297,1150
257,1172
327,1186
166,1194
6,1197
418,1207
403,1300
174,1350
74,1350
318,1368
381,1381
26,1389
268,1411
15,1413
197,1413
329,1422
102,1427
358,1436
151,1445
233,1445
470,1460
240,1475
385,1493
237,1494
299,1496
198,1507
462,1518
446,1518
28,1557
480,1558
35,1571
111,1576
384,1587
301,1592
441,1596
90,1599
75,1599
497,1601
164,1618
149,1623
431,1628
464,1630
76,1636
52,1638
134,1643
380,1652
245,1654
232,1655
465,1658
241,1658
394,1668
220,1670
435,1670
5,1678
251,1680
191,1681
144,1682
317,1682
57,1693
365,1702
71,1702
215,1704
127,1705
486,1709
14,1713
80,1714
424,1725
231,1726
187,1727
228,1729
370,1731
478,1732
359,1732
40,1736
349,1738
404,1742
109,1743
39,1750
411,1754
135,1768
101,1775
123,1781
267,1782
126,1784
49,1791
65,1793
342,1795
444,1797
154,1798
456,1800
56,1802
419,1803
120,1808
33,1808
238,1808
433,1809
181,1814
416,1819
32,1822
396,1826
196,1826
266,1827
234,1827
225,1830
408,1843
107,1844
36,1851
235,1853
11,1854
73,1855
492,1856
141,1856
312,1856
355,1858
459,1859
218,1866
182,1866
475,1867
129,1867
438,1873
42,1875
325,1876
274,1876
162,1880
116,1883
258,1886
442,1886
313,1889
207,1890
212,1890
300,1893
479,1893
177,1896
293,1897
119,1899
382,1899
47,1899
412,1900
298,1900
124,1900
447,1902
37,1905
244,1907
97,1909
286,1912
285,1912
282,1913
307,1914
2,1914
428,1916
254,1920
469,1921
337,1925
175,1927
159,1928
178,1929
70,1934
291,1936
379,1939
348,1943
483,1947
421,1953
323,1955
255,1958
1,1959
361,1960
415,1963
248,1963
468,1964
140,1968
108,1969
133,1971
347,1971
190,1973
445,1978
46,1978
83,1980
130,1981
249,1982
147,1988
113,1988
19,1989
24,2006
443,2008
294,2013
169,2013
494,2014
8,2015
150,2017
346,2019
132,2024
389,2024
87,2029
131,2030
157,2034
499,2035
41,2036
186,2036
457,2037
167,2044
495,2045
366,2048
434,2056
203,2056
273,2058
96,2061
261,2064
398,2065
58,2065
276,2067
397,2070
310,2072
59,2072
303,2072
458,2074
270,2077
201,2077
331,2081
487,2094
188,2095
137,2098
247,2099
153,2099
91,2106
287,2108
316,2109
306,2112
160,2113
209,2114
392,2115
473,2116
376,2116
353,2117
417,2130
48,2137
224,2144
64,2144
114,2148
399,2151
158,2151
289,2154
185,2157
78,2159
128,2159
61,2161
311,2165
54,2169
103,2179
402,2185
272,2187
281,2188
352,2194
390,2195
485,2201
161,2210
410,2211
45,2214
105,2216
112,2216
250,2216
259,2219
213,2220
211,2223
25,2225
170,2228
362,2230
44,2233
395,2245
449,2246
176,2247
453,2251
429,2252
192,2256
476,2258
295,2262
484,2267
460,2270
230,2274
17,2274
440,2276
278,2277
340,2281
336,2283
409,2285
493,2288
4,2288
304,2300
275,2310
265,2314
277,2324
262,2325
69,2326
308,2326
430,2327
420,2332
439,2339
386,2343
142,2355
345,2359
183,2368
271,2369
115,2370
477,2373
82,2375
375,2383
387,2387
452,2387
372,2388
50,2396
208,2404
374,2404
152,2411
222,2413
60,2414
472,2422
343,2429
89,2435
79,2436
223,2436
463,2436
72,2443
369,2451
31,2451
260,2453
138,2456
500,2457
66,2459
309,2463
319,2501
324,2503
202,2506
9,2513
88,2513
23,2515
326,2516
84,2518
81,2526
171,2529
243,2530
189,2534
264,2547
334,2548
94,2551
423,2562
391,2576
155,2577
239,2584
269,2585
216,2592
378,2592
217,2601
34,2608
320,2612
413,2614
68,2615
466,2622
27,2624
29,2627
30,2633
357,2635
13,2636
242,2647
200,2650
364,2672
448,2677
388,2678
333,2679
292,2711
341,2716
425,2720
344,2750
221,2762
3,2766
455,2775
467,2781
38,2787
330,2789
62,2795
400,2798
426,2800
12,2802
226,2808
481,2811
407,2825
280,2846
199,2852
86,2855
194,2876
67,2883
371,2906
99,2920
118,2931
20,2937
146,2952
145,2963
383,2964
279,2965
136,2973
451,2977
351,2985
95,2990
204,3022
283,3031
100,3036
256,3047
77,3085
253,3123
288,3136
53,3150
339,3151
328,3163
360,3171
436,3195
227,3202
488,3210
219,3226
104,3226
427,3235
229,3268
377,3320
92,3327
405,3340
195,3384
356,3388
214,3405
172,3423
482,3426
450,3449
474,3473
296,3475
368,3493
305,3503
393,3514
173,3515
156,3603
122,3668
121,3678
206,3688
143,3689
246,3723
168,3728
363,3748
498,3766
437,3788
163,3791
16,3860
302,3864
210,3951
338,3986
184,4018
98,4019
18,4025
22,4046
125,4069
489,4094
335,4111
496,4169
51,4284
322,4289
148,4301
252,4306
63,4322
7,4343
491,4368
179,4403
290,4557
414,4560
139,4562
315,4584
454,4627
490,4644
471,4650
55,4709
321,4720
43,4805
314,4815
21,4882
180,4940
406,4942
110,4960
373,5014
236,5070
85,5191
205,5238
422,5313
332,5342
432,5491
350,5546
401,5723
93,5844
367,6142

simblock.block.ProofOfWorkBlock@49f5deee:37
219,0
474,388
456,533
189,680
125,702
290,826
259,856
223,934
246,1002
256,1074
234,1087
23,1089
249,1121
174,1142
50,1149
139,1202
260,1242
371,1281
172,1289
263,1294
144,1307
301,1344
33,1348
335,1359
75,1383
498,1393
90,1394
317,1406
370,1428
296,1466
152,1477
166,1495
115,1504
99,1520
112,1522
42,1527
38,1543
149,1554
292,1565
273,1565
464,1578
402,1584
497,1605
198,1608
74,1609
244,1611
403,1611
47,1629
11,1642
365,1647
220,1647
325,1649
326,1667
271,1667
232,1673
314,1688
299,1689
251,1691
32,1697
22,1710
381,1713
300,1730
111,1732
120,1732
447,1740
81,1746
372,1747
429,1749
376,1754
268,1756
206,1758
362,1766
388,1786
218,1787
384,1790
134,1791
277,1796
141,1796
477,1798
207,1800
49,1806
285,1812
6,1814
169,1814
241,1815
104,1821
56,1823
470,1826
323,1828
284,1834
192,1835
329,1839
385,1841
181,1841
114,1842
196,1855
2,1862
394,1868
73,1869
442,1877
281,1881
383,1886
240,1887
187,1895
257,1896
341,1896
492,1898
287,1898
243,1900
479,1907
248,1908
270,1911
132,1915
413,1916
486,1924
109,1925
455,1929
366,1931
80,1939
98,1939
108,1949
480,1951
332,1954
26,1957
83,1958
55,1959
349,1964
66,1967
348,1972
333,1974
39,1975
131,1989
444,1989
17,1990
404,1993
465,1996
101,1997
411,2002
215,2004
416,2005
117,2006
346,2011
5,2013
103,2016
353,2020
59,2021
435,2023
230,2028
382,2030
258,2038
321,2046
9,2047
418,2057
145,2061
64,2063
177,2066
1,2069
146,2070
4,2072
182,2074
224,2074
482,2075
261,2078
427,2081
276,2081
225,2081
355,2084
253,2085
238,2087
340,2089
305,2092
209,2092
289,2094
436,2097
471,2101
293,2102
389,2105
113,2106
475,2108
97,2112
375,2113
53,2113
175,2117
247,2124
159,2128
58,2129
163,2133
303,2133
233,2139
460,2145
369,2150
343,2153
434,2158
37,2159
255,2160
412,2161
197,2162
322,2164
116,2184
469,2187
140,2190
127,2190
361,2207
313,2216
123,2217
331,2219
67,2234
79,2236
330,2236
156,2236
441,2237
304,2241
493,2242
128,2244
280,2248
76,2248
237,2249
485,2254
415,2257
161,2259
357,2260
126,2262
130,2263
89,2263
472,2267
231,2273
420,2277
274,2282
324,2283
202,2285
190,2291
86,2292
154,2295
312,2302
453,2307
147,2309
199,2312
421,2313
491,2315
129,2322
40,2322
399,2325
396,2327
94,2334
306,2337
106,2337
20,2350
288,2361
291,2363
203,2366
398,2368
45,2372
201,2376
35,2386
431,2386
153,2388
13,2390
43,2398
350,2400
360,2413
150,2419
473,2422
191,2422
302,2424
36,2426
82,2431
283,2435
142,2439
458,2443
354,2447
457,2450
320,2453
110,2462
336,2464
212,2468
316,2468
390,2476
467,2477
495,2482
484,2488
46,2497
327,2500
188,2503
242,2504
148,2508
14,2510
319,2513
221,2514
391,2517
63,2518
100,2520
87,2522
374,2522
461,2526
217,2531
245,2536
226,2538
262,2540
342,2569
409,2592
96,2593
446,2596
488,2596
397,2597
137,2600
432,2601
229,2602
195,2606
437,2609
347,2610
185,2613
178,2617
363,2622
68,2626
454,2628
265,2632
107,2642
358,2646
451,2657
235,2662
210,2662
168,2672
173,2681
155,2681
377,2687
18,2691
69,2692
275,2701
30,2706
297,2718
449,2724
85,2727
16,2728
102,2730
254,2737
25,2741
359,2746
269,2749
380,2760
171,2773
143,2778
286,2782
378,2789
310,2794
60,2803
133,2822
135,2823
165,2830
88,2833
179,2836
410,2843
423,2848
282,2855
463,2862
462,2862
364,2864
204,2867
121,2896
21,2898
228,2906
368,2924
48,2926
295,2941
180,2963
95,2969
406,2971
158,2981
170,2986
278,2988
70,2996
19,2999
401,3002
318,3002
438,3003
214,3029
194,3030
400,3044
481,3047
476,3083
379,3099
216,3108
41,3115
222,3136
250,3141
393,3145
468,3164
494,3165
430,3171
15,3185
227,3190
236,3195
445,3197
422,3224
425,3228
151,3250
298,3263
7,3271
266,3279
211,3310
91,3326
345,3328
31,3334
193,3365
71,3366
252,3372
414,3381
62,3397
52,3399
138,3408
119,3445
483,3461
339,3471
213,3495
439,3504
65,3505
28,3509
352,3522
395,3527
124,3578
428,3584
183,3607
407,3612
92,3615
279,3624
443,3626
10,3626
334,3656
424,3664
29,3684
27,3690
367,3695
12,3755
387,3767
351,3801
162,3820
208,3826
452,3854
440,3858
184,3861
34,3874
308,3881
77,3918
24,3922
386,3932
337,3936
272,3960
105,3963
419,3995
176,4053
294,4064
205,4099
408,4120
57,4178
239,4181
478,4211
157,4222
450,4238
500,4262
426,4304
54,4308
487,4355
122,4403
160,4418
459,4477
136,4561
433,4568
167,4651
118,4656
44,4660
61,4702
344,4715
392,4777
373,4867
164,4912
93,4954
78,5000
489,5001
356,5015
8,5023
267,5095
51,5168
311,5251
405,5265
466,5299
496,5354
264,5363
417,5396
499,5468
307,5551
338,5596
309,5702
72,5711
3,5711
490,5850
200,5893
328,6010
448,6053
186,6067
315,6150
84,6420

simblock.block.ProofOfWorkBlock@6147a06d:38
261,0
13,154
417,215
29,279
387,304
129,336
279,365
203,370
124,394
471,428
70,431
62,440
250,452
447,452
163,484
420,487
127,487
226,497
312,510
180,513
286,521
212,541
118,544
430,545
255,546
158,546
311,554
357,569
39,569
414,578
53,578
91,582
88,592
185,599
402,600
205,602
457,602
432,603
419,605
304,611
186,622
287,625
294,631
128,634
412,634
485,638
164,638
272,640
433,640
154,653
113,654
188,658
427,658
157,660
95,661
84,662
476,664
208,667
409,669
264,669
401,673
484,682
487,688
332,688
408,690
8,694
422,694
478,695
437,696
306,698
77,699
1,700
499,701
443,707
61,707
352,711
399,712
492,716
57,716
338,718
346,720
167,721
24,725
78,727
94,728
210,728
176,729
206,738
303,738
161,744
21,744
309,748
366,749
266,750
392,750
435,752
440,752
213,753
86,753
368,753
162,756
204,757
488,759
16,759
351,760
51,761
439,761
449,764
310,771
278,772
407,772
324,774
343,781
315,781
321,782
270,782
458,783
170,785
66,787
18,787
307,787
377,787
356,788
143,790
494,791
148,792
92,796
308,797
55,800
253,805
194,805
168,806
283,808
320,809
31,809
328,809
386,810
85,813
82,814
450,815
344,816
473,817
12,820
121,820
107,821
58,821
160,821
282,822
489,824
293,826
490,827
60,830
365,831
178,831
93,831
155,833
453,835
333,840
22,841
373,843
137,843
135,843
305,843
64,844
44,845
28,846
345,847
89,849
190,849
367,849
454,850
363,852
406,853
330,853
233,854
211,854
149,858
231,865
267,865
100,865
109,866
451,867
336,869
248,870
275,870
369,873
122,877
428,878
214,880
319,882
216,882
302,883
393,883
460,883
339,886
7,887
103,889
72,889
236,891
477,893
482,893
200,895
274,897
389,899
466,901
63,901
179,903
426,904
493,906
262,907
201,907
116,908
75,908
459,908
448,910
133,910
405,913
425,913
350,918
500,919
40,921
105,922
153,927
239,928
54,930
184,934
475,940
140,940
136,943
483,949
348,950
156,950
224,956
27,960
196,963
445,964
202,966
410,967
491,979
42,982
441,986
230,990
3,992
496,999
120,1003
394,1004
316,1005
110,1007
166,1007
413,1009
376,1013
472,1019
36,1023
415,1025
273,1043
280,1043
25,1044
292,1048
112,1049
442,1055
228,1055
257,1060
165,1061
362,1068
446,1070
220,1078
337,1079
222,1085
80,1086
17,1089
285,1089
46,1092
444,1097
382,1099
340,1105
289,1108
244,1114
411,1120
486,1132
225,1132
421,1133
175,1135
247,1135
108,1139
76,1140
132,1141
331,1145
358,1148
342,1150
353,1156
240,1157
436,1159
301,1161
199,1161
6,1161
102,1162
462,1165
384,1171
463,1177
396,1178
187,1179
35,1182
144,1185
73,1185
281,1187
33,1188
19,1188
349,1189
134,1191
370,1196
388,1201
4,1203
424,1206
209,1212
455,1214
14,1217
117,1219
197,1220
119,1220
398,1221
404,1222
147,1225
101,1227
469,1230
87,1231
131,1231
20,1233
49,1243
381,1245
323,1247
83,1249
480,1251
48,1255
141,1258
497,1262
495,1264
59,1266
361,1278
106,1280
403,1290
291,1293
169,1303
470,1304
258,1310
397,1314
191,1323
96,1325
198,1330
298,1331
434,1336
221,1338
355,1338
43,1340
465,1346
479,1349
238,1350
152,1358
126,1362
235,1363
65,1364
207,1377
371,1388
32,1391
52,1392
114,1398
26,1401
90,1412
11,1413
269,1419
431,1421
192,1424
347,1428
329,1432
123,1450
10,1454
374,1460
34,1462
429,1463
193,1464
334,1472
5,1478
260,1479
290,1481
38,1483
232,1491
322,1494
241,1494
464,1494
142,1497
360,1503
277,1503
15,1505
385,1518
383,1521
416,1522
341,1528
159,1531
246,1534
271,1535
151,1538
364,1546
229,1547
189,1550
249,1562
391,1566
37,1577
182,1584
111,1588
438,1595
318,1595
50,1599
115,1601
400,1601
379,1603
195,1616
23,1622
263,1636
326,1664
300,1665
380,1673
284,1675
97,1676
173,1684
254,1694
181,1699
481,1704
215,1709
183,1738
172,1747
150,1748
104,1752
325,1756
68,1758
223,1761
390,1766
359,1768
146,1782
99,1784
354,1788
219,1789
125,1796
30,1803
252,1812
378,1821
234,1840
313,1845
217,1849
256,1849
418,1864
395,1868
327,1869
98,1886
265,1900
81,1912
237,1929
2,1930
177,1940
452,1955
56,1964
474,1991
295,2008
218,2015
67,2030
251,2039
317,2101
468,2103
47,2109
171,2127
69,2131
9,2153
456,2166
268,2185
243,2189
139,2203
296,2241
276,2253
130,2275
423,2278
79,2319
138,2322
74,2362
299,2391
242,2411
227,2441
245,2444
314,2449
288,2523
375,2543
41,2614
145,2645
71,2716
335,2726
498,2729
174,2749
461,2829
297,2892
45,2922
259,2950
372,3079
467,3171

simblock.block.ProofOfWorkBlock@1009f576:39
261,0
21,971
13,1027
336,1087
346,1123
312,1147
201,1196
410,1239
321,1262
124,1265
450,1273
458,1295
248,1299
392,1327
180,1334
417,1338
205,1356
91,1358
282,1361
70,1386
155,1392
357,1394
488,1395
266,1409
490,1415
414,1416
213,1421
211,1422
226,1443
61,1447
407,1449
194,1450
36,1467
31,1468
167,1472
204,1475
170,1479
202,1479
476,1483
406,1484
168,1487
279,1500
483,1506
366,1507
399,1508
54,1508
63,1511
94,1519
293,1525
29,1526
164,1528
415,1536
453,1536
428,1537
212,1537
157,1539
432,1542
386,1544
473,1544
278,1546
459,1546
420,1557
389,1563
303,1564
425,1564
190,1565
206,1567
39,1568
116,1571
156,1572
27,1574
435,1574
494,1582
88,1588
84,1590
457,1593
113,1594
422,1596
466,1597
320,1598
22,1600
427,1600
153,1601
255,1602
270,1602
447,1603
305,1604
196,1608
199,1612
95,1614
287,1615
224,1620
401,1621
140,1622
1,1624
352,1624
51,1628
55,1629
236,1630
454,1631
283,1633
306,1633
460,1634
402,1639
369,1643
136,1643
485,1647
363,1647
18,1648
333,1651
433,1652
445,1652
348,1653
57,1655
160,1657
118,1657
275,1659
262,1659
28,1660
210,1661
250,1661
128,1661
332,1661
430,1670
451,1671
477,1672
286,1672
203,1676
77,1677
471,1677
184,1679
135,1679
337,1679
307,1681
162,1685
345,1687
53,1689
449,1689
310,1691
253,1697
405,1699
133,1699
368,1699
443,1703
439,1704
487,1705
60,1708
86,1708
214,1709
72,1710
495,1710
24,1711
484,1714
208,1715
340,1715
127,1717
440,1717
66,1717
186,1718
89,1719
351,1719
489,1720
137,1721
328,1722
294,1722
482,1723
338,1728
148,1729
475,1729
64,1731
304,1732
121,1733
441,1734
92,1736
3,1736
216,1739
350,1742
85,1742
356,1744
426,1744
396,1744
105,1748
324,1751
44,1757
367,1759
231,1759
448,1763
437,1763
393,1764
107,1765
185,1766
230,1767
478,1767
103,1767
413,1771
315,1774
493,1777
319,1778
308,1778
239,1778
129,1779
87,1779
122,1780
343,1780
8,1785
82,1786
472,1786
16,1786
93,1787
100,1788
179,1789
387,1795
499,1796
154,1796
12,1800
398,1801
264,1801
161,1802
176,1804
429,1809
302,1810
492,1815
408,1818
40,1821
56,1824
274,1838
267,1842
377,1843
144,1845
326,1851
500,1852
409,1852
25,1856
58,1857
373,1862
188,1867
200,1875
272,1875
330,1877
339,1877
359,1880
281,1887
234,1889
178,1903
496,1910
491,1914
311,1915
244,1916
169,1922
329,1922
327,1929
141,1933
344,1934
209,1934
130,1934
49,1941
110,1942
2,1944
5,1947
438,1948
421,1948
479,1949
390,1954
109,1965
32,1965
292,1968
301,1970
163,1974
11,1979
436,1980
117,1982
318,1984
108,1985
237,1989
62,1997
362,2000
6,2001
245,2007
424,2012
251,2016
151,2023
446,2024
165,2024
468,2024
19,2025
123,2027
404,2034
355,2035
254,2036
273,2037
198,2041
17,2043
78,2043
444,2044
134,2050
112,2060
317,2069
73,2070
269,2074
470,2082
240,2085
247,2092
192,2093
126,2094
159,2096
463,2096
4,2098
309,2099
90,2101
285,2103
166,2103
382,2109
222,2116
300,2120
106,2120
132,2123
20,2125
197,2126
394,2126
480,2127
14,2129
119,2136
388,2136
33,2140
131,2146
147,2151
228,2154
76,2156
150,2158
419,2159
465,2163
65,2164
442,2174
235,2180
411,2183
349,2187
370,2189
215,2193
241,2196
384,2196
114,2197
331,2198
75,2199
47,2207
416,2207
59,2217
48,2218
7,2221
43,2231
220,2240
464,2246
102,2246
361,2247
257,2255
96,2266
323,2266
383,2269
158,2277
379,2280
120,2281
334,2284
189,2290
277,2291
101,2291
431,2295
35,2296
111,2298
249,2306
80,2307
238,2310
138,2315
50,2318
52,2329
498,2332
223,2333
341,2333
412,2336
229,2337
298,2349
418,2351
291,2351
149,2352
37,2363
365,2365
469,2371
41,2377
364,2380
325,2386
233,2394
256,2399
125,2407
30,2407
225,2423
358,2423
284,2428
314,2442
462,2443
143,2450
467,2460
290,2461
380,2462
486,2464
452,2472
34,2473
497,2474
252,2481
376,2482
146,2483
68,2484
280,2488
371,2508
289,2511
335,2515
26,2523
83,2524
474,2532
456,2551
181,2555
142,2557
115,2557
263,2573
232,2574
9,2581
79,2582
374,2585
227,2589
182,2592
191,2597
313,2619
174,2622
187,2623
139,2634
403,2637
246,2645
42,2649
423,2649
38,2654
173,2661
316,2681
391,2682
400,2690
381,2694
99,2709
98,2749
360,2764
378,2765
217,2771
218,2794
268,2798
372,2803
175,2811
258,2818
276,2822
354,2826
152,2839
67,2867
195,2867
461,2872
288,2874
455,2875
207,2882
171,2883
221,2916
481,2937
97,2967
10,2970
46,2970
397,2981
183,3000
45,3065
219,3102
243,3111
299,3123
71,3125
74,3138
347,3144
193,3153
395,3155
104,3163
242,3167
265,3174
23,3203
295,3218
260,3253
342,3311
177,3328
172,3439
322,3447
385,3480
81,3486
353,3501
434,3662
271,3722
296,3733
375,3827
15,3832
69,3869
259,4130
297,4174
145,4413

simblock.block.ProofOfWorkBlock@76108160:40
77,0
344,151
133,211
393,268
205,300
293,326
459,361
439,362
333,383
343,420
148,421
255,439
24,448
367,454
338,476
262,477
420,486
236,496
363,510
91,510
494,511
137,514
447,530
40,534
348,538
454,552
493,554
95,572
88,572
287,574
430,574
500,575
303,575
309,592
401,595
118,597
451,598
61,602
328,626
127,629
488,630
211,630
163,635
407,635
311,638
437,639
336,640
250,647
62,649
458,651
319,654
415,655
279,657
212,658
294,662
89,664
168,668
78,672
270,681
304,687
320,690
60,690
199,691
186,693
272,694
31,695
136,695
310,696
306,705
164,705
213,706
234,708
427,709
121,711
226,713
414,715
275,719
100,719
82,721
161,722
70,722
32,723
39,726
387,726
484,726
491,729
339,730
449,731
346,732
84,739
402,739
16,745
143,750
93,750
305,751
86,752
351,752
7,753
188,753
202,756
167,761
489,762
25,763
179,764
162,768
302,768
156,772
154,772
473,775
230,778
28,779
190,781
185,781
315,781
155,783
58,783
210,784
51,786
248,787
140,787
13,789
425,789
12,790
29,791
443,791
22,791
409,793
369,794
261,795
312,797
153,799
274,801
428,807
417,808
44,809
201,809
266,809
492,809
457,810
441,810
253,811
239,811
440,816
460,816
233,821
472,824
307,824
110,824
214,825
308,828
184,831
27,832
466,836
36,837
448,840
321,840
103,841
216,841
63,842
483,845
129,845
324,846
66,846
477,849
471,850
200,850
453,852
105,852
475,854
419,856
203,857
410,857
445,859
464,860
332,860
352,863
476,864
160,864
283,866
220,866
194,867
337,867
113,867
92,868
406,869
392,869
482,870
412,874
345,876
26,877
21,878
176,879
340,881
116,884
224,885
356,888
206,889
53,893
432,894
485,896
107,899
264,899
178,901
191,903
1,906
94,910
373,911
278,911
389,914
55,914
124,915
267,917
433,923
72,923
128,924
399,926
204,929
85,930
350,937
208,937
244,945
18,945
64,946
435,947
326,947
286,950
478,951
479,953
487,956
368,959
426,968
386,971
231,972
135,973
490,973
4,976
170,980
357,982
422,984
366,988
499,1003
497,1004
377,1006
73,1012
169,1014
122,1014
126,1019
450,1019
277,1022
268,1029
323,1030
196,1030
496,1031
280,1035
269,1037
57,1038
8,1040
384,1045
96,1051
431,1056
331,1057
421,1060
413,1060
117,1069
282,1069
90,1070
285,1070
132,1073
446,1074
408,1075
3,1079
111,1092
158,1099
480,1105
192,1121
254,1124
313,1124
109,1126
101,1126
2,1130
330,1131
209,1132
54,1132
411,1137
245,1140
249,1140
20,1141
222,1144
181,1154
388,1156
172,1159
134,1162
316,1163
301,1168
405,1171
35,1173
383,1174
17,1181
325,1182
291,1182
359,1187
180,1189
83,1189
469,1192
237,1198
376,1201
102,1202
424,1204
159,1206
382,1207
114,1207
240,1210
56,1213
470,1214
42,1218
289,1221
149,1225
416,1226
198,1227
317,1229
251,1232
14,1234
455,1240
76,1240
398,1242
362,1249
19,1251
141,1251
87,1252
379,1257
436,1259
228,1264
97,1276
48,1282
349,1287
47,1291
120,1296
468,1298
5,1309
403,1310
49,1311
52,1326
394,1328
390,1333
74,1336
397,1340
329,1343
81,1350
247,1350
396,1353
434,1357
15,1360
498,1373
75,1373
182,1377
444,1382
235,1386
273,1387
37,1391
218,1392
385,1397
281,1401
370,1403
238,1405
227,1405
290,1406
207,1407
215,1411
429,1413
130,1415
144,1416
123,1422
334,1426
495,1429
79,1446
276,1448
175,1452
418,1460
9,1465
46,1467
225,1472
361,1482
195,1482
342,1483
139,1499
34,1500
152,1507
298,1509
33,1511
223,1513
284,1515
257,1521
106,1522
292,1530
353,1532
381,1533
375,1541
151,1542
456,1555
378,1559
68,1559
241,1561
45,1570
187,1573
347,1579
157,1580
125,1584
355,1587
65,1595
80,1604
297,1610
23,1626
189,1631
177,1633
400,1634
265,1646
229,1661
59,1679
104,1690
365,1691
360,1692
146,1697
463,1698
299,1698
41,1700
404,1703
462,1704
258,1737
147,1742
271,1749
11,1752
252,1754
193,1765
327,1771
322,1772
115,1777
263,1784
438,1807
481,1833
150,1853
174,1861
119,1863
50,1871
395,1872
486,1879
112,1897
166,1913
108,1916
465,1924
165,1945
145,1981
314,1986
197,2022
318,2034
142,2040
69,2043
256,2049
242,2049
380,2052
300,2085
131,2098
371,2116
442,2136
288,2155
354,2172
38,2186
358,2192
6,2206
171,2214
335,2273
467,2323
374,2339
461,2351
138,2364
232,2381
243,2391
246,2406
10,2423
341,2440
30,2476
71,2490
364,2492
217,2500
183,2516
260,2563
259,2640
99,2652
221,2663
391,2693
295,2716
67,2717
43,2731
372,2740
98,2762
474,2776
452,2787
173,3008
423,3023
296,3033
219,3050

simblock.block.ProofOfWorkBlock@1ec97144:41
161,0
186,147
487,203
51,262
279,321
437,339
373,357
459,378
27,395
414,410
202,413
113,438
489,468
419,473
255,476
16,478
25,512
133,527
95,530
162,530
492,534
392,545
93,548
157,550
312,560
233,562
158,570
105,571
443,586
253,587
7,587
420,589
410,604
491,604
57,606
345,616
127,618
121,619
88,622
72,624
64,625
488,627
409,627
405,644
408,644
226,650
477,653
427,661
417,663
53,664
426,673
110,674
63,674
338,676
352,677
230,682
368,683
77,683
89,683
236,683
282,684
457,684
60,686
475,695
333,701
490,705
357,705
84,709
231,710
168,714
212,719
264,721
270,724
366,732
356,733
118,734
343,736
440,736
471,737
454,737
55,738
351,739
321,740
363,740
124,741
160,742
66,744
8,745
107,748
499,751
336,752
36,756
178,757
29,757
369,759
122,760
86,762
163,762
441,767
332,768
61,773
216,775
458,776
451,776
58,777
485,778
478,778
103,778
13,779
129,780
140,782
184,791
450,791
346,793
283,793
348,794
176,794
44,795
315,796
154,798
203,800
250,800
407,800
393,801
143,805
430,806
460,807
294,809
293,809
194,810
22,811
204,813
128,814
339,815
439,816
70,816
447,818
415,819
425,826
401,826
188,827
200,828
305,828
266,829
275,829
367,831
206,831
62,832
165,832
213,834
208,834
307,835
278,835
109,837
153,837
201,837
448,839
190,847
94,847
40,847
344,850
453,850
387,851
377,852
318,853
199,856
116,856
445,856
309,857
170,858
215,860
137,862
310,865
483,866
466,868
340,869
286,871
304,872
24,873
211,874
319,875
28,876
320,879
196,881
136,882
214,883
399,884
185,886
328,886
4,886
303,887
496,888
210,888
306,889
179,890
91,890
272,890
1,894
164,897
31,899
135,901
156,906
337,907
386,907
350,908
100,909
287,910
39,912
412,922
155,924
281,924
482,930
422,932
239,933
449,933
21,935
82,936
12,937
476,938
78,939
473,940
413,942
311,942
435,944
54,947
389,947
180,947
484,950
274,951
261,954
17,955
329,956
224,959
493,960
432,965
428,970
472,970
302,977
402,978
205,986
18,986
148,989
433,989
324,997
406,1000
248,1003
175,1005
151,1007
92,1010
308,1011
167,1016
500,1019
147,1023
396,1024
361,1027
326,1028
464,1030
289,1031
85,1035
234,1035
3,1035
418,1047
330,1056
262,1056
258,1064
267,1066
220,1070
35,1079
325,1085
37,1085
209,1096
130,1103
14,1108
102,1113
494,1115
159,1117
355,1118
198,1118
75,1119
144,1122
108,1127
390,1127
431,1128
421,1132
394,1133
47,1135
268,1141
120,1149
462,1152
444,1152
192,1155
316,1159
349,1162
251,1166
56,1166
313,1170
132,1171
317,1173
434,1176
197,1177
411,1178
74,1179
254,1182
359,1183
379,1186
169,1189
46,1190
225,1191
33,1192
73,1192
249,1194
32,1197
20,1200
123,1201
384,1202
300,1205
134,1206
398,1207
238,1209
76,1212
26,1214
237,1216
247,1218
149,1222
497,1223
380,1225
298,1230
362,1230
424,1235
241,1239
228,1240
358,1241
48,1242
436,1248
301,1249
240,1249
470,1250
42,1254
181,1254
388,1263
495,1274
232,1274
150,1275
370,1280
381,1282
65,1284
80,1290
376,1294
52,1306
87,1307
177,1307
2,1309
119,1310
207,1311
479,1314
416,1314
126,1315
442,1322
252,1339
111,1340
465,1341
383,1350
166,1352
117,1353
11,1355
277,1361
486,1361
90,1361
404,1366
269,1367
131,1370
342,1374
97,1375
114,1381
6,1383
218,1392
280,1396
15,1408
142,1408
145,1411
331,1418
260,1421
468,1423
347,1426
263,1431
245,1433
195,1438
30,1441
463,1447
335,1455
104,1462
221,1465
365,1469
182,1472
423,1477
43,1479
382,1481
480,1484
395,1489
172,1497
446,1511
235,1513
296,1517
115,1521
292,1522
83,1531
257,1535
191,1542
242,1553
138,1554
385,1556
19,1565
276,1566
403,1570
139,1572
314,1573
259,1574
288,1574
400,1579
34,1581
391,1589
23,1589
481,1594
271,1609
59,1611
5,1617
322,1623
397,1641
50,1642
452,1651
372,1652
98,1652
291,1654
112,1654
9,1664
68,1673
183,1687
99,1689
265,1692
152,1703
41,1707
187,1712
125,1715
141,1727
323,1739
354,1740
101,1753
341,1759
378,1763
284,1764
243,1778
438,1788
374,1792
227,1795
219,1805
49,1812
38,1818
327,1829
189,1837
461,1873
273,1884
229,1893
469,1902
222,1927
174,1942
455,2001
290,2024
295,2029
246,2053
193,2074
81,2078
360,2087
67,2105
285,2105
467,2116
353,2171
171,2178
256,2184
371,2193
96,2281
10,2307
456,2340
429,2348
498,2373
71,2383
474,2388
299,2466
106,2479
146,2500
244,2519
173,2533
334,2627
364,2670
69,2715
297,2727
217,2811
375,2821
79,3099
223,3403
45,3714

simblock.block.ProofOfWorkBlock@906764c:42
84,0
425,154
363,211
312,267
91,308
168,329
255,359
345,366
356,387
475,416
239,422
458,427
377,444
346,461
231,474
137,479
412,483
261,487
164,502
154,508
432,516
401,517
430,532
113,542
443,547
485,551
304,558
282,566
309,566
350,570
226,574
368,576
213,576
499,589
352,592
450,599
414,604
445,609
180,610
194,614
392,622
279,624
61,627
24,630
402,632
25,634
89,634
427,635
70,635
336,638
196,645
422,655
127,658
62,662
105,666
286,668
289,669
64,670
21,671
448,673
179,679
488,680
343,681
110,683
494,689
176,692
8,693
29,694
337,695
264,695
190,696
484,699
212,701
186,703
118,704
466,705
476,711
188,714
307,714
262,715
266,718
440,725
148,725
233,726
454,727
366,728
167,730
333,733
211,736
77,738
491,744
100,745
293,745
185,745
308,745
202,747
92,751
203,752
473,752
417,756
439,757
344,757
156,757
315,762
410,766
426,767
82,770
407,770
155,770
135,770
201,771
250,778
66,782
27,783
253,783
53,783
490,785
199,785
457,788
492,789
283,794
51,803
420,804
367,806
206,808
428,811
453,811
447,812
36,812
63,812
389,814
136,814
22,814
310,817
58,821
369,822
116,823
320,824
471,825
419,827
270,827
493,829
321,829
449,831
319,831
86,831
28,834
477,840
472,840
12,841
340,842
133,843
204,843
459,844
4,844
435,844
409,845
19,846
272,851
208,852
393,853
437,854
1,855
163,856
153,856
88,859
72,863
399,864
170,867
348,870
274,871
338,871
332,871
294,872
460,873
95,873
500,877
224,878
339,879
107,880
465,880
39,882
94,884
184,885
162,888
55,888
405,889
57,889
230,889
124,891
408,891
103,891
210,892
373,897
441,899
413,899
351,901
178,902
40,902
248,903
302,903
49,903
254,907
328,908
285,908
305,909
93,913
44,913
60,913
122,913
455,916
287,918
406,920
241,921
306,923
330,928
214,934
390,940
220,942
487,946
278,947
359,952
438,952
128,955
451,955
129,957
54,958
121,958
433,960
496,960
415,960
158,969
384,969
205,979
236,980
303,981
85,987
436,998
166,1000
489,1003
495,1007
5,1009
216,1010
31,1013
7,1016
478,1018
143,1018
160,1018
3,1021
462,1026
324,1027
482,1034
131,1042
446,1044
311,1050
198,1051
75,1060
275,1060
464,1064
78,1067
385,1069
240,1070
13,1070
140,1075
74,1077
197,1079
411,1079
267,1084
326,1085
298,1089
347,1092
17,1092
65,1093
355,1093
483,1095
386,1107
109,1107
56,1108
134,1111
159,1114
182,1114
200,1117
327,1121
342,1122
52,1122
300,1123
2,1123
357,1127
313,1131
157,1131
83,1131
102,1135
470,1136
268,1139
18,1141
251,1142
370,1150
382,1151
47,1156
468,1158
387,1165
48,1169
119,1170
431,1171
291,1171
403,1171
130,1182
361,1187
120,1187
147,1196
16,1198
238,1200
237,1205
20,1206
222,1212
209,1215
362,1216
398,1216
424,1220
234,1229
469,1230
325,1234
191,1240
14,1247
349,1250
101,1251
388,1253
108,1258
181,1261
317,1261
379,1264
480,1268
112,1270
442,1281
192,1286
383,1292
358,1295
114,1295
280,1296
117,1296
87,1297
126,1297
6,1299
269,1307
423,1308
177,1314
33,1314
46,1319
247,1325
73,1327
416,1338
123,1341
244,1345
59,1345
331,1347
149,1354
138,1357
111,1365
227,1370
79,1370
353,1374
11,1374
207,1374
187,1386
235,1387
301,1390
15,1401
23,1408
165,1410
400,1410
434,1421
365,1422
249,1433
256,1434
141,1437
394,1439
169,1444
67,1450
290,1457
376,1459
76,1464
292,1466
32,1467
421,1471
378,1481
461,1490
35,1491
246,1502
195,1514
371,1520
245,1521
43,1522
34,1526
456,1531
41,1534
297,1536
391,1540
171,1547
106,1549
316,1552
37,1572
30,1578
71,1580
252,1585
277,1590
296,1594
259,1605
150,1608
132,1609
486,1610
50,1612
218,1613
452,1627
374,1627
97,1629
81,1629
9,1629
273,1641
396,1642
115,1648
314,1654
257,1662
232,1665
334,1674
404,1690
375,1703
354,1711
372,1718
242,1718
444,1722
80,1725
142,1740
225,1743
217,1758
69,1758
183,1772
318,1782
381,1782
263,1788
265,1789
144,1799
151,1816
299,1829
45,1833
329,1836
281,1869
284,1882
397,1892
161,1893
98,1899
481,1903
38,1910
323,1913
288,1926
26,1951
146,1954
215,1985
68,1990
96,2008
276,2009
380,2051
295,2060
228,2062
104,2065
139,2081
90,2089
172,2096
243,2099
418,2127
463,2185
174,2203
479,2235
193,2268
429,2297
99,2319
360,2347
258,2361
229,2380
341,2381
175,2406
42,2541
322,2567
395,2580
125,2617
335,2664
189,2666
173,2745
498,2849
271,2874
364,2947
152,2950
221,2998
223,3169
260,3233
219,3281
10,3516
474,3571
145,3858

simblock.block.ProofOfWorkBlock@12dfab8:43
37,0
222,216
73,300
323,394
245,435
463,477
398,518
298,521
249,565
404,600
362,607
497,614
251,656
421,657
411,681
52,691
316,695
455,697
479,741
358,744
109,757
108,763
325,777
349,785
150,785
285,789
361,820
495,827
469,831
238,833
441,834
19,844
235,846
355,869
257,871
403,872
218,873
119,873
112,874
240,900
166,911
192,913
446,913
416,913
429,915
280,942
301,942
291,954
397,955
247,955
97,958
144,958
131,959
394,968
56,979
7,985
436,985
101,993
396,994
2,995
197,995
35,997
365,999
102,999
309,1000
348,1012
126,1014
82,1020
21,1021
385,1021
96,1027
11,1034
277,1043
266,1046
438,1048
59,1048
87,1055
42,1061
331,1062
209,1063
444,1067
431,1070
384,1075
486,1077
317,1078
75,1081
465,1083
273,1093
130,1094
198,1095
26,1098
33,1100
149,1104
233,1106
370,1109
434,1115
165,1119
134,1125
268,1126
18,1131
269,1132
333,1134
500,1136
261,1138
55,1139
383,1140
120,1142
225,1142
182,1144
215,1144
332,1148
80,1148
220,1149
274,1153
111,1160
379,1162
278,1163
133,1166
187,1172
95,1175
20,1176
234,1176
17,1179
92,1181
320,1181
141,1182
258,1182
76,1186
356,1188
147,1190
480,1191
376,1192
428,1195
161,1196
211,1196
226,1197
191,1198
159,1200
212,1201
90,1203
177,1207
228,1208
117,1213
255,1214
63,1214
289,1215
14,1217
46,1217
254,1218
380,1226
241,1227
359,1227
390,1231
327,1231
181,1233
387,1234
156,1240
47,1242
381,1245
433,1253
151,1253
292,1254
346,1257
386,1258
84,1260
155,1270
369,1273
462,1275
464,1279
329,1281
132,1281
443,1281
368,1282
244,1283
65,1283
353,1283
312,1285
5,1288
15,1289
342,1298
13,1298
100,1299
347,1300
32,1303
318,1307
267,1308
237,1308
351,1309
281,1309
29,1310
205,1312
300,1312
487,1314
492,1315
392,1315
315,1322
206,1323
308,1325
470,1330
338,1331
176,1333
344,1336
157,1337
337,1338
168,1338
264,1338
175,1340
435,1340
106,1341
382,1342
6,1343
83,1352
307,1354
129,1362
483,1362
313,1363
420,1364
48,1364
499,1364
179,1366
262,1369
25,1370
442,1372
471,1375
239,1375
485,1376
208,1378
214,1385
424,1390
388,1390
402,1393
170,1394
213,1408
123,1409
70,1413
27,1414
169,1416
190,1417
94,1421
377,1422
418,1428
114,1432
366,1433
230,1441
457,1449
105,1449
357,1451
272,1454
270,1455
204,1456
53,1456
439,1457
88,1459
113,1463
419,1465
321,1475
426,1477
74,1478
275,1481
107,1485
328,1485
201,1486
489,1489
305,1490
310,1493
293,1493
345,1494
8,1494
484,1497
413,1497
140,1502
49,1503
16,1507
40,1512
491,1517
445,1520
136,1521
494,1526
61,1527
196,1533
334,1534
399,1538
58,1539
180,1540
459,1540
146,1540
440,1544
135,1544
121,1546
326,1546
57,1548
409,1549
85,1553
389,1553
417,1553
236,1561
110,1569
224,1569
427,1570
167,1586
468,1587
4,1588
68,1593
367,1596
448,1599
401,1599
3,1599
373,1602
473,1612
125,1622
350,1622
414,1625
200,1625
148,1629
336,1629
302,1630
363,1640
162,1641
488,1642
164,1644
138,1650
449,1651
153,1658
99,1658
72,1661
393,1662
118,1663
77,1664
122,1667
475,1667
178,1669
422,1669
410,1670
256,1671
339,1677
324,1678
490,1685
36,1685
282,1692
319,1696
482,1698
450,1701
253,1715
103,1719
453,1720
496,1720
343,1723
202,1727
71,1729
124,1730
203,1736
216,1746
128,1756
467,1761
116,1763
407,1767
194,1784
478,1788
50,1791
311,1796
219,1802
78,1802
306,1807
81,1810
174,1815
143,1819
360,1828
330,1830
154,1831
461,1840
456,1842
66,1846
372,1847
184,1849
352,1850
260,1852
472,1853
430,1858
447,1859
395,1862
91,1863
283,1865
405,1865
460,1870
432,1872
288,1884
137,1891
64,1893
304,1893
466,1895
163,1900
297,1907
276,1909
412,1909
303,1909
271,1909
139,1915
231,1926
246,1931
364,1946
207,1958
299,1989
158,1989
265,1997
458,2004
242,2015
142,2017
173,2017
229,2020
22,2031
454,2032
31,2033
425,2034
322,2036
28,2039
286,2040
415,2040
279,2045
287,2045
69,2059
62,2067
210,2075
340,2075
378,2083
39,2084
476,2084
45,2092
232,2097
93,2100
172,2111
67,2135
375,2139
451,2168
185,2180
41,2197
408,2207
54,2216
51,2221
188,2221
493,2225
127,2249
12,2249
145,2254
186,2261
498,2271
115,2272
221,2285
391,2286
152,2292
295,2309
98,2309
189,2337
406,2341
24,2354
43,2358
294,2380
341,2390
199,2393
195,2396
477,2399
437,2401
86,2412
250,2426
60,2431
160,2439
38,2520
423,2520
481,2522
248,2527
1,2554
474,2564
252,2577
354,2603
89,2615
374,2634
243,2655
335,2675
290,2682
44,2701
314,2772
183,2795
259,2806
452,2811
10,2825
263,2868
371,2890
223,2905
9,2907
284,2931
79,3053
217,3056
34,3068
400,3079
104,3120
296,3154
30,3154
23,3303
227,3318
171,3367
193,3402

simblock.block.ProofOfWorkBlock@dfefa82:44
496,0
336,165
476,229
208,288
440,345
248,359
12,376
153,417
460,433
129,443
205,473
156,493
350,494
190,504
407,506
52,521
199,528
410,531
352,550
180,557
264,568
167,568
366,588
432,589
89,606
163,610
483,615
239,617
344,622
457,625
185,628
140,634
211,642
500,645
275,658
127,666
490,669
168,672
466,675
443,676
179,677
253,678
27,681
450,684
63,684
135,695
31,701
92,703
42,703
62,703
262,706
311,706
413,714
294,717
283,719
409,726
24,726
136,732
339,734
73,738
417,740
214,741
196,742
155,743
91,745
401,745
124,746
266,748
477,753
176,757
28,759
419,759
328,759
278,759
61,767
202,768
346,769
160,771
484,772
77,773
312,774
186,777
491,778
393,782
148,783
236,787
282,792
200,794
222,794
158,799
433,800
368,803
345,803
194,803
66,803
224,809
36,813
449,813
54,815
492,816
29,816
435,817
482,818
55,818
421,819
82,819
485,823
343,824
22,826
425,827
84,829
475,830
270,830
203,831
439,831
88,833
441,836
348,838
448,839
162,840
213,840
473,843
39,843
118,847
170,854
154,855
302,856
206,858
369,858
454,859
1,859
333,859
488,862
44,864
305,866
338,867
402,868
7,871
70,872
90,873
210,874
389,875
459,875
116,876
427,877
453,877
95,880
445,881
86,881
315,884
137,885
57,886
493,887
437,888
113,890
320,891
332,894
430,895
386,896
451,896
204,898
107,899
94,899
340,900
143,900
420,900
234,905
117,906
8,907
471,908
184,911
309,912
399,913
103,914
78,914
212,916
110,918
178,918
122,918
307,918
458,918
357,918
447,919
144,923
303,925
133,925
487,926
201,928
373,930
494,930
414,935
272,936
269,938
377,940
161,944
422,945
412,946
274,946
387,946
363,947
499,949
72,951
279,953
121,953
330,955
351,956
250,957
18,962
286,964
321,966
306,968
267,968
426,971
247,973
308,974
324,975
128,975
59,975
93,975
13,976
408,976
356,981
100,982
40,984
255,986
188,987
197,988
438,988
96,990
230,997
216,997
15,999
478,1001
20,1002
53,1004
157,1004
287,1005
325,1006
472,1008
105,1012
21,1024
231,1026
415,1027
233,1028
293,1028
49,1032
85,1032
64,1032
367,1035
396,1035
428,1039
310,1040
112,1042
60,1052
37,1054
16,1055
164,1062
51,1064
465,1066
3,1069
446,1071
337,1075
4,1081
261,1086
469,1086
149,1087
281,1088
319,1089
25,1090
304,1097
405,1104
398,1106
83,1108
388,1116
489,1118
385,1122
349,1131
289,1133
323,1144
226,1144
355,1147
376,1152
392,1154
109,1160
329,1165
228,1167
411,1171
147,1171
442,1175
11,1176
480,1176
159,1176
151,1178
119,1178
259,1180
292,1182
192,1182
123,1185
150,1188
245,1191
468,1197
126,1203
26,1203
406,1203
382,1208
19,1210
48,1214
298,1215
198,1217
182,1222
102,1227
394,1231
237,1235
209,1239
497,1242
318,1244
101,1251
33,1254
280,1255
17,1258
342,1260
6,1260
2,1264
87,1265
444,1267
165,1275
220,1278
455,1281
424,1286
169,1286
258,1288
285,1297
225,1297
240,1299
249,1303
301,1304
111,1306
14,1309
254,1310
317,1320
268,1323
215,1325
362,1327
381,1328
331,1329
58,1333
74,1347
134,1347
108,1347
141,1348
47,1353
479,1355
403,1369
470,1374
361,1377
365,1388
416,1393
384,1395
35,1410
463,1417
34,1421
316,1427
106,1429
5,1433
138,1434
175,1436
238,1437
359,1437
300,1439
76,1445
32,1449
244,1452
65,1455
400,1457
326,1462
378,1464
464,1468
456,1468
251,1471
223,1481
50,1493
131,1494
277,1497
189,1508
297,1519
390,1524
335,1535
418,1536
207,1538
434,1538
353,1547
452,1553
217,1555
265,1555
243,1556
481,1561
219,1562
173,1563
486,1565
229,1566
370,1566
375,1572
474,1578
41,1583
374,1586
130,1597
120,1602
227,1603
395,1604
114,1606
125,1608
380,1609
80,1619
181,1619
436,1622
145,1632
404,1636
260,1638
273,1638
142,1639
43,1639
115,1641
295,1646
71,1647
68,1650
364,1659
56,1664
354,1666
391,1667
379,1669
172,1693
467,1694
23,1700
191,1711
284,1723
46,1726
241,1737
322,1740
276,1744
187,1777
397,1781
327,1782
75,1791
97,1793
423,1807
132,1814
30,1823
360,1833
431,1836
235,1838
10,1845
98,1846
271,1854
296,1870
152,1879
462,1897
166,1907
81,1907
498,1919
232,1921
193,1949
358,1953
291,1954
79,1975
183,1978
299,1993
495,1997
9,2006
263,2038
218,2066
290,2070
341,2073
429,2083
288,2119
195,2173
383,2179
242,2196
256,2231
334,2242
221,2245
347,2245
67,2260
371,2293
252,2367
139,2402
313,2416
104,2463
246,2466
38,2524
461,2548
372,2576
177,2586
171,2650
314,2686
45,2821
174,2986
69,3098
146,3118
99,3284

simblock.block.ProofOfWorkBlock@2c7af9ef:45
109,0
42,237
257,332
52,414
329,457
220,497
325,539
166,550
56,579
144,622
480,635
446,637
298,661
228,673
169,707
442,719
465,719
234,724
418,765
241,766
35,772
48,789
379,801
462,803
421,818
5,830
428,840
251,844
134,847
2,856
394,856
301,857
181,858
268,873
96,885
151,886
240,887
215,892
73,902
177,913
342,924
141,927
281,936
123,941
380,941
111,942
403,944
76,946
362,953
26,971
370,972
486,985
19,986
130,989
453,992
97,996
165,998
416,1002
49,1008
266,1015
469,1017
83,1021
182,1022
225,1024
147,1024
117,1025
304,1034
479,1040
411,1040
245,1041
90,1044
420,1048
384,1049
436,1055
203,1059
438,1069
197,1071
37,1072
209,1073
33,1074
198,1081
331,1087
132,1087
382,1089
347,1098
349,1103
120,1104
444,1108
388,1108
365,1108
237,1108
218,1111
235,1113
62,1117
119,1125
381,1129
77,1134
247,1135
359,1136
358,1137
300,1139
212,1142
289,1144
273,1151
439,1156
101,1157
326,1157
20,1160
100,1162
102,1166
244,1168
385,1168
149,1169
108,1170
397,1170
258,1170
277,1170
280,1172
47,1172
307,1173
429,1176
74,1187
154,1188
448,1192
404,1192
131,1193
194,1195
327,1197
369,1200
424,1201
201,1204
150,1205
126,1210
402,1210
313,1211
53,1213
32,1220
499,1221
309,1222
6,1223
471,1227
323,1230
253,1231
106,1231
383,1233
159,1235
269,1239
443,1241
353,1243
390,1245
441,1245
58,1247
355,1250
87,1250
292,1252
497,1253
434,1254
222,1255
433,1256
470,1256
14,1257
238,1260
286,1261
162,1265
318,1269
78,1278
127,1282
293,1282
291,1287
468,1292
285,1294
310,1299
463,1302
398,1306
22,1309
294,1311
484,1311
65,1314
86,1316
488,1318
254,1325
75,1327
396,1328
187,1334
458,1335
175,1335
15,1341
485,1342
363,1342
275,1344
59,1349
112,1352
46,1352
113,1352
483,1356
17,1356
191,1358
170,1359
164,1363
393,1368
231,1368
255,1368
410,1368
376,1369
361,1370
305,1371
236,1371
63,1372
495,1375
135,1377
55,1381
202,1383
11,1384
490,1385
333,1388
487,1388
84,1389
351,1392
422,1400
431,1400
206,1400
368,1401
168,1402
160,1403
455,1403
350,1406
316,1411
401,1415
317,1417
412,1420
199,1421
88,1421
179,1422
415,1430
192,1433
413,1436
373,1437
259,1438
128,1442
419,1443
157,1448
121,1448
51,1449
92,1456
158,1458
262,1477
57,1484
303,1488
82,1490
40,1493
408,1496
7,1497
340,1498
249,1500
320,1510
449,1510
276,1511
250,1512
450,1518
180,1518
210,1518
272,1524
466,1528
464,1531
406,1532
230,1533
306,1537
224,1542
328,1543
477,1544
344,1545
196,1546
213,1548
319,1550
270,1559
414,1560
184,1562
161,1562
54,1566
278,1567
114,1567
312,1570
39,1575
324,1575
447,1576
435,1578
494,1578
336,1580
500,1581
427,1584
451,1588
118,1596
64,1598
16,1599
80,1604
155,1610
233,1612
261,1625
311,1626
148,1635
407,1635
445,1637
352,1651
103,1662
432,1662
200,1667
3,1672
72,1672
61,1673
93,1675
176,1679
284,1682
44,1683
308,1683
489,1685
50,1686
152,1690
208,1692
474,1694
297,1694
409,1697
81,1698
89,1701
186,1702
229,1708
271,1708
481,1709
105,1712
377,1714
140,1718
143,1719
94,1723
124,1724
9,1734
387,1734
338,1735
492,1736
454,1740
12,1742
173,1744
104,1744
189,1746
496,1749
437,1751
70,1754
13,1758
66,1762
456,1764
71,1766
21,1776
145,1783
392,1787
265,1799
8,1805
475,1813
264,1825
335,1828
242,1836
68,1837
339,1846
371,1849
389,1850
482,1852
348,1856
205,1858
426,1867
399,1878
263,1879
493,1880
216,1892
188,1894
29,1895
129,1895
345,1897
25,1904
478,1910
274,1913
60,1917
27,1919
167,1920
491,1926
207,1929
91,1929
107,1931
85,1932
357,1942
476,1963
24,1972
267,1979
38,1982
171,1993
246,1993
260,1994
4,1997
425,1998
116,2024
459,2032
472,2037
185,2037
79,2039
332,2044
142,2047
386,2067
282,2068
226,2069
417,2071
287,2072
367,2074
122,2088
183,2090
163,2094
473,2095
153,2096
156,2101
133,2105
457,2107
146,2109
115,2118
354,2143
31,2146
322,2167
346,2172
211,2174
232,2183
1,2198
330,2211
136,2215
467,2222
18,2244
137,2245
279,2251
239,2253
372,2264
423,2269
337,2277
356,2278
366,2284
214,2285
23,2291
498,2296
174,2312
461,2314
69,2319
178,2326
400,2342
452,2343
110,2352
99,2373
248,2385
98,2392
172,2415
28,2419
343,2424
460,2428
217,2445
45,2453
283,2457
430,2458
364,2474
299,2476
243,2520
190,2526
30,2532
391,2553
321,2563
314,2567
375,2583
256,2590
405,2594
204,2604
36,2606
360,2637
288,2644
43,2667
395,2696
138,2697
227,2711
223,2764
374,2766
378,2770
34,2780
95,2782
315,2793
290,2832
41,2854
221,2885
195,2897
295,2939
219,2945
440,2959
341,3083
296,3109
302,3135
67,3151
193,3189
334,3203
125,3335
252,3578
10,3827
139,4074

simblock.block.ProofOfWorkBlock@9d47476:46
417,0
432,149
279,208
95,269
345,301
70,327
487,359
336,360
430,385
190,416
157,417
53,419
420,443
332,451
127,472
406,480
485,483
57,494
261,501
63,507
161,508
205,508
236,535
308,536
422,540
255,551
176,563
7,565
413,566
118,567
107,567
44,580
320,593
343,594
160,595
440,598
477,601
186,608
202,622
490,623
484,625
333,625
453,626
304,632
350,632
203,640
449,644
89,649
294,650
51,650
439,652
32,652
54,656
212,659
351,661
60,662
344,663
433,671
144,671
275,681
267,681
262,683
408,686
39,687
307,688
309,689
64,694
94,697
447,701
168,701
31,703
154,706
124,707
425,708
122,711
170,713
407,713
387,714
471,716
445,716
16,718
72,719
488,721
402,728
204,729
140,731
321,731
12,740
409,741
478,742
419,743
155,744
179,746
137,747
352,749
366,751
401,753
356,754
340,755
475,755
133,755
62,756
319,757
494,758
339,759
113,761
312,763
230,767
412,772
28,772
201,773
40,774
492,775
121,777
450,777
368,778
199,778
254,779
286,780
58,782
84,782
164,782
93,785
428,786
135,787
393,789
239,790
435,799
208,799
489,800
105,802
206,803
78,804
272,804
253,806
454,807
148,808
167,809
363,810
451,811
373,812
369,814
443,814
282,814
287,814
116,814
27,816
194,817
13,820
264,821
386,822
457,824
338,825
466,825
444,829
18,831
303,832
473,834
210,835
162,835
367,835
274,837
405,838
178,838
188,839
415,841
483,842
65,845
293,845
278,848
270,849
437,853
143,853
337,856
305,858
77,860
500,860
22,862
328,864
496,865
185,865
184,865
88,867
460,871
128,871
213,871
66,872
163,876
156,876
158,878
476,878
392,880
426,882
29,884
196,885
110,887
21,892
281,892
482,893
441,895
85,896
214,898
92,902
311,906
100,909
377,909
310,911
458,913
129,913
499,915
75,916
248,923
389,923
491,924
103,928
472,929
233,930
459,931
493,937
427,937
346,937
357,938
348,939
136,943
180,944
283,948
91,949
266,952
414,954
109,954
330,955
231,961
61,963
24,966
302,967
315,970
86,971
399,971
141,974
200,980
306,980
226,982
165,983
14,987
25,987
82,996
119,996
361,1007
36,1009
250,1009
224,1012
495,1013
316,1019
211,1020
216,1024
289,1029
479,1034
410,1039
448,1044
73,1046
4,1050
384,1054
26,1055
251,1058
342,1060
87,1061
102,1063
1,1072
159,1074
55,1076
48,1085
424,1087
33,1089
324,1099
19,1099
268,1101
244,1101
390,1104
8,1106
355,1109
187,1116
326,1120
269,1122
327,1123
403,1126
6,1127
192,1130
3,1132
123,1137
396,1137
411,1139
429,1140
238,1143
5,1150
175,1153
20,1153
108,1154
331,1155
126,1160
318,1160
153,1162
83,1167
280,1170
370,1171
166,1174
418,1178
225,1181
379,1183
74,1184
382,1184
385,1185
130,1188
134,1189
365,1189
317,1195
388,1196
381,1199
52,1202
463,1203
120,1206
277,1207
480,1209
150,1213
416,1214
273,1215
442,1219
241,1227
469,1231
114,1233
59,1236
362,1242
329,1245
2,1246
111,1249
404,1253
486,1255
497,1259
395,1260
17,1270
96,1271
35,1273
76,1274
436,1277
383,1279
240,1281
237,1286
191,1291
117,1294
431,1301
376,1301
247,1302
397,1303
398,1321
106,1322
42,1325
46,1339
359,1350
249,1351
209,1355
47,1357
149,1358
151,1359
421,1376
284,1378
15,1381
80,1384
207,1386
198,1396
81,1398
296,1405
380,1416
90,1421
298,1425
288,1428
223,1430
245,1431
104,1437
197,1441
125,1442
394,1445
455,1452
112,1461
292,1466
325,1467
371,1468
391,1469
139,1471
322,1472
101,1473
193,1476
145,1479
97,1479
195,1487
290,1488
67,1491
132,1492
300,1505
481,1510
374,1511
30,1516
434,1520
313,1520
378,1522
215,1528
438,1530
252,1536
227,1542
9,1544
56,1546
23,1548
98,1561
49,1565
461,1566
41,1586
228,1597
232,1611
11,1623
291,1625
234,1631
323,1638
10,1642
265,1642
285,1643
99,1655
34,1655
182,1661
220,1665
364,1665
142,1667
229,1668
37,1685
177,1692
147,1694
314,1701
271,1717
246,1722
467,1722
45,1723
465,1741
354,1745
219,1750
335,1754
375,1772
400,1772
50,1773
464,1802
169,1808
474,1811
222,1818
259,1819
452,1829
299,1830
446,1837
258,1860
257,1867
260,1869
146,1895
221,1900
263,1907
79,1920
235,1923
217,1930
172,1955
358,1973
38,2000
334,2006
301,2007
181,2033
347,2036
498,2041
115,2046
43,2063
349,2097
423,2100
256,2153
276,2197
468,2208
218,2213
341,2239
173,2250
131,2267
171,2270
456,2291
68,2294
360,2330
174,2361
470,2383
138,2491
372,2496
189,2522
243,2546
353,2553
242,2555
69,2676
183,2706
462,2725
152,2804
295,2830
297,2853
71,2862

simblock.block.ProofOfWorkBlock@6b1007c:47
405,0
321,151
16,208
477,272
44,302
460,329
352,368
492,372
211,386
332,421
309,424
278,433
490,445
214,451
51,478
224,479
64,485
266,495
459,505
53,508
167,516
250,529
156,535
303,535
368,543
287,553
63,554
140,562
1,568
31,576
164,577
62,582
315,585
135,591
24,592
369,595
116,597
294,601
94,603
36,610
186,611
7,618
118,630
82,632
255,633
351,634
58,636
440,640
212,647
89,647
305,647
282,653
357,654
28,657
447,659
78,663
366,668
21,669
161,670
493,682
343,684
414,686
306,687
408,688
105,688
345,690
84,694
205,696
95,697
476,704
203,705
333,706
122,708
494,712
103,714
344,714
176,715
154,717
230,717
482,721
484,721
336,722
12,730
310,736
428,736
127,736
163,740
100,740
457,741
312,742
262,744
210,744
319,746
202,746
466,749
339,751
261,752
472,753
286,755
110,758
40,761
113,761
54,762
485,763
473,764
308,767
158,772
487,773
420,774
201,775
93,778
478,778
413,778
489,779
488,780
433,785
449,785
415,786
157,786
469,788
70,791
367,791
402,793
340,795
22,796
129,797
338,797
475,799
427,799
194,801
307,801
337,803
419,803
206,804
453,805
121,808
430,809
25,810
170,811
483,811
91,813
328,814
39,815
279,819
407,820
491,820
392,820
143,823
406,825
399,830
304,831
439,831
178,833
302,835
60,835
373,836
200,837
77,838
248,838
162,839
425,839
19,840
185,843
356,844
61,844
389,846
496,847
450,852
85,852
196,855
137,855
298,855
190,857
445,860
458,861
451,863
417,863
18,864
13,865
443,865
27,866
199,867
72,867
272,871
435,874
270,876
264,878
327,879
346,880
208,882
500,883
148,883
88,890
437,892
499,894
204,895
320,895
363,895
377,896
432,896
92,901
66,901
471,903
233,903
412,909
409,909
401,910
293,911
426,912
393,914
29,920
448,922
267,923
160,930
348,931
128,932
4,935
226,940
454,941
410,942
283,949
57,951
350,952
213,958
289,959
422,960
179,960
168,962
55,967
26,969
136,971
107,971
149,979
180,983
8,984
292,985
47,991
239,992
216,998
3,1000
470,1001
480,1006
231,1007
275,1008
109,1014
253,1023
108,1023
274,1025
112,1026
130,1031
5,1033
56,1036
237,1037
434,1038
441,1041
396,1049
11,1050
191,1052
382,1053
153,1065
238,1066
424,1067
106,1067
353,1068
388,1079
133,1080
37,1080
90,1080
387,1083
182,1084
384,1095
126,1097
429,1100
301,1103
497,1105
87,1106
436,1112
359,1113
254,1120
86,1122
222,1123
184,1124
228,1125
177,1128
463,1138
169,1139
225,1139
330,1141
59,1142
342,1149
165,1150
48,1151
349,1154
52,1158
159,1161
418,1161
316,1168
102,1184
80,1184
326,1186
361,1186
318,1187
155,1198
117,1201
379,1209
150,1209
411,1209
120,1213
240,1215
269,1217
220,1223
74,1224
325,1226
324,1227
144,1238
247,1238
15,1239
370,1240
313,1245
468,1252
438,1255
311,1258
14,1258
218,1258
6,1259
175,1264
35,1274
17,1275
280,1280
76,1284
147,1295
383,1296
317,1297
446,1298
442,1299
479,1299
166,1303
123,1310
151,1316
101,1319
386,1322
97,1322
465,1325
119,1331
291,1331
268,1351
32,1353
347,1356
462,1356
139,1361
227,1364
221,1376
124,1379
398,1380
257,1382
378,1391
83,1393
215,1393
9,1405
249,1407
416,1412
68,1414
73,1415
134,1423
30,1425
65,1430
34,1431
299,1433
188,1437
290,1446
498,1446
455,1448
431,1457
362,1468
444,1473
256,1475
132,1476
244,1477
198,1477
390,1489
251,1490
229,1492
273,1493
131,1495
236,1500
111,1503
138,1513
395,1517
20,1520
189,1522
391,1527
2,1529
46,1532
335,1543
98,1545
232,1552
277,1552
297,1553
242,1565
114,1587
365,1605
271,1610
142,1616
181,1630
400,1632
207,1639
23,1643
495,1645
33,1650
474,1650
75,1651
192,1660
146,1661
323,1662
141,1663
241,1667
380,1672
461,1677
404,1682
171,1694
452,1698
354,1706
314,1721
79,1730
197,1731
10,1743
375,1749
152,1774
49,1782
372,1787
243,1792
193,1795
358,1800
276,1800
374,1813
341,1816
329,1819
285,1820
397,1821
385,1832
219,1837
235,1842
381,1850
252,1869
403,1907
41,1922
265,1942
456,1944
172,1968
295,1989
376,1991
421,1997
300,2002
217,2015
258,2024
467,2053
364,2073
43,2077
260,2083
42,2083
296,2100
423,2106
99,2113
360,2153
209,2166
464,2170
245,2195
263,2250
223,2276
371,2284
187,2336
50,2359
67,2366
486,2367
284,2369
195,2382
115,2445
288,2455
355,2506
234,2539
334,2572
45,2576
174,2657
322,2669
394,2715
246,2740
81,2791
96,2890
173,2915
481,2960
183,2998
331,3068
104,3074
281,3238
145,3358
38,3523
125,3656
259,3821
71,3960
69,4300

simblock.block.ProofOfWorkBlock@59543e69:48
33,0
300,214
132,306
397,394
131,431
273,480
177,513
35,532
301,561
292,615
464,617
376,636
285,649
159,652
394,697
424,700
355,702
384,724
365,731
470,746
182,747
416,756
298,781
130,785
134,786
249,794
192,808
237,828
361,830
325,841
317,863
468,868
114,874
370,875
215,878
281,879
347,887
75,889
454,907
56,910
331,921
463,922
479,928
381,937
462,940
238,941
6,945
362,951
323,953
289,955
111,960
497,967
218,982
396,982
109,1000
358,1003
76,1005
329,1010
269,1013
112,1018
19,1020
74,1021
383,1033
187,1033
254,1036
150,1037
85,1050
404,1051
388,1052
390,1052
405,1053
77,1063
412,1063
166,1064
353,1068
42,1068
197,1071
73,1082
231,1082
411,1083
97,1084
82,1086
17,1088
342,1097
52,1099
37,1101
144,1101
198,1102
251,1103
26,1105
208,1106
327,1109
14,1111
291,1112
46,1114
31,1116
126,1120
188,1123
213,1124
156,1128
277,1131
179,1133
120,1134
316,1134
495,1150
235,1152
490,1153
465,1154
165,1156
117,1156
96,1169
313,1169
191,1171
429,1177
436,1177
455,1180
47,1181
431,1185
438,1186
108,1187
380,1187
220,1187
169,1187
228,1192
49,1192
349,1192
167,1196
239,1200
149,1202
5,1204
477,1204
240,1213
25,1213
255,1225
202,1227
485,1231
119,1234
234,1235
257,1238
245,1240
435,1240
102,1242
141,1243
418,1243
403,1244
87,1252
387,1252
398,1252
20,1256
147,1256
406,1257
460,1257
278,1258
140,1263
496,1267
44,1267
486,1269
59,1269
444,1271
32,1271
258,1271
209,1273
124,1273
244,1275
222,1276
65,1277
133,1283
15,1284
160,1286
48,1286
499,1288
350,1288
318,1288
178,1289
359,1290
472,1290
241,1293
312,1297
279,1297
224,1298
247,1303
4,1306
176,1308
90,1308
66,1313
483,1315
315,1323
83,1326
162,1326
427,1327
446,1328
205,1332
457,1337
101,1342
480,1347
450,1347
328,1347
294,1348
181,1350
326,1352
469,1355
106,1355
175,1355
110,1356
338,1366
280,1366
151,1370
57,1371
268,1375
343,1378
203,1379
2,1381
212,1386
154,1391
236,1392
7,1393
434,1400
421,1401
13,1403
287,1403
330,1404
163,1421
382,1422
491,1423
80,1426
29,1427
385,1427
340,1433
415,1435
346,1438
60,1439
336,1441
116,1444
267,1445
262,1447
157,1449
445,1450
54,1451
21,1452
190,1454
379,1455
121,1456
170,1457
86,1461
484,1461
118,1461
225,1462
366,1462
22,1464
419,1464
337,1466
488,1472
122,1475
95,1476
368,1477
489,1480
185,1485
253,1487
345,1491
428,1497
448,1501
356,1509
414,1510
93,1511
401,1514
27,1518
186,1521
248,1522
393,1527
28,1529
441,1544
433,1545
442,1551
61,1551
451,1552
11,1555
107,1563
471,1565
332,1565
413,1569
206,1569
123,1577
319,1580
125,1582
351,1583
78,1584
230,1587
352,1588
94,1596
265,1605
408,1610
422,1611
18,1612
127,1617
402,1620
375,1620
189,1623
3,1623
432,1624
1,1624
168,1626
357,1630
63,1633
214,1634
288,1634
196,1635
307,1635
137,1636
51,1638
425,1638
286,1639
129,1641
261,1642
143,1650
50,1650
161,1650
184,1650
410,1651
64,1651
473,1657
136,1668
72,1675
339,1682
128,1684
367,1685
266,1686
142,1691
242,1692
478,1694
321,1699
309,1706
250,1709
439,1710
98,1713
10,1722
297,1728
324,1728
487,1729
389,1732
153,1740
164,1743
417,1743
195,1752
45,1753
193,1758
272,1759
423,1764
500,1769
204,1777
276,1780
16,1787
274,1790
459,1796
443,1799
8,1803
216,1806
199,1806
453,1811
194,1816
89,1816
260,1817
40,1824
88,1824
344,1825
426,1826
492,1827
146,1828
271,1831
158,1835
461,1837
482,1850
201,1856
200,1864
275,1865
458,1876
68,1879
360,1880
34,1882
103,1883
139,1884
399,1889
437,1895
221,1896
232,1901
84,1913
430,1914
386,1914
210,1916
43,1942
475,1947
420,1960
171,1966
334,1970
494,1971
148,1979
374,1982
283,1982
348,1983
155,1984
303,1985
369,1986
62,1991
295,2002
67,2007
407,2011
304,2013
306,2035
377,2053
174,2054
24,2059
113,2067
223,2069
474,2075
378,2083
392,2087
481,2089
409,2090
335,2135
305,2146
152,2153
270,2157
211,2159
99,2161
308,2161
12,2162
363,2164
105,2164
400,2167
229,2184
466,2200
172,2200
39,2209
354,2213
372,2229
100,2244
314,2248
290,2250
233,2261
263,2304
41,2307
173,2308
115,2310
36,2319
135,2333
311,2334
38,2334
476,2335
92,2336
58,2338
23,2338
282,2369
70,2378
243,2399
9,2454
341,2458
395,2462
30,2491
449,2492
296,2498
440,2512
333,2514
293,2516
226,2529
55,2543
447,2553
104,2556
364,2557
138,2570
299,2646
320,2667
302,2688
322,2703
493,2704
252,2712
91,2720
371,2753
79,2769
81,2806
456,2808
256,2818
373,2850
264,2864
310,2888
391,2897
180,2903
69,2964
217,3012
53,3038
259,3052
207,3066
246,3067
467,3130
498,3160
227,3217
71,3259
145,3261
284,3321
183,3499
219,3752
452,4006

simblock.block.ProofOfWorkBlock@27b48e01:49
235,0
431,227
222,313
331,397
277,449
96,479
90,533
245,534
355,613
108,615
281,621
366,674
112,677
404,696
298,700
394,701
291,705
403,753
358,753
251,765
37,779
56,789
268,791
97,836
495,840
103,840
273,843
329,843
469,843
53,848
289,852
398,861
215,873
5,876
158,896
249,900
147,916
361,917
234,917
301,923
421,923
80,926
238,926
424,927
144,930
317,936
411,949
206,956
384,960
151,969
257,974
385,975
28,976
119,983
117,985
211,988
332,997
101,999
347,1001
370,1006
323,1007
218,1008
191,1008
463,1011
177,1012
166,1014
327,1017
262,1018
18,1023
198,1023
19,1043
170,1044
124,1045
94,1053
134,1056
165,1057
209,1060
497,1062
33,1063
342,1070
418,1070
258,1070
479,1073
304,1077
480,1084
397,1091
269,1091
356,1092
444,1093
76,1097
320,1098
244,1098
303,1101
73,1101
240,1101
267,1104
326,1105
353,1106
499,1107
416,1107
472,1113
163,1123
150,1124
63,1126
446,1139
408,1140
442,1140
343,1143
477,1144
325,1146
26,1146
159,1152
236,1153
52,1153
87,1155
274,1158
261,1159
15,1162
88,1163
351,1163
462,1165
285,1166
132,1167
293,1167
141,1169
412,1172
46,1172
181,1174
66,1175
203,1176
470,1177
300,1181
490,1183
220,1185
109,1185
65,1186
483,1188
365,1190
35,1195
315,1197
128,1197
468,1200
196,1200
160,1201
359,1201
58,1203
308,1205
72,1218
459,1219
309,1219
2,1221
319,1223
204,1225
13,1226
187,1229
25,1231
381,1232
237,1233
149,1234
175,1236
197,1237
75,1239
488,1242
156,1248
83,1248
182,1249
47,1252
306,1256
349,1257
402,1258
350,1260
131,1261
111,1262
383,1265
21,1265
62,1275
118,1275
438,1276
129,1276
409,1276
388,1278
6,1283
275,1285
316,1285
427,1287
441,1287
8,1287
494,1289
380,1294
192,1295
202,1299
169,1301
123,1304
376,1308
120,1311
401,1319
106,1320
225,1320
126,1321
428,1325
443,1328
74,1330
91,1330
253,1330
16,1331
228,1331
445,1336
473,1339
20,1339
247,1340
157,1341
199,1342
95,1344
338,1344
486,1344
31,1345
426,1354
318,1355
346,1356
85,1357
440,1358
348,1358
330,1361
382,1364
344,1366
368,1367
14,1379
369,1383
435,1383
396,1384
455,1388
130,1388
464,1390
280,1394
114,1395
311,1395
188,1395
22,1398
255,1401
116,1404
102,1407
313,1412
419,1413
254,1421
407,1422
460,1423
200,1424
430,1425
264,1425
436,1426
406,1427
205,1428
224,1436
294,1441
84,1446
450,1451
405,1451
89,1455
230,1455
476,1456
453,1461
272,1467
390,1473
12,1475
279,1475
292,1477
226,1479
137,1479
336,1487
457,1495
40,1504
214,1506
57,1507
422,1507
51,1508
493,1508
59,1510
278,1511
352,1511
4,1513
367,1515
241,1518
429,1519
282,1521
328,1522
413,1523
485,1530
127,1531
333,1531
321,1534
121,1536
447,1540
155,1542
434,1543
164,1544
392,1549
168,1560
105,1568
48,1570
162,1571
310,1571
32,1577
77,1586
475,1587
425,1593
363,1598
420,1599
178,1599
17,1601
1,1605
107,1605
266,1605
100,1606
29,1612
454,1618
487,1620
374,1621
11,1621
307,1624
386,1626
393,1629
287,1632
10,1650
389,1651
79,1651
36,1654
467,1655
377,1667
64,1671
500,1678
312,1679
286,1681
148,1682
432,1684
183,1685
167,1689
283,1691
239,1691
433,1692
489,1694
125,1699
122,1704
161,1704
153,1705
69,1706
38,1706
474,1709
44,1710
194,1714
492,1714
288,1718
250,1719
243,1720
302,1724
256,1728
439,1742
375,1747
297,1748
154,1750
195,1750
146,1750
99,1753
387,1759
180,1760
252,1760
3,1781
448,1782
133,1785
43,1793
231,1794
417,1797
61,1798
233,1803
340,1807
82,1826
265,1829
98,1840
9,1846
379,1853
414,1853
86,1857
296,1858
190,1862
213,1864
337,1864
456,1872
208,1872
299,1873
176,1876
39,1879
54,1884
184,1891
70,1895
24,1897
491,1898
461,1900
92,1901
41,1902
259,1918
260,1926
229,1929
410,1933
113,1940
458,1956
145,1962
34,1964
324,1965
93,1967
271,1970
136,1980
437,1981
395,1987
246,1997
360,1997
71,1998
232,2002
60,2004
465,2023
415,2031
78,2038
139,2043
207,2048
357,2050
372,2058
276,2066
295,2067
466,2068
135,2083
449,2091
174,2102
172,2106
399,2113
68,2123
23,2125
371,2133
478,2133
104,2134
221,2135
305,2154
373,2155
152,2190
210,2191
49,2195
138,2202
179,2217
110,2224
50,2240
471,2259
185,2265
186,2298
27,2309
193,2318
481,2320
482,2328
201,2331
212,2368
42,2377
423,2383
217,2384
7,2405
143,2410
216,2432
248,2440
334,2451
484,2506
496,2507
115,2536
362,2553
335,2566
227,2569
345,2582
339,2584
498,2589
451,2607
284,2620
189,2640
223,2655
354,2708
173,2746
140,2756
219,2784
55,2790
45,2796
378,2818
391,2818
242,2836
290,2873
270,2969
314,3007
364,3015
81,3047
400,3066
30,3082
67,3217
142,3256
171,3267
322,3329
341,3469
263,3765
452,4019

simblock.block.ProofOfWorkBlock@3ebaf574:50
322,0
242,392
400,548
98,694
378,781
271,840
276,930
288,945
146,1011
74,1099
38,1157
217,1170
218,1190
79,1232
71,1262
446,1288
145,1304
102,1323
43,1358
108,1359
19,1404
240,1407
314,1408
139,1426
375,1460
117,1486
215,1504
20,1520
181,1521
349,1547
423,1555
372,1559
50,1561
9,1566
14,1566
341,1574
115,1579
486,1591
149,1592
403,1614
144,1616
166,1623
495,1624
281,1625
436,1631
68,1642
222,1672
444,1679
241,1691
52,1697
394,1699
424,1708
462,1710
380,1716
80,1722
131,1727
232,1730
119,1742
259,1745
73,1762
497,1780
35,1781
465,1783
292,1788
298,1790
67,1796
228,1808
297,1814
150,1815
48,1816
112,1822
438,1824
238,1825
165,1827
390,1834
234,1841
5,1845
291,1845
404,1851
245,1853
420,1854
223,1864
192,1865
75,1866
26,1869
331,1879
280,1882
273,1883
2,1883
294,1884
409,1890
175,1890
37,1891
101,1896
244,1897
83,1900
147,1900
169,1906
482,1910
480,1922
109,1922
42,1922
269,1927
355,1930
416,1932
197,1933
182,1938
15,1940
207,1943
123,1944
34,1944
159,1945
452,1957
456,1957
317,1959
431,1966
251,1968
342,1971
235,1974
429,1984
335,1985
247,1986
99,1988
343,1989
396,2000
433,2004
379,2005
130,2006
90,2011
373,2011
237,2016
54,2016
414,2017
301,2019
300,2028
27,2028
47,2028
334,2037
63,2040
494,2042
285,2043
185,2045
326,2050
385,2051
398,2055
418,2057
93,2057
120,2061
422,2063
3,2063
178,2064
7,2064
6,2074
46,2074
382,2080
455,2082
316,2085
473,2085
11,2085
55,2085
362,2086
195,2093
76,2094
49,2096
16,2102
434,2108
239,2108
479,2109
440,2110
204,2112
164,2116
157,2118
32,2119
8,2120
105,2125
353,2126
263,2128
384,2131
66,2145
225,2145
426,2149
411,2157
464,2162
377,2168
427,2175
141,2177
274,2184
311,2185
475,2189
29,2190
407,2190
410,2190
60,2191
466,2194
58,2198
17,2207
128,2208
249,2214
124,2216
415,2217
160,2219
463,2220
346,2221
329,2223
176,2225
212,2228
177,2234
453,2234
53,2238
308,2239
107,2240
470,2245
82,2254
72,2260
435,2268
391,2279
366,2280
336,2281
472,2284
88,2287
345,2287
272,2289
363,2290
248,2291
201,2292
348,2294
254,2296
318,2301
323,2306
65,2307
199,2308
126,2309
359,2313
477,2322
161,2322
203,2323
23,2327
209,2334
299,2334
289,2345
87,2347
18,2348
258,2349
194,2351
483,2351
137,2352
96,2359
78,2364
279,2365
28,2366
163,2368
430,2372
129,2375
4,2380
64,2383
265,2390
389,2391
337,2392
293,2392
122,2394
484,2397
85,2397
327,2405
499,2407
392,2414
306,2416
449,2423
367,2426
451,2430
467,2433
421,2435
1,2442
485,2443
219,2446
356,2453
309,2455
267,2456
419,2458
110,2464
100,2468
360,2469
69,2470
413,2470
445,2471
319,2471
134,2474
468,2479
376,2491
487,2498
457,2500
425,2500
142,2506
358,2506
138,2507
156,2525
492,2525
30,2526
364,2533
151,2539
498,2543
167,2545
95,2546
315,2548
344,2549
330,2551
474,2553
33,2557
22,2559
496,2563
200,2568
277,2572
253,2584
386,2589
383,2589
170,2592
198,2607
135,2608
365,2610
184,2617
354,2619
94,2620
59,2627
174,2628
454,2629
295,2633
62,2634
286,2636
173,2646
91,2652
369,2654
450,2655
313,2665
287,2678
31,2679
41,2685
458,2697
114,2698
328,2702
193,2719
205,2721
152,2721
387,2722
89,2728
158,2728
303,2729
171,2734
21,2737
97,2741
125,2748
428,2756
361,2767
113,2776
459,2778
39,2794
283,2804
441,2812
461,2815
268,2835
202,2852
229,2856
333,2857
332,2868
290,2873
25,2874
191,2874
221,2880
40,2884
347,2884
216,2894
476,2903
304,2906
224,2914
351,2924
132,2925
284,2936
260,2947
121,2955
469,2957
44,2960
77,2972
481,2977
190,2991
252,2991
320,2998
220,3003
61,3031
210,3031
231,3033
417,3038
275,3055
213,3067
180,3077
57,3078
227,3104
255,3105
257,3146
278,3146
236,3167
460,3172
45,3179
302,3181
172,3185
325,3187
118,3189
92,3191
397,3218
490,3222
13,3223
196,3259
127,3264
443,3267
371,3282
305,3301
296,3329
406,3330
226,3334
51,3342
189,3355
262,3360
155,3366
230,3381
183,3389
388,3405
243,3418
187,3447
136,3474
352,3490
206,3493
339,3517
338,3520
12,3522
393,3526
10,3531
153,3543
36,3559
104,3577
439,3598
168,3614
357,3632
103,3635
256,3639
307,3654
188,3659
70,3664
111,3669
488,3678
442,3706
81,3766
448,3790
266,3794
324,3823
246,3825
140,3864
500,3893
56,3966
491,3966
116,3969
282,3969
402,3971
133,3978
208,4093
270,4100
186,4127
408,4163
106,4226
250,4244
179,4268
24,4270
264,4284
321,4315
471,4393
261,4431
370,4495
154,4579
412,4582
447,4582
310,4600
399,4662
432,4728
381,4754
148,4884
401,4886
214,4889
143,4956
405,5010
211,5057
312,5188
368,5188
489,5304
84,5355
437,5363
233,5485
395,5574
162,5652
493,5655
374,5870
350,5951
86,6249
478,6546
340,6848

simblock.block.ProofOfWorkBlock@22668902:51
369,0
57,149
483,209
366,268
447,308
211,325
160,360
72,367
286,382
410,416
64,417
279,424
188,458
476,475
405,479
103,481
157,493
340,509
406,515
270,516
156,535
208,536
196,538
22,543
449,551
329,556
451,565
230,570
58,574
338,575
336,578
417,581
477,594
315,595
8,600
85,605
459,608
414,613
267,623
168,626
16,629
170,629
333,632
422,634
321,636
255,648
155,649
264,651
262,654
368,656
441,656
401,661
54,663
213,665
408,666
78,669
55,670
236,679
343,683
180,683
167,684
274,687
153,687
402,690
419,690
86,692
346,694
490,698
186,705
320,708
107,708
304,711
387,712
194,712
201,713
399,717
39,720
445,720
427,721
27,724
472,727
124,727
70,730
60,733
325,735
420,736
460,739
118,739
137,739
457,741
330,744
303,744
51,747
278,747
250,749
204,750
18,753
110,753
53,757
357,759
140,763
487,765
428,768
31,769
491,773
25,774
418,775
453,778
113,779
351,779
29,781
328,782
367,783
283,783
61,785
430,786
161,786
415,789
44,790
143,790
92,790
82,791
248,796
94,797
190,799
496,801
95,802
154,803
121,805
485,805
363,807
199,808
489,810
93,810
261,811
1,812
348,813
231,813
7,814
377,814
63,815
337,816
253,817
293,819
466,823
12,824
62,829
233,830
214,830
127,834
308,835
450,836
454,837
319,838
164,839
266,841
352,841
128,842
433,842
200,843
473,844
448,844
216,844
133,846
28,847
77,847
36,847
386,849
332,849
310,851
134,856
148,857
344,857
129,858
350,860
488,862
84,862
499,863
135,864
13,864
302,864
435,865
484,866
492,867
356,869
345,870
439,871
275,871
3,872
311,872
494,875
203,876
116,877
149,877
210,879
458,884
389,885
91,890
500,892
339,894
412,896
224,897
493,897
184,898
239,900
413,903
66,903
4,903
393,905
291,907
287,910
358,910
162,910
294,911
409,914
327,919
309,920
475,920
136,921
373,922
88,923
176,927
282,927
440,930
307,930
272,931
105,933
462,939
471,940
109,943
100,951
179,953
40,953
185,954
24,955
324,958
305,964
355,969
226,970
301,971
112,977
178,981
17,983
73,984
443,987
89,988
312,990
407,997
392,1008
306,1011
117,1011
426,1020
468,1023
416,1027
222,1028
205,1029
292,1032
425,1033
463,1050
106,1052
228,1056
212,1065
285,1066
482,1067
6,1071
182,1081
384,1081
144,1085
432,1086
19,1090
59,1094
396,1096
32,1096
119,1100
132,1101
101,1102
26,1112
151,1116
177,1120
206,1123
249,1124
273,1128
122,1130
382,1135
237,1135
83,1138
486,1141
37,1151
404,1152
464,1153
15,1153
316,1158
191,1159
349,1160
11,1160
469,1161
240,1164
421,1165
342,1167
114,1177
202,1180
33,1182
394,1183
14,1184
323,1185
76,1189
478,1192
383,1193
87,1193
429,1196
123,1199
390,1202
56,1202
280,1203
169,1206
361,1206
380,1208
497,1209
444,1210
90,1211
381,1211
220,1212
192,1213
74,1215
131,1220
108,1221
281,1224
159,1227
35,1239
21,1240
431,1241
80,1243
163,1249
175,1251
75,1252
353,1256
365,1258
241,1266
331,1266
479,1271
5,1274
254,1286
318,1289
120,1293
158,1297
141,1298
437,1306
150,1308
411,1309
359,1317
258,1325
147,1330
209,1331
403,1333
126,1351
298,1351
438,1353
138,1368
317,1370
97,1371
52,1372
102,1378
245,1381
218,1390
165,1397
334,1398
446,1402
47,1409
495,1410
48,1423
470,1426
96,1426
215,1430
187,1436
67,1439
442,1441
207,1441
43,1447
242,1448
171,1454
347,1461
23,1468
371,1470
49,1477
395,1483
232,1485
288,1485
376,1498
30,1501
455,1501
397,1504
341,1505
225,1509
198,1520
251,1522
370,1523
172,1530
9,1542
259,1547
456,1552
130,1560
247,1563
189,1563
436,1568
146,1573
360,1574
461,1577
290,1585
34,1589
79,1592
424,1595
313,1600
391,1600
20,1606
354,1619
452,1627
480,1630
268,1651
378,1652
284,1656
375,1659
300,1670
65,1674
244,1677
434,1680
41,1695
238,1696
423,1716
229,1720
295,1722
364,1722
181,1736
398,1779
257,1783
269,1785
99,1797
252,1807
139,1808
183,1810
2,1823
465,1826
227,1827
173,1828
68,1835
326,1845
152,1849
166,1850
221,1853
197,1854
219,1856
265,1871
335,1944
314,1946
263,1972
193,1975
50,1979
256,1983
46,1992
379,1998
217,2011
142,2021
388,2032
38,2068
246,2068
98,2089
174,2094
474,2095
81,2134
223,2158
111,2167
42,2167
115,2177
69,2196
10,2228
299,2234
276,2256
260,2271
400,2305
271,2311
498,2320
362,2339
385,2343
45,2368
145,2425
467,2440
277,2508
289,2513
243,2595
297,2620
235,2680
71,2734
374,2799
234,2851
372,2960
125,3035
296,3097
195,3386
104,3674
322,3958
481,4241

simblock.block.ProofOfWorkBlock@32bec762:52
114,0
159,225
131,443
339,497
289,527
49,612
264,644
300,667
84,679
118,703
479,749
277,753
366,767
427,792
283,799
205,823
233,829
182,834
35,837
436,841
336,852
412,866
66,866
294,879
33,884
168,895
443,908
497,918
392,920
342,923
215,924
124,924
157,935
128,944
204,948
312,953
162,968
448,968
192,970
465,972
367,974
103,977
435,980
317,986
457,995
169,1000
261,1003
230,1004
361,1005
175,1008
164,1014
483,1014
18,1022
202,1025
185,1031
206,1034
344,1035
210,1038
97,1051
153,1053
177,1053
186,1053
325,1054
59,1054
2,1060
25,1064
353,1068
148,1070
143,1073
253,1076
356,1079
93,1079
121,1082
137,1085
29,1086
494,1090
214,1094
178,1094
262,1095
92,1097
170,1101
176,1103
397,1107
80,1109
88,1111
179,1116
458,1123
61,1123
409,1127
70,1128
86,1130
495,1133
449,1134
75,1134
499,1137
194,1137
415,1137
7,1137
340,1139
244,1139
51,1139
476,1141
44,1142
150,1143
57,1143
14,1143
19,1145
167,1146
257,1148
365,1151
477,1151
393,1153
455,1153
441,1154
13,1156
140,1156
352,1160
478,1161
489,1169
136,1170
199,1171
493,1172
272,1176
320,1176
330,1177
310,1177
363,1181
8,1184
386,1187
77,1188
343,1189
120,1190
188,1190
163,1193
269,1193
116,1195
24,1195
466,1196
275,1197
301,1197
304,1199
407,1199
127,1200
338,1202
324,1202
47,1205
196,1208
417,1214
303,1214
480,1216
384,1217
123,1220
267,1220
500,1223
94,1224
328,1225
379,1226
209,1227
248,1227
440,1229
203,1229
108,1231
398,1231
112,1232
485,1233
437,1233
349,1234
438,1235
274,1236
141,1238
239,1244
28,1245
337,1246
439,1246
351,1248
484,1249
27,1253
293,1254
309,1257
180,1257
82,1261
410,1262
64,1264
212,1264
1,1265
258,1269
91,1271
390,1273
56,1273
430,1276
166,1279
482,1279
73,1280
433,1280
273,1281
95,1281
218,1284
85,1285
411,1287
323,1288
321,1291
460,1293
122,1294
266,1294
376,1299
445,1301
83,1301
119,1301
394,1301
156,1302
231,1303
241,1308
15,1308
475,1309
469,1312
331,1312
350,1313
381,1316
268,1316
404,1317
279,1319
129,1321
200,1322
226,1323
464,1328
54,1328
12,1329
22,1338
401,1340
255,1347
491,1350
249,1352
134,1355
208,1355
113,1356
327,1356
487,1359
250,1361
237,1362
240,1363
285,1366
78,1370
358,1371
11,1371
254,1372
425,1373
292,1375
126,1376
245,1378
311,1379
432,1380
450,1385
100,1386
132,1391
102,1396
251,1399
486,1403
133,1405
424,1410
387,1411
319,1413
40,1415
107,1418
399,1424
413,1430
130,1432
76,1434
471,1436
496,1438
380,1440
318,1441
408,1443
158,1445
144,1448
220,1451
431,1456
26,1459
329,1459
473,1472
291,1473
281,1473
109,1473
315,1474
406,1474
403,1475
5,1478
198,1481
191,1481
426,1486
468,1487
6,1492
490,1500
488,1502
428,1503
434,1504
32,1506
197,1508
429,1512
298,1520
388,1523
422,1524
87,1530
58,1530
224,1531
326,1534
247,1536
316,1541
454,1544
446,1549
385,1551
280,1556
368,1558
492,1558
369,1560
332,1562
165,1576
17,1576
154,1578
37,1580
462,1583
190,1587
470,1587
52,1591
101,1597
31,1606
396,1608
3,1609
46,1612
48,1615
228,1625
416,1628
106,1632
117,1633
149,1633
355,1637
74,1640
225,1644
65,1648
16,1648
160,1650
135,1656
287,1664
335,1677
463,1683
142,1690
72,1697
302,1703
414,1705
382,1708
278,1717
79,1718
4,1721
187,1722
378,1725
362,1730
211,1735
138,1737
238,1755
307,1767
222,1767
105,1771
297,1775
260,1776
207,1778
347,1782
227,1785
252,1785
402,1787
276,1789
151,1791
9,1793
111,1794
195,1797
370,1807
172,1808
348,1823
201,1825
104,1832
55,1834
346,1834
161,1845
139,1856
296,1870
467,1872
10,1876
377,1877
481,1877
155,1878
60,1880
444,1882
305,1896
125,1896
234,1900
271,1902
38,1902
372,1903
21,1908
171,1913
221,1915
152,1920
383,1924
96,1943
50,1949
313,1959
68,1967
90,1969
359,1975
20,1977
115,1998
357,2001
389,2004
229,2007
374,2009
420,2010
216,2011
360,2019
189,2023
23,2045
308,2052
442,2057
472,2058
246,2068
373,2070
474,2071
42,2075
400,2079
354,2085
405,2085
181,2095
145,2115
147,2149
364,2154
421,2156
282,2183
265,2185
270,2185
334,2189
345,2191
99,2213
36,2225
418,2230
286,2238
235,2246
193,2257
453,2258
41,2262
71,2273
456,2294
69,2303
423,2308
173,2325
43,2363
447,2365
306,2373
30,2382
34,2398
110,2403
53,2417
395,2428
213,2450
243,2451
174,2472
259,2476
232,2528
451,2541
217,2544
498,2554
263,2574
63,2580
89,2593
295,2613
184,2624
375,2647
371,2658
242,2665
391,2700
314,2710
183,2714
39,2759
419,2767
236,2799
341,2804
219,2824
461,2825
322,2836
290,2861
459,2934
62,2941
81,2951
299,2957
146,3016
452,3054
288,3054
333,3129
45,3140
223,3250
284,3302
67,3306
256,3390
98,3553

simblock.block.ProofOfWorkBlock@37619bfe:53
174,0
263,363
290,529
299,754
380,790
456,900
219,934
19,1008
362,1040
284,1046
172,1081
442,1102
207,1150
123,1184
232,1198
259,1220
281,1225
429,1259
47,1268
5,1287
74,1307
41,1311
147,1326
189,1329
52,1343
365,1348
102,1351
50,1366
298,1391
220,1408
238,1431
329,1444
193,1445
480,1457
269,1466
104,1467
474,1475
331,1487
468,1490
396,1497
382,1504
73,1513
428,1524
444,1528
192,1531
301,1535
498,1540
246,1544
486,1550
109,1564
215,1569
139,1571
254,1572
349,1574
134,1574
385,1575
370,1587
145,1592
427,1594
462,1604
144,1610
117,1613
151,1628
96,1632
87,1632
251,1652
285,1657
446,1659
317,1661
327,1665
42,1671
62,1673
416,1675
120,1675
305,1684
82,1687
361,1688
438,1691
423,1691
128,1700
191,1708
83,1713
256,1720
46,1721
280,1732
335,1734
253,1735
465,1738
247,1739
234,1743
150,1743
25,1745
141,1746
26,1747
461,1751
418,1753
56,1757
257,1757
292,1758
421,1758
38,1762
85,1768
485,1771
390,1774
35,1780
318,1783
130,1785
470,1785
379,1794
17,1797
381,1799
389,1799
15,1803
206,1808
358,1810
294,1811
95,1819
132,1822
53,1825
240,1825
37,1829
108,1833
355,1833
325,1836
228,1837
187,1842
409,1843
448,1843
197,1844
403,1845
411,1856
366,1861
273,1864
453,1865
106,1866
61,1867
203,1868
260,1872
181,1875
126,1875
309,1876
131,1878
357,1881
479,1885
321,1887
402,1888
101,1890
99,1891
59,1893
383,1900
451,1902
404,1904
314,1909
111,1912
218,1917
333,1919
70,1922
343,1925
286,1927
353,1930
249,1931
268,1931
6,1934
283,1941
18,1945
88,1945
166,1946
387,1947
372,1950
13,1955
209,1959
4,1965
129,1972
261,1979
124,1980
90,1980
230,1982
217,1984
188,1987
60,1988
213,1991
97,1991
143,1995
326,1997
205,1998
352,2002
162,2004
84,2004
32,2004
278,2010
49,2010
58,2017
65,2019
313,2019
394,2020
121,2024
496,2024
384,2028
196,2032
14,2032
304,2035
244,2037
386,2040
419,2040
271,2040
412,2040
76,2041
175,2044
312,2047
282,2050
107,2052
310,2060
348,2061
266,2063
274,2065
122,2068
464,2070
493,2073
399,2080
401,2081
413,2087
195,2092
300,2094
425,2094
447,2096
359,2106
356,2107
204,2107
472,2114
116,2115
336,2116
320,2119
440,2121
222,2124
342,2126
28,2129
258,2136
148,2138
345,2141
75,2145
344,2146
287,2150
29,2170
330,2170
332,2173
488,2174
225,2175
457,2175
8,2179
297,2184
308,2185
153,2187
306,2198
392,2201
173,2204
376,2204
64,2209
322,2210
245,2210
224,2212
495,2213
432,2216
170,2216
473,2217
155,2225
100,2229
103,2229
471,2232
295,2233
276,2237
185,2238
270,2240
460,2240
324,2243
54,2245
226,2250
347,2251
289,2256
57,2258
275,2267
459,2271
34,2275
231,2277
194,2285
296,2287
33,2290
94,2291
303,2292
346,2292
445,2293
482,2294
237,2296
436,2300
186,2300
264,2302
161,2302
40,2303
80,2305
160,2308
241,2316
190,2317
272,2327
119,2330
27,2349
262,2352
140,2359
72,2364
233,2375
265,2380
239,2387
183,2387
149,2388
178,2391
481,2394
369,2397
455,2405
202,2405
430,2416
408,2418
248,2422
378,2423
395,2423
16,2429
229,2436
137,2444
323,2448
44,2448
417,2454
69,2456
250,2458
138,2462
243,2463
319,2469
77,2469
434,2471
267,2478
86,2480
9,2481
415,2481
291,2499
92,2499
340,2504
360,2511
23,2516
391,2517
135,2517
159,2519
492,2526
71,2526
334,2531
113,2532
81,2536
452,2546
199,2547
198,2551
476,2552
177,2560
43,2562
21,2567
252,2570
171,2585
48,2599
420,2601
212,2605
483,2605
142,2611
68,2619
67,2636
164,2636
182,2647
375,2647
66,2649
1,2653
377,2655
469,2663
211,2680
227,2685
200,2701
410,2703
400,2703
98,2704
165,2713
364,2720
11,2722
484,2725
339,2736
45,2743
458,2746
497,2759
288,2764
115,2771
302,2773
293,2776
112,2781
236,2816
30,2821
405,2827
31,2828
388,2831
184,2833
435,2833
467,2847
279,2858
125,2859
146,2866
114,2868
110,2871
152,2897
437,2899
494,2903
424,2907
443,2961
414,2999
477,3004
156,3007
463,3008
454,3011
328,3024
79,3027
277,3040
475,3049
154,3059
341,3070
201,3079
63,3093
20,3097
441,3107
242,3113
431,3134
221,3147
24,3157
316,3170
491,3184
223,3222
393,3253
2,3254
374,3294
439,3302
367,3312
398,3314
3,3330
180,3356
179,3397
235,3401
39,3408
169,3441
422,3447
36,3460
354,3466
10,3474
127,3600
167,3604
22,3620
407,3627
158,3635
210,3659
307,3700
397,3701
368,3703
255,3719
371,3727
157,3759
118,3802
478,3898
350,3926
450,3929
78,3956
133,3967
500,4000
12,4001
55,4013
449,4060
337,4160
351,4208
363,4230
315,4299
373,4300
426,4306
338,4312
214,4358
136,4522
490,4530
105,4599
487,4606
489,4612
91,4656
168,4830
208,4870
51,4896
311,4904
163,4919
7,5133
499,5195
176,5202
466,5222
89,5432
433,5492
93,5504
216,5581
406,5730

simblock.block.ProofOfWorkBlock@52d96382:54
348,0
402,153
93,209
85,265
413,311
133,321
239,359
447,372
450,377
18,412
415,416
392,430
116,437
214,460
210,471
77,475
368,476
426,491
425,511
190,516
261,522
264,531
343,531
202,531
490,542
196,547
408,565
110,568
266,570
338,572
278,578
366,581
122,587
168,588
31,589
459,591
148,603
178,605
35,606
345,616
310,622
344,622
233,623
61,624
352,626
176,632
57,637
204,638
493,644
328,649
309,649
346,658
230,662
51,663
336,670
91,671
482,672
208,676
393,680
211,682
8,682
487,683
430,684
185,685
113,686
412,687
319,689
188,694
55,697
137,702
475,703
363,704
286,706
22,716
389,717
457,718
458,719
401,720
28,721
453,725
155,727
84,728
44,729
29,732
60,734
305,736
476,738
303,738
454,739
92,739
492,739
337,740
330,741
399,742
369,742
311,742
88,744
274,745
333,751
201,752
489,762
153,765
440,766
473,769
27,772
194,773
62,774
7,774
224,774
315,776
253,777
287,777
267,781
428,781
82,782
37,782
282,783
78,785
64,789
312,790
72,791
414,791
164,794
255,795
422,796
432,796
499,796
100,798
308,798
437,799
283,800
406,801
25,801
203,803
179,807
275,811
270,812
500,813
161,813
162,818
483,819
70,821
26,821
409,822
15,823
350,824
496,824
367,831
136,831
460,832
4,833
373,833
477,833
53,835
466,836
89,836
205,837
471,837
167,838
320,838
121,839
306,841
66,841
231,842
443,843
184,845
433,846
124,847
449,851
236,852
472,852
118,855
95,856
419,858
365,858
339,859
212,859
494,861
448,868
407,868
491,870
272,870
427,870
127,871
128,871
451,878
410,880
405,880
356,880
435,884
340,884
442,884
16,889
324,892
478,893
213,894
54,894
321,896
439,896
94,897
445,897
105,897
387,898
21,898
107,899
180,901
3,903
417,905
143,908
14,909
279,909
156,913
157,916
86,918
170,919
323,919
39,921
269,921
304,922
293,923
135,924
488,928
485,931
226,931
250,932
307,936
160,940
302,941
24,942
154,952
151,955
441,957
377,957
294,961
403,969
40,976
186,978
158,979
464,981
36,985
12,989
200,993
49,995
140,997
169,1002
289,1004
351,1004
386,1009
163,1014
13,1017
198,1028
175,1032
248,1035
199,1036
384,1036
103,1045
357,1047
479,1055
390,1055
420,1056
468,1057
63,1065
56,1071
251,1072
206,1079
318,1079
332,1081
254,1082
486,1084
6,1086
416,1087
111,1089
316,1090
134,1093
150,1098
327,1101
429,1101
431,1102
97,1104
182,1114
1,1116
83,1119
495,1122
75,1122
438,1127
370,1130
280,1131
59,1134
484,1136
385,1137
301,1139
349,1140
331,1141
129,1143
300,1150
397,1151
73,1152
79,1161
480,1162
326,1163
177,1167
347,1171
147,1171
418,1174
218,1177
462,1178
74,1181
329,1183
262,1193
228,1197
342,1198
131,1204
130,1204
258,1205
292,1206
241,1208
424,1216
247,1217
120,1217
362,1218
20,1219
359,1219
47,1225
237,1227
108,1227
132,1230
388,1234
17,1236
220,1240
325,1243
245,1246
317,1250
48,1256
469,1256
382,1261
244,1266
463,1273
65,1275
470,1279
5,1282
353,1286
411,1290
273,1292
381,1298
117,1299
358,1304
298,1305
149,1308
436,1310
404,1310
249,1316
277,1321
380,1321
87,1323
90,1334
46,1347
240,1351
112,1356
58,1360
238,1365
444,1366
383,1376
291,1387
76,1388
395,1393
187,1398
455,1399
80,1406
398,1406
371,1412
33,1415
268,1418
361,1430
172,1443
191,1444
235,1451
166,1455
142,1457
334,1461
423,1467
434,1469
152,1471
379,1480
394,1481
71,1483
119,1487
81,1488
376,1490
30,1491
99,1492
181,1494
290,1501
221,1509
195,1516
209,1516
452,1518
355,1526
232,1531
189,1532
216,1535
256,1536
50,1549
34,1552
497,1552
192,1557
138,1559
171,1567
109,1575
141,1576
299,1582
114,1587
68,1587
146,1589
465,1590
481,1590
139,1592
446,1605
265,1616
32,1618
260,1623
313,1626
23,1638
281,1645
396,1654
400,1664
288,1675
125,1677
223,1677
229,1692
96,1696
101,1698
421,1726
225,1730
378,1736
159,1762
104,1776
242,1780
498,1791
165,1796
52,1796
219,1800
322,1801
102,1816
263,1817
335,1822
115,1823
197,1824
173,1832
243,1834
391,1847
106,1867
227,1868
215,1875
41,1884
374,1892
222,1901
183,1925
2,1936
295,1937
341,1962
19,1966
10,1982
42,1994
9,2020
285,2036
259,2076
207,2079
474,2101
11,2114
123,2136
354,2144
257,2166
174,2174
193,2182
296,2185
271,2271
234,2286
467,2365
375,2376
360,2377
276,2384
67,2419
38,2450
126,2458
456,2465
364,2471
314,2560
144,2628
145,2668
45,2674
69,2709
246,2735
43,2757
217,2845
252,2919
372,3015
284,3020
297,3051
461,3072
98,3203

simblock.block.ProofOfWorkBlock@2a11b671:55
192,0
134,224
316,310
74,395
329,448
300,476
463,531
358,536
120,572
385,615
117,615
273,620
390,655
228,669
384,691
19,697
251,710
42,754
349,756
191,758
33,774
35,778
480,790
470,793
124,807
165,834
327,835
462,837
345,838
291,840
111,843
177,855
394,859
301,873
438,875
486,887
331,913
465,916
381,922
281,922
257,927
37,931
469,935
131,938
144,950
59,956
309,957
254,957
109,972
497,973
108,978
101,978
417,985
432,989
365,992
5,998
298,998
403,1004
123,1007
245,1010
464,1013
379,1013
355,1015
97,1017
83,1019
376,1022
350,1022
210,1026
102,1032
176,1050
169,1056
455,1060
215,1062
370,1062
166,1064
326,1069
347,1072
106,1075
237,1080
7,1080
318,1081
397,1082
313,1085
182,1089
15,1094
388,1095
249,1098
380,1098
247,1101
418,1103
47,1104
274,1105
479,1107
414,1113
473,1117
8,1131
332,1133
150,1135
419,1137
268,1138
235,1138
362,1139
444,1139
430,1143
141,1145
209,1145
258,1146
240,1149
26,1152
236,1152
222,1154
431,1158
64,1158
87,1159
159,1164
285,1165
46,1166
75,1171
130,1171
239,1175
119,1178
412,1179
368,1180
317,1181
49,1182
424,1182
361,1183
330,1184
275,1186
277,1188
396,1189
437,1190
52,1190
234,1191
233,1193
468,1193
404,1198
304,1201
95,1206
413,1207
80,1207
387,1209
36,1210
359,1215
198,1218
446,1222
86,1228
269,1228
323,1232
48,1234
73,1237
214,1238
495,1239
218,1242
411,1243
126,1243
488,1246
238,1247
76,1247
96,1247
25,1252
264,1253
149,1258
353,1261
185,1262
140,1264
6,1265
416,1265
85,1267
220,1271
153,1276
244,1279
373,1282
147,1285
225,1287
499,1288
489,1292
306,1293
433,1294
336,1295
483,1295
181,1296
175,1299
128,1304
90,1304
367,1307
382,1315
168,1316
325,1316
436,1318
261,1318
377,1319
17,1320
421,1321
442,1322
170,1323
112,1324
386,1324
383,1329
487,1331
56,1332
357,1335
492,1338
449,1341
16,1345
205,1345
280,1346
398,1346
110,1346
401,1351
333,1356
405,1357
476,1357
429,1361
13,1363
305,1363
11,1369
187,1370
262,1370
197,1371
20,1373
466,1375
143,1376
113,1378
402,1383
389,1384
255,1385
241,1387
392,1388
407,1388
114,1389
2,1389
250,1394
65,1400
200,1403
230,1406
118,1406
439,1411
54,1412
88,1413
292,1415
426,1415
157,1416
445,1420
201,1421
14,1429
399,1429
58,1432
53,1438
485,1438
302,1442
311,1448
55,1449
204,1449
137,1453
294,1461
4,1466
116,1470
289,1472
460,1472
320,1472
194,1473
478,1475
100,1476
151,1477
22,1485
202,1488
78,1489
155,1491
39,1493
32,1493
450,1495
338,1498
307,1506
188,1506
44,1506
351,1512
344,1512
490,1515
213,1516
132,1516
459,1518
409,1522
190,1523
129,1523
28,1526
422,1529
186,1530
135,1531
428,1532
107,1536
29,1539
51,1541
211,1543
127,1549
63,1558
84,1558
216,1560
203,1563
154,1566
178,1566
458,1568
339,1570
328,1576
435,1580
427,1580
356,1587
136,1588
3,1594
393,1596
448,1603
61,1604
472,1613
208,1618
115,1621
360,1622
283,1624
343,1624
443,1630
364,1635
1,1637
352,1641
89,1646
45,1647
266,1648
461,1651
195,1653
474,1659
133,1661
434,1662
50,1662
217,1662
164,1665
248,1670
267,1671
152,1674
340,1675
408,1676
366,1679
441,1683
447,1686
105,1689
324,1690
270,1692
494,1694
184,1697
40,1700
148,1701
420,1703
451,1710
410,1713
21,1713
146,1716
82,1716
319,1716
493,1718
425,1720
400,1723
475,1725
227,1729
38,1735
173,1736
70,1742
312,1742
93,1743
162,1748
231,1766
276,1769
229,1774
293,1784
363,1794
337,1797
94,1798
9,1805
68,1810
375,1813
158,1814
252,1815
174,1819
315,1822
57,1827
263,1830
342,1833
378,1838
226,1838
321,1846
500,1857
457,1858
43,1859
161,1862
348,1866
172,1871
334,1877
121,1878
454,1887
346,1889
415,1890
163,1891
122,1893
31,1894
199,1895
224,1902
288,1907
467,1917
156,1917
125,1921
484,1941
171,1942
374,1956
103,1957
341,1959
232,1964
27,1975
272,1991
279,2003
271,2027
71,2042
180,2043
496,2044
322,2054
62,2055
139,2062
212,2065
18,2067
406,2068
471,2070
77,2070
41,2074
260,2089
24,2090
456,2111
253,2113
308,2114
183,2127
287,2133
138,2134
12,2152
67,2160
179,2168
314,2170
303,2177
282,2220
372,2221
72,2234
491,2239
286,2243
477,2247
160,2263
99,2268
440,2292
30,2296
66,2299
221,2307
189,2327
369,2329
69,2377
219,2377
207,2384
482,2412
299,2417
246,2425
167,2441
259,2450
223,2451
310,2466
335,2502
278,2514
391,2516
297,2544
34,2545
295,2550
290,2584
206,2589
98,2628
452,2634
284,2636
265,2643
196,2644
354,2657
296,2678
91,2690
10,2703
243,2762
60,2764
81,2792
92,2826
256,2893
79,2907
423,2908
104,2934
395,2934
371,2956
453,3002
145,3011
23,3156
498,3159
193,3182
142,3260
481,3411
242,3658

simblock.block.ProofOfWorkBlock@3c7e0443:55
485,0
356,154
304,214
70,270
105,303
315,328
84,367
473,369
64,388
357,421
366,428
337,448
466,450
373,451
489,481
201,485
448,486
445,507
320,508
282,509
233,516
328,522
230,536
274,538
439,542
212,542
213,567
210,573
196,575
312,576
409,580
156,589
278,593
417,598
386,599
13,600
487,601
53,602
427,604
253,629
62,629
103,633
66,634
135,637
148,642
310,645
153,649
367,654
272,657
419,658
306,659
25,660
127,661
190,661
94,667
236,671
155,673
338,675
15,678
170,685
60,685
428,691
18,692
194,693
344,693
345,696
453,704
408,705
330,706
21,713
22,714
179,717
402,717
491,718
406,719
78,722
180,724
449,732
204,732
443,734
490,734
426,736
446,740
475,740
454,745
311,746
261,746
435,748
202,748
309,748
368,748
164,749
226,749
7,750
24,750
27,751
488,751
128,753
346,754
163,759
266,762
184,762
16,762
65,769
340,771
91,772
389,773
51,782
107,783
457,784
162,784
303,786
154,788
250,789
460,792
167,792
471,793
437,794
85,797
214,797
307,799
393,799
476,802
459,804
113,805
203,805
206,806
205,806
324,807
137,807
93,808
168,809
279,809
143,809
484,811
157,812
8,814
58,819
61,820
430,820
412,821
44,822
451,823
321,823
264,824
133,827
185,831
422,831
1,831
36,835
199,838
136,839
458,840
492,843
270,846
77,849
89,849
294,849
225,851
336,852
343,855
401,856
500,856
57,857
414,859
72,859
392,863
92,863
387,864
493,864
302,866
161,867
208,868
425,868
478,869
350,872
286,873
351,875
178,878
176,878
283,879
332,880
287,880
40,880
121,880
405,883
118,883
82,886
440,890
54,895
450,897
31,900
319,901
482,902
333,907
275,907
220,911
224,914
407,914
499,917
415,917
441,919
86,920
262,920
200,924
273,925
129,930
413,933
293,934
348,935
308,936
116,937
472,939
363,939
192,939
447,939
160,941
55,941
410,941
117,943
436,944
140,946
39,948
29,952
255,956
88,957
494,959
248,965
420,970
495,977
483,978
63,979
239,981
231,981
390,990
186,992
95,994
87,994
352,995
477,996
28,997
245,998
377,999
432,1001
75,1005
218,1007
394,1009
106,1013
188,1016
382,1025
211,1025
424,1026
111,1028
323,1030
122,1035
455,1043
124,1048
399,1051
158,1052
112,1060
216,1071
97,1071
496,1076
166,1076
388,1076
11,1081
347,1081
355,1081
285,1084
110,1088
120,1091
17,1091
362,1097
444,1102
175,1102
267,1104
305,1108
325,1114
369,1114
349,1116
33,1117
331,1121
442,1128
222,1129
119,1129
19,1132
150,1133
480,1140
249,1144
361,1150
397,1153
52,1160
177,1160
144,1161
123,1165
244,1166
134,1167
215,1171
12,1171
479,1173
130,1176
181,1179
2,1180
469,1182
381,1183
463,1194
385,1196
411,1198
258,1198
380,1200
421,1201
497,1203
251,1206
48,1208
300,1222
191,1230
14,1233
339,1241
197,1242
96,1242
403,1247
240,1247
353,1250
301,1252
102,1252
486,1254
384,1257
109,1258
416,1263
169,1263
74,1267
418,1272
327,1273
433,1273
59,1276
434,1277
464,1287
131,1290
280,1291
281,1291
431,1293
6,1296
100,1301
209,1302
470,1303
26,1308
404,1314
73,1323
462,1325
247,1329
370,1330
292,1334
317,1338
187,1342
342,1346
159,1348
271,1352
383,1353
313,1353
165,1355
468,1367
254,1369
299,1370
316,1372
474,1374
126,1376
90,1377
252,1379
358,1404
298,1410
365,1413
289,1419
80,1422
141,1424
398,1425
46,1434
23,1434
32,1440
101,1446
395,1458
438,1459
35,1460
147,1464
20,1472
38,1472
125,1474
277,1474
50,1479
104,1481
360,1492
291,1510
269,1512
45,1523
237,1526
108,1527
396,1529
329,1544
30,1544
378,1547
263,1549
465,1550
232,1554
172,1557
142,1559
246,1561
265,1571
326,1573
41,1580
227,1580
238,1581
429,1594
354,1598
145,1601
207,1610
374,1613
241,1614
376,1617
296,1628
5,1629
452,1631
149,1633
379,1645
268,1646
138,1647
314,1652
391,1654
34,1669
83,1698
69,1712
189,1718
114,1719
234,1722
81,1729
284,1749
132,1764
99,1767
79,1772
297,1811
146,1811
481,1813
256,1814
49,1818
152,1828
318,1829
98,1845
341,1845
242,1867
47,1868
219,1873
182,1891
76,1895
456,1900
290,1912
371,1918
461,1918
217,1936
243,1988
42,1996
257,2001
288,2004
198,2060
151,2064
375,2073
334,2075
173,2108
174,2118
259,2128
43,2158
171,2166
56,2171
235,2173
228,2203
139,2203
359,2233
37,2237
115,2246
183,2330
68,2367
67,2443
423,2451
276,2455
467,2468
295,2473
229,2520
322,2527
372,2712
400,2732
9,2737
71,2750
260,2804
498,2825
195,3021
221,3027
10,3092
193,3135
335,3374
364,3657
223,3956

simblock.block.ProofOfWorkBlock@6ceea42f:56
451,0
25,148
160,212
399,274
176,298
333,339
212,354
267,361
454,395
427,412
483,425
140,449
155,455
1,456
412,469
236,491
58,493
414,505
199,506
274,508
459,512
340,549
489,550
157,551
413,561
24,562
54,562
336,565
153,569
475,571
332,576
27,598
478,608
167,608
309,609
415,610
420,619
121,620
266,620
283,621
491,624
345,626
31,627
213,627
277,628
136,633
64,642
21,653
466,657
401,657
406,663
127,665
320,668
460,669
306,669
77,670
425,681
230,682
204,684
373,684
29,684
3,687
12,689
387,691
351,697
352,703
449,704
430,709
432,713
315,713
94,714
440,714
40,714
319,714
308,720
78,722
377,722
311,724
279,725
447,730
39,735
18,737
22,741
233,742
91,744
250,744
170,745
53,746
410,748
477,748
161,751
441,751
386,754
294,756
88,759
93,759
60,760
92,762
179,766
393,767
224,769
116,769
490,770
196,771
275,771
214,771
422,772
407,773
293,775
485,776
282,776
367,776
426,778
185,779
484,780
210,782
339,782
287,782
63,787
424,792
405,793
439,799
206,799
84,799
61,800
201,801
184,801
472,802
89,804
178,806
337,807
164,808
270,809
445,810
493,813
350,817
135,818
202,818
355,818
133,818
302,819
110,819
95,821
85,824
437,824
417,825
103,826
190,828
261,828
321,828
28,830
66,833
72,833
499,834
188,835
457,838
307,839
305,839
180,840
487,841
13,842
44,842
112,847
328,849
205,850
286,852
264,855
82,857
346,860
128,860
143,861
357,862
208,862
473,862
129,863
453,865
492,866
500,873
156,874
239,875
186,875
105,880
62,881
338,884
496,885
448,885
154,886
433,887
330,888
392,891
443,891
421,895
458,895
113,896
7,900
107,900
278,900
118,905
488,907
203,911
348,913
469,915
312,919
368,919
162,920
137,920
226,921
343,921
211,924
304,925
369,928
272,929
251,929
482,931
324,932
168,933
158,934
303,938
402,941
122,941
148,942
70,943
86,947
389,950
450,952
96,962
131,963
36,968
238,968
4,971
191,972
419,976
51,978
231,980
100,981
8,984
356,984
198,991
262,994
248,998
363,1000
310,1006
285,1006
435,1011
317,1015
26,1021
97,1025
124,1029
428,1037
269,1040
476,1040
255,1043
344,1049
46,1049
409,1055
194,1056
468,1057
132,1061
33,1065
56,1066
130,1067
486,1069
177,1071
495,1074
149,1077
163,1078
342,1084
16,1092
147,1093
106,1094
431,1097
471,1101
76,1103
200,1105
289,1108
329,1108
323,1110
366,1117
5,1118
331,1119
80,1120
102,1123
166,1123
144,1129
384,1129
11,1132
57,1138
268,1141
87,1141
292,1141
17,1142
235,1147
497,1168
455,1169
446,1170
42,1175
254,1175
35,1178
240,1181
14,1181
411,1182
353,1183
438,1194
383,1196
109,1197
253,1201
15,1202
273,1209
379,1211
442,1213
48,1215
220,1215
388,1217
416,1221
101,1221
403,1229
408,1230
111,1231
257,1233
120,1235
169,1239
20,1240
6,1241
359,1245
192,1245
249,1245
349,1247
215,1249
126,1249
362,1254
494,1258
316,1262
225,1266
325,1270
301,1273
394,1275
436,1275
108,1276
347,1278
298,1278
209,1282
114,1284
429,1285
380,1289
247,1290
165,1295
464,1300
141,1301
237,1301
74,1305
465,1311
390,1313
134,1316
398,1331
463,1345
123,1346
52,1347
193,1349
55,1357
171,1359
65,1387
280,1393
219,1394
382,1398
222,1400
90,1400
117,1401
434,1402
313,1403
49,1415
341,1424
234,1425
365,1432
175,1432
296,1440
59,1440
37,1446
374,1448
197,1451
150,1452
2,1455
281,1458
227,1459
79,1465
189,1478
378,1479
396,1482
10,1491
218,1492
276,1496
480,1518
290,1521
182,1522
327,1524
395,1526
139,1527
216,1530
217,1550
30,1556
23,1558
258,1558
187,1564
385,1569
151,1570
418,1572
462,1573
259,1574
142,1577
43,1579
252,1585
34,1586
241,1595
481,1601
119,1609
228,1610
181,1611
335,1612
370,1616
32,1622
295,1624
381,1629
400,1635
265,1652
9,1654
19,1656
314,1661
83,1663
391,1673
41,1678
104,1684
75,1696
242,1698
47,1701
172,1723
207,1734
334,1734
361,1735
376,1737
38,1741
244,1741
470,1744
159,1746
115,1765
318,1781
263,1781
300,1787
245,1802
291,1840
456,1848
195,1853
358,1874
360,1878
99,1890
299,1896
256,1898
50,1909
404,1909
326,1927
81,1942
474,1948
479,1960
260,1963
322,1971
271,1983
288,2018
284,2018
73,2020
138,2021
125,2026
452,2028
45,2043
67,2065
69,2089
444,2098
397,2131
223,2163
246,2169
145,2184
152,2191
498,2194
174,2195
354,2209
68,2233
221,2305
372,2306
146,2328
375,2331
364,2349
243,2360
229,2378
98,2418
71,2482
423,2517
297,2530
183,2555
232,2588
467,2673
461,2679
371,2809
173,2931

simblock.block.ProofOfWorkBlock@491c827f:57
351,0
158,154
116,213
357,271
143,304
110,329
124,362
206,368
409,418
70,423
489,426
94,458
262,469
459,474
315,479
210,480
348,486
233,510
338,517
386,528
437,535
170,538
4,546
490,548
350,568
336,570
417,576
51,576
272,578
78,585
305,595
366,595
107,607
415,607
435,617
264,626
186,626
473,627
275,632
454,633
440,633
211,635
402,637
340,643
499,651
399,652
494,653
231,660
91,663
368,664
328,667
162,673
239,676
204,684
311,687
103,689
367,691
306,693
60,693
93,694
309,697
55,700
303,701
332,701
293,709
266,712
261,713
432,718
179,718
53,720
88,721
441,723
426,723
279,727
24,730
477,734
307,736
420,740
13,742
188,743
448,744
339,746
393,747
61,747
485,748
450,752
58,755
253,757
36,758
202,759
135,760
333,760
28,762
31,765
82,767
95,775
492,776
496,776
346,776
214,777
363,779
185,779
478,782
113,782
77,785
408,786
493,787
230,790
482,793
449,794
285,795
54,796
160,798
89,800
405,803
428,805
212,805
457,808
425,812
412,813
414,814
488,814
121,816
471,818
387,819
475,822
141,823
190,823
213,823
157,824
294,830
282,833
345,834
180,835
308,835
324,838
176,838
447,839
84,841
484,843
167,843
439,845
178,846
389,847
410,849
72,850
270,851
203,853
302,854
369,862
433,865
22,866
236,866
129,866
40,867
21,868
312,868
57,873
128,874
352,874
419,874
27,875
216,876
63,876
337,877
401,877
487,879
283,880
344,882
39,882
16,882
460,883
379,888
278,889
155,890
184,891
62,892
453,892
472,896
199,901
156,902
29,903
168,905
140,905
458,906
153,906
356,907
164,907
343,909
255,912
105,913
355,914
310,917
18,920
64,921
320,922
321,923
476,926
250,929
406,930
201,930
8,934
163,934
430,935
330,936
25,938
136,941
287,944
1,950
422,952
413,954
3,955
500,955
451,957
483,963
148,966
274,967
470,972
377,977
182,979
66,981
154,982
392,983
208,984
133,986
151,988
445,989
466,991
455,992
161,992
85,993
7,994
92,997
200,997
194,1004
224,1007
286,1012
281,1013
362,1026
150,1026
205,1026
407,1029
159,1035
196,1039
122,1043
244,1045
443,1050
434,1052
491,1053
44,1054
347,1055
427,1056
373,1068
220,1070
118,1083
215,1085
102,1089
411,1094
304,1096
114,1099
429,1100
127,1112
267,1114
383,1118
398,1119
446,1122
257,1123
2,1127
384,1132
289,1133
416,1134
123,1135
319,1135
376,1138
76,1140
226,1141
370,1142
147,1142
442,1144
12,1155
109,1155
198,1158
65,1160
241,1161
403,1163
329,1163
19,1164
225,1165
112,1166
298,1169
463,1170
248,1171
256,1172
90,1178
59,1183
331,1185
468,1188
175,1192
137,1192
479,1192
404,1193
117,1194
14,1203
17,1206
249,1208
100,1211
325,1212
80,1214
444,1216
269,1217
52,1219
388,1219
292,1222
254,1224
234,1224
385,1226
300,1229
381,1233
301,1238
47,1240
26,1246
86,1251
469,1259
359,1272
73,1273
436,1273
106,1286
87,1290
144,1292
20,1293
181,1296
327,1299
48,1305
228,1307
111,1308
317,1309
424,1311
11,1314
166,1317
177,1330
349,1334
365,1334
149,1335
15,1336
495,1339
353,1340
291,1343
96,1343
358,1344
37,1345
165,1350
120,1362
130,1364
139,1370
75,1373
245,1379
277,1380
237,1382
382,1383
361,1388
134,1389
187,1396
49,1399
108,1400
193,1406
132,1410
421,1423
83,1427
380,1445
68,1454
41,1457
396,1458
98,1466
299,1467
223,1469
394,1470
131,1470
318,1472
251,1486
341,1488
240,1491
197,1504
418,1506
273,1510
32,1512
378,1516
5,1518
152,1520
397,1520
464,1521
222,1521
360,1526
227,1544
323,1554
42,1562
169,1566
74,1569
174,1572
391,1572
486,1573
374,1578
452,1582
395,1592
195,1594
246,1594
497,1597
252,1600
232,1604
219,1628
271,1630
314,1632
462,1636
481,1643
56,1646
23,1655
207,1664
260,1667
229,1668
284,1675
34,1678
258,1679
101,1682
438,1688
326,1690
322,1692
247,1692
243,1702
6,1705
456,1737
465,1737
99,1738
235,1738
313,1740
354,1749
423,1749
480,1750
79,1754
280,1773
290,1788
146,1790
268,1823
263,1838
191,1852
498,1863
209,1864
126,1866
33,1876
104,1876
335,1879
97,1913
46,1913
375,1923
38,1925
50,1938
238,1951
467,1968
142,1972
171,1977
295,1982
35,2006
67,2036
217,2037
192,2045
119,2048
371,2059
218,2083
115,2086
45,2088
138,2132
334,2147
431,2182
189,2198
372,2206
242,2236
316,2257
474,2259
71,2274
173,2278
296,2332
364,2335
390,2361
183,2387
297,2400
400,2435
288,2486
342,2531
145,2539
125,2560
43,2619
10,2719
69,2730
276,2818
259,2838
172,2910
81,3003
9,3101
461,3211
30,3292
221,3384
265,3595

simblock.block.ProofOfWorkBlock@7d9bd5e8:58
336,0
148,149
409,205
267,268
482,302
153,336
204,355
201,359
21,392
473,411
93,415
233,418
200,451
496,455
401,472
274,474
13,475
78,485
262,508
282,511
311,511
272,529
118,529
158,532
212,535
346,541
25,545
348,564
345,566
92,568
275,569
283,570
70,574
407,586
410,588
437,588
206,592
24,600
440,606
466,606
366,619
304,622
337,624
377,625
62,626
7,626
368,628
453,630
307,636
441,637
107,643
500,647
491,648
261,652
216,656
459,657
239,662
156,665
94,666
208,668
471,678
328,680
236,680
367,681
387,683
51,684
286,684
103,684
214,687
170,692
124,693
53,694
351,695
499,701
412,706
393,707
449,709
450,710
490,715
133,717
425,717
302,719
89,720
31,722
88,724
426,724
422,725
476,727
66,728
61,735
135,736
266,738
60,739
415,740
190,741
18,741
91,741
143,742
320,742
161,743
203,745
63,748
231,752
211,753
136,754
1,754
451,754
27,756
213,757
185,760
355,766
85,768
160,769
168,769
477,771
196,774
406,774
352,776
154,776
55,777
350,778
356,778
16,779
180,779
402,779
176,780
485,781
357,781
184,788
253,790
39,794
105,796
28,796
363,797
338,798
420,800
163,801
116,801
321,804
294,805
186,806
86,806
121,808
373,810
36,810
22,810
157,812
95,813
308,818
72,819
270,819
443,821
488,825
12,827
113,829
128,829
432,830
77,830
457,832
310,832
230,834
484,834
339,834
487,834
303,835
167,836
489,836
332,836
58,838
445,838
44,839
340,842
164,845
264,847
413,849
386,854
319,856
478,856
29,859
419,860
309,862
57,863
439,866
427,867
305,868
306,869
447,870
178,875
493,876
389,878
129,882
369,885
458,888
248,888
435,888
460,889
179,889
250,890
392,892
224,893
414,894
417,897
405,897
122,898
475,900
494,900
483,903
454,909
465,910
54,917
315,919
399,920
82,925
343,927
312,931
255,932
361,933
472,934
492,935
175,938
83,940
162,941
102,942
8,945
428,945
84,946
42,947
287,950
324,950
140,951
159,953
433,954
330,956
110,957
333,960
155,961
279,969
408,975
52,975
188,977
448,978
385,981
331,983
344,984
442,987
205,1003
202,1005
75,1005
64,1007
403,1008
430,1013
397,1023
127,1029
251,1031
87,1031
455,1032
194,1033
137,1041
241,1046
40,1052
384,1057
298,1059
226,1061
210,1061
376,1068
199,1070
3,1073
327,1076
464,1082
5,1084
20,1084
362,1088
234,1089
323,1091
429,1096
100,1097
237,1098
268,1103
4,1107
225,1107
147,1111
254,1114
238,1114
26,1117
49,1117
480,1117
436,1118
424,1125
293,1126
325,1130
123,1130
144,1132
365,1133
215,1134
479,1136
380,1144
318,1145
6,1146
249,1149
111,1150
169,1151
244,1153
132,1157
278,1159
35,1177
434,1178
431,1180
109,1183
19,1186
74,1187
359,1188
120,1193
220,1194
416,1198
14,1198
269,1202
382,1203
300,1206
15,1206
222,1206
444,1207
141,1208
390,1209
370,1217
101,1220
388,1223
421,1228
37,1229
30,1231
462,1233
497,1233
59,1235
80,1242
108,1247
192,1250
463,1254
358,1256
292,1258
383,1267
394,1268
166,1269
281,1276
149,1278
191,1281
228,1282
126,1283
245,1286
349,1287
468,1287
134,1288
277,1295
317,1300
139,1301
119,1303
65,1310
316,1321
33,1322
117,1328
90,1328
259,1329
150,1329
96,1329
47,1343
326,1349
411,1351
247,1363
2,1367
11,1377
198,1378
446,1379
112,1384
285,1395
418,1405
347,1406
229,1409
106,1411
452,1413
341,1417
209,1423
400,1426
67,1428
360,1429
48,1448
182,1448
273,1449
97,1456
130,1457
17,1465
379,1469
263,1470
50,1485
217,1488
76,1492
391,1497
354,1499
151,1499
181,1501
495,1502
498,1503
125,1515
227,1522
469,1522
43,1524
342,1525
145,1526
189,1532
114,1540
171,1546
486,1547
276,1552
79,1557
467,1557
32,1559
314,1566
378,1572
470,1578
404,1584
23,1584
322,1585
295,1586
246,1592
335,1602
34,1603
115,1627
232,1627
131,1633
73,1635
235,1638
374,1663
280,1669
195,1669
258,1670
197,1671
301,1672
299,1692
98,1693
165,1695
9,1710
187,1712
56,1723
396,1736
207,1747
252,1748
395,1749
46,1749
290,1774
41,1780
152,1826
398,1839
240,1841
174,1864
372,1865
221,1870
296,1870
284,1877
438,1896
329,1897
371,1918
353,1921
456,1948
138,1954
219,1959
256,1977
481,1979
142,1987
289,2011
381,2013
288,2031
243,2054
291,2066
71,2070
104,2083
218,2094
172,2110
265,2177
223,2195
423,2201
375,2210
177,2275
183,2295
81,2296
260,2298
242,2317
334,2358
297,2394
257,2461
68,2490
193,2579
10,2584
271,2604
313,2631
38,2653
474,2774
364,2865
461,2910
45,2951
69,2973
99,3209
146,3252
173,3549

simblock.block.ProofOfWorkBlock@77d0f969:59
152,0
23,392
125,706
380,724
223,912
19,942
495,984
130,1036
260,1071
102,1124
65,1130
74,1163
47,1207
209,1216
474,1225
281,1246
313,1246
480,1254
335,1256
123,1288
240,1297
215,1336
468,1342
388,1349
349,1351
442,1369
463,1395
245,1395
144,1400
139,1422
52,1423
465,1427
385,1432
436,1436
228,1437
87,1438
329,1465
225,1467
189,1470
327,1471
182,1476
257,1476
35,1484
132,1504
424,1510
169,1517
5,1520
126,1520
218,1523
396,1523
149,1524
107,1545
438,1549
470,1558
120,1561
379,1562
191,1563
117,1570
371,1577
99,1586
32,1586
298,1594
317,1600
268,1602
365,1602
75,1603
147,1606
291,1612
358,1617
469,1625
219,1627
285,1645
342,1647
446,1651
394,1653
187,1654
445,1655
289,1658
114,1660
479,1660
486,1660
384,1667
418,1680
331,1681
220,1688
106,1693
97,1694
316,1696
178,1697
315,1698
421,1700
15,1702
259,1708
434,1708
323,1713
234,1715
359,1721
330,1721
128,1726
292,1727
397,1729
197,1735
381,1738
2,1740
192,1740
444,1748
241,1752
362,1753
111,1754
382,1754
148,1755
135,1755
251,1764
328,1767
62,1768
83,1769
247,1770
58,1773
26,1776
435,1776
353,1780
254,1781
338,1785
464,1788
416,1789
455,1790
213,1793
141,1799
222,1800
48,1800
115,1807
17,1809
33,1810
96,1811
131,1811
16,1814
70,1815
73,1817
108,1822
244,1822
403,1825
277,1825
476,1825
271,1828
326,1830
482,1831
238,1835
293,1838
6,1840
462,1851
368,1852
361,1854
61,1855
140,1857
9,1859
301,1864
85,1864
392,1871
256,1872
22,1873
49,1874
177,1875
42,1881
59,1886
175,1892
370,1893
159,1894
18,1894
214,1897
202,1901
109,1901
383,1901
235,1902
93,1907
300,1908
205,1915
273,1915
90,1917
230,1917
63,1919
310,1925
372,1926
181,1928
347,1928
119,1930
167,1932
4,1933
447,1935
134,1937
412,1939
231,1939
203,1940
346,1942
336,1944
116,1945
475,1951
448,1952
127,1954
14,1959
453,1962
249,1963
422,1963
401,1963
340,1966
101,1968
390,1969
398,1969
143,1970
39,1972
275,1973
334,1973
156,1973
450,1974
210,1982
357,1987
472,1998
60,1998
431,1999
258,1999
105,1999
196,2001
81,2009
432,2009
494,2012
490,2012
399,2015
236,2016
216,2023
20,2024
8,2025
456,2027
404,2029
185,2037
1,2038
427,2040
325,2043
409,2046
133,2055
45,2056
204,2056
415,2058
253,2059
332,2060
25,2063
485,2067
426,2068
497,2070
122,2071
307,2071
428,2074
24,2080
261,2081
321,2091
237,2094
124,2095
351,2099
155,2101
488,2109
369,2110
454,2111
7,2112
95,2112
118,2113
31,2113
86,2115
92,2117
344,2121
419,2124
483,2125
199,2127
12,2136
305,2136
55,2144
113,2147
320,2148
279,2149
312,2151
302,2151
224,2156
80,2157
440,2158
350,2164
491,2172
162,2179
406,2182
393,2184
355,2187
400,2189
294,2190
88,2193
363,2194
68,2195
250,2196
270,2198
262,2206
34,2208
76,2214
53,2215
168,2216
430,2217
306,2223
40,2226
243,2228
180,2228
460,2233
489,2237
441,2241
343,2244
493,2245
500,2250
309,2252
297,2258
64,2261
452,2269
82,2269
112,2269
389,2271
146,2273
461,2275
364,2277
255,2277
473,2284
413,2286
51,2288
153,2290
188,2291
423,2292
417,2299
183,2299
211,2300
451,2302
28,2302
376,2318
226,2318
265,2322
410,2329
160,2329
481,2348
163,2351
484,2359
437,2368
200,2373
408,2380
137,2384
263,2384
296,2387
324,2391
314,2392
207,2400
154,2412
195,2414
466,2414
282,2416
239,2416
29,2419
94,2419
345,2425
471,2426
354,2433
78,2436
496,2439
56,2445
36,2445
449,2449
208,2457
429,2462
425,2463
232,2464
278,2464
129,2468
366,2471
459,2473
110,2476
11,2490
443,2492
339,2503
492,2506
391,2508
104,2513
172,2520
217,2521
206,2526
165,2536
233,2538
179,2545
67,2547
311,2557
46,2567
360,2570
487,2590
348,2593
402,2593
100,2628
299,2632
174,2635
77,2637
386,2645
458,2651
171,2653
190,2654
69,2660
288,2662
54,2671
387,2682
295,2683
38,2687
290,2688
395,2703
212,2704
166,2708
21,2710
373,2711
201,2721
27,2724
274,2733
499,2745
173,2750
161,2763
246,2768
276,2776
248,2806
333,2811
411,2815
284,2818
89,2833
367,2835
41,2842
303,2853
375,2877
374,2891
378,2898
420,2908
287,2910
322,2931
242,2935
30,2941
467,2951
151,2959
71,2969
66,2985
37,3010
439,3013
433,3014
457,3037
377,3044
269,3067
98,3073
157,3085
193,3098
138,3099
221,3129
498,3157
477,3161
304,3188
145,3199
318,3205
352,3260
150,3270
43,3323
280,3323
337,3339
341,3347
13,3348
79,3409
10,3410
50,3437
142,3450
229,3496
198,3532
184,3554
194,3641
170,3653
308,3673
227,3745
57,3840
405,3903
286,3942
356,4026
252,4052
91,4152
103,4240
164,4250
3,4375
266,4452
414,4538
158,4597
186,4722
267,4751
319,4836
136,4944
72,5070
121,5135
478,5304
407,5420
283,5442
176,5769
44,6121
264,6471
84,6824
272,7173

simblock.block.ProofOfWorkBlock@de96eb6:59
265,0
379,622
381,837
358,869
469,919
313,1008
317,1065
35,1089
411,1117
141,1146
220,1210
424,1228
497,1324
151,1332
228,1363
368,1390
101,1415
240,1416
385,1497
2,1527
431,1554
305,1565
165,1579
222,1618
388,1641
404,1707
194,1715
351,1739
458,1753
418,1802
417,1831
212,1865
403,1884
230,1884
61,1905
410,1921
312,1928
482,1931
293,1962
117,1981
408,1982
184,2009
402,2024
270,2052
310,2058
106,2063
179,2075
494,2083
185,2110
366,2113
392,2130
213,2139
278,2159
53,2186
105,2216
311,2236
40,2237
399,2275
479,2281
307,2290
309,2304
455,2309
328,2332
216,2359
77,2410
92,2428
350,2430
396,2453
486,2481
445,2482
149,2507
395,2532
84,2541
121,2587
330,2607
277,2623
150,2653
4,2656
258,2677
66,2689
348,2717
439,2736
377,2745
72,2763
206,2789
335,2789
75,2793
103,2793
233,2802
223,2810
108,2823
489,2854
198,2854
304,2859
338,2914
118,2916
322,2917
164,2917
57,2922
460,2941
340,2943
434,2962
412,2972
356,2978
332,2979
298,2992
170,3001
83,3024
294,3029
425,3034
156,3037
221,3058
303,3059
127,3065
157,3076
274,3089
363,3094
406,3094
62,3116
211,3116
135,3124
485,3129
29,3133
49,3136
422,3156
168,3161
341,3167
65,3172
154,3183
337,3190
27,3192
46,3194
374,3195
111,3200
58,3213
64,3219
459,3249
493,3254
419,3269
344,3272
28,3294
20,3296
447,3306
38,3312
109,3316
429,3342
289,3364
449,3364
102,3378
76,3388
319,3425
80,3425
436,3442
145,3445
122,3446
191,3467
90,3472
136,3477
369,3482
5,3487
26,3513
59,3551
215,3557
264,3592
225,3597
159,3616
279,3620
393,3627
112,3636
15,3643
487,3651
438,3654
499,3655
138,3656
249,3683
476,3686
359,3727
413,3731
88,3743
483,3752
189,3770
120,3772
24,3789
490,3793
186,3800
465,3813
370,3824
466,3825
256,3841
116,3845
248,3858
342,3899
85,3915
360,3942
420,3949
353,3954
283,3973
237,3973
172,3984
367,3992
14,3995
182,4000
477,4006
282,4008
397,4027
232,4053
124,4054
114,4068
478,4068
457,4112
427,4122
161,4124
169,4125
43,4130
384,4151
113,4168
37,4169
253,4180
162,4180
16,4194
125,4199
462,4205
1,4224
339,4225
354,4247
139,4270
474,4282
8,4283
32,4294
204,4320
234,4341
152,4342
291,4353
498,4353
301,4381
196,4387
383,4397
461,4405
378,4416
34,4435
297,4436
144,4463
323,4514
180,4520
394,4524
271,4553
347,4563
421,4568
181,4575
69,4589
260,4629
183,4645
195,4672
193,4690
244,4696
325,4733
174,4736
177,4745
238,4746
229,4794
276,4805
398,4873
67,4893
329,4915
131,4917
30,4955
296,5017
327,5043
10,5079
99,5103
227,5141
452,5197
242,5199
382,5230
299,5308
364,5362
119,5403
467,5445
81,5497
17,5573
217,5858
79,6149
45,6448

simblock.block.ProofOfWorkBlock@448071ae:60
66,0
206,151
457,222
84,279
319,299
214,336
213,377
236,377
443,395
425,426
162,434
248,442
307,447
53,451
168,483
60,491
200,496
185,499
283,507
24,509
437,526
399,531
113,546
250,556
482,556
88,559
199,564
57,566
77,582
239,583
458,589
336,590
490,591
428,598
27,601
118,603
94,614
164,615
427,615
86,621
476,633
499,636
62,638
412,639
275,640
63,647
466,648
89,649
293,650
230,651
8,657
426,659
31,661
294,662
44,670
320,672
377,674
204,678
420,678
459,685
92,693
309,694
161,696
61,697
413,698
406,704
311,708
315,708
253,709
367,709
433,709
492,712
12,713
352,713
448,715
343,716
121,717
78,727
116,728
203,731
64,731
114,735
264,735
158,735
133,736
110,737
157,738
494,739
205,739
28,741
357,742
270,749
303,752
472,753
346,753
453,754
107,762
135,764
445,764
51,765
7,765
407,766
491,767
282,767
337,769
154,770
216,771
332,772
278,773
40,774
184,775
186,776
345,784
233,785
156,787
363,787
13,787
176,789
328,790
483,791
393,791
188,792
202,792
402,795
333,795
449,795
266,796
350,797
1,800
55,801
274,801
410,805
392,807
160,809
137,809
29,812
85,814
272,815
167,817
155,819
493,823
82,824
148,824
414,824
339,824
163,825
178,826
128,827
417,827
387,828
153,829
100,830
95,830
310,831
401,832
105,833
170,842
18,846
304,848
450,849
196,850
409,850
72,852
122,853
460,855
255,856
210,857
226,859
487,859
324,861
93,863
432,863
267,864
58,866
500,866
330,868
15,868
140,869
440,869
489,870
308,876
351,878
306,878
103,880
127,881
386,882
321,882
471,883
262,884
231,885
25,887
136,888
212,891
485,897
488,897
348,900
305,903
201,904
150,904
124,904
312,906
192,909
473,910
39,910
477,912
408,912
208,914
54,914
451,916
302,917
419,917
496,920
286,922
441,922
70,923
373,924
405,926
179,928
91,929
340,931
211,934
389,935
143,935
180,938
403,946
49,946
224,948
484,950
454,954
415,955
478,960
111,960
356,964
344,965
287,970
369,970
190,971
3,975
261,984
442,987
430,989
368,993
424,1001
225,1003
338,1008
422,1013
16,1017
281,1019
323,1020
129,1021
194,1023
4,1028
447,1028
475,1032
301,1038
112,1047
21,1050
285,1051
349,1060
381,1068
366,1069
36,1074
65,1075
130,1078
19,1079
439,1081
429,1082
279,1084
325,1091
237,1095
355,1097
316,1100
33,1106
382,1113
120,1113
298,1117
418,1117
469,1119
228,1124
435,1127
326,1134
468,1134
434,1134
17,1138
74,1140
376,1141
83,1144
73,1155
313,1156
464,1157
390,1161
497,1161
292,1166
220,1167
404,1171
159,1172
22,1177
258,1178
245,1179
126,1183
384,1183
244,1189
365,1191
463,1192
151,1194
238,1195
182,1198
431,1199
370,1207
397,1212
132,1213
75,1214
486,1218
197,1222
141,1224
436,1227
20,1229
361,1229
131,1230
273,1232
254,1243
300,1244
446,1248
247,1249
257,1249
108,1251
87,1252
14,1254
251,1266
187,1270
109,1271
42,1273
149,1277
222,1286
269,1286
444,1287
6,1292
421,1296
259,1299
119,1305
2,1311
56,1312
398,1316
416,1324
166,1326
470,1327
362,1330
96,1332
134,1339
280,1343
291,1345
47,1346
52,1347
379,1352
480,1357
289,1359
329,1364
5,1366
76,1367
423,1369
461,1377
232,1377
48,1384
102,1385
144,1387
383,1387
169,1389
364,1389
394,1395
165,1399
35,1400
80,1401
252,1404
240,1418
327,1420
277,1424
175,1424
117,1426
26,1432
314,1442
46,1445
380,1451
276,1451
171,1457
331,1462
174,1464
243,1466
268,1476
104,1481
43,1487
34,1492
317,1499
218,1502
9,1513
358,1516
50,1521
411,1523
106,1539
97,1539
342,1540
438,1541
371,1556
462,1557
37,1568
41,1574
198,1589
123,1593
11,1598
455,1602
335,1607
290,1610
372,1615
360,1616
229,1623
347,1623
263,1623
284,1635
318,1636
385,1660
189,1661
45,1662
69,1666
378,1669
90,1672
139,1674
246,1687
59,1688
221,1691
479,1694
474,1708
177,1708
495,1712
388,1727
215,1728
260,1737
38,1747
467,1765
465,1767
249,1772
341,1804
181,1810
256,1826
354,1829
234,1830
209,1847
145,1851
147,1869
296,1878
68,1893
396,1901
142,1909
152,1911
71,1926
241,1943
288,1971
146,1975
452,1996
295,2003
353,2009
395,2016
99,2035
217,2043
271,2059
359,2071
481,2094
79,2109
235,2116
219,2133
334,2135
391,2154
183,2171
23,2176
191,2191
299,2201
375,2255
207,2260
374,2299
125,2334
322,2355
172,2361
32,2367
242,2392
227,2405
98,2428
173,2436
456,2437
101,2543
195,2591
115,2597
498,2645
297,2769
138,2828
67,2877
193,2928
10,3116
223,3231
81,3401
400,3688
30,3977
265,4275

simblock.block.ProofOfWorkBlock@3f63b0ba:61
185,0
213,151
163,207
248,267
485,300
8,328
399,357
459,359
367,385
406,417
433,418
129,418
78,441
64,466
435,473
124,477
214,479
231,481
184,505
357,508
315,523
386,524
458,530
278,533
63,536
336,538
61,540
3,562
86,567
158,567
72,569
24,571
31,580
356,587
272,589
236,591
499,594
264,594
153,599
451,618
205,622
137,626
233,626
16,627
419,627
405,629
200,632
208,632
427,634
206,639
70,643
7,643
28,647
454,649
210,652
328,654
407,654
170,656
351,659
1,675
274,675
488,677
58,679
293,681
40,683
443,683
330,686
253,688
140,690
409,691
413,692
363,693
127,698
36,700
294,701
304,702
477,706
471,711
105,712
493,715
305,715
338,718
466,718
343,723
93,725
156,730
25,734
489,734
266,735
89,737
312,738
283,741
321,741
448,741
95,741
84,745
430,746
162,747
128,747
490,748
494,749
345,750
339,754
337,756
445,757
55,758
282,758
261,760
54,765
412,766
62,771
449,771
484,774
178,775
310,777
483,778
202,779
116,779
487,781
167,781
344,781
91,783
457,784
216,786
179,786
428,787
340,791
85,792
492,792
212,794
332,795
402,795
441,797
387,798
366,802
77,802
275,804
113,804
496,805
472,806
350,809
66,810
302,813
103,814
194,819
51,822
309,824
49,826
118,826
168,830
308,830
408,831
270,831
203,834
135,836
482,836
401,837
385,837
27,837
190,838
319,838
13,841
161,843
422,844
201,850
164,851
196,852
88,852
180,853
18,853
286,854
320,856
157,857
160,858
226,862
346,862
267,862
199,863
389,863
224,864
460,865
473,865
94,866
60,868
176,870
392,871
324,871
29,875
393,878
143,881
373,881
250,883
154,887
476,888
348,891
368,892
100,895
53,897
377,897
39,898
204,902
450,903
417,906
414,907
376,908
186,909
22,910
12,916
306,916
410,918
475,918
453,920
287,922
307,922
82,922
255,922
44,927
347,928
500,930
369,934
491,935
279,938
303,940
415,949
426,952
420,954
425,964
311,966
440,966
447,972
291,973
432,974
19,978
110,984
75,998
149,998
230,999
258,1001
35,1003
181,1007
333,1007
122,1011
355,1016
262,1024
155,1030
421,1036
148,1039
486,1040
211,1041
136,1044
14,1050
342,1059
165,1061
121,1062
323,1065
478,1069
240,1075
57,1082
273,1082
497,1085
352,1087
238,1088
370,1088
225,1090
5,1092
166,1093
359,1096
90,1097
390,1098
247,1099
21,1100
429,1101
107,1104
439,1108
442,1112
123,1122
361,1124
469,1126
239,1127
437,1128
281,1132
4,1135
112,1142
444,1143
133,1144
126,1148
198,1148
52,1156
277,1172
56,1174
404,1177
269,1177
480,1178
130,1179
101,1180
379,1182
96,1182
468,1184
92,1190
102,1190
362,1192
188,1202
42,1205
331,1207
463,1210
388,1211
325,1212
144,1213
150,1215
80,1220
327,1223
187,1229
159,1230
237,1231
175,1240
317,1243
254,1249
76,1251
403,1252
290,1253
416,1257
244,1259
131,1261
191,1261
141,1261
120,1261
495,1263
464,1264
235,1264
228,1267
2,1268
446,1271
436,1273
234,1273
462,1277
32,1278
197,1286
298,1300
438,1300
48,1311
251,1317
192,1319
292,1332
46,1343
257,1344
83,1348
241,1351
47,1351
222,1352
87,1353
117,1354
382,1373
365,1375
380,1380
245,1382
26,1384
50,1384
229,1391
322,1393
218,1402
374,1408
215,1421
289,1428
329,1431
383,1433
285,1433
37,1437
431,1438
398,1442
147,1443
280,1443
391,1451
23,1454
111,1454
152,1456
470,1456
59,1466
301,1469
314,1471
396,1472
299,1476
341,1477
400,1488
452,1489
182,1491
99,1518
411,1523
378,1525
195,1527
498,1529
20,1530
169,1545
65,1548
354,1552
456,1561
249,1563
146,1567
227,1569
268,1576
217,1592
97,1598
296,1604
73,1608
394,1612
11,1614
220,1616
479,1618
209,1623
138,1632
81,1633
177,1636
481,1638
360,1638
173,1642
358,1642
349,1642
134,1643
384,1662
260,1674
38,1676
43,1679
375,1687
17,1717
33,1720
423,1721
41,1728
381,1734
316,1749
326,1769
114,1778
424,1783
132,1787
300,1788
265,1788
151,1795
223,1818
221,1820
353,1826
10,1843
465,1889
6,1893
418,1903
219,1905
232,1924
74,1925
252,1927
259,1931
207,1933
104,1933
9,1941
171,1958
455,1958
106,1959
109,1964
174,1981
79,2052
119,2072
68,2074
108,2075
45,2088
313,2095
288,2183
115,2185
98,2187
246,2215
30,2221
125,2223
461,2227
371,2230
276,2240
145,2244
193,2254
183,2322
242,2351
334,2364
15,2438
189,2467
34,2501
284,2516
71,2550
142,2551
69,2562
297,2570
139,2643
372,2860
67,3298

simblock.block.ProofOfWorkBlock@36b4d0c0:62
203,0
449,151
309,208
412,265
320,306
286,325
92,363
78,371
13,387
85,420
264,421
82,428
95,462
443,469
386,476
36,478
369,479
500,485
91,514
58,525
344,531
124,534
453,535
261,536
176,536
179,550
148,569
302,571
428,582
352,585
113,585
105,588
255,592
39,592
62,604
204,607
357,612
425,616
28,630
348,630
211,631
127,632
53,639
12,642
489,643
435,646
330,648
206,649
7,659
226,661
70,663
306,666
439,669
267,674
333,682
345,685
483,688
210,689
433,691
253,691
201,693
77,697
310,699
328,702
155,706
88,707
44,708
392,715
304,717
472,719
399,721
57,722
482,723
487,729
450,731
278,734
121,736
367,740
184,742
29,744
366,745
413,746
262,747
491,748
135,754
154,755
441,756
287,756
86,760
339,765
196,765
84,767
22,771
409,774
133,778
272,779
405,779
205,780
63,782
190,785
31,787
230,787
427,788
200,790
94,794
60,794
18,795
72,799
476,800
447,801
156,801
414,803
448,807
398,809
303,814
55,814
212,815
279,817
485,817
475,820
363,820
248,822
137,822
107,822
430,823
170,826
239,826
401,829
103,835
116,835
89,835
49,837
451,837
93,839
337,840
312,842
16,844
308,844
490,845
275,846
128,847
160,850
27,850
478,852
471,853
460,853
454,854
202,855
162,858
293,859
140,860
64,860
216,861
129,862
373,863
410,863
1,863
420,863
178,869
321,871
445,876
157,878
368,882
213,884
473,891
402,892
40,893
415,896
393,897
346,898
118,899
376,899
122,901
167,902
389,905
282,908
188,909
25,910
484,910
494,910
164,911
250,912
477,916
317,918
100,918
332,919
51,921
437,922
356,922
132,926
161,928
24,931
343,933
231,938
338,940
149,943
319,946
270,952
66,960
406,962
440,962
274,965
432,969
459,972
194,974
499,974
336,976
408,977
224,978
112,979
323,982
329,986
208,987
218,999
186,1003
117,1007
426,1011
294,1017
377,1018
417,1018
458,1019
492,1020
123,1026
180,1028
285,1029
311,1030
305,1031
21,1034
301,1041
48,1041
469,1042
457,1061
20,1062
136,1068
42,1070
168,1072
198,1075
199,1075
444,1079
244,1081
362,1089
237,1089
254,1092
2,1094
144,1096
436,1098
387,1100
493,1108
151,1112
496,1115
442,1115
110,1117
19,1126
233,1133
235,1134
358,1136
283,1137
65,1142
361,1142
347,1149
114,1149
325,1156
365,1158
422,1158
102,1161
429,1163
307,1168
120,1169
134,1169
130,1175
497,1182
327,1185
126,1186
324,1186
407,1190
396,1197
52,1200
280,1203
318,1204
159,1205
119,1205
192,1205
434,1207
80,1210
109,1212
273,1213
90,1213
370,1221
215,1223
153,1226
59,1227
229,1228
61,1230
455,1234
251,1238
257,1242
240,1250
397,1250
33,1251
379,1253
403,1260
26,1263
220,1266
222,1269
76,1276
416,1277
214,1282
75,1285
236,1286
87,1291
349,1304
383,1310
411,1312
108,1319
269,1323
290,1324
4,1324
291,1326
111,1333
83,1340
351,1341
470,1343
463,1348
225,1358
138,1361
418,1362
106,1368
56,1373
32,1377
191,1378
456,1378
388,1378
438,1378
289,1384
35,1384
395,1386
495,1392
359,1392
185,1397
221,1397
353,1404
197,1406
14,1421
228,1425
277,1425
341,1438
150,1439
380,1457
466,1458
464,1461
271,1467
54,1474
452,1475
462,1482
41,1485
43,1489
183,1490
209,1491
263,1495
360,1499
260,1509
10,1511
172,1524
131,1524
474,1524
247,1528
193,1529
384,1531
256,1538
73,1541
431,1542
47,1547
335,1547
171,1550
249,1551
74,1554
468,1558
147,1565
5,1575
354,1581
158,1595
238,1599
11,1606
378,1609
104,1609
322,1616
227,1617
446,1619
266,1627
245,1627
79,1627
241,1635
268,1640
6,1643
189,1644
174,1649
232,1651
181,1659
419,1659
9,1680
23,1680
8,1686
461,1687
71,1688
421,1702
3,1708
390,1715
143,1717
141,1736
34,1738
340,1744
166,1748
115,1757
182,1760
298,1772
175,1778
350,1786
217,1797
177,1799
281,1799
97,1804
152,1807
364,1812
295,1813
68,1824
207,1841
163,1843
488,1846
467,1870
480,1871
424,1879
243,1892
299,1899
315,1904
37,1906
481,1926
292,1927
423,1930
146,1932
342,1950
125,1957
139,1965
96,1972
242,1972
195,1973
101,1974
99,1984
276,1999
385,2017
165,2040
400,2044
219,2056
17,2080
334,2082
314,2085
300,2120
394,2142
45,2148
372,2152
313,2187
252,2209
15,2210
391,2215
46,2249
81,2257
284,2260
30,2263
479,2289
375,2304
381,2314
50,2339
187,2363
498,2364
169,2419
316,2460
142,2491
404,2493
288,2497
246,2505
371,2539
223,2569
465,2607
297,2645
331,2664
98,2751
296,2781
326,2789
258,2844
382,2963
486,3028
265,3084
355,3141
234,3201
67,3429
69,3430
374,3482
38,3769
145,4073
259,4394

simblock.block.ProofOfWorkBlock@1e7f5eef:62
168,0
113,152
92,209
476,266
443,306
450,322
186,365
422,378
483,418
264,432
84,434
428,477
496,481
226,490
346,493
478,514
309,526
213,534
233,548
12,550
407,555
332,569
459,575
356,582
494,582
205,593
61,604
180,609
137,617
279,632
160,635
363,641
91,642
72,654
348,658
336,659
412,661
460,673
162,688
441,694
425,698
63,703
196,704
124,706
39,710
440,716
28,718
53,725
136,733
275,734
105,739
477,745
208,756
377,759
157,759
248,760
488,762
70,768
427,773
457,773
394,774
330,775
107,786
134,789
156,790
261,796
337,800
161,804
409,806
31,810
66,816
410,816
419,819
278,822
357,826
473,829
202,830
1,832
267,850
351,853
170,861
420,861
153,866
294,867
178,872
164,874
199,877
22,878
127,889
21,894
231,906
401,906
345,913
344,915
128,917
88,918
24,918
490,923
204,925
387,931
148,934
315,940
403,946
64,947
117,961
392,965
210,967
282,969
255,972
393,977
52,981
442,981
250,981
239,981
283,990
298,1002
118,1004
116,1005
251,1008
46,1013
25,1018
304,1018
132,1024
206,1024
414,1024
93,1025
453,1033
270,1036
367,1037
86,1038
8,1049
75,1058
432,1061
438,1065
33,1069
312,1075
324,1075
465,1076
110,1078
352,1081
487,1083
421,1083
274,1089
386,1090
192,1094
60,1095
353,1095
7,1105
369,1105
292,1107
74,1107
5,1114
316,1131
194,1132
78,1142
211,1146
90,1152
302,1153
140,1161
390,1162
269,1163
56,1173
329,1183
73,1188
340,1199
280,1199
331,1203
492,1210
200,1211
19,1219
237,1229
347,1232
313,1233
87,1238
232,1240
385,1245
182,1246
120,1252
126,1258
159,1266
273,1266
489,1269
429,1270
150,1270
339,1270
358,1277
258,1282
247,1286
486,1289
147,1291
109,1301
17,1301
151,1306
362,1314
32,1315
446,1326
42,1326
306,1326
277,1331
431,1332
102,1332
191,1333
245,1345
14,1347
103,1352
463,1354
370,1365
379,1369
59,1370
480,1377
479,1402
165,1403
325,1403
257,1403
2,1409
96,1412
462,1415
212,1415
144,1416
83,1417
416,1420
323,1423
235,1432
220,1439
244,1441
285,1443
155,1444
263,1445
20,1446
187,1449
65,1452
35,1461
47,1464
495,1469
54,1472
130,1474
396,1476
123,1490
241,1496
111,1499
228,1507
184,1513
355,1517
79,1532
49,1536
454,1537
106,1540
475,1550
181,1550
381,1550
448,1562
222,1569
218,1575
484,1576
108,1578
301,1578
333,1585
368,1589
321,1590
69,1593
445,1594
497,1596
268,1600
36,1606
426,1608
361,1614
404,1622
259,1625
334,1627
382,1628
491,1628
418,1630
189,1631
468,1635
417,1636
145,1637
281,1644
359,1652
406,1653
131,1669
447,1685
293,1688
423,1689
314,1693
112,1694
439,1705
485,1712
23,1721
300,1731
38,1733
328,1735
193,1738
272,1740
177,1746
424,1749
482,1750
408,1755
384,1755
154,1762
372,1762
167,1762
466,1768
37,1773
449,1774
389,1780
95,1782
456,1784
143,1787
376,1793
115,1795
375,1796
398,1801
471,1808
16,1809
415,1811
94,1818
458,1827
76,1828
98,1834
320,1846
141,1846
101,1848
299,1860
201,1860
500,1866
437,1871
58,1877
185,1889
305,1898
198,1904
214,1908
89,1909
85,1911
43,1912
276,1914
350,1916
470,1917
499,1930
411,1932
152,1932
169,1936
29,1943
50,1953
100,1954
435,1959
225,1960
388,1963
139,1965
297,1966
307,1967
138,1968
327,1971
122,1989
493,1991
77,1996
342,1997
374,1999
227,2002
195,2002
236,2015
216,2015
166,2017
354,2020
395,2021
62,2022
9,2027
183,2029
360,2038
219,2042
146,2045
71,2053
4,2053
290,2065
40,2073
68,2074
399,2077
176,2088
252,2102
467,2106
142,2117
366,2119
230,2123
44,2128
326,2133
119,2142
271,2146
27,2146
234,2147
319,2166
175,2175
215,2181
343,2203
311,2204
246,2212
190,2227
400,2244
97,2247
121,2252
163,2261
295,2266
207,2270
104,2272
221,2278
308,2299
82,2302
57,2319
15,2321
373,2321
291,2323
34,2325
464,2337
243,2344
114,2350
383,2355
149,2360
451,2377
378,2382
158,2384
498,2417
240,2419
249,2429
296,2430
188,2442
391,2448
364,2497
455,2499
253,2500
371,2513
380,2541
133,2556
179,2589
289,2595
481,2601
229,2603
30,2607
262,2619
322,2636
266,2636
430,2655
472,2672
405,2682
402,2687
26,2693
172,2715
287,2716
284,2780
217,2784
469,2796
6,2860
256,2882
10,2887
341,2908
13,2921
3,2981
135,2994
433,3012
125,3014
318,3029
223,3088
174,3091
18,3098
436,3149
238,3163
242,3168
260,3175
365,3202
99,3211
45,3385
397,3396
254,3422
335,3458
197,3516
67,3684
474,3968
265,3988
81,4484

simblock.block.ProofOfWorkBlock@311f7c8d:62
156,0
72,148
337,205
202,264
105,320
476,383
445,440
343,503
311,562
211,629
101,801
358,972
381,1020
468,1106
120,1142
228,1189
165,1245
404,1271
376,1321
317,1340
15,1355
385,1422
5,1491
141,1505
206,1531
80,1570
379,1587
464,1658
327,1662
424,1686
78,1705
462,1740
497,1775
6,1821
216,1890
342,1904
221,1945
4,1952
35,1995
224,2068
392,2128
308,2168
461,2249
293,2253
482,2304
100,2342
125,2454
458,2479
319,2516
309,2653
158,2690
38,2703
40,2868
145,2903
335,2951
448,3053
322,3151
55,3230
341,3400
92,3410
190,3588
262,3767
124,3942
356,4116
488,4289
86,4465
456,4717

simblock.block.ProofOfWorkBlock@237066d2:63
1,0
31,150
44,207
478,265
12,301
54,323
7,359
262,364
484,382
82,416
330,418
315,421
94,438
500,454
412,476
321,477
212,479
311,482
399,495
433,507
476,510
282,513
154,532
422,535
440,537
261,539
118,560
294,561
86,564
36,566
449,572
135,572
489,575
180,583
137,589
127,592
205,594
368,598
310,606
309,611
286,622
278,627
214,628
194,629
202,629
18,633
393,633
274,638
366,644
204,644
184,647
63,650
8,651
143,654
248,657
136,659
352,662
148,666
185,668
419,669
62,685
21,686
64,686
53,686
89,689
72,690
156,691
487,691
447,694
264,695
107,696
293,702
357,704
70,704
24,709
186,709
308,711
176,713
428,714
448,716
275,716
460,717
389,721
320,722
157,724
201,725
188,726
179,727
258,730
346,733
266,742
488,743
408,744
490,746
414,747
439,747
443,747
255,749
13,749
345,752
336,752
16,753
306,754
61,754
224,755
351,759
60,761
3,763
155,767
337,768
199,770
51,773
483,773
339,774
401,776
454,776
233,778
473,778
78,779
210,780
66,780
93,782
95,782
22,784
466,787
40,788
270,792
77,793
477,796
491,800
333,800
367,800
230,801
287,801
231,802
39,804
432,805
406,805
164,806
324,806
28,807
409,809
338,810
387,811
253,811
105,812
239,816
129,816
377,817
203,820
475,820
116,822
29,826
190,827
386,828
162,830
167,831
369,833
168,834
340,835
437,835
200,836
58,837
140,838
435,842
103,845
163,845
343,845
457,846
27,849
458,851
170,853
319,853
493,855
410,856
402,856
344,857
328,858
158,859
250,863
279,863
499,864
426,864
283,865
427,867
350,868
312,872
445,873
153,874
272,874
269,874
425,878
459,879
451,880
471,887
485,887
496,891
392,893
413,893
57,894
441,895
238,902
407,902
453,905
128,905
472,905
113,909
494,911
302,912
305,914
84,914
450,914
358,916
100,916
122,921
196,923
160,924
332,931
92,936
415,936
91,936
356,937
121,939
348,940
144,941
323,946
110,951
405,952
133,961
267,963
208,967
85,968
237,972
206,973
47,974
303,974
161,976
434,976
347,976
430,979
417,987
76,996
216,997
222,998
226,1003
165,1004
469,1007
482,1009
317,1013
492,1013
65,1018
363,1020
178,1031
373,1034
307,1035
48,1041
304,1043
436,1044
33,1062
211,1065
281,1065
17,1066
14,1066
273,1068
90,1069
126,1071
88,1071
5,1075
213,1075
277,1077
421,1078
192,1086
418,1088
197,1092
25,1097
4,1103
32,1106
59,1106
181,1120
218,1123
124,1124
397,1124
46,1129
26,1137
289,1140
83,1144
6,1145
468,1146
325,1147
159,1148
431,1149
420,1153
383,1154
249,1162
123,1167
130,1168
134,1168
2,1175
318,1175
465,1177
55,1181
446,1183
385,1191
390,1193
56,1193
102,1194
35,1196
455,1196
327,1199
235,1213
355,1214
382,1215
244,1215
80,1219
486,1223
497,1224
74,1231
87,1233
384,1237
241,1241
220,1242
361,1242
442,1244
191,1245
254,1247
374,1250
251,1251
149,1253
438,1261
141,1263
225,1265
416,1283
463,1292
101,1294
247,1295
316,1296
396,1302
342,1316
108,1316
376,1320
470,1322
285,1323
495,1325
96,1339
280,1344
398,1345
20,1348
150,1361
198,1362
97,1363
291,1364
120,1368
326,1368
152,1373
395,1375
284,1379
379,1384
461,1386
429,1395
169,1401
34,1404
187,1412
290,1412
79,1414
424,1414
234,1415
49,1433
480,1436
42,1438
209,1441
341,1441
229,1444
354,1449
138,1453
189,1459
131,1462
215,1464
112,1476
175,1476
452,1477
43,1486
75,1487
403,1488
111,1489
240,1492
52,1494
391,1498
242,1498
30,1502
260,1513
329,1513
276,1517
423,1522
335,1528
227,1529
362,1538
359,1542
474,1546
268,1557
301,1572
41,1574
400,1575
23,1584
109,1585
370,1587
372,1592
142,1607
349,1610
117,1613
288,1614
217,1629
195,1646
300,1651
221,1653
462,1654
481,1655
314,1657
166,1663
404,1664
364,1665
295,1674
173,1687
193,1697
50,1699
9,1718
365,1720
232,1742
182,1756
394,1757
236,1773
296,1776
132,1789
467,1790
69,1791
257,1793
183,1796
456,1798
99,1801
375,1803
371,1820
228,1820
106,1825
313,1837
298,1840
378,1857
37,1932
381,1943
411,1961
151,1967
174,1967
243,1976
11,1991
146,1997
15,1998
67,1999
297,2003
263,2005
171,2005
114,2012
119,2014
10,2038
265,2040
299,2065
139,2085
498,2109
245,2118
292,2133
219,2140
479,2162
177,2184
464,2195
256,2217
38,2285
81,2289
380,2290
147,2310
68,2327
444,2339
271,2348
19,2367
334,2420
172,2466
331,2484
246,2519
353,2541
71,2584
104,2594
98,2626
322,2631
115,2670
388,2711
223,2778
259,2782
145,2803
73,2881
125,2944
252,3162
207,3446
360,3740
45,4037

simblock.block.ProofOfWorkBlock@51be75e3:64
306,0
36,152
430,209
454,268
412,302
315,336
363,363
12,368
303,418
54,418
433,427
343,439
25,458
302,475
213,476
321,484
107,496
417,497
338,518
16,520
500,522
199,536
449,536
127,541
31,552
88,559
205,571
63,573
196,575
55,577
267,577
156,587
366,588
77,592
210,600
485,611
51,617
153,619
92,625
450,626
460,627
231,631
420,634
44,635
133,644
476,645
94,650
261,651
472,652
305,665
448,669
211,671
148,673
236,674
373,678
310,678
406,685
407,685
255,688
78,688
340,689
453,690
248,691
266,696
103,696
190,704
203,705
308,707
62,709
70,710
102,711
157,713
167,719
408,723
492,727
160,728
491,729
426,729
490,733
402,734
53,737
401,737
333,739
399,742
293,743
40,744
58,744
440,745
283,745
72,748
414,748
488,752
7,753
21,756
39,760
307,760
356,761
478,762
216,765
428,765
250,767
204,769
279,773
118,776
168,776
178,781
224,781
348,784
143,786
274,787
188,789
437,789
294,793
477,798
483,799
435,799
443,801
320,801
29,802
275,802
346,803
393,806
214,806
202,806
128,808
489,809
324,811
278,812
86,813
155,813
105,814
389,817
140,817
425,819
201,821
272,821
158,822
282,823
116,829
233,831
93,833
350,834
487,835
170,838
432,841
419,843
386,844
493,844
367,845
309,852
154,853
22,853
345,854
226,855
496,856
422,856
447,857
286,858
332,858
66,859
82,860
451,866
164,866
239,868
1,871
357,871
311,874
124,876
499,877
287,878
222,878
439,879
369,879
459,880
162,882
194,884
89,886
17,891
230,891
337,893
135,894
137,896
253,898
95,898
184,900
351,901
336,901
169,902
377,906
110,906
64,910
234,911
319,912
208,912
415,912
328,913
136,914
13,916
466,917
57,917
484,921
330,922
262,923
61,925
200,928
349,928
482,929
8,931
18,932
494,932
84,934
117,935
304,937
186,938
405,939
409,940
27,941
113,944
191,947
163,950
410,956
3,957
473,958
270,959
91,959
180,966
427,967
471,969
413,970
161,972
353,974
185,976
179,977
387,981
65,984
129,986
28,988
475,992
100,993
264,1001
339,1017
46,1021
206,1027
24,1028
368,1030
441,1031
421,1037
445,1037
469,1040
122,1045
392,1050
312,1052
130,1053
176,1060
326,1068
380,1069
151,1070
134,1074
75,1075
376,1077
120,1077
258,1082
446,1084
60,1085
4,1088
458,1093
177,1094
225,1100
285,1103
347,1106
80,1109
298,1111
212,1111
149,1111
268,1117
398,1120
56,1121
2,1123
119,1126
251,1128
404,1130
108,1131
85,1139
121,1139
280,1141
26,1142
497,1143
5,1146
14,1148
457,1156
112,1156
463,1159
281,1169
147,1170
32,1170
344,1170
411,1176
197,1177
292,1177
390,1183
416,1187
361,1189
132,1190
395,1193
59,1194
355,1201
352,1202
465,1206
20,1217
379,1219
76,1221
325,1221
329,1222
48,1237
436,1238
394,1239
365,1241
182,1243
218,1245
327,1246
109,1252
384,1252
442,1254
15,1257
317,1267
290,1269
126,1273
388,1275
257,1277
269,1278
6,1279
429,1286
209,1289
245,1292
403,1298
470,1298
87,1298
181,1301
111,1306
495,1306
237,1308
479,1309
254,1312
249,1315
166,1316
97,1328
90,1330
47,1338
241,1340
131,1346
462,1352
381,1357
382,1360
323,1361
431,1376
141,1379
138,1382
396,1394
96,1397
235,1407
370,1408
434,1412
215,1412
486,1414
455,1419
101,1426
301,1428
468,1431
123,1439
331,1448
291,1449
106,1452
383,1460
52,1461
220,1462
38,1474
374,1475
159,1476
227,1478
152,1479
83,1480
11,1483
37,1486
371,1490
195,1499
289,1500
322,1506
359,1508
223,1518
265,1526
424,1531
276,1533
296,1542
260,1545
144,1547
171,1550
165,1555
30,1559
461,1566
42,1577
114,1581
189,1583
364,1592
229,1593
358,1597
217,1598
238,1600
277,1603
232,1606
400,1610
9,1611
318,1613
81,1615
34,1621
247,1627
10,1629
73,1630
391,1643
150,1653
228,1657
125,1657
142,1660
50,1662
240,1670
172,1674
23,1679
139,1681
452,1685
418,1687
145,1693
474,1700
423,1703
198,1719
273,1725
375,1733
362,1751
498,1761
193,1773
33,1777
481,1790
259,1801
313,1806
263,1815
67,1824
295,1830
41,1832
300,1833
244,1841
438,1857
69,1867
314,1869
354,1869
221,1884
385,1897
271,1897
335,1905
456,1911
104,1945
35,1950
71,1952
464,1976
243,1984
360,1985
174,1995
341,2002
397,2004
480,2028
187,2070
246,2099
49,2122
79,2126
19,2145
316,2175
284,2193
192,2198
68,2201
99,2204
297,2210
146,2243
43,2288
74,2294
467,2295
183,2337
175,2344
334,2362
242,2413
252,2427
299,2486
342,2518
115,2542
207,2588
288,2597
444,2690
256,2696
378,2872
372,2937
98,2992
219,3162
173,3334
45,3478

simblock.block.ProofOfWorkBlock@189e532a:65
44,0
491,148
262,206
1,267
373,296
408,326
124,354
116,355
53,384
185,410
494,412
399,418
321,440
105,451
330,469
267,469
27,473
478,474
214,498
206,504
25,514
264,519
275,526
459,527
212,530
62,532
54,534
294,554
386,560
274,560
475,568
487,571
58,578
422,582
351,584
194,586
36,588
203,591
484,592
278,599
356,600
82,611
64,616
162,618
213,618
160,625
357,626
350,637
186,642
205,642
392,646
458,646
127,646
94,648
66,649
200,652
21,656
427,657
453,657
51,657
7,668
153,670
202,673
8,675
283,676
190,678
336,682
406,683
428,683
319,685
199,685
454,687
226,689
419,694
28,701
22,701
31,702
161,704
482,709
315,711
118,712
320,714
405,716
16,720
488,721
430,721
95,725
236,728
176,728
135,733
121,733
352,734
279,735
168,736
157,737
72,739
154,739
433,740
122,741
188,741
110,742
363,743
440,744
401,745
447,748
451,749
84,749
286,755
211,759
293,760
485,760
270,762
103,768
156,771
413,773
492,773
450,775
167,778
170,780
143,780
466,782
88,790
248,791
328,791
303,792
113,793
147,794
420,795
13,796
477,797
483,798
164,798
306,798
340,799
61,799
435,801
93,803
89,804
40,804
63,805
499,805
107,806
311,807
426,808
201,808
184,808
449,810
250,812
18,820
410,822
204,824
437,825
407,826
310,827
345,829
302,829
307,831
496,831
387,832
196,833
208,834
443,835
77,835
55,837
332,839
305,840
178,848
338,849
210,850
457,850
266,851
367,852
39,852
376,855
309,856
441,856
414,856
402,859
216,862
346,865
179,865
333,866
253,866
348,868
415,868
12,869
128,870
155,871
255,872
417,876
3,878
140,880
57,880
92,880
439,882
471,885
460,887
476,887
324,888
238,891
389,893
5,896
472,896
148,897
304,904
344,905
369,906
287,907
126,908
239,910
339,910
129,912
70,913
136,913
312,917
4,920
308,921
133,922
231,928
261,931
489,933
91,935
282,936
377,936
60,940
448,952
409,956
500,960
368,961
425,961
272,963
117,965
473,967
432,968
73,969
337,970
85,971
108,971
445,975
100,975
393,978
224,981
132,982
137,992
78,994
234,1001
436,1002
366,1017
87,1019
101,1019
177,1028
245,1029
469,1030
230,1032
446,1042
46,1048
86,1050
163,1050
329,1052
149,1064
244,1064
468,1064
49,1070
52,1070
215,1074
237,1077
379,1080
398,1080
479,1083
109,1085
384,1089
192,1090
29,1090
300,1090
365,1094
323,1099
180,1099
394,1105
291,1106
490,1109
289,1109
56,1110
158,1111
403,1116
131,1123
431,1124
317,1128
318,1134
327,1135
486,1136
438,1139
222,1141
381,1141
383,1143
75,1143
134,1145
144,1146
361,1147
418,1152
442,1155
123,1155
343,1166
76,1167
380,1170
90,1173
19,1175
35,1176
470,1179
120,1181
388,1181
495,1184
11,1189
412,1196
159,1198
26,1199
228,1200
20,1203
464,1206
273,1216
169,1218
493,1222
59,1225
80,1230
421,1236
254,1236
197,1236
285,1239
385,1242
463,1245
175,1247
48,1248
498,1249
150,1249
277,1252
114,1252
247,1253
480,1261
301,1262
397,1264
112,1270
182,1270
390,1275
191,1275
269,1276
220,1278
24,1280
240,1283
42,1287
416,1295
257,1298
249,1305
151,1305
281,1307
14,1308
102,1311
429,1311
325,1314
251,1314
233,1315
181,1316
17,1322
359,1323
444,1326
138,1326
152,1335
331,1348
341,1352
96,1355
166,1358
2,1368
246,1369
130,1375
298,1384
355,1387
67,1393
34,1394
258,1409
207,1421
83,1430
195,1430
6,1438
15,1440
225,1442
497,1449
370,1451
174,1459
193,1472
455,1477
33,1478
165,1478
374,1479
391,1486
142,1487
313,1488
347,1491
411,1494
263,1505
452,1505
326,1526
456,1531
314,1541
360,1543
232,1543
30,1543
252,1552
146,1553
382,1556
111,1556
481,1558
50,1560
79,1566
41,1576
183,1578
276,1583
217,1594
68,1607
10,1609
65,1611
462,1613
424,1622
69,1625
23,1626
280,1630
43,1643
335,1652
198,1661
74,1661
364,1663
358,1670
99,1672
375,1684
115,1691
9,1701
173,1721
362,1726
229,1726
404,1728
243,1739
395,1756
284,1767
322,1777
353,1783
37,1796
219,1813
372,1826
434,1830
260,1831
141,1841
349,1841
71,1848
461,1849
221,1867
400,1896
47,1903
371,1907
242,1920
378,1946
32,1957
171,1985
288,2010
241,2011
292,2016
268,2036
139,2039
290,2059
271,2062
256,2078
119,2082
98,2095
106,2130
354,2148
235,2182
209,2187
265,2196
297,2205
342,2209
474,2221
81,2269
189,2293
396,2308
423,2343
296,2345
465,2357
334,2365
172,2366
218,2383
104,2470
295,2548
97,2565
38,2595
299,2640
227,2643
45,2663
467,2685
187,2747
316,2918
125,2938
223,2965
145,3202
259,3499

simblock.block.ProofOfWorkBlock@50bbeae7:66
325,0
73,225
35,306
301,397
52,445
42,500
15,526
37,529
298,612
187,615
132,655
234,661
369,678
218,696
33,711
268,729
14,739
446,743
80,747
323,750
362,790
292,806
169,815
379,824
109,825
286,828
464,830
251,832
19,843
385,850
414,853
247,872
90,880
394,881
249,888
211,891
144,898
130,909
342,912
291,915
49,918
96,926
273,929
463,930
244,935
327,952
483,954
76,963
108,969
181,971
6,979
257,980
329,982
26,983
203,985
421,992
101,995
281,1003
215,1004
426,1005
370,1008
57,1010
238,1010
285,1012
222,1017
490,1028
47,1033
347,1036
220,1041
201,1046
65,1046
56,1049
408,1050
403,1053
470,1054
358,1055
120,1061
345,1063
331,1063
48,1065
497,1065
197,1079
316,1082
416,1086
209,1090
7,1090
438,1094
476,1101
300,1101
182,1102
465,1103
439,1107
150,1113
393,1113
175,1115
349,1129
32,1130
289,1132
13,1135
377,1135
269,1135
159,1138
381,1139
431,1142
117,1144
317,1145
22,1147
455,1148
352,1150
338,1154
75,1154
355,1156
70,1157
424,1157
157,1160
8,1163
103,1163
147,1165
448,1168
191,1169
462,1170
240,1172
17,1178
162,1178
365,1182
384,1184
429,1185
480,1188
450,1189
53,1194
255,1194
258,1194
170,1195
235,1196
62,1196
123,1196
112,1201
392,1203
402,1205
418,1207
166,1208
487,1209
141,1210
328,1212
245,1214
436,1215
404,1215
46,1216
313,1221
156,1223
72,1225
277,1225
160,1227
397,1228
5,1228
97,1231
134,1234
359,1235
126,1237
28,1237
77,1238
61,1239
368,1241
3,1242
31,1244
111,1245
266,1246
102,1251
280,1252
148,1252
127,1252
178,1253
149,1253
353,1255
398,1257
412,1257
468,1258
442,1260
401,1260
168,1264
165,1269
380,1270
87,1278
241,1278
121,1279
27,1282
192,1285
198,1286
410,1287
83,1289
409,1293
405,1293
445,1298
225,1298
396,1299
119,1300
230,1301
95,1306
363,1306
411,1308
312,1308
486,1309
495,1315
479,1317
194,1324
383,1327
500,1329
224,1330
361,1333
74,1334
443,1335
253,1336
444,1338
315,1339
106,1342
151,1344
332,1345
40,1345
434,1349
128,1354
116,1354
60,1355
346,1357
386,1358
275,1359
382,1361
184,1361
435,1363
453,1369
44,1370
11,1370
254,1370
272,1372
406,1375
340,1377
39,1379
419,1382
451,1384
228,1387
310,1389
196,1391
113,1392
427,1397
136,1404
415,1407
204,1408
167,1409
303,1410
318,1411
469,1411
94,1412
440,1416
200,1418
499,1418
326,1423
205,1424
4,1424
460,1425
437,1425
293,1429
202,1430
20,1431
131,1431
212,1432
496,1434
471,1434
422,1443
425,1447
153,1470
59,1478
155,1483
199,1485
407,1485
350,1486
484,1488
98,1495
29,1499
233,1500
78,1503
85,1504
466,1504
55,1507
236,1513
376,1516
114,1518
140,1519
378,1519
356,1522
475,1526
143,1530
459,1531
473,1533
493,1539
433,1541
129,1545
441,1545
248,1547
287,1550
478,1554
270,1556
261,1562
186,1566
2,1580
283,1582
337,1582
307,1584
432,1590
237,1591
18,1594
93,1594
302,1598
122,1601
413,1602
274,1605
226,1610
366,1610
63,1617
179,1618
66,1620
333,1621
125,1624
16,1646
428,1661
279,1664
271,1677
423,1679
91,1680
161,1683
23,1685
51,1687
367,1693
388,1693
461,1696
99,1697
86,1698
107,1705
50,1709
231,1711
152,1714
250,1715
135,1723
399,1723
449,1725
118,1729
360,1734
210,1736
67,1736
229,1741
457,1748
177,1750
485,1758
38,1760
351,1762
12,1768
294,1768
417,1770
306,1772
390,1777
164,1778
69,1780
420,1783
163,1783
276,1785
154,1788
24,1793
267,1794
264,1798
1,1798
299,1804
189,1806
115,1811
243,1823
188,1837
344,1841
297,1859
58,1864
336,1864
354,1865
10,1868
207,1881
477,1881
488,1882
309,1883
305,1884
89,1891
82,1907
304,1925
284,1927
68,1932
79,1934
319,1936
481,1939
54,1942
343,1949
389,1953
491,1958
260,1959
88,1961
213,1962
295,1965
173,1968
21,1970
447,1975
265,1976
84,1982
9,1993
208,2015
387,2015
374,2030
339,2038
36,2039
34,2043
100,2057
320,2058
137,2064
324,2064
263,2079
296,2079
458,2081
252,2102
492,2105
482,2112
64,2144
311,2158
372,2167
391,2187
25,2191
489,2195
467,2200
400,2208
139,2210
217,2212
105,2213
239,2216
171,2217
452,2219
335,2225
221,2226
190,2233
454,2243
133,2246
321,2254
45,2283
176,2294
104,2312
193,2327
371,2351
395,2352
180,2391
146,2394
375,2396
308,2407
494,2418
110,2426
330,2437
246,2442
145,2449
474,2467
256,2470
288,2471
185,2475
357,2568
158,2583
195,2594
206,2599
314,2599
373,2599
223,2639
227,2649
30,2649
472,2650
142,2700
242,2734
282,2741
262,2761
278,2774
214,2775
172,2848
174,2855
290,2896
232,2901
216,2915
92,2936
430,2952
259,2975
81,2986
348,3092
322,3098
41,3113
124,3128
341,3148
71,3178
138,3196
498,3343
43,3351
364,3360
456,3376
183,3417
334,3453
219,3707

simblock.block.ProofOfWorkBlock@17de3e61:67
468,0
87,217
385,303
240,392
469,436
17,476
65,523
120,528
130,562
126,608
147,613
327,615
285,654
144,656
495,692
247,703
187,705
251,737
388,750
497,756
480,756
257,773
380,783
403,796
346,801
108,821
486,831
106,832
5,835
47,840
301,841
111,845
268,859
132,864
42,873
316,878
317,886
436,902
209,913
26,919
192,924
292,925
394,927
438,938
32,946
101,952
473,952
134,955
411,958
381,963
323,969
123,974
476,981
281,988
462,989
416,991
379,999
151,999
182,1001
75,1003
146,1006
2,1011
442,1016
254,1017
168,1018
433,1019
244,1023
73,1028
191,1034
269,1037
277,1040
218,1046
181,1048
359,1054
228,1059
33,1063
397,1065
258,1072
234,1073
465,1074
196,1075
396,1078
198,1080
470,1080
245,1083
48,1095
102,1096
35,1097
446,1097
135,1101
463,1107
494,1108
52,1120
342,1120
365,1128
80,1131
37,1136
424,1137
21,1141
496,1143
150,1145
493,1145
347,1145
390,1147
384,1147
298,1148
215,1149
331,1150
273,1155
291,1157
328,1157
414,1160
109,1162
141,1162
407,1171
326,1177
165,1179
176,1180
329,1181
455,1182
59,1182
15,1182
459,1195
450,1198
307,1198
489,1199
460,1203
156,1204
272,1208
383,1211
289,1213
420,1214
222,1216
479,1219
14,1220
131,1221
220,1227
137,1229
56,1230
249,1231
409,1235
313,1238
361,1243
362,1249
363,1249
166,1251
119,1253
180,1254
400,1254
61,1255
179,1259
112,1259
169,1264
275,1268
90,1272
404,1272
4,1273
309,1277
294,1281
422,1285
376,1286
74,1293
448,1294
76,1297
429,1297
19,1301
197,1301
444,1301
177,1304
149,1304
421,1308
353,1308
435,1309
91,1310
382,1312
280,1312
225,1319
488,1322
413,1330
355,1331
155,1331
186,1333
283,1338
121,1342
16,1343
84,1345
49,1347
44,1348
199,1355
387,1355
208,1357
500,1358
318,1365
205,1366
458,1370
96,1373
153,1374
27,1374
415,1375
464,1377
22,1378
39,1379
82,1379
20,1380
349,1384
235,1385
170,1386
83,1388
216,1391
358,1392
46,1392
6,1397
175,1399
325,1400
434,1401
418,1404
167,1416
64,1425
266,1429
466,1432
350,1435
159,1436
8,1438
315,1440
398,1441
162,1446
92,1449
471,1452
78,1452
287,1452
140,1462
40,1464
203,1464
210,1464
305,1467
12,1468
230,1468
241,1473
117,1475
478,1475
264,1482
300,1482
339,1485
431,1485
66,1486
439,1494
351,1495
129,1498
53,1498
31,1500
306,1506
133,1509
399,1512
440,1512
214,1517
499,1519
356,1520
255,1524
226,1525
410,1528
447,1531
236,1531
405,1532
103,1534
85,1544
417,1546
412,1550
24,1551
393,1553
237,1554
338,1555
7,1556
457,1556
97,1556
490,1558
94,1559
278,1561
367,1561
239,1562
158,1564
11,1566
408,1567
370,1568
451,1573
36,1578
430,1580
426,1601
57,1612
336,1613
115,1617
113,1622
261,1622
107,1628
110,1628
45,1630
86,1638
3,1638
402,1639
445,1641
286,1642
321,1643
238,1644
200,1644
310,1646
487,1651
477,1656
308,1656
340,1662
213,1667
484,1673
348,1673
114,1677
160,1679
81,1681
386,1681
58,1685
72,1686
250,1687
299,1692
472,1693
13,1694
441,1698
163,1699
100,1702
25,1706
279,1709
70,1711
77,1720
391,1725
224,1726
373,1726
188,1731
343,1732
231,1732
377,1732
164,1735
449,1735
274,1741
302,1748
185,1753
1,1753
324,1755
263,1756
392,1786
357,1790
452,1798
256,1802
63,1805
128,1807
207,1807
190,1808
9,1808
154,1813
248,1817
456,1818
432,1820
51,1824
437,1827
372,1828
425,1831
161,1832
369,1835
252,1847
428,1850
265,1851
184,1854
267,1860
333,1864
219,1866
202,1867
183,1870
427,1871
206,1872
116,1878
253,1880
366,1882
178,1885
492,1886
139,1887
304,1897
282,1900
118,1900
93,1906
332,1909
55,1917
454,1919
18,1921
481,1923
105,1923
474,1927
136,1932
68,1963
368,1970
43,1978
127,1983
423,1987
171,1997
157,2001
303,2002
104,2005
334,2018
143,2023
99,2035
233,2043
312,2044
337,2046
375,2046
344,2055
320,2056
276,2068
483,2073
95,2077
28,2078
395,2085
204,2094
311,2098
194,2105
354,2107
246,2108
485,2113
260,2114
98,2118
71,2131
271,2132
242,2136
297,2138
443,2176
201,2176
288,2218
88,2218
211,2219
262,2222
30,2226
330,2252
138,2259
122,2259
259,2259
345,2267
293,2271
172,2283
89,2286
221,2298
69,2323
364,2365
284,2371
174,2384
322,2394
124,2396
352,2396
419,2403
229,2417
406,2432
54,2440
270,2446
475,2459
195,2466
223,2469
314,2512
193,2529
360,2531
295,2570
29,2572
461,2605
62,2619
67,2630
341,2634
378,2644
125,2662
227,2671
374,2679
232,2687
319,2748
10,2777
453,2803
173,2843
38,2898
389,2924
50,2925
371,2926
152,2928
335,2935
148,2985
41,3029
290,3093
60,3101
23,3174
217,3180
401,3201
498,3238
482,3275
34,3277
189,3432
212,3455
79,3486
296,3526
491,3643
243,3883
142,4130
467,4383
145,4653

simblock.block.ProofOfWorkBlock@4110f6ed:67
433,0
7,148
36,205
248,263
44,295
86,321
441,353
412,361
55,382
124,411
336,420
321,421
262,443
420,447
482,470
110,476
210,479
206,482
278,507
1,511
121,513
211,530
188,532
352,537
185,538
12,538
350,562
212,564
21,571
53,572
25,573
118,587
490,590
92,593
405,594
407,594
306,596
435,596
393,596
58,619
65,620
266,621
311,624
415,627
303,629
236,635
16,641
409,645
31,650
63,650
417,652
116,656
40,658
439,662
484,664
487,664
294,665
448,666
419,678
156,682
200,682
483,683
202,685
85,685
386,686
167,689
190,691
338,691
267,698
472,703
496,704
180,706
179,712
214,712
422,712
492,713
184,718
307,719
363,721
82,722
392,722
399,723
332,724
127,724
61,724
451,732
158,734
369,739
275,740
39,741
401,743
213,744
339,745
196,746
28,747
270,747
449,747
377,747
136,748
199,749
66,749
357,750
477,753
425,758
414,759
432,760
330,764
168,768
287,769
186,769
457,769
264,771
29,774
224,777
408,778
489,778
333,778
324,778
54,779
466,781
491,781
346,784
337,788
373,789
261,790
402,793
368,796
286,797
233,798
13,800
367,802
443,802
122,802
493,804
454,805
440,805
239,805
488,807
320,809
157,810
500,811
137,811
460,812
176,814
499,815
366,821
406,823
24,831
140,831
312,831
22,833
283,834
304,835
154,835
450,835
94,836
426,837
27,843
428,844
103,846
89,847
413,848
70,848
60,849
107,850
143,853
72,854
216,856
475,856
129,858
250,859
387,860
201,860
164,860
4,861
430,862
279,863
305,864
91,866
274,867
445,867
84,870
476,870
62,871
308,871
478,872
473,876
3,876
459,877
240,879
226,880
272,887
178,891
389,892
93,892
64,892
310,892
344,894
485,895
57,897
302,898
128,898
340,907
328,907
161,907
309,910
95,915
290,916
345,916
315,917
77,921
51,924
230,924
348,924
427,927
231,927
203,928
135,931
356,935
148,937
150,940
105,943
298,944
204,945
47,950
208,950
447,950
160,954
253,954
376,954
381,959
453,965
133,965
100,970
163,971
162,981
255,983
88,985
18,990
113,992
194,997
343,1001
149,1008
155,1008
282,1010
437,1011
170,1011
165,1015
78,1027
438,1028
359,1029
20,1031
318,1032
471,1038
319,1042
96,1044
132,1048
112,1051
458,1052
411,1056
398,1062
291,1067
293,1069
198,1072
153,1074
244,1086
325,1088
455,1090
465,1091
5,1092
281,1095
358,1098
431,1099
83,1109
388,1113
403,1117
197,1125
404,1126
117,1126
351,1127
49,1127
90,1129
8,1136
429,1140
19,1143
6,1148
220,1160
11,1161
144,1162
349,1169
380,1175
497,1177
327,1178
123,1178
424,1179
446,1181
42,1181
436,1183
134,1186
494,1186
442,1188
102,1191
362,1192
410,1193
254,1195
97,1198
317,1199
218,1200
370,1200
394,1201
48,1207
147,1207
292,1210
385,1211
379,1215
2,1215
461,1220
56,1221
383,1222
101,1226
418,1226
14,1226
130,1226
76,1234
126,1237
416,1237
15,1241
205,1256
131,1260
182,1264
26,1265
390,1265
209,1267
486,1268
251,1274
361,1274
237,1281
80,1283
243,1285
238,1296
495,1301
119,1301
73,1314
342,1335
241,1351
141,1351
9,1356
120,1357
32,1364
249,1365
59,1369
382,1370
365,1374
245,1385
269,1386
285,1392
289,1392
277,1395
434,1396
421,1400
384,1402
280,1406
341,1413
247,1415
323,1416
462,1425
41,1432
151,1433
234,1439
17,1442
463,1446
355,1452
252,1468
50,1471
111,1475
109,1476
334,1489
229,1492
242,1493
114,1494
67,1495
335,1495
498,1501
395,1505
175,1505
456,1509
189,1515
271,1520
108,1521
354,1525
68,1531
79,1539
37,1546
232,1548
452,1554
331,1559
474,1566
276,1566
329,1569
396,1569
268,1569
464,1570
191,1574
52,1578
71,1581
364,1584
192,1586
23,1592
257,1596
235,1602
480,1610
469,1624
99,1627
423,1638
301,1645
177,1645
256,1654
183,1656
207,1658
391,1672
300,1681
374,1683
375,1689
258,1692
171,1707
215,1716
360,1729
75,1738
313,1741
273,1743
106,1743
225,1767
353,1772
142,1778
34,1785
139,1791
314,1793
299,1793
33,1816
159,1819
217,1844
316,1855
221,1856
30,1860
260,1861
326,1863
297,1866
81,1870
227,1884
371,1893
187,1913
468,1913
467,1923
125,1927
152,1936
222,1939
46,1942
263,1948
481,1967
169,1989
115,1990
322,1991
397,2024
181,2034
246,2035
372,2060
166,2087
172,2102
174,2109
347,2119
400,2145
193,2156
74,2160
145,2195
228,2198
296,2223
104,2250
38,2274
470,2290
138,2321
288,2321
35,2331
284,2371
444,2380
223,2401
146,2407
10,2435
259,2494
43,2507
195,2540
479,2550
219,2616
69,2637
295,2669
265,2732
98,2852
378,2901
173,3193
45,3201

simblock.block.ProofOfWorkBlock@69e0bdc5:68
22,0
408,149
250,205
24,268
211,298
180,325
63,355
18,361
445,383
387,412
344,416
194,417
286,440
201,445
116,474
154,474
27,474
127,476
493,496
369,501
28,503
85,513
44,531
439,534
157,534
213,536
427,551
86,555
287,560
103,561
270,566
320,567
482,571
202,591
164,591
212,592
392,592
419,597
426,597
21,607
310,608
266,612
39,616
7,618
435,622
53,623
432,625
410,625
477,628
77,630
62,630
412,647
476,648
57,649
366,651
163,652
200,656
340,659
203,661
170,665
278,671
31,671
309,672
196,673
78,679
490,680
156,680
161,680
214,681
190,682
84,683
248,685
279,686
304,686
363,687
450,694
61,699
255,702
274,705
205,707
346,708
92,709
155,711
137,712
433,715
356,718
447,719
453,721
148,723
484,728
8,730
343,730
16,734
449,737
393,738
491,740
405,741
332,741
478,741
40,742
140,742
121,743
122,744
488,747
199,748
402,748
348,749
338,751
236,751
124,754
29,757
261,761
460,762
440,763
262,765
308,768
305,769
93,769
253,769
283,770
55,772
420,772
94,773
70,774
88,779
401,780
186,780
487,782
129,783
483,784
293,784
492,786
311,788
264,791
167,794
417,794
36,798
82,800
282,800
105,801
51,801
176,801
233,801
153,804
415,805
95,807
162,807
168,808
458,808
328,808
443,808
459,810
72,812
158,813
312,813
339,814
160,815
272,815
336,819
500,819
389,820
184,822
494,822
267,826
230,827
352,828
448,830
409,832
185,833
413,834
188,834
357,837
118,839
13,840
120,841
133,844
275,844
499,846
457,846
113,846
473,846
60,847
337,855
425,858
333,858
330,858
368,859
294,859
89,860
302,861
210,862
485,864
451,865
58,866
206,866
178,867
307,869
91,870
64,871
496,872
224,875
226,877
386,878
231,883
179,884
472,887
306,888
441,888
373,892
100,896
110,896
208,901
239,902
430,904
109,909
437,914
315,916
321,917
407,918
414,918
350,918
422,920
376,920
216,921
475,926
12,931
489,932
135,933
182,934
471,935
144,939
35,941
128,941
324,946
66,947
218,950
421,953
136,956
367,959
244,961
143,963
108,965
1,975
454,978
204,982
54,985
107,986
384,990
351,991
165,991
25,998
325,1001
495,1007
249,1015
319,1015
112,1017
442,1033
331,1034
377,1040
466,1042
345,1043
90,1050
198,1055
428,1058
247,1060
245,1061
187,1065
20,1066
301,1069
4,1069
434,1079
56,1088
32,1097
480,1099
303,1100
222,1101
380,1102
399,1103
151,1104
353,1106
73,1106
462,1108
237,1108
463,1111
123,1115
316,1117
19,1120
131,1120
65,1121
465,1123
388,1126
394,1126
119,1131
26,1134
329,1136
403,1138
370,1140
234,1141
159,1146
17,1155
149,1159
424,1160
406,1160
431,1160
497,1161
228,1165
469,1165
141,1167
209,1171
258,1171
114,1172
390,1172
254,1178
106,1179
291,1186
97,1187
197,1192
134,1203
87,1210
220,1213
397,1219
102,1220
398,1222
15,1224
355,1230
383,1232
416,1235
444,1236
273,1239
251,1241
117,1241
396,1249
48,1261
292,1261
347,1269
470,1271
191,1272
74,1274
285,1275
411,1278
446,1279
225,1279
235,1280
268,1283
80,1297
130,1297
241,1298
468,1302
263,1304
147,1306
436,1311
257,1312
14,1312
37,1315
379,1317
404,1322
326,1331
280,1331
342,1335
166,1337
381,1348
3,1356
5,1357
150,1376
455,1384
76,1390
132,1392
323,1405
382,1410
33,1411
126,1412
81,1415
67,1417
327,1417
277,1433
111,1439
359,1443
175,1445
11,1447
83,1448
429,1451
361,1452
317,1452
256,1453
464,1459
349,1470
314,1472
252,1484
362,1487
341,1495
23,1498
284,1502
238,1503
68,1507
96,1507
240,1508
474,1509
423,1515
300,1518
313,1520
400,1520
360,1520
169,1527
456,1530
334,1533
221,1534
59,1547
259,1558
215,1562
290,1565
34,1574
395,1582
378,1588
479,1588
145,1589
75,1604
38,1605
385,1609
47,1614
101,1615
223,1622
281,1622
269,1622
42,1623
6,1624
335,1667
217,1685
171,1696
486,1702
193,1708
298,1716
41,1736
371,1744
295,1750
177,1779
192,1784
365,1785
452,1791
49,1800
242,1802
260,1805
142,1815
115,1855
173,1866
276,1867
498,1872
246,1875
354,1879
358,1891
189,1900
229,1901
45,1919
289,1951
418,1955
271,1970
139,1989
79,1999
391,2031
181,2064
43,2083
318,2125
438,2132
375,2133
364,2160
99,2166
227,2171
232,2183
9,2185
52,2240
10,2253
172,2284
146,2290
46,2296
243,2342
50,2368
299,2422
125,2466
152,2467
2,2473
372,2515
69,2525
219,2527
138,2658
71,2719
461,2769
98,2823
174,2957
265,3067
467,3210
183,3303
207,3683

simblock.block.ProofOfWorkBlock@7d50977d:69
129,0
205,148
163,222
118,281
140,304
127,355
91,363
208,411
408,419
1,433
236,458
261,468
303,482
399,513
176,515
162,519
24,528
339,546
167,562
405,572
425,572
311,575
484,583
344,602
160,607
496,618
29,620
13,626
78,630
31,631
210,632
202,633
94,639
488,659
179,665
293,672
25,673
3,673
483,675
8,682
294,683
206,686
460,689
63,693
264,695
220,698
51,701
16,720
393,723
450,725
186,730
184,731
457,731
213,732
199,734
12,736
84,738
417,745
27,747
272,750
366,752
454,753
103,754
70,759
340,765
471,768
60,775
7,776
409,776
214,778
440,780
275,782
85,783
368,785
482,789
387,792
413,794
239,795
475,796
490,797
437,798
332,802
39,803
53,808
493,809
153,810
306,810
86,814
406,816
386,818
278,821
267,823
458,828
203,833
122,835
472,835
224,836
428,836
321,837
476,837
338,841
351,843
441,845
54,845
494,846
155,847
121,848
154,852
248,852
412,853
253,853
128,858
430,858
451,858
357,858
61,862
491,864
352,865
282,866
64,868
148,870
75,872
312,873
448,874
255,877
124,877
168,882
204,884
500,885
230,885
422,892
373,894
135,894
304,895
477,897
392,898
356,899
88,899
367,901
56,902
369,902
89,903
315,905
443,907
156,907
196,908
270,909
283,912
442,914
231,915
279,915
116,917
345,917
93,921
95,921
420,921
308,922
402,925
447,926
201,926
433,927
473,928
459,934
328,938
149,938
21,939
348,939
401,939
105,941
445,950
389,951
305,954
72,956
66,956
336,957
410,959
302,964
324,965
307,966
274,968
113,969
377,970
158,971
170,974
499,978
161,979
117,980
58,983
55,984
143,984
188,984
492,993
379,995
157,995
350,996
216,997
62,997
133,998
185,1001
485,1010
310,1013
82,1015
178,1016
466,1026
419,1027
489,1027
370,1036
416,1039
286,1041
83,1042
107,1045
415,1048
291,1051
233,1056
28,1058
226,1069
355,1069
462,1070
376,1074
111,1078
281,1080
449,1089
109,1092
280,1096
235,1102
251,1114
77,1115
238,1115
285,1118
92,1126
126,1128
434,1140
403,1148
398,1149
469,1153
287,1155
15,1165
14,1166
404,1170
273,1171
309,1172
396,1177
346,1184
234,1190
323,1190
49,1193
165,1197
424,1205
383,1205
182,1210
363,1212
269,1212
245,1217
26,1217
76,1221
141,1222
240,1223
144,1224
277,1224
327,1225
187,1239
325,1240
19,1241
486,1245
108,1248
384,1249
59,1249
316,1251
362,1252
330,1252
101,1259
90,1261
97,1262
33,1265
249,1267
331,1267
57,1276
102,1278
320,1283
254,1285
349,1286
313,1289
159,1296
225,1298
5,1301
381,1303
317,1304
120,1307
411,1315
301,1323
130,1324
40,1335
65,1340
218,1343
123,1345
444,1355
134,1355
329,1359
292,1368
470,1371
382,1374
87,1375
394,1377
487,1380
114,1385
110,1391
300,1392
17,1394
198,1394
446,1394
318,1395
171,1401
209,1418
268,1424
241,1428
228,1435
18,1439
252,1440
464,1458
73,1464
169,1466
247,1469
132,1483
23,1484
260,1490
194,1495
481,1495
341,1500
342,1504
326,1510
48,1514
197,1515
10,1521
423,1526
42,1529
290,1536
361,1544
2,1544
106,1546
378,1549
217,1549
211,1552
242,1555
20,1555
452,1555
215,1566
152,1566
429,1568
465,1570
41,1572
189,1574
96,1575
166,1590
431,1596
67,1609
147,1615
22,1618
151,1633
388,1638
237,1638
34,1642
297,1643
479,1653
68,1657
276,1667
4,1670
212,1674
232,1679
347,1686
374,1687
495,1687
81,1687
35,1704
322,1723
37,1727
80,1728
142,1732
173,1732
175,1738
455,1744
222,1745
436,1751
296,1761
397,1766
131,1767
79,1779
30,1791
400,1806
390,1808
353,1808
256,1831
375,1832
190,1834
115,1841
119,1851
227,1856
289,1858
45,1873
258,1876
453,1891
395,1897
365,1910
385,1922
295,1930
229,1935
244,1938
262,1955
195,1976
498,1978
334,2009
263,2015
180,2019
421,2025
257,2045
43,2047
288,2051
259,2052
335,2064
164,2078
223,2089
380,2090
360,2091
181,2093
391,2133
478,2138
50,2152
314,2180
36,2196
468,2200
271,2220
104,2221
497,2223
432,2256
38,2259
435,2312
172,2329
139,2338
337,2368
138,2372
46,2399
266,2419
193,2421
414,2425
354,2454
456,2468
246,2485
125,2524
250,2537
265,2562
463,2569
192,2595
333,2596
461,2634
99,2638
371,2658
243,2761
11,2765
146,2769
364,2771
47,2772
183,2794
145,2852
69,2863
9,2945
200,3040
174,3067
372,3105
74,3116
177,3118
219,3136
136,3154
284,3234
474,3421
52,3964
467,4049
207,4537

simblock.block.ProofOfWorkBlock@195c2089:68
189,0
256,389
219,536
260,683
296,781
290,926
102,961
125,1029
474,1073
177,1117
456,1218
317,1224
223,1231
49,1378
23,1384
17,1437
316,1490
33,1494
438,1506
446,1644
151,1650
164,1741
234,1754
326,1760
390,1775
166,1896
396,1903
198,2013
455,2024
238,2039
488,2042
429,2145
489,2210
394,2275
469,2296
462,2302
154,2339
327,2401
236,2508
159,2534
75,2556
254,2560
439,2643
359,2652
399,2808
123,2819
449,2832
194,2853
101,2902
21,2947
397,3082
157,3105
279,3132
76,3156
345,3160
356,3254
323,3344
466,3402
65,3407
24,3431
443,3465
445,3559
144,3618
351,3703
36,3729
136,3756
450,3764
318,3876
61,4003
91,4027
386,4062
184,4114
117,4136
122,4300
214,4324
210,4439
405,4465
428,4599
478,4737
158,4815
200,4899
211,5036
205,5197
77,5338
121,5507
92,5641
338,5804
471,5956
213,6105

simblock.block.ProofOfWorkBlock@3f679da8:70
13,0
409,259
261,316
304,372
490,417
203,436
447,466
437,474
62,496
31,525
439,532
158,533
226,553
58,587
448,589
162,590
473,591
124,594
311,612
338,616
8,623
453,646
93,649
336,650
366,650
417,651
449,653
387,669
57,672
12,676
420,683
143,687
137,689
190,702
88,703
485,707
309,709
204,710
129,713
188,732
185,735
440,738
179,739
64,741
346,741
202,743
419,743
253,746
95,746
499,754
113,763
154,765
133,767
428,768
29,771
407,772
324,772
84,775
402,792
212,798
345,798
267,799
161,799
430,799
274,800
72,801
186,804
405,804
24,804
233,805
82,806
415,806
127,807
459,814
180,817
310,822
399,822
140,823
319,824
412,825
305,826
199,830
393,831
478,835
442,838
94,840
433,841
168,843
270,850
70,855
236,856
153,856
135,856
330,858
196,859
356,860
367,860
28,861
51,862
272,863
466,864
337,866
488,867
7,867
118,867
216,868
107,869
306,870
351,873
39,874
27,881
286,882
352,885
472,885
85,885
176,887
230,889
155,891
40,893
355,893
414,894
489,894
54,895
160,898
450,900
91,907
278,910
279,911
328,912
308,912
432,912
231,914
16,917
100,917
213,919
348,920
389,921
275,923
55,924
164,924
457,924
77,925
201,925
500,927
66,928
63,929
350,932
408,939
443,939
178,940
1,942
427,943
464,945
426,945
340,947
401,948
445,949
214,949
487,949
156,952
121,953
492,954
89,954
422,955
484,956
44,959
283,962
476,969
483,970
184,971
92,973
496,976
293,980
208,981
493,981
343,982
320,983
339,984
425,984
475,985
333,988
224,989
163,992
53,996
116,997
307,998
148,999
36,1000
60,1003
454,1003
458,1003
441,1004
18,1006
194,1008
435,1010
266,1012
302,1013
294,1013
344,1014
149,1016
5,1025
122,1027
451,1028
255,1030
250,1033
287,1034
406,1042
15,1044
103,1044
170,1044
167,1048
78,1054
392,1055
262,1055
105,1056
413,1061
468,1062
102,1068
211,1070
61,1073
21,1076
35,1080
386,1083
385,1084
362,1085
110,1091
410,1098
477,1100
373,1102
128,1111
239,1112
491,1113
377,1115
206,1120
424,1125
37,1133
365,1139
471,1140
210,1144
3,1148
418,1153
289,1153
248,1155
298,1155
357,1155
369,1157
376,1160
222,1163
282,1168
151,1169
117,1171
363,1179
431,1181
264,1182
398,1184
59,1184
326,1187
80,1198
482,1199
494,1201
463,1203
175,1205
301,1206
380,1206
332,1212
75,1212
258,1219
303,1222
368,1224
205,1226
109,1229
83,1229
349,1229
150,1231
48,1233
292,1236
106,1236
101,1237
331,1241
4,1245
87,1246
411,1248
359,1254
47,1255
465,1255
191,1257
436,1257
315,1258
254,1260
181,1260
358,1271
312,1275
86,1282
76,1287
11,1292
182,1296
6,1297
460,1298
139,1304
17,1306
65,1307
215,1314
444,1315
25,1315
198,1324
90,1325
277,1330
403,1330
384,1331
234,1332
141,1338
329,1339
370,1341
247,1343
317,1348
30,1354
112,1354
225,1357
56,1359
321,1360
434,1361
497,1362
300,1362
147,1362
347,1370
132,1376
381,1377
281,1385
269,1385
421,1385
157,1390
257,1396
273,1399
108,1401
20,1403
397,1410
130,1412
455,1421
480,1426
244,1428
327,1430
120,1430
32,1444
382,1468
126,1469
192,1477
144,1491
33,1496
228,1498
73,1499
235,1502
96,1509
318,1517
341,1525
383,1525
390,1526
240,1532
342,1534
364,1535
469,1536
114,1537
396,1542
404,1552
209,1558
166,1568
171,1572
291,1576
241,1578
177,1579
152,1583
2,1583
81,1588
290,1594
429,1597
479,1600
232,1600
391,1606
265,1612
119,1613
41,1613
246,1618
189,1628
372,1629
361,1638
138,1644
325,1648
223,1654
68,1660
452,1665
296,1668
295,1672
229,1674
481,1675
378,1678
238,1682
123,1692
42,1693
237,1698
74,1705
172,1711
43,1715
134,1720
354,1721
486,1722
495,1736
174,1742
353,1745
46,1748
245,1763
98,1764
276,1766
220,1768
416,1769
242,1781
249,1785
251,1812
438,1818
288,1820
146,1833
14,1853
67,1858
49,1863
474,1863
187,1869
115,1874
316,1882
79,1883
221,1884
183,1884
394,1895
322,1900
462,1918
313,1919
165,1936
271,1953
280,1955
446,1981
395,1982
104,2003
334,2023
379,2034
159,2038
227,2052
314,2057
268,2061
99,2068
470,2093
388,2101
371,2103
131,2109
461,2123
195,2141
50,2146
142,2147
111,2151
23,2174
38,2179
169,2214
97,2234
217,2239
10,2273
285,2277
26,2278
34,2293
71,2323
299,2339
498,2339
335,2385
323,2390
218,2405
400,2427
219,2428
374,2432
69,2438
52,2447
125,2456
297,2516
173,2519
256,2562
243,2578
9,2631
467,2632
260,2633
19,2636
423,2682
145,2694
193,2722
284,2850
375,2859
252,2915
136,2963
456,2965
259,3000
200,3021
22,3081
360,3207
197,3250
263,3251
207,3493
45,3792

simblock.block.ProofOfWorkBlock@21084473:70
49,0
289,225
159,311
35,396
497,502
114,530
169,587
131,612
366,762
342,810
427,811
479,837
42,895
361,919
110,940
241,977
402,988
215,1007
382,1062
300,1089
155,1114
47,1144
377,1161
182,1171
175,1234
248,1287
123,1319
200,1337
302,1348
422,1462
250,1493
214,1504
44,1513
472,1533
153,1563
24,1620
39,1635
493,1666
72,1688
216,1688
286,1707
352,1744
482,1801
63,1809
428,1843
448,1865
419,1882
459,1987
424,1989
239,2034
490,2039
58,2058
280,2166
320,2167
89,2207
333,2240
354,2251
1,2345
137,2390
62,2414
229,2451
173,2506
205,2519
164,2564
363,2591
194,2692
299,2733
386,2748
263,2757
208,2768
53,2877
264,2949
290,3005
219,3012
142,3020
491,3051
60,3122
308,3224
36,3410
414,3587
45,3788
256,4044

simblock.block.ProofOfWorkBlock@6f6f6794:70
69,0
220,725
292,1009
464,1290
191,1566
359,1845
362,2136
232,2419
279,2798
332,3190
287,3574
18,3954
184,4334
405,4721
336,5102
92,5481
350,5870
351,6256

simblock.block.ProofOfWorkBlock@1637cd7d:71
417,0
432,151
261,208
70,264
430,320
190,329
447,359
279,377
127,394
445,414
21,416
420,434
336,454
343,470
29,473
367,480
413,488
95,491
270,507
345,511
88,526
487,527
312,530
91,537
180,544
466,550
366,567
57,569
185,579
491,582
255,584
140,587
294,587
453,604
485,605
118,607
226,610
308,619
188,626
471,631
356,636
363,638
320,640
186,641
433,644
129,646
214,647
321,659
473,660
422,661
202,662
484,667
282,674
267,675
133,676
365,677
408,679
443,682
32,682
333,683
60,687
78,692
399,694
156,694
401,695
476,695
157,699
53,702
13,703
160,703
319,703
64,716
212,717
449,718
176,718
414,719
346,721
274,721
208,724
386,727
496,731
216,731
24,732
373,735
458,738
272,738
338,740
488,743
163,745
16,748
387,751
194,752
22,752
82,759
105,760
1,761
306,761
124,765
44,767
460,772
472,772
393,773
196,773
201,774
72,775
55,778
425,778
392,779
275,780
128,783
121,783
344,786
116,788
161,789
7,793
155,793
113,796
406,796
89,800
154,800
402,800
84,803
494,804
478,806
330,810
136,811
482,811
419,813
492,814
162,817
439,818
286,818
332,822
211,827
204,827
236,827
348,827
168,829
428,830
405,830
86,830
475,831
93,832
203,832
199,834
63,834
499,839
440,839
489,839
266,840
231,842
459,845
351,846
415,846
377,847
239,849
427,850
65,852
12,853
130,854
483,856
58,857
77,858
278,859
448,862
36,864
107,865
40,867
184,867
170,870
340,870
287,870
109,872
441,873
230,876
311,878
357,878
179,880
66,882
51,884
135,884
310,886
412,886
94,887
369,887
27,888
153,888
143,890
137,892
368,895
150,895
389,898
457,899
28,899
206,901
451,902
85,902
328,903
75,905
250,906
307,906
302,907
454,911
305,912
352,914
253,914
309,914
61,914
39,920
167,920
164,924
3,925
350,927
233,927
213,930
122,932
283,932
500,936
200,938
224,938
54,940
25,941
437,943
103,944
490,945
31,946
92,949
318,956
264,958
210,959
166,964
293,964
407,966
493,968
303,969
111,978
178,979
18,983
337,987
426,989
342,999
8,1000
409,1002
339,1002
62,1018
444,1025
165,1025
191,1027
324,1028
144,1028
329,1031
5,1033
277,1037
327,1044
262,1047
237,1051
240,1059
248,1062
182,1064
370,1066
100,1066
315,1075
298,1076
421,1081
479,1083
431,1086
486,1092
228,1094
220,1096
110,1097
198,1102
123,1103
106,1103
435,1105
119,1116
148,1119
59,1122
52,1126
97,1129
323,1132
463,1134
131,1136
269,1137
245,1138
477,1138
17,1140
33,1143
209,1151
450,1153
382,1153
147,1160
281,1163
380,1163
395,1164
469,1169
134,1170
273,1172
410,1175
241,1176
26,1177
19,1183
388,1195
158,1196
149,1196
6,1197
316,1198
464,1199
175,1203
394,1205
376,1209
497,1215
390,1217
292,1217
87,1219
442,1221
2,1221
56,1225
169,1228
325,1230
205,1231
14,1241
361,1242
285,1244
301,1248
4,1249
317,1249
446,1252
436,1254
218,1255
120,1257
416,1257
197,1259
404,1259
102,1261
90,1263
141,1263
429,1270
74,1275
192,1275
304,1277
384,1284
355,1286
331,1291
381,1293
76,1296
114,1297
280,1300
383,1304
385,1308
424,1313
83,1315
244,1320
411,1322
397,1327
48,1339
434,1340
81,1346
42,1346
238,1349
172,1349
396,1354
215,1367
495,1367
234,1369
73,1385
96,1387
254,1390
183,1394
353,1400
80,1415
207,1419
349,1420
30,1425
126,1427
159,1430
125,1432
225,1434
379,1437
15,1440
132,1443
235,1446
378,1448
418,1448
229,1449
360,1454
289,1466
313,1467
249,1469
20,1469
9,1471
251,1478
290,1481
247,1481
246,1486
67,1489
271,1490
455,1497
222,1498
256,1505
284,1511
374,1514
223,1517
468,1523
11,1524
139,1526
23,1537
151,1537
112,1540
314,1546
35,1558
117,1559
43,1568
462,1571
50,1586
259,1590
481,1597
263,1597
276,1608
480,1610
268,1617
359,1621
99,1623
391,1623
265,1636
398,1636
371,1637
189,1639
187,1640
322,1644
465,1648
10,1657
403,1667
291,1667
300,1693
364,1708
34,1710
252,1715
358,1716
354,1724
98,1724
68,1726
227,1737
257,1748
260,1752
297,1759
296,1762
104,1772
400,1775
79,1776
362,1796
47,1800
174,1803
195,1803
232,1806
243,1813
474,1820
101,1838
221,1840
146,1844
219,1845
288,1854
115,1860
375,1861
258,1865
326,1886
46,1918
152,1922
38,1927
41,1933
217,1949
467,1955
49,1971
177,1972
335,1998
461,2007
108,2036
452,2052
456,2063
347,2090
423,2110
498,2130
145,2135
341,2139
438,2143
173,2149
242,2172
37,2205
45,2232
470,2260
193,2284
334,2347
181,2374
299,2426
171,2454
69,2472
372,2483
142,2572
138,2657
71,2752
295,3015

simblock.block.ProofOfWorkBlock@1c83b523:72
181,0
446,218
108,300
198,385
52,442
436,518
403,528
264,562
277,600
222,600
73,661
370,681
486,683
339,718
93,719
289,742
130,745
5,748
167,749
111,767
119,777
457,781
431,817
37,819
2,827
109,830
269,831
113,839
469,859
76,859
205,869
392,873
325,881
77,892
454,898
412,900
404,901
132,902
228,912
102,912
90,914
317,922
414,923
234,924
118,928
450,933
239,941
80,942
6,944
312,954
85,957
416,965
247,966
32,966
175,971
153,984
220,984
411,986
166,988
233,990
257,994
251,997
415,998
147,999
66,1005
365,1009
20,1009
475,1011
197,1011
186,1015
91,1023
377,1025
191,1028
291,1036
472,1046
443,1047
293,1047
463,1048
218,1048
480,1050
16,1052
159,1053
384,1056
42,1056
148,1061
177,1066
493,1067
250,1067
39,1069
398,1069
345,1072
358,1073
248,1074
150,1077
149,1077
1,1079
165,1080
497,1081
367,1084
87,1085
466,1087
350,1090
268,1091
59,1091
421,1096
163,1100
61,1103
133,1105
84,1105
35,1107
199,1108
444,1114
53,1118
51,1120
281,1122
292,1123
352,1126
101,1126
127,1128
176,1129
157,1130
327,1132
298,1132
78,1138
65,1140
488,1141
346,1141
323,1142
402,1143
92,1145
209,1145
185,1146
249,1150
245,1152
381,1153
126,1159
342,1159
15,1160
337,1160
355,1160
255,1161
385,1162
363,1162
306,1166
379,1167
380,1171
393,1172
226,1172
161,1173
112,1174
70,1177
141,1186
124,1186
28,1189
49,1190
301,1193
129,1198
200,1198
17,1198
40,1199
18,1199
206,1201
240,1206
151,1207
33,1208
83,1212
225,1213
407,1214
117,1215
286,1215
362,1217
22,1217
26,1218
182,1219
196,1222
75,1223
56,1224
401,1225
204,1228
329,1229
168,1232
235,1233
190,1237
47,1238
258,1240
278,1243
348,1245
489,1246
473,1247
29,1248
74,1249
254,1254
455,1254
180,1255
144,1255
324,1256
468,1257
262,1259
336,1259
433,1262
25,1265
170,1266
169,1268
353,1270
120,1271
178,1273
116,1274
48,1275
331,1276
60,1279
427,1279
438,1280
308,1281
213,1284
275,1286
448,1287
287,1288
231,1292
394,1293
386,1293
470,1295
445,1296
418,1298
280,1299
237,1299
319,1305
490,1305
134,1306
8,1306
396,1309
351,1309
359,1309
318,1309
215,1315
140,1317
36,1321
7,1325
95,1326
279,1327
14,1328
399,1329
273,1330
460,1331
285,1332
158,1336
484,1336
349,1339
311,1340
304,1344
368,1350
13,1355
320,1355
326,1359
388,1366
453,1367
282,1367
424,1378
106,1379
203,1381
143,1386
479,1387
408,1387
495,1389
313,1389
19,1390
369,1391
434,1391
241,1392
114,1393
201,1396
464,1400
382,1403
210,1408
136,1408
483,1410
389,1421
419,1425
430,1425
122,1432
155,1432
54,1434
96,1438
390,1443
125,1443
3,1444
366,1449
31,1450
344,1452
494,1453
347,1454
63,1454
261,1464
487,1465
343,1465
458,1469
330,1470
420,1473
238,1476
187,1477
97,1479
307,1490
477,1500
439,1502
103,1505
192,1505
57,1505
338,1507
429,1509
121,1511
162,1513
373,1515
265,1516
409,1517
244,1518
105,1525
259,1537
332,1540
417,1543
300,1553
123,1562
357,1563
4,1564
160,1568
328,1569
267,1570
492,1576
302,1578
12,1582
340,1582
321,1587
295,1589
94,1597
361,1600
272,1607
476,1608
64,1624
100,1625
46,1629
135,1632
410,1634
426,1640
27,1642
128,1642
459,1642
500,1644
465,1649
387,1650
131,1651
461,1658
230,1663
252,1669
334,1674
305,1678
79,1680
481,1685
253,1689
371,1690
139,1692
271,1693
107,1704
276,1706
405,1713
195,1716
354,1721
316,1726
71,1739
442,1742
38,1752
299,1754
333,1756
69,1756
378,1757
437,1757
208,1758
89,1760
23,1763
142,1765
335,1770
294,1771
62,1783
440,1788
207,1789
21,1798
447,1806
146,1813
88,1815
137,1816
395,1817
478,1818
383,1821
24,1829
34,1839
266,1854
50,1859
104,1868
372,1871
406,1888
188,1890
441,1895
376,1898
193,1902
152,1915
435,1932
99,1938
217,1940
485,1944
303,1961
232,1962
246,1965
260,1965
110,1966
194,1980
496,1982
356,1988
145,1989
499,1990
462,1991
498,2001
202,2005
221,2009
173,2011
315,2031
296,2033
72,2063
211,2064
227,2065
314,2069
274,2071
11,2076
156,2120
82,2121
432,2135
309,2150
55,2156
413,2162
58,2166
270,2179
456,2184
189,2191
45,2191
236,2237
154,2241
397,2246
44,2252
364,2258
360,2259
81,2276
491,2295
322,2313
10,2318
172,2324
216,2336
422,2336
174,2338
179,2346
183,2359
138,2398
425,2412
452,2428
214,2430
229,2434
428,2492
67,2503
283,2511
471,2516
171,2516
242,2559
423,2567
375,2586
256,2608
482,2610
288,2668
164,2670
115,2673
43,2681
184,2687
41,2754
263,2769
391,2816
290,2834
467,2848
223,2860
400,2861
449,2862
68,2927
284,3012
86,3045
30,3067
341,3082
297,3086
212,3222
374,3251
310,3399
224,3572
451,3746
243,4008
474,4259
9,4510
98,4768

simblock.block.ProofOfWorkBlock@887bcb4:73
478,0
28,152
422,208
127,266
488,307
1,323
39,358
93,365
412,383
164,414
213,415
92,427
186,440
255,459
36,471
94,472
309,472
490,483
330,500
140,510
346,516
392,519
420,528
484,532
414,532
124,537
63,542
8,561
185,566
387,569
386,572
307,573
419,576
253,577
72,586
129,589
44,591
264,594
477,594
163,605
363,614
448,621
53,625
308,626
61,628
406,630
344,630
493,630
405,633
270,634
239,641
443,643
180,645
460,660
162,663
64,665
21,665
31,668
402,668
279,670
437,680
306,681
441,683
199,686
178,687
471,688
350,688
188,689
332,689
407,691
55,691
250,692
155,692
445,692
51,699
494,702
262,705
425,713
194,715
27,717
231,720
88,724
351,725
366,725
118,726
77,726
428,726
13,727
473,731
100,731
347,731
487,737
417,738
491,739
286,740
24,741
57,742
137,742
274,745
312,746
233,747
82,748
450,749
440,751
210,751
333,752
339,752
107,753
282,755
7,757
357,759
212,763
202,764
206,771
179,771
95,778
278,779
483,779
439,780
54,783
315,784
427,784
161,785
112,786
184,788
196,788
121,792
204,794
160,794
22,795
433,796
110,796
208,797
303,797
211,800
153,801
156,802
283,804
85,805
336,807
454,808
122,808
91,809
408,811
368,811
40,813
343,813
78,814
143,816
154,817
205,818
70,818
389,820
226,822
476,824
453,824
304,830
216,836
294,836
449,837
272,837
399,841
401,842
319,844
113,844
492,844
472,844
328,845
410,846
352,847
356,851
393,851
340,851
167,854
499,854
275,855
377,855
287,855
321,858
293,858
320,860
128,860
136,862
409,863
458,866
489,866
302,866
18,868
311,872
482,873
103,875
168,879
214,880
201,880
190,880
133,881
305,883
158,884
135,885
105,886
413,886
348,888
338,888
373,894
62,900
200,902
451,902
459,906
325,906
29,907
496,907
310,910
475,912
12,915
447,918
116,921
426,923
236,923
203,926
266,931
369,934
224,939
84,944
432,945
58,945
430,947
86,950
254,953
324,954
66,957
60,957
230,964
89,965
317,966
165,966
4,980
170,980
457,983
16,989
248,990
285,990
500,998
132,1000
3,1004
435,1006
261,1009
87,1010
421,1013
148,1018
367,1024
181,1025
486,1043
25,1046
345,1046
241,1051
131,1065
337,1066
300,1066
362,1068
416,1068
396,1070
379,1071
108,1076
415,1078
83,1078
429,1081
37,1082
436,1082
102,1082
485,1085
35,1090
19,1091
383,1098
151,1101
222,1103
176,1107
130,1111
424,1118
388,1122
157,1127
235,1127
464,1128
247,1128
497,1133
237,1135
14,1137
144,1137
166,1138
215,1142
466,1144
384,1149
2,1151
403,1153
361,1160
280,1164
495,1168
267,1169
114,1169
292,1170
52,1172
249,1177
56,1181
462,1181
238,1183
218,1184
257,1185
329,1190
20,1194
349,1194
59,1195
331,1213
6,1224
273,1228
370,1235
65,1236
123,1238
465,1238
90,1242
197,1242
75,1245
134,1250
251,1251
434,1252
468,1254
101,1258
431,1259
17,1259
365,1261
33,1262
390,1276
48,1280
277,1298
42,1304
463,1308
192,1309
5,1310
96,1310
289,1318
404,1321
150,1329
318,1334
498,1336
470,1338
316,1339
26,1341
126,1342
209,1342
268,1361
258,1364
281,1384
355,1407
195,1412
391,1415
442,1416
481,1418
46,1418
382,1420
221,1427
269,1427
41,1433
30,1435
301,1438
371,1442
227,1443
139,1444
291,1454
141,1455
334,1463
252,1474
400,1475
229,1476
47,1479
220,1480
106,1482
372,1482
469,1483
244,1492
313,1499
360,1504
50,1507
376,1510
358,1512
76,1512
385,1532
34,1535
172,1539
138,1540
149,1547
290,1548
232,1559
245,1563
314,1565
111,1590
68,1592
23,1593
73,1594
142,1594
109,1607
146,1608
288,1609
159,1624
327,1625
354,1632
341,1636
169,1654
359,1656
119,1669
15,1672
240,1676
147,1685
397,1689
189,1691
474,1711
380,1742
375,1757
152,1761
198,1763
115,1767
461,1771
452,1778
74,1779
243,1783
455,1795
10,1802
323,1803
299,1822
418,1825
225,1826
9,1830
446,1841
97,1849
298,1855
479,1858
183,1859
374,1870
295,1881
265,1906
234,1917
49,1932
79,1958
394,1973
67,1977
187,1982
191,2004
353,2009
398,2012
326,2024
411,2027
175,2035
219,2063
381,2091
297,2103
322,2105
171,2115
456,2152
480,2177
80,2179
182,2184
117,2203
228,2211
284,2214
335,2243
69,2247
423,2265
223,2279
256,2312
177,2349
120,2351
378,2354
11,2356
145,2374
342,2381
271,2391
81,2399
193,2435
104,2492
246,2500
438,2525
43,2531
444,2553
263,2553
217,2566
242,2594
395,2635
207,2639
38,2658
296,2685
32,2695
364,2788
260,2819
98,2854
45,2866
276,2920
259,2955
125,2988
71,2995
174,3096
173,3197
99,3217
467,3340

simblock.block.ProofOfWorkBlock@28114db5:74
22,0
180,150
250,207
266,285
127,301
24,345
492,356
157,359
445,402
387,415
63,416
212,434
286,460
164,472
154,473
426,494
161,510
264,515
278,517
310,530
262,548
389,553
118,553
156,555
248,564
13,564
89,567
91,572
408,573
366,584
343,593
441,611
476,612
213,612
203,614
28,623
287,623
122,623
62,628
319,629
31,629
86,630
25,642
338,642
88,658
457,658
471,667
70,669
283,670
315,670
401,672
482,681
500,684
253,685
57,685
255,686
137,692
459,697
402,699
267,702
121,705
448,707
184,707
493,710
304,712
214,714
196,715
211,717
487,718
367,721
399,723
386,724
185,726
412,726
85,729
346,730
21,738
303,742
110,750
282,754
92,756
1,761
496,761
447,763
363,765
279,766
460,766
233,768
433,770
133,770
116,771
427,771
490,772
72,773
261,773
8,773
58,773
140,778
206,779
357,780
272,780
305,780
413,781
321,784
340,785
369,789
472,790
124,792
179,792
477,801
158,801
143,803
484,807
66,810
328,812
351,816
105,822
29,823
18,825
302,825
443,825
216,825
306,826
417,827
344,828
60,828
53,829
226,830
311,831
194,834
93,834
210,834
308,837
128,837
205,837
275,838
499,841
356,842
168,843
404,845
77,847
440,849
348,851
489,853
451,853
392,853
491,858
12,858
345,861
473,863
167,864
94,868
393,868
309,870
95,872
368,873
294,873
293,875
420,879
405,880
148,881
339,881
336,882
239,884
274,884
163,884
201,884
3,886
16,886
249,887
449,887
100,888
409,890
488,890
199,891
430,893
419,902
4,903
486,903
406,906
61,906
224,907
103,915
113,915
270,916
407,918
230,919
176,919
208,925
55,926
231,927
160,931
330,934
178,936
7,939
188,939
162,939
377,940
107,941
64,941
97,942
439,945
320,949
350,950
437,954
425,962
403,966
415,967
170,973
186,974
51,976
373,977
450,991
410,992
39,995
475,997
333,998
155,999
324,1003
204,1005
136,1007
428,1010
27,1010
325,1015
78,1019
82,1027
218,1029
153,1034
54,1037
182,1044
83,1050
458,1052
483,1054
120,1056
101,1060
40,1061
200,1064
44,1065
65,1066
149,1067
222,1068
421,1070
361,1070
35,1075
318,1084
281,1103
37,1109
236,1111
215,1112
254,1114
90,1116
323,1117
19,1119
301,1120
220,1120
166,1120
114,1121
494,1122
352,1125
112,1131
26,1133
436,1135
109,1139
123,1141
462,1144
347,1146
466,1168
241,1168
431,1169
380,1169
464,1180
235,1181
132,1182
14,1183
396,1189
134,1193
159,1195
258,1195
75,1200
131,1202
365,1209
49,1211
209,1214
434,1214
119,1216
424,1219
411,1220
349,1221
479,1223
108,1226
485,1226
198,1237
117,1238
442,1238
150,1241
87,1241
468,1243
376,1245
5,1250
280,1256
390,1260
470,1262
313,1266
247,1274
20,1276
17,1280
382,1281
422,1284
151,1285
292,1286
397,1289
228,1289
15,1295
469,1295
285,1296
48,1303
269,1303
2,1303
169,1304
244,1305
331,1313
317,1313
342,1314
446,1315
388,1320
429,1321
455,1324
6,1339
263,1343
454,1346
268,1350
398,1350
370,1356
327,1364
251,1372
130,1372
257,1377
102,1378
74,1384
96,1389
384,1390
416,1394
385,1408
181,1414
394,1427
341,1432
381,1435
237,1443
273,1443
316,1449
291,1457
147,1459
322,1464
73,1467
165,1468
76,1471
245,1478
238,1483
329,1495
326,1496
296,1515
240,1516
277,1521
495,1521
290,1525
23,1525
378,1531
141,1534
400,1545
232,1545
126,1545
463,1546
371,1546
46,1547
11,1555
189,1556
221,1557
142,1557
481,1557
355,1559
334,1562
271,1567
229,1568
187,1571
243,1574
59,1584
139,1587
374,1588
284,1598
332,1607
106,1611
56,1631
265,1632
111,1633
68,1647
383,1652
135,1665
33,1667
80,1671
289,1689
465,1692
195,1692
300,1705
79,1714
497,1718
307,1721
435,1732
171,1748
252,1752
197,1755
335,1765
84,1780
414,1790
175,1802
256,1803
364,1816
69,1817
452,1818
312,1837
138,1839
152,1840
145,1847
391,1852
217,1853
498,1854
461,1855
453,1863
379,1867
375,1869
444,1875
38,1879
10,1881
146,1887
42,1890
456,1916
52,1928
202,1931
242,1946
423,1955
288,1956
478,1988
67,1996
353,2008
360,2037
234,2038
337,2045
104,2088
41,2089
298,2099
246,2101
190,2105
50,2125
34,2138
9,2144
129,2167
144,2177
314,2199
362,2209
173,2222
36,2226
81,2241
227,2250
358,2272
193,2278
432,2283
115,2295
45,2337
225,2348
260,2373
259,2405
43,2412
354,2438
177,2453
474,2536
223,2547
98,2562
172,2562
395,2628
47,2639
297,2713
174,2722
359,2808
207,2852
295,2878
276,2913
480,2977
372,3053
183,3064
219,3139
418,3159
125,3213
32,3329
30,3422
192,3512
99,3515
191,3697
438,3866
299,4154
71,4459
467,4820

simblock.block.ProofOfWorkBlock@10d9c6c7:75
208,0
483,148
129,213
410,298
167,303
369,356
457,362
205,368
8,413
496,419
118,425
27,447
352,456
178,473
190,476
127,483
366,504
155,504
250,511
475,513
408,518
261,539
332,545
407,561
286,562
194,562
264,568
312,570
344,575
202,576
440,592
163,596
161,598
283,606
82,606
336,619
57,620
413,624
402,626
121,634
185,634
162,643
493,645
24,652
368,654
103,654
287,655
270,655
59,657
308,663
427,664
22,665
275,665
441,667
211,677
432,681
426,690
311,694
72,699
294,701
210,704
31,706
158,710
488,710
320,711
60,712
199,713
203,714
113,718
282,719
230,722
44,722
392,722
77,730
160,730
484,737
84,741
492,744
28,749
443,751
89,752
458,754
345,756
454,757
95,760
122,761
124,762
233,765
140,766
309,768
450,768
248,770
477,770
7,771
88,774
401,776
279,779
176,781
487,783
78,785
307,785
439,786
136,789
409,790
396,792
348,797
12,797
116,798
274,806
93,809
266,809
310,809
137,809
448,811
272,812
1,813
494,814
321,815
351,816
128,816
53,818
13,823
472,824
75,824
188,824
367,824
64,826
39,827
405,828
330,829
94,829
393,830
62,832
186,835
268,838
18,841
168,843
239,843
214,843
476,846
363,847
324,853
226,854
422,855
346,860
406,860
293,862
384,863
70,866
343,870
328,870
51,870
105,873
415,873
216,873
485,874
61,874
447,879
353,880
236,881
449,882
333,883
304,885
315,885
170,885
143,886
482,887
91,888
66,888
459,889
350,890
412,892
425,892
156,894
445,899
148,901
338,906
389,907
387,907
399,908
21,910
306,911
473,911
58,913
255,916
184,916
267,918
52,918
107,918
460,920
253,922
433,922
63,928
291,929
373,936
29,937
25,937
451,942
212,942
201,943
108,944
231,946
133,948
213,952
430,954
340,954
85,956
377,959
110,960
224,960
491,960
92,961
179,964
466,967
249,973
327,976
490,978
135,979
55,984
154,984
356,985
357,995
269,997
428,1000
478,1002
431,1007
86,1011
302,1012
319,1013
182,1014
278,1015
500,1017
468,1023
40,1027
419,1029
305,1032
329,1036
120,1045
244,1049
240,1053
196,1056
471,1058
434,1059
130,1066
147,1066
417,1067
141,1067
204,1068
151,1070
489,1082
388,1083
3,1086
385,1087
90,1088
303,1089
6,1093
318,1098
446,1103
301,1104
486,1112
14,1113
206,1113
4,1116
437,1118
144,1127
165,1128
313,1132
300,1133
394,1136
153,1139
102,1145
429,1148
197,1149
349,1149
339,1152
247,1153
444,1155
5,1155
225,1156
149,1162
220,1169
100,1169
499,1176
37,1183
222,1185
342,1188
119,1196
200,1196
411,1198
380,1198
292,1200
455,1201
73,1201
245,1209
54,1209
469,1211
480,1211
35,1214
289,1216
331,1219
381,1220
123,1228
106,1232
420,1233
228,1236
42,1238
463,1240
280,1241
424,1249
74,1250
26,1250
16,1253
404,1253
254,1255
398,1268
76,1269
298,1273
198,1274
157,1280
370,1283
209,1284
386,1297
355,1300
257,1304
114,1307
241,1308
145,1309
237,1310
48,1319
390,1325
17,1325
442,1326
169,1327
191,1328
497,1333
180,1338
138,1339
362,1341
374,1341
83,1342
376,1356
238,1358
87,1365
96,1367
19,1375
361,1379
20,1379
218,1390
281,1391
36,1396
109,1404
371,1405
229,1405
416,1407
46,1408
98,1409
111,1411
316,1422
421,1424
80,1426
9,1440
465,1441
297,1442
326,1452
262,1453
317,1453
323,1458
117,1463
43,1466
438,1469
251,1476
470,1479
219,1483
322,1483
38,1484
142,1489
166,1493
263,1495
67,1496
364,1497
150,1498
41,1502
164,1509
379,1514
10,1515
296,1519
217,1526
56,1533
221,1538
397,1539
172,1544
335,1544
68,1551
49,1551
69,1557
479,1559
227,1565
435,1565
325,1577
341,1586
125,1590
462,1594
187,1596
360,1600
97,1610
423,1617
258,1621
299,1624
481,1624
337,1627
290,1636
30,1641
134,1651
2,1657
23,1660
276,1675
223,1678
45,1679
271,1689
234,1689
395,1692
260,1693
414,1698
131,1711
175,1712
50,1714
183,1720
382,1723
284,1724
354,1727
173,1731
15,1731
334,1738
474,1751
347,1752
453,1755
452,1759
464,1768
207,1769
400,1772
358,1779
81,1780
252,1780
65,1799
195,1807
79,1827
126,1837
235,1872
365,1882
295,1892
378,1909
112,1928
246,1937
132,1942
436,1952
242,1976
456,1978
232,1978
139,1994
256,2006
11,2027
277,2042
152,2054
101,2055
171,2066
498,2082
71,2084
192,2103
495,2111
181,2122
33,2197
215,2225
34,2226
189,2267
288,2277
146,2278
32,2278
383,2283
193,2290
159,2373
375,2393
403,2395
259,2429
47,2449
273,2456
104,2509
314,2562
265,2573
391,2576
418,2619
285,2631
115,2743
177,2788
467,2854
461,2872
99,2875
243,2920
359,2958
174,3173
372,3260

simblock.block.ProofOfWorkBlock@552bc402:76
52,0
234,219
197,301
130,385
90,442
421,473
76,525
166,530
109,569
32,601
144,606
359,621
73,651
97,664
480,687
119,694
416,705
446,735
431,745
237,747
258,752
269,769
245,778
315,781
298,791
469,830
281,830
75,831
149,834
244,844
403,845
468,856
37,869
220,872
394,886
236,889
123,905
31,909
349,913
111,915
59,916
198,917
497,922
5,930
274,933
380,942
247,952
42,953
402,964
182,967
235,968
61,969
280,971
181,979
361,990
485,990
74,995
404,997
112,999
495,1000
120,1003
35,1005
370,1017
118,1018
355,1023
132,1027
218,1035
160,1039
56,1045
249,1048
388,1049
379,1050
151,1051
438,1051
177,1054
26,1054
311,1059
187,1064
165,1064
368,1068
465,1074
101,1076
141,1077
241,1080
222,1083
179,1084
228,1086
463,1088
20,1089
383,1090
88,1092
103,1093
233,1098
442,1099
261,1105
347,1112
301,1112
413,1115
155,1117
210,1119
170,1120
325,1121
323,1129
479,1132
329,1133
300,1133
11,1135
169,1136
126,1141
6,1144
470,1145
1,1145
475,1146
277,1149
492,1150
385,1150
437,1154
342,1159
65,1165
285,1165
337,1166
358,1166
426,1172
336,1175
494,1176
113,1177
251,1179
436,1179
48,1180
83,1186
131,1186
429,1188
2,1191
96,1197
136,1199
331,1200
226,1202
362,1203
84,1204
327,1215
326,1216
411,1220
365,1225
486,1226
14,1226
477,1227
381,1228
209,1231
471,1232
291,1232
128,1233
205,1233
230,1234
192,1236
353,1240
93,1241
424,1241
455,1242
25,1243
158,1246
350,1247
264,1248
254,1251
321,1251
191,1251
33,1253
178,1257
87,1260
312,1260
215,1263
387,1264
190,1265
453,1265
382,1266
397,1270
419,1279
211,1280
102,1281
225,1283
19,1283
129,1286
147,1288
8,1290
106,1290
7,1292
444,1299
363,1299
85,1303
124,1305
175,1306
398,1309
49,1310
374,1310
161,1310
316,1312
462,1313
366,1320
134,1323
239,1323
410,1323
268,1324
168,1328
117,1332
454,1335
386,1336
292,1336
317,1337
240,1339
406,1341
108,1343
162,1347
275,1349
150,1352
307,1352
94,1354
425,1354
308,1355
376,1359
257,1365
313,1369
272,1369
287,1375
447,1376
167,1377
399,1377
12,1378
427,1381
318,1381
418,1381
273,1382
289,1385
121,1389
396,1392
415,1394
15,1395
306,1397
428,1403
86,1409
338,1409
293,1416
390,1416
53,1417
66,1418
82,1425
401,1426
483,1428
466,1428
47,1429
24,1433
4,1440
238,1441
39,1442
46,1444
105,1450
255,1455
473,1455
164,1458
185,1463
180,1463
384,1463
457,1465
159,1468
200,1471
392,1476
163,1478
330,1480
114,1486
213,1488
488,1494
133,1495
22,1496
414,1496
357,1497
203,1499
445,1507
17,1511
57,1512
408,1512
63,1516
481,1516
450,1526
417,1527
199,1528
202,1528
500,1531
409,1533
28,1541
377,1545
340,1548
395,1549
441,1550
267,1550
351,1552
135,1556
286,1557
40,1562
434,1563
344,1563
472,1571
346,1577
140,1579
451,1584
412,1588
80,1592
154,1593
407,1594
278,1601
91,1602
490,1604
496,1606
467,1616
253,1624
284,1624
156,1625
27,1625
3,1629
369,1633
262,1633
439,1636
461,1644
100,1644
60,1654
464,1659
433,1660
153,1660
493,1662
214,1669
152,1671
223,1677
157,1679
146,1679
216,1685
92,1686
320,1699
204,1700
122,1708
71,1709
50,1719
305,1721
29,1724
335,1727
62,1732
487,1735
282,1738
333,1742
242,1743
9,1747
378,1750
288,1754
266,1754
310,1760
265,1762
67,1765
420,1778
299,1783
64,1784
452,1799
491,1801
304,1803
459,1804
276,1806
373,1813
319,1815
458,1819
270,1841
356,1844
232,1844
391,1849
256,1852
208,1852
498,1852
297,1854
283,1863
99,1864
145,1866
271,1871
343,1874
246,1875
176,1882
440,1897
43,1905
89,1906
478,1913
422,1917
263,1926
194,1927
448,1934
231,1937
360,1942
79,1951
207,1955
21,1958
184,1961
435,1975
72,1982
44,1983
77,1988
372,1992
348,1994
104,1997
16,2015
354,2015
206,2019
352,2042
23,2050
18,2055
224,2057
143,2077
482,2082
201,2091
172,2092
188,2103
400,2103
295,2106
476,2110
212,2117
196,2139
58,2141
13,2156
499,2158
474,2162
127,2163
449,2175
148,2191
324,2195
484,2226
345,2230
328,2252
279,2281
54,2284
260,2295
371,2304
173,2322
51,2331
186,2337
489,2338
69,2345
248,2350
98,2365
430,2370
78,2373
375,2381
195,2392
339,2403
95,2426
443,2462
367,2466
41,2478
389,2511
45,2537
70,2545
250,2546
189,2560
364,2578
294,2580
38,2581
81,2605
55,2611
341,2629
432,2640
36,2650
110,2720
34,2730
259,2751
116,2759
243,2779
393,2788
303,2813
460,2827
221,2831
423,2831
30,2891
107,2900
332,2939
405,2964
193,2982
142,3002
229,3019
174,3022
309,3078
171,3080
290,3141
137,3145
183,3182
296,3236
456,3269
138,3316
302,3320
217,3430
115,3509
125,3527
334,3564
227,3679
68,3760
252,3778
219,3815
322,4028
314,4279
139,4529
10,4783

simblock.block.ProofOfWorkBlock@30c80c21:77
35,0
281,239
416,320
325,402
19,460
14,490
497,541
384,545
462,578
5,623
301,624
438,632
74,663
298,683
197,706
73,707
26,715
394,716
280,745
396,759
300,767
251,772
383,787
42,790
292,798
144,798
117,803
379,829
6,841
238,848
323,850
134,855
397,857
465,863
102,885
257,886
431,892
218,892
109,908
15,919
382,923
46,931
147,934
486,934
149,936
37,940
361,942
120,943
52,947
331,950
237,964
192,969
492,971
370,975
166,977
3,990
96,993
277,994
75,994
132,1003
359,1007
20,1014
468,1018
48,1019
182,1019
318,1020
234,1022
291,1024
362,1031
380,1032
165,1037
327,1039
187,1044
411,1050
429,1050
444,1069
387,1070
285,1072
479,1075
376,1076
198,1080
464,1082
49,1084
56,1092
349,1100
269,1102
268,1102
59,1104
240,1108
141,1108
436,1109
247,1112
235,1112
122,1120
347,1121
424,1122
33,1125
80,1141
220,1142
402,1144
352,1149
228,1153
273,1153
87,1157
177,1158
463,1160
389,1160
385,1160
421,1163
209,1167
449,1169
404,1174
65,1174
315,1177
82,1178
469,1181
355,1182
316,1187
11,1191
151,1196
225,1200
368,1200
440,1203
447,1206
215,1206
317,1209
388,1216
62,1220
480,1222
253,1223
365,1224
342,1224
17,1236
495,1236
329,1237
202,1240
254,1242
131,1242
108,1243
130,1244
222,1250
442,1254
84,1255
340,1256
123,1256
403,1258
119,1260
282,1261
470,1265
29,1271
76,1273
390,1275
106,1276
90,1277
483,1280
2,1281
366,1286
350,1286
83,1289
249,1290
279,1293
417,1293
413,1295
32,1297
270,1298
278,1298
398,1302
313,1306
353,1306
159,1308
181,1308
126,1309
274,1310
101,1312
203,1317
369,1320
191,1321
326,1321
346,1324
150,1326
88,1326
351,1328
446,1329
7,1336
124,1336
199,1340
308,1342
175,1342
1,1344
337,1345
455,1351
363,1352
53,1358
418,1358
377,1359
241,1362
168,1364
44,1369
287,1371
78,1376
154,1377
162,1377
310,1378
66,1379
244,1379
409,1381
267,1382
358,1390
236,1393
214,1394
245,1396
133,1397
112,1398
266,1405
47,1407
401,1409
489,1418
427,1419
420,1420
434,1423
410,1430
211,1431
111,1432
118,1433
339,1433
428,1434
348,1436
332,1440
255,1442
208,1451
60,1454
72,1458
93,1461
419,1461
496,1463
210,1465
407,1467
443,1468
345,1469
272,1473
97,1474
283,1478
289,1482
303,1484
160,1490
490,1494
158,1494
201,1498
146,1499
258,1500
179,1504
307,1504
153,1508
336,1508
103,1513
338,1514
85,1516
57,1517
381,1518
86,1518
63,1520
157,1526
324,1526
167,1531
487,1535
128,1538
328,1542
248,1543
405,1545
155,1546
136,1553
344,1555
31,1556
422,1558
306,1566
239,1567
224,1575
311,1583
140,1584
275,1585
212,1590
16,1593
21,1594
230,1598
169,1600
25,1602
184,1605
27,1607
180,1611
288,1614
293,1615
22,1616
138,1619
494,1620
213,1621
4,1623
302,1626
110,1629
374,1634
471,1637
432,1639
95,1643
448,1646
466,1648
114,1650
18,1657
294,1658
452,1659
89,1659
485,1659
170,1660
12,1664
135,1665
433,1669
488,1674
478,1675
395,1678
393,1679
264,1686
40,1691
445,1692
305,1694
459,1699
430,1701
386,1707
100,1718
28,1726
174,1726
196,1727
51,1730
129,1736
107,1739
286,1741
499,1742
375,1744
195,1747
148,1761
295,1765
200,1767
460,1767
276,1768
412,1769
116,1775
205,1785
91,1786
226,1790
145,1797
250,1800
367,1808
188,1818
8,1821
13,1821
475,1822
173,1823
50,1825
23,1825
68,1832
185,1834
343,1838
451,1842
61,1842
163,1844
373,1854
256,1859
39,1861
67,1862
415,1868
312,1868
262,1869
161,1872
206,1876
400,1877
207,1882
34,1889
54,1890
330,1897
137,1905
297,1906
474,1908
231,1909
453,1910
178,1913
190,1918
481,1929
408,1935
406,1945
261,1952
284,1954
493,1958
58,1963
260,1969
156,1974
98,1978
426,1992
341,1995
113,1996
271,1997
441,1999
71,2008
482,2010
143,2013
9,2015
204,2025
437,2028
171,2032
457,2038
319,2043
217,2045
70,2053
500,2055
454,2070
24,2071
265,2071
461,2074
423,2085
92,2086
372,2089
425,2091
121,2097
232,2107
125,2108
320,2131
216,2139
491,2153
246,2156
242,2165
183,2169
186,2170
127,2172
64,2173
176,2183
79,2192
94,2200
391,2202
233,2206
335,2208
304,2212
45,2216
473,2245
458,2247
99,2253
333,2265
356,2314
55,2316
467,2325
164,2328
334,2342
229,2346
399,2347
139,2358
152,2360
392,2380
414,2385
104,2404
252,2411
450,2420
364,2431
477,2440
243,2448
193,2449
263,2458
456,2472
357,2492
472,2493
194,2501
378,2502
296,2503
484,2568
81,2582
115,2593
38,2597
77,2613
321,2617
43,2632
227,2660
36,2670
41,2679
435,2680
259,2696
299,2703
476,2745
360,2753
223,2822
189,2844
219,2845
105,2851
30,2864
314,2884
69,2899
439,2919
142,2950
290,3004
371,3070
309,3095
498,3102
322,3132
221,3252
354,3296
10,3322
172,3387

simblock.block.ProofOfWorkBlock@3d69cc5e:78
249,0
112,232
97,317
150,400
277,455
370,487
251,534
119,537
397,578
486,616
182,633
301,665
289,679
285,697
177,707
323,719
250,731
37,747
469,755
2,759
353,762
436,782
298,788
90,801
376,803
144,839
268,846
20,850
480,856
497,866
132,869
365,870
56,884
196,884
464,885
325,887
49,905
103,914
468,918
134,920
310,930
59,931
470,938
131,939
257,942
63,943
431,946
147,947
479,953
5,953
394,967
33,968
280,968
222,971
87,984
175,990
166,991
347,994
19,1002
427,1002
102,1004
421,1012
109,1014
237,1021
234,1021
495,1022
126,1024
455,1027
317,1029
228,1035
346,1037
462,1037
215,1050
6,1052
258,1058
463,1059
141,1059
170,1061
383,1065
379,1070
444,1073
130,1073
342,1074
154,1075
83,1076
411,1081
18,1082
35,1089
254,1091
111,1091
333,1091
117,1092
204,1093
96,1098
239,1101
300,1102
244,1103
22,1111
396,1114
15,1115
108,1117
121,1119
220,1127
292,1134
307,1139
82,1140
101,1141
457,1141
73,1144
424,1144
198,1145
273,1148
230,1149
349,1154
266,1154
123,1155
327,1156
159,1158
435,1164
235,1167
26,1173
361,1174
388,1175
362,1175
274,1175
403,1176
416,1179
359,1183
442,1184
398,1190
473,1191
404,1192
429,1193
499,1193
331,1204
61,1207
313,1208
343,1209
197,1209
407,1214
434,1215
187,1216
352,1217
490,1218
363,1224
47,1225
484,1230
303,1234
42,1236
78,1237
380,1238
240,1238
52,1239
77,1241
409,1245
192,1245
209,1249
465,1254
76,1254
460,1255
151,1258
445,1259
269,1260
164,1260
381,1260
282,1264
384,1265
387,1266
128,1266
358,1267
477,1271
245,1273
218,1274
294,1275
70,1277
318,1277
149,1279
355,1281
105,1281
199,1281
449,1285
255,1287
302,1288
492,1290
32,1292
180,1292
326,1295
225,1295
214,1297
226,1298
390,1299
64,1301
162,1301
392,1302
483,1302
120,1303
399,1304
165,1312
488,1315
191,1316
194,1318
202,1318
74,1319
65,1320
348,1320
386,1323
14,1325
329,1328
439,1335
425,1337
181,1339
291,1340
80,1340
448,1341
382,1351
475,1352
46,1352
75,1362
316,1363
253,1367
85,1372
210,1372
106,1382
414,1383
241,1385
114,1387
377,1389
161,1391
247,1392
143,1393
426,1393
86,1395
53,1398
238,1398
385,1399
11,1400
13,1401
446,1402
332,1411
281,1415
153,1428
438,1429
233,1430
206,1434
286,1435
401,1435
320,1435
169,1437
350,1442
224,1444
340,1451
122,1452
336,1454
72,1454
330,1459
200,1460
3,1461
454,1462
201,1465
113,1465
48,1467
178,1467
309,1471
89,1472
208,1477
176,1480
17,1480
95,1481
422,1483
163,1488
321,1493
135,1494
412,1497
418,1499
420,1501
487,1506
25,1507
432,1514
21,1514
133,1516
279,1516
157,1516
158,1520
338,1525
190,1526
437,1528
453,1541
467,1545
413,1551
433,1553
328,1558
84,1561
351,1565
478,1567
31,1568
476,1570
51,1572
308,1576
129,1581
345,1586
417,1594
8,1610
116,1610
264,1610
99,1616
265,1616
29,1617
66,1621
262,1624
100,1633
69,1634
54,1636
410,1638
406,1638
489,1639
494,1641
23,1641
356,1646
461,1647
458,1648
482,1654
118,1654
344,1655
293,1656
212,1662
393,1668
451,1668
339,1669
24,1670
304,1675
272,1675
242,1679
110,1680
227,1685
428,1685
419,1688
423,1692
4,1702
324,1702
256,1704
139,1720
408,1720
152,1739
369,1741
415,1745
58,1755
1,1760
167,1766
94,1771
125,1782
91,1785
60,1787
168,1792
93,1795
127,1798
172,1800
50,1802
450,1813
278,1815
107,1819
297,1822
472,1827
283,1828
315,1829
311,1832
156,1832
305,1836
12,1837
27,1841
57,1842
447,1844
441,1851
443,1855
155,1857
357,1861
405,1862
195,1868
188,1869
430,1875
92,1876
246,1883
189,1899
137,1899
260,1910
88,1934
337,1940
493,1944
205,1947
207,1962
267,1967
203,1971
402,1975
395,1981
248,1987
271,1991
306,2002
36,2003
261,2004
275,2008
71,2017
373,2019
146,2022
10,2023
252,2024
496,2027
368,2027
312,2031
62,2032
319,2036
236,2045
276,2047
372,2049
459,2076
79,2082
375,2089
34,2099
232,2115
500,2115
389,2117
491,2125
391,2132
28,2155
160,2177
231,2178
485,2182
223,2188
367,2193
471,2205
299,2216
43,2236
211,2249
186,2251
115,2252
183,2259
138,2270
295,2277
221,2278
334,2281
40,2293
16,2305
466,2336
360,2342
185,2358
354,2379
184,2380
39,2425
30,2435
173,2438
270,2478
288,2503
481,2506
440,2511
171,2525
217,2528
219,2531
136,2533
366,2554
322,2594
44,2600
213,2659
55,2685
104,2691
216,2732
174,2735
98,2751
314,2754
287,2778
371,2799
148,2837
38,2846
400,2933
45,2979
41,2984
341,2985
474,3002
179,3013
296,3056
9,3094
263,3183
124,3192
229,3226
67,3234
364,3236
145,3304
498,3347
140,3366
378,3435
243,3466
81,3481
7,3548
290,3554
335,3713
452,3729
456,3747
259,3749
193,3960
374,3986
68,3997
284,4216
142,4236

simblock.block.ProofOfWorkBlock@41a0980a:79
30,0
221,397
42,726
142,800
169,947
187,990
325,1029
144,1121
380,1123
497,1170
244,1211
268,1225
52,1256
35,1262
49,1262
292,1296
329,1307
442,1343
175,1344
349,1348
416,1386
109,1396
301,1397
411,1400
19,1425
241,1427
75,1427
251,1441
444,1446
396,1470
48,1479
421,1485
132,1485
159,1486
359,1509
342,1509
238,1515
347,1516
102,1522
369,1526
83,1527
147,1527
65,1528
469,1533
486,1552
220,1567
215,1568
289,1569
463,1570
15,1573
446,1579
405,1585
56,1591
47,1592
384,1598
5,1607
134,1609
151,1614
397,1614
130,1615
257,1616
281,1616
240,1624
468,1638
331,1645
388,1645
420,1653
280,1654
96,1659
479,1659
434,1660
197,1665
166,1676
123,1676
483,1689
383,1691
418,1692
429,1696
222,1697
225,1698
304,1699
33,1699
234,1701
327,1706
131,1709
26,1710
394,1712
119,1716
111,1720
465,1727
32,1728
436,1730
353,1738
379,1738
321,1740
117,1745
57,1747
362,1749
87,1753
149,1753
205,1755
382,1759
16,1763
274,1767
150,1768
108,1775
218,1777
2,1780
182,1784
6,1785
277,1788
97,1789
128,1790
330,1790
114,1792
209,1793
355,1793
370,1794
245,1799
181,1800
464,1801
381,1802
437,1807
211,1808
424,1809
177,1813
300,1817
318,1817
7,1819
14,1823
37,1829
273,1833
376,1835
457,1837
487,1842
168,1842
326,1842
480,1845
126,1848
473,1849
185,1851
178,1854
198,1855
17,1859
476,1864
404,1864
286,1864
235,1866
120,1867
86,1868
431,1871
414,1872
283,1872
18,1874
316,1875
46,1875
80,1882
398,1889
470,1891
305,1895
237,1899
447,1909
20,1913
192,1914
313,1915
403,1920
475,1924
466,1927
269,1927
459,1929
365,1930
76,1930
106,1930
36,1937
112,1939
135,1940
285,1944
210,1944
186,1946
489,1947
339,1950
317,1951
258,1956
432,1963
165,1964
361,1964
101,1964
11,1970
455,1972
107,1973
61,1982
448,1982
103,1983
157,1986
66,1990
352,1990
129,1991
162,1993
438,1996
407,1998
105,2000
358,2002
445,2002
127,2006
170,2007
39,2012
441,2014
412,2016
336,2017
495,2017
346,2018
85,2019
401,2019
306,2021
143,2022
413,2022
255,2023
22,2027
435,2028
191,2032
31,2032
199,2036
249,2037
298,2037
492,2045
350,2046
343,2047
344,2047
184,2049
99,2052
337,2054
228,2058
323,2059
272,2062
439,2065
140,2068
419,2070
287,2079
203,2079
389,2081
88,2087
254,2090
59,2092
247,2092
78,2097
196,2104
275,2104
308,2106
201,2110
250,2114
226,2117
302,2119
338,2121
393,2124
340,2124
213,2128
390,2138
190,2144
60,2147
309,2147
377,2157
261,2158
163,2159
294,2162
500,2164
121,2165
279,2172
216,2174
328,2176
29,2181
51,2182
141,2185
471,2188
312,2190
449,2191
77,2194
148,2194
494,2195
415,2196
392,2196
406,2199
212,2203
64,2205
458,2206
125,2208
399,2210
456,2211
363,2211
482,2213
324,2213
28,2215
402,2220
311,2220
253,2221
417,2223
167,2228
12,2228
356,2233
208,2233
410,2240
351,2248
3,2251
453,2251
460,2252
161,2253
82,2257
440,2270
335,2272
422,2286
451,2288
428,2289
450,2293
79,2296
138,2299
303,2300
293,2304
124,2316
100,2321
202,2322
385,2325
461,2329
44,2330
176,2335
160,2340
214,2341
467,2347
95,2347
243,2349
180,2350
454,2350
195,2357
93,2357
425,2358
299,2363
368,2364
267,2365
427,2369
118,2373
481,2378
4,2380
433,2380
58,2380
70,2386
113,2388
54,2389
204,2397
485,2398
310,2400
278,2403
229,2403
478,2405
25,2406
320,2412
104,2415
84,2417
139,2424
477,2426
81,2442
242,2443
74,2446
68,2448
452,2449
71,2456
276,2461
297,2465
164,2466
248,2469
246,2470
154,2489
153,2490
488,2494
62,2496
391,2498
284,2513
360,2515
288,2523
174,2525
332,2525
348,2526
224,2530
231,2533
496,2543
354,2548
373,2555
21,2560
122,2562
133,2566
173,2572
345,2573
260,2578
230,2578
67,2582
155,2583
27,2583
472,2588
189,2589
423,2592
8,2594
207,2597
315,2607
171,2627
400,2628
23,2628
233,2628
115,2629
264,2637
137,2640
395,2641
1,2643
378,2646
271,2656
387,2664
40,2668
443,2675
484,2702
55,2702
183,2706
366,2720
179,2735
217,2738
430,2740
94,2747
307,2753
236,2759
98,2763
116,2766
375,2772
262,2775
372,2775
266,2783
252,2787
374,2807
194,2820
219,2824
490,2832
474,2839
282,2876
50,2876
92,2886
172,2896
322,2919
367,2929
426,2942
265,2957
146,2962
259,2968
34,2969
73,2973
341,2984
364,2987
334,2989
110,2994
296,3005
386,3010
69,3026
152,3026
408,3061
263,3072
498,3123
314,3154
43,3171
223,3171
53,3178
239,3183
145,3211
232,3213
499,3230
291,3244
41,3252
206,3253
295,3269
493,3356
63,3358
38,3460
227,3463
462,3505
10,3510
9,3526
270,3531
89,3536
319,3550
256,3605
45,3749
193,3760
90,3766
371,3777
158,3829
409,3849
290,4007
136,4148
491,4445

simblock.block.ProofOfWorkBlock@590ca9fc:79
297,0
71,552
165,827
276,901
381,1049
83,1102
403,1133
126,1171
106,1225
379,1269
314,1289
418,1313
353,1318
424,1351
90,1364
111,1376
240,1391
329,1411
33,1422
497,1443
269,1445
242,1453
327,1457
285,1474
62,1487
411,1492
444,1494
251,1531
101,1535
59,1538
220,1576
469,1581
19,1583
431,1595
423,1601
446,1618
141,1620
347,1621
236,1636
117,1660
355,1665
121,1667
313,1668
120,1669
361,1669
294,1676
97,1677
34,1681
150,1700
385,1701
352,1703
5,1708
419,1718
182,1718
397,1749
479,1752
35,1754
404,1756
465,1756
184,1758
234,1760
428,1760
365,1783
317,1784
213,1786
277,1802
2,1803
29,1810
88,1818
412,1824
50,1829
44,1831
26,1833
119,1837
130,1839
15,1839
382,1842
179,1845
136,1853
402,1859
378,1862
124,1869
390,1871
323,1877
339,1889
333,1893
203,1910
187,1920
291,1924
21,1926
407,1929
129,1931
144,1932
312,1932
215,1939
192,1939
356,1940
167,1945
468,1960
57,1961
482,1969
67,1977
311,1977
471,1979
450,1979
82,1982
427,1987
93,1990
232,1993
140,1997
245,1999
328,2000
147,2003
200,2006
228,2008
348,2010
476,2012
175,2014
60,2019
261,2026
78,2027
253,2035
103,2035
305,2035
494,2037
1,2049
451,2049
303,2053
86,2058
196,2067
483,2070
233,2073
212,2075
201,2079
443,2087
7,2105
307,2106
63,2106
316,2108
430,2114
475,2114
310,2116
413,2123
270,2127
163,2132
20,2134
231,2136
118,2138
143,2140
346,2141
207,2142
238,2142
309,2143
368,2153
31,2153
75,2159
153,2161
408,2161
415,2162
239,2164
350,2170
330,2170
37,2176
426,2179
216,2181
358,2182
188,2183
25,2194
47,2194
94,2197
190,2204
293,2206
137,2208
133,2208
466,2211
456,2215
158,2215
123,2218
193,2223
438,2223
449,2228
230,2236
134,2236
441,2237
66,2247
194,2249
128,2251
244,2257
54,2257
266,2259
421,2270
243,2276
366,2283
195,2287
32,2288
278,2288
448,2292
477,2297
435,2298
254,2302
46,2305
422,2305
27,2309
250,2310
340,2312
478,2314
248,2316
58,2318
205,2320
458,2323
336,2327
102,2333
159,2334
95,2335
499,2335
131,2345
308,2347
154,2353
337,2354
453,2363
434,2367
409,2370
84,2372
345,2375
22,2376
237,2376
396,2384
16,2385
226,2387
156,2389
24,2389
48,2392
490,2394
393,2395
273,2397
55,2398
410,2403
440,2411
42,2418
280,2419
283,2435
109,2436
12,2440
429,2443
472,2454
351,2458
96,2460
114,2467
267,2469
463,2471
64,2479
287,2487
488,2492
442,2497
166,2499
445,2503
302,2504
376,2505
304,2513
459,2515
151,2515
473,2521
202,2528
363,2530
299,2531
51,2538
342,2538
384,2548
149,2548
49,2548
105,2550
104,2552
65,2554
344,2557
73,2561
211,2562
72,2562
281,2567
52,2571
492,2572
489,2573
125,2589
398,2591
6,2597
225,2603
257,2607
401,2608
199,2613
247,2618
152,2618
112,2631
289,2631
11,2639
399,2650
198,2650
265,2659
326,2668
4,2676
298,2679
292,2679
186,2683
56,2684
259,2686
61,2695
241,2702
160,2705
229,2705
455,2709
74,2713
436,2716
301,2717
470,2718
258,2719
372,2724
162,2725
28,2742
38,2743
319,2745
221,2746
484,2749
138,2751
249,2769
318,2776
209,2777
169,2782
362,2785
181,2789
268,2801
108,2808
331,2812
461,2817
217,2826
481,2851
284,2856
177,2857
206,2858
395,2897
113,2906
189,2915
252,2919
460,2920
389,2922
145,2925
36,2932
76,2949
495,2951
10,2955
223,2955
383,2967
235,2976
80,2978
197,2980
122,2981
388,2981
255,2985
437,2991
69,2991
406,2994
30,2999
178,3000
171,3000
81,3002
320,3011
325,3035
41,3042
79,3056
246,3061
367,3070
91,3074
173,3074
371,3076
288,3091
493,3096
487,3098
227,3105
343,3107
170,3111
380,3127
139,3141
172,3149
23,3172
295,3198
322,3201
263,3202
9,3213
218,3237
260,3240
219,3240
462,3244
364,3248
400,3254
256,3264
77,3272
180,3280
8,3281
360,3284
39,3286
100,3288
164,3296
43,3322
467,3337
45,3340
191,3346
369,3351
491,3352
454,3368
110,3374
425,3406
391,3410
500,3411
53,3447
334,3461
457,3464
68,3465
341,3478
370,3484
375,3500
354,3563
498,3572
99,3584
275,3585
142,3588
89,3596
40,3631
208,3649
474,3703
262,3706
135,3709
373,3711
286,3763
18,3764
432,3800
92,3813
290,3823
148,3827
174,3882
386,3889
357,3897
183,3907
439,3955
387,3955
306,4016
405,4060
335,4063
98,4074
315,4101
264,4139
332,4145
392,4207
85,4256
417,4314
224,4412
155,4440
185,4526
107,4568
324,4628
447,4750
70,4759
204,4921
338,4926
116,5050
168,5111
13,5301
321,5486
414,5690
127,5838
210,6069
374,6236
282,6454
433,6835
214,7215
496,7603
157,7987

simblock.block.ProofOfWorkBlock@4809bb62:80
350,0
440,152
406,209
239,269
89,301
124,326
70,358
460,368
352,392
266,417
91,425
185,426
179,450
328,451
496,475
264,479
153,488
72,491
200,508
485,509
140,517
490,534
143,537
275,540
425,547
137,548
63,567
389,573
206,574
248,574
476,577
54,593
377,596
445,599
473,602
110,606
261,606
236,606
95,612
438,620
321,623
113,629
121,630
208,631
367,632
399,633
40,635
466,644
156,648
253,652
167,654
212,656
61,663
449,666
78,666
176,666
216,667
336,669
315,671
116,683
194,686
94,689
157,689
345,693
477,695
338,699
168,699
457,700
25,700
154,703
278,711
190,712
21,713
122,719
24,723
366,725
433,726
307,727
356,727
475,729
158,732
178,733
363,736
84,737
483,738
28,740
8,744
401,746
1,748
492,752
305,753
392,756
484,756
426,758
471,760
186,761
324,762
308,762
447,764
4,766
16,770
60,770
287,772
93,776
214,783
333,783
293,784
320,785
417,785
3,786
448,787
39,790
309,791
257,792
304,792
12,795
274,798
55,799
199,800
346,802
493,807
443,808
272,809
294,809
408,809
340,810
135,810
439,812
402,814
184,815
306,817
415,817
302,818
148,819
414,820
129,820
487,821
105,825
413,827
210,829
270,829
170,829
44,831
85,831
82,832
262,833
48,835
51,839
482,839
202,839
103,842
107,842
435,845
361,845
357,846
127,847
233,847
451,847
420,848
155,849
472,849
282,851
450,851
332,854
180,854
437,856
393,858
409,859
255,860
205,861
373,864
405,866
454,867
453,868
29,869
204,874
410,875
100,876
13,876
64,876
53,878
441,879
196,879
211,882
494,886
128,887
36,887
283,888
231,888
86,889
348,891
488,893
387,898
459,899
286,899
161,901
250,903
344,903
7,904
422,904
133,905
279,905
27,905
478,905
311,907
136,911
66,914
188,916
164,916
160,917
162,917
57,924
337,924
31,928
281,931
500,931
432,932
428,933
369,935
303,935
343,938
22,939
458,943
368,947
215,947
88,955
123,957
213,957
407,959
411,962
419,963
351,963
118,964
330,965
499,967
77,974
427,975
201,975
398,983
203,993
18,994
386,996
224,999
312,1002
241,1007
62,1007
424,1008
319,1011
247,1013
58,1020
446,1023
267,1031
430,1035
19,1042
431,1045
59,1047
114,1048
56,1055
310,1057
222,1062
269,1062
92,1063
230,1065
339,1071
412,1078
17,1083
465,1089
362,1092
249,1094
382,1097
318,1100
323,1100
134,1101
292,1101
301,1101
149,1103
355,1122
150,1124
479,1124
489,1126
394,1127
390,1127
52,1129
49,1131
480,1133
370,1134
226,1139
111,1140
192,1140
5,1145
234,1146
76,1149
444,1149
198,1152
177,1161
90,1162
468,1164
163,1167
245,1168
33,1171
388,1175
228,1179
144,1180
280,1181
384,1182
317,1191
442,1193
396,1202
220,1203
197,1205
289,1214
244,1215
240,1216
101,1217
119,1218
359,1218
379,1219
376,1226
491,1228
75,1230
254,1231
182,1232
209,1240
238,1240
400,1245
380,1254
175,1256
130,1258
469,1261
151,1270
349,1272
73,1273
159,1274
381,1274
47,1278
331,1278
43,1278
397,1283
365,1284
218,1291
403,1296
416,1298
225,1300
300,1302
6,1302
132,1302
126,1303
87,1308
37,1311
497,1311
102,1311
327,1317
358,1319
26,1334
313,1336
14,1341
296,1349
418,1350
486,1352
347,1373
291,1387
378,1388
353,1401
97,1401
235,1403
32,1404
195,1417
181,1417
23,1433
20,1434
217,1445
298,1445
106,1446
237,1451
108,1453
227,1458
371,1458
169,1461
229,1463
314,1465
120,1472
273,1473
147,1476
46,1480
404,1485
326,1496
67,1500
374,1502
189,1521
429,1523
131,1523
277,1524
322,1527
395,1543
207,1544
152,1556
391,1559
260,1561
34,1562
360,1568
268,1572
109,1574
290,1577
138,1581
232,1583
452,1583
98,1602
125,1607
325,1624
271,1635
96,1638
495,1642
35,1651
375,1654
68,1656
436,1657
464,1668
10,1683
251,1693
334,1693
115,1693
166,1698
81,1699
9,1700
83,1701
354,1732
187,1741
461,1748
142,1748
2,1753
335,1756
173,1793
498,1795
193,1810
141,1815
462,1820
42,1821
11,1829
191,1843
364,1850
50,1866
112,1867
117,1872
79,1882
342,1911
470,1923
481,1931
41,1977
30,1982
421,1989
329,1990
139,1991
146,1994
372,1998
455,2005
256,2034
65,2042
316,2081
80,2093
456,2103
295,2105
423,2128
172,2148
69,2154
252,2156
383,2159
463,2163
174,2236
15,2252
104,2260
165,2265
223,2283
263,2288
38,2293
45,2294
299,2318
285,2329
258,2336
242,2418
74,2429
171,2445
297,2465
183,2497
341,2547
276,2573
284,2583
385,2598
288,2615
219,2618
71,2717
99,2844
265,2885
246,2907
221,2908
243,2914
145,3053
474,3193
259,3353
467,3535

simblock.block.ProofOfWorkBlock@532d057:81
429,0
396,225
280,310
362,410
46,447
455,526
497,530
377,587
35,609
182,613
465,635
326,668
149,691
73,717
414,740
191,746
111,746
291,751
485,766
301,776
333,787
352,797
238,813
11,829
14,830
416,832
97,833
384,839
392,853
19,855
237,858
327,895
365,897
176,908
281,912
102,913
401,914
394,915
304,917
169,919
244,923
226,939
269,942
18,944
52,947
273,961
368,964
188,965
108,966
466,974
438,975
383,978
397,998
49,1000
447,1000
480,1000
218,1001
325,1001
27,1007
434,1010
91,1018
471,1022
257,1024
247,1030
64,1035
435,1041
358,1049
197,1049
90,1053
318,1053
413,1056
56,1056
463,1057
157,1058
204,1066
82,1072
215,1073
110,1075
426,1080
76,1083
131,1084
470,1085
379,1088
187,1088
213,1091
177,1092
159,1093
85,1093
113,1106
479,1106
298,1111
75,1112
240,1114
63,1116
459,1116
205,1116
12,1119
439,1125
286,1125
329,1129
5,1131
190,1131
147,1132
251,1135
436,1135
42,1136
300,1137
431,1139
8,1142
127,1149
310,1149
126,1151
359,1151
70,1156
424,1156
338,1162
130,1162
234,1165
26,1165
353,1167
381,1169
6,1170
199,1171
128,1172
427,1173
309,1173
77,1174
462,1174
412,1175
95,1188
222,1188
93,1190
355,1192
336,1192
268,1193
37,1195
94,1197
408,1206
150,1207
311,1207
20,1209
444,1210
51,1211
330,1215
313,1218
451,1220
347,1220
348,1221
289,1222
351,1224
382,1226
161,1230
148,1230
499,1231
376,1231
225,1232
140,1232
331,1233
342,1234
209,1234
258,1235
155,1238
25,1240
445,1240
380,1243
403,1244
109,1248
328,1248
402,1249
120,1253
469,1253
74,1256
495,1257
443,1259
473,1260
220,1263
133,1266
344,1267
312,1267
303,1268
134,1277
316,1278
80,1279
117,1279
4,1281
203,1281
430,1288
170,1288
277,1289
54,1290
144,1294
305,1295
450,1297
385,1303
224,1303
388,1305
123,1309
212,1310
475,1311
449,1311
198,1311
60,1312
186,1313
262,1316
168,1316
114,1319
40,1322
494,1322
166,1324
370,1324
488,1324
398,1327
255,1327
361,1327
124,1327
196,1330
57,1331
32,1333
387,1334
349,1337
411,1337
292,1338
22,1338
407,1338
1,1338
419,1346
15,1348
106,1349
208,1352
321,1354
442,1354
236,1355
324,1359
307,1359
245,1362
420,1363
418,1364
293,1366
343,1366
363,1369
254,1373
267,1376
48,1379
88,1381
367,1385
162,1387
306,1394
278,1396
101,1396
28,1397
105,1397
369,1403
484,1407
409,1410
404,1411
228,1411
206,1414
65,1415
249,1419
460,1420
486,1421
405,1423
425,1424
175,1426
143,1427
132,1433
339,1434
386,1435
87,1436
163,1438
496,1442
235,1444
83,1445
122,1453
230,1454
272,1461
478,1465
167,1465
96,1466
151,1472
165,1477
156,1480
141,1488
184,1491
458,1495
446,1496
264,1497
248,1497
317,1501
78,1501
323,1503
59,1504
308,1505
441,1506
47,1507
275,1512
13,1512
487,1518
433,1527
490,1528
477,1539
390,1539
211,1540
23,1545
417,1549
31,1553
62,1569
158,1575
261,1576
448,1577
43,1578
395,1578
92,1580
107,1584
129,1587
33,1587
241,1588
468,1589
399,1591
192,1593
135,1596
66,1598
154,1600
115,1608
345,1612
282,1613
24,1615
366,1616
119,1620
86,1626
265,1629
100,1634
454,1645
2,1653
71,1654
279,1658
294,1664
410,1672
491,1675
415,1679
121,1679
153,1683
17,1683
3,1685
276,1687
332,1696
146,1707
195,1708
391,1713
457,1714
99,1724
266,1726
350,1744
302,1749
360,1752
210,1752
456,1753
67,1758
21,1758
453,1760
185,1761
493,1768
193,1774
287,1775
34,1776
137,1776
68,1780
231,1788
58,1791
173,1792
79,1796
16,1801
9,1802
221,1808
284,1813
183,1817
174,1818
283,1826
112,1827
138,1832
474,1833
84,1846
354,1847
371,1848
440,1854
375,1854
118,1855
219,1856
72,1861
452,1862
217,1864
181,1867
7,1874
139,1878
422,1889
260,1899
214,1900
104,1916
322,1919
406,1923
200,1936
319,1940
472,1942
89,1952
50,1953
103,1954
30,1954
315,1963
357,1968
145,1971
207,1972
285,1974
53,2003
81,2010
492,2021
337,2035
432,2035
482,2036
250,2048
125,2055
69,2057
340,2067
483,2077
346,2094
136,2115
356,2116
202,2121
372,2124
178,2127
239,2138
180,2142
229,2147
160,2150
421,2154
461,2161
400,2174
428,2179
194,2198
172,2203
253,2214
270,2221
500,2242
423,2282
320,2295
233,2298
98,2305
10,2305
61,2307
164,2314
389,2324
464,2326
227,2328
216,2338
29,2352
41,2365
274,2388
171,2432
189,2436
152,2447
296,2457
252,2482
259,2497
39,2498
437,2500
36,2516
45,2516
38,2530
242,2552
271,2556
44,2599
378,2608
364,2614
246,2614
374,2631
116,2649
201,2672
373,2674
55,2690
232,2700
299,2719
243,2734
142,2747
334,2782
467,2837
476,2847
223,2854
314,2879
288,2900
295,2914
256,2948
481,2983
393,3028
263,3103
341,3162

simblock.block.ProofOfWorkBlock@788c251:82
281,0
438,375
326,458
144,547
134,592
431,632
361,679
394,717
247,763
141,767
19,801
358,833
291,845
469,849
277,870
329,890
192,922
349,932
404,934
97,941
90,951
384,978
20,985
17,998
59,1003
234,1013
350,1019
131,1021
424,1022
480,1025
235,1032
117,1052
166,1065
238,1068
381,1069
73,1081
87,1086
198,1089
269,1103
298,1105
313,1108
418,1110
470,1112
5,1117
245,1134
42,1135
316,1147
463,1150
75,1152
382,1156
273,1156
101,1162
112,1171
179,1173
403,1173
497,1174
465,1186
182,1191
304,1192
462,1195
119,1207
151,1211
292,1214
251,1216
468,1220
111,1222
76,1231
102,1233
218,1233
440,1235
444,1239
300,1239
479,1240
26,1242
175,1244
123,1246
222,1247
379,1257
159,1258
96,1261
270,1268
380,1269
289,1273
147,1274
228,1277
237,1281
93,1282
165,1292
268,1294
239,1295
155,1296
325,1299
385,1300
65,1302
74,1303
318,1306
191,1308
52,1313
486,1313
120,1320
35,1324
301,1328
411,1328
130,1329
449,1333
388,1335
355,1340
13,1343
436,1344
406,1352
359,1352
215,1354
495,1357
48,1357
132,1363
241,1367
83,1367
365,1369
57,1370
37,1384
15,1392
244,1392
236,1393
33,1398
257,1398
446,1398
6,1402
390,1404
327,1408
109,1411
153,1413
473,1414
352,1417
177,1419
88,1424
108,1426
397,1434
53,1434
220,1436
416,1437
421,1439
169,1439
210,1442
305,1445
410,1445
347,1448
328,1449
2,1450
187,1454
209,1454
240,1455
489,1457
353,1458
398,1458
149,1461
376,1467
434,1468
84,1471
143,1472
124,1473
32,1476
164,1477
302,1481
308,1483
168,1484
500,1485
181,1487
114,1489
383,1496
414,1497
409,1499
464,1503
170,1504
92,1506
342,1506
107,1507
443,1508
442,1511
137,1515
280,1517
62,1518
86,1527
485,1529
331,1530
435,1531
225,1531
190,1531
106,1534
77,1535
47,1536
14,1537
12,1542
254,1545
127,1545
320,1548
150,1548
362,1549
317,1549
387,1563
72,1565
370,1570
458,1574
422,1576
24,1578
253,1579
64,1589
46,1599
330,1601
348,1601
405,1602
161,1604
129,1607
185,1610
200,1610
162,1611
80,1616
491,1616
285,1618
197,1621
340,1622
457,1637
21,1640
401,1641
205,1643
61,1644
367,1646
18,1652
478,1652
103,1656
293,1659
310,1661
154,1664
267,1666
230,1671
203,1679
121,1679
315,1684
336,1684
498,1691
60,1694
261,1699
211,1704
338,1707
425,1711
399,1714
337,1719
279,1721
441,1722
36,1723
429,1729
184,1736
432,1737
487,1738
163,1745
260,1745
413,1746
156,1756
351,1757
9,1763
445,1765
85,1767
377,1774
278,1774
426,1775
54,1776
427,1776
100,1778
68,1784
454,1787
40,1794
105,1796
136,1799
25,1800
433,1803
95,1809
39,1810
412,1815
22,1816
297,1817
3,1817
167,1821
307,1821
488,1822
99,1825
63,1825
396,1829
152,1829
344,1829
188,1831
202,1833
402,1833
311,1840
196,1847
11,1849
44,1852
400,1854
262,1856
415,1858
334,1861
206,1865
363,1869
499,1873
4,1878
31,1889
494,1892
466,1892
91,1893
79,1893
294,1895
303,1897
1,1903
272,1904
467,1906
461,1908
451,1912
455,1918
128,1919
212,1921
360,1934
407,1939
369,1950
453,1954
420,1954
82,1955
275,1956
122,1957
288,1958
323,1961
271,1968
50,1972
428,1972
496,1979
391,1983
29,1990
339,1994
49,2000
319,2009
43,2021
322,2026
71,2031
460,2032
195,2040
472,2042
249,2043
430,2048
408,2051
183,2065
66,2065
180,2068
274,2072
27,2075
448,2078
207,2080
116,2081
375,2088
194,2089
38,2096
290,2112
178,2113
258,2127
28,2131
389,2131
248,2132
158,2133
23,2140
259,2150
256,2151
89,2154
314,2155
126,2156
226,2167
243,2170
174,2172
208,2181
94,2186
392,2203
69,2207
56,2209
58,2216
459,2224
324,2231
231,2241
186,2242
8,2253
283,2259
447,2271
145,2275
160,2289
146,2290
199,2306
450,2308
214,2309
490,2309
242,2313
246,2322
482,2328
378,2337
335,2348
357,2355
125,2367
204,2367
437,2381
493,2384
264,2391
299,2404
133,2411
333,2419
474,2422
113,2426
346,2432
366,2448
229,2466
321,2482
312,2486
477,2488
265,2490
224,2496
118,2502
395,2503
372,2531
157,2533
30,2537
345,2542
439,2557
423,2564
419,2568
104,2580
7,2584
51,2593
172,2596
475,2602
252,2609
135,2624
16,2659
138,2661
176,2674
287,2676
282,2680
98,2682
110,2716
417,2723
393,2731
295,2734
286,2744
148,2760
216,2801
223,2801
492,2836
115,2842
232,2848
139,2856
356,2857
386,2859
233,2905
343,2905
374,2911
45,2918
296,2930
250,2936
481,2983
55,2984
213,3036
309,3080
221,3085
219,3091
173,3098
284,3100
140,3140
193,3157
471,3163
456,3168
364,3178
306,3210
373,3260
78,3316
371,3334
276,3350
171,3351
368,3384
34,3404
341,3418
81,3421
201,3438
332,3494
255,3557
217,3581
484,3612
41,3661
67,3676
266,3732
142,3764
476,3789
70,3911
452,3940
354,3995
483,4087
189,4344
227,4615
10,4867
263,5126

simblock.block.ProofOfWorkBlock@7e1ef5f6:83
401,0
91,152
286,210
475,270
205,302
302,348
337,359
22,360
293,407
157,418
7,419
308,428
54,452
340,463
406,474
453,478
179,488
472,505
129,508
356,510
250,521
148,529
392,538
167,546
40,561
306,561
487,569
230,569
178,572
333,584
94,585
199,590
180,590
39,596
78,599
282,602
63,605
103,611
121,621
153,625
201,626
307,630
367,631
405,631
393,632
236,641
107,643
95,645
110,648
24,651
85,653
60,656
84,659
92,659
118,661
454,664
351,669
457,671
500,681
62,682
72,686
27,688
427,688
303,689
387,689
448,698
29,700
352,700
357,702
430,704
266,708
188,712
499,715
202,715
485,716
208,717
161,719
275,720
483,720
36,721
185,723
70,726
386,729
203,731
214,735
154,735
407,737
12,742
58,743
164,743
156,744
366,745
459,745
422,748
426,752
270,753
122,754
408,755
449,757
88,758
279,759
294,759
433,761
377,763
170,766
86,767
338,771
311,773
363,773
1,777
163,778
200,779
419,780
64,781
305,783
89,784
315,784
160,790
196,792
437,792
233,793
369,793
155,794
93,795
399,796
16,797
484,798
451,799
476,800
402,801
460,803
18,803
343,804
4,807
116,807
168,807
310,808
320,810
477,812
344,812
389,813
253,816
57,816
414,819
55,819
332,821
471,822
25,829
493,829
319,831
412,832
440,834
261,835
410,838
287,838
455,839
231,840
239,841
184,842
420,843
13,846
492,848
309,850
373,852
272,853
66,855
143,855
224,856
491,857
447,858
321,858
466,858
210,861
350,862
226,862
100,864
105,866
248,868
194,869
330,869
82,870
494,872
8,872
264,874
140,875
186,875
127,878
211,879
496,879
158,881
255,885
53,886
278,886
489,890
262,893
128,898
324,899
136,900
478,902
133,906
216,912
204,916
435,919
490,919
137,919
206,920
15,922
428,923
348,924
51,924
417,929
304,931
450,932
190,933
439,935
61,938
31,938
267,940
445,942
413,946
132,948
3,948
162,951
283,954
113,959
176,962
131,968
90,968
415,974
443,978
409,979
28,981
135,985
368,988
312,990
482,997
212,999
273,1007
465,1009
353,1009
458,1011
269,1021
486,1021
198,1023
175,1027
21,1031
432,1036
213,1037
291,1038
38,1046
339,1048
44,1053
274,1056
301,1057
326,1058
411,1063
346,1067
165,1067
150,1074
396,1075
446,1079
345,1082
177,1084
77,1085
384,1092
215,1094
473,1101
59,1101
398,1102
336,1109
495,1109
249,1112
441,1112
328,1114
111,1116
355,1120
187,1120
479,1124
480,1125
425,1126
26,1127
109,1132
197,1133
380,1140
292,1141
130,1143
112,1144
442,1145
342,1147
33,1148
298,1151
123,1158
421,1162
488,1166
124,1174
108,1178
469,1178
444,1179
166,1181
117,1182
327,1185
149,1187
228,1190
251,1191
383,1191
52,1193
169,1195
47,1197
75,1198
102,1204
56,1205
181,1210
80,1215
238,1216
11,1217
362,1220
280,1221
349,1226
429,1227
17,1228
370,1242
247,1243
19,1246
144,1250
74,1251
126,1251
277,1257
244,1262
14,1266
317,1275
6,1278
120,1285
470,1286
313,1286
404,1287
220,1288
376,1290
316,1290
114,1291
134,1291
245,1293
497,1296
394,1300
151,1306
347,1310
416,1315
218,1316
222,1321
240,1327
10,1343
382,1343
229,1344
141,1348
97,1348
395,1351
360,1353
159,1357
5,1360
285,1364
48,1367
83,1368
281,1378
76,1380
388,1386
403,1394
300,1394
79,1397
246,1400
81,1409
73,1415
235,1427
371,1429
172,1430
101,1431
431,1448
237,1448
2,1462
397,1464
452,1466
329,1468
379,1468
254,1479
98,1480
65,1481
268,1486
331,1492
299,1496
217,1498
146,1501
314,1512
361,1513
423,1513
296,1513
365,1518
173,1519
119,1524
290,1525
374,1529
227,1532
464,1535
20,1535
138,1547
358,1551
438,1552
68,1553
23,1558
87,1562
223,1563
390,1564
263,1568
189,1571
378,1572
106,1588
34,1591
152,1599
242,1599
252,1603
468,1608
325,1620
335,1626
334,1629
288,1639
258,1640
209,1643
225,1649
195,1650
192,1657
32,1663
456,1683
49,1684
359,1694
418,1695
297,1701
462,1705
71,1709
67,1719
182,1720
434,1723
41,1732
147,1736
30,1762
125,1769
191,1779
257,1809
385,1819
498,1821
241,1826
50,1840
115,1862
289,1869
232,1886
142,1889
341,1895
381,1896
375,1903
364,1909
171,1913
436,1918
9,1939
461,1942
354,1966
463,1981
391,1984
323,1989
318,2003
207,2005
260,2025
37,2041
69,2120
43,2130
96,2151
234,2174
322,2181
424,2182
276,2203
284,2223
193,2267
271,2293
42,2323
45,2344
104,2457
183,2471
481,2477
35,2492
139,2506
256,2549
400,2581
46,2667
174,2785
265,2815
99,2880
243,2894
145,2954
259,3088
372,3234
219,3247
295,3429
221,3532
474,3819
467,4165

simblock.block.ProofOfWorkBlock@42a91495:84
471,0
328,153
128,210
266,290
426,300
8,346
230,359
61,368
29,402
337,421
210,424
63,441
402,456
414,459
89,477
427,494
185,495
212,500
92,515
118,517
137,517
352,518
338,539
122,553
261,553
170,561
389,562
393,571
178,573
303,575
64,584
140,585
54,590
179,598
447,603
255,608
483,610
278,612
440,625
272,627
475,629
488,631
24,631
78,646
248,647
7,649
199,649
428,650
184,655
16,664
176,666
489,667
168,667
60,669
443,669
163,670
484,674
356,686
492,687
42,688
154,688
453,690
357,692
472,693
124,700
345,704
309,705
206,708
267,708
283,709
155,715
448,719
477,721
473,721
77,721
350,724
270,724
202,725
460,726
312,727
330,731
57,732
175,732
499,736
27,737
454,742
343,744
200,744
321,745
95,746
31,751
449,752
406,753
133,755
13,758
51,761
208,761
279,764
70,765
311,766
213,766
25,776
496,778
201,778
275,779
135,779
153,780
368,781
401,781
236,783
346,784
196,786
344,786
157,789
148,791
18,791
485,793
129,793
336,794
405,797
286,799
12,801
203,802
351,804
441,804
156,807
116,811
305,813
315,815
264,816
105,816
412,819
28,820
422,820
36,820
377,821
160,821
194,822
366,822
417,824
113,827
190,828
459,829
490,837
86,838
103,839
205,842
100,843
399,844
348,845
164,848
302,850
339,850
231,851
40,853
84,855
411,856
387,856
450,858
380,859
88,860
425,860
214,861
136,861
204,865
224,865
91,867
287,868
66,869
143,870
186,870
409,873
107,876
419,877
369,879
363,880
332,882
458,883
110,884
188,885
250,886
293,890
72,892
233,895
167,896
430,897
319,900
306,902
294,903
494,903
451,904
216,905
478,907
1,908
262,908
253,909
500,909
226,909
268,910
282,910
58,911
180,913
433,915
292,915
432,916
307,918
493,918
320,924
94,924
439,926
93,927
435,927
304,929
386,930
161,932
158,934
410,935
340,936
39,941
367,941
333,943
21,943
373,949
85,952
82,955
289,957
313,960
121,960
324,960
407,964
418,964
162,964
392,967
65,969
308,970
487,972
457,980
466,981
274,987
22,990
476,992
408,993
239,998
442,1004
310,1005
119,1006
62,1012
445,1018
3,1020
420,1021
382,1026
211,1029
413,1029
277,1031
434,1038
4,1040
127,1045
469,1050
355,1056
415,1056
102,1071
130,1079
53,1079
20,1080
491,1080
390,1084
44,1087
165,1090
56,1091
48,1095
376,1097
151,1100
141,1100
17,1111
11,1115
112,1117
280,1118
361,1121
222,1122
397,1123
254,1135
166,1136
240,1137
437,1138
228,1139
197,1141
394,1142
55,1145
131,1145
46,1148
281,1150
101,1157
258,1162
177,1167
444,1174
342,1175
300,1175
327,1178
497,1180
431,1182
331,1183
468,1185
421,1186
403,1190
218,1193
381,1195
383,1196
482,1197
238,1208
47,1212
362,1213
323,1214
234,1217
379,1221
173,1222
209,1226
14,1227
80,1231
75,1231
358,1232
19,1233
470,1237
237,1240
52,1241
96,1245
349,1261
15,1261
198,1266
318,1269
455,1271
73,1273
181,1282
241,1290
247,1292
87,1293
235,1294
32,1298
49,1299
486,1300
465,1306
244,1307
120,1308
111,1309
479,1313
79,1315
269,1320
149,1320
117,1321
359,1327
106,1337
195,1339
145,1350
416,1351
35,1354
37,1356
76,1360
436,1365
191,1365
462,1367
134,1374
391,1382
144,1387
220,1387
139,1391
108,1395
326,1402
97,1404
370,1406
150,1412
43,1419
316,1422
378,1425
404,1431
298,1432
291,1438
207,1442
38,1443
123,1445
498,1447
59,1452
232,1457
219,1460
429,1460
365,1462
360,1463
223,1464
260,1472
6,1472
249,1473
371,1476
385,1476
257,1477
147,1487
187,1491
90,1499
189,1510
68,1536
245,1538
464,1540
400,1541
438,1543
271,1552
142,1556
329,1558
2,1559
242,1561
322,1562
67,1567
290,1578
182,1581
109,1592
353,1594
374,1599
301,1602
99,1606
480,1606
215,1607
115,1612
317,1618
125,1620
341,1632
225,1633
221,1636
74,1642
251,1647
5,1649
26,1669
169,1675
354,1679
23,1680
474,1703
273,1710
347,1713
71,1714
325,1728
424,1729
229,1740
217,1759
446,1763
388,1763
395,1768
384,1777
126,1805
463,1817
276,1823
83,1849
9,1876
285,1884
396,1887
104,1894
335,1905
50,1925
33,1927
81,1964
192,1975
152,2012
372,2018
398,2027
171,2028
227,2047
375,2055
314,2060
495,2066
265,2075
138,2096
159,2106
334,2109
288,2160
246,2170
30,2176
10,2189
193,2209
132,2236
172,2264
114,2283
481,2306
299,2311
263,2321
456,2350
423,2385
256,2392
295,2396
69,2414
452,2458
34,2461
284,2476
259,2478
364,2548
183,2549
98,2565
174,2615
146,2660
41,2670
296,2743
252,2845
297,2889
45,2976
461,3044
243,3318
467,3385

simblock.block.ProofOfWorkBlock@13e54c05:85
313,0
379,223
225,305
394,393
411,443
48,526
381,531
336,567
166,608
220,614
97,619
2,659
434,689
35,696
182,709
153,718
488,740
240,741
385,750
42,756
248,778
469,780
132,790
404,829
165,833
442,834
249,834
241,841
118,847
200,866
337,870
331,875
436,880
178,893
406,905
222,910
124,915
455,915
56,916
497,916
109,917
49,917
111,923
339,925
396,934
206,940
386,951
368,959
261,964
126,969
74,969
119,972
120,974
144,978
239,981
151,993
433,997
323,997
202,998
175,999
101,999
257,1004
87,1005
33,1009
15,1010
453,1011
370,1011
495,1016
432,1023
440,1023
343,1024
25,1039
483,1044
164,1045
150,1052
418,1054
185,1054
361,1055
365,1056
187,1056
24,1057
459,1058
380,1058
403,1060
329,1063
347,1064
412,1067
346,1069
141,1080
427,1080
205,1080
317,1082
90,1086
108,1086
237,1087
294,1088
88,1088
445,1088
130,1093
384,1093
352,1096
83,1097
280,1102
426,1104
289,1105
131,1108
93,1108
264,1111
1,1115
447,1121
158,1124
72,1126
344,1127
340,1131
117,1136
274,1138
468,1138
273,1139
159,1139
148,1140
397,1140
61,1141
486,1145
244,1145
157,1146
116,1146
169,1147
398,1147
52,1148
5,1152
437,1152
312,1153
78,1153
86,1154
147,1157
47,1161
424,1162
122,1163
258,1167
197,1168
235,1175
70,1175
417,1177
190,1177
308,1178
135,1180
292,1181
419,1182
407,1184
107,1184
255,1184
342,1188
373,1189
198,1190
266,1191
14,1192
51,1193
192,1193
156,1195
387,1195
429,1196
409,1198
320,1203
425,1208
57,1209
84,1209
278,1209
324,1210
450,1210
179,1211
234,1217
201,1218
473,1218
106,1219
478,1221
431,1222
268,1229
128,1230
11,1232
253,1232
245,1233
209,1233
465,1234
408,1234
112,1235
430,1235
286,1236
6,1240
161,1241
460,1243
63,1244
327,1246
489,1247
251,1248
65,1251
349,1252
480,1252
127,1254
476,1254
19,1256
350,1259
338,1260
471,1261
31,1263
226,1264
494,1265
233,1265
18,1267
302,1268
102,1270
484,1270
479,1271
421,1274
100,1274
377,1275
415,1275
269,1277
363,1278
401,1280
134,1282
325,1282
176,1283
203,1286
303,1290
446,1291
160,1291
196,1294
133,1295
214,1301
123,1302
170,1302
388,1303
369,1310
444,1311
318,1313
236,1316
121,1318
26,1318
496,1321
37,1322
191,1323
492,1323
457,1324
64,1326
307,1326
80,1326
316,1334
281,1338
94,1339
413,1339
458,1341
13,1346
143,1346
149,1347
355,1349
285,1356
438,1358
103,1360
59,1361
85,1361
376,1361
499,1363
283,1367
304,1367
75,1372
73,1374
490,1383
416,1384
40,1392
356,1393
76,1396
383,1396
301,1403
428,1405
208,1413
275,1413
464,1415
422,1418
300,1419
358,1420
62,1422
254,1424
477,1425
441,1426
332,1428
443,1433
328,1436
310,1436
17,1440
410,1440
262,1442
154,1448
20,1449
215,1450
277,1455
39,1456
199,1457
172,1459
231,1469
298,1473
96,1475
238,1477
32,1488
291,1495
181,1496
162,1497
267,1497
293,1499
420,1501
454,1501
44,1505
366,1508
319,1509
204,1512
451,1513
4,1516
393,1520
168,1520
500,1534
194,1548
21,1553
321,1554
216,1558
27,1560
71,1564
210,1566
92,1568
461,1571
390,1588
66,1588
12,1588
155,1591
288,1592
22,1592
448,1593
402,1595
186,1596
345,1603
279,1606
230,1611
326,1611
354,1612
8,1614
89,1616
184,1617
188,1624
54,1631
247,1633
485,1634
260,1640
306,1652
463,1653
359,1667
23,1669
98,1674
351,1685
228,1686
163,1687
3,1689
482,1689
449,1690
405,1697
67,1697
256,1700
456,1709
81,1725
348,1732
360,1736
110,1741
77,1746
224,1747
30,1759
400,1760
296,1762
82,1763
414,1764
435,1764
472,1769
211,1770
232,1773
309,1774
242,1775
382,1781
462,1783
229,1785
311,1787
173,1789
493,1791
333,1799
391,1806
246,1808
129,1809
183,1813
315,1832
114,1841
171,1859
305,1860
212,1860
195,1861
68,1867
29,1871
263,1873
392,1878
189,1879
50,1879
357,1905
487,1920
79,1922
136,1925
367,1927
104,1930
452,1937
284,1947
475,1948
362,1950
46,1956
378,1957
276,1961
389,1965
330,1965
299,1984
439,1986
174,1991
271,1993
34,2014
138,2014
481,2016
423,2023
9,2033
60,2034
372,2038
364,2043
137,2062
227,2065
265,2070
375,2070
295,2074
36,2079
53,2100
152,2119
399,2122
99,2125
217,2126
334,2127
341,2131
218,2139
250,2144
287,2160
223,2165
43,2206
491,2215
55,2238
91,2264
474,2265
113,2298
395,2307
177,2313
213,2319
290,2325
297,2342
272,2346
322,2366
243,2368
371,2383
221,2414
28,2417
146,2428
105,2439
467,2459
180,2474
353,2488
7,2499
335,2557
69,2584
193,2591
95,2592
207,2615
58,2618
466,2656
470,2660
145,2667
16,2673
45,2726
125,2792
282,2794
140,2849
41,2865
115,2896
38,2915
252,3028
167,3032
498,3041
219,3144
270,3208
10,3282
259,3408
314,3533
374,3645
139,3803
142,3897

simblock.block.ProofOfWorkBlock@1f891a79:86
230,0
402,153
185,212
352,277
196,303
328,334
426,359
29,360
337,390
458,419
82,425
64,447
386,451
363,471
178,476
167,482
471,484
184,505
212,508
163,513
453,517
250,528
392,536
343,539
179,540
153,542
95,563
61,570
121,570
157,570
188,577
92,579
366,585
348,593
485,595
393,596
86,599
89,599
340,608
255,621
427,626
261,626
312,627
194,627
205,630
449,633
208,635
24,636
128,636
435,647
330,652
356,652
477,653
441,657
278,657
338,661
28,663
286,666
315,671
154,682
430,682
140,687
494,688
236,688
93,688
445,689
307,690
133,691
324,691
454,692
44,693
414,693
118,694
57,700
204,706
84,708
274,710
413,713
124,720
7,720
180,722
201,723
54,723
357,724
407,731
55,733
389,738
100,738
311,743
22,743
448,744
293,745
206,747
399,747
148,747
302,748
493,750
282,750
116,750
466,752
60,756
85,756
351,757
110,758
275,762
473,763
401,764
283,766
475,768
58,768
345,769
122,775
447,776
113,777
333,779
439,780
135,780
129,781
332,781
25,782
410,783
190,783
443,784
306,787
472,790
319,791
168,791
382,795
303,797
12,799
412,801
499,802
105,803
136,803
339,805
210,807
18,808
308,811
21,812
482,814
450,814
350,818
143,820
294,820
216,821
490,821
211,822
160,825
127,825
346,827
266,827
478,831
137,834
51,834
176,835
253,835
484,837
272,837
437,837
13,838
199,839
417,839
496,839
164,841
1,843
310,843
419,844
203,845
483,845
162,849
262,853
451,854
66,857
369,857
344,861
336,862
72,863
215,863
155,864
279,865
305,866
27,869
420,871
62,877
88,879
78,879
409,882
309,885
476,886
422,887
492,888
91,890
460,892
459,894
487,896
226,896
408,896
170,896
214,901
428,901
500,902
4,905
94,907
39,909
270,910
108,914
317,915
158,915
425,915
321,920
264,921
231,921
77,924
465,927
415,927
373,932
161,932
36,933
313,934
432,935
367,936
489,939
488,941
390,942
63,947
405,950
433,951
406,952
70,953
3,954
156,955
233,967
411,971
76,973
202,975
40,977
277,980
107,981
224,993
31,995
377,998
396,999
384,999
144,1006
457,1010
320,1010
267,1011
186,1013
287,1027
291,1033
48,1035
359,1039
8,1055
191,1058
16,1059
111,1062
245,1066
387,1067
53,1073
468,1076
331,1080
347,1084
429,1085
446,1085
280,1090
131,1092
463,1096
434,1096
470,1102
90,1102
166,1108
416,1109
213,1111
444,1122
32,1127
106,1127
376,1128
169,1129
424,1132
480,1136
361,1142
240,1142
209,1143
379,1144
497,1147
436,1147
440,1150
380,1151
469,1153
6,1153
218,1155
197,1161
248,1168
258,1169
130,1170
151,1170
241,1173
244,1175
2,1177
47,1183
19,1189
397,1190
228,1194
342,1200
292,1204
365,1205
74,1209
187,1209
370,1211
200,1214
257,1216
491,1224
394,1226
165,1232
358,1234
73,1239
388,1243
147,1245
101,1245
119,1246
5,1250
109,1253
79,1253
65,1255
120,1257
35,1260
362,1261
237,1262
398,1262
438,1266
368,1271
80,1281
418,1282
327,1283
239,1289
134,1290
117,1294
300,1295
355,1298
479,1298
442,1304
220,1304
14,1304
15,1305
247,1307
235,1318
42,1327
182,1332
181,1333
87,1341
403,1347
195,1347
11,1348
149,1355
284,1362
38,1369
341,1371
263,1376
175,1390
43,1400
59,1402
102,1404
112,1421
123,1424
20,1428
322,1430
381,1430
217,1430
177,1432
281,1435
242,1437
219,1439
192,1445
462,1449
254,1451
378,1454
391,1457
301,1459
207,1462
314,1467
323,1473
326,1473
238,1474
353,1498
97,1502
268,1503
374,1503
227,1515
456,1517
251,1519
299,1523
104,1538
68,1545
83,1555
56,1566
52,1575
404,1579
229,1587
400,1592
37,1594
222,1603
26,1604
269,1608
34,1611
10,1619
385,1621
464,1626
349,1630
290,1642
173,1643
329,1643
142,1644
46,1646
96,1668
49,1672
265,1674
115,1681
474,1684
431,1687
114,1692
183,1697
372,1701
221,1711
171,1719
146,1720
260,1725
304,1732
198,1737
289,1738
193,1747
75,1749
50,1758
141,1770
455,1773
99,1778
243,1795
298,1799
285,1803
225,1814
17,1825
316,1838
81,1857
126,1861
318,1861
335,1903
371,1905
145,1906
138,1913
23,1928
150,1943
273,1974
360,2020
30,2023
256,2031
159,2036
103,2093
152,2098
461,2103
249,2112
67,2113
296,2126
421,2152
71,2166
364,2188
276,2189
41,2199
33,2206
498,2232
486,2283
232,2303
259,2323
383,2328
325,2381
481,2382
189,2397
9,2415
295,2449
223,2486
423,2490
495,2505
375,2507
334,2514
234,2557
395,2577
354,2610
132,2680
174,2682
452,2712
45,2788
297,2791
252,2837
271,2873
125,2913
288,2977
467,3057
98,3123
172,3157
69,3258
246,3271
139,3442

simblock.block.ProofOfWorkBlock@d4d1338:86
145,0
232,392
217,545
98,694
172,781
263,928
385,960
146,1012
423,1073
38,1159
290,1168
397,1218
322,1306
104,1321
69,1331
411,1482
111,1572
238,1579
442,1596
381,1763
198,1833
462,1838
268,1862
91,2065
292,2069
388,2092
48,2096
20,2120
464,2346
325,2355
362,2357
389,2364
147,2380
257,2621
359,2625
372,2638
154,2655
137,2671
438,2879
396,2903
220,2904
180,2953
392,2968
14,3145
100,3207
478,3256
405,3268
351,3288
106,3408
184,3507
63,3555
294,3571
350,3668
289,3676
113,3810
345,3852
124,3872
191,3934
336,4057
194,4111
458,4150
399,4171
24,4238
333,4409
279,4437
44,4452
309,4482
214,4537
427,4708
133,4751
27,4780
92,4821
402,4847
210,5056
412,5147
18,5215
233,5448
287,5595
312,5747
332,5975
374,6143

simblock.block.ProofOfWorkBlock@5a69dfd:87
381,0
385,218
317,305
424,388
147,436
165,475
47,520
411,534
141,563
26,603
468,607
277,617
379,645
394,659
355,684
403,692
106,698
301,699
497,730
169,739
486,750
2,757
316,773
19,774
117,781
144,784
285,784
101,815
380,820
257,829
17,832
442,835
365,836
222,838
397,855
120,858
313,864
418,867
382,871
331,879
273,905
444,911
280,917
130,918
251,920
90,923
151,926
87,931
187,945
35,945
396,946
20,953
123,962
82,963
150,972
132,974
119,979
463,986
445,991
14,997
191,1000
215,1003
292,1003
192,1003
5,1004
462,1006
240,1012
198,1013
58,1014
234,1019
126,1019
220,1029
416,1030
160,1030
15,1030
327,1034
175,1042
62,1042
102,1044
241,1049
254,1055
97,1056
109,1059
108,1059
37,1060
247,1064
436,1066
329,1083
76,1084
464,1086
465,1086
249,1087
112,1094
269,1094
404,1097
149,1100
384,1101
225,1102
27,1106
323,1114
469,1114
449,1121
218,1127
134,1134
362,1137
338,1139
479,1139
237,1139
480,1143
340,1145
228,1147
245,1150
166,1152
52,1153
388,1159
42,1164
64,1165
482,1166
65,1166
325,1170
383,1174
293,1174
431,1175
46,1182
244,1184
376,1186
56,1186
483,1187
127,1188
283,1191
446,1194
59,1196
455,1199
70,1202
291,1204
363,1206
493,1212
492,1215
466,1217
83,1218
131,1221
370,1224
429,1224
359,1225
390,1225
203,1226
188,1228
398,1231
181,1231
182,1231
495,1234
32,1237
236,1243
49,1246
33,1255
289,1257
80,1257
213,1258
326,1260
409,1260
434,1264
310,1270
21,1272
197,1273
224,1274
425,1274
161,1274
421,1277
303,1278
118,1281
345,1282
258,1284
435,1285
349,1286
73,1290
352,1291
351,1293
401,1298
438,1300
209,1309
358,1312
78,1312
235,1312
275,1316
300,1317
11,1322
440,1323
361,1323
48,1327
39,1327
342,1328
402,1328
85,1330
238,1331
7,1331
357,1334
6,1337
128,1338
267,1344
353,1345
4,1348
75,1351
157,1351
274,1353
196,1359
287,1360
22,1360
448,1363
93,1366
470,1367
164,1369
369,1371
202,1371
439,1374
63,1375
328,1378
216,1384
158,1389
60,1390
487,1395
281,1400
432,1407
179,1412
450,1416
443,1416
261,1420
496,1423
268,1428
122,1431
386,1434
346,1434
8,1442
387,1442
298,1443
159,1443
133,1447
311,1450
339,1450
111,1450
476,1452
477,1452
415,1452
330,1458
177,1460
204,1466
178,1467
488,1469
253,1477
437,1479
500,1479
74,1485
3,1495
12,1495
264,1498
156,1499
318,1501
153,1503
13,1504
155,1505
250,1506
426,1508
107,1511
459,1511
304,1511
61,1512
315,1513
336,1516
414,1520
494,1523
392,1523
96,1526
86,1527
55,1527
129,1532
395,1535
367,1536
190,1536
44,1536
199,1546
205,1548
105,1550
162,1557
478,1561
255,1561
167,1562
88,1564
399,1564
212,1564
92,1568
347,1569
79,1574
266,1575
473,1587
484,1591
54,1593
348,1595
295,1600
454,1601
194,1605
201,1607
344,1607
239,1607
214,1613
485,1618
1,1619
410,1624
103,1625
350,1626
68,1627
320,1627
231,1628
307,1632
417,1634
94,1642
321,1644
57,1645
433,1660
457,1672
170,1673
427,1678
428,1680
272,1681
208,1682
252,1686
210,1686
25,1687
430,1687
30,1689
50,1694
294,1696
99,1699
458,1702
420,1704
306,1704
422,1705
377,1708
100,1710
114,1715
332,1716
419,1720
441,1721
354,1721
125,1725
456,1725
378,1730
278,1737
314,1739
337,1742
200,1744
248,1744
113,1750
154,1752
242,1754
72,1758
489,1760
375,1772
286,1776
405,1780
84,1783
34,1784
36,1791
368,1791
230,1800
66,1805
302,1805
412,1808
91,1808
95,1808
18,1815
279,1821
423,1823
189,1825
24,1826
110,1855
499,1856
324,1863
413,1864
171,1865
89,1865
207,1868
256,1875
408,1888
309,1888
139,1889
262,1898
140,1906
490,1912
124,1920
71,1923
180,1923
69,1925
284,1931
28,1936
360,1948
260,1953
343,1954
185,1965
288,1971
366,1972
407,1980
116,1983
373,1986
31,1987
9,1992
374,1992
223,2009
481,2012
152,2020
168,2031
183,2040
137,2041
270,2062
246,2072
391,2073
233,2073
474,2074
308,2080
312,2088
138,2091
475,2099
29,2102
400,2114
282,2115
322,2136
472,2139
447,2149
51,2161
356,2162
393,2162
271,2172
299,2214
195,2220
265,2221
172,2232
148,2239
334,2241
45,2242
333,2249
453,2264
186,2272
491,2279
146,2281
227,2292
136,2300
176,2317
451,2323
296,2331
143,2341
372,2359
259,2367
341,2386
461,2456
163,2460
221,2468
23,2468
305,2474
276,2481
290,2490
471,2498
406,2517
174,2519
115,2527
371,2533
104,2580
211,2634
145,2635
460,2660
184,2672
229,2692
38,2729
10,2739
232,2764
41,2767
219,2779
217,2785
206,2816
40,2833
135,2847
43,2947
16,2990
77,3012
498,3015
364,3018
67,3097
319,3165
121,3188
98,3194
335,3264
389,3340
452,3349
53,3363
173,3464
226,3513
263,3601
297,3602
467,3752
193,3853
81,3857
243,3996
142,4249

simblock.block.ProofOfWorkBlock@62ebbdda:88
429,0
280,223
396,309
362,391
35,455
497,524
455,537
377,594
149,619
465,636
182,639
325,692
237,701
46,720
238,724
401,743
169,743
11,762
439,769
15,773
352,802
73,806
301,807
349,829
76,847
394,853
244,856
74,857
269,859
414,860
365,890
148,897
492,899
469,915
392,916
42,920
137,921
177,924
218,930
495,935
291,936
379,940
191,943
479,946
186,946
230,952
340,956
123,970
24,979
200,980
6,997
166,1006
350,1008
102,1011
471,1011
468,1012
286,1015
480,1016
384,1017
434,1024
132,1026
52,1030
249,1031
344,1036
257,1040
463,1048
85,1052
342,1061
82,1066
258,1066
122,1067
358,1069
426,1069
178,1070
275,1071
117,1076
293,1077
184,1077
80,1078
484,1079
359,1082
403,1082
159,1090
459,1096
470,1097
326,1098
97,1101
337,1102
427,1103
285,1105
26,1105
351,1106
281,1110
272,1111
37,1115
292,1120
485,1121
19,1124
255,1127
86,1130
27,1130
251,1132
475,1133
75,1133
22,1134
329,1135
161,1139
168,1139
214,1140
241,1143
370,1147
209,1150
355,1150
162,1152
489,1155
331,1155
411,1156
179,1157
245,1158
431,1158
192,1159
101,1160
328,1161
211,1162
361,1164
56,1164
59,1164
266,1165
482,1168
212,1172
327,1174
353,1183
188,1184
486,1185
490,1186
203,1187
150,1187
204,1190
462,1191
199,1191
343,1193
136,1196
298,1196
62,1199
77,1200
158,1202
61,1203
397,1203
380,1211
144,1214
108,1216
64,1219
128,1222
197,1224
491,1225
382,1225
5,1226
483,1226
477,1227
109,1229
103,1229
441,1234
198,1234
385,1234
473,1239
300,1239
338,1239
95,1240
347,1243
438,1243
393,1244
464,1244
57,1245
453,1245
430,1248
398,1248
444,1252
262,1252
228,1253
118,1255
153,1255
176,1255
446,1256
78,1258
363,1259
112,1262
131,1265
220,1266
156,1266
412,1267
240,1269
381,1271
143,1273
316,1276
416,1278
432,1279
247,1280
205,1282
500,1284
88,1285
445,1286
494,1288
289,1291
134,1291
476,1292
33,1293
66,1294
415,1295
487,1295
433,1299
428,1299
121,1300
407,1302
110,1304
253,1306
47,1308
165,1309
114,1310
225,1311
318,1311
234,1315
268,1315
16,1319
332,1324
313,1325
436,1327
127,1335
215,1336
130,1337
140,1339
233,1339
279,1343
222,1344
60,1344
388,1345
12,1346
155,1347
450,1348
126,1348
277,1350
154,1351
94,1353
111,1355
32,1357
443,1362
14,1362
163,1365
457,1369
466,1370
170,1371
418,1376
120,1376
390,1379
235,1381
278,1381
406,1383
208,1387
404,1390
175,1391
93,1392
106,1393
2,1395
48,1398
312,1398
113,1402
346,1404
147,1407
87,1409
248,1411
119,1412
135,1416
311,1421
99,1422
449,1422
308,1425
386,1425
333,1426
437,1426
324,1429
367,1437
323,1438
25,1438
294,1443
49,1446
307,1447
254,1447
196,1449
13,1453
447,1454
90,1457
317,1458
336,1458
420,1459
389,1459
83,1461
419,1467
458,1473
29,1474
424,1475
133,1479
287,1490
409,1507
270,1507
96,1508
236,1510
202,1515
129,1517
499,1521
330,1521
4,1523
376,1526
405,1527
310,1538
187,1539
402,1543
321,1545
383,1554
23,1559
451,1560
239,1564
141,1564
442,1569
496,1571
17,1571
461,1573
303,1581
460,1585
360,1589
224,1593
44,1595
399,1596
267,1597
299,1599
9,1599
368,1600
100,1603
157,1604
366,1605
472,1615
70,1615
387,1616
305,1620
282,1620
210,1621
425,1623
63,1624
31,1628
304,1628
345,1635
422,1638
454,1649
440,1652
65,1657
107,1681
20,1685
408,1692
151,1696
105,1698
213,1701
185,1713
478,1723
273,1727
139,1734
306,1734
164,1742
181,1743
375,1743
284,1745
276,1751
373,1754
67,1754
81,1761
145,1763
264,1770
309,1772
28,1772
467,1776
194,1780
229,1782
79,1783
92,1784
206,1788
493,1789
104,1795
7,1797
91,1798
174,1807
315,1809
1,1817
34,1821
50,1827
265,1827
18,1831
53,1834
193,1838
138,1845
354,1856
452,1863
227,1864
183,1872
435,1874
221,1876
474,1879
274,1883
481,1892
260,1897
421,1900
173,1901
369,1906
302,1911
250,1920
297,1931
71,1948
68,1955
410,1956
364,1961
124,1963
226,1964
36,1972
413,1973
146,1977
356,1982
72,1992
39,1992
391,1993
271,1996
195,2002
374,2008
283,2013
115,2013
171,2029
116,2049
125,2051
98,2067
372,2094
207,2095
89,2097
8,2134
217,2135
488,2137
357,2145
395,2147
252,2148
417,2152
320,2157
339,2172
51,2180
246,2185
54,2192
21,2227
41,2229
30,2235
219,2262
371,2270
45,2298
10,2302
84,2307
69,2311
40,2315
58,2321
3,2353
201,2354
259,2361
167,2374
400,2396
348,2400
322,2419
288,2474
296,2485
55,2496
448,2509
231,2527
242,2552
152,2554
261,2577
290,2612
243,2617
142,2637
189,2646
43,2667
180,2676
190,2689
160,2705
223,2777
232,2802
216,2852
38,2860
319,2863
378,2867
172,2915
295,2944
335,3033
256,3053
498,3102
456,3115
334,3118
314,3166
341,3191
263,3282
423,3367

simblock.block.ProofOfWorkBlock@5e9f3052:89
92,0
170,151
168,207
309,265
155,300
368,330
84,356
176,366
233,397
422,413
16,416
357,426
407,454
320,454
450,470
386,473
103,482
345,485
377,506
426,510
94,510
414,516
137,527
255,531
441,545
205,546
201,550
363,562
72,565
410,567
302,568
12,574
261,576
402,582
113,584
31,589
352,602
107,604
148,605
105,606
128,611
356,621
266,621
287,623
70,623
348,624
413,631
459,632
89,634
91,637
366,639
346,642
405,644
274,646
93,658
338,659
392,659
210,662
449,663
8,668
61,669
471,670
213,681
428,682
439,683
451,685
143,686
140,687
488,687
308,688
214,690
77,692
253,694
7,694
303,697
54,700
161,702
203,703
304,708
389,711
21,711
211,716
178,717
27,719
344,720
190,722
58,723
435,724
199,725
153,725
312,727
401,729
29,731
476,733
264,735
458,738
457,741
278,744
53,744
412,744
340,745
351,746
39,746
332,748
406,748
279,751
157,752
121,754
216,755
184,755
28,755
336,757
393,758
311,763
82,764
294,766
135,766
22,771
337,772
282,774
24,774
475,777
156,780
500,781
419,782
319,782
306,783
267,783
492,785
88,785
127,785
425,788
369,790
13,790
180,791
196,794
466,796
490,796
186,796
204,801
1,801
95,802
473,805
185,806
25,806
239,808
307,810
212,811
154,813
179,813
60,813
272,814
443,814
448,815
484,815
427,817
122,818
270,820
275,820
310,823
118,823
286,826
78,827
408,827
188,829
321,830
328,832
160,833
485,834
430,835
248,839
36,840
51,841
472,842
133,842
454,843
202,845
44,846
100,846
293,847
343,848
64,849
417,849
487,849
477,852
162,855
18,856
226,858
57,859
62,859
460,860
432,862
305,863
315,866
483,868
482,872
373,875
437,875
116,875
208,876
262,877
494,878
489,881
129,883
110,883
453,893
124,893
333,893
499,895
224,895
250,901
445,901
63,902
442,903
231,903
40,903
447,906
164,907
433,909
230,909
283,911
409,912
493,913
324,916
399,916
496,929
478,935
350,939
436,944
491,948
367,948
387,950
415,954
497,955
206,959
298,964
194,965
301,980
191,984
55,984
23,987
420,992
385,994
136,998
429,999
241,1001
85,1007
339,1013
347,1016
66,1030
192,1032
268,1034
355,1037
4,1038
495,1039
438,1045
119,1049
480,1049
254,1049
327,1057
5,1058
86,1059
149,1059
158,1061
330,1065
131,1068
175,1069
329,1071
292,1071
3,1072
134,1072
249,1076
126,1080
35,1088
285,1094
468,1096
102,1103
440,1116
326,1118
397,1121
90,1122
236,1123
163,1124
117,1126
80,1126
463,1131
280,1134
83,1140
87,1147
317,1148
244,1150
235,1151
469,1153
112,1154
316,1164
187,1164
14,1165
220,1169
446,1170
240,1170
73,1171
269,1174
167,1178
470,1181
247,1182
150,1191
361,1192
181,1193
215,1200
182,1203
74,1206
382,1206
359,1208
479,1212
108,1212
47,1215
111,1215
455,1227
166,1227
421,1231
26,1233
200,1234
424,1238
416,1238
291,1241
130,1242
390,1242
358,1242
237,1250
11,1250
444,1252
32,1253
101,1256
120,1262
318,1263
19,1268
139,1269
411,1270
277,1289
323,1292
380,1293
65,1293
109,1297
33,1298
106,1306
189,1308
398,1311
48,1313
123,1321
289,1326
273,1335
159,1348
198,1351
147,1360
325,1362
207,1364
76,1374
75,1377
376,1380
17,1385
238,1390
383,1405
353,1405
384,1410
395,1412
222,1413
79,1419
228,1423
2,1426
30,1436
290,1437
314,1437
464,1440
152,1443
20,1446
481,1459
423,1462
41,1463
396,1464
381,1464
365,1465
59,1477
219,1479
256,1479
138,1479
177,1496
97,1505
81,1514
378,1518
34,1519
104,1525
263,1525
452,1528
217,1538
370,1538
195,1543
342,1544
49,1546
144,1551
50,1558
169,1568
218,1570
474,1581
165,1588
132,1596
251,1600
10,1602
52,1609
431,1620
331,1633
379,1635
6,1636
295,1638
354,1646
299,1647
146,1659
209,1665
141,1687
400,1690
232,1702
46,1708
461,1709
114,1717
456,1724
43,1725
465,1740
37,1741
391,1762
68,1766
462,1766
15,1776
115,1778
142,1783
388,1784
56,1790
96,1803
151,1816
193,1818
229,1825
172,1844
227,1867
300,1879
252,1881
260,1889
183,1900
362,1913
171,1935
313,1955
418,1960
125,1963
334,1971
372,1979
281,1988
197,1988
99,2003
322,2004
98,2069
276,2080
242,2116
243,2117
71,2120
341,2127
404,2129
257,2157
394,2160
364,2168
335,2185
67,2195
360,2238
173,2241
371,2263
297,2276
498,2288
403,2328
486,2340
221,2368
271,2400
296,2411
174,2467
434,2498
245,2512
45,2537
223,2586
9,2651
349,2669
234,2682
288,2713
467,2747
225,2839
258,2853
42,3008
265,3011
375,3089
374,3134
284,3290
69,3358
38,3417
246,3576
145,3704
259,4013

simblock.block.ProofOfWorkBlock@6cbe45db:90
440,0
352,152
253,233
70,292
62,300
54,353
489,358
92,384
490,410
278,425
283,442
417,446
453,452
350,466
377,483
60,508
445,509
435,520
496,525
236,535
170,537
86,540
55,558
357,567
51,574
40,576
266,581
53,593
309,594
368,597
95,599
162,599
454,600
286,605
427,607
405,614
179,622
367,624
315,635
401,638
163,638
89,641
13,651
262,654
432,655
457,656
419,658
1,658
387,659
483,663
230,663
206,670
409,671
127,678
485,683
208,686
124,687
160,689
128,690
7,692
155,695
121,695
392,704
154,708
279,712
472,712
18,716
205,716
356,717
204,719
302,720
188,724
199,726
82,726
210,728
93,729
118,731
386,731
311,734
488,738
201,739
448,741
476,744
77,745
176,746
345,747
439,747
22,751
110,752
369,756
264,756
231,757
306,759
406,761
203,762
84,763
499,766
430,769
161,769
63,775
475,775
58,776
66,777
185,779
407,780
88,782
275,785
460,785
351,787
336,787
477,788
129,789
471,790
107,798
402,798
8,799
21,800
105,800
148,801
303,802
211,804
320,804
484,808
72,808
180,809
190,809
226,810
494,811
433,811
116,813
61,813
393,813
478,814
410,814
384,814
39,815
337,815
451,816
319,819
274,820
414,821
186,822
473,823
420,825
338,826
157,831
239,831
449,832
196,833
340,834
426,837
143,837
156,839
272,839
310,840
202,842
16,842
399,843
294,847
491,848
492,857
135,859
212,860
282,860
332,861
122,861
287,864
24,865
437,865
304,866
366,868
428,869
482,869
450,870
103,871
250,873
408,874
12,877
178,877
389,882
261,882
330,883
158,885
324,887
57,887
267,887
224,892
78,894
164,894
328,895
413,898
312,898
346,899
213,899
333,899
214,900
137,900
270,900
167,901
348,905
466,905
4,906
307,908
363,910
113,913
305,913
91,918
308,920
25,920
64,922
140,922
459,925
293,928
339,931
343,935
443,936
136,939
493,940
216,940
194,942
248,944
412,952
373,953
415,954
255,955
28,956
133,956
36,957
159,957
153,958
425,959
422,974
487,976
44,979
321,979
100,983
500,984
458,984
48,985
3,992
344,994
220,1000
32,1000
106,1002
469,1005
438,1007
468,1012
85,1012
52,1015
235,1016
200,1020
233,1020
123,1031
27,1036
184,1037
300,1045
365,1051
277,1055
181,1057
31,1068
313,1070
168,1079
56,1083
403,1085
149,1090
197,1091
94,1093
29,1100
463,1103
209,1105
97,1116
120,1116
388,1126
442,1129
169,1131
182,1140
117,1145
192,1152
327,1153
326,1154
434,1154
112,1157
441,1157
353,1158
102,1160
46,1167
101,1169
301,1171
244,1172
47,1173
175,1177
20,1177
411,1180
59,1180
37,1183
424,1183
90,1187
134,1188
464,1191
5,1191
74,1200
289,1203
249,1209
455,1213
447,1215
254,1219
65,1220
317,1224
6,1227
291,1227
35,1228
318,1229
251,1230
73,1232
17,1233
381,1247
108,1249
228,1252
418,1253
380,1254
431,1256
114,1256
11,1257
347,1262
379,1262
19,1265
49,1266
76,1274
355,1276
470,1287
376,1292
109,1295
237,1307
444,1312
83,1322
111,1322
23,1326
429,1326
234,1328
292,1331
361,1343
177,1345
257,1351
370,1355
465,1355
150,1358
42,1362
383,1364
240,1364
139,1372
416,1374
38,1377
497,1386
198,1387
87,1390
144,1391
126,1397
298,1398
222,1399
14,1406
342,1426
480,1427
394,1432
396,1432
96,1438
349,1440
397,1445
371,1452
479,1462
68,1463
80,1465
138,1466
360,1473
498,1491
119,1491
325,1492
382,1493
217,1494
79,1495
398,1496
166,1500
359,1503
45,1506
30,1506
358,1513
280,1514
238,1515
299,1520
314,1522
378,1528
462,1534
271,1534
334,1535
130,1538
172,1544
395,1545
10,1548
219,1550
364,1551
260,1554
329,1556
189,1560
391,1563
316,1565
247,1568
362,1570
341,1577
75,1578
331,1593
15,1602
375,1603
436,1607
268,1608
258,1609
98,1629
354,1632
400,1636
34,1640
41,1647
223,1655
259,1659
390,1662
147,1673
269,1687
191,1690
241,1694
285,1706
245,1708
221,1719
33,1733
81,1736
215,1746
142,1746
227,1747
385,1772
404,1773
193,1775
225,1776
218,1779
281,1779
229,1796
452,1797
43,1812
174,1828
243,1831
290,1832
151,1834
67,1844
295,1858
187,1860
207,1865
486,1868
421,1879
26,1880
467,1898
446,1902
322,1920
423,1986
173,1997
297,2000
276,2002
323,2005
104,2022
474,2031
132,2049
296,2057
131,2060
481,2061
195,2061
374,2065
50,2066
232,2080
152,2088
99,2141
252,2151
256,2159
372,2175
141,2175
273,2222
165,2231
115,2242
242,2268
9,2292
125,2328
145,2352
265,2354
461,2378
495,2394
183,2401
2,2415
171,2442
284,2454
263,2463
71,2566
246,2676
69,2695
335,2705
456,2747
146,2753
288,2987

simblock.block.ProofOfWorkBlock@e346615:91
490,0
409,735
28,792
336,849
437,893
116,910
92,941
473,950
93,968
205,1002
488,1002
204,1007
55,1025
202,1051
478,1058
21,1059
86,1059
158,1064
162,1084
168,1093
420,1114
351,1115
419,1116
163,1117
8,1117
13,1123
440,1141
328,1143
302,1149
453,1151
367,1154
283,1161
239,1173
262,1173
148,1176
63,1177
161,1179
7,1181
110,1206
201,1207
422,1208
179,1209
255,1209
345,1209
140,1210
499,1211
405,1212
449,1218
51,1234
236,1237
261,1238
188,1241
293,1241
113,1242
343,1259
321,1264
412,1264
210,1265
22,1265
393,1265
178,1267
278,1268
53,1269
487,1272
72,1272
203,1273
135,1274
196,1274
357,1278
143,1287
415,1290
266,1291
337,1292
118,1294
433,1298
105,1300
472,1302
84,1303
61,1308
264,1312
355,1313
122,1318
186,1321
482,1322
160,1322
386,1322
450,1324
70,1326
29,1327
333,1329
445,1329
231,1329
18,1330
304,1331
387,1332
500,1333
211,1333
78,1335
494,1337
368,1338
107,1338
60,1343
282,1347
275,1348
124,1348
350,1349
165,1353
425,1356
428,1357
401,1358
363,1358
476,1359
4,1359
460,1359
176,1361
443,1362
58,1364
100,1365
448,1369
427,1371
82,1375
319,1378
31,1379
352,1379
303,1380
344,1380
323,1381
406,1383
272,1384
156,1387
190,1389
62,1391
447,1391
491,1392
250,1392
294,1392
346,1393
458,1393
180,1394
44,1394
91,1396
85,1398
185,1399
16,1400
1,1400
392,1406
459,1406
89,1407
438,1407
133,1410
155,1411
338,1413
332,1414
128,1415
25,1416
214,1417
77,1417
95,1418
36,1419
315,1420
306,1422
212,1422
164,1424
305,1426
475,1428
399,1430
66,1431
373,1432
57,1433
435,1434
310,1436
339,1437
248,1439
366,1443
64,1444
477,1449
389,1451
121,1451
430,1452
426,1453
311,1454
312,1454
439,1455
194,1455
483,1456
441,1456
213,1460
492,1462
402,1463
308,1467
457,1469
230,1470
157,1471
454,1474
94,1474
154,1476
200,1478
287,1480
485,1482
136,1482
340,1483
286,1484
102,1484
12,1485
369,1487
320,1490
451,1492
417,1492
408,1494
307,1496
226,1496
493,1506
466,1509
330,1509
253,1510
224,1510
199,1511
356,1512
377,1512
471,1514
39,1517
14,1519
27,1519
469,1523
184,1527
424,1533
279,1535
167,1538
413,1548
150,1549
54,1550
103,1550
198,1551
432,1553
151,1560
489,1562
76,1563
273,1566
127,1566
208,1567
108,1570
381,1570
88,1575
463,1578
251,1581
258,1584
309,1588
3,1588
442,1589
414,1596
324,1603
129,1608
123,1609
496,1610
331,1614
385,1618
484,1618
40,1624
20,1638
120,1643
486,1648
175,1651
301,1652
379,1653
117,1655
119,1656
42,1665
11,1669
410,1670
359,1674
24,1676
97,1676
233,1677
396,1684
277,1689
96,1702
434,1705
192,1707
73,1710
298,1712
342,1713
244,1716
285,1719
19,1726
153,1728
289,1734
170,1735
187,1735
191,1737
197,1737
249,1737
292,1739
348,1741
362,1742
464,1744
394,1745
209,1751
241,1754
247,1757
361,1758
228,1761
26,1763
134,1763
254,1766
235,1768
114,1772
49,1778
436,1778
83,1780
131,1782
56,1785
267,1787
65,1789
90,1789
358,1790
215,1793
30,1795
270,1795
274,1797
388,1797
245,1803
220,1804
182,1807
383,1813
109,1813
17,1814
429,1820
144,1824
132,1831
2,1831
216,1832
416,1832
300,1834
6,1840
411,1843
407,1855
130,1856
317,1867
137,1868
47,1872
112,1873
234,1875
240,1880
33,1884
370,1890
299,1893
171,1899
87,1902
318,1908
269,1909
149,1916
390,1919
246,1919
138,1923
268,1925
455,1927
147,1932
446,1933
206,1933
444,1935
126,1937
349,1940
5,1940
32,1954
347,1957
181,1968
80,1969
67,1969
23,1973
34,1977
327,1984
48,1989
479,1989
79,2002
481,2003
395,2004
326,2006
74,2013
45,2026
404,2030
68,2033
189,2042
166,2044
145,2044
195,2047
290,2051
378,2052
75,2052
256,2062
232,2077
59,2080
398,2082
465,2085
169,2091
400,2094
217,2100
280,2107
291,2108
382,2110
281,2112
276,2112
229,2113
9,2114
353,2134
314,2137
498,2138
222,2146
223,2157
41,2160
431,2166
219,2167
259,2167
364,2173
172,2176
37,2178
38,2184
384,2203
360,2204
371,2210
142,2214
98,2220
354,2228
468,2229
227,2230
316,2251
104,2260
159,2262
152,2264
221,2270
111,2280
238,2281
115,2282
495,2282
260,2287
50,2296
461,2305
183,2308
174,2309
218,2312
452,2328
106,2329
225,2342
391,2354
252,2365
418,2373
99,2392
341,2396
35,2400
52,2421
237,2438
146,2447
497,2451
271,2458
322,2469
462,2485
474,2498
403,2500
376,2514
295,2522
480,2550
139,2559
374,2560
81,2564
329,2569
43,2576
467,2607
141,2609
173,2647
46,2662
421,2673
365,2677
243,2699
10,2711
15,2720
125,2762
325,2779
177,2837
334,2846
193,2847
101,2850
284,2864
335,2868
242,2960
257,3008
288,3009
397,3020
372,3038
456,3063
71,3146
207,3150
380,3191
296,3297
263,3345
297,3492
375,3533
265,3597
423,3628
69,3689

simblock.block.ProofOfWorkBlock@53b45e2d:92
416,0
35,224
5,319
383,403
49,443
497,485
14,525
6,548
197,569
280,609
326,628
431,631
218,653
159,668
15,690
470,700
20,710
65,713
26,751
289,751
318,772
132,775
486,782
359,794
52,805
429,827
339,827
292,832
169,839
327,842
291,850
198,853
379,871
455,874
56,876
209,886
166,893
114,896
264,904
237,908
101,912
177,920
141,930
46,933
301,934
87,937
235,947
403,957
349,962
281,965
215,970
131,978
294,979
175,986
257,989
149,991
394,997
340,1004
150,1004
388,1006
464,1007
39,1014
449,1020
119,1022
244,1024
234,1029
151,1030
370,1039
111,1044
153,1045
462,1050
73,1052
42,1055
362,1057
186,1057
347,1059
106,1061
436,1068
269,1071
236,1073
424,1075
181,1077
352,1080
130,1080
228,1087
134,1087
411,1087
342,1092
11,1094
331,1099
118,1102
495,1105
161,1111
109,1111
457,1114
268,1117
384,1120
2,1124
469,1132
70,1133
74,1136
123,1136
444,1137
187,1141
385,1144
144,1147
300,1150
397,1153
463,1162
33,1162
233,1165
76,1167
490,1168
78,1169
96,1170
283,1172
147,1172
313,1174
434,1177
251,1177
387,1179
19,1181
155,1190
97,1190
80,1193
3,1193
421,1194
361,1204
382,1205
225,1205
90,1207
480,1212
468,1213
240,1221
325,1222
47,1227
458,1227
113,1230
102,1231
103,1233
365,1234
317,1235
438,1246
368,1247
59,1248
393,1249
82,1249
405,1252
121,1254
108,1255
270,1256
165,1259
220,1262
373,1264
460,1267
273,1269
117,1271
222,1272
37,1274
48,1275
126,1275
446,1283
353,1284
479,1286
404,1291
157,1292
412,1292
277,1296
380,1297
465,1300
323,1301
127,1301
355,1306
386,1308
241,1308
129,1310
75,1319
204,1319
192,1324
120,1324
182,1327
238,1328
439,1330
112,1333
279,1335
285,1337
245,1337
500,1339
261,1340
72,1342
278,1346
88,1348
329,1351
247,1358
316,1362
258,1364
92,1366
443,1367
83,1368
406,1374
57,1375
275,1375
53,1376
396,1384
302,1384
358,1387
442,1391
32,1391
203,1392
190,1394
180,1401
136,1405
191,1407
417,1407
249,1408
54,1409
293,1411
24,1421
62,1425
419,1427
471,1427
135,1428
395,1432
440,1436
16,1438
351,1438
305,1441
346,1444
60,1448
17,1448
160,1452
154,1455
254,1457
354,1457
31,1462
487,1468
199,1469
381,1470
167,1472
328,1474
7,1474
128,1481
363,1482
418,1486
137,1486
473,1487
266,1489
298,1492
210,1501
447,1502
61,1505
376,1508
398,1509
426,1514
399,1514
200,1516
18,1516
499,1516
330,1517
315,1521
413,1522
484,1528
274,1528
44,1534
390,1541
488,1542
93,1547
414,1552
4,1552
450,1554
350,1567
239,1569
437,1569
163,1570
66,1571
216,1578
466,1579
12,1582
492,1582
337,1584
230,1587
168,1591
206,1591
89,1592
188,1592
196,1593
184,1603
224,1604
140,1606
272,1610
307,1615
415,1616
400,1621
338,1622
217,1622
25,1626
162,1631
98,1631
178,1636
345,1640
287,1644
493,1647
367,1649
95,1649
29,1651
494,1656
148,1657
374,1659
146,1662
483,1667
482,1667
432,1668
461,1670
183,1670
333,1675
207,1676
27,1680
344,1684
253,1689
489,1690
85,1691
451,1699
68,1701
430,1705
377,1709
392,1711
40,1718
8,1725
409,1729
422,1733
336,1742
107,1747
250,1748
58,1752
321,1755
115,1756
410,1758
252,1760
43,1761
303,1766
407,1769
77,1776
211,1779
360,1780
133,1782
297,1788
309,1791
445,1796
34,1806
311,1808
64,1813
94,1815
356,1820
67,1820
452,1823
84,1823
208,1824
265,1825
226,1829
454,1829
152,1832
145,1834
38,1838
389,1846
176,1847
299,1847
71,1848
122,1857
13,1858
202,1863
485,1864
408,1865
369,1867
310,1873
324,1878
476,1888
271,1895
100,1896
478,1899
320,1910
402,1910
195,1911
481,1919
491,1921
51,1923
282,1929
79,1930
171,1941
425,1952
304,1955
312,1964
496,1987
116,1994
143,2000
104,2000
28,2003
467,2007
213,2019
185,2021
364,2023
99,2025
21,2036
212,2047
296,2050
201,2066
193,2071
262,2082
205,2083
164,2094
267,2099
229,2102
348,2104
391,2107
334,2110
221,2114
475,2131
453,2132
173,2150
260,2166
472,2169
179,2172
138,2201
343,2202
306,2206
231,2222
375,2251
314,2253
86,2258
69,2263
63,2264
156,2267
371,2273
124,2275
357,2278
335,2285
332,2306
433,2310
322,2360
246,2365
423,2368
372,2370
223,2378
420,2382
219,2408
30,2434
194,2443
459,2446
91,2455
243,2462
319,2464
81,2466
441,2474
172,2503
139,2506
341,2513
125,2515
263,2536
427,2557
259,2586
9,2608
435,2623
55,2636
158,2641
1,2643
286,2661
290,2695
474,2711
170,2713
456,2724
214,2731
41,2754
50,2775
428,2802
105,2817
366,2823
401,2832
448,2835
142,2839
255,2909
36,2996
248,2998
284,3006
174,3012
23,3028
477,3084
295,3091
110,3172
232,3256
498,3256
227,3335
242,3341
308,3358
378,3516
45,3569
189,3587
288,3589
276,3763
256,3817
10,3837

simblock.block.ProofOfWorkBlock@3be08f:92
445,0
340,147
213,205
22,264
103,296
356,327
401,353
466,360
156,390
212,411
406,419
286,422
274,445
70,448
351,467
435,478
180,479
84,480
110,502
211,506
419,507
392,509
160,526
485,538
202,539
24,539
105,543
303,562
25,563
153,566
350,570
39,572
185,577
377,577
386,583
21,595
450,596
343,598
266,599
337,602
18,605
158,616
170,620
95,626
137,627
369,629
338,633
346,633
475,634
54,639
66,651
4,652
367,655
493,655
405,655
476,657
178,657
453,658
457,658
407,658
448,661
262,674
366,678
420,680
307,684
196,690
427,692
164,692
430,693
190,694
85,701
373,702
440,711
415,711
278,712
311,713
282,713
425,714
124,715
339,716
458,719
402,720
210,720
194,721
176,721
309,726
414,727
294,729
179,732
451,738
443,741
8,742
332,746
348,749
154,749
82,752
387,752
78,752
133,754
293,757
318,758
310,759
203,761
328,763
499,765
321,766
61,767
121,768
86,768
357,769
487,771
239,771
304,771
439,773
352,773
57,776
72,777
93,777
122,777
63,777
236,777
441,778
472,779
60,782
484,782
116,782
344,786
308,787
167,791
483,795
163,798
89,803
214,804
488,805
336,805
471,808
428,808
416,808
53,809
127,810
157,811
12,812
16,813
36,813
91,814
184,816
182,818
393,819
208,819
143,821
226,822
473,822
128,823
408,827
433,829
7,829
368,831
494,831
306,833
412,836
422,836
27,837
64,838
315,839
447,840
363,843
140,845
324,847
305,848
1,849
88,852
201,852
491,855
231,857
283,861
482,862
460,863
206,867
51,868
490,870
270,871
389,871
58,871
496,872
94,873
148,873
255,877
155,880
264,884
261,886
449,887
186,887
250,888
205,889
454,893
31,893
233,895
44,895
413,896
100,899
432,904
478,905
29,905
275,905
188,906
333,906
113,907
417,909
320,910
230,912
500,914
77,916
287,917
13,919
459,920
136,925
204,926
477,926
224,929
410,929
28,935
489,936
92,937
345,937
216,939
161,941
313,941
253,941
62,942
492,945
162,946
302,947
5,948
20,948
399,949
168,952
279,957
379,957
107,960
267,961
426,961
248,969
409,976
55,978
112,979
35,983
497,990
49,993
135,999
463,1003
199,1003
123,1004
312,1008
258,1008
319,1017
220,1027
347,1028
96,1031
120,1062
268,1063
411,1067
187,1070
159,1072
317,1072
169,1074
200,1077
331,1082
436,1090
316,1091
144,1093
254,1093
245,1094
237,1095
269,1096
388,1098
280,1110
106,1113
3,1113
59,1118
358,1119
289,1120
292,1123
87,1128
222,1131
469,1137
349,1138
384,1140
241,1150
149,1150
46,1150
129,1151
47,1154
486,1156
465,1161
19,1163
431,1167
418,1170
353,1171
277,1172
209,1180
131,1180
215,1180
151,1184
32,1186
33,1197
132,1198
40,1205
444,1205
177,1206
48,1207
126,1210
26,1211
470,1216
75,1217
404,1219
74,1220
247,1221
421,1221
257,1236
291,1243
119,1243
249,1244
382,1244
134,1251
390,1263
383,1264
56,1265
437,1266
238,1266
370,1272
2,1273
80,1275
6,1277
102,1278
423,1281
38,1286
65,1287
381,1289
376,1290
244,1293
191,1293
166,1294
361,1296
462,1299
385,1302
90,1321
141,1323
197,1324
118,1325
67,1327
73,1329
198,1331
480,1337
218,1350
76,1352
108,1354
111,1359
272,1367
442,1376
301,1380
330,1381
251,1383
290,1386
398,1388
395,1409
325,1413
17,1414
329,1414
252,1417
23,1424
147,1432
14,1443
394,1445
378,1446
193,1448
438,1449
109,1450
50,1456
81,1458
235,1458
284,1459
495,1461
240,1462
327,1466
259,1485
273,1496
374,1497
314,1498
225,1502
181,1502
434,1508
456,1520
400,1520
342,1521
130,1521
117,1530
83,1532
263,1534
217,1535
479,1539
380,1550
446,1555
34,1559
171,1564
424,1565
99,1567
115,1571
360,1572
43,1575
362,1586
42,1586
195,1589
265,1607
455,1609
299,1611
242,1615
281,1618
192,1620
101,1643
452,1644
97,1648
232,1662
323,1671
150,1673
114,1695
468,1705
45,1711
175,1724
354,1728
227,1739
172,1740
41,1740
139,1743
260,1744
429,1746
9,1751
355,1758
295,1763
300,1780
296,1785
371,1792
464,1792
142,1792
391,1810
326,1819
271,1819
15,1841
246,1855
52,1857
152,1862
71,1862
396,1865
285,1895
322,1897
145,1901
297,1913
221,1925
11,1952
165,1961
69,1963
138,1992
234,2014
146,2015
298,2028
334,2029
359,2035
189,2052
481,2069
397,2071
467,2083
173,2085
125,2097
79,2103
104,2183
37,2186
474,2192
461,2231
276,2236
403,2243
228,2244
174,2271
68,2278
498,2318
207,2320
256,2385
365,2414
341,2465
229,2468
372,2538
243,2590
98,2604
183,2617
375,2756
364,2756
219,2902
335,3043
30,3185
10,3328
288,3477
223,3637

simblock.block.ProofOfWorkBlock@7eeb20c5:92
203,0
13,151
58,209
412,266
226,300
286,326
387,359
64,364
428,383
18,417
124,421
62,435
309,441
21,449
36,474
72,478
261,491
449,499
190,507
84,531
333,535
267,537
304,548
443,556
336,568
154,585
330,594
121,594
367,594
311,605
53,612
399,625
236,650
264,654
485,656
409,662
91,687
357,706
478,711
153,712
113,745
135,760
88,764
366,769
35,771
16,778
112,786
262,816
453,820
230,833
442,833
25,838
202,875
352,879
278,893
425,895
120,916
310,941
131,941
176,954
398,956
149,1006
291,1063
358,1085
385,1089
26,1111
285,1112
300,1129
114,1135
292,1234
404,1260
166,1262
52,1281
165,1293
81,1293
228,1302
390,1409
141,1430
130,1431
480,1456
2,1463
376,1477
183,1479
23,1586
147,1613
47,1632
468,1636
397,1651
481,1692
43,1720
411,1786
191,1804
37,1822
316,1830
139,1871
298,1966
150,1997
444,1999
221,2156
418,2157
245,2174
11,2188
117,2330
175,2360
335,2457
297,2497
132,2505
342,2529
359,2687
479,2700
375,2836
209,2858
98,2982
104,3150
173,3328

simblock.block.ProofOfWorkBlock@6a9b7d16:93
364,0
244,735
342,952
438,993
56,1036
455,1118
436,1177
187,1211
247,1213
331,1253
301,1255
289,1263
75,1293
134,1295
323,1338
111,1341
215,1346
359,1379
361,1384
257,1393
434,1425
15,1427
73,1429
5,1437
385,1464
281,1467
19,1472
317,1472
469,1474
175,1483
32,1510
17,1510
251,1512
90,1513
169,1514
497,1517
177,1524
291,1549
108,1555
293,1555
384,1556
285,1561
397,1561
365,1565
228,1568
49,1572
349,1599
97,1605
470,1606
11,1609
197,1610
240,1615
269,1622
102,1640
258,1647
33,1648
218,1650
225,1650
37,1653
382,1653
80,1654
235,1657
362,1657
277,1658
327,1680
47,1684
499,1688
109,1688
326,1690
411,1691
380,1691
379,1693
273,1694
191,1697
141,1703
393,1704
404,1705
77,1705
465,1705
270,1718
2,1721
8,1730
130,1730
298,1731
42,1732
209,1732
126,1732
479,1734
405,1737
234,1738
403,1738
101,1740
52,1741
355,1742
486,1744
159,1755
162,1761
237,1763
46,1765
144,1772
74,1772
181,1772
381,1773
292,1774
238,1776
300,1777
280,1779
59,1781
87,1782
376,1782
254,1782
462,1793
150,1804
120,1813
131,1815
166,1816
117,1817
401,1822
35,1823
394,1824
416,1825
396,1825
241,1826
182,1829
51,1832
149,1836
268,1841
463,1847
457,1852
444,1854
222,1856
255,1857
424,1859
147,1860
388,1860
318,1863
332,1864
358,1865
48,1865
78,1871
330,1872
429,1875
124,1875
96,1878
488,1878
76,1879
407,1884
198,1885
26,1885
325,1896
321,1897
132,1897
188,1900
363,1901
123,1908
464,1909
437,1909
154,1911
65,1912
442,1913
151,1916
220,1920
106,1921
447,1923
133,1923
110,1925
347,1929
211,1930
495,1931
471,1941
119,1946
383,1947
329,1948
316,1949
313,1950
439,1954
475,1957
398,1957
20,1962
446,1965
480,1966
498,1969
421,1969
338,1970
199,1974
377,1976
148,1978
249,1978
454,1980
114,1983
14,1989
202,1991
118,1991
353,1992
370,1994
368,1995
483,2000
496,2005
60,2006
432,2009
40,2010
414,2014
320,2017
216,2020
484,2028
135,2030
192,2031
477,2033
468,2034
344,2040
430,2041
208,2043
95,2048
201,2052
264,2052
165,2053
352,2058
6,2060
420,2063
248,2067
112,2074
88,2077
83,2082
137,2083
490,2083
100,2084
431,2086
350,2088
245,2089
428,2097
31,2098
140,2103
64,2107
24,2111
419,2111
440,2122
458,2129
18,2137
336,2141
178,2144
286,2144
449,2146
28,2148
3,2150
265,2152
39,2153
367,2155
473,2155
399,2156
204,2157
230,2161
105,2174
492,2175
207,2177
305,2179
239,2179
44,2182
309,2182
500,2186
315,2186
351,2192
103,2193
116,2194
402,2195
386,2195
373,2204
4,2209
267,2209
226,2211
170,2213
129,2214
227,2217
426,2218
231,2227
412,2229
12,2230
7,2231
472,2233
58,2234
205,2235
113,2236
324,2239
85,2247
27,2250
390,2250
343,2252
294,2253
366,2253
200,2254
89,2256
153,2256
308,2257
156,2264
418,2265
333,2271
138,2272
448,2273
489,2274
445,2277
179,2278
369,2281
184,2287
94,2295
196,2301
451,2314
328,2319
278,2322
22,2322
409,2322
339,2323
54,2324
66,2327
82,2328
128,2330
62,2333
307,2334
427,2335
13,2339
417,2352
340,2354
279,2355
107,2355
253,2356
415,2360
261,2362
466,2375
68,2381
476,2384
493,2387
168,2390
375,2391
356,2392
450,2393
259,2397
460,2399
143,2411
443,2412
185,2413
413,2413
433,2418
395,2422
63,2427
157,2427
125,2431
190,2432
387,2434
223,2437
435,2438
260,2443
127,2447
274,2451
45,2458
345,2469
236,2470
203,2470
481,2477
183,2478
310,2483
306,2491
334,2494
122,2497
266,2498
461,2499
391,2500
494,2502
91,2503
360,2508
348,2509
172,2516
221,2520
256,2522
487,2527
410,2529
72,2529
93,2530
115,2530
337,2536
232,2548
70,2550
229,2558
212,2561
233,2567
275,2569
146,2570
312,2586
160,2586
276,2586
104,2587
79,2588
303,2590
357,2591
173,2595
36,2598
53,2603
16,2607
262,2607
491,2612
392,2624
186,2627
467,2630
152,2639
99,2643
453,2643
50,2670
406,2671
224,2673
371,2686
422,2695
354,2703
214,2707
287,2707
290,2709
167,2710
86,2711
25,2724
242,2725
29,2737
139,2752
452,2755
121,2759
176,2765
319,2774
1,2779
92,2783
250,2788
441,2799
213,2804
21,2816
322,2817
378,2833
171,2842
158,2849
372,2863
30,2865
246,2877
314,2878
161,2882
69,2896
61,2900
163,2915
55,2943
283,2947
297,2949
84,2953
195,2954
374,2958
164,2962
423,2976
243,2980
57,2985
425,2994
459,2999
219,3002
302,3024
456,3034
217,3066
23,3077
38,3085
71,3089
389,3089
155,3119
136,3122
43,3126
311,3129
180,3137
295,3141
299,3149
271,3149
272,3158
41,3209
9,3229
263,3241
252,3260
206,3263
478,3297
210,3298
485,3299
34,3328
304,3338
335,3383
81,3391
284,3457
282,3474
193,3476
174,3502
346,3511
189,3513
142,3515
288,3576
408,3598
194,3648
341,3649
67,3705
98,3760
10,3761
145,3766
482,3899
474,3906
296,4014
400,4017

simblock.block.ProofOfWorkBlock@4553c04e:94
126,0
285,215
111,298
240,380
33,432
323,513
56,527
402,559
317,595
108,609
257,610
300,650
468,678
497,692
218,695
196,711
210,734
455,741
397,742
109,750
348,771
150,776
411,783
166,784
47,812
132,823
97,825
469,828
462,829
447,836
177,843
366,864
365,864
495,869
273,872
376,877
233,884
381,893
477,893
87,899
444,911
494,912
470,913
26,913
301,917
209,920
250,921
37,922
133,927
5,928
303,942
178,951
358,954
268,957
424,962
192,963
434,967
220,969
277,975
346,977
188,986
116,987
130,988
191,993
479,994
281,1005
85,1008
151,1009
465,1009
331,1012
458,1013
396,1016
291,1019
380,1031
84,1033
369,1034
258,1036
363,1036
312,1038
261,1042
182,1044
131,1045
63,1045
370,1046
249,1047
52,1050
280,1052
15,1054
128,1068
17,1069
392,1070
427,1071
80,1076
77,1086
254,1086
294,1088
107,1089
241,1092
379,1093
204,1094
373,1094
245,1097
436,1097
205,1099
57,1099
416,1100
483,1100
169,1101
51,1102
355,1105
244,1106
165,1109
206,1113
147,1122
75,1127
230,1127
22,1128
292,1128
8,1128
464,1130
168,1130
90,1131
298,1131
435,1133
388,1134
327,1135
187,1137
117,1143
228,1143
82,1148
463,1151
403,1151
309,1152
333,1156
181,1160
83,1161
101,1162
92,1165
61,1166
21,1172
237,1174
362,1175
19,1177
215,1182
426,1183
480,1183
430,1184
473,1187
49,1187
492,1187
377,1189
112,1191
141,1191
129,1191
175,1194
134,1195
18,1196
248,1201
65,1204
384,1208
35,1209
499,1211
58,1213
42,1214
14,1217
214,1217
120,1219
398,1221
113,1223
329,1224
100,1228
316,1230
442,1230
438,1235
306,1239
32,1239
94,1240
222,1242
170,1243
431,1243
343,1244
16,1246
255,1247
46,1250
123,1250
13,1250
180,1252
385,1252
72,1255
410,1255
197,1258
407,1258
149,1263
429,1267
414,1268
161,1268
421,1269
349,1269
361,1270
231,1271
321,1276
415,1277
198,1278
76,1279
275,1280
342,1282
307,1285
71,1289
394,1292
304,1294
247,1300
413,1303
203,1303
163,1303
6,1304
319,1305
471,1307
154,1311
74,1312
313,1319
213,1320
78,1320
269,1320
127,1323
338,1324
486,1325
282,1327
382,1331
347,1331
102,1332
401,1342
225,1344
409,1344
73,1345
383,1349
262,1350
368,1357
446,1358
96,1361
289,1362
437,1363
433,1365
417,1368
387,1369
344,1369
135,1375
4,1380
326,1382
412,1384
266,1387
488,1387
211,1396
390,1400
106,1400
264,1407
212,1410
359,1413
439,1418
399,1423
404,1425
148,1425
457,1426
238,1436
48,1437
353,1446
454,1447
493,1448
70,1454
208,1454
24,1454
490,1456
155,1463
487,1468
12,1470
114,1477
146,1478
287,1481
20,1482
330,1484
200,1484
185,1488
475,1492
476,1494
389,1497
39,1499
478,1502
122,1504
484,1506
418,1508
428,1515
53,1516
386,1520
236,1521
64,1527
243,1529
350,1534
445,1539
156,1542
89,1548
496,1555
489,1558
308,1560
279,1560
422,1564
202,1565
119,1567
59,1570
121,1571
1,1571
466,1574
3,1577
103,1584
364,1586
425,1588
318,1594
440,1598
293,1600
491,1600
340,1600
186,1601
481,1607
153,1610
351,1614
341,1620
320,1621
184,1622
284,1623
472,1625
443,1628
272,1629
50,1630
283,1640
110,1641
276,1642
160,1643
25,1651
251,1656
405,1665
162,1665
485,1666
310,1668
136,1671
448,1675
199,1684
345,1689
69,1693
55,1694
395,1694
339,1695
91,1709
157,1713
271,1714
375,1722
419,1735
460,1736
31,1743
406,1743
118,1752
79,1756
115,1756
235,1758
335,1770
311,1773
137,1774
158,1776
164,1779
260,1787
173,1794
459,1800
456,1808
357,1810
356,1818
223,1825
159,1827
420,1850
360,1851
176,1860
171,1862
167,1864
45,1870
43,1874
267,1874
265,1875
66,1875
256,1876
174,1877
474,1879
246,1880
263,1881
201,1888
336,1889
232,1899
229,1905
315,1912
88,1920
253,1933
217,1939
99,1948
451,1951
62,1952
105,1956
28,1972
332,1984
372,1994
40,1996
36,1999
234,2004
189,2004
27,2036
7,2038
54,2043
104,2043
190,2057
432,2074
68,2076
142,2087
354,2091
352,2093
194,2096
274,2111
221,2122
138,2124
302,2125
408,2125
41,2128
207,2128
334,2128
393,2153
172,2158
450,2161
305,2173
337,2174
2,2174
145,2187
299,2198
224,2217
124,2236
143,2267
140,2274
374,2276
93,2284
391,2291
453,2299
152,2326
179,2329
195,2341
449,2348
144,2349
500,2353
314,2372
10,2377
322,2409
239,2410
371,2439
367,2449
482,2459
461,2459
270,2495
226,2505
38,2516
278,2521
86,2528
423,2540
325,2552
286,2586
67,2599
44,2635
400,2646
23,2663
216,2668
29,2685
290,2688
60,2712
11,2729
378,2771
9,2782
227,2791
324,2798
441,2819
295,2826
95,2864
34,2915
498,2918
259,2931
252,3010
193,3030
328,3043
30,3046
297,3065
242,3076
288,3164
183,3175
125,3244
296,3291
467,3304
81,3334
452,3428
139,3493
98,3570
219,3682

simblock.block.ProofOfWorkBlock@2f0edb6a:94
282,0
262,150
485,208
201,269
116,318
88,328
466,363
204,376
419,387
148,420
315,422
44,434
475,443
489,469
62,476
70,481
453,481
293,491
211,499
392,514
196,526
490,529
216,532
21,539
72,545
213,545
459,553
368,558
85,569
386,570
136,573
283,585
264,589
294,589
122,592
308,596
124,602
64,602
170,604
180,620
93,620
121,625
482,625
306,630
51,631
236,635
135,641
40,642
212,642
155,646
186,648
274,649
405,650
356,659
491,660
499,661
377,663
487,668
94,677
31,679
401,682
352,683
28,686
492,686
441,688
53,688
226,689
13,697
58,698
488,700
458,700
188,702
185,704
206,705
161,708
409,708
439,708
367,708
345,708
82,716
304,716
167,717
402,719
266,723
476,724
445,725
92,736
66,737
412,739
55,742
454,743
110,745
153,745
346,746
350,753
472,753
61,754
230,754
77,756
357,756
63,758
428,760
406,761
163,761
443,762
200,762
137,762
450,763
103,764
449,765
422,766
205,767
1,772
239,772
337,774
22,774
73,777
340,779
430,779
483,781
36,781
275,783
389,791
307,792
199,792
140,793
366,794
29,796
339,797
287,798
27,799
420,800
407,800
261,804
78,804
60,804
427,805
477,806
39,810
233,811
310,813
278,815
373,816
176,818
86,818
57,819
311,820
18,820
426,820
107,822
414,823
440,825
100,827
16,829
369,830
179,831
387,832
210,834
321,835
250,838
303,840
309,840
333,847
326,847
203,847
202,850
460,852
160,853
54,854
415,855
127,855
118,856
270,858
95,860
432,861
253,861
248,861
344,863
312,868
143,868
478,869
224,873
128,876
84,876
332,877
496,877
267,879
286,879
91,882
133,882
154,882
272,885
338,885
319,887
347,888
448,889
12,892
451,894
214,894
302,896
324,897
8,897
156,899
4,899
89,904
433,906
437,909
194,911
178,912
164,913
399,914
330,915
425,919
113,919
190,920
255,920
109,925
129,925
208,926
279,926
328,930
105,937
168,937
457,937
417,938
393,946
24,949
361,951
305,952
7,952
80,960
158,960
447,965
473,971
363,972
131,973
25,973
157,976
471,980
494,981
46,984
413,985
184,990
500,1004
410,1010
162,1017
325,1017
165,1019
247,1020
277,1032
408,1034
269,1034
351,1038
316,1038
240,1045
149,1046
379,1051
429,1057
37,1063
336,1066
320,1067
385,1069
3,1072
465,1073
493,1075
329,1081
438,1082
90,1089
14,1090
2,1090
463,1092
291,1093
74,1096
241,1097
126,1097
418,1108
358,1112
486,1120
495,1121
144,1122
285,1129
397,1129
455,1130
96,1131
59,1135
435,1139
123,1142
166,1144
318,1145
117,1147
342,1147
222,1148
327,1148
101,1157
215,1159
442,1161
388,1171
235,1179
120,1183
169,1187
35,1189
343,1196
249,1199
151,1204
47,1205
244,1206
479,1206
112,1208
431,1215
436,1216
331,1216
197,1222
11,1229
301,1230
52,1230
150,1234
134,1237
468,1237
411,1244
382,1246
20,1246
381,1252
484,1252
147,1255
192,1263
292,1263
380,1265
370,1265
254,1269
234,1273
268,1273
416,1277
384,1279
5,1291
108,1293
175,1294
182,1298
49,1307
348,1309
289,1311
198,1312
209,1313
317,1318
383,1319
65,1319
258,1320
48,1326
83,1328
470,1342
19,1347
374,1350
390,1357
75,1359
187,1375
119,1377
79,1380
251,1380
462,1384
257,1393
423,1396
444,1398
132,1399
76,1402
26,1404
359,1407
480,1411
362,1415
34,1417
56,1419
434,1423
452,1426
394,1434
498,1435
50,1436
218,1444
193,1463
378,1468
225,1473
365,1479
497,1479
141,1485
290,1493
181,1494
221,1507
114,1526
227,1528
469,1528
323,1529
299,1544
273,1546
424,1550
229,1552
404,1555
10,1558
106,1560
349,1565
371,1569
300,1570
220,1574
245,1575
97,1581
9,1586
400,1589
17,1593
152,1596
219,1598
102,1601
138,1601
191,1604
104,1606
313,1618
295,1621
322,1634
238,1649
33,1652
69,1654
281,1656
171,1681
260,1685
30,1706
265,1713
355,1721
139,1729
353,1732
159,1732
232,1741
228,1743
403,1750
130,1752
446,1753
364,1767
464,1775
81,1778
142,1782
252,1807
263,1811
38,1818
280,1822
314,1827
6,1828
43,1834
284,1840
456,1845
395,1864
341,1868
189,1877
276,1884
360,1891
376,1916
195,1917
396,1919
259,1924
398,1931
42,1933
237,1946
207,1947
421,1997
217,2009
125,2017
23,2019
98,2027
335,2049
288,2056
15,2091
177,2094
481,2101
67,2111
391,2116
146,2140
271,2151
145,2170
115,2196
296,2203
243,2211
68,2213
246,2219
256,2230
111,2264
32,2273
242,2286
41,2305
87,2318
461,2357
183,2368
354,2421
298,2434
297,2441
99,2449
474,2457
334,2496
174,2528
71,2580
375,2650
172,2730
173,2795
372,2835
467,2867
223,3029
45,3331

simblock.block.ProofOfWorkBlock@4002dd80:95
333,0
447,152
63,210
415,266
261,302
58,325
248,362
188,362
77,382
392,417
338,418
477,420
157,438
312,453
367,473
110,474
266,478
226,500
417,510
414,510
214,520
72,531
93,531
133,533
51,547
270,558
460,568
413,569
82,571
332,573
185,577
107,588
203,588
451,598
443,600
250,604
278,616
393,618
387,623
272,623
186,624
55,627
363,628
386,629
13,629
264,635
449,644
339,646
399,651
84,658
420,661
303,663
176,669
66,671
402,674
236,676
70,679
202,680
422,681
490,681
405,682
321,685
336,686
206,691
343,693
435,697
309,698
491,700
64,701
180,707
194,708
448,714
190,722
140,723
28,724
319,727
230,727
94,730
39,730
352,732
57,735
483,736
344,736
86,737
156,737
368,737
61,738
233,740
357,743
430,743
428,745
440,745
155,748
348,749
433,749
199,751
459,754
427,758
118,759
429,763
136,765
91,768
426,772
466,772
7,773
24,777
167,779
11,781
113,782
231,783
478,783
340,784
163,784
409,785
310,787
54,788
283,789
78,790
255,792
179,793
493,793
205,794
148,795
16,797
239,798
432,799
153,799
21,799
53,799
154,802
25,805
419,807
437,809
472,811
356,812
492,817
412,818
1,819
12,821
92,822
161,825
279,825
450,828
485,828
475,829
60,831
211,831
184,834
484,834
458,836
36,839
445,841
494,841
488,841
162,842
116,844
410,844
267,844
476,846
200,846
122,847
62,847
103,848
454,849
274,849
85,850
320,851
89,852
282,853
401,854
311,855
95,858
29,858
373,859
262,860
224,861
408,862
105,863
406,863
160,866
499,870
285,872
208,873
3,875
425,876
457,879
307,880
489,883
201,884
143,887
369,887
439,889
377,890
164,892
350,893
287,897
18,897
330,898
127,902
496,902
170,902
308,903
128,903
88,903
44,903
121,903
210,904
158,904
304,904
453,906
376,908
4,910
337,911
293,911
135,913
407,913
326,913
275,916
124,917
346,920
389,921
306,922
168,932
196,937
298,938
470,939
328,944
204,947
473,950
324,954
253,955
396,955
487,958
137,961
213,963
100,966
351,966
40,970
129,973
482,976
500,980
212,984
130,997
305,1000
325,1001
216,1004
366,1010
302,1012
8,1020
120,1022
251,1027
144,1029
294,1030
26,1030
436,1032
315,1032
345,1036
75,1041
471,1042
247,1046
52,1046
418,1053
198,1059
486,1061
56,1063
27,1066
150,1071
431,1072
464,1079
90,1080
462,1083
380,1085
31,1087
398,1087
355,1093
446,1094
22,1107
397,1111
33,1111
244,1112
323,1113
5,1116
424,1121
46,1125
416,1126
240,1126
178,1128
465,1130
147,1131
182,1134
2,1140
370,1148
76,1153
258,1155
238,1157
257,1162
441,1164
117,1165
197,1168
166,1168
317,1170
469,1171
126,1172
175,1173
83,1173
181,1174
237,1175
313,1180
358,1181
286,1184
245,1188
349,1190
225,1194
361,1199
215,1200
234,1201
235,1202
6,1208
149,1209
59,1211
480,1220
468,1221
411,1231
347,1232
421,1233
342,1233
132,1235
384,1236
362,1244
134,1247
444,1248
228,1250
495,1252
277,1253
280,1257
114,1257
96,1260
165,1266
455,1267
112,1276
463,1280
329,1281
353,1282
316,1282
220,1284
169,1288
254,1288
131,1300
14,1303
37,1322
359,1324
108,1327
80,1335
385,1338
151,1340
192,1343
17,1343
125,1345
268,1346
403,1346
281,1353
390,1354
301,1361
404,1363
79,1365
479,1367
365,1371
382,1372
207,1375
74,1380
187,1385
290,1389
47,1391
159,1395
383,1395
379,1404
48,1405
177,1413
87,1428
189,1429
119,1430
341,1431
218,1433
123,1436
497,1450
273,1454
452,1457
9,1458
263,1458
23,1461
394,1463
73,1473
15,1475
30,1491
371,1492
300,1502
388,1504
101,1515
318,1515
364,1518
498,1519
381,1528
104,1530
481,1534
219,1536
314,1539
242,1549
378,1557
292,1557
49,1559
191,1560
195,1563
171,1564
391,1567
97,1574
360,1576
141,1577
69,1577
265,1579
71,1586
222,1587
146,1589
271,1592
34,1602
111,1605
249,1607
322,1608
327,1615
139,1621
229,1623
252,1646
354,1648
106,1651
374,1654
41,1661
259,1663
461,1667
68,1672
241,1672
467,1684
223,1693
102,1709
109,1730
35,1731
99,1736
246,1752
375,1769
32,1778
209,1783
442,1784
227,1794
395,1800
260,1819
291,1821
42,1841
138,1848
400,1858
98,1866
334,1877
434,1879
115,1887
152,1907
269,1908
142,1930
456,1937
81,1945
65,1954
19,1997
438,2050
217,2066
331,2078
288,2080
423,2082
43,2134
297,2159
299,2201
67,2247
289,2248
232,2279
276,2336
284,2372
243,2407
20,2418
295,2420
193,2439
296,2531
221,2565
474,2623
335,2656
38,2705
50,2751
10,2815
173,2907
145,2909
256,2941
45,3005
172,3033
372,3253
174,3343
183,3683

simblock.block.ProofOfWorkBlock@7a6e6d1e:95
421,0
245,222
52,305
119,390
222,451
197,522
358,537
116,569
109,610
198,613
495,625
37,672
234,695
20,698
206,745
416,753
117,754
411,761
446,777
2,790
450,801
42,828
257,835
166,842
108,845
209,850
73,859
112,879
463,897
56,914
90,918
332,918
191,919
141,924
359,926
404,931
182,932
130,941
59,968
309,977
323,988
317,994
220,998
111,1001
76,1003
398,1018
240,1019
383,1032
48,1045
444,1064
249,1071
228,1072
247,1075
151,1076
298,1080
394,1084
144,1088
61,1100
235,1101
236,1109
21,1115
329,1127
327,1141
175,1141
486,1147
39,1152
307,1154
215,1154
362,1162
134,1165
379,1172
445,1192
103,1208
325,1209
365,1219
455,1224
381,1233
80,1239
399,1245
218,1250
251,1254
140,1256
475,1269
408,1273
163,1281
368,1287
97,1289
169,1291
179,1293
126,1300
468,1307
382,1318
436,1323
459,1328
320,1330
350,1350
405,1355
106,1362
88,1371
370,1372
268,1373
54,1387
258,1387
181,1404
267,1431
266,1434
356,1439
167,1440
102,1446
366,1447
352,1448
397,1454
208,1456
273,1468
493,1482
24,1482
158,1492
253,1501
62,1505
395,1527
326,1529
469,1529
230,1530
150,1536
157,1547
497,1552
457,1555
302,1562
146,1580
422,1605
477,1610
156,1613
348,1614
75,1617
294,1626
324,1627
210,1632
301,1640
58,1659
466,1660
278,1675
499,1677
310,1704
385,1706
27,1712
437,1721
211,1726
471,1733
357,1739
207,1758
374,1767
333,1782
36,1785
26,1788
441,1790
407,1793
402,1801
92,1803
472,1814
202,1825
9,1829
489,1835
64,1839
261,1861
312,1862
311,1881
478,1888
118,1901
201,1901
91,1919
447,1955
367,1959
387,1964
160,1968
304,1970
1,1984
430,1986
467,1988
22,1992
12,2006
25,2017
178,2017
453,2039
492,2039
458,2062
93,2075
482,2075
223,2081
194,2138
410,2140
420,2143
70,2144
110,2159
283,2161
31,2192
77,2199
212,2202
490,2214
389,2216
448,2236
314,2242
276,2243
121,2248
432,2256
330,2327
428,2331
145,2332
454,2334
107,2335
125,2342
496,2371
293,2373
60,2376
16,2390
287,2391
34,2395
274,2422
322,2485
172,2491
152,2505
484,2509
214,2509
305,2521
265,2531
82,2550
127,2563
44,2570
221,2580
375,2629
371,2639
297,2662
474,2676
133,2689
339,2691
188,2702
391,2733
226,2737
186,2744
41,2746
295,2772
284,2803
38,2830
279,2876
290,2877
104,2889
137,2918
452,2925
138,2926
183,2930
69,2978
378,2993
481,3026
460,3054
30,3125
45,3152
219,3174
392,3180
227,3182
315,3228
98,3228
462,3230
232,3247
423,3274
341,3374
229,3391
334,3423
217,3435
271,3479
124,3491
238,3495
498,3521
243,3631
33,3655
242,3775
63,3794
115,3888
388,3932
154,4092
68,4140
361,4210
180,4393
456,4396
32,4493
345,4696
203,4876
170,5260
415,5645
351,6032
272,6414

simblock.block.ProofOfWorkBlock@7ca79fbe:96
383,0
384,216
326,300
416,385
318,436
20,466
300,529
327,554
218,607
281,610
352,645
6,675
197,691
46,700
75,750
497,774
26,778
292,781
230,794
306,797
264,818
329,826
215,826
376,840
141,841
275,851
35,860
191,863
238,881
198,895
82,908
291,908
19,910
359,917
33,923
459,929
396,934
119,940
402,942
268,952
449,955
113,966
5,966
200,967
388,977
301,978
368,986
149,989
270,993
486,993
431,994
257,996
328,998
52,999
491,1000
187,1001
177,1006
303,1011
86,1024
85,1028
340,1033
106,1038
42,1045
331,1048
210,1058
342,1058
95,1058
15,1061
44,1067
209,1070
430,1071
169,1075
32,1075
382,1078
358,1080
325,1081
489,1081
158,1081
347,1082
192,1089
248,1089
273,1091
424,1093
413,1096
211,1107
362,1107
58,1107
61,1114
185,1114
494,1118
370,1120
385,1121
54,1123
435,1125
89,1126
228,1129
251,1131
205,1137
62,1138
399,1138
269,1139
365,1144
175,1145
444,1152
447,1159
349,1159
454,1160
282,1161
108,1162
204,1164
379,1165
88,1168
49,1169
168,1170
429,1170
144,1172
22,1175
65,1175
482,1175
14,1176
131,1176
39,1176
64,1176
148,1182
473,1182
401,1183
403,1190
317,1194
278,1196
93,1196
57,1198
500,1200
151,1200
277,1201
354,1205
102,1208
24,1209
387,1210
122,1211
418,1211
128,1214
11,1214
465,1215
436,1216
348,1218
235,1219
446,1219
78,1221
36,1221
310,1222
363,1223
294,1225
397,1227
443,1227
463,1228
319,1228
110,1233
409,1233
337,1233
73,1233
147,1234
161,1235
471,1238
244,1240
351,1243
18,1246
280,1250
111,1250
377,1252
176,1255
94,1255
166,1255
262,1256
140,1265
29,1267
355,1269
488,1272
178,1274
426,1278
48,1279
373,1280
80,1280
179,1280
315,1281
321,1284
457,1285
120,1286
76,1286
237,1287
450,1288
7,1290
289,1291
302,1297
165,1298
241,1298
226,1299
143,1299
380,1300
234,1300
83,1302
480,1303
353,1307
90,1308
153,1310
253,1313
240,1315
316,1316
150,1316
414,1326
154,1328
74,1331
107,1331
420,1336
170,1336
469,1337
490,1338
203,1338
283,1342
394,1343
415,1346
37,1350
458,1350
406,1352
433,1352
56,1353
220,1354
208,1356
127,1356
118,1360
101,1363
249,1368
245,1369
350,1370
311,1370
361,1371
184,1376
254,1377
47,1381
298,1382
1,1383
339,1387
109,1389
186,1390
134,1395
493,1396
87,1399
390,1400
130,1402
274,1406
28,1407
222,1408
157,1409
411,1410
287,1414
305,1420
455,1422
55,1424
438,1426
163,1428
8,1430
146,1440
162,1443
126,1444
117,1450
374,1450
17,1454
330,1454
96,1457
475,1458
428,1464
123,1467
164,1467
451,1471
103,1474
434,1479
51,1493
13,1499
313,1501
324,1503
247,1505
272,1507
468,1507
135,1508
181,1512
479,1516
398,1517
427,1521
180,1522
224,1525
16,1528
345,1530
312,1532
419,1538
25,1538
464,1540
91,1553
100,1555
333,1556
404,1560
156,1567
485,1570
12,1571
332,1575
496,1576
307,1579
258,1580
308,1581
199,1582
323,1588
487,1590
233,1600
194,1604
114,1614
395,1626
182,1628
341,1642
250,1643
407,1648
167,1651
212,1652
225,1655
265,1659
366,1663
381,1669
452,1669
124,1672
97,1675
304,1676
152,1677
38,1678
138,1680
442,1687
195,1692
79,1693
214,1695
69,1697
105,1697
133,1701
346,1702
367,1704
495,1721
466,1728
66,1732
40,1737
293,1738
410,1742
27,1746
334,1748
4,1754
196,1764
207,1768
34,1768
84,1768
470,1769
160,1779
63,1780
221,1782
335,1783
201,1785
297,1785
159,1785
30,1810
60,1826
188,1828
343,1834
174,1846
145,1847
190,1848
72,1850
171,1860
183,1864
412,1876
389,1887
285,1890
23,1892
206,1902
31,1910
360,1913
77,1923
43,1932
369,1939
256,1939
173,1943
202,1943
223,1945
371,1945
498,1946
116,1946
50,1953
392,1961
405,1963
67,1965
400,1972
104,1975
314,1979
461,1980
112,1991
193,1997
445,2001
53,2007
432,2023
267,2027
217,2037
139,2040
422,2050
255,2060
132,2065
375,2066
2,2073
425,2087
492,2096
481,2111
453,2112
260,2114
417,2119
320,2123
129,2137
372,2148
437,2150
98,2154
59,2164
252,2185
3,2185
423,2196
364,2198
286,2207
421,2234
213,2236
99,2255
219,2256
290,2271
279,2275
92,2297
356,2307
155,2311
172,2318
71,2324
309,2324
408,2338
21,2365
448,2380
271,2402
462,2408
266,2414
9,2446
472,2480
136,2480
344,2485
439,2498
243,2502
261,2514
242,2522
357,2540
236,2566
41,2568
386,2589
231,2656
460,2664
259,2684
476,2691
246,2693
137,2696
338,2718
441,2741
299,2751
483,2767
322,2771
232,2815
484,2832
121,2840
393,2869
499,2876
216,2891
336,2919
142,2933
477,2945
391,2998
440,3006
478,3019
378,3067
45,3080
125,3091
239,3092
70,3132
467,3255
474,3273
276,3316
229,3328
295,3337
284,3339
10,3379
81,3511
115,3566
296,3586
288,3587
227,3630
68,3815
189,3880
456,4068
263,4128

simblock.block.ProofOfWorkBlock@78565bbe:97
437,0
420,150
409,245
31,300
158,305
140,359
236,386
473,396
310,423
161,445
315,448
13,452
124,456
422,481
202,501
185,505
351,512
27,514
204,526
179,535
160,539
345,551
8,559
261,566
460,571
459,573
18,576
490,588
213,592
88,598
485,600
417,605
304,607
7,609
387,614
25,623
70,629
366,631
16,632
205,633
336,645
77,649
156,650
306,657
492,659
121,660
135,664
491,667
410,667
203,670
332,678
262,680
357,687
500,688
143,689
451,690
61,692
186,692
425,699
448,702
196,707
122,708
430,708
40,710
107,713
51,715
129,716
294,721
476,722
270,724
419,725
346,728
278,729
133,731
226,733
463,734
116,735
157,738
162,739
458,745
168,747
483,747
216,748
178,748
499,748
64,749
393,749
63,757
279,759
250,762
475,765
457,765
450,766
303,767
407,768
287,769
441,769
110,770
60,771
439,782
477,783
312,783
402,783
488,784
339,784
53,785
58,786
328,786
188,790
445,791
373,793
12,794
93,796
496,798
340,799
91,801
255,802
343,802
72,803
466,804
405,806
282,806
356,808
86,809
432,814
36,815
95,816
102,816
105,819
487,822
164,823
267,824
233,826
274,827
428,828
482,833
321,833
92,834
484,836
170,839
406,840
286,841
84,841
352,841
103,841
447,841
54,843
350,848
253,849
194,850
57,850
137,850
307,853
427,858
478,859
28,859
337,860
212,861
199,861
293,862
401,862
454,862
39,864
433,867
272,868
24,869
148,870
414,870
302,872
363,874
224,877
127,880
283,881
184,883
389,884
348,884
206,885
319,886
211,887
136,888
167,893
231,895
308,895
190,896
305,898
369,899
344,901
426,902
412,904
495,905
200,906
399,906
44,907
113,907
392,909
85,909
266,910
230,912
55,915
154,916
66,917
153,918
201,918
333,918
435,919
443,919
15,919
176,920
4,922
94,925
208,925
214,926
453,935
155,939
330,939
398,943
489,944
82,944
22,946
62,953
413,954
471,955
442,955
149,956
100,957
291,959
493,959
163,962
128,964
408,966
309,968
320,971
440,973
472,974
367,975
415,981
338,982
89,984
355,987
377,995
118,1000
386,1005
21,1009
449,1010
379,1015
311,1025
264,1026
123,1033
239,1037
181,1037
358,1039
368,1041
275,1053
470,1068
3,1069
180,1069
269,1074
281,1077
324,1077
318,1077
78,1082
210,1085
370,1088
455,1089
382,1091
240,1099
220,1101
29,1106
119,1106
327,1106
411,1120
277,1127
359,1129
215,1129
396,1132
469,1136
465,1138
112,1141
257,1141
1,1141
390,1144
120,1147
191,1148
361,1149
111,1155
404,1155
17,1162
248,1165
329,1169
280,1170
289,1178
431,1180
144,1181
35,1185
394,1187
130,1191
421,1194
245,1195
254,1199
494,1201
48,1202
436,1202
11,1203
424,1209
241,1210
126,1214
192,1218
383,1219
26,1223
497,1226
131,1227
117,1234
418,1236
486,1237
292,1243
251,1243
429,1243
182,1245
87,1245
165,1247
209,1247
33,1250
316,1255
273,1258
480,1260
90,1263
30,1270
109,1271
132,1275
49,1275
479,1276
244,1280
221,1284
83,1296
6,1301
331,1306
362,1309
177,1311
134,1312
444,1314
237,1314
225,1316
59,1327
349,1341
423,1343
147,1346
106,1349
197,1350
20,1358
14,1359
47,1364
56,1368
114,1375
300,1379
75,1382
317,1383
247,1396
376,1398
228,1404
238,1408
217,1412
150,1412
2,1417
234,1420
65,1420
438,1423
141,1428
288,1429
187,1430
76,1435
97,1441
335,1443
416,1448
446,1450
46,1451
171,1457
9,1465
198,1468
391,1471
38,1485
296,1489
323,1489
298,1510
452,1517
101,1518
218,1520
229,1523
395,1523
290,1532
19,1545
481,1546
108,1549
374,1549
235,1555
314,1560
79,1573
322,1574
139,1576
41,1576
223,1581
80,1586
381,1589
68,1590
5,1593
74,1600
104,1605
98,1610
43,1620
67,1625
173,1637
384,1642
152,1643
276,1643
400,1649
169,1668
232,1683
301,1685
96,1693
403,1697
172,1701
456,1702
142,1717
285,1719
378,1725
371,1730
364,1735
326,1738
498,1739
341,1765
195,1771
434,1773
372,1791
193,1806
249,1812
159,1848
242,1860
268,1863
260,1866
397,1870
23,1870
271,1878
334,1881
99,1885
34,1887
73,1901
258,1908
299,1911
342,1944
462,1982
461,1984
10,1986
189,1996
474,1999
227,2025
246,2035
347,2038
365,2043
151,2056
265,2073
166,2077
37,2079
243,2108
385,2115
219,2149
81,2163
32,2213
222,2216
375,2219
467,2227
325,2238
69,2253
388,2257
42,2263
146,2287
125,2298
284,2323
115,2333
175,2398
145,2398
353,2426
468,2432
71,2463
50,2502
263,2522
380,2571
313,2601
174,2622
259,2698
138,2713
52,2784
256,2789
297,2813
464,2957
295,3072
354,3087
252,3251
183,3428
207,3539
360,3827
45,4125

simblock.block.ProofOfWorkBlock@6af71c17:98
459,0
399,154
405,211
163,283
451,305
262,340
213,362
211,363
406,396
226,420
7,425
29,436
188,456
25,459
475,476
477,488
31,491
124,501
466,509
311,514
454,515
408,515
91,544
460,545
351,547
307,549
272,557
457,565
494,572
201,573
433,574
190,576
155,576
261,588
309,604
1,607
490,607
116,608
373,610
72,613
278,613
422,622
308,624
369,629
158,629
333,632
13,633
441,636
402,643
60,646
420,646
78,649
136,658
3,664
194,664
393,666
92,666
140,667
199,668
185,673
350,674
427,676
458,679
179,683
315,686
160,688
88,688
414,690
113,690
482,694
386,695
312,701
210,702
135,706
491,710
212,711
148,712
63,715
208,717
453,720
184,721
118,722
282,723
16,723
410,724
306,725
484,725
274,726
248,728
275,729
164,729
27,732
176,732
443,733
435,738
28,739
363,739
417,742
439,742
186,746
472,746
21,746
340,754
255,755
478,759
352,761
85,761
425,763
310,764
86,766
143,767
24,768
367,769
157,770
332,771
66,774
170,776
483,779
366,779
168,779
324,780
413,781
321,781
77,785
94,785
294,786
39,786
62,787
105,788
440,788
53,789
205,790
137,791
319,792
437,793
167,796
8,797
445,798
368,798
415,800
338,800
214,802
266,802
253,804
178,806
447,807
270,808
110,810
84,817
407,818
64,819
70,819
12,824
448,826
239,826
36,826
231,827
51,828
303,828
387,830
493,831
203,834
492,836
121,837
432,837
419,838
471,838
430,839
328,840
54,842
250,843
267,844
93,844
287,845
345,845
44,846
153,846
18,846
336,848
200,850
428,852
488,853
129,855
161,856
156,857
473,858
485,858
449,859
198,859
216,862
57,862
230,864
499,866
304,868
496,869
337,871
500,874
302,878
346,882
283,883
89,884
224,887
122,890
344,890
394,892
61,893
107,893
279,896
233,897
154,898
162,900
409,900
489,900
202,901
320,902
22,902
377,903
412,904
95,907
389,912
450,914
103,914
204,914
100,918
357,919
426,922
120,925
392,928
128,941
206,945
487,951
356,951
82,954
343,956
339,957
40,964
4,965
58,967
236,970
469,971
180,971
133,976
196,983
401,985
73,998
165,998
19,1008
286,1008
468,1009
418,1009
348,1024
127,1029
181,1030
264,1037
225,1039
277,1048
438,1058
281,1063
55,1065
191,1065
126,1068
325,1071
134,1072
421,1077
268,1083
390,1086
2,1086
293,1087
280,1089
323,1096
149,1101
305,1105
446,1105
381,1106
130,1111
382,1116
258,1121
131,1122
442,1124
117,1129
269,1129
215,1133
326,1140
209,1143
330,1144
101,1146
318,1146
144,1155
234,1157
5,1160
108,1160
26,1165
349,1167
476,1170
90,1172
237,1174
464,1174
444,1176
411,1179
465,1179
429,1181
123,1182
17,1187
235,1191
238,1193
87,1193
222,1202
362,1203
434,1207
83,1208
379,1214
228,1217
102,1219
175,1219
431,1220
455,1226
220,1228
359,1234
495,1237
327,1237
106,1240
76,1246
416,1253
383,1257
249,1259
347,1260
197,1260
436,1261
169,1269
380,1277
384,1292
291,1293
35,1294
317,1299
59,1307
15,1314
97,1314
166,1321
397,1322
241,1327
298,1337
80,1340
301,1341
388,1348
403,1348
251,1349
47,1352
150,1354
193,1355
48,1356
378,1360
398,1363
341,1366
385,1375
74,1380
229,1384
299,1389
245,1392
486,1397
139,1399
152,1407
182,1407
424,1411
498,1411
290,1418
480,1432
147,1434
151,1441
171,1456
14,1462
314,1464
42,1467
404,1468
142,1473
23,1475
174,1477
98,1478
112,1484
109,1490
187,1492
189,1493
6,1494
240,1495
288,1496
452,1501
132,1502
400,1506
374,1508
470,1513
68,1516
207,1517
285,1521
254,1522
358,1535
50,1542
96,1544
313,1551
217,1557
479,1563
273,1569
232,1576
361,1580
370,1582
335,1585
46,1605
300,1607
141,1612
146,1612
227,1623
30,1625
456,1634
395,1634
497,1642
292,1660
32,1663
119,1665
376,1665
192,1672
271,1674
295,1677
43,1683
52,1692
463,1696
354,1715
115,1717
342,1726
183,1730
56,1742
37,1755
260,1780
79,1781
11,1783
111,1785
159,1789
265,1796
173,1808
99,1812
257,1814
138,1824
467,1824
10,1830
396,1834
365,1835
244,1838
331,1841
391,1856
114,1865
316,1898
34,1907
172,1919
247,1923
360,1960
41,1981
329,1991
49,2005
289,2008
353,2009
20,2017
461,2020
256,2043
218,2067
242,2068
322,2069
276,2077
9,2114
252,2145
33,2175
355,2177
462,2178
375,2195
223,2220
423,2271
219,2276
221,2307
334,2327
65,2348
75,2350
297,2361
259,2366
263,2368
296,2369
284,2398
38,2461
177,2519
45,2570
246,2610
474,2633
481,2654
371,2680
81,2802
145,2893
364,2928
195,2937
372,3020
104,3088
71,3191
67,3212
243,3361
125,3395
69,3748

simblock.block.ProofOfWorkBlock@3f7b0f91:98
397,0
301,225
464,311
424,393
325,443
249,475
6,524
15,542
215,562
292,616
381,616
33,647
470,652
42,667
150,700
298,705
26,710
376,730
318,741
73,756
462,763
331,780
120,786
355,795
97,798
161,830
198,831
384,832
35,837
342,848
209,862
365,869
317,870
388,872
19,877
370,881
48,885
459,909
5,917
132,918
96,922
436,928
101,929
131,944
134,954
300,955
187,962
37,965
329,974
257,982
394,1002
352,1004
14,1005
486,1011
80,1013
369,1026
175,1026
463,1028
273,1037
177,1037
280,1043
112,1053
200,1054
144,1061
117,1066
244,1070
56,1085
412,1086
362,1088
347,1092
479,1093
220,1101
63,1105
218,1110
285,1120
497,1121
76,1132
169,1145
289,1151
130,1164
111,1170
235,1172
75,1175
466,1178
418,1192
228,1195
124,1196
478,1200
251,1204
166,1205
44,1212
208,1223
185,1224
109,1226
261,1229
337,1242
316,1248
240,1251
192,1258
425,1259
237,1259
443,1267
407,1267
202,1267
157,1279
281,1286
222,1287
358,1287
359,1291
494,1294
143,1295
451,1308
268,1309
149,1327
277,1332
291,1334
344,1352
439,1353
311,1355
465,1369
83,1369
323,1370
426,1371
39,1374
159,1374
455,1376
422,1379
86,1387
348,1387
32,1392
108,1393
275,1398
472,1401
444,1409
178,1410
254,1414
500,1414
349,1417
28,1421
160,1426
264,1432
82,1440
405,1441
330,1442
480,1454
49,1456
199,1457
16,1466
231,1472
385,1472
327,1474
336,1474
126,1475
386,1489
416,1491
366,1493
304,1525
105,1526
357,1529
453,1545
135,1545
492,1547
441,1551
27,1556
57,1559
158,1561
258,1563
274,1565
248,1566
367,1578
176,1586
210,1589
332,1591
85,1592
310,1592
18,1598
214,1598
363,1602
477,1609
188,1615
287,1617
24,1621
350,1634
21,1644
406,1645
449,1648
415,1656
409,1662
461,1663
368,1670
267,1675
155,1675
224,1700
309,1700
499,1705
127,1718
414,1720
153,1729
487,1730
339,1734
100,1735
121,1738
321,1741
293,1746
476,1755
483,1758
136,1761
458,1766
475,1767
7,1769
236,1773
399,1775
286,1776
346,1788
279,1789
272,1794
62,1796
428,1810
373,1823
184,1828
460,1837
91,1844
282,1851
51,1853
389,1859
31,1878
243,1883
413,1887
211,1892
402,1898
417,1903
448,1908
253,1912
450,1921
489,1924
345,1932
22,1940
283,1942
53,1947
216,1948
12,1949
50,1950
437,1951
95,1966
375,1976
319,1980
193,1981
66,1985
99,1989
320,1998
229,2009
419,2022
420,2022
400,2024
129,2034
343,2042
70,2051
239,2076
356,2090
118,2091
490,2091
242,2097
213,2097
156,2119
223,2122
491,2123
493,2125
163,2125
482,2129
335,2135
64,2140
284,2149
278,2176
115,2183
471,2202
10,2204
194,2210
122,2225
295,2226
98,2233
360,2238
38,2241
84,2250
457,2269
40,2269
263,2271
93,2283
186,2293
299,2295
29,2299
1,2299
485,2322
354,2343
305,2349
173,2365
423,2374
496,2392
447,2399
207,2403
474,2430
55,2444
71,2454
9,2456
189,2461
154,2466
296,2477
195,2483
205,2487
498,2488
221,2490
36,2501
395,2510
297,2522
454,2525
79,2549
23,2559
252,2584
119,2612
104,2613
308,2620
34,2640
69,2647
138,2652
110,2660
60,2700
174,2704
334,2710
371,2725
67,2733
314,2759
467,2762
488,2795
276,2799
227,2834
45,2866
81,2868
434,2887
30,2889
391,2895
256,2899
259,2905
364,2957
92,2969
290,2973
288,2986
43,3010
262,3145
456,3147
183,3147
46,3162
41,3213
217,3233
172,3258
190,3329
191,3385
168,3392
452,3395
481,3395
145,3483
322,3519
196,3545
219,3643
246,3645
232,3688
374,3789
204,3926
351,4070
294,4310

simblock.block.ProofOfWorkBlock@7697f676:99
308,0
94,153
95,211
343,267
53,303
472,327
282,359
122,362
357,384
24,417
320,419
214,426
39,444
448,452
427,475
82,476
454,481
155,494
475,504
63,509
62,510
430,531
262,531
466,533
70,535
302,537
107,552
137,564
492,568
332,568
449,575
337,587
419,588
345,590
406,591
351,593
188,595
179,600
303,605
368,612
22,620
352,624
428,626
178,630
105,633
451,633
309,644
116,646
230,648
248,648
44,654
485,656
401,656
338,657
36,657
266,660
13,661
459,662
143,668
286,672
344,676
180,681
283,682
445,685
435,685
190,686
206,690
491,691
382,692
167,693
410,700
233,704
78,705
439,706
156,706
499,712
88,714
66,714
72,716
60,716
170,718
236,722
51,723
274,724
168,725
500,725
161,725
414,729
1,732
319,737
366,738
128,739
425,739
336,740
340,742
21,743
356,745
55,745
77,749
86,753
124,754
153,755
103,757
311,760
413,764
16,767
363,769
487,771
211,773
164,773
399,776
450,779
408,779
477,780
154,780
133,781
488,781
58,782
89,783
373,784
272,784
387,785
484,785
160,791
203,793
494,794
118,795
162,796
473,797
231,797
460,799
185,799
255,799
386,800
447,801
264,804
7,806
213,807
415,813
393,814
12,814
205,814
204,817
148,817
212,817
482,821
226,824
392,825
426,828
315,830
201,831
483,831
476,834
294,835
493,836
369,836
422,837
208,837
407,838
57,839
250,839
377,840
140,842
321,843
453,843
184,843
304,848
27,850
84,852
31,853
490,853
194,853
61,853
267,854
432,854
121,855
64,855
129,856
85,857
110,858
80,861
443,863
433,863
270,864
402,867
328,870
412,870
224,871
489,872
287,874
367,874
18,875
457,877
216,881
478,882
49,884
417,886
29,888
93,889
261,893
135,894
333,895
339,895
254,896
437,896
441,898
409,899
275,901
496,904
346,904
324,906
239,906
420,907
310,907
8,909
127,910
389,911
176,911
202,911
278,913
158,914
117,914
348,914
241,919
307,919
253,924
279,925
471,932
440,934
199,934
458,951
28,953
157,957
3,964
25,966
177,968
40,968
330,969
312,969
210,972
350,976
113,979
200,984
186,987
91,997
132,998
306,999
209,1002
355,1009
4,1013
196,1019
92,1025
305,1029
5,1032
191,1040
418,1040
100,1041
464,1042
163,1043
134,1047
15,1054
54,1055
141,1056
359,1061
97,1063
169,1064
325,1068
249,1070
225,1077
37,1082
33,1084
123,1085
109,1086
376,1088
446,1089
75,1095
293,1100
136,1102
379,1103
495,1106
405,1108
403,1111
285,1113
240,1116
102,1126
280,1128
74,1131
222,1137
131,1137
438,1138
381,1138
411,1144
300,1147
149,1153
388,1156
429,1165
470,1168
90,1172
394,1177
479,1180
431,1180
313,1191
101,1193
76,1200
342,1200
455,1201
19,1206
442,1211
463,1214
112,1216
486,1218
46,1222
17,1222
215,1223
421,1226
327,1226
14,1227
166,1232
416,1233
175,1234
289,1235
301,1241
329,1248
182,1250
468,1253
187,1255
238,1258
326,1264
462,1269
144,1269
181,1272
361,1275
273,1277
146,1277
277,1281
370,1286
247,1288
365,1289
245,1290
383,1290
251,1290
244,1294
436,1299
228,1300
6,1301
73,1303
126,1305
151,1307
362,1307
108,1313
281,1315
480,1351
198,1352
218,1353
390,1375
444,1385
87,1393
145,1394
404,1398
147,1401
384,1402
120,1405
71,1411
497,1411
385,1417
2,1423
237,1424
299,1426
189,1429
263,1431
331,1435
35,1438
298,1444
48,1450
397,1460
353,1462
114,1471
316,1476
290,1476
258,1490
378,1491
47,1492
165,1492
68,1494
79,1496
10,1499
23,1499
256,1501
99,1502
242,1505
193,1509
41,1518
192,1523
96,1524
260,1539
142,1541
257,1546
374,1551
246,1565
271,1572
292,1573
347,1575
322,1575
172,1584
323,1587
398,1594
456,1595
26,1597
252,1608
296,1609
269,1610
469,1614
197,1616
396,1633
395,1638
380,1642
125,1657
291,1663
465,1667
232,1675
81,1678
452,1682
474,1684
111,1694
65,1696
229,1700
20,1723
284,1742
434,1744
364,1753
424,1756
217,1759
119,1765
243,1771
34,1783
52,1787
106,1804
173,1829
130,1833
498,1835
235,1837
467,1846
50,1869
234,1872
335,1893
56,1895
38,1901
45,1912
295,1914
69,1919
288,1920
139,1925
220,1937
150,1964
461,1972
32,1975
223,1983
104,1984
334,1986
159,2004
349,2008
265,2042
152,2051
318,2067
391,2067
317,2117
358,2137
138,2162
83,2176
372,2177
481,2190
341,2202
314,2209
268,2237
360,2267
11,2286
227,2293
59,2326
375,2331
354,2365
42,2456
400,2459
174,2460
43,2484
276,2522
297,2556
115,2564
207,2610
171,2740
195,2746
423,2767
183,2799
9,2819
219,2894
67,3033
221,3106
30,3182
371,3316
98,3465
259,3637

simblock.block.ProofOfWorkBlock@4f7649d0:99
34,0
314,406
144,727
50,802
276,948
37,998
67,1098
38,1194
243,1263
71,1295
456,1348
240,1369
423,1455
227,1492
42,1525
98,1601
242,1602
65,1610
166,1628
268,1744
47,1784
109,1825
277,1831
232,1844
20,1863
331,1869
325,1897
341,1899
329,1909
146,1911
149,1926
169,1992
207,1999
56,2043
322,2056
388,2097
390,2126
26,2133
249,2158
195,2159
366,2167
101,2190
145,2203
421,2231
496,2342
122,2346
257,2361
48,2397
134,2423
108,2427
236,2434
285,2454
111,2465
247,2494
471,2533
436,2625
136,2645
97,2698
96,2699
164,2704
420,2713
411,2719
289,2725
449,2731
495,2755
151,2895
457,2915
8,2944
220,2957
358,2964
362,2985
102,2997
406,3006
292,3026
500,3031
39,3096
351,3198
361,3232
294,3244
14,3246
305,3255
370,3257
91,3272
326,3289
392,3304
170,3328
448,3496
198,3506
30,3520
338,3530
208,3554
353,3555
282,3555
89,3604
135,3625
191,3766
459,3796
484,3830
154,3854
439,3854
266,3875
61,3908
63,3939
438,4026
143,4094
324,4135
107,4154
368,4156
430,4184
357,4212
106,4286
275,4396
29,4442
369,4452
309,4465
387,4494
233,4587
180,4694
278,4741
118,4750
428,4762
53,4791
412,4892
77,4993
343,5043
85,5051
188,5059
402,5192
319,5291
59,5304
320,5359
214,5493
386,5596
373,5603
401,5658
24,5796
490,5904
262,5957
312,6099
443,6217
153,6255
374,6492
306,6515
86,6560
425,6814
179,6875
267,7120
395,7264
417,7420
70,7718

simblock.block.ProofOfWorkBlock@1987db5c:100
108,0
444,220
80,325
222,414
83,449
469,498
15,543
218,552
486,579
37,633
268,635
181,661
329,699
26,718
144,719
404,721
436,743
101,766
149,777
353,783
281,803
251,804
245,805
147,808
191,824
3,828
35,848
463,849
431,853
416,863
220,883
446,884
379,887
150,889
235,900
111,906
134,919
249,932
464,933
141,937
361,940
65,943
424,948
73,958
102,961
390,968
497,971
228,973
412,980
411,987
381,989
418,1001
88,1002
347,1003
323,1014
462,1015
326,1020
166,1022
74,1023
403,1026
277,1028
76,1030
14,1031
358,1044
240,1047
2,1049
394,1050
455,1051
87,1053
198,1056
398,1069
355,1069
468,1074
151,1076
325,1080
27,1082
59,1084
6,1097
197,1099
349,1105
438,1105
370,1108
285,1110
327,1112
257,1113
479,1114
52,1116
313,1119
96,1125
280,1125
421,1126
56,1128
289,1135
215,1135
442,1138
470,1142
203,1149
321,1149
316,1151
315,1154
301,1155
397,1159
175,1160
427,1162
387,1163
49,1166
90,1168
388,1170
182,1172
339,1177
383,1181
384,1186
362,1188
131,1189
109,1190
342,1190
399,1190
117,1195
365,1195
42,1198
91,1200
380,1203
425,1205
234,1206
11,1207
126,1210
317,1211
430,1213
495,1218
209,1218
331,1222
292,1222
385,1223
483,1226
176,1234
192,1234
57,1235
480,1236
112,1238
241,1239
20,1241
163,1243
110,1243
46,1244
169,1245
132,1255
420,1256
5,1256
156,1259
273,1267
434,1270
119,1278
298,1278
161,1279
19,1279
269,1279
258,1291
408,1292
393,1295
165,1296
47,1300
21,1302
291,1305
368,1311
489,1318
237,1320
75,1322
267,1324
128,1326
382,1326
396,1327
318,1330
465,1331
459,1337
432,1342
264,1348
401,1352
244,1352
106,1352
460,1353
33,1353
359,1354
471,1355
159,1356
429,1358
140,1361
247,1362
340,1363
488,1364
304,1364
97,1365
305,1369
206,1374
337,1375
177,1378
294,1380
17,1382
187,1382
13,1384
351,1385
443,1386
377,1386
417,1387
170,1391
160,1398
44,1401
143,1401
320,1408
225,1408
60,1417
238,1417
155,1421
199,1421
254,1422
22,1423
136,1424
447,1424
8,1427
36,1428
123,1429
448,1429
410,1430
367,1432
78,1438
48,1438
373,1440
475,1441
200,1446
205,1452
409,1461
130,1463
120,1464
274,1467
64,1469
216,1474
300,1479
236,1481
311,1488
107,1490
226,1494
445,1496
162,1499
332,1500
490,1500
184,1504
116,1508
415,1509
477,1514
24,1521
164,1526
63,1527
113,1529
302,1531
346,1534
449,1536
194,1536
422,1537
62,1538
93,1541
262,1542
407,1546
84,1547
369,1550
357,1551
39,1554
413,1557
18,1560
1,1563
66,1566
53,1572
259,1573
121,1574
95,1578
279,1580
85,1580
179,1581
188,1584
202,1592
307,1593
312,1595
261,1596
16,1598
352,1602
168,1603
185,1603
183,1604
157,1605
265,1607
478,1608
293,1611
233,1615
433,1623
454,1624
363,1627
496,1630
275,1631
314,1637
148,1638
499,1639
487,1639
306,1641
419,1642
211,1647
133,1650
32,1651
376,1652
114,1660
51,1661
491,1664
4,1669
127,1670
105,1672
230,1674
457,1676
89,1678
196,1680
500,1684
255,1694
167,1696
122,1701
99,1702
324,1704
186,1706
7,1709
333,1712
135,1712
29,1716
348,1719
276,1720
40,1721
494,1729
426,1730
485,1732
153,1737
345,1738
174,1742
366,1746
473,1750
492,1750
221,1753
137,1754
338,1755
303,1755
435,1757
61,1766
118,1766
210,1767
180,1769
472,1771
219,1777
282,1781
172,1782
458,1785
437,1791
45,1809
482,1823
125,1825
195,1827
378,1829
79,1829
248,1837
286,1840
71,1844
350,1848
70,1850
364,1852
406,1852
481,1852
299,1852
129,1854
246,1866
375,1869
270,1870
386,1871
9,1875
31,1880
266,1881
451,1889
231,1896
50,1904
453,1908
100,1911
343,1912
278,1913
341,1918
493,1925
25,1925
330,1925
243,1929
152,1930
328,1934
450,1940
12,1940
250,1946
224,1955
461,1958
476,1969
256,1991
173,1999
223,2001
104,2002
68,2005
115,2013
214,2016
498,2018
154,2026
310,2027
466,2027
253,2028
360,2031
391,2037
213,2046
414,2059
23,2077
335,2086
55,2089
283,2095
204,2095
145,2098
428,2099
354,2102
389,2119
309,2124
139,2130
405,2132
201,2143
452,2162
260,2165
252,2170
334,2190
239,2190
207,2194
72,2204
58,2213
400,2244
171,2251
86,2263
467,2267
142,2268
372,2270
229,2270
344,2272
94,2276
30,2285
208,2298
272,2298
263,2300
43,2309
54,2310
392,2328
38,2335
395,2341
336,2363
77,2396
242,2397
474,2418
356,2438
402,2450
67,2453
82,2472
146,2475
440,2481
28,2484
297,2512
484,2523
227,2534
441,2538
103,2574
193,2598
308,2612
212,2645
34,2665
439,2696
10,2697
374,2723
232,2723
138,2727
287,2748
423,2782
81,2785
319,2786

simblock.block.ProofOfWorkBlock@4404583b:100
95,0
417,149
308,210
82,266
430,304
230,336
432,361
475,362
53,394
352,417
261,417
343,420
401,455
357,459
279,474
435,474
337,484
39,497
127,514
426,515
399,516
236,521
420,530
188,533
62,545
328,551
472,561
200,568
116,568
406,573
31,574
392,577
51,580
336,585
70,587
449,590
448,604
302,605
402,609
459,609
94,619
186,623
133,624
153,625
312,631
167,633
320,634
206,637
491,640
190,641
44,647
387,649
356,650
25,660
180,663
148,664
184,667
170,669
92,670
77,672
1,678
57,682
437,685
55,686
124,687
156,690
282,691
16,694
154,699
473,703
345,705
140,706
393,706
253,706
454,710
162,717
216,718
340,722
204,726
453,726
306,727
427,727
12,729
27,729
161,732
451,734
309,734
443,736
255,740
422,741
201,741
433,747
250,747
29,748
78,750
499,752
105,753
86,754
310,755
248,758
144,758
89,760
163,762
212,763
60,766
458,766
196,766
143,771
113,772
339,774
487,775
214,775
414,775
286,781
348,781
208,782
84,782
202,783
64,783
332,785
494,787
366,787
160,790
3,791
408,795
14,796
373,796
363,796
485,798
157,798
483,800
477,800
305,800
307,802
344,804
58,808
179,809
447,810
377,812
24,813
428,813
407,814
346,814
118,814
362,818
158,819
471,819
176,820
168,822
304,822
274,823
413,825
311,826
264,829
303,831
466,832
482,833
239,833
369,835
493,838
333,839
293,839
54,839
419,842
185,842
315,843
36,846
211,846
93,848
226,848
8,849
266,851
7,851
445,854
88,854
103,855
155,855
63,858
210,858
287,858
136,859
425,860
72,861
135,863
500,867
21,868
22,872
267,872
405,876
178,876
130,876
368,876
412,878
389,879
283,880
386,882
28,883
213,884
330,885
441,887
324,889
122,889
492,893
488,898
490,898
199,899
85,900
478,903
203,911
321,912
367,914
194,915
351,915
128,917
460,920
107,924
294,925
457,925
476,929
316,931
415,936
496,939
270,939
338,940
440,941
40,942
450,942
272,945
439,948
91,957
319,958
262,961
100,962
231,964
121,965
382,966
224,967
109,968
66,974
61,978
318,983
355,985
13,987
220,992
317,993
410,996
233,998
489,998
289,1015
411,1015
484,1016
164,1017
18,1018
191,1020
258,1024
110,1026
234,1028
59,1029
2,1033
175,1048
313,1049
497,1050
129,1050
205,1052
278,1055
325,1058
444,1061
159,1070
19,1072
137,1077
358,1085
436,1090
56,1093
376,1095
6,1102
102,1106
151,1107
251,1109
409,1111
83,1115
292,1117
97,1123
379,1124
244,1126
101,1136
404,1140
131,1143
117,1143
384,1144
90,1150
479,1151
277,1158
394,1159
416,1161
225,1161
431,1162
298,1162
123,1168
240,1170
209,1185
74,1185
47,1188
120,1188
469,1192
350,1194
347,1194
181,1198
187,1201
403,1201
37,1201
301,1220
291,1221
26,1223
42,1229
249,1230
32,1235
169,1237
73,1243
361,1243
238,1246
275,1250
380,1253
455,1263
33,1267
390,1271
381,1275
397,1276
365,1284
470,1284
126,1288
166,1292
486,1293
76,1293
17,1302
104,1303
228,1306
111,1310
38,1310
48,1311
395,1311
254,1312
87,1315
235,1316
49,1322
134,1330
329,1331
150,1334
396,1337
442,1339
5,1345
247,1347
463,1356
80,1357
418,1360
218,1364
132,1367
370,1371
300,1374
331,1377
245,1393
142,1395
398,1400
119,1402
149,1411
353,1415
290,1417
273,1421
271,1440
400,1447
374,1448
341,1451
281,1452
65,1455
46,1456
172,1458
257,1460
141,1466
359,1477
81,1480
327,1483
260,1483
349,1486
429,1488
15,1500
193,1501
177,1504
424,1504
229,1504
30,1504
146,1510
139,1513
112,1531
242,1531
296,1532
378,1538
480,1540
189,1540
197,1540
452,1544
284,1544
468,1545
263,1546
106,1547
269,1547
461,1549
67,1560
322,1563
237,1570
280,1572
98,1575
456,1575
68,1584
79,1588
114,1590
383,1591
495,1597
227,1602
314,1612
232,1621
215,1629
41,1629
35,1633
391,1637
147,1647
297,1652
115,1663
465,1667
385,1674
446,1678
335,1682
438,1701
34,1703
241,1710
96,1710
326,1715
75,1717
195,1731
43,1734
182,1744
99,1745
52,1760
421,1763
219,1769
265,1782
23,1798
223,1800
268,1812
434,1818
145,1834
165,1839
323,1849
364,1850
222,1852
360,1884
192,1885
217,1887
173,1889
108,1891
474,1915
11,1918
125,1920
243,1920
462,1935
388,1950
299,1985
20,1994
256,1996
45,2017
198,2028
372,2080
464,2119
69,2130
375,2139
481,2139
371,2140
342,2164
138,2177
10,2179
423,2200
171,2203
252,2255
50,2283
71,2285
285,2290

simblock.block.ProofOfWorkBlock@f304717:100
335,0
259,309
99,431
223,558
9,707
341,856


simblock.block.ProofOfWorkBlock@2593b357:6
simblock.block.ProofOfWorkBlock@48f92b3f:30
simblock.block.ProofOfWorkBlock@23f1376:29
simblock.block.ProofOfWorkBlock@38deb917:34
simblock.block.ProofOfWorkBlock@12d68a86:32
simblock.block.ProofOfWorkBlock@1e7f5eef:62
simblock.block.ProofOfWorkBlock@311f7c8d:62
simblock.block.ProofOfWorkBlock@195c2089:68
simblock.block.ProofOfWorkBlock@1987db5c:100
simblock.block.ProofOfWorkBlock@de96eb6:59
simblock.block.ProofOfWorkBlock@2a11b671:55
simblock.block.ProofOfWorkBlock@66155676:30
simblock.block.ProofOfWorkBlock@2f0edb6a:94
simblock.block.ProofOfWorkBlock@4f7649d0:99
simblock.block.ProofOfWorkBlock@f304717:100
simblock.block.ProofOfWorkBlock@3f7b0f91:98
simblock.block.ProofOfWorkBlock@52507c9:16
simblock.block.ProofOfWorkBlock@7eeb20c5:92
simblock.block.ProofOfWorkBlock@590ca9fc:79
simblock.block.ProofOfWorkBlock@7a6e6d1e:95
simblock.block.ProofOfWorkBlock@6ca623d5:13
simblock.block.ProofOfWorkBlock@6b96a3a5:12
simblock.block.ProofOfWorkBlock@3be08f:92
simblock.block.ProofOfWorkBlock@5ea709f:23
simblock.block.ProofOfWorkBlock@d4d1338:86
simblock.block.ProofOfWorkBlock@21084473:70
simblock.block.ProofOfWorkBlock@6f6f6794:70
simblock.block.ProofOfWorkBlock@2b5b4b65:28
simblock.block.ProofOfWorkBlock@17de3e61:67
simblock.block.ProofOfWorkBlock@4404583b:100
15
13936

BUILD SUCCESSFUL in 19s
2 actionable tasks: 1 executed, 1 up-to-date
