> Task :simulator:compileJava UP-TO-DATE
> Task :simulator:processResources NO-SOURCE
> Task :simulator:classes UP-TO-DATE

> Task :simulator:run
simblock.block.ProofOfWorkBlock@1b2c6ec2:0
123,0
169,567
380,804
480,1047
497,1142
175,1381
19,1381
453,1384
42,1620
130,1621
228,1622
469,1715
338,1715
241,1858
102,1859
120,1862
62,1893
281,1949
349,1958
141,1967
179,2046
201,2095
47,2096
442,2097
394,2108
32,2187
329,2188
215,2189
101,2196
470,2199
434,2205
328,2206
108,2283
135,2296
382,2347
182,2358
77,2381
357,2386
499,2407
268,2426
331,2427
132,2428
192,2429
327,2436
166,2436
128,2437
416,2439
209,2440
289,2444
105,2497
444,2520
436,2521
463,2531
449,2545
20,2580
49,2585
236,2588
70,2592
257,2598
133,2630
52,2667
301,2669
298,2669
147,2670
48,2673
149,2674
313,2681
468,2684
230,2698
286,2698
305,2711
350,2749
273,2757
397,2758
379,2759
83,2760
404,2768
177,2769
118,2770
309,2771
78,2772
75,2774
204,2775
154,2791
170,2794
389,2795
342,2826
447,2832
191,2854
454,2876
459,2898
275,2899
310,2900
8,2901
269,2906
220,2908
424,2911
278,2912
144,2912
254,2915
97,2919
111,2922
148,2928
5,2932
353,2935
61,2935
44,2944
86,2962
35,2996
352,2997
460,2997
462,2998
87,2999
21,2999
218,3001
65,3001
178,3004
370,3004
237,3005
355,3006
106,3008
383,3011
15,3011
388,3012
300,3020
159,3025
489,3034
206,3034
203,3036
419,3060
311,3062
344,3079
222,3093
351,3099
426,3101
185,3104
412,3105
202,3108
291,3111
188,3111
473,3111
440,3113
445,3116
430,3117
265,3126
348,3134
109,3150
74,3152
385,3153
358,3157
455,3161
89,3162
402,3189
13,3201
438,3236
134,3236
413,3237
226,3238
234,3238
57,3239
96,3239
187,3242
85,3242
330,3243
240,3243
33,3243
235,3243
401,3246
197,3250
464,3257
285,3257
110,3261
267,3265
274,3267
270,3270
24,3271
160,3271
390,3273
76,3275
255,3281
495,3282
205,3282
307,3294
266,3300
488,3304
210,3306
184,3314
100,3314
277,3319
225,3323
411,3328
224,3329
181,3332
392,3335
343,3337
279,3340
280,3340
340,3343
417,3345
293,3349
244,3353
213,3356
406,3367
451,3374
319,3377
325,3390
163,3390
494,3390
64,3392
95,3394
347,3395
251,3401
88,3403
381,3405
40,3420
414,3432
294,3433
103,3434
487,3436
60,3438
471,3439
82,3442
112,3443
94,3444
7,3448
18,3448
99,3460
433,3463
196,3471
81,3473
129,3477
431,3480
249,3482
292,3482
56,3483
421,3484
365,3486
377,3491
239,3492
22,3494
17,3500
59,3504
126,3505
212,3507
308,3509
316,3510
359,3515
162,3519
337,3521
11,3524
498,3532
346,3536
90,3558
324,3559
492,3573
155,3573
321,3574
80,3575
153,3576
117,3578
448,3579
427,3581
29,3586
336,3588
446,3597
339,3600
92,3600
272,3606
53,3607
114,3610
258,3612
140,3613
483,3621
214,3638
465,3638
73,3639
323,3644
435,3645
199,3660
403,3662
398,3664
387,3671
306,3672
264,3673
441,3675
216,3682
200,3697
72,3698
261,3707
46,3709
195,3715
422,3715
6,3719
326,3720
186,3725
366,3727
194,3731
157,3738
50,3748
456,3752
14,3757
263,3761
491,3762
107,3769
407,3776
158,3782
173,3810
500,3818
247,3821
418,3825
36,3827
332,3827
408,3834
304,3839
143,3848
145,3850
79,3854
3,3857
104,3873
171,3881
296,3887
208,3903
312,3904
486,3905
478,3906
432,3909
415,3918
168,3918
55,3920
2,3924
271,3930
302,3931
450,3933
58,3935
461,3941
400,3945
93,3947
23,3947
429,3950
479,3950
362,3951
43,3957
361,3957
333,3970
28,3990
314,3990
410,4001
161,4007
409,4007
67,4028
167,4029
125,4040
262,4046
136,4049
393,4052
368,4057
124,4061
113,4061
238,4075
299,4076
363,4077
246,4078
360,4082
248,4094
260,4096
315,4120
174,4126
384,4143
396,4143
9,4145
485,4147
276,4148
493,4161
367,4167
253,4170
467,4172
98,4172
25,4232
458,4237
54,4241
150,4242
369,4250
334,4267
475,4269
345,4291
477,4307
146,4309
242,4324
16,4325
452,4337
84,4339
322,4346
121,4352
68,4382
482,4383
474,4385
457,4387
207,4389
376,4391
318,4391
484,4392
466,4393
372,4415
1,4425
69,4436
252,4451
37,4459
243,4461
356,4484
250,4494
156,4500
375,4531
288,4532
26,4557
297,4564
303,4575
283,4579
139,4581
172,4584
127,4598
66,4638
391,4640
122,4654
287,4673
198,4707
151,4711
420,4716
354,4716
233,4725
399,4732
63,4755
232,4774
119,4774
364,4791
320,4816
137,4836
183,4847
71,4860
41,4870
165,4875
476,4907
27,4910
211,4931
221,4935
481,4937
51,4974
282,4985
378,4989
317,5026
39,5051
437,5055
180,5067
229,5121
472,5146
386,5167
245,5200
443,5245
295,5261
190,5264
31,5307
193,5314
176,5318
152,5355
496,5383
373,5386
115,5463
395,5472
116,5476
428,5499
131,5517
38,5530
12,5579
4,5596
231,5642
405,5664
439,5720
30,5787
91,5808
164,5836
219,5880
256,5901
227,5935
425,5973
138,5985
374,6000
217,6080
490,6165
223,6173
34,6191
335,6329
371,6380
341,6396
189,6486
45,6522
259,6529
423,6762
10,6785
290,6930
142,6937
284,7191

simblock.block.ProofOfWorkBlock@4d25f816:1
327,0
102,570
26,822
385,1059
149,1151
75,1299
436,1389
257,1412
106,1539
349,1627
147,1627
444,1667
76,1723
268,1786
74,1867
468,1867
244,1871
424,1907
150,1973
465,1991
11,1999
191,2023
380,2105
32,2112
165,2112
187,2121
14,2146
442,2197
463,2200
342,2218
166,2236
281,2237
280,2243
326,2262
355,2293
300,2351
120,2359
277,2364
486,2435
35,2439
202,2442
497,2443
56,2444
392,2445
17,2453
2,2459
83,2475
62,2476
480,2478
218,2480
397,2483
258,2531
365,2545
269,2587
388,2594
492,2598
42,2604
47,2620
394,2672
192,2678
144,2681
455,2681
418,2685
285,2690
292,2698
289,2704
123,2705
462,2715
220,2767
37,2771
283,2773
178,2777
479,2787
169,2794
198,2804
329,2805
412,2806
393,2806
197,2810
432,2811
363,2815
362,2826
383,2834
429,2836
431,2844
39,2846
316,2862
466,2868
331,2868
19,2915
359,2918
87,2919
131,2926
130,2929
55,2930
387,2930
254,2932
317,2935
450,2935
301,2936
204,2937
469,2942
358,2957
315,2971
310,2986
53,3010
308,3014
487,3014
228,3015
291,3016
97,3018
325,3023
249,3028
247,3028
470,3030
15,3035
128,3038
234,3043
438,3044
119,3047
241,3048
390,3057
464,3063
73,3066
182,3068
237,3075
46,3079
65,3081
168,3098
403,3104
121,3108
164,3112
161,3126
427,3136
458,3136
110,3137
93,3140
473,3143
200,3144
454,3156
117,3163
101,3171
33,3172
353,3173
48,3179
151,3181
108,3182
402,3187
361,3187
352,3191
240,3194
239,3207
103,3213
313,3245
373,3249
134,3254
5,3256
213,3259
410,3260
460,3266
141,3267
379,3268
153,3269
205,3270
332,3271
396,3272
126,3273
215,3276
253,3280
159,3283
411,3286
111,3294
370,3294
203,3299
261,3303
430,3307
209,3309
273,3317
303,3339
272,3344
449,3344
381,3346
18,3357
321,3359
136,3360
59,3362
185,3364
414,3367
377,3368
309,3370
6,3371
287,3373
382,3374
485,3377
52,3384
78,3388
89,3390
7,3394
459,3395
190,3398
88,3398
238,3400
20,3403
435,3408
376,3412
366,3413
112,3420
477,3421
433,3424
235,3425
499,3428
109,3433
306,3439
175,3456
445,3457
1,3476
133,3476
44,3480
500,3481
140,3482
347,3482
298,3485
356,3488
63,3497
148,3506
231,3508
457,3508
132,3508
425,3508
8,3511
105,3516
196,3521
225,3532
170,3533
451,3537
162,3537
45,3542
10,3548
384,3555
70,3558
407,3562
415,3571
345,3583
95,3585
275,3586
489,3588
129,3597
398,3599
294,3602
490,3603
94,3604
367,3605
264,3606
320,3606
421,3607
80,3609
186,3612
230,3626
401,3629
494,3629
441,3639
177,3650
495,3653
278,3655
251,3657
90,3672
312,3679
323,3680
57,3682
122,3686
163,3688
446,3688
82,3689
28,3693
471,3700
86,3705
267,3705
252,3709
338,3710
245,3712
84,3717
158,3718
99,3722
417,3729
4,3729
348,3738
448,3738
49,3745
208,3748
214,3752
85,3762
404,3773
475,3774
222,3776
107,3783
360,3788
100,3792
262,3793
371,3802
184,3806
216,3814
36,3826
113,3832
351,3833
293,3837
386,3839
496,3840
167,3847
248,3856
343,3876
201,3887
61,3889
265,3893
324,3895
64,3896
143,3914
426,3918
340,3924
160,3926
413,3937
22,3937
472,3939
77,3947
339,3969
422,3981
416,3983
369,3988
135,3997
171,3999
364,4005
30,4007
157,4008
250,4009
336,4020
60,4024
286,4026
24,4028
92,4029
114,4037
21,4049
256,4058
174,4062
210,4067
116,4075
266,4081
25,4087
318,4087
434,4090
181,4098
328,4104
183,4106
260,4116
409,4122
233,4128
72,4140
246,4143
207,4143
224,4146
68,4159
311,4168
54,4170
368,4184
172,4193
104,4198
296,4206
476,4219
115,4227
295,4230
58,4231
118,4251
155,4261
176,4268
299,4280
156,4280
481,4297
71,4302
395,4304
180,4313
12,4320
34,4321
447,4331
346,4334
357,4354
389,4356
488,4360
437,4361
305,4367
217,4409
456,4412
138,4414
483,4417
236,4426
96,4427
223,4440
31,4446
271,4458
199,4458
375,4462
400,4475
304,4476
354,4478
154,4513
270,4515
276,4519
484,4548
50,4550
127,4565
378,4575
330,4585
282,4597
279,4628
219,4631
221,4636
350,4686
443,4694
206,4703
40,4704
259,4725
341,4736
391,4745
255,4761
302,4783
146,4784
333,4789
13,4812
406,4845
453,4845
263,4849
152,4866
439,4880
229,4881
307,4915
188,4937
69,4962
125,4989
372,5005
428,5019
226,5032
9,5042
297,5106
179,5114
399,5129
23,5137
51,5146
81,5152
274,5175
27,5249
374,5253
478,5275
227,5284
91,5354
124,5367
242,5407
137,5448
419,5459
3,5477
193,5510
420,5515
452,5558
194,5610
232,5654
67,5663
66,5684
189,5689
491,5700
440,5777
322,5811
461,5819
408,5852
334,5881
405,5940
29,6030
335,6062
41,6079
38,6097
288,6098
139,6181
173,6227
79,6263
344,6271
290,6292
337,6362
284,6484
195,6506
314,6599
43,6632
474,6679
423,6696
212,6697
98,6910
482,7026
498,7038
16,7361
493,7694
211,8030
319,8363
243,8758
467,9154
142,9561
145,9970

simblock.block.ProofOfWorkBlock@3534651a:1
235,0
331,571
222,808
96,1046
431,1285
37,1376
108,1615
435,1633
298,1640
404,1853
18,1967
309,1974
245,2093
160,2298
176,2306
411,2331
398,2569
53,2628
91,2642
82,2899
366,2962
239,2983
205,3133
12,3234
214,3312
70,3338
374,3366
312,3540
60,3569
236,3641
399,3763
68,3776
163,3905
406,3964
28,3973
337,4170
456,4181
210,4244
471,4303
206,4388
208,4574
157,4594
423,4716
401,4797
389,4905
92,5004
221,5120
226,5212
212,5241
425,5415
202,5578
346,5620
78,5821
284,5989
257,6136
290,6396
42,6452
35,6767
463,7090
46,7410
497,7734
329,8053
258,8368
474,8796
219,9224
145,9652
467,10136

simblock.block.ProofOfWorkBlock@5c30decf:1
476,0
496,489
12,693
136,898
460,1107
176,1188
168,1315
366,1405
483,1521
36,1607
156,1722
31,1814
180,1927
199,2019
190,2221
316,2266
500,2425
281,2588
96,2751
17,2908
222,3069
117,3223
329,3392
130,3541
139,3838
152,3977
456,4270

simblock.block.ProofOfWorkBlock@949165f:1
311,0
309,490
118,698
459,921
31,1122
155,1324
61,1527
393,1728
121,1931
156,2162
435,2371
482,2583
13,2787
324,2988
86,3091
63,3305
468,3309
8,3508
342,3626
148,3712
200,3917
434,3941
214,4138
403,4255
275,4346
7,4549
411,4574
240,4874
456,5006
301,5203
372,5494
385,5527
90,5841
381,6157
111,6472
495,6786
347,7114
193,7544
364,7977
81,8418
461,8861

simblock.block.ProofOfWorkBlock@43eea3bd:2
441,0
278,495
233,704
483,917
22,988
216,1119
184,1189
124,1199
7,1326
18,1399
435,1401
160,1405
408,1478
39,1527
352,1601
202,1606
369,1609
88,1613
328,1682
286,1682
491,1691
212,1731
24,1806
200,1815
178,1818
61,1819
236,1820
86,1884
399,1885
127,1890
310,1890
58,1893
420,1898
266,1936
27,1973
447,2008
422,2023
84,2023
476,2029
211,2040
105,2087
445,2094
85,2096
264,2096
330,2097
116,2099
430,2103
340,2107
275,2110
468,2136
203,2173
194,2174
179,2174
36,2183
29,2212
303,2226
113,2226
70,2231
283,2235
433,2243
438,2251
230,2293
493,2296
350,2301
437,2307
161,2308
488,2308
451,2309
213,2310
62,2311
253,2311
129,2312
77,2321
214,2327
367,2343
3,2376
426,2378
205,2378
457,2378
190,2379
401,2381
460,2382
185,2386
417,2389
154,2428
107,2429
64,2431
414,2433
199,2435
44,2446
291,2452
332,2454
424,2459
53,2473
307,2496
250,2500
419,2503
402,2510
366,2511
333,2511
338,2511
282,2514
356,2514
274,2514
427,2517
494,2519
21,2525
12,2526
489,2531
201,2535
128,2544
37,2567
320,2577
473,2579
93,2581
453,2583
164,2583
224,2585
348,2587
57,2588
135,2589
373,2589
484,2592
339,2597
31,2598
475,2601
60,2605
96,2629
389,2630
308,2635
40,2637
159,2647
210,2658
208,2660
55,2661
25,2661
13,2665
449,2688
306,2688
270,2691
309,2705
87,2710
122,2711
118,2714
459,2715
311,2715
425,2716
319,2719
72,2723
496,2735
103,2739
204,2741
485,2743
377,2745
239,2746
384,2766
151,2776
448,2778
471,2785
392,2787
478,2787
500,2787
95,2788
51,2791
351,2794
409,2799
248,2801
357,2802
148,2803
393,2806
346,2806
83,2810
406,2811
466,2812
120,2817
133,2829
94,2829
415,2832
247,2837
140,2837
144,2838
321,2839
32,2841
73,2849
272,2856
136,2861
363,2862
231,2862
482,2865
477,2872
305,2882
111,2883
294,2885
279,2885
336,2886
323,2904
428,2904
261,2906
119,2907
315,2917
304,2917
137,2921
82,2921
110,2922
168,2925
407,2931
209,2933
381,2939
358,2945
90,2948
497,2949
153,2951
56,2959
458,2967
472,2981
337,2989
262,2989
1,3004
499,3005
48,3007
147,3008
454,3015
176,3016
102,3025
301,3026
63,3035
162,3039
413,3042
155,3045
465,3047
17,3052
188,3052
2,3054
54,3064
487,3066
387,3066
234,3067
361,3075
256,3075
267,3076
28,3090
347,3093
121,3095
331,3096
411,3104
412,3111
130,3116
442,3118
66,3121
108,3121
196,3122
344,3122
186,3126
156,3127
257,3132
249,3132
396,3133
443,3134
455,3150
429,3153
325,3156
440,3162
327,3162
170,3174
225,3175
89,3190
157,3192
314,3194
492,3205
91,3206
14,3212
218,3219
324,3223
421,3223
470,3228
30,3232
490,3241
345,3244
180,3246
386,3248
292,3248
398,3265
416,3266
405,3269
50,3270
8,3271
293,3279
390,3281
92,3281
469,3290
255,3293
143,3314
134,3315
312,3322
343,3326
379,3328
322,3331
287,3332
450,3334
244,3335
169,3340
444,3344
123,3344
362,3345
189,3346
126,3361
254,3363
117,3375
167,3376
260,3385
67,3391
432,3396
226,3407
436,3410
452,3412
101,3414
349,3416
353,3419
4,3429
131,3431
20,3433
300,3435
479,3440
163,3447
302,3448
289,3448
80,3449
5,3451
81,3462
269,3470
42,3473
242,3482
206,3483
410,3483
19,3486
431,3490
195,3495
191,3497
335,3498
374,3510
166,3512
158,3528
439,3530
221,3531
238,3536
486,3547
146,3559
400,3560
391,3560
109,3565
263,3567
284,3569
228,3574
368,3579
75,3582
365,3589
6,3618
172,3618
299,3630
34,3637
114,3638
380,3649
364,3654
99,3661
79,3683
68,3694
395,3699
341,3702
112,3710
370,3729
78,3729
100,3732
26,3739
241,3750
183,3755
456,3761
141,3762
38,3763
46,3765
240,3766
139,3783
45,3784
16,3784
463,3789
11,3790
165,3810
388,3814
280,3820
245,3825
290,3843
243,3847
215,3854
23,3860
152,3860
10,3869
173,3875
182,3898
359,3908
461,3909
296,3940
474,3941
252,3952
76,3959
181,3964
371,3966
227,4005
47,4030
394,4046
342,4048
251,4057
52,4064
149,4080
198,4081
235,4087
317,4104
132,4107
326,4130
106,4134
382,4172
378,4217
265,4228
295,4234
334,4252
222,4278
271,4305
246,4334
480,4355
385,4364
277,4372
43,4377
481,4379
298,4381
446,4398
223,4404
220,4419
462,4442
281,4458
404,4470
138,4538
403,4597
207,4603
229,4667
418,4681
187,4682
276,4682
355,4692
33,4713
150,4718
237,4737
383,4764
59,4777
258,4793
175,4918
360,4968
192,4998
434,5000
35,5013
329,5035
197,5037
49,5051
495,5080
9,5097
372,5105
65,5116
142,5213
397,5233
177,5315
74,5318
318,5329
285,5395
232,5396
376,5434
423,5468
171,5481
219,5485
193,5529
268,5644
98,5645
273,5709
217,5756
354,5845
498,5862
71,5919
15,5969
464,6027
297,6028
41,6191
125,6287
316,6298
115,6406
467,6517
97,6616
288,6619
69,6781
313,6933
104,7065
145,7363
174,7512
259,7806
375,7998

simblock.block.ProofOfWorkBlock@7e49ab66:2
51,0
63,490
430,694
491,896
28,984
414,1101
407,1185
236,1187
161,1303
250,1387
401,1390
478,1480
93,1506
343,1592
312,1593
345,1597
8,1682
92,1682
466,1708
417,1793
60,1796
266,1821
176,1834
302,1884
419,1886
163,1890
457,1900
118,1913
1,1969
492,1997
348,1998
306,2001
333,2034
188,2036
156,2081
148,2087
293,2089
89,2091
488,2091
448,2105
427,2106
477,2115
330,2170
262,2173
185,2181
487,2203
190,2203
86,2205
363,2208
426,2239
54,2243
308,2282
168,2290
91,2291
473,2292
490,2293
261,2307
22,2308
489,2317
25,2326
253,2375
472,2378
53,2384
412,2391
29,2392
485,2405
186,2406
368,2407
88,2417
471,2441
482,2450
399,2463
321,2487
475,2493
199,2499
425,2500
24,2500
154,2510
443,2512
413,2528
82,2530
311,2574
270,2579
162,2582
200,2585
483,2592
422,2593
459,2595
78,2611
166,2614
437,2615
282,2616
149,2640
255,2642
122,2651
44,2667
315,2689
110,2695
214,2701
116,2705
310,2715
84,2721
455,2726
140,2729
234,2733
447,2737
211,2775
309,2781
205,2782
409,2784
121,2785
328,2788
336,2796
124,2798
95,2813
358,2814
27,2819
392,2824
303,2853
377,2859
484,2869
340,2896
352,2898
332,2902
337,2908
108,2914
196,2922
469,2929
12,2932
458,2935
55,2939
323,2958
445,2978
233,2985
405,2986
77,2987
346,2987
367,2990
210,2998
278,3014
327,3021
16,3021
239,3027
274,3031
353,3046
248,3056
127,3067
31,3070
432,3106
286,3106
133,3110
387,3126
20,3138
167,3140
395,3180
105,3180
281,3186
170,3187
157,3188
40,3188
389,3195
499,3209
26,3210
129,3217
415,3231
213,3232
75,3235
165,3246
342,3246
197,3251
109,3254
39,3268
94,3272
418,3273
390,3301
464,3337
249,3339
164,3346
131,3360
11,3384
226,3390
72,3392
440,3397
386,3415
376,3421
241,3429
198,3429
153,3434
169,3442
292,3452
102,3462
272,3462
480,3502
468,3507
38,3544
361,3549
112,3561
331,3569
301,3571
434,3577
258,3591
218,3594
202,3595
206,3595
347,3597
227,3608
159,3618
231,3624
136,3635
398,3651
379,3662
322,3679
76,3700
49,3708
65,3716
192,3741
144,3745
486,3758
179,3760
273,3769
385,3779
207,3794
476,3797
406,3800
404,3820
244,3821
52,3824
420,3825
446,3869
96,3876
269,3886
349,3891
223,3900
19,3909
238,3909
397,3914
181,3918
151,3934
280,3951
2,3954
215,3968
285,3979
30,3998
444,4017
6,4032
83,4036
360,4036
431,4059
182,4061
70,4061
416,4067
5,4077
137,4094
222,4095
296,4117
120,4127
453,4137
46,4139
396,4139
421,4143
175,4155
470,4157
251,4183
326,4208
187,4209
325,4233
400,4234
394,4269
3,4286
268,4291
141,4295
359,4307
452,4311
316,4318
81,4339
10,4344
439,4346
74,4349
90,4351
355,4376
42,4378
97,4395
68,4409
393,4425
101,4443
438,4457
384,4458
344,4490
107,4492
189,4493
382,4502
289,4527
9,4530
87,4534
225,4540
17,4548
300,4562
125,4563
36,4563
191,4583
13,4615
117,4671
201,4676
99,4676
463,4696
98,4724
143,4761
15,4773
290,4774
134,4775
388,4793
138,4795
341,4804
111,4816
224,4825
139,4828
194,4831
59,4862
403,4866
240,4881
461,4885
366,4895
66,4895
237,4903
295,4904
184,4945
371,4959
221,4960
56,4964
271,4991
373,5009
35,5013
313,5016
435,5123
370,5149
252,5166
436,5190
34,5202
357,5216
45,5216
265,5216
391,5232
320,5233
288,5233
41,5235
193,5237
374,5265
493,5276
146,5277
7,5296
229,5309
329,5327
256,5331
80,5350
354,5371
284,5395
260,5414
276,5444
433,5455
277,5509
208,5551
155,5567
314,5582
462,5598
304,5612
104,5632
481,5640
497,5643
259,5657
423,5660
50,5669
100,5681
456,5694
69,5702
152,5737
14,5840
23,5862
263,5871
428,5880
243,5885
429,5955
257,5957
319,6010
334,6016
142,6066
246,6075
279,6090
43,6096
372,6150
171,6185
232,6289
362,6291
356,6341
115,6346
474,6394
287,6492
318,6498
335,6499
172,6529
467,6560
299,6614
106,6751
219,6823
216,6842
220,6897
174,6975
33,7042
297,7098
158,7143
145,7251
402,7256
183,7461
18,7544
291,7583
350,8202
496,8231
351,8847

simblock.block.ProofOfWorkBlock@2eb95662:2
449,0
58,515
78,717
306,920
124,1005
204,1124
64,1208
307,1214
500,1332
72,1411
430,1415
466,1434
179,1547
367,1616
303,1616
155,1620
351,1639
320,1749
333,1818
36,1820
196,1825
148,1831
493,1841
156,1903
203,1957
315,2024
267,2029
12,2032
185,2042
419,2105
410,2120
480,2135
57,2159
454,2226
310,2234
262,2238
270,2244
332,2306
363,2317
309,2323
82,2378
302,2430
457,2439
153,2449
52,2453
422,2514
366,2523
451,2524
323,2569
194,2612
107,2642
91,2659
376,2695
257,2709
406,2716
305,2725
250,2732
17,2745
285,2768
336,2816
409,2843
214,2864
46,2885
435,2933
130,2948
170,2976
33,3009
27,3033
106,3035
109,3045
392,3050
102,3062
131,3085
346,3135
258,3194
287,3195
120,3201
132,3201
483,3235
283,3256
300,3274
234,3291
198,3326
126,3339
402,3341
159,3351
182,3376
191,3408
94,3430
394,3442
101,3510
397,3512
446,3533
327,3551
144,3573
365,3581
301,3590
104,3630
278,3631
14,3647
384,3656
436,3669
228,3680
455,3690
47,3728
111,3764
421,3772
150,3828
273,3828
241,3836
311,3841
412,3846
396,3865
175,3894
123,3927
298,3971
11,3978
165,3990
76,4004
326,4005
197,4011
35,4049
290,4061
317,4071
464,4090
97,4151
486,4156
373,4157
447,4177
73,4249
475,4262
238,4289
149,4305
468,4311
341,4326
215,4331
158,4338
378,4407
172,4429
360,4441
49,4474
60,4488
146,4504
344,4506
249,4570
31,4581
371,4589
4,4595
352,4646
274,4673
50,4724
221,4734
9,4754
134,4790
424,4813
231,4818
275,4835
423,4871
117,4879
24,4918
127,4927
202,4990
184,5005
81,5022
268,5110
219,5151
494,5154
272,5156
345,5167
223,5179
297,5244
178,5248
190,5277
143,5325
1,5337
398,5340
359,5434
259,5464
459,5484
319,5485
405,5502
496,5581
92,5608
88,5664
420,5667
243,5731
75,5757
330,5831
44,5842
71,5844
295,5888
21,5910
211,5942
488,6012
195,6072
224,6180
229,6208
183,6240
110,6271
296,6294
30,6318
216,6333
312,6352
208,6515
271,6642
452,6648
374,6677
145,6697
38,6761
426,6829
173,6920
242,7072
217,7109
340,7321
467,7562
230,7813
375,8049
487,8304
8,8798
294,9287

simblock.block.ProofOfWorkBlock@262d72a:2
355,0
331,575
463,815
76,1068
424,1311
316,1400
273,1548
149,1639
291,1649
258,1877
409,1880
349,1889
192,1970
234,2119
33,2119
37,2128
385,2209
386,2211
281,2360
198,2366
122,2458
471,2538
216,2545
111,2598
287,2703
286,2791
134,2836
412,2870
343,2894
167,3037
29,3122
16,3175
417,3206
389,3223
84,3368
493,3452
489,3518
476,3544
239,3553
21,3700
305,3794
272,3854
415,3878
405,3891
125,4059
437,4131
352,4184
124,4208
451,4224
91,4461
271,4469
179,4523
428,4539
299,4633
18,4791
158,4871
284,4874
290,4949
23,5046
354,5148
473,5208
189,5361
259,5508
4,5546
79,5923
481,5950

simblock.block.ProofOfWorkBlock@23685592:3
255,0
414,491
488,698
279,899
77,1101
210,1190
363,1302
178,1392
157,1400
154,1504
236,1592
386,1593
487,1605
8,1682
309,1708
346,1797
393,1800
212,1801
57,1808
392,1883
339,1888
275,1888
484,1996
28,2004
417,2009
430,2010
133,2011
254,2025
179,2083
36,2090
7,2096
315,2097
107,2105
402,2106
124,2197
62,2204
186,2211
454,2214
231,2215
453,2221
31,2291
194,2293
148,2295
213,2297
95,2298
473,2299
447,2301
91,2307
185,2316
483,2318
326,2341
466,2373
294,2379
491,2381
330,2401
266,2406
333,2418
196,2419
344,2423
128,2493
1,2494
199,2496
21,2498
450,2501
202,2501
449,2504
63,2505
493,2507
348,2508
88,2510
29,2512
261,2517
340,2524
327,2537
140,2542
93,2574
153,2581
328,2582
433,2583
211,2588
55,2594
448,2594
135,2595
230,2598
120,2601
155,2605
250,2617
293,2619
205,2627
84,2640
137,2696
233,2698
160,2700
373,2702
310,2704
162,2705
490,2706
319,2706
427,2707
306,2711
451,2711
201,2711
180,2713
54,2713
168,2715
432,2718
136,2722
351,2728
122,2745
207,2768
204,2778
12,2785
262,2787
410,2788
272,2789
485,2790
406,2792
320,2793
409,2795
278,2796
44,2797
477,2799
352,2799
94,2799
118,2803
422,2810
86,2810
476,2815
239,2817
164,2820
475,2844
109,2857
443,2885
64,2894
116,2897
22,2901
408,2905
437,2906
13,2906
113,2909
27,2910
105,2913
441,2915
167,2915
264,2917
401,2917
287,2921
457,2924
383,2924
442,2936
100,2941
357,2945
15,2946
286,2980
40,2986
500,2990
412,2991
110,2993
270,2993
399,2994
170,2997
307,2997
308,2999
60,3000
253,3003
18,3005
304,3005
129,3009
405,3010
350,3011
203,3012
216,3013
103,3014
208,3016
469,3023
462,3030
316,3035
248,3035
460,3040
382,3045
499,3046
249,3060
89,3071
200,3073
419,3106
224,3107
206,3109
428,3110
72,3115
70,3118
24,3123
416,3127
343,3128
305,3128
403,3135
356,3145
85,3148
292,3174
415,3186
66,3187
445,3197
492,3197
321,3205
458,3205
156,3206
82,3214
61,3214
429,3224
141,3228
495,3231
283,3231
237,3232
121,3237
384,3239
209,3240
338,3247
19,3253
372,3258
150,3262
368,3263
190,3265
472,3273
184,3275
302,3276
314,3294
480,3306
161,3308
277,3308
496,3309
440,3310
369,3316
464,3318
366,3321
149,3322
273,3325
359,3329
76,3335
112,3343
87,3347
144,3354
303,3364
362,3369
90,3374
52,3375
371,3388
489,3398
435,3398
413,3410
111,3415
274,3416
439,3416
47,3423
289,3426
130,3430
332,3433
367,3441
80,3443
147,3445
220,3446
389,3449
244,3454
494,3467
407,3473
125,3474
324,3478
4,3489
117,3494
3,3495
177,3507
459,3517
74,3523
101,3525
337,3532
444,3541
353,3541
235,3544
6,3545
390,3546
418,3551
30,3566
411,3568
446,3572
379,3574
395,3575
313,3579
481,3594
214,3609
276,3618
75,3623
175,3625
92,3628
73,3633
228,3636
97,3642
280,3654
300,3668
423,3670
336,3675
291,3680
169,3684
102,3695
240,3712
241,3715
2,3728
268,3742
243,3743
146,3745
37,3746
108,3746
25,3753
349,3755
290,3758
166,3759
242,3761
131,3764
182,3765
436,3768
376,3781
151,3809
193,3816
58,3827
387,3830
14,3834
238,3838
397,3845
431,3860
323,3862
398,3864
142,3874
470,3875
482,3876
132,3886
123,3887
322,3889
285,3902
282,3940
434,3943
388,3954
5,3955
267,3957
48,3960
318,3969
192,3996
355,3999
227,4002
358,4009
391,4023
188,4029
16,4033
158,4034
159,4044
295,4048
96,4056
317,4057
468,4063
83,4068
298,4073
187,4077
420,4077
23,4080
424,4081
20,4084
56,4095
68,4145
370,4154
35,4154
226,4164
455,4180
271,4200
165,4201
361,4219
374,4220
176,4232
311,4234
143,4236
360,4239
215,4258
479,4272
163,4278
198,4278
256,4288
465,4313
222,4315
251,4361
218,4370
425,4375
284,4389
26,4396
114,4407
81,4437
78,4445
39,4446
33,4469
478,4485
119,4499
400,4505
263,4509
65,4520
380,4550
106,4586
385,4596
474,4612
138,4618
247,4631
115,4632
99,4644
46,4646
335,4652
38,4653
498,4669
11,4677
127,4685
53,4687
197,4687
334,4687
257,4692
269,4712
41,4718
421,4728
342,4759
301,4786
9,4830
32,4844
381,4871
71,4886
51,4888
246,4937
223,4944
126,4947
134,5005
42,5013
232,5014
195,5024
79,5079
345,5095
219,5097
189,5097
252,5123
50,5126
104,5129
452,5139
191,5166
174,5177
394,5187
378,5216
365,5261
265,5272
471,5323
396,5325
463,5330
139,5366
375,5376
331,5502
43,5523
426,5529
288,5532
98,5556
456,5557
354,5568
217,5577
225,5582
69,5590
10,5594
438,5642
497,5645
45,5660
312,5740
486,5818
377,5944
260,5956
329,5971
341,5989
172,6014
67,6033
183,6067
34,6072
234,6133
325,6262
221,6402
364,6442
258,6456
296,6460
467,6569
181,6585
404,6776
461,6887
347,6901
281,7091
59,7216
245,7411
17,7532
145,7843
49,7864
259,8289
152,8293
173,8784
171,9179
229,9639
297,10124

simblock.block.ProofOfWorkBlock@21c9f2a5:4
263,0
174,699
232,1037
284,1377
290,1532
456,1713
172,1838
299,2055
301,2072
193,2150
423,2179
219,2307
259,2410
159,2504
145,2516
222,2602
362,2614
104,2626
33,2669
246,2749
106,2757
207,2843
461,2846
292,2907
326,2955
195,2955
69,2969
76,3058
325,3076
131,3078
50,3088
474,3091
317,3147
14,3170
404,3177
41,3179
10,3185
465,3186
397,3209
335,3240
132,3249
276,3292
217,3325
327,3340
49,3363
249,3386
289,3408
411,3428
365,3430
189,3430
396,3432
384,3481
273,3490
436,3523
46,3526
238,3528
15,3545
498,3546
298,3625
355,3629
323,3636
258,3647
42,3651
479,3658
429,3669
98,3670
199,3670
169,3672
37,3673
139,3690
448,3694
5,3712
47,3719
285,3732
26,3740
376,3742
358,3752
166,3756
19,3762
383,3771
125,3793
95,3812
370,3821
398,3862
120,3865
38,3867
372,3887
394,3890
35,3892
73,3907
215,3909
245,3923
99,3934
102,3936
151,3957
434,3966
287,3978
175,3978
388,3979
101,3994
375,3996
240,3999
254,4002
445,4004
281,4009
133,4019
402,4024
344,4035
412,4056
308,4069
320,4071
134,4079
242,4082
356,4093
329,4097
257,4098
187,4102
80,4120
385,4129
52,4133
64,4142
85,4153
66,4170
220,4175
312,4186
117,4191
109,4196
314,4205
248,4207
260,4208
96,4209
457,4222
79,4229
97,4235
310,4237
111,4239
53,4242
386,4242
223,4244
123,4245
251,4246
75,4248
212,4252
380,4253
387,4269
403,4283
470,4306
122,4308
444,4308
453,4308
21,4309
126,4312
280,4316
121,4325
197,4327
74,4338
20,4339
440,4339
233,4339
483,4340
6,4341
198,4342
4,4344
377,4353
401,4372
265,4376
116,4383
272,4388
274,4394
3,4401
459,4402
293,4406
54,4424
435,4428
318,4429
209,4440
192,4444
464,4445
40,4459
201,4460
313,4468
188,4477
409,4478
382,4482
495,4494
415,4503
152,4506
210,4516
56,4523
162,4524
348,4525
300,4528
349,4529
390,4533
1,4540
256,4544
144,4547
304,4551
25,4557
261,4567
225,4568
413,4574
473,4575
264,4577
381,4587
82,4588
447,4589
81,4600
186,4600
182,4601
156,4607
270,4631
224,4637
143,4644
468,4658
331,4660
59,4661
419,4672
213,4673
472,4673
493,4673
16,4673
72,4686
8,4687
480,4698
303,4705
446,4705
83,4708
359,4715
150,4715
271,4715
34,4718
288,4720
231,4735
57,4736
146,4744
416,4762
455,4763
112,4767
2,4778
221,4779
241,4780
296,4791
86,4791
234,4791
130,4796
451,4808
147,4809
90,4815
103,4822
32,4822
128,4830
378,4850
476,4853
321,4864
155,4870
430,4874
177,4880
252,4894
431,4895
141,4895
226,4899
178,4900
492,4900
366,4905
58,4909
275,4919
60,4923
107,4923
341,4940
410,4942
255,4953
400,4979
262,5002
420,5002
165,5004
345,5006
68,5007
196,5008
482,5012
352,5019
369,5023
438,5024
61,5024
486,5032
354,5043
203,5043
138,5044
149,5053
129,5060
305,5065
140,5073
137,5076
17,5085
437,5096
153,5107
228,5108
250,5109
361,5111
181,5113
65,5113
190,5121
30,5148
418,5153
243,5168
374,5171
330,5175
204,5181
353,5201
110,5211
23,5214
142,5215
277,5218
391,5219
87,5227
28,5231
286,5245
148,5249
202,5252
191,5254
77,5256
268,5258
449,5284
115,5295
395,5307
463,5320
164,5335
282,5336
218,5340
36,5342
421,5346
119,5347
460,5351
489,5369
161,5373
379,5393
494,5399
346,5401
467,5406
13,5411
477,5443
173,5443
422,5446
297,5455
44,5503
424,5503
160,5508
357,5514
439,5516
360,5542
491,5556
247,5559
108,5565
334,5570
27,5575
62,5577
389,5588
170,5604
11,5620
266,5666
269,5668
475,5673
185,5675
481,5700
442,5707
295,5712
229,5740
206,5747
71,5763
67,5767
171,5779
91,5780
235,5799
469,5802
342,5846
55,5859
347,5861
332,5900
88,5901
45,5923
302,5932
253,5943
462,5954
458,5996
408,6002
283,6004
414,6015
237,6019
428,6054
399,6068
118,6089
236,6092
158,6111
9,6116
43,6155
363,6156
183,6160
230,6171
100,6201
432,6243
114,6254
244,6256
157,6286
485,6334
488,6338
163,6356
316,6408
291,6408
441,6420
18,6438
154,6489
200,6505
94,6515
227,6520
336,6545
425,6547
405,6557
322,6558
452,6575
471,6577
135,6583
328,6601
168,6644
211,6664
319,6669
113,6703
48,6718
208,6734
393,6745
279,6777
368,6850
39,6910
105,6913
371,6925
367,6929
497,6954
180,6978
351,7002
306,7040
294,7050
364,7073
7,7133
340,7152
92,7197
333,7198
93,7209
24,7284
373,7338
466,7376
31,7400
433,7406
84,7419
478,7470
127,7492
267,7528
392,7543
309,7601
339,7634
427,7689
311,7699
214,7778
338,7842
499,7907
454,7908
337,8023
278,8028
450,8125
12,8188
194,8193
78,8247
179,8344
51,8395
407,8397
324,8518
89,8615
216,8665
184,8685
176,8685
500,8883
350,8888
167,8906
29,9009
490,9104
487,9174
239,9310
205,9379
443,9500
496,9549
22,9596
315,9678
136,9959
70,10008
406,10087
307,10167
124,10195
417,10502
63,10605
426,10836
343,10992
484,11486

simblock.block.ProofOfWorkBlock@1c1fb4e6:4
138,0
486,1506
228,2074
150,2316
177,2389
108,2554
215,2662
147,2798
436,2888
329,2899
56,2964
497,3036
469,3124
479,3128
209,3144
370,3202
131,3233
388,3264
198,3280
222,3365
249,3367
394,3376
269,3381
300,3450
2,3464
175,3473
134,3479
268,3520
5,3534
365,3610
381,3611
87,3613
111,3620
101,3626
470,3690
379,3693
289,3708
397,3714
418,3720
495,3724
220,3775
244,3775
75,3836
49,3850
285,3850
277,3853
458,3853
442,3854
181,3858
480,3865
144,3932
237,3935
102,3947
361,3956
331,3957
462,3958
97,4013
132,4018
376,4022
411,4041
59,4051
214,4053
65,4078
396,4094
6,4095
385,4097
444,4098
431,4101
130,4136
317,4180
251,4181
272,4183
178,4184
257,4185
412,4194
19,4196
291,4199
281,4200
258,4250
109,4251
298,4255
464,4259
384,4262
313,4263
336,4269
166,4288
358,4299
245,4304
151,4328
119,4335
349,4336
327,4338
293,4346
191,4347
187,4350
437,4382
165,4425
112,4427
380,4429
330,4432
342,4434
83,4439
446,4440
465,4446
120,4452
126,4503
192,4504
74,4506
35,4506
280,4508
28,4511
250,4513
167,4521
488,4522
15,4525
118,4525
235,4536
438,4537
404,4539
182,4542
213,4548
200,4549
453,4568
76,4577
468,4582
80,4585
399,4586
359,4588
275,4590
415,4592
127,4600
402,4617
266,4660
218,4671
141,4676
428,4678
42,4681
353,4683
90,4684
400,4685
403,4687
123,4696
32,4707
140,4719
33,4744
146,4748
66,4750
494,4750
410,4760
117,4763
13,4771
264,4773
347,4776
355,4780
393,4780
273,4781
416,4819
253,4832
164,4837
351,4840
176,4842
110,4844
490,4846
368,4856
24,4869
205,4871
157,4880
158,4882
265,4885
233,4897
427,4899
421,4910
343,4916
478,4916
57,4916
450,4920
305,4922
424,4923
186,4925
89,4931
283,4936
460,4948
52,4952
248,4952
21,4969
483,4992
106,4999
487,5005
240,5006
386,5013
124,5016
367,5017
311,5018
12,5020
471,5020
492,5022
475,5025
46,5028
454,5029
18,5030
169,5068
26,5068
346,5074
3,5079
425,5095
77,5100
36,5102
60,5103
373,5111
439,5113
8,5118
20,5148
78,5161
93,5161
9,5166
496,5172
345,5175
180,5177
39,5178
16,5184
203,5186
107,5186
70,5200
321,5210
179,5212
1,5221
196,5224
103,5226
255,5231
294,5233
92,5239
448,5246
339,5247
208,5254
73,5254
445,5256
451,5259
463,5265
435,5266
211,5268
292,5269
466,5278
354,5282
226,5287
498,5295
455,5318
31,5322
100,5327
40,5332
426,5335
170,5335
364,5339
340,5342
344,5350
91,5351
194,5352
148,5356
129,5360
409,5373
159,5380
279,5383
160,5383
128,5392
429,5409
348,5411
308,5417
37,5422
456,5422
262,5426
22,5430
99,5430
328,5436
499,5436
406,5444
387,5447
267,5448
47,5452
408,5478
326,5488
121,5490
149,5492
419,5496
238,5502
440,5508
350,5509
185,5514
122,5516
72,5516
500,5516
50,5518
136,5519
316,5520
94,5520
363,5524
306,5524
82,5543
324,5547
318,5549
352,5554
323,5555
137,5559
51,5569
422,5577
27,5579
261,5579
4,5585
332,5588
230,5595
69,5596
304,5596
44,5598
413,5609
286,5617
382,5624
156,5627
457,5632
485,5639
61,5653
315,5673
287,5675
366,5682
270,5683
337,5683
10,5687
301,5687
390,5688
392,5694
58,5697
104,5697
142,5698
79,5698
7,5701
225,5704
491,5713
241,5716
401,5725
302,5729
477,5755
398,5766
85,5769
307,5777
414,5778
168,5784
96,5809
389,5813
338,5825
64,5832
133,5833
299,5834
139,5838
309,5839
105,5850
246,5853
54,5856
204,5857
62,5875
234,5877
432,5885
297,5885
493,5888
162,5901
482,5915
357,5919
433,5927
199,5939
407,5940
310,5943
473,5956
303,5957
375,5972
227,5982
319,6001
325,6006
11,6010
195,6010
25,6012
447,6016
55,6017
197,6018
202,6018
188,6025
190,6028
430,6038
48,6053
171,6063
114,6087
242,6095
143,6108
260,6126
461,6129
210,6163
290,6164
254,6164
312,6174
154,6180
467,6182
282,6192
252,6192
377,6194
276,6204
378,6210
372,6218
356,6219
68,6222
201,6239
296,6261
459,6264
271,6275
405,6279
474,6280
231,6282
476,6292
17,6292
113,6302
34,6324
145,6324
434,6334
236,6343
153,6347
216,6348
84,6355
489,6364
45,6365
38,6382
322,6391
95,6439
481,6452
333,6493
155,6506
224,6524
116,6549
374,6586
314,6598
53,6612
135,6615
125,6629
174,6654
229,6655
278,6676
239,6685
334,6691
484,6700
172,6706
23,6729
341,6731
452,6755
183,6765
420,6790
360,6793
30,6799
232,6858
320,6879
371,6928
88,6946
67,7001
161,7014
207,7028
152,7060
395,7087
263,7108
288,7140
81,7164
43,7171
173,7198
423,7204
472,7211
335,7266
212,7281
217,7337
441,7346
41,7408
284,7436
295,7484
221,7515
259,7568
98,7578
391,7610
449,7620
417,7685
184,7715
189,7742
256,7844
193,7889
223,7926
86,7950
71,8041
243,8345
163,8633
219,8749
369,9550
29,10465
274,11387
63,12300
206,13225
443,14139
115,15147

simblock.block.ProofOfWorkBlock@20dcce86:5
128,0
210,496
471,699
61,905
357,987
170,1110
36,1190
266,1192
427,1312
85,1391
29,1393
113,1398
70,1482
414,1598
7,1602
275,1603
103,1607
380,1628
441,1682
399,1684
127,1691
118,1799
231,1802
233,1807
367,1809
176,1811
95,1885
212,1885
157,1886
226,1895
12,1901
18,1903
175,1952
91,1971
328,2001
25,2006
140,2012
155,2014
8,2014
459,2088
386,2088
163,2088
482,2094
55,2095
168,2097
377,2098
340,2100
286,2104
321,2108
475,2175
485,2176
216,2184
432,2187
130,2201
458,2214
283,2215
92,2216
303,2216
336,2289
63,2293
422,2293
60,2295
186,2300
86,2301
267,2302
366,2303
413,2303
255,2304
264,2305
363,2306
89,2307
306,2311
353,2317
122,2376
21,2379
213,2379
333,2386
483,2390
253,2394
13,2398
494,2404
408,2405
476,2405
180,2409
428,2417
201,2418
488,2419
137,2435
102,2440
173,2441
401,2462
179,2490
162,2494
22,2496
472,2496
305,2496
57,2499
178,2501
287,2504
84,2504
443,2504
121,2505
148,2506
58,2510
407,2513
491,2515
345,2523
141,2525
405,2533
417,2581
466,2583
133,2584
490,2586
28,2586
392,2590
160,2590
315,2590
279,2591
214,2591
3,2595
369,2597
310,2598
500,2607
450,2607
190,2611
199,2611
453,2613
206,2618
96,2633
492,2635
311,2636
198,2650
469,2658
304,2665
346,2669
167,2669
47,2678
339,2695
338,2696
308,2698
440,2699
196,2703
420,2704
153,2704
438,2706
410,2706
302,2706
236,2706
278,2707
293,2707
348,2709
274,2709
205,2715
437,2715
433,2721
31,2724
39,2741
211,2744
289,2762
52,2778
248,2782
489,2786
445,2787
72,2787
320,2787
88,2791
477,2794
116,2796
161,2797
319,2798
200,2798
1,2799
430,2799
100,2800
77,2801
203,2801
54,2813
194,2816
344,2818
403,2819
24,2821
50,2845
239,2848
64,2867
425,2870
332,2894
473,2898
156,2899
261,2900
6,2905
447,2905
373,2906
185,2908
368,2909
294,2910
402,2913
16,2914
499,2916
154,2916
19,2917
272,2918
27,2919
94,2920
307,2920
448,2922
429,2924
468,2924
329,2927
484,2929
362,2929
66,2931
220,2938
188,2948
487,2950
237,2952
277,2955
416,2959
182,2964
350,2982
496,2988
457,2988
406,2990
493,2998
110,2998
434,3000
451,3001
454,3001
158,3002
228,3010
436,3014
419,3017
280,3025
352,3025
241,3026
230,3027
218,3028
149,3033
291,3040
101,3042
393,3047
309,3051
117,3052
282,3069
78,3075
105,3087
30,3089
112,3101
208,3103
270,3110
381,3112
351,3113
135,3117
131,3118
460,3126
224,3127
324,3130
412,3130
394,3133
11,3134
40,3137
300,3139
383,3142
244,3144
262,3146
379,3152
123,3155
44,3158
312,3169
409,3192
82,3201
93,3202
449,3204
184,3208
143,3210
313,3215
495,3222
76,3224
251,3226
249,3227
343,3231
134,3232
151,3233
398,3233
144,3239
486,3239
5,3240
14,3249
349,3251
195,3251
355,3252
361,3258
371,3259
285,3261
87,3266
323,3270
316,3271
356,3272
139,3273
150,3275
317,3275
384,3282
331,3302
136,3313
62,3314
119,3317
147,3326
48,3330
389,3331
341,3334
114,3340
204,3342
164,3347
215,3348
281,3353
197,3355
192,3357
26,3359
124,3360
374,3362
245,3368
209,3369
51,3371
330,3373
354,3384
322,3387
46,3393
439,3404
2,3416
234,3420
165,3424
337,3437
411,3443
74,3445
73,3454
67,3455
360,3457
327,3463
107,3487
498,3488
462,3507
37,3523
4,3529
415,3532
223,3533
254,3540
108,3543
396,3546
202,3549
120,3550
132,3550
235,3557
75,3560
79,3561
391,3562
387,3564
240,3565
426,3572
446,3587
42,3590
83,3590
53,3610
65,3638
431,3642
90,3642
250,3643
260,3654
273,3660
111,3675
222,3677
388,3687
187,3687
189,3692
23,3700
497,3710
104,3711
99,3728
464,3734
481,3735
404,3743
129,3753
81,3759
33,3765
98,3782
290,3798
400,3801
115,3822
470,3825
424,3841
174,3848
109,3848
385,3859
455,3862
479,3868
269,3871
15,3879
359,3883
181,3889
259,3892
38,3892
298,3918
292,3936
397,3956
442,3958
318,3959
478,3969
34,3976
247,3996
191,4006
252,4010
68,4021
288,4029
258,4035
358,4054
301,4081
395,4089
125,4135
372,4161
326,4163
106,4163
435,4175
166,4178
265,4191
183,4198
97,4201
347,4207
375,4246
159,4279
56,4281
314,4298
284,4312
225,4316
421,4328
69,4357
169,4412
142,4438
9,4466
80,4479
370,4481
171,4484
480,4493
465,4511
456,4525
17,4527
257,4597
382,4598
263,4628
126,4635
152,4650
217,4727
49,4727
276,4765
32,4812
463,4828
59,4846
335,4866
452,4895
35,4912
242,4912
418,4918
246,4920
227,4922
365,4950
146,4970
376,5050
177,5134
271,5154
325,5164
256,5208
342,5229
444,5240
138,5275
193,5309
474,5352
145,5357
71,5358
238,5368
172,5379
467,5380
390,5547
10,5587
299,5610
334,5640
229,5697
41,5723
378,5797
364,5813
295,5836
268,5866
232,6132
20,6180
219,6236
43,6240
221,6609
243,6650
207,6672
296,6678
45,7120
461,7121
297,7608

simblock.block.ProofOfWorkBlock@75fc259d:6
195,0
423,793
257,1248
276,1572
258,1705
465,1828
207,1915
462,2071
383,2155
232,2252
71,2273
76,2283
480,2312
19,2401
111,2521
109,2564
242,2610
370,2638
269,2653
211,2656
96,2702
498,2708
416,2726
97,2760
26,2801
198,2854
117,2883
362,2894
228,2900
314,2949
331,2986
326,2993
263,3037
323,3043
299,3045
234,3095
78,3096
365,3109
15,3130
479,3134
394,3137
42,3137
408,3149
253,3150
59,3153
5,3216
251,3223
291,3230
384,3232
235,3280
436,3281
197,3297
297,3331
355,3336
90,3338
273,3346
439,3351
329,3369
444,3374
52,3374
145,3374
130,3376
322,3398
390,3413
274,3433
6,3436
132,3454
424,3460
73,3472
403,3476
54,3481
165,3484
101,3488
246,3490
434,3498
240,3524
218,3534
315,3555
270,3563
466,3589
108,3606
35,3609
202,3611
285,3613
14,3614
220,3614
123,3621
56,3626
440,3641
448,3642
205,3643
287,3668
250,3670
144,3672
181,3676
150,3683
249,3691
298,3698
342,3699
398,3703
313,3708
238,3709
169,3718
209,3727
34,3729
353,3731
103,3761
166,3762
309,3768
185,3794
431,3795
469,3804
129,3808
386,3812
292,3817
476,3817
463,3819
456,3829
268,3834
105,3835
41,3835
80,3848
27,3851
95,3852
37,3859
182,3862
340,3864
497,3864
48,3864
162,3865
102,3874
215,3875
222,3877
277,3919
146,3931
380,3937
254,3937
352,3938
464,3939
131,3942
247,3946
62,3947
418,3947
32,3948
188,3952
177,3952
28,3954
156,3966
63,3970
446,3976
345,4002
153,4005
430,4006
301,4011
84,4012
339,4023
381,4032
359,4033
186,4039
485,4046
457,4051
344,4054
487,4055
412,4057
438,4057
414,4064
227,4066
174,4067
459,4068
175,4070
361,4076
404,4087
350,4094
120,4099
158,4100
455,4100
495,4116
212,4132
312,4137
489,4141
453,4148
320,4148
473,4149
217,4157
119,4160
369,4167
60,4171
275,4173
74,4175
325,4181
49,4185
409,4186
83,4187
317,4189
118,4194
387,4195
191,4198
272,4201
379,4207
154,4207
307,4208
432,4238
492,4247
349,4249
170,4254
304,4263
22,4263
264,4268
65,4271
402,4271
151,4273
210,4273
397,4274
308,4276
133,4277
203,4277
226,4278
112,4279
367,4281
300,4284
239,4285
230,4288
147,4288
261,4301
47,4301
225,4312
327,4314
311,4324
20,4329
332,4335
199,4340
21,4344
206,4345
68,4349
122,4352
57,4353
411,4354
229,4355
282,4371
180,4376
87,4378
496,4381
64,4389
173,4389
316,4390
410,4391
233,4396
486,4401
265,4413
468,4414
372,4414
281,4420
293,4422
368,4427
190,4431
337,4431
33,4432
483,4433
341,4455
189,4470
18,4470
3,4478
136,4479
366,4480
330,4481
419,4486
435,4487
248,4492
141,4495
187,4515
348,4517
382,4522
241,4525
44,4526
149,4532
72,4538
377,4539
472,4544
328,4576
421,4578
295,4585
23,4594
244,4600
346,4602
395,4603
488,4605
286,4612
216,4613
236,4615
319,4621
134,4631
140,4642
499,4643
45,4659
17,4660
75,4663
493,4666
157,4672
407,4675
25,4681
422,4685
143,4692
46,4694
400,4694
445,4694
335,4698
391,4700
125,4703
137,4730
86,4731
280,4734
8,4735
396,4740
452,4748
138,4750
66,4757
110,4763
1,4763
375,4764
500,4767
135,4770
478,4774
256,4778
128,4785
115,4786
77,4788
30,4788
192,4804
252,4809
89,4819
393,4825
303,4827
11,4828
43,4832
376,4837
356,4838
139,4842
401,4846
93,4857
388,4868
237,4869
245,4875
79,4917
262,4934
176,4946
458,4948
81,4955
114,4955
305,4973
126,4977
358,4982
152,4991
183,5000
161,5001
124,5003
364,5010
289,5012
451,5061
336,5088
127,5095
420,5095
38,5096
415,5098
271,5111
179,5113
231,5123
85,5126
260,5138
334,5160
167,5169
159,5183
121,5191
69,5209
429,5214
171,5238
200,5264
310,5275
12,5281
266,5306
61,5312
106,5320
2,5332
16,5333
50,5352
461,5361
302,5372
449,5394
357,5421
148,5427
40,5428
51,5454
184,5460
278,5471
433,5490
283,5500
9,5501
284,5520
214,5522
471,5611
208,5618
437,5622
99,5634
460,5637
318,5646
442,5658
470,5664
363,5684
259,5691
426,5725
91,5756
58,5760
196,5794
164,5803
413,5810
223,5824
53,5829
193,5833
482,5855
39,5868
163,5944
385,5961
279,5970
267,5986
296,6047
88,6056
475,6092
142,6095
107,6109
354,6112
13,6135
113,6150
333,6160
213,6174
450,6177
10,6230
467,6263
178,6267
347,6295
160,6296
406,6298
82,6300
255,6356
92,6426
474,6462
221,6464
70,6475
454,6503
288,6524
389,6629
371,6634
427,6642
155,6676
104,6723
4,6756
204,6783
392,6788
494,6796
55,6851
219,6865
172,6870
243,6899
399,6911
98,6929
338,6965
194,7139
481,7158
447,7164
374,7176
94,7286
290,7290
378,7312
67,7333
477,7342
373,7454
321,7561
100,7635
116,7653
360,7699
294,7798
7,7830
29,7943
405,8206
201,8319
425,8434
36,8819
224,8850
343,8933
31,9308
428,9425
168,9497
441,9805
490,9918
491,10151
24,10293
484,10407
324,10898
306,11387
443,11880
351,12370
417,12859

simblock.block.ProofOfWorkBlock@51ddc6f8:6
31,0
140,490
494,691
420,893
205,998
261,1095
294,1190
178,1201
210,1296
393,1385
459,1393
39,1448
262,1502
310,1586
275,1605
236,1651
339,1681
426,1694
157,1703
433,1793
458,1808
61,1852
337,1881
121,1884
392,1896
12,1920
387,1949
86,1995
282,1999
422,2015
176,2059
453,2079
77,2084
443,2087
483,2103
309,2122
414,2152
328,2192
92,2200
437,2200
460,2276
105,2280
55,2284
148,2285
122,2306
16,2322
307,2328
126,2337
239,2350
441,2355
466,2388
95,2395
293,2402
160,2403
405,2478
18,2484
36,2488
136,2491
488,2509
185,2529
428,2532
128,2553
308,2562
406,2585
377,2589
24,2596
417,2605
180,2620
33,2653
27,2681
202,2688
250,2689
7,2694
28,2696
305,2697
402,2710
25,2731
167,2745
170,2759
286,2776
490,2777
118,2788
415,2793
338,2799
8,2817
127,2823
278,2846
62,2891
161,2892
340,2898
248,2901
493,2908
368,2920
1,2933
44,2953
113,2960
321,2968
306,2983
66,2991
303,3005
188,3005
109,3008
93,3010
186,3024
366,3025
450,3031
150,3032
216,3048
213,3082
344,3088
500,3092
430,3097
498,3097
409,3100
451,3103
457,3109
407,3121
56,3123
85,3136
211,3169
367,3176
124,3184
491,3185
199,3197
475,3213
65,3217
330,3227
212,3249
162,3267
421,3268
72,3284
363,3289
22,3291
224,3294
279,3299
158,3303
267,3305
75,3320
317,3320
233,3323
382,3323
241,3340
311,3342
191,3351
465,3363
477,3376
137,3380
487,3386
312,3399
21,3415
269,3428
351,3430
215,3439
266,3457
492,3459
454,3475
448,3478
336,3485
447,3491
100,3492
440,3493
70,3506
253,3524
315,3545
427,3583
446,3588
482,3597
203,3604
384,3609
463,3620
235,3621
116,3635
237,3636
97,3638
240,3641
290,3650
468,3660
287,3660
358,3669
449,3677
373,3677
412,3680
316,3681
133,3693
319,3693
289,3693
350,3696
432,3710
91,3726
381,3738
26,3746
291,3763
238,3777
323,3810
204,3843
52,3859
63,3867
51,3882
343,3894
206,3896
245,3899
359,3914
130,3918
357,3923
198,3923
270,3928
424,3936
495,3936
35,3958
49,3976
42,3988
249,3988
333,3992
17,3993
74,3997
436,4011
380,4011
397,4015
145,4015
144,4028
434,4059
378,4067
332,4068
281,4069
175,4082
111,4093
435,4098
354,4100
129,4103
386,4125
348,4127
302,4130
159,4132
192,4141
396,4159
353,4186
57,4195
385,4196
411,4246
96,4252
209,4253
277,4275
182,4293
472,4299
258,4304
200,4305
102,4308
467,4312
301,4313
254,4323
455,4329
334,4329
355,4330
110,4333
168,4338
189,4345
268,4360
365,4360
174,4364
438,4376
147,4390
156,4393
292,4398
218,4411
489,4430
104,4447
141,4447
225,4465
32,4475
464,4503
439,4506
117,4519
143,4523
78,4538
461,4542
41,4546
83,4560
5,4573
329,4596
398,4610
37,4619
484,4632
169,4640
390,4644
376,4645
165,4655
151,4676
246,4679
242,4682
257,4682
187,4710
172,4719
413,4727
81,4735
431,4737
276,4756
232,4758
423,4774
251,4792
106,4802
474,4803
59,4822
285,4824
30,4827
84,4832
274,4834
379,4858
456,4878
34,4879
14,4910
119,4925
181,4935
60,4939
244,4960
480,4972
146,5009
297,5028
476,5036
219,5068
263,5083
101,5108
391,5117
190,5125
112,5127
197,5137
73,5138
171,5138
499,5141
280,5157
43,5166
222,5168
71,5180
256,5186
346,5241
220,5243
300,5252
177,5274
259,5282
299,5287
404,5288
372,5298
154,5329
284,5340
243,5364
15,5443
298,5451
166,5459
318,5468
497,5477
11,5560
442,5564
108,5566
217,5571
469,5589
341,5595
418,5604
149,5621
375,5669
67,5724
462,5759
19,5773
123,5785
134,5878
98,5880
326,5882
325,5885
452,6000
125,6033
288,6036
114,6100
38,6194
183,6210
395,6236
193,6316
138,6337
388,6415
296,6480
335,6673
313,6738
295,6839
265,6923
10,7100
360,7169
69,7410
252,7617
207,8066
45,8512

simblock.block.ProofOfWorkBlock@13081cc:7
458,0
494,490
402,691
293,896
294,980
61,1098
262,1182
392,1183
213,1299
31,1387
426,1389
121,1390
185,1469
312,1509
128,1586
275,1588
401,1594
230,1597
339,1670
282,1672
377,1685
435,1796
427,1797
422,1798
447,1798
40,1798
429,1824
167,1872
116,1873
95,1885
366,1886
103,1896
194,1959
162,2000
170,2001
178,2001
448,2001
459,2002
457,2012
261,2074
330,2075
60,2079
475,2088
414,2088
64,2088
302,2089
210,2106
412,2108
471,2111
65,2138
201,2162
264,2164
8,2167
137,2203
164,2204
77,2208
477,2217
454,2218
482,2284
233,2288
21,2289
278,2289
333,2290
92,2291
453,2291
110,2292
231,2293
337,2308
428,2309
439,2311
157,2312
72,2315
126,2318
490,2364
88,2367
205,2367
386,2368
493,2376
320,2376
304,2379
303,2389
362,2399
309,2405
363,2407
413,2420
445,2425
380,2426
410,2451
150,2465
54,2489
57,2491
286,2492
155,2493
105,2494
24,2494
202,2495
488,2499
250,2500
66,2501
148,2503
352,2510
443,2511
315,2513
133,2513
118,2513
82,2513
168,2518
46,2522
220,2523
499,2524
180,2535
319,2568
153,2569
163,2570
129,2572
94,2573
135,2579
306,2580
122,2581
158,2582
208,2584
255,2585
203,2598
266,2605
113,2606
58,2609
91,2610
348,2627
161,2628
406,2631
33,2634
280,2638
408,2653
437,2659
154,2693
190,2694
270,2695
27,2697
460,2697
344,2700
176,2701
483,2701
340,2704
283,2707
87,2708
389,2709
338,2709
451,2713
63,2713
86,2714
489,2715
25,2716
405,2716
184,2717
44,2720
70,2720
204,2750
274,2770
419,2775
248,2775
214,2777
124,2778
249,2780
441,2783
393,2786
53,2787
100,2788
62,2788
387,2788
346,2789
345,2790
107,2790
28,2793
356,2799
267,2801
367,2807
279,2812
472,2829
450,2834
84,2837
196,2838
403,2839
468,2841
409,2855
407,2861
216,2861
449,2870
473,2873
80,2886
415,2899
188,2900
430,2906
76,2908
343,2910
328,2910
36,2913
117,2914
394,2922
39,2929
390,2934
307,2943
173,2944
247,2949
23,2952
96,2953
127,2956
109,2971
186,2972
484,2972
211,2976
332,2979
491,2979
200,2980
136,2987
305,2987
373,2987
22,2988
417,2990
4,2991
226,2991
51,2992
212,2994
310,2999
495,3000
383,3002
156,3002
425,3002
500,3009
492,3012
376,3012
311,3012
476,3013
350,3014
323,3023
235,3030
169,3034
397,3034
382,3035
327,3038
253,3039
236,3040
421,3045
89,3049
55,3060
59,3060
324,3062
498,3070
143,3072
496,3088
108,3094
466,3101
224,3106
199,3108
179,3116
384,3126
478,3134
420,3145
222,3148
141,3154
149,3156
101,3157
351,3163
257,3171
368,3178
78,3182
134,3182
336,3182
432,3186
50,3187
81,3190
321,3191
487,3191
287,3191
369,3197
160,3197
182,3206
355,3210
277,3214
463,3214
239,3220
442,3225
318,3226
175,3230
132,3230
258,3235
480,3237
16,3242
399,3242
225,3267
322,3269
238,3288
479,3293
90,3294
99,3303
93,3304
18,3307
17,3308
361,3316
398,3317
272,3317
342,3318
37,3319
424,3324
14,3326
357,3337
197,3342
5,3347
411,3352
177,3352
115,3359
123,3359
1,3359
120,3361
446,3362
273,3370
119,3372
404,3376
237,3377
341,3379
288,3384
206,3385
13,3388
193,3393
308,3394
354,3395
433,3399
381,3413
140,3423
223,3448
485,3452
67,3456
221,3463
131,3464
191,3472
396,3478
347,3479
314,3485
142,3489
219,3490
35,3495
329,3507
268,3513
375,3515
416,3524
470,3540
465,3546
198,3547
74,3548
241,3552
444,3553
209,3553
11,3561
85,3563
29,3586
391,3601
497,3605
102,3621
7,3626
130,3632
69,3634
254,3638
440,3638
228,3641
300,3651
146,3665
317,3668
290,3672
183,3678
68,3684
6,3689
138,3693
374,3693
187,3695
165,3696
296,3698
359,3711
3,3733
26,3734
299,3740
260,3742
97,3773
12,3773
41,3774
227,3779
331,3782
244,3790
379,3794
34,3797
106,3800
469,3810
452,3816
217,3819
42,3830
431,3842
56,3862
192,3867
181,3872
159,3880
301,3901
335,3915
423,3935
438,3947
245,3947
48,3951
47,3951
316,3958
49,3968
232,3989
125,4004
365,4005
151,4010
75,4022
147,4027
455,4049
289,4088
52,4090
385,4103
15,4116
20,4159
171,4170
189,4171
291,4178
436,4193
2,4202
349,4223
145,4230
9,4245
481,4252
269,4262
83,4266
388,4274
111,4341
298,4366
326,4407
10,4411
285,4414
364,4418
462,4431
229,4436
456,4453
370,4475
215,4493
358,4511
251,4519
281,4579
265,4616
104,4663
461,4670
418,4684
195,4696
256,4703
240,4725
467,4730
313,4735
112,4746
378,4776
218,4794
292,4808
144,4836
284,4846
434,4896
486,5003
166,5053
32,5060
400,5124
276,5136
243,5148
325,5150
242,5154
295,5157
152,5214
263,5225
30,5239
246,5274
474,5325
353,5378
464,5401
234,5468
395,5475
371,5566
334,5567
79,5581
297,5646
43,5648
174,5682
259,5692
19,5726
114,5787
38,5808
372,5828
172,5912
73,6044
252,6240
71,6253
139,6341
207,6472
98,6670
271,6782
360,6913
45,7361

simblock.block.ProofOfWorkBlock@3f4d57c4:8
220,0
109,570
442,824
370,1066
52,1140
151,1304
42,1384
380,1404
83,1541
298,1624
147,1650
5,1652
446,1717
379,1788
56,1861
411,1873
462,1906
197,1959
325,1960
499,1982
123,1989
257,2100
431,2111
353,2115
377,2123
132,2144
301,2197
234,2198
144,2199
382,2225
486,2238
19,2283
181,2299
85,2312
388,2349
381,2360
444,2369
198,2383
140,2431
244,2432
96,2435
421,2436
329,2445
337,2453
359,2469
475,2471
404,2472
15,2474
385,2475
47,2521
166,2536
480,2575
313,2597
390,2612
401,2615
177,2626
278,2630
427,2642
436,2671
111,2673
73,2674
281,2683
348,2684
268,2686
277,2691
363,2696
65,2707
394,2716
33,2719
240,2720
117,2725
102,2758
120,2764
194,2767
141,2771
76,2773
185,2777
272,2783
210,2804
304,2806
150,2814
392,2817
469,2837
424,2857
249,2863
236,2866
419,2910
8,2910
130,2911
26,2913
97,2917
470,2918
291,2920
405,2921
169,2925
165,2941
182,2942
328,2943
416,2946
218,2948
267,2951
292,2958
317,2959
93,2960
282,2963
87,2968
13,2984
280,3004
16,3007
74,3010
368,3015
245,3016
455,3023
134,3035
361,3046
464,3049
327,3050
228,3053
262,3055
205,3068
35,3074
128,3090
367,3097
356,3104
237,3107
450,3109
162,3112
215,3115
199,3115
39,3122
22,3126
61,3129
429,3135
414,3141
212,3144
270,3147
25,3150
323,3151
75,3156
331,3156
90,3159
48,3163
101,3179
59,3179
6,3185
222,3197
286,3209
255,3212
399,3213
86,3230
31,3241
289,3244
273,3246
453,3247
37,3248
300,3248
397,3249
251,3254
438,3261
410,3265
374,3270
418,3278
112,3278
78,3281
412,3282
28,3283
468,3288
80,3289
500,3290
108,3292
448,3293
389,3296
303,3297
307,3298
473,3303
285,3313
319,3315
192,3317
415,3317
340,3317
168,3317
7,3329
495,3334
149,3334
20,3342
417,3344
127,3345
116,3351
293,3356
355,3361
241,3362
62,3363
447,3364
425,3385
121,3386
358,3389
235,3396
487,3401
308,3402
312,3405
407,3407
148,3410
347,3420
384,3423
196,3423
309,3426
305,3435
133,3446
248,3446
159,3450
287,3453
2,3454
51,3454
402,3480
60,3480
483,3486
208,3486
203,3486
187,3488
362,3490
14,3490
349,3492
463,3492
366,3495
32,3500
326,3500
365,3502
161,3514
445,3515
466,3518
158,3521
383,3523
316,3526
209,3530
497,3532
339,3546
459,3557
451,3561
113,3566
496,3571
135,3579
72,3580
175,3582
170,3585
191,3595
225,3599
396,3600
378,3603
55,3611
432,3612
239,3616
18,3617
488,3621
310,3622
465,3626
294,3626
318,3631
95,3636
320,3643
77,3647
443,3661
254,3662
81,3664
403,3665
409,3670
92,3681
216,3681
54,3685
154,3687
276,3688
3,3707
261,3713
346,3716
200,3716
167,3726
247,3731
238,3731
386,3734
351,3738
258,3739
131,3741
186,3750
376,3753
202,3757
263,3760
188,3766
70,3775
333,3788
311,3789
100,3791
439,3791
246,3794
17,3798
492,3809
163,3810
283,3819
332,3819
345,3822
91,3826
11,3833
233,3840
119,3842
4,3850
269,3850
211,3855
63,3857
440,3863
57,3877
224,3891
284,3891
433,3895
24,3902
49,3919
137,3933
398,3934
153,3942
89,3953
66,3956
94,3967
160,3968
46,3968
115,3971
494,3975
40,3975
27,3977
126,3981
207,3987
437,3994
242,3996
306,4004
408,4011
490,4014
489,4017
103,4030
336,4045
157,4058
201,4060
104,4060
232,4063
79,4066
441,4070
206,4084
114,4087
107,4092
481,4094
265,4097
36,4097
214,4111
231,4117
299,4119
350,4119
330,4121
129,4124
391,4129
387,4139
478,4141
176,4148
426,4149
204,4158
420,4165
342,4167
476,4170
226,4197
155,4197
422,4218
413,4223
178,4231
171,4233
106,4242
479,4249
12,4272
321,4287
50,4305
190,4305
143,4307
354,4324
253,4329
302,4330
71,4333
372,4335
454,4344
252,4348
213,4348
184,4350
400,4371
264,4375
173,4380
110,4388
423,4390
189,4408
146,4430
428,4432
324,4443
174,4450
458,4454
230,4456
485,4463
322,4467
369,4473
275,4479
434,4488
136,4489
457,4495
395,4512
371,4527
124,4532
259,4538
452,4547
88,4552
41,4563
58,4564
375,4613
406,4643
435,4666
295,4670
260,4674
271,4676
122,4679
484,4679
229,4691
352,4705
343,4720
195,4730
139,4755
279,4766
430,4774
256,4777
82,4785
357,4814
482,4825
471,4827
221,4859
69,4863
145,4868
493,4880
43,4881
64,4901
68,4923
243,4954
10,4967
373,4981
180,4996
498,5022
338,5022
1,5028
99,5069
45,5078
297,5089
266,5099
217,5103
44,5118
98,5156
472,5156
138,5188
23,5218
29,5221
21,5231
34,5242
314,5268
152,5268
393,5314
156,5329
84,5355
474,5358
193,5371
38,5428
477,5430
449,5453
296,5472
456,5486
364,5562
179,5563
334,5602
467,5619
288,5624
118,5654
164,5665
53,5687
460,5761
223,5818
360,5832
172,5875
341,5970
250,5999
219,6012
344,6026
142,6061
315,6090
9,6236
105,6332
274,6364
290,6376
335,6484
491,6669
461,6738
30,6786
125,7106
183,7505
227,7913
67,8316

simblock.block.ProofOfWorkBlock@6c78ed3:8
127,0
337,490
262,693
435,896
202,1098
478,1304
233,1390
164,1508
86,1597
180,1711
186,1801
253,1803
129,1915
84,1999
412,2003
116,2006
157,2125
476,2201
135,2204
8,2205
213,2213
36,2328
22,2402
154,2405
330,2410
338,2420
168,2524
414,2549
422,2613
307,2615
278,2618
311,2629
66,2725
190,2752
1,2816
346,2820
312,2823
196,2837
64,2928
432,2958
28,3021
493,3024
387,3033
206,3043
425,3134
453,3159
332,3225
315,3235
82,3248
377,3335
75,3341
480,3475
194,3538
353,3551
35,3563
235,3563
108,3657
31,3725
304,3743
192,3791
106,3870
280,3878
486,3880
489,3931
363,3953
347,3975
359,4108
492,4134
356,4154
225,4190
394,4196
65,4200
325,4299
306,4350
191,4426
76,4469
169,4505
240,4515
107,4555
193,4634
271,4731
47,4749
386,4758
342,4792
80,4827
5,4830
110,4962
177,5065
79,5070
151,5107
120,5145
172,5161
274,5166
41,5258
88,5368
32,5381
396,5422
144,5480
67,5499
485,5571
322,5598
418,5697
215,5748
211,5773
395,5929
438,6015
296,6033
114,6071
241,6088
314,6272
112,6336
276,6364
109,6404
125,6482
498,6512
227,6609
234,6722
299,6765
260,6792
223,6960
182,7039
277,7075
71,7208
99,7234
68,7467
436,7533
467,7694
456,7906
257,7989
10,8339
388,8442
115,8824
459,8932
351,9421
319,9911
275,10409
448,10902
77,11395
143,11884

simblock.block.ProofOfWorkBlock@22ce2d81:9
431,0
291,2062
5,2302
235,2565
269,2630
151,2807
238,2875
268,3054
438,3124
331,3141
465,3206
56,3258
277,3291
463,3362
222,3378
228,3451
362,3460
65,3496
281,3531
218,3601
96,3617
327,3621
130,3690
134,3705
215,3714
382,3734
90,3770
257,3785
283,3791
177,3836
46,3842
486,3859
251,3869
361,3928
316,3941
160,3946
247,3949
108,3951
355,3956
359,3975
480,4021
479,4028
429,4039
109,4074
347,4080
87,4088
42,4100
143,4103
144,4105
353,4121
36,4127
149,4169
102,4191
404,4194
37,4199
298,4200
19,4207
370,4212
32,4258
129,4261
101,4274
470,4276
53,4278
73,4278
253,4280
57,4286
131,4290
169,4302
97,4314
240,4341
35,4344
234,4346
473,4359
289,4359
323,4360
210,4410
237,4410
459,4418
396,4418
497,4431
191,4432
398,4433
420,4435
167,4435
349,4442
394,4447
6,4452
469,4457
264,4460
427,4487
52,4496
214,4500
358,4513
329,4516
181,4526
17,4526
424,4529
176,4533
342,4536
197,4547
111,4552
141,4559
444,4581
120,4589
393,4591
273,4593
112,4597
436,4605
94,4609
366,4612
272,4620
280,4621
321,4625
300,4647
292,4651
48,4669
150,4672
245,4673
482,4676
75,4678
69,4684
403,4691
204,4693
83,4694
117,4695
29,4697
74,4700
448,4746
11,4750
209,4753
500,4754
261,4754
59,4756
433,4757
76,4766
466,4769
132,4769
397,4774
162,4776
249,4777
408,4780
309,4780
488,4780
305,4783
110,4783
415,4785
441,4790
80,4794
244,4802
158,4817
306,4828
190,4830
326,4836
198,4837
182,4837
15,4843
462,4844
464,4855
159,4861
28,4865
241,4873
307,4875
328,4885
258,4888
330,4889
140,4889
388,4892
196,4895
128,4903
325,4907
495,4909
88,4910
14,4915
25,4917
106,4919
477,4926
147,4928
455,4928
86,4929
489,4929
384,4933
18,4943
352,4946
24,4955
304,4960
113,4966
472,4973
61,4975
405,4980
100,4983
485,4986
192,4993
413,5000
12,5004
468,5009
340,5010
175,5016
262,5025
170,5032
402,5032
313,5032
345,5034
386,5034
414,5038
248,5048
178,5050
425,5056
318,5063
123,5074
166,5075
446,5076
333,5078
317,5079
381,5082
418,5088
422,5090
89,5092
118,5095
13,5096
409,5105
66,5106
311,5111
419,5112
47,5112
453,5113
439,5113
286,5115
157,5116
278,5117
246,5117
21,5119
478,5129
220,5133
332,5134
285,5134
267,5135
20,5138
310,5141
49,5143
294,5149
126,5155
379,5157
26,5159
239,5163
254,5172
416,5177
203,5179
2,5182
363,5192
70,5201
200,5211
205,5223
85,5224
187,5225
179,5228
7,5235
39,5241
195,5251
124,5251
375,5256
337,5258
315,5258
225,5258
440,5262
392,5264
380,5268
390,5270
423,5271
255,5272
351,5274
103,5290
320,5291
350,5296
119,5297
383,5309
199,5310
365,5316
377,5316
442,5320
406,5321
168,5325
136,5340
163,5341
287,5349
374,5349
31,5366
407,5366
454,5367
319,5367
411,5373
224,5379
121,5380
185,5380
385,5396
63,5399
499,5400
201,5405
58,5405
369,5408
78,5415
293,5420
72,5426
412,5427
77,5429
114,5433
301,5437
400,5442
399,5443
60,5444
91,5444
343,5447
376,5458
27,5460
371,5460
139,5461
137,5463
116,5473
275,5483
51,5496
115,5496
165,5497
445,5500
104,5501
282,5501
22,5502
491,5511
401,5524
154,5525
217,5530
494,5532
189,5533
430,5543
230,5555
16,5559
95,5571
206,5586
460,5591
40,5596
432,5598
484,5598
312,5599
260,5602
229,5628
8,5629
471,5648
44,5650
360,5663
389,5675
496,5680
487,5684
43,5689
271,5696
356,5696
122,5707
231,5711
107,5713
10,5720
410,5730
133,5734
467,5735
153,5739
276,5748
457,5751
373,5753
92,5756
3,5757
421,5759
68,5762
483,5766
493,5775
33,5777
193,5785
265,5788
357,5792
449,5807
450,5820
335,5821
336,5829
434,5840
145,5842
395,5847
474,5854
391,5865
105,5871
324,5879
308,5897
213,5900
155,5919
266,5920
99,5927
188,5927
226,5931
346,5960
372,5960
270,5980
211,5994
82,6006
161,6013
54,6027
274,6052
387,6064
173,6075
9,6077
426,6082
233,6084
148,6093
475,6097
367,6122
354,6136
1,6138
314,6139
252,6155
334,6162
297,6177
41,6188
152,6190
142,6194
219,6207
428,6220
295,6223
93,6228
34,6229
50,6255
236,6258
303,6260
223,6284
127,6305
447,6329
212,6337
71,6371
368,6392
492,6398
256,6401
64,6413
243,6422
4,6425
458,6428
476,6430
208,6455
171,6482
146,6495
79,6540
299,6545
481,6558
38,6565
302,6572
443,6594
498,6603
242,6630
322,6640
55,6661
232,6666
202,6677
263,6703
364,6710
348,6721
186,6752
339,6785
207,6808
378,6830
30,6899
180,6914
62,6925
451,7005
23,7052
417,7062
284,7088
259,7110
98,7119
45,7151
250,7255
172,7305
138,7332
135,7338
84,7394
288,7459
290,7497
221,7519
81,7558
164,7587
296,7708
344,7726
452,7743
194,7919
456,7980
216,8058
341,8153
437,8253
279,8388
156,8585
338,8717
435,8918
184,9046
174,9274
490,9380
461,9736
125,10092
183,10516
227,10927
67,11337

simblock.block.ProofOfWorkBlock@74238286:9
189,0
260,786
219,1129
256,1471
125,1497
290,1909
75,1921
17,1947
223,2199
474,2252
296,2258
469,2371
445,2436
456,2591
174,2607
23,2647
396,2711
326,2827
439,2930
172,2956
394,3041
139,3044
49,3161
151,3188
316,3277
259,3307
144,3383
462,3405
152,3428
154,3444
263,3453
371,3493
33,3496
177,3612
246,3646
455,3727
101,3731
232,3733
254,3838
106,3857
372,3880
356,3933
335,3952
198,3957
50,3982
380,3996
446,4063
104,4076
102,4182
429,4274
323,4317
169,4328
463,4330
234,4411
2,4419
157,4421
235,4441
115,4468
20,4527
130,4537
351,4562
317,4638
238,4776
56,4786
424,4797
327,4818
159,4875
464,4891
164,4930
291,4959
325,4987
376,5008
466,5051
5,5082
443,5128
390,5235
355,5236
149,5250
48,5341
318,5360
279,5364
488,5429
458,5479
97,5501
489,5543
298,5551
14,5623
386,5629
123,5685
182,5704
13,5724
431,5809
214,5854
76,5901
21,5917
133,5968
428,6032
347,6044
411,6094
345,6118
438,6145
52,6157
301,6164
377,6213
15,6287
449,6359
359,6447
180,6457
338,6523
117,6597
194,6607
222,6614
280,6635
309,6685
170,6704
362,6705
119,6742
36,6851
166,7006
236,7018
397,7073
92,7090
450,7128
46,7176
375,7192
252,7285
167,7329
91,7342
339,7348
61,7507
65,7549
51,7568
77,7580
114,7644
19,7737
24,7838
425,7981
63,7991
121,8006
105,8059
210,8068
487,8138
405,8194
497,8278
122,8494
373,8549
211,8568
496,8625
12,8626
337,8637
269,8819
478,8836
399,8990
433,9045
471,9056
315,9119
78,9277
208,9279
407,9465
205,9480
184,9491
499,9535
118,9609
426,9920
216,9926
200,9969
500,10029
307,10099
72,10109
136,10134
213,10462
124,10570
239,10578
311,10593
3,10752
158,10783
490,11081
448,11215
422,11224
308,11399
93,11572
186,12041
84,12682
54,13329
272,13971
176,14623
264,15265
44,15916

simblock.block.ProofOfWorkBlock@6d1d94f7:10
143,0
94,491
158,697
272,903
107,988
124,1105
308,1189
409,1191
338,1309
214,1391
499,1392
163,1397
233,1484
53,1593
366,1594
309,1599
367,1604
285,1626
343,1680
490,1687
157,1699
1,1795
437,1798
133,1800
78,1802
89,1805
95,1883
200,1886
188,1888
13,1889
135,1901
129,1903
147,1960
202,1974
282,1999
435,2002
412,2003
448,2007
459,2012
39,2086
339,2088
422,2089
8,2092
44,2092
203,2096
16,2105
70,2110
278,2110
336,2125
116,2172
84,2177
93,2191
33,2196
333,2198
155,2202
264,2205
328,2205
148,2209
351,2216
240,2276
478,2286
475,2288
348,2289
311,2292
196,2292
345,2297
25,2301
205,2311
185,2311
315,2314
389,2315
100,2318
161,2324
473,2327
153,2330
156,2374
417,2376
414,2384
216,2384
267,2385
226,2386
440,2394
91,2400
164,2400
208,2406
206,2407
350,2415
368,2433
323,2433
450,2469
118,2487
357,2489
77,2491
425,2493
86,2494
64,2494
330,2497
179,2499
201,2499
482,2501
332,2503
29,2513
204,2517
492,2517
162,2520
186,2520
247,2524
420,2526
258,2531
449,2532
87,2537
286,2577
487,2579
294,2582
24,2582
407,2583
443,2585
92,2590
405,2599
445,2600
470,2600
180,2601
310,2602
22,2604
460,2609
413,2614
496,2616
479,2630
355,2654
489,2669
194,2670
468,2670
18,2671
261,2679
54,2688
472,2691
63,2693
283,2694
103,2695
121,2697
105,2700
239,2700
61,2701
275,2703
500,2703
466,2705
170,2706
66,2706
485,2711
340,2712
28,2715
75,2720
424,2721
319,2723
253,2731
270,2734
494,2737
301,2765
144,2768
303,2780
346,2784
408,2785
168,2789
471,2789
320,2789
250,2795
55,2800
231,2802
279,2804
402,2804
184,2806
324,2807
26,2809
306,2813
167,2816
426,2816
453,2816
178,2819
432,2824
302,2827
117,2836
102,2837
438,2839
5,2844
273,2847
411,2868
373,2869
137,2870
40,2872
377,2876
160,2880
476,2882
190,2883
58,2885
399,2889
477,2896
415,2901
176,2901
451,2903
401,2905
154,2906
365,2909
287,2910
248,2910
386,2912
211,2914
27,2914
431,2915
182,2919
112,2925
213,2933
493,2939
109,2945
266,2954
464,2959
457,2975
140,2982
293,2984
433,2985
439,2992
321,2993
483,2994
72,2994
337,3000
132,3005
113,3006
127,3009
14,3010
108,3021
344,3024
410,3026
60,3031
222,3036
119,3039
20,3047
110,3074
199,3076
356,3077
481,3083
446,3088
491,3088
136,3089
30,3091
484,3095
428,3098
51,3103
224,3106
36,3107
85,3113
325,3115
62,3116
37,3121
329,3125
177,3131
192,3136
307,3140
32,3150
83,3153
436,3154
220,3154
463,3159
126,3161
455,3164
2,3167
254,3168
229,3169
364,3192
230,3195
458,3195
388,3195
497,3199
427,3204
210,3207
327,3215
57,3216
17,3216
393,3225
48,3225
480,3226
111,3226
19,3232
166,3232
447,3232
469,3234
370,3237
79,3238
120,3259
197,3281
191,3284
7,3290
383,3293
304,3304
298,3308
73,3310
347,3312
387,3316
49,3324
52,3335
47,3340
257,3343
454,3343
418,3351
442,3354
249,3355
269,3361
181,3361
244,3374
3,3385
271,3391
406,3397
128,3398
76,3400
150,3401
403,3407
441,3408
430,3409
207,3411
238,3411
241,3418
251,3425
228,3426
465,3432
159,3436
305,3438
101,3464
56,3468
189,3468
114,3470
296,3473
15,3478
391,3482
398,3485
419,3494
392,3505
31,3520
6,3535
429,3541
90,3543
35,3552
354,3553
217,3558
416,3560
360,3563
50,3567
376,3584
122,3601
299,3606
81,3608
358,3608
236,3609
46,3624
265,3628
134,3628
232,3632
363,3639
382,3646
291,3655
67,3666
353,3667
295,3669
172,3674
99,3674
289,3679
96,3680
4,3703
369,3718
421,3726
215,3731
361,3741
255,3741
131,3748
237,3750
452,3755
300,3759
88,3772
23,3781
434,3788
397,3788
65,3799
141,3804
74,3815
322,3830
43,3841
495,3850
326,3858
374,3867
80,3875
152,3898
225,3907
212,3922
281,3924
274,3942
396,3948
82,3953
151,3953
130,3969
384,3971
462,3988
242,4035
334,4036
149,4047
175,4049
246,4059
349,4064
390,4068
11,4087
312,4102
486,4104
234,4105
221,4107
262,4123
146,4124
138,4130
461,4132
385,4133
209,4175
290,4208
142,4233
276,4243
280,4244
331,4257
341,4269
359,4270
317,4271
498,4297
41,4297
12,4326
252,4353
104,4380
165,4384
169,4385
195,4399
380,4420
444,4425
352,4436
375,4466
313,4469
171,4476
71,4479
69,4480
174,4506
21,4527
45,4550
223,4552
9,4559
59,4560
245,4580
123,4586
292,4591
219,4607
68,4640
474,4663
198,4701
288,4714
260,4724
488,4773
218,4785
372,4788
193,4791
34,4810
456,4814
400,4842
235,4842
314,4857
106,4875
381,4894
318,4900
371,4993
98,5036
183,5048
268,5099
125,5110
227,5129
362,5157
378,5182
394,5209
263,5243
139,5288
467,5296
395,5346
342,5415
277,5473
243,5492
297,5524
404,5530
38,5590
97,5740
115,5773
256,5774
42,5787
173,6037
187,6056
379,6102
423,6210
316,6372
335,6640
145,6800
10,7068
259,7251
284,7496

simblock.block.ProofOfWorkBlock@7d97b29c:10
277,0
353,569
251,823
317,1063
112,1302
365,1540
198,1782
268,2025
431,2266
289,2509
368,2842
55,3184
184,3519
366,3850
451,4180
471,4514
447,4850
194,5199
270,5531
216,5861
135,6190
263,6609
81,7015
452,7420
67,7823
341,8229

simblock.block.ProofOfWorkBlock@22686469:11
353,0
182,570
59,809
277,1051
480,1142
83,1288
394,1380
134,1393
347,1540
131,1625
479,1640
130,1711
495,1865
390,1868
262,1874
119,1877
331,1949
228,1956
470,1980
97,2103
444,2106
291,2119
358,2198
215,2199
257,2203
471,2206
188,2207
398,2210
192,2223
468,2287
396,2341
329,2345
292,2357
44,2371
74,2436
300,2438
240,2439
120,2447
421,2449
150,2453
438,2462
355,2521
52,2528
101,2530
137,2536
336,2538
177,2565
116,2574
220,2584
315,2671
159,2675
147,2678
258,2678
218,2682
123,2684
2,2686
245,2688
463,2691
485,2693
465,2698
82,2701
273,2709
266,2710
357,2717
111,2767
32,2769
235,2770
486,2772
175,2773
351,2776
109,2790
316,2790
222,2790
388,2804
47,2859
214,2863
121,2865
206,2868
328,2912
361,2916
132,2916
267,2916
429,2918
108,2919
323,2920
418,2923
209,2928
238,2929
14,2930
20,2936
459,2981
269,3006
389,3008
117,3009
384,3009
342,3014
148,3015
102,3018
482,3023
376,3025
411,3025
85,3030
166,3032
61,3033
409,3039
247,3039
168,3046
464,3047
406,3053
254,3056
187,3057
319,3066
1,3075
76,3097
197,3097
17,3105
118,3114
128,3116
381,3118
203,3120
304,3120
370,3134
313,3155
151,3156
26,3156
249,3160
301,3168
46,3171
107,3176
204,3184
449,3193
24,3195
212,3199
31,3201
170,3215
264,3246
248,3247
191,3247
380,3252
492,3252
278,3254
129,3254
49,3254
397,3254
56,3257
179,3258
149,3261
403,3266
126,3266
499,3266
349,3266
33,3267
362,3269
35,3270
436,3273
491,3277
86,3278
340,3282
497,3296
454,3296
488,3300
29,3318
73,3334
424,3342
87,3342
58,3345
434,3346
39,3347
94,3360
412,3362
185,3363
75,3371
169,3372
392,3372
155,3375
65,3377
237,3378
490,3383
312,3385
22,3388
442,3393
494,3393
281,3394
90,3401
440,3402
275,3413
308,3426
224,3449
496,3454
21,3460
133,3474
125,3475
343,3481
265,3482
158,3488
427,3489
294,3491
114,3491
455,3494
19,3496
279,3500
426,3502
37,3506
416,3506
241,3507
165,3510
144,3512
500,3514
469,3519
483,3524
414,3526
373,3530
13,3532
383,3533
302,3534
338,3537
320,3540
413,3565
419,3578
407,3579
285,3580
446,3581
89,3583
337,3583
141,3585
487,3586
244,3587
476,3587
157,3589
327,3595
330,3596
408,3596
5,3597
435,3598
346,3598
473,3598
410,3599
154,3607
350,3610
225,3614
230,3616
143,3625
458,3631
379,3633
93,3634
484,3637
96,3641
163,3647
477,3649
205,3655
359,3669
386,3671
92,3674
489,3688
307,3691
25,3692
201,3696
57,3705
8,3708
199,3708
64,3716
236,3720
401,3722
113,3727
213,3730
325,3737
318,3753
181,3756
430,3779
3,3781
293,3798
145,3801
298,3812
6,3813
385,3819
234,3821
40,3824
402,3825
95,3829
369,3835
18,3839
433,3839
105,3840
51,3842
103,3856
63,3857
196,3860
425,3861
393,3861
146,3864
104,3865
164,3866
77,3867
189,3872
344,3874
335,3880
43,3887
142,3888
348,3891
450,3892
11,3895
448,3913
333,3913
283,3914
443,3917
352,3918
202,3921
255,3922
326,3922
176,3923
178,3924
422,3928
136,3928
253,3934
34,3939
66,3942
28,3944
415,3956
42,3958
377,3968
382,3973
378,4001
405,4002
282,4003
232,4007
110,4014
41,4015
387,4021
339,4026
183,4032
272,4038
372,4039
334,4052
332,4054
466,4059
16,4059
246,4091
122,4094
48,4098
467,4102
404,4127
284,4128
296,4143
420,4149
200,4158
153,4164
260,4177
439,4178
36,4187
208,4199
186,4204
375,4215
360,4229
252,4232
80,4239
321,4244
27,4245
303,4246
286,4247
428,4249
417,4251
100,4252
70,4255
261,4263
91,4277
171,4279
99,4285
460,4286
498,4297
162,4299
15,4317
190,4343
139,4351
367,4353
345,4355
478,4384
309,4390
461,4400
250,4401
23,4408
256,4414
217,4438
474,4465
72,4492
274,4493
210,4495
314,4515
233,4530
207,4537
276,4547
172,4558
310,4577
226,4580
239,4582
156,4588
453,4592
395,4595
60,4597
287,4597
322,4599
374,4610
280,4613
305,4617
30,4622
462,4633
69,4635
193,4652
4,4677
98,4681
324,4686
306,4689
391,4692
457,4718
140,4734
399,4740
311,4839
173,4887
221,4899
441,4918
88,4926
299,4926
53,4930
432,4933
423,4938
106,4949
45,4950
271,4954
354,4974
229,4993
50,5000
481,5002
223,5003
127,5009
227,5016
160,5020
371,5039
78,5069
180,5069
259,5076
288,5087
161,5248
79,5252
445,5256
363,5265
12,5270
475,5342
9,5347
231,5349
243,5354
10,5378
297,5387
38,5388
7,5408
364,5447
115,5464
400,5482
195,5501
84,5578
437,5588
472,5598
54,5601
211,5673
356,5680
493,5748
68,5759
242,5786
71,5832
219,5878
62,5935
174,5957
152,5994
295,6075
167,6082
456,6164
138,6363
124,6413
341,6482
290,6899
317,7334
365,7572
198,7809
251,8047
431,8285
268,8524
112,8777
289,9020
135,9350
447,9679
184,10009
55,10353
216,10687
368,11019
194,11350
366,11680
270,12009
451,12352
67,12756
81,13159
263,13565
452,13969

simblock.block.ProofOfWorkBlock@10d4d2ce:12
400,0
288,781
322,1117
365,1566
242,1895
241,1896
347,2016
33,2136
271,2232
289,2348
254,2377
87,2477
169,2487
98,2575
394,2588
240,2619
378,2668
301,2708
115,2799
420,2818
291,2826
150,2856
436,2920
372,2931
120,2946
273,2953
276,3007
341,3008
313,3027
65,3061
382,3062
292,3069
111,3096
158,3148
342,3158
281,3162
300,3190
411,3192
218,3253
122,3276
6,3289
42,3301
353,3306
310,3308
468,3311
277,3335
79,3347
145,3355
446,3389
175,3397
480,3400
431,3401
397,3427
126,3436
479,3439
217,3444
80,3456
94,3483
327,3483
385,3516
102,3526
134,3536
437,3537
249,3541
123,3543
469,3549
285,3572
379,3596
472,3606
141,3634
159,3635
384,3637
463,3638
351,3639
414,3639
97,3645
486,3677
495,3679
139,3683
38,3692
257,3702
244,3734
444,3738
422,3745
192,3754
454,3757
177,3763
404,3766
355,3774
492,3775
298,3781
227,3782
497,3783
147,3788
307,3798
423,3803
223,3808
53,3813
362,3815
73,3824
499,3841
455,3842
406,3859
318,3871
109,3873
49,3874
238,3879
59,3881
331,3884
17,3887
5,3900
358,3906
20,3909
483,3912
251,3915
268,3927
445,3930
100,3938
108,3940
393,3946
253,3947
434,3967
403,3970
336,3972
15,3973
95,3974
63,3976
1,3976
144,3979
235,3980
500,3999
228,3999
424,4003
376,4005
151,4009
488,4010
398,4012
317,4022
47,4024
366,4046
26,4060
209,4067
316,4085
231,4092
349,4097
367,4100
489,4116
83,4118
346,4118
269,4118
335,4122
182,4124
101,4125
338,4126
323,4141
232,4143
377,4144
388,4146
459,4148
160,4148
191,4157
78,4161
56,4166
220,4168
282,4177
105,4198
224,4202
161,4203
91,4203
21,4206
215,4213
383,4217
90,4219
93,4230
35,4232
409,4248
135,4250
222,4251
48,4253
75,4253
245,4255
77,4257
435,4259
280,4260
328,4260
29,4275
274,4276
464,4295
112,4299
128,4300
8,4302
330,4304
3,4304
149,4307
294,4308
203,4317
110,4328
380,4337
363,4337
82,4340
287,4341
237,4345
119,4348
31,4350
96,4352
46,4355
465,4359
375,4359
239,4364
396,4369
261,4383
168,4391
225,4391
410,4392
247,4400
28,4406
491,4415
36,4422
156,4431
11,4436
473,4446
262,4448
293,4458
399,4458
19,4471
146,4474
477,4475
117,4482
7,4485
200,4493
440,4493
131,4498
344,4513
462,4519
72,4527
199,4534
496,4536
405,4537
416,4544
140,4552
234,4560
114,4568
359,4572
205,4572
451,4582
195,4585
133,4586
304,4587
124,4590
136,4592
438,4602
255,4604
390,4608
265,4610
27,4610
44,4613
143,4624
456,4633
236,4637
407,4638
389,4640
165,4652
471,4655
58,4661
306,4667
303,4677
142,4681
443,4681
426,4693
23,4696
450,4697
356,4702
490,4711
329,4717
103,4736
61,4742
212,4744
229,4745
54,4753
433,4755
320,4758
226,4760
272,4777
270,4789
186,4798
470,4810
171,4813
210,4819
475,4826
40,4833
166,4848
99,4856
408,4858
154,4862
498,4865
419,4867
39,4872
267,4876
173,4888
461,4892
427,4905
10,4911
194,4916
275,4928
176,4930
337,4934
193,4938
57,4940
118,4942
125,4944
415,4946
32,4951
172,4959
66,4961
260,4963
129,4967
485,4968
127,4995
354,4996
152,4996
25,5000
178,5010
421,5019
130,5023
430,5025
248,5027
153,5029
164,5043
439,5047
14,5052
76,5061
326,5069
104,5082
189,5084
305,5088
22,5092
16,5111
197,5115
309,5132
24,5146
413,5152
418,5155
315,5171
256,5177
107,5193
453,5201
339,5209
357,5230
441,5242
207,5251
243,5252
429,5262
279,5264
283,5271
30,5291
350,5294
55,5298
187,5300
4,5308
467,5339
62,5343
196,5348
50,5350
64,5362
348,5369
493,5375
258,5384
476,5388
68,5400
252,5403
449,5418
401,5418
12,5436
179,5440
180,5462
52,5479
417,5481
324,5508
198,5516
368,5522
360,5526
188,5533
286,5540
458,5555
308,5584
481,5589
319,5602
43,5624
386,5635
332,5646
391,5670
296,5671
321,5677
167,5692
34,5698
181,5699
138,5709
428,5710
361,5711
201,5717
297,5743
370,5749
402,5750
206,5783
113,5796
246,5807
395,5807
202,5810
121,5848
425,5863
190,5877
230,5915
170,5927
185,5931
67,5935
487,5970
457,5981
432,5996
233,6004
37,6017
333,6029
137,6039
85,6045
484,6052
299,6078
334,6081
278,6081
314,6116
466,6125
352,6130
184,6193
74,6200
69,6203
51,6212
70,6214
9,6216
448,6279
174,6298
482,6316
369,6341
89,6368
373,6412
13,6415
221,6434
392,6461
345,6463
474,6487
412,6499
295,6503
263,6598
371,6608
81,6616
92,6638
312,6653
106,6654
250,6700
41,6703
155,6709
494,6745
302,6769
18,6829
460,6955
284,7002
214,7004
259,7011
45,7061
60,7074
364,7108
387,7109
325,7119
208,7129
264,7200
71,7436
204,7449
290,7468
132,7572
374,7582
88,7626
213,7691
163,7757
183,7833
442,8022
343,8114
447,8179
452,8239
157,8402
2,8479
148,8608
219,8644
116,8671
381,8928
311,9065
266,9102
162,9419
216,9592
211,9911
478,10405
340,10898
86,11393
84,11891

simblock.block.ProofOfWorkBlock@2beb1669:12
190,0
305,489
275,690
226,891
155,979
127,1102
224,1180
210,1183
413,1314
460,1381
399,1386
54,1402
309,1471
208,1525
113,1591
338,1595
60,1608
262,1610
303,1677
278,1677
266,1712
484,1727
336,1794
393,1804
402,1808
482,1809
180,1813
233,1878
475,1881
320,1882
477,1882
440,1892
310,1913
12,1933
16,1963
91,1996
357,2009
319,2010
352,2017
202,2020
167,2041
488,2081
184,2082
140,2084
443,2084
426,2087
451,2090
212,2095
29,2098
44,2103
466,2139
188,2164
18,2171
39,2179
13,2198
471,2212
287,2213
214,2216
137,2218
328,2219
157,2223
26,2235
483,2242
8,2283
409,2284
363,2289
168,2292
311,2293
406,2294
63,2297
1,2299
200,2302
351,2305
489,2308
315,2308
21,2341
178,2342
179,2371
51,2372
84,2373
124,2373
22,2378
105,2379
103,2381
350,2390
333,2400
415,2416
154,2419
176,2423
500,2426
414,2427
494,2429
457,2443
368,2457
312,2487
31,2487
267,2490
447,2492
170,2496
186,2498
459,2500
57,2502
405,2504
205,2506
7,2507
366,2509
377,2509
346,2511
156,2515
463,2528
161,2533
348,2543
432,2543
251,2550
308,2574
332,2576
231,2577
92,2579
441,2579
344,2580
66,2581
27,2582
306,2582
194,2585
493,2585
25,2589
185,2589
89,2597
53,2599
199,2620
491,2634
485,2636
478,2639
496,2646
412,2660
55,2661
286,2690
78,2691
490,2691
128,2691
94,2697
304,2699
143,2703
264,2703
213,2704
307,2707
340,2709
345,2709
476,2709
86,2710
82,2712
120,2714
116,2718
279,2718
439,2718
450,2730
388,2732
342,2742
458,2753
387,2781
420,2783
107,2784
324,2784
401,2784
449,2788
160,2792
408,2792
321,2792
88,2797
70,2801
216,2814
35,2828
136,2841
123,2844
122,2844
390,2845
337,2845
294,2861
93,2865
101,2865
158,2867
15,2867
250,2872
448,2877
389,2882
239,2891
19,2892
153,2893
425,2894
85,2895
204,2901
398,2901
358,2908
454,2910
3,2913
356,2914
499,2915
149,2916
150,2916
62,2918
339,2921
282,2922
77,2923
487,2931
292,2933
269,2934
254,2935
162,2940
40,2944
119,2948
56,2955
196,2956
131,2963
61,2982
121,2989
201,2990
95,2992
24,2993
72,2997
492,3001
270,3003
235,3017
403,3022
397,3023
495,3026
220,3026
130,3039
417,3047
326,3047
169,3049
442,3050
435,3051
209,3057
316,3065
343,3067
430,3067
302,3068
58,3072
445,3074
427,3082
367,3083
283,3089
248,3096
132,3099
280,3101
410,3106
272,3107
277,3108
382,3112
456,3114
429,3117
472,3117
293,3124
437,3135
5,3144
135,3147
433,3154
237,3158
470,3169
498,3171
253,3172
300,3178
52,3182
236,3185
225,3194
369,3198
64,3199
473,3201
211,3206
42,3210
218,3212
181,3214
365,3218
117,3219
76,3224
289,3230
20,3230
394,3233
6,3240
285,3242
421,3250
73,3250
164,3255
376,3272
298,3272
28,3274
419,3275
431,3277
9,3277
373,3289
349,3295
118,3304
497,3308
434,3315
207,3319
244,3321
206,3323
238,3325
110,3338
182,3342
240,3344
327,3346
385,3354
138,3363
230,3377
45,3378
422,3387
444,3387
323,3396
163,3402
241,3425
455,3425
268,3425
428,3435
48,3440
462,3444
195,3451
79,3453
129,3459
80,3462
108,3472
474,3478
407,3478
23,3480
33,3488
452,3493
97,3494
102,3496
228,3498
261,3506
14,3513
198,3518
142,3528
480,3529
247,3539
133,3542
436,3542
378,3543
465,3544
322,3546
263,3547
370,3548
416,3552
83,3554
383,3567
384,3575
400,3581
392,3587
74,3591
203,3591
265,3593
59,3598
197,3610
147,3632
68,3636
219,3638
481,3642
468,3646
175,3654
111,3659
36,3661
17,3661
260,3667
191,3674
50,3679
67,3701
276,3706
148,3708
446,3723
75,3743
65,3752
41,3755
355,3771
2,3776
353,3785
189,3793
274,3794
90,3805
372,3807
187,3809
249,3811
146,3819
290,3827
361,3835
469,3835
317,3856
126,3857
479,3859
424,3863
453,3865
243,3867
171,3875
152,3881
232,3885
114,3904
227,3907
411,3963
215,3974
301,3975
223,3986
166,3990
330,3996
125,4003
347,4030
288,4035
329,4038
134,4058
221,4070
217,4091
396,4104
379,4119
273,4126
183,4128
38,4131
464,4157
151,4172
192,4179
222,4181
104,4184
106,4184
255,4201
341,4210
144,4218
30,4308
467,4343
46,4346
141,4359
359,4380
295,4395
386,4402
193,4414
43,4418
165,4438
354,4445
173,4470
174,4488
318,4491
291,4495
112,4498
37,4499
325,4535
371,4562
391,4620
360,4624
99,4658
313,4662
49,4695
281,4720
109,4752
177,4817
139,4856
115,4856
11,4859
296,4926
145,4929
395,4940
257,4981
486,5010
381,5035
47,5135
159,5174
81,5197
258,5351
364,5355
256,5367
423,5368
438,5450
229,5464
69,5467
252,5621
314,5631
331,5672
32,5768
172,5782
335,5795
334,5812
4,5890
271,5898
234,5995
98,6050
418,6084
10,6229
461,6236
246,6243
404,6314
242,6326
299,6527
380,6632
284,6665
297,6726
375,6813
96,6949
71,6976
245,7270
374,7723
259,8172

simblock.block.ProofOfWorkBlock@c95cdb3:13
399,0
451,1533
1,1736
3,1938
160,2026
475,2145
94,2224
25,2233
184,2347
31,2425
454,2435
267,2547
459,2549
308,2636
155,2657
118,2717
214,2726
373,2729
91,2751
318,2771
236,2787
392,2840
105,2841
333,2858
157,2913
54,2919
306,2927
143,2935
472,2935
357,2955
340,2992
133,3041
206,3042
328,3043
401,3056
14,3089
85,3115
44,3125
343,3130
199,3131
176,3137
107,3140
305,3150
213,3156
198,3175
483,3194
129,3217
248,3220
487,3222
158,3243
312,3244
233,3245
230,3248
282,3258
303,3282
210,3317
402,3330
39,3331
484,3332
489,3332
356,3335
412,3348
53,3348
410,3351
226,3357
447,3369
420,3403
80,3406
279,3408
440,3414
449,3422
66,3422
124,3435
205,3445
422,3446
51,3449
204,3451
163,3455
278,3456
179,3463
437,3484
103,3487
277,3494
494,3524
27,3531
95,3532
478,3533
77,3536
426,3536
348,3539
448,3544
368,3549
319,3550
287,3554
293,3554
153,3556
281,3562
63,3571
16,3609
264,3615
275,3616
408,3619
445,3623
250,3623
36,3624
200,3626
135,3629
40,3629
414,3636
272,3637
393,3645
485,3647
351,3649
346,3650
443,3651
307,3657
405,3659
292,3663
337,3666
336,3668
424,3675
386,3691
332,3694
62,3707
433,3717
161,3717
75,3722
311,3725
64,3738
473,3739
409,3740
113,3741
164,3742
181,3746
286,3747
310,3751
116,3752
170,3755
201,3757
427,3758
148,3762
301,3770
58,3773
18,3815
128,3816
82,3822
137,3824
196,3825
302,3828
345,3828
407,3833
180,3834
474,3836
355,3840
203,3842
224,3847
458,3849
33,3852
149,3854
121,3856
70,3856
270,3859
15,3860
144,3864
13,3865
194,3866
274,3871
253,3874
363,3875
117,3878
476,3898
26,3902
496,3904
255,3905
417,3906
430,3908
419,3922
130,3933
262,3935
168,3939
89,3940
352,3941
344,3942
231,3943
22,3946
377,3949
60,3956
320,3956
240,3959
453,3961
110,3963
342,3963
28,3966
435,3971
380,3974
500,3975
151,3976
76,3984
191,3991
108,3995
112,4010
330,4023
7,4024
488,4024
154,4026
29,4036
413,4037
304,4038
358,4038
477,4046
439,4046
239,4047
450,4052
339,4058
425,4059
220,4063
190,4064
268,4073
141,4074
88,4079
499,4080
273,4085
254,4087
491,4091
11,4091
136,4104
490,4109
21,4116
442,4131
493,4139
185,4140
72,4142
84,4144
367,4145
428,4150
415,4151
455,4155
432,4163
317,4164
156,4164
323,4167
465,4167
258,4170
446,4179
444,4183
384,4183
187,4184
492,4185
120,4191
349,4194
327,4198
172,4212
61,4220
294,4225
55,4233
78,4239
175,4239
127,4242
389,4243
324,4249
468,4251
20,4254
457,4254
411,4255
471,4260
92,4263
460,4270
486,4271
212,4274
74,4280
99,4281
167,4282
470,4282
390,4283
406,4284
418,4286
385,4289
289,4291
216,4291
441,4305
290,4305
288,4313
266,4316
106,4317
416,4326
122,4330
222,4338
261,4341
86,4353
93,4354
398,4359
43,4367
325,4368
100,4370
403,4389
462,4394
38,4396
249,4402
139,4405
17,4420
291,4422
321,4427
347,4432
482,4442
479,4446
4,4459
59,4459
24,4462
383,4477
237,4479
280,4480
87,4481
49,4485
245,4485
188,4488
481,4491
300,4500
169,4501
361,4502
382,4505
208,4507
150,4511
362,4530
309,4543
215,4556
495,4556
178,4557
263,4564
469,4569
97,4576
329,4579
359,4587
123,4590
371,4597
192,4600
56,4603
374,4608
101,4608
350,4612
335,4612
498,4612
83,4613
227,4623
338,4623
391,4629
37,4635
79,4641
195,4656
247,4658
152,4662
202,4680
96,4684
251,4687
186,4689
341,4706
299,4716
223,4723
259,4727
284,4736
134,4737
131,4739
295,4748
197,4749
243,4751
140,4752
322,4757
376,4759
466,4762
209,4762
283,4771
5,4803
421,4806
378,4812
316,4818
431,4870
217,4874
162,4881
142,4887
57,4891
497,4894
244,4902
379,4905
241,4919
429,4926
46,4931
23,4941
189,4942
34,4947
370,4952
315,4953
211,4955
387,4973
452,4974
126,4978
366,4986
375,4998
182,5000
2,5015
193,5026
229,5035
30,5044
218,5052
32,5068
326,5079
47,5087
372,5115
331,5123
238,5124
12,5155
8,5179
115,5192
111,5195
365,5209
42,5210
109,5226
65,5236
173,5236
396,5253
394,5267
48,5273
225,5295
41,5299
434,5310
235,5319
296,5360
369,5381
404,5406
436,5442
242,5462
52,5478
400,5481
50,5495
423,5497
98,5507
147,5509
119,5526
257,5528
165,5540
132,5550
81,5555
438,5625
256,5702
138,5704
159,5726
260,5727
461,5748
353,5794
90,5824
6,5841
35,5847
234,5874
271,5897
10,5909
68,5928
219,5938
381,5941
183,5980
171,5984
177,6041
388,6110
246,6134
232,6135
228,6140
397,6157
463,6162
480,6216
269,6265
265,6358
298,6362
467,6382
9,6413
19,6430
297,6445
145,6569
102,6583
125,6584
67,6586
395,6586
221,6595
104,6646
464,6747
334,6998
456,7015
276,7018
364,7023
354,7046
313,7066
360,7074
114,7381
71,7440
314,7448
69,7534
146,7896
285,8029
174,8342
166,8344
252,8794
207,9230
45,9673

simblock.block.ProofOfWorkBlock@ffe23d:14
499,0
100,491
475,694
188,896
366,983
338,1097
24,1186
319,1301
253,1389
55,1401
103,1477
162,1502
328,1586
447,1615
344,1679
428,1679
298,1704
363,1744
435,1792
307,1800
414,1819
22,1880
489,1881
399,1891
21,1896
7,1898
158,1952
340,1981
186,1992
60,1994
57,2016
15,2020
82,2020
473,2077
118,2083
283,2086
337,2096
433,2099
270,2106
64,2108
8,2157
203,2170
205,2171
170,2182
457,2197
413,2201
264,2217
459,2228
84,2265
73,2274
213,2287
230,2287
137,2288
402,2288
31,2292
490,2301
262,2309
39,2310
261,2311
282,2328
254,2352
62,2373
408,2373
352,2379
121,2384
488,2386
336,2386
357,2390
487,2391
293,2399
426,2402
472,2430
351,2447
231,2466
342,2471
160,2478
113,2482
471,2490
439,2494
440,2495
78,2496
29,2499
311,2506
369,2510
345,2512
333,2512
19,2515
279,2519
388,2533
95,2534
392,2554
135,2571
450,2574
250,2575
66,2578
315,2581
156,2590
6,2592
201,2592
451,2592
287,2593
124,2594
211,2598
194,2599
485,2600
133,2603
36,2609
35,2616
309,2636
210,2649
437,2659
368,2660
412,2663
255,2667
128,2672
161,2685
208,2689
386,2689
214,2695
275,2695
343,2697
310,2698
387,2698
403,2714
176,2716
206,2716
157,2721
494,2727
233,2729
85,2735
96,2754
425,2755
401,2756
266,2776
453,2776
484,2780
483,2781
454,2783
442,2786
232,2788
28,2790
356,2791
422,2793
91,2794
77,2796
346,2799
441,2799
332,2800
16,2801
305,2812
419,2817
274,2819
464,2829
222,2831
101,2832
218,2846
462,2852
407,2857
177,2861
140,2861
409,2864
13,2866
389,2869
350,2873
155,2874
154,2879
432,2880
420,2890
54,2891
89,2898
18,2899
164,2901
136,2903
373,2908
377,2918
12,2919
72,2923
149,2929
86,2932
240,2935
302,2941
247,2943
110,2948
187,2956
308,2958
168,2965
294,2978
493,2979
204,2984
93,2991
370,2994
466,2995
3,2996
324,2997
393,3000
70,3000
320,3002
415,3002
417,3003
58,3004
143,3015
63,3016
303,3022
418,3031
94,3041
405,3041
436,3052
53,3060
178,3063
492,3068
460,3070
80,3070
199,3071
306,3074
312,3075
476,3082
496,3086
491,3089
88,3092
74,3096
273,3098
184,3099
406,3102
92,3104
129,3104
434,3107
477,3120
27,3124
51,3129
11,3130
127,3134
33,3145
182,3146
376,3147
443,3162
385,3166
167,3173
267,3176
446,3180
114,3182
455,3183
180,3183
224,3189
226,3202
1,3202
130,3203
416,3207
153,3210
56,3223
102,3229
175,3233
239,3246
482,3253
166,3256
163,3261
383,3265
367,3270
20,3275
430,3278
215,3279
497,3280
105,3284
148,3287
478,3296
107,3298
244,3301
237,3306
198,3308
326,3311
384,3312
427,3312
220,3316
339,3322
354,3326
48,3328
44,3329
123,3330
281,3333
191,3338
463,3353
469,3358
50,3360
179,3378
272,3388
500,3391
381,3392
81,3399
40,3399
364,3404
236,3406
225,3416
361,3417
313,3417
108,3418
111,3421
119,3422
286,3424
481,3430
296,3437
4,3439
438,3443
159,3447
61,3455
17,3455
280,3456
355,3458
216,3464
122,3472
228,3477
144,3484
252,3487
410,3488
300,3497
349,3500
258,3504
278,3514
106,3517
26,3521
46,3523
202,3527
390,3529
115,3535
431,3538
378,3549
404,3551
242,3576
138,3577
14,3579
292,3590
190,3607
131,3608
327,3613
257,3616
238,3623
498,3626
445,3627
323,3630
87,3641
173,3647
486,3648
317,3649
458,3658
165,3678
172,3691
400,3693
394,3694
83,3706
200,3718
304,3728
147,3730
448,3733
243,3755
117,3758
251,3764
347,3774
365,3776
43,3776
461,3782
396,3786
32,3798
470,3809
444,3817
265,3829
37,3832
141,3837
90,3837
474,3848
47,3853
171,3853
290,3854
371,3858
227,3872
146,3876
41,3883
329,3896
314,3906
269,3906
271,3908
99,3910
322,3919
424,3922
76,3924
116,3924
380,3930
212,3931
382,3937
421,3938
249,3946
9,3965
151,3968
330,3988
241,4008
209,4047
126,4080
259,4083
325,4088
359,4098
134,4101
301,4113
189,4118
183,4133
196,4140
112,4216
59,4221
398,4239
372,4239
150,4241
467,4243
316,4246
291,4258
120,4267
341,4271
193,4281
142,4283
334,4288
391,4291
69,4294
125,4296
321,4317
132,4322
246,4348
139,4350
174,4352
411,4361
452,4374
276,4394
2,4396
97,4416
395,4420
397,4428
235,4458
25,4491
468,4533
34,4534
289,4536
229,4540
52,4558
5,4566
295,4569
353,4576
318,4645
348,4658
260,4670
479,4692
68,4715
145,4716
277,4777
263,4777
285,4811
256,4850
331,4858
197,4873
374,4881
495,4888
429,4891
234,4963
299,4975
449,4988
245,5007
49,5094
23,5155
71,5159
109,5176
181,5195
169,5209
284,5279
480,5291
67,5310
248,5322
79,5332
362,5408
456,5447
297,5463
358,5511
75,5511
335,5583
192,5632
217,5640
185,5651
10,5709
42,5736
195,5743
375,5937
221,5941
30,5945
65,5947
223,6009
379,6052
423,6150
152,6175
465,6371
98,6375
360,6377
38,6379
268,6685
104,6808
207,6815
45,6824
219,7244
288,7689

simblock.block.ProofOfWorkBlock@7542ce38:15
373,0
491,493
25,724
487,931
36,983
105,1133
31,1220
124,1223
408,1420
427,1425
44,1431
281,1455
306,1476
320,1624
53,1626
202,1627
51,1634
321,1680
1,1712
158,1715
33,1775
212,1829
419,1835
430,1841
127,1882
356,1883
211,1910
78,1918
24,1919
307,1923
82,1928
454,1969
326,2026
412,2034
7,2046
267,2054
210,2085
156,2085
147,2092
344,2119
27,2119
203,2121
143,2123
330,2125
309,2125
230,2127
63,2129
294,2130
21,2172
303,2178
54,2204
499,2218
176,2235
279,2254
185,2256
273,2264
448,2288
310,2288
441,2319
155,2320
57,2321
466,2323
407,2326
118,2326
311,2327
250,2329
489,2331
261,2334
417,2335
300,2344
278,2373
190,2374
84,2380
302,2381
103,2402
318,2406
319,2410
399,2410
270,2415
188,2420
459,2422
406,2435
472,2437
275,2465
167,2466
433,2494
184,2496
161,2497
444,2504
363,2521
194,2523
62,2524
282,2529
231,2530
425,2530
110,2531
93,2533
214,2533
350,2535
86,2536
236,2537
336,2546
85,2556
492,2574
180,2579
132,2581
485,2584
449,2584
357,2586
327,2600
369,2603
136,2611
478,2614
13,2614
91,2616
386,2618
338,2619
410,2620
328,2623
409,2626
352,2629
333,2631
245,2635
135,2636
121,2637
339,2642
451,2645
226,2662
87,2663
77,2668
39,2674
453,2699
95,2700
12,2700
162,2716
440,2723
29,2724
170,2725
205,2732
332,2732
16,2733
366,2733
477,2734
482,2737
72,2740
117,2740
401,2741
264,2743
186,2744
239,2748
204,2751
394,2752
315,2764
428,2774
266,2775
304,2778
435,2783
224,2783
49,2786
488,2792
368,2806
443,2816
493,2817
168,2818
426,2823
471,2824
457,2824
447,2826
272,2826
216,2827
253,2828
64,2829
422,2829
351,2831
345,2838
324,2840
383,2841
153,2847
111,2848
355,2851
346,2867
213,2871
377,2874
208,2875
460,2876
3,2904
486,2907
305,2911
182,2911
90,2911
133,2912
475,2918
70,2926
120,2933
414,2935
22,2936
308,2937
450,2937
286,2939
8,2942
413,2943
445,2943
88,2944
362,2946
367,2950
58,2952
479,2952
160,2954
497,2956
258,2958
108,2958
292,2959
75,2961
494,2974
287,2979
312,2981
343,2983
432,2986
431,2995
500,3000
436,3014
301,3016
148,3022
116,3025
415,3025
154,3026
175,3026
490,3030
92,3033
496,3035
20,3038
122,3041
11,3047
89,3071
26,3092
254,3098
385,3101
126,3108
2,3125
398,3131
107,3136
340,3137
40,3138
18,3140
55,3141
94,3143
470,3147
370,3153
163,3156
274,3158
113,3159
141,3161
269,3164
404,3164
423,3167
293,3168
268,3174
65,3177
4,3181
61,3185
76,3185
389,3185
179,3186
405,3187
129,3190
130,3192
495,3212
396,3219
196,3228
225,3229
137,3230
17,3231
348,3231
178,3234
255,3237
329,3240
402,3243
149,3250
277,3256
234,3260
424,3261
28,3264
317,3265
123,3270
379,3274
157,3276
99,3285
390,3288
193,3303
79,3307
34,3313
249,3314
56,3317
280,3328
74,3330
199,3339
387,3342
165,3342
66,3346
469,3352
233,3362
221,3367
257,3369
228,3370
458,3375
251,3376
171,3391
164,3392
271,3396
23,3396
206,3402
325,3411
5,3416
247,3430
429,3435
46,3441
200,3445
463,3454
397,3455
240,3462
468,3465
248,3467
14,3473
134,3474
140,3477
384,3480
80,3484
244,3485
159,3486
191,3489
242,3496
314,3498
256,3506
150,3511
217,3514
483,3516
473,3518
37,3544
48,3556
381,3558
455,3558
323,3565
60,3574
446,3579
289,3588
411,3590
474,3592
290,3594
69,3599
337,3603
400,3615
462,3633
331,3642
100,3647
109,3649
215,3656
241,3663
420,3679
187,3682
112,3710
395,3711
276,3715
438,3718
265,3738
291,3747
220,3751
347,3755
195,3766
42,3773
365,3775
119,3785
6,3791
47,3801
361,3802
416,3808
283,3809
9,3819
243,3821
83,3826
38,3827
173,3857
30,3867
102,3879
262,3885
67,3893
41,3896
68,3901
32,3904
209,3906
139,3906
341,3917
263,3922
144,3959
169,3963
358,3964
183,3969
434,3974
335,3984
349,3988
10,3995
97,3996
371,4008
128,4016
284,4023
142,4025
359,4044
403,4092
421,4106
177,4119
237,4146
43,4177
374,4201
166,4202
138,4240
81,4247
197,4280
35,4280
484,4288
151,4303
354,4312
15,4313
295,4320
189,4328
146,4336
382,4336
391,4336
152,4351
192,4365
452,4373
334,4403
115,4403
106,4408
260,4418
498,4441
298,4444
125,4475
467,4510
353,4528
364,4540
59,4595
376,4597
198,4619
201,4621
218,4627
322,4631
418,4651
297,4663
50,4669
480,4682
222,4723
71,4758
372,4805
246,4832
313,4843
172,4876
238,4912
131,4934
439,4952
316,4957
442,4967
98,5029
380,5040
481,5060
299,5109
174,5118
73,5158
235,5253
456,5261
437,5282
342,5294
223,5323
207,5339
181,5354
229,5415
288,5461
19,5472
296,5489
465,5570
392,5615
101,5678
104,5693
145,5746
219,5768
52,5792
232,5844
476,5946
227,6008
96,6009
285,6108
259,6188
378,6199
393,6278
461,6288
114,6424
375,6497
45,6646
464,6744
388,7073
252,7531
360,7960

simblock.block.ProofOfWorkBlock@2d7dc06e:16
373,0
105,494
487,697
491,912
453,985
25,1125
419,1189
184,1191
320,1393
95,1393
124,1402
318,1444
428,1487
448,1595
202,1602
430,1603
31,1620
282,1682
328,1685
212,1691
33,1759
156,1798
279,1804
185,1816
53,1822
449,1882
445,1883
230,1886
466,1887
78,1895
286,1896
366,1981
310,1999
408,2005
6,2017
176,2026
267,2031
117,2085
93,2085
82,2088
274,2088
206,2091
158,2096
110,2097
127,2101
343,2101
278,2104
485,2173
337,2180
340,2184
356,2200
161,2206
450,2221
412,2230
51,2235
210,2278
72,2286
179,2289
439,2290
476,2291
155,2293
57,2297
309,2298
118,2303
488,2303
307,2305
363,2307
8,2307
27,2316
273,2328
167,2356
204,2373
22,2375
368,2376
392,2377
473,2383
352,2384
493,2384
441,2386
39,2387
281,2400
7,2415
294,2422
44,2436
153,2451
477,2473
262,2483
312,2490
460,2493
255,2499
308,2500
143,2501
344,2505
135,2506
40,2506
121,2508
399,2509
205,2510
414,2516
5,2518
332,2519
407,2521
336,2525
88,2532
300,2567
86,2577
94,2579
116,2580
500,2587
194,2588
471,2588
214,2589
64,2589
369,2590
188,2592
4,2593
190,2594
321,2596
432,2597
499,2601
24,2603
120,2635
275,2638
253,2645
451,2665
251,2666
339,2674
393,2678
459,2686
389,2693
250,2696
492,2701
186,2701
12,2702
233,2702
406,2702
84,2706
426,2708
437,2709
213,2710
147,2715
345,2717
346,2718
66,2725
160,2727
381,2729
489,2733
165,2735
306,2739
425,2746
128,2775
148,2779
483,2785
422,2786
137,2787
61,2789
70,2790
287,2793
435,2794
162,2795
91,2795
136,2796
482,2798
478,2799
89,2799
387,2800
180,2801
178,2803
301,2805
133,2809
497,2824
151,2826
331,2835
409,2836
203,2848
208,2851
36,2853
319,2859
421,2860
106,2860
107,2866
427,2868
377,2870
196,2875
63,2886
16,2898
440,2898
75,2899
304,2900
14,2904
140,2907
350,2907
463,2908
405,2908
411,2909
330,2910
122,2910
201,2913
239,2916
413,2918
168,2928
236,2943
327,2949
302,2950
293,2978
490,2983
496,2990
92,2990
29,2992
443,2996
270,2998
164,3001
410,3001
347,3003
447,3004
303,3005
77,3007
458,3007
226,3012
424,3013
254,3017
475,3018
90,3032
182,3033
235,3041
17,3042
132,3045
215,3050
283,3068
472,3070
228,3071
103,3077
272,3102
200,3104
224,3105
1,3108
55,3109
150,3110
357,3111
112,3111
18,3112
163,3112
431,3114
62,3115
367,3117
170,3120
247,3123
65,3128
144,3128
370,3132
48,3138
457,3140
209,3140
245,3144
401,3146
258,3149
436,3153
455,3155
260,3158
324,3161
423,3162
333,3164
244,3166
385,3171
32,3177
28,3184
113,3196
266,3199
76,3202
351,3204
129,3205
154,3209
197,3213
326,3213
325,3217
102,3217
238,3223
382,3225
484,3250
376,3266
87,3289
10,3292
100,3293
364,3293
13,3294
85,3310
417,3312
433,3314
329,3320
225,3327
220,3327
264,3329
248,3330
404,3337
80,3337
416,3348
21,3351
323,3353
134,3356
349,3360
434,3368
20,3374
59,3382
479,3386
402,3387
348,3389
191,3396
199,3407
438,3417
383,3419
317,3427
462,3427
390,3428
486,3430
192,3434
123,3435
442,3435
403,3436
498,3445
355,3448
56,3454
243,3461
234,3461
314,3465
149,3466
35,3470
126,3474
495,3482
131,3491
49,3493
34,3502
26,3516
480,3520
99,3524
58,3531
469,3532
269,3541
386,3543
139,3565
223,3569
38,3572
358,3582
142,3582
415,3592
284,3596
54,3609
42,3614
311,3623
359,3628
81,3638
429,3643
171,3647
41,3648
50,3651
470,3652
79,3653
241,3676
211,3681
175,3686
444,3705
268,3712
454,3724
378,3724
261,3733
130,3737
265,3739
177,3741
249,3745
101,3755
394,3756
468,3762
322,3776
198,3782
68,3787
280,3790
229,3799
465,3810
420,3824
23,3873
298,3873
288,3875
189,3881
172,3905
111,3910
395,3916
152,3920
30,3927
379,3938
299,3948
398,3961
481,3961
276,3973
292,3990
9,3995
271,4001
221,4010
3,4018
11,4024
290,4026
315,4031
97,4051
159,4051
231,4054
96,4073
2,4076
119,4085
83,4097
334,4121
257,4131
146,4197
242,4206
115,4213
446,4225
335,4227
157,4246
362,4255
166,4305
263,4309
227,4345
60,4355
15,4366
71,4370
108,4381
305,4383
237,4392
222,4394
418,4404
396,4418
240,4446
494,4448
297,4448
98,4456
461,4458
372,4491
467,4516
361,4542
246,4557
74,4688
338,4691
291,4699
181,4711
46,4738
289,4739
114,4765
169,4773
183,4780
354,4812
174,4840
173,4945
104,4984
374,4991
187,5002
47,5023
216,5025
365,5031
464,5082
380,5089
219,5189
342,5318
397,5346
37,5371
52,5402
109,5417
341,5421
193,5429
296,5441
400,5457
138,5501
452,5592
218,5634
285,5661
141,5686
73,5718
474,5846
456,5855
195,5894
232,5936
316,5950
45,6130
375,6146
313,6271
256,6277
67,6346
360,6396
295,6615
353,6670
145,6698
217,6708
371,6775
125,6838
252,7123
391,7142
259,7147
43,7206
69,7326

simblock.block.ProofOfWorkBlock@59e42ca9:16
169,0
175,573
42,820
123,1059
215,1145
497,1298
289,1387
48,1396
241,1544
141,1629
329,1635
382,1796
268,1874
434,1883
277,1958
49,2045
144,2111
159,2201
20,2204
426,2214
47,2285
325,2351
436,2442
381,2444
342,2525
431,2541
202,2548
109,2596
425,2776
251,2778
492,2780
380,2855
490,2857
487,2877
368,2926
198,3023
468,3098
244,3107
453,3108
16,3110
220,3164
428,3188
128,3213
471,3256
353,3262
15,3349
385,3370
52,3409
236,3439
330,3446
365,3502
164,3517
412,3547
420,3585
298,3648
413,3686
127,3700
112,3745
419,3774
88,3796
59,3831
137,3879
148,3879
257,3887
366,3914
317,3985
499,4016
58,4031
347,4091
188,4103
56,4124
312,4128
36,4208
204,4220
496,4245
55,4319
83,4328
311,4354
44,4368
213,4446
278,4468
460,4478
250,4543
182,4566
91,4575
81,4626
270,4656
176,4690
448,4701
184,4795
158,4797
140,4820
386,4873
302,4896
457,4908
194,4991
84,5037
332,5133
315,5159
89,5203
217,5206
31,5231
39,5241
447,5337
124,5387
211,5463
477,5492
493,5548
186,5567
371,5618
30,5651
451,5670
264,5726
405,5801
266,5828
239,5880
262,5899
135,6001
221,6028
357,6056
34,6061
21,6132
367,6160
206,6229
45,6237
216,6330
335,6459
279,6494
263,6536
336,6569
290,6640
305,6829
288,6940
374,6992
98,7348
227,7403
284,7756
452,8454
67,8863
341,9270

simblock.block.ProofOfWorkBlock@173ec09:17
235,0
431,581
331,841
222,1084
277,1150
96,1323
151,1391
384,1412
291,1630
435,1661
19,1668
404,1672
281,1868
298,1894
355,1907
108,1928
388,1967
300,1981
53,1991
5,2107
86,2153
56,2154
398,2166
438,2204
220,2212
318,2224
176,2238
74,2239
361,2252
366,2327
268,2348
253,2370
394,2399
37,2404
444,2442
347,2444
46,2462
94,2481
370,2482
76,2488
380,2489
166,2492
191,2496
470,2537
84,2546
177,2553
214,2569
311,2574
90,2585
215,2638
245,2643
18,2657
179,2657
382,2674
269,2682
95,2683
35,2693
292,2700
73,2720
244,2728
101,2735
413,2735
465,2736
479,2740
111,2754
233,2777
75,2779
134,2783
379,2787
33,2801
102,2810
158,2821
386,2839
7,2860
387,2863
344,2879
411,2883
25,2890
236,2900
403,2913
157,2918
463,2921
327,2924
326,2931
170,2937
238,2943
301,2961
97,2966
182,2970
249,2973
424,2973
1,2976
60,2977
213,2980
160,2987
486,2993
26,3022
262,3026
83,3027
247,3027
396,3035
312,3039
192,3048
117,3050
462,3055
47,3062
258,3063
22,3064
483,3065
197,3066
78,3068
459,3070
39,3070
162,3070
13,3072
455,3085
466,3097
205,3106
497,3109
266,3112
345,3138
359,3151
408,3154
218,3160
42,3165
405,3169
273,3171
487,3181
383,3182
107,3182
127,3183
109,3202
313,3208
417,3210
421,3213
210,3218
397,3224
469,3233
91,3233
103,3235
190,3238
168,3241
169,3247
367,3249
325,3262
442,3265
457,3267
489,3271
200,3273
267,3274
118,3278
187,3288
131,3288
4,3295
275,3297
203,3299
149,3301
356,3306
425,3307
381,3308
225,3309
123,3310
105,3312
59,3313
52,3318
468,3328
351,3333
126,3341
414,3345
464,3347
432,3352
32,3353
286,3353
315,3363
278,3363
350,3363
500,3375
285,3375
124,3381
320,3382
282,3385
116,3385
44,3394
374,3397
416,3398
21,3401
199,3403
211,3406
144,3409
264,3413
496,3432
488,3435
363,3445
61,3446
358,3447
495,3456
228,3462
430,3465
402,3473
80,3474
324,3485
141,3489
186,3493
385,3494
48,3494
433,3495
472,3501
155,3502
14,3504
409,3506
308,3517
375,3523
204,3527
376,3528
316,3532
499,3534
443,3534
348,3540
2,3547
202,3549
130,3549
362,3551
120,3551
150,3552
185,3553
140,3554
239,3563
88,3576
154,3585
230,3586
454,3587
206,3588
167,3591
287,3595
390,3603
106,3613
336,3626
407,3626
272,3633
477,3637
6,3638
224,3642
439,3646
329,3647
11,3658
306,3660
58,3660
419,3671
283,3674
305,3678
17,3680
429,3681
427,3682
480,3695
352,3696
304,3698
271,3705
8,3705
340,3706
494,3708
209,3710
474,3710
436,3712
446,3718
63,3718
401,3726
492,3728
85,3737
261,3738
3,3741
114,3763
410,3768
319,3776
255,3782
133,3782
20,3783
257,3794
307,3799
434,3801
456,3801
87,3809
207,3811
448,3824
173,3833
148,3836
242,3849
440,3849
40,3852
422,3857
189,3857
159,3860
146,3863
338,3870
234,3874
12,3881
128,3883
342,3888
28,3895
93,3899
450,3900
65,3904
23,3909
418,3916
27,3916
473,3917
297,3918
337,3926
208,3928
498,3928
132,3932
265,3937
175,3949
181,3949
302,3969
51,3972
437,3979
145,3980
309,3987
119,3989
79,3991
226,3993
217,3999
415,4015
172,4016
400,4032
237,4032
57,4034
34,4039
142,4043
293,4044
335,4045
334,4050
246,4058
121,4059
294,4059
36,4060
89,4066
445,4077
260,4099
482,4101
254,4119
229,4129
72,4156
426,4162
147,4172
138,4182
136,4183
332,4185
16,4189
490,4199
372,4202
68,4204
163,4211
240,4222
256,4223
321,4236
54,4248
377,4256
343,4259
232,4267
420,4286
152,4291
156,4298
423,4299
77,4303
71,4305
299,4315
393,4317
188,4323
70,4326
360,4334
460,4349
328,4362
441,4363
62,4388
330,4390
303,4396
475,4407
15,4416
193,4424
288,4442
252,4452
295,4456
64,4494
113,4505
453,4513
412,4519
274,4536
280,4539
82,4544
378,4567
458,4575
357,4588
129,4595
98,4596
478,4615
276,4633
164,4636
66,4639
476,4646
178,4658
29,4700
221,4704
165,4710
485,4727
323,4732
395,4734
296,4793
333,4826
399,4843
484,4848
195,4854
346,4855
481,4858
9,4866
279,4869
389,4874
100,4905
110,4917
41,4966
250,4966
31,4970
373,4976
69,4994
43,5006
349,5026
322,5031
137,5038
161,5065
50,5142
153,5157
38,5159
493,5183
406,5185
212,5204
364,5206
122,5207
248,5236
115,5249
143,5254
491,5299
392,5307
223,5335
241,5353
314,5403
391,5435
139,5442
104,5472
196,5515
259,5518
99,5542
317,5557
449,5571
125,5574
339,5586
284,5617
201,5637
428,5639
219,5655
49,5670
10,5739
198,5837
231,5845
171,5875
24,5903
243,5939
461,5947
45,5953
180,5970
354,5997
290,6022
112,6079
371,6143
310,6175
30,6307
251,6323
174,6328
183,6342
81,6373
369,6506
289,6561
227,6746
353,6798
92,6838
365,7037
467,7233
184,8595
216,8930
270,9260
451,9599
471,9942
194,10273
447,10605
368,10943
55,11273
135,11608
341,12022
452,12428
263,12832
67,13251

simblock.block.ProofOfWorkBlock@29e9e97b:17
6,0
5,572
318,810
198,1056
15,1295
301,1535
486,1629
277,1867
342,1872
63,1875
119,2106
101,2110
459,2209
181,2344
464,2352
199,2555
76,2586
80,2591
370,2824
35,2833
161,2890
462,3075
426,3153
157,3219
487,3381
488,3408
343,3490
461,3582
16,3585
158,3739
51,3795
212,3824
27,4001
92,4069
422,4154
437,4204
354,4295
60,4407
262,4407
356,4495
28,4564
492,4621
448,4736
193,4743
309,4793
186,4824
451,4827
91,4995
100,5068
398,5149
278,5174
253,5196
106,5295
333,5317
190,5399
368,5437
215,5466
413,5506
454,5520
270,5648
155,5725
55,5742
283,5835
151,5840
407,5850
68,5896
160,5926
345,5930
168,6052
40,6078
205,6133
25,6134
449,6166
490,6236
233,6255
94,6335
399,6336
295,6380
308,6412
188,6443
170,6457
185,6485
88,6498
282,6545
7,6646
455,6656
302,6661
319,6744
211,6748
53,6835
93,6957
166,6962
384,6976
355,6978
124,7075
194,7128
352,7159
224,7164
468,7277
421,7293
374,7433
349,7478
456,7479
184,7494
240,7594
404,7613
471,7772
197,7795
310,7826
334,7862
480,7936
75,7938
396,8111
231,8156
112,8252
418,8253
148,8415
326,8429
86,8488
329,8566
165,8569
379,8749
243,8892
14,8901
288,9004
427,9058
436,9074
219,9295
207,9335
42,9391
296,9431
433,9703
257,9714
98,9716
265,9876
225,10029
474,10122
210,10347
403,10356
69,10361
9,10526
434,10675
156,10999
246,11105
38,11545
482,11643
284,11975

simblock.block.ProofOfWorkBlock@3c230b45:17
143,0
338,504
94,705
158,908
413,998
124,1111
499,1199
272,1314
328,1402
305,1605
285,1629
60,1808
179,1893
166,1951
472,2013
337,2113
426,2216
240,2267
275,2315
447,2417
471,2533
147,2584
206,2680
230,2734
133,2900
470,2902
270,2905
473,2938
29,3025
435,3103
261,3107
184,3139
431,3217
8,3227
363,3306
333,3312
89,3348
136,3410
266,3428
57,3529
194,3613
317,3622
414,3630
399,3640
67,3645
313,3664
402,3736
92,3828
128,3833
307,3843
188,3939
151,3949
27,4038
118,4043
105,4044
146,4090
474,4100
212,4104
278,4140
78,4243
318,4278
408,4314
289,4362
353,4363
314,4427
277,4455
84,4523
43,4539
383,4561
123,4595
380,4678
149,4680
410,4725
227,4767
73,4813
247,4875
185,4930
316,4995
198,5000
284,5026
376,5130
97,5195
388,5216
479,5250
96,5312
396,5315
464,5447
395,5476
181,5511
75,5566
46,5631
42,5633
436,5666
468,5826
49,5881
242,5898
256,5907
83,5947
452,6060
257,6120
5,6196
400,6256
258,6263
10,6342
288,6491
109,6511
77,6610
142,6688
138,6711
423,6771
434,6826
9,6918
180,7098
360,7145
106,7147
335,7207
37,7213
296,7351
189,7576
232,7576
448,7602
33,7664
461,7797
260,8013
354,8023
351,8101
283,8153
467,8284
152,8454
125,8467
386,8599
393,8641
265,8898
69,8952
459,9090
492,9130
319,9584
28,9618

simblock.block.ProofOfWorkBlock@361bda5a:18
87,0
65,586
468,824
469,1062
5,1156
147,1299
385,1395
268,1397
346,1628
130,1633
379,1644
388,1648
359,1724
442,1873
108,1882
285,1885
416,1966
42,1976
417,1979
327,1990
146,1998
486,2110
251,2121
101,2124
91,2127
32,2204
431,2208
313,2214
444,2215
75,2216
316,2231
197,2301
304,2308
488,2328
394,2359
240,2361
436,2363
400,2402
132,2444
6,2446
80,2451
35,2452
317,2455
277,2455
470,2467
120,2470
430,2476
168,2532
218,2542
244,2542
329,2547
106,2558
497,2602
144,2617
425,2617
77,2640
261,2679
269,2681
56,2684
228,2690
220,2690
19,2690
111,2692
307,2698
151,2705
187,2709
404,2709
33,2714
85,2730
473,2741
90,2776
383,2780
349,2791
225,2794
236,2797
439,2804
83,2810
192,2811
326,2812
178,2822
157,2824
47,2840
325,2842
166,2875
84,2877
279,2880
358,2927
380,2928
198,2928
411,2930
222,2931
384,2932
289,2934
347,2935
196,2946
15,2949
381,2951
405,2953
365,2956
495,2956
306,2969
459,2978
292,3011
485,3015
291,3018
422,3025
386,3026
205,3026
27,3028
112,3032
49,3033
266,3040
115,3040
318,3050
26,3054
262,3057
254,3063
177,3064
13,3064
109,3080
191,3080
70,3084
339,3110
73,3113
239,3114
455,3119
336,3124
129,3124
418,3125
454,3134
208,3138
412,3140
415,3142
450,3149
479,3166
165,3167
181,3168
52,3169
294,3171
370,3173
74,3175
2,3177
288,3184
363,3185
396,3192
323,3200
7,3212
24,3212
141,3214
264,3224
78,3227
407,3228
255,3228
409,3237
465,3253
110,3260
351,3260
235,3262
273,3262
298,3264
353,3269
280,3275
213,3285
224,3285
301,3287
179,3290
102,3291
397,3294
482,3295
3,3300
338,3305
483,3311
345,3316
17,3318
48,3320
57,3324
133,3338
464,3340
20,3358
21,3363
373,3368
434,3369
64,3370
61,3376
487,3378
419,3387
51,3391
332,3392
215,3398
427,3400
117,3405
480,3411
382,3414
342,3414
182,3422
137,3431
210,3433
399,3437
126,3438
387,3441
214,3443
369,3456
328,3458
188,3459
237,3462
124,3468
158,3475
229,3490
140,3491
233,3498
281,3501
424,3501
478,3505
76,3506
249,3511
175,3511
14,3516
8,3517
356,3525
245,3531
287,3534
426,3535
333,3539
153,3547
94,3549
290,3554
490,3556
203,3556
169,3557
10,3571
398,3575
362,3577
484,3585
209,3585
305,3592
272,3592
253,3594
135,3603
248,3614
66,3615
364,3617
186,3622
161,3622
163,3624
494,3624
176,3626
136,3631
82,3634
401,3638
458,3643
37,3644
429,3644
185,3646
403,3652
62,3655
446,3658
149,3661
321,3661
150,3675
438,3679
247,3686
414,3697
393,3697
241,3700
200,3701
201,3701
114,3708
234,3712
31,3719
331,3721
22,3731
460,3737
59,3738
421,3739
448,3744
390,3745
159,3748
499,3750
107,3758
361,3760
340,3770
441,3772
308,3775
11,3785
128,3787
445,3788
4,3789
355,3791
230,3792
100,3801
278,3803
160,3804
155,3806
119,3827
474,3830
477,3830
343,3834
92,3839
348,3847
413,3847
195,3848
123,3860
472,3865
275,3865
377,3866
170,3867
1,3878
204,3881
127,3888
39,3888
53,3895
173,3899
9,3901
97,3906
103,3914
391,3917
392,3917
44,3925
309,3927
451,3934
368,3934
63,3952
226,3953
410,3956
246,3958
54,3960
449,3964
256,3972
433,3973
162,3975
131,3982
194,3985
216,3988
462,3997
271,4006
202,4009
314,4029
143,4032
324,4038
171,4042
113,4056
315,4070
299,4073
476,4074
45,4085
71,4091
72,4092
139,4094
172,4101
267,4104
376,4108
238,4125
207,4132
283,4133
121,4134
40,4140
360,4142
366,4145
350,4151
134,4151
322,4155
258,4158
367,4165
481,4176
36,4186
260,4187
334,4189
152,4192
86,4192
320,4196
18,4213
471,4235
99,4247
440,4258
447,4264
312,4273
492,4288
212,4292
28,4303
89,4308
461,4311
300,4312
180,4314
148,4321
297,4322
30,4323
352,4339
118,4362
466,4389
276,4398
303,4403
154,4424
190,4434
375,4446
25,4474
463,4475
252,4476
231,4481
183,4488
167,4499
116,4526
193,4536
104,4538
457,4571
68,4598
184,4606
296,4620
211,4628
199,4633
265,4636
435,4637
69,4644
105,4644
55,4651
58,4670
242,4694
95,4698
423,4727
286,4734
489,4782
257,4795
372,4798
357,4810
93,4812
41,4844
259,4887
284,4900
496,4901
456,4903
122,4964
206,4965
475,4966
428,4979
274,4982
88,5000
452,5015
406,5035
395,5042
295,5056
443,5064
46,5114
402,5152
344,5154
223,5256
16,5302
60,5305
34,5308
293,5313
43,5316
125,5324
250,5342
330,5364
432,5394
38,5407
310,5423
96,5430
263,5435
81,5464
354,5514
227,5562
29,5637
282,5641
420,5645
302,5675
98,5721
23,5727
12,5730
335,5772
378,5812
219,5861
319,5967
270,5981
156,6004
374,6047
500,6065
67,6126
138,6135
50,6137
232,6175
221,6289
337,6309
453,6318
491,6333
217,6460
341,6538
142,6582
389,6647
408,6648
437,6672
371,6867
311,6980
493,6980
164,7010
189,7272
467,7374
79,7384
174,7384
145,7779
498,7790
243,8179

simblock.block.ProofOfWorkBlock@5ec6fb:18
201,0
282,500
453,702
170,905
368,1000
70,1111
62,1195
94,1207
148,1314
105,1396
128,1400
475,1410
205,1491
21,1515
127,1599
367,1604
103,1606
262,1614
53,1685
352,1695
214,1701
211,1721
272,1805
488,1815
422,1816
88,1816
155,1823
373,1889
471,1895
13,1896
1,1905
16,1913
499,1914
344,1987
321,2005
500,2007
419,2017
440,2018
428,2022
357,2025
281,2036
478,2091
320,2091
58,2095
154,2097
340,2098
210,2102
44,2105
308,2108
345,2115
399,2118
27,2176
200,2186
450,2200
407,2210
315,2218
413,2220
93,2220
346,2222
92,2227
445,2236
426,2236
156,2299
185,2303
427,2303
236,2305
206,2305
163,2307
180,2307
107,2310
330,2312
274,2315
309,2316
179,2320
182,2350
25,2377
487,2379
82,2387
118,2389
484,2402
178,2403
188,2404
336,2411
402,2412
248,2421
485,2425
261,2428
439,2429
257,2429
61,2430
417,2438
212,2465
77,2481
492,2503
356,2504
89,2504
72,2506
253,2507
157,2509
161,2509
449,2510
143,2513
307,2517
121,2517
204,2517
311,2519
363,2529
66,2579
28,2583
491,2584
350,2590
266,2592
255,2595
333,2596
160,2597
343,2598
129,2606
319,2606
166,2611
393,2613
294,2614
380,2617
78,2623
245,2624
405,2631
190,2631
176,2633
56,2636
91,2639
310,2668
225,2669
24,2683
496,2709
51,2710
430,2711
414,2712
12,2714
168,2718
351,2719
448,2725
451,2726
306,2727
392,2733
22,2734
258,2738
124,2745
75,2746
436,2749
95,2782
153,2791
250,2797
387,2801
386,2804
338,2807
267,2808
339,2809
29,2809
39,2812
401,2815
64,2816
479,2822
446,2834
83,2836
20,2837
7,2841
366,2843
329,2852
240,2857
286,2870
390,2886
443,2888
447,2907
490,2911
147,2912
348,2913
36,2913
216,2914
302,2920
293,2922
184,2926
410,2928
110,2933
325,2934
213,2936
167,2936
209,2938
159,2939
150,2944
497,2945
486,2953
112,2955
194,2961
466,2984
73,2986
377,2997
389,2998
122,3004
406,3004
100,3009
409,3010
328,3011
324,3012
18,3014
303,3015
85,3022
412,3022
323,3030
424,3032
369,3044
226,3044
365,3057
238,3057
35,3060
23,3064
349,3065
135,3077
63,3080
19,3098
415,3115
264,3120
435,3123
494,3123
416,3127
270,3127
458,3129
208,3130
101,3131
376,3137
305,3140
114,3144
14,3146
337,3148
298,3157
411,3160
59,3161
460,3161
144,3161
441,3164
169,3175
203,3186
86,3202
57,3209
162,3210
457,3212
140,3216
117,3227
429,3231
482,3233
228,3236
5,3248
404,3254
313,3258
111,3260
108,3262
131,3263
247,3268
191,3271
60,3300
495,3301
221,3315
239,3318
186,3325
164,3326
444,3336
31,3338
287,3343
300,3344
196,3347
249,3354
470,3358
46,3358
420,3363
316,3366
199,3368
326,3378
113,3383
149,3385
472,3388
289,3392
379,3392
40,3410
283,3413
158,3415
408,3422
454,3426
489,3435
452,3438
388,3440
327,3446
120,3452
192,3462
102,3472
292,3475
138,3476
241,3476
136,3477
237,3478
67,3482
146,3487
244,3490
145,3490
50,3492
137,3511
432,3534
116,3544
48,3546
33,3546
477,3548
175,3549
115,3562
341,3565
280,3569
381,3574
265,3575
224,3575
218,3580
26,3585
220,3586
464,3587
312,3587
8,3589
483,3589
152,3598
361,3615
493,3628
54,3629
230,3637
80,3642
463,3644
251,3647
187,3661
134,3664
437,3672
347,3675
263,3677
174,3679
52,3684
172,3689
222,3692
378,3697
165,3707
384,3710
197,3714
442,3732
202,3739
276,3746
455,3750
459,3754
301,3755
109,3771
318,3779
332,3791
81,3815
74,3836
84,3837
275,3845
433,3861
126,3862
9,3867
480,3873
331,3883
397,3900
314,3900
90,3900
234,3901
400,3904
2,3905
79,3913
139,3920
374,3928
259,3932
474,3936
291,3942
49,3948
254,3959
268,3981
385,3996
76,4008
476,4009
469,4022
43,4026
37,4029
434,4031
207,4043
342,4048
438,4054
69,4061
189,4063
353,4069
364,4071
456,4078
371,4095
431,4099
232,4106
65,4111
465,4111
278,4116
125,4131
355,4158
11,4176
34,4206
97,4207
96,4215
358,4218
130,4220
181,4259
382,4262
290,4310
30,4334
233,4340
396,4346
119,4350
223,4352
398,4354
47,4370
498,4371
217,4379
106,4384
41,4389
183,4406
229,4427
394,4428
269,4429
198,4431
285,4433
296,4435
38,4459
68,4482
334,4530
252,4546
242,4653
335,4653
395,4655
219,4658
468,4664
277,4667
193,4695
32,4696
354,4698
15,4700
132,4744
273,4752
235,4757
260,4786
362,4800
372,4858
195,4870
481,4890
173,4897
375,4914
142,4975
141,4983
42,4985
177,5012
462,5016
317,5027
383,5068
288,5082
171,5091
98,5092
256,5124
360,5180
227,5186
10,5216
123,5297
151,5302
322,5302
304,5331
359,5335
421,5382
297,5384
370,5491
271,5510
133,5516
423,5519
391,5557
104,5612
403,5622
418,5629
299,5762
461,5961
71,5970
279,5982
243,6043
284,6053
45,6077
467,6246
99,6416
246,6490
295,6566

simblock.block.ProofOfWorkBlock@5e6b8da8:19
81,0
335,784
123,1240
259,1481
376,1693
223,1792
169,1814
380,2054
99,2102
175,2149
300,2272
480,2293
139,2315
241,2387
9,2442
125,2489
397,2510
218,2600
179,2626
382,2632
442,2675
141,2720
456,2763
341,2779
177,2843
447,2853
182,2861
47,2870
102,2916
371,2939
289,2958
77,2960
166,2962
384,3051
75,3080
249,3090
271,3094
120,3099
42,3108
350,3118
130,3158
209,3170
224,3182
434,3200
5,3207
349,3211
280,3230
217,3236
220,3248
94,3294
419,3299
97,3308
381,3317
86,3321
131,3321
464,3328
257,3336
23,3341
402,3345
49,3355
149,3408
237,3417
396,3430
215,3442
317,3451
115,3454
293,3460
202,3488
436,3493
359,3504
412,3513
236,3527
159,3528
404,3532
230,3541
80,3546
261,3547
263,3552
20,3555
227,3569
301,3570
452,3573
394,3580
85,3583
352,3616
238,3621
158,3629
453,3635
444,3645
388,3648
420,3651
255,3664
56,3664
150,3669
353,3670
254,3678
165,3681
266,3684
325,3684
164,3685
385,3708
328,3728
334,3733
462,3752
333,3753
225,3776
487,3776
455,3777
403,3779
260,3789
445,3798
144,3806
116,3812
424,3813
107,3818
121,3822
35,3828
228,3828
83,3834
483,3844
253,3845
463,3854
383,3860
133,3865
213,3868
205,3872
416,3882
258,3886
79,3886
244,3887
219,3889
479,3900
470,3905
37,3910
465,3914
168,3920
329,3934
468,3949
401,3954
188,3956
277,3957
438,3961
440,3969
450,3983
406,3993
298,3996
231,3999
378,4012
251,4015
197,4015
183,4018
433,4019
303,4022
365,4023
493,4023
6,4024
285,4025
203,4027
71,4035
64,4038
417,4042
296,4042
170,4045
430,4046
348,4049
48,4056
11,4058
185,4060
454,4067
108,4067
210,4087
331,4104
222,4109
153,4118
204,4120
240,4123
101,4133
361,4141
187,4141
459,4143
90,4143
212,4145
471,4150
330,4152
106,4152
409,4155
58,4158
351,4159
270,4159
489,4159
279,4162
40,4163
358,4164
485,4173
313,4173
36,4174
70,4177
268,4178
415,4181
469,4188
362,4193
21,4198
140,4203
248,4208
194,4217
7,4221
246,4236
474,4237
199,4238
22,4243
451,4245
294,4248
281,4255
418,4256
486,4262
408,4268
41,4273
321,4278
410,4289
274,4303
315,4305
181,4320
322,4330
422,4330
201,4334
26,4338
34,4352
432,4354
180,4357
386,4357
73,4366
162,4366
234,4369
316,4376
320,4376
52,4377
32,4386
473,4392
193,4392
347,4394
136,4396
154,4398
14,4399
103,4403
431,4409
109,4416
398,4421
196,4434
157,4448
148,4449
372,4460
498,4463
421,4464
60,4472
373,4472
74,4476
319,4480
392,4484
128,4485
134,4485
127,4487
312,4492
200,4494
117,4495
111,4501
377,4502
66,4507
343,4508
61,4509
344,4509
113,4511
466,4517
100,4527
332,4529
17,4530
57,4537
93,4540
68,4541
414,4544
129,4546
46,4548
142,4550
283,4567
262,4568
50,4573
472,4576
342,4590
24,4592
8,4621
53,4638
96,4644
494,4644
364,4647
171,4659
16,4661
326,4668
476,4684
247,4684
491,4686
273,4692
306,4695
126,4696
286,4696
239,4701
191,4701
232,4738
368,4745
369,4769
87,4771
429,4784
27,4788
423,4804
287,4811
245,4816
92,4819
172,4819
400,4823
88,4831
233,4832
28,4835
360,4835
399,4840
44,4841
354,4841
174,4842
161,4847
192,4867
393,4872
63,4880
282,4881
297,4895
82,4897
355,4913
43,4914
59,4927
98,4935
497,4937
500,4947
216,4956
461,4962
346,4994
340,4997
495,5013
443,5013
446,5020
119,5023
435,5023
363,5034
89,5034
267,5039
288,5042
460,5042
160,5043
112,5048
91,5077
269,5089
484,5112
4,5148
55,5166
492,5166
208,5171
122,5178
427,5203
295,5207
155,5217
276,5224
135,5227
229,5245
375,5257
69,5313
318,5332
13,5356
490,5366
105,5367
339,5369
390,5377
243,5391
39,5396
366,5406
481,5446
310,5448
284,5449
67,5450
324,5451
235,5480
291,5482
211,5483
25,5490
379,5498
31,5499
278,5502
449,5506
226,5529
146,5570
145,5614
138,5630
19,5635
189,5649
152,5673
302,5690
428,5696
441,5702
457,5736
299,5804
190,5814
132,5832
95,5834
275,5841
405,5847
467,5848
195,5876
65,5884
15,5935
147,5961
458,6020
2,6023
250,6027
207,6036
214,6046
221,6084
30,6142
110,6146
143,6170
411,6178
345,6185
391,6208
198,6286
38,6307
437,6345
51,6383
114,6390
45,6394
327,6431
256,6450
356,6452
475,6476
29,6506
12,6510
156,6514
33,6565
336,6724
292,6736
265,6756
290,6812
186,6820
482,6839
307,6878
10,6912
173,6918
62,6944
76,6971
395,7087
242,7145
370,7189
167,7206
314,7324
305,7329
104,7329
118,7370
367,7440
84,7462
151,7511
323,7644
477,7817
337,7855
311,7859
488,7936
3,8104
163,8132
184,8159
137,8307
499,8431
496,8498
18,8628
308,8745
178,8805
478,8807
338,8927
387,9119
448,9140
206,9294
54,9391
304,9416
357,9612
309,9789
413,9791
439,9908
272,10034
78,10280
124,10431
252,10489
407,10680
1,10773
425,11073
389,11261
72,11327
426,11718
176,11973
374,12342

simblock.block.ProofOfWorkBlock@c77fdb0:20
172,0
290,779
232,1125
104,1463
174,1491
219,1830
145,1901
238,1912
263,2240
424,2288
462,2377
291,2486
398,2576
423,2581
362,2601
456,2613
98,2692
384,2724
316,2746
20,2830
19,2862
257,2946
474,2954
117,3026
372,3033
284,3035
217,3048
1,3056
347,3059
355,3102
130,3143
479,3154
429,3173
329,3184
149,3199
325,3290
189,3291
292,3298
46,3302
192,3340
26,3341
276,3359
299,3377
50,3387
141,3412
264,3415
365,3421
298,3433
370,3437
376,3483
268,3483
203,3484
38,3485
385,3501
436,3521
463,3542
318,3549
94,3562
165,3607
353,3641
397,3648
73,3658
125,3663
273,3672
200,3673
35,3675
251,3676
412,3676
380,3683
195,3696
246,3723
132,3723
48,3742
33,3743
449,3744
131,3745
42,3757
109,3759
357,3765
102,3771
218,3779
383,3787
193,3814
85,3818
322,3825
280,3828
187,3872
421,3890
465,3897
248,3908
327,3911
74,3913
15,3918
390,3925
76,3932
320,3937
147,3942
411,3951
468,3961
414,3971
53,3975
216,3976
144,3982
254,3995
240,3996
418,3997
160,4004
415,4011
438,4020
331,4026
207,4034
220,4035
377,4040
282,4056
65,4057
71,4059
47,4072
190,4076
260,4077
267,4081
2,4099
13,4101
106,4101
88,4110
103,4110
349,4112
6,4125
75,4132
444,4150
485,4150
215,4152
293,4152
469,4161
492,4161
121,4171
119,4172
120,4179
58,4181
234,4198
32,4199
258,4207
95,4208
366,4229
5,4229
382,4229
480,4233
154,4235
204,4235
134,4237
285,4239
477,4249
97,4253
400,4254
431,4257
247,4257
416,4259
409,4263
123,4264
57,4267
177,4267
107,4271
191,4275
300,4277
112,4281
185,4282
486,4294
482,4302
148,4310
403,4315
225,4321
56,4328
447,4330
363,4338
476,4342
439,4370
69,4394
314,4403
237,4405
381,4409
387,4411
36,4412
256,4414
342,4426
72,4438
305,4445
78,4446
54,4453
28,4460
245,4464
8,4467
445,4469
175,4470
155,4474
166,4476
31,4483
161,4483
83,4486
80,4487
272,4497
59,4497
379,4498
127,4511
110,4512
498,4513
461,4519
281,4519
49,4521
404,4526
87,4530
432,4531
17,4534
386,4559
481,4561
169,4561
43,4567
126,4568
413,4571
425,4578
150,4584
201,4588
451,4593
128,4594
454,4595
419,4595
186,4596
274,4599
430,4612
271,4614
321,4617
135,4620
496,4620
252,4622
206,4623
375,4624
178,4624
101,4625
244,4626
4,4636
270,4645
491,4648
159,4649
250,4650
275,4659
140,4662
471,4678
18,4705
143,4713
458,4723
228,4725
388,4725
323,4729
289,4730
435,4734
367,4740
181,4742
356,4742
116,4743
334,4746
489,4757
410,4763
497,4777
301,4777
90,4778
151,4778
437,4783
304,4784
188,4789
460,4789
23,4803
495,4806
16,4809
303,4813
77,4815
488,4824
287,4830
183,4834
224,4842
197,4844
442,4844
470,4850
92,4850
226,4862
317,4866
265,4889
82,4891
61,4893
129,4895
124,4899
202,4903
346,4908
64,4925
472,4926
494,4927
348,4946
420,4954
108,4954
426,4957
25,4957
199,4958
162,4961
332,4966
212,4984
483,4989
297,4993
152,5007
182,5014
446,5031
173,5033
227,5042
368,5062
84,5066
313,5073
209,5076
235,5076
441,5077
394,5100
242,5110
170,5111
45,5114
401,5124
40,5128
395,5130
213,5135
407,5137
21,5145
229,5145
66,5148
10,5152
434,5160
253,5173
111,5179
269,5181
440,5186
286,5192
79,5192
345,5213
473,5223
319,5240
163,5246
369,5257
68,5259
139,5277
236,5297
396,5299
455,5318
60,5321
359,5322
156,5326
14,5327
452,5332
391,5359
34,5366
241,5381
392,5390
164,5390
350,5396
283,5412
361,5413
294,5446
364,5452
408,5463
122,5465
222,5466
302,5467
39,5474
11,5489
223,5507
115,5511
493,5524
464,5526
295,5529
335,5536
62,5541
198,5550
9,5559
261,5566
262,5572
448,5591
86,5614
457,5629
326,5631
344,5656
402,5668
133,5704
142,5726
55,5736
354,5752
146,5772
100,5788
196,5853
96,5868
41,5873
137,5878
171,5890
352,5913
371,5914
52,5916
167,5926
405,5935
243,5943
138,5953
337,5974
114,5978
393,6055
279,6056
277,6081
205,6110
233,6157
288,6157
30,6178
453,6186
44,6198
179,6224
310,6244
153,6258
194,6276
378,6281
358,6323
399,6368
341,6368
37,6393
500,6405
211,6423
12,6472
308,6516
214,6552
67,6565
336,6575
22,6576
296,6588
259,6615
118,6615
312,6646
63,6692
255,6756
184,6771
278,6824
249,6843
309,6859
105,6901
340,6912
467,6913
99,6934
315,6963
91,7058
490,7068
478,7206
374,7223
422,7260
333,7261
338,7315
81,7316
158,7332
221,7339
27,7357
433,7390
487,7400
176,7454
157,7558
168,7562
210,7697
360,7743
427,7756
428,7811
459,7827
389,7847
499,7884
330,7893
136,7901
311,7942
24,8046
89,8056
180,8190
113,8246
306,8314
328,8316
51,8375
231,8384
93,8434
450,8548
239,8550
484,8808
266,8808
373,8863
475,8879
307,8928
7,9057
443,9296
3,9301
230,9369
406,9547
29,9799
466,9833

simblock.block.ProofOfWorkBlock@1120f687:21
494,0
294,490
422,691
459,917
185,982
262,1120
39,1183
16,1186
31,1321
72,1385
167,1390
163,1414
367,1481
458,1530
357,1589
339,1601
366,1613
311,1629
308,1674
107,1682
239,1683
275,1732
309,1797
157,1812
44,1814
330,1815
88,1830
303,1877
332,1878
312,1883
8,1886
64,1886
278,1903
89,1972
420,2005
25,2017
121,2017
351,2026
399,2042
126,2057
95,2078
441,2080
156,2082
208,2086
230,2087
352,2088
153,2093
369,2103
272,2105
482,2125
472,2164
205,2173
93,2175
94,2179
70,2207
12,2219
190,2221
180,2230
253,2244
443,2270
62,2279
419,2286
454,2288
85,2289
386,2290
236,2293
118,2294
140,2296
279,2302
53,2305
124,2307
430,2322
393,2328
304,2332
381,2363
343,2368
33,2371
63,2374
483,2374
110,2377
61,2377
437,2377
135,2383
485,2384
447,2393
84,2396
168,2411
210,2422
60,2424
92,2438
188,2452
200,2464
261,2472
170,2482
206,2492
310,2494
58,2494
274,2496
387,2498
160,2500
264,2501
493,2502
333,2504
176,2506
129,2509
7,2511
439,2516
340,2531
13,2531
3,2534
100,2534
216,2555
426,2569
266,2570
105,2573
345,2575
460,2576
496,2581
377,2581
350,2584
233,2585
407,2586
302,2593
22,2594
448,2597
148,2600
478,2621
1,2624
54,2626
240,2628
282,2642
132,2647
133,2657
338,2660
344,2667
389,2675
428,2675
249,2678
14,2685
305,2694
225,2695
402,2696
248,2696
255,2700
201,2700
86,2702
348,2702
91,2705
475,2706
484,2712
500,2712
373,2712
28,2714
321,2715
414,2718
489,2720
346,2724
21,2739
283,2739
435,2740
226,2743
113,2772
487,2773
337,2778
77,2778
306,2779
154,2781
457,2783
425,2786
27,2789
179,2790
471,2790
184,2795
164,2799
143,2801
498,2804
401,2814
149,2819
213,2822
136,2832
416,2833
328,2834
307,2841
116,2846
405,2860
473,2862
250,2864
409,2867
488,2869
356,2876
492,2881
128,2882
270,2884
410,2885
4,2890
289,2893
368,2899
194,2900
51,2903
417,2904
102,2905
203,2908
82,2916
199,2917
413,2918
286,2923
2,2925
383,2933
238,2937
162,2943
103,2946
427,2948
324,2954
209,2961
55,2961
66,2976
466,2976
211,2979
453,2985
267,2986
224,2990
336,2992
108,2992
446,2995
497,2998
24,2998
288,3001
363,3001
384,3004
287,3008
120,3011
342,3014
144,3018
495,3020
96,3031
465,3034
75,3035
127,3047
315,3052
424,3059
406,3061
450,3070
137,3086
440,3088
130,3094
412,3100
215,3105
29,3106
415,3107
433,3120
432,3120
36,3121
408,3127
247,3128
197,3131
228,3134
17,3135
442,3135
73,3136
123,3141
316,3144
80,3148
436,3148
196,3148
451,3151
155,3155
269,3167
320,3178
476,3184
319,3189
18,3199
499,3201
347,3207
299,3211
463,3211
380,3223
331,3234
449,3237
220,3245
79,3258
192,3258
57,3263
293,3272
178,3272
48,3275
359,3277
81,3298
161,3302
280,3303
99,3309
445,3311
26,3312
254,3313
382,3324
376,3333
390,3333
421,3338
244,3340
222,3346
291,3348
59,3349
490,3349
214,3368
464,3369
146,3380
242,3381
40,3403
122,3403
477,3408
175,3409
131,3411
470,3419
98,3429
37,3434
169,3436
322,3437
480,3441
41,3453
189,3454
300,3458
74,3459
186,3464
218,3465
159,3465
191,3468
204,3476
468,3477
227,3478
5,3502
491,3516
323,3539
394,3558
68,3562
87,3562
50,3563
10,3564
42,3568
444,3573
361,3591
147,3596
452,3597
296,3601
231,3604
212,3611
187,3622
150,3633
151,3648
314,3651
257,3652
265,3662
358,3663
158,3667
400,3668
30,3670
251,3670
23,3673
388,3684
232,3688
177,3690
69,3692
195,3693
183,3703
329,3719
78,3723
90,3725
355,3753
241,3758
290,3760
229,3772
145,3773
43,3779
46,3782
138,3797
434,3799
32,3801
101,3820
375,3824
202,3836
125,3852
281,3874
219,3884
325,3885
221,3901
263,3902
117,3915
341,3915
438,3930
469,3936
486,3949
268,3967
479,3974
397,3983
76,3988
217,3994
285,4004
354,4006
47,4013
391,4027
349,4038
83,4048
392,4049
326,4073
198,4103
396,4115
403,4124
327,4134
115,4138
423,4148
481,4186
34,4201
258,4208
378,4221
9,4224
292,4233
317,4234
134,4245
97,4252
418,4267
20,4283
109,4291
65,4297
431,4306
260,4313
166,4326
111,4334
223,4344
301,4355
277,4367
370,4423
462,4433
411,4440
404,4528
182,4553
385,4575
429,4584
56,4606
318,4611
181,4625
104,4631
52,4645
152,4653
298,4672
379,4684
372,4718
193,4724
49,4738
256,4741
15,4748
245,4849
456,4869
237,4871
273,4892
455,4901
35,4921
365,4926
313,4970
234,5000
112,5064
259,5078
243,5115
252,5119
142,5152
284,5167
11,5186
165,5207
6,5240
19,5287
374,5297
235,5327
276,5349
395,5351
353,5387
398,5502
141,5523
119,5557
461,5566
335,5595
114,5601
246,5602
362,5641
106,5702
172,5780
171,5942
334,5951
474,5988
360,6041
364,6046
295,6053
38,6130
139,6207
207,6374
371,6385
67,6415
45,6487
174,6496
297,6538
71,6591
271,6635
173,6875
467,7359

simblock.block.ProofOfWorkBlock@74d95f56:22
414,0
426,493
471,694
345,896
328,983
255,1101
118,1182
95,1191
188,1309
266,1383
63,1390
178,1395
184,1473
39,1521
8,1585
279,1594
473,1595
402,1623
179,1676
202,1681
122,1687
176,1738
363,1795
214,1798
447,1799
128,1799
92,1826
441,1873
275,1878
333,1881
406,1888
205,1906
162,1907
127,1939
105,1966
29,2003
55,2005
432,2008
488,2008
286,2010
453,2027
163,2076
230,2079
248,2084
186,2087
439,2090
440,2105
346,2109
458,2111
140,2112
339,2116
51,2142
350,2170
307,2177
116,2183
233,2185
499,2210
309,2211
387,2212
368,2219
338,2230
170,2235
420,2281
337,2281
303,2287
57,2289
430,2290
427,2291
417,2291
78,2292
261,2295
321,2306
135,2311
129,2318
392,2319
348,2320
91,2320
353,2332
312,2348
190,2371
7,2372
448,2375
399,2380
72,2381
492,2385
450,2390
490,2402
367,2405
459,2412
451,2412
154,2413
422,2414
332,2422
164,2430
25,2436
24,2439
373,2459
84,2492
157,2492
53,2494
61,2494
185,2496
270,2497
250,2505
22,2507
203,2510
433,2513
304,2514
483,2520
66,2521
168,2522
336,2522
253,2524
428,2527
377,2549
272,2565
494,2573
216,2573
86,2577
161,2577
137,2582
278,2583
64,2585
156,2591
313,2595
211,2597
206,2600
496,2603
408,2607
293,2608
153,2610
21,2612
58,2614
472,2614
405,2618
77,2628
89,2632
36,2638
412,2642
489,2645
316,2650
356,2660
239,2669
493,2675
267,2678
319,2680
344,2694
487,2698
464,2702
287,2704
155,2704
389,2709
482,2710
100,2710
282,2710
478,2712
369,2714
143,2723
94,2724
302,2724
413,2726
103,2730
220,2730
62,2734
443,2736
409,2749
292,2755
160,2775
113,2779
449,2779
352,2781
306,2786
124,2787
283,2792
110,2798
70,2804
457,2809
327,2809
226,2815
73,2823
204,2827
294,2833
425,2834
385,2836
14,2837
435,2841
460,2841
167,2843
358,2847
444,2850
31,2850
93,2861
12,2864
310,2865
181,2871
419,2873
484,2876
107,2879
3,2880
315,2885
382,2888
208,2897
82,2901
454,2906
13,2906
411,2908
415,2912
477,2912
166,2913
437,2913
158,2913
396,2916
361,2922
262,2925
429,2927
298,2928
401,2928
133,2929
16,2930
331,2930
200,2930
201,2936
1,2938
26,2940
136,2942
462,2943
254,2944
96,2965
393,2977
236,2983
264,2983
194,2984
491,2985
445,2989
40,3001
225,3006
148,3011
199,3011
424,3012
257,3012
485,3019
476,3020
463,3024
180,3043
398,3045
213,3047
27,3062
273,3064
349,3070
198,3071
351,3081
324,3103
466,3104
28,3114
212,3114
210,3115
241,3120
117,3124
85,3130
19,3132
196,3132
44,3135
305,3140
173,3148
370,3149
329,3152
121,3157
97,3159
249,3163
323,3179
335,3179
301,3179
35,3183
475,3184
88,3185
347,3187
60,3188
330,3208
238,3219
340,3220
442,3229
410,3231
258,3232
322,3239
120,3244
281,3245
169,3252
421,3253
141,3253
20,3254
371,3255
242,3257
87,3262
268,3264
41,3264
381,3265
500,3273
355,3275
10,3280
343,3282
326,3287
380,3288
4,3299
320,3306
54,3316
386,3319
231,3322
479,3330
383,3331
235,3334
131,3336
76,3337
132,3340
469,3343
43,3344
119,3359
142,3360
300,3366
470,3377
47,3377
362,3385
145,3385
291,3393
197,3398
366,3410
486,3440
400,3442
234,3447
130,3448
218,3449
481,3455
318,3457
147,3475
468,3476
376,3477
191,3478
416,3483
274,3483
378,3492
342,3500
5,3500
394,3501
495,3502
325,3505
357,3508
407,3517
224,3524
37,3535
46,3552
334,3563
498,3566
75,3569
404,3570
65,3582
364,3585
260,3607
18,3611
277,3616
67,3616
134,3638
245,3646
99,3648
247,3652
68,3656
436,3684
317,3689
423,3691
465,3701
177,3706
56,3708
217,3710
308,3714
207,3715
209,3765
251,3765
263,3767
474,3775
256,3776
115,3785
240,3791
192,3794
150,3796
497,3797
111,3799
431,3801
244,3818
17,3820
123,3822
11,3839
80,3844
83,3867
418,3884
269,3888
108,3900
280,3926
42,3930
290,3939
223,3943
438,3956
379,3969
219,3997
455,3998
446,4007
32,4023
215,4029
79,4035
359,4037
23,4087
114,4093
52,4116
182,4117
228,4118
49,4135
48,4138
252,4150
6,4155
388,4162
151,4191
391,4204
165,4207
372,4207
187,4207
285,4244
390,4312
237,4321
271,4333
112,4344
175,4346
434,4357
9,4358
34,4385
159,4410
374,4418
102,4431
144,4435
90,4441
59,4458
74,4477
149,4508
109,4522
384,4533
106,4564
195,4578
227,4593
126,4730
276,4739
30,4784
288,4789
246,4815
289,4839
480,4847
81,4859
341,4865
397,4886
395,4893
229,4909
138,4926
360,4942
284,5007
2,5046
295,5079
15,5176
104,5215
365,5221
243,5225
296,5225
38,5267
172,5293
71,5307
314,5321
152,5339
50,5356
33,5362
232,5372
139,5443
403,5536
259,5658
452,5658
221,5703
189,5720
456,5756
171,5776
193,5791
98,5794
375,5795
125,5823
101,5850
265,5890
461,6104
45,6150
222,6165
299,6205
174,6208
354,6269
467,6594
146,6666
297,6690

simblock.block.ProofOfWorkBlock@6631d524:22
129,0
208,491
261,693
127,894
496,982
118,1098
457,1183
163,1300
167,1384
24,1503
483,1587
205,1707
190,1791
220,2030
376,2110
269,2347
56,2424
75,2662
431,2743
83,2977
222,3062
268,3378
481,3406
245,3631
59,3707
398,3868
131,4022
404,4109
108,4346
314,4450
235,4587
37,4831
288,4888
411,5087
139,5322
12,5419
389,5752
174,5765
82,6091
99,6212
210,6421
212,6758
202,7092
60,7428
284,7833
290,8250

simblock.block.ProofOfWorkBlock@12c3e479:23
167,0
294,493
208,694
475,896
261,982
454,1101
428,1186
312,1306
392,1386
494,1391
124,1472
493,1508
451,1591
121,1593
282,1600
427,1676
31,1676
352,1712
443,1794
77,1798
179,1801
414,1805
466,1876
203,1878
29,1878
459,1894
419,1963
16,1996
393,2004
489,2005
448,2009
308,2021
436,2033
377,2077
332,2081
453,2082
25,2082
103,2091
94,2092
275,2097
58,2166
140,2166
230,2170
339,2203
199,2206
22,2206
458,2210
153,2219
399,2234
402,2280
62,2284
21,2284
406,2286
333,2286
485,2295
293,2297
236,2297
422,2303
97,2353
95,2366
315,2369
163,2371
231,2372
57,2374
186,2390
185,2405
116,2410
213,2411
84,2420
200,2421
337,2440
445,2460
204,2483
366,2486
160,2487
66,2489
417,2498
439,2499
255,2499
389,2499
262,2505
310,2507
148,2518
211,2518
61,2573
351,2573
135,2574
1,2575
340,2579
212,2579
214,2581
233,2586
274,2587
373,2591
482,2594
405,2596
108,2601
44,2611
306,2612
91,2622
401,2642
440,2657
460,2660
72,2662
184,2667
358,2678
253,2688
367,2690
178,2690
155,2697
36,2701
408,2701
40,2702
311,2702
113,2703
133,2707
447,2708
302,2709
161,2710
398,2718
368,2720
305,2724
497,2730
3,2731
24,2774
488,2776
157,2777
477,2777
321,2782
137,2783
60,2784
63,2784
303,2787
7,2788
356,2791
430,2792
162,2793
53,2797
168,2798
472,2813
164,2825
289,2844
499,2845
361,2851
14,2853
320,2856
492,2860
86,2863
8,2863
407,2867
279,2868
28,2868
205,2875
93,2892
194,2894
307,2900
319,2901
105,2902
484,2903
118,2906
344,2908
435,2910
324,2911
365,2912
357,2912
425,2913
429,2919
216,2920
64,2920
180,2921
126,2925
144,2927
258,2929
201,2934
226,2938
156,2939
267,2974
343,2975
420,2978
202,2984
70,2984
170,2990
432,2990
412,2991
437,2996
92,2997
431,2997
500,2999
478,3004
136,3007
455,3011
54,3018
411,3022
150,3026
149,3045
147,3045
363,3047
80,3047
122,3058
487,3069
386,3070
278,3071
298,3074
369,3074
441,3076
120,3091
473,3095
37,3097
415,3098
251,3100
450,3102
272,3105
248,3109
490,3114
245,3115
239,3116
13,3122
107,3127
89,3128
396,3128
413,3128
390,3131
46,3135
301,3139
266,3142
379,3154
88,3155
476,3164
90,3169
154,3176
409,3178
206,3179
12,3179
100,3186
346,3187
350,3192
433,3197
287,3199
330,3200
18,3201
338,3211
183,3218
449,3222
177,3223
387,3226
75,3226
397,3229
220,3233
327,3236
446,3239
424,3262
341,3264
110,3272
151,3272
134,3273
82,3275
225,3281
55,3296
223,3301
470,3306
304,3311
96,3311
20,3312
181,3313
336,3324
198,3325
235,3326
479,3326
286,3327
2,3329
196,3331
33,3334
130,3342
331,3348
384,3359
192,3362
182,3366
26,3368
292,3375
210,3380
128,3386
106,3391
117,3392
309,3403
410,3405
224,3407
323,3410
468,3412
209,3413
254,3416
244,3422
349,3425
328,3426
238,3431
329,3431
300,3445
101,3455
79,3456
326,3469
347,3472
362,3501
175,3504
395,3526
27,3533
348,3534
403,3538
335,3542
404,3543
123,3551
421,3553
6,3553
221,3569
68,3569
69,3580
85,3582
215,3586
383,3591
317,3592
250,3592
491,3605
260,3619
83,3625
197,3630
318,3633
277,3642
112,3644
32,3650
87,3652
23,3669
81,3672
227,3673
463,3675
132,3684
416,3684
456,3707
71,3707
5,3740
270,3746
48,3751
359,3754
371,3763
290,3767
115,3771
4,3777
138,3788
141,3788
35,3790
452,3796
143,3811
42,3820
125,3828
219,3843
283,3849
438,3849
41,3850
11,3858
242,3858
111,3861
462,3910
353,3922
47,3944
247,3944
76,3948
173,3949
271,3956
280,3966
355,3975
67,3981
237,3985
364,3986
498,3988
191,3993
78,4014
241,4016
370,4021
188,4025
322,4031
169,4055
50,4060
30,4077
285,4102
469,4120
354,4124
142,4152
381,4166
382,4166
193,4190
9,4192
189,4216
264,4218
471,4226
273,4226
52,4236
291,4269
119,4281
152,4294
228,4319
480,4332
109,4372
172,4391
400,4394
10,4409
145,4418
158,4420
486,4426
374,4426
426,4429
165,4434
146,4438
263,4453
467,4474
442,4483
269,4483
166,4550
465,4603
249,4614
195,4622
39,4638
65,4648
246,4658
380,4688
295,4703
43,4731
218,4734
281,4801
418,4805
296,4841
51,4842
34,4848
334,4853
98,4855
481,4865
464,4869
394,4967
316,5002
217,5041
345,5045
259,5048
284,5052
15,5060
102,5118
159,5120
378,5169
19,5183
375,5195
127,5249
104,5277
234,5281
495,5323
297,5350
187,5377
434,5432
444,5441
176,5456
388,5499
265,5505
129,5634
240,5642
385,5693
360,5709
243,5761
325,5773
114,5826
190,5838
276,5862
229,5889
257,5961
313,6009
457,6041
49,6088
73,6152
483,6242
232,6329
342,6329
372,6348
17,6404
474,6404
496,6444
252,6598
74,6650
56,6763
461,6771
299,6833
391,6834
207,7027
38,7265
171,7270
59,7412
45,7495
256,7695
268,7732
222,8051
423,8134
314,8825
288,9696

simblock.block.ProofOfWorkBlock@36e3ff82:24
464,0
15,591
397,837
470,1076
35,1161
462,1401
33,1407
31,1412
342,1638
497,1649
249,1653
447,1741
325,1744
101,1882
134,1887
376,1891
257,1972
285,1981
132,1982
304,2072
80,2121
424,2128
388,2137
289,2218
370,2218
111,2221
416,2222
300,2222
150,2230
57,2233
42,2310
6,2361
301,2365
177,2376
70,2405
270,2436
404,2450
117,2455
244,2459
396,2460
438,2461
49,2464
97,2469
365,2481
109,2545
126,2549
13,2564
292,2570
215,2610
490,2643
338,2643
261,2682
108,2690
228,2694
448,2696
329,2696
486,2697
59,2706
336,2706
169,2706
14,2708
37,2710
151,2712
355,2714
27,2726
273,2733
345,2739
224,2746
366,2778
240,2785
383,2789
317,2789
5,2792
175,2797
56,2805
394,2807
131,2807
479,2834
333,2846
1,2883
48,2884
417,2903
72,2927
318,2933
120,2935
358,2943
436,2945
272,2946
112,2947
280,2950
468,2950
237,2951
65,2952
136,2960
473,2983
369,2986
361,3020
164,3021
26,3026
206,3029
488,3030
359,3031
425,3032
198,3033
165,3039
197,3040
46,3043
305,3043
384,3044
258,3046
90,3046
130,3046
337,3047
159,3049
188,3052
254,3055
409,3056
291,3065
449,3073
161,3079
483,3082
494,3084
440,3107
268,3123
312,3127
279,3128
28,3138
133,3138
347,3152
194,3164
82,3167
187,3172
129,3174
192,3181
485,3186
209,3189
74,3189
75,3190
432,3200
455,3204
199,3265
411,3266
269,3268
480,3268
418,3271
147,3273
220,3274
405,3275
47,3276
499,3277
492,3278
429,3280
226,3281
218,3283
135,3285
444,3287
431,3287
157,3289
76,3291
196,3292
119,3293
362,3294
247,3306
212,3310
491,3316
414,3318
408,3329
162,3340
77,3344
426,3344
266,3355
495,3357
308,3360
489,3360
78,3360
264,3365
20,3365
434,3367
144,3367
303,3368
277,3372
403,3373
143,3374
484,3375
118,3377
406,3377
21,3378
179,3379
475,3383
439,3387
200,3392
294,3398
153,3401
430,3401
402,3410
398,3412
367,3414
122,3419
251,3420
281,3427
331,3438
163,3445
393,3451
88,3457
469,3469
203,3482
407,3484
181,3490
85,3492
321,3496
283,3502
222,3504
385,3505
465,3508
298,3511
32,3515
445,3516
103,3516
83,3520
17,3521
182,3522
427,3522
61,3524
241,3527
255,3528
29,3531
463,3533
245,3534
102,3534
230,3540
328,3545
306,3573
94,3577
225,3579
4,3594
63,3595
327,3600
202,3606
84,3606
22,3610
51,3610
340,3613
127,3615
380,3615
233,3623
265,3625
392,3641
53,3646
39,3648
450,3653
141,3654
113,3663
286,3666
106,3679
379,3680
186,3689
40,3690
307,3693
156,3693
339,3695
346,3696
128,3698
476,3701
302,3703
471,3703
149,3704
381,3706
16,3709
460,3709
214,3712
332,3713
500,3716
250,3720
363,3722
146,3726
278,3741
316,3746
435,3747
44,3747
8,3749
201,3752
466,3764
382,3765
87,3767
401,3769
239,3771
2,3774
54,3787
433,3801
442,3805
95,3816
24,3828
235,3835
350,3838
422,3840
410,3855
18,3857
174,3861
451,3863
378,3866
79,3867
140,3894
324,3909
377,3911
400,3918
189,3924
193,3926
138,3929
176,3936
459,3938
323,3944
472,3947
387,3952
461,3957
276,3961
390,3969
437,3970
96,3973
205,3977
457,3980
11,3996
446,4007
123,4008
105,4009
256,4018
154,4018
293,4022
55,4023
310,4026
3,4028
204,4030
89,4033
170,4035
496,4039
211,4045
213,4046
330,4046
415,4049
160,4053
7,4066
234,4069
60,4070
155,4079
275,4086
344,4094
315,4100
487,4100
107,4104
421,4107
243,4114
139,4131
64,4145
62,4167
368,4189
349,4195
260,4202
343,4205
50,4205
351,4210
375,4235
23,4241
152,4264
412,4268
41,4269
413,4275
68,4276
458,4278
309,4304
478,4310
110,4315
284,4335
348,4346
137,4348
124,4353
477,4356
271,4364
341,4370
125,4380
121,4386
453,4387
326,4389
148,4395
399,4398
454,4407
168,4408
354,4411
208,4418
352,4424
238,4428
229,4450
30,4454
210,4505
443,4510
428,4518
372,4526
116,4526
227,4559
287,4602
178,4611
248,4646
232,4668
91,4676
335,4680
386,4680
364,4681
86,4682
25,4706
191,4711
99,4714
274,4718
395,4722
184,4723
167,4729
320,4738
267,4740
38,4786
334,4802
173,4814
242,4820
295,4825
66,4848
493,4856
9,4858
34,4863
420,4907
115,5006
36,5007
371,5016
100,5017
441,5047
419,5053
389,5062
373,5069
221,5122
311,5123
322,5130
423,5138
467,5139
223,5217
81,5219
10,5225
69,5246
195,5251
185,5328
357,5336
190,5355
253,5377
236,5385
231,5398
314,5415
296,5420
374,5475
43,5535
12,5536
360,5550
299,5552
171,5570
142,5628
104,5629
456,5649
58,5666
288,5676
356,5693
482,5716
259,5758
263,5789
217,5826
474,5830
353,5859
172,5960
180,5998
319,6030
93,6047
246,6053
67,6082
71,6119
114,6184
290,6229
216,6335
262,6361
297,6447
391,6461
98,6486
73,6506
183,6515
145,6634
282,6668
92,6697
166,6820
481,6872
219,6943
158,7031
498,7074
313,7134
452,7357
19,7454
52,7775
252,8239
207,8666
45,9124

simblock.block.ProofOfWorkBlock@20c50997:24
78,0
91,491
351,693
466,899
406,981
185,1100
346,1183
357,1185
270,1304
340,1386
92,1386
136,1392
72,1471
449,1510
262,1588
121,1591
70,1594
274,1595
350,1674
308,1676
196,1693
307,1722
110,1792
491,1794
226,1796
392,1803
233,1874
103,1877
422,1877
336,1886
168,1897
124,1925
386,1994
157,1998
367,2003
190,2016
368,2077
212,2079
204,2079
118,2079
448,2085
261,2090
460,2092
21,2101
493,2145
352,2164
39,2176
312,2199
8,2207
428,2211
158,2215
160,2280
415,2280
127,2282
439,2283
315,2288
305,2293
443,2297
402,2299
488,2304
309,2348
478,2366
179,2369
84,2370
94,2382
476,2396
206,2403
294,2409
310,2416
116,2419
264,2432
51,2435
214,2468
54,2482
44,2484
18,2490
266,2491
387,2491
293,2491
62,2497
377,2504
413,2505
137,2507
450,2508
253,2549
420,2569
113,2571
283,2571
440,2575
211,2579
475,2584
399,2605
319,2620
31,2621
419,2636
22,2637
53,2638
332,2644
200,2652
153,2670
282,2687
267,2692
86,2693
311,2693
210,2698
453,2705
473,2710
459,2712
208,2718
437,2724
93,2730
442,2741
407,2753
155,2773
435,2774
451,2782
345,2783
88,2783
333,2784
472,2794
66,2797
416,2806
401,2809
445,2822
184,2826
465,2829
393,2838
95,2842
188,2846
58,2847
278,2854
1,2871
198,2887
494,2891
489,2894
202,2895
170,2904
411,2904
24,2909
203,2911
180,2913
12,2921
499,2929
178,2939
426,2954
379,2966
107,2976
457,2977
483,2983
492,2986
154,2987
16,2988
97,2988
199,2999
176,3005
343,3007
468,3013
205,3015
194,3023
436,3029
167,3041
100,3043
213,3047
7,3048
61,3049
134,3055
140,3061
82,3062
164,3062
186,3073
412,3096
4,3097
3,3101
330,3110
429,3110
122,3111
427,3114
90,3121
57,3123
275,3128
286,3141
362,3149
28,3156
231,3179
409,3180
201,3182
36,3188
482,3189
13,3190
306,3191
156,3194
105,3198
73,3204
338,3210
337,3216
342,3218
163,3224
148,3225
87,3232
141,3246
85,3252
143,3254
485,3261
433,3262
403,3302
358,3303
101,3306
366,3312
150,3314
490,3315
49,3321
151,3328
432,3330
400,3332
328,3332
147,3346
119,3347
27,3351
64,3351
149,3359
302,3361
383,3379
441,3382
225,3385
303,3390
347,3391
67,3398
324,3400
135,3403
486,3411
248,3425
470,3425
500,3433
111,3437
425,3439
388,3453
109,3453
255,3455
417,3465
169,3468
123,3476
175,3502
131,3518
83,3521
370,3524
469,3524
365,3529
454,3534
348,3536
484,3537
268,3540
438,3550
446,3566
322,3568
316,3570
2,3594
236,3594
128,3599
277,3619
241,3621
10,3622
396,3627
235,3630
230,3630
114,3634
382,3636
130,3644
244,3651
11,3663
166,3676
321,3683
15,3684
363,3684
52,3690
125,3691
281,3692
132,3693
209,3704
325,3707
234,3727
195,3728
63,3736
162,3740
323,3742
193,3762
102,3763
35,3767
331,3769
240,3770
334,3776
397,3778
326,3783
289,3793
249,3794
181,3797
146,3807
256,3825
144,3828
26,3840
239,3840
318,3856
462,3867
216,3872
76,3876
254,3881
187,3885
361,3886
192,3909
247,3916
280,3916
45,3934
258,3936
197,3938
32,3945
398,3950
14,3951
284,3952
481,3953
498,3956
19,3959
117,3967
300,3978
487,3995
341,3999
232,4003
381,4008
273,4008
47,4009
404,4010
479,4021
33,4021
108,4025
29,4042
434,4042
238,4057
447,4064
75,4082
497,4084
77,4087
380,4089
17,4100
79,4102
115,4108
129,4123
37,4159
171,4171
20,4179
227,4192
251,4200
385,4209
159,4211
215,4215
165,4226
291,4235
395,4236
423,4257
173,4259
106,4260
182,4267
430,4289
390,4295
269,4323
495,4323
418,4330
496,4339
245,4340
142,4348
298,4356
372,4358
371,4366
207,4373
364,4387
59,4397
223,4399
42,4399
5,4417
138,4420
355,4422
104,4427
360,4435
271,4467
431,4505
74,4527
405,4529
339,4541
464,4545
222,4554
353,4575
335,4590
424,4598
455,4631
285,4640
480,4646
30,4669
349,4673
376,4679
299,4688
46,4723
290,4762
50,4781
98,4782
374,4788
81,4805
477,4807
56,4822
43,4830
217,4845
218,4847
189,4849
68,4849
55,4862
191,4864
242,4865
126,4879
375,4883
354,4883
172,4896
23,4944
384,4961
301,4995
38,5008
257,5046
41,5047
263,5060
228,5074
314,5109
313,5173
183,5175
112,5184
60,5192
246,5217
259,5248
378,5267
9,5271
421,5277
96,5364
252,5445
71,5461
276,5489
177,5495
394,5504
139,5538
279,5568
456,5653
69,5661
329,5682
344,5684
152,5696
296,5710
237,5818
461,5889
243,5976
99,5989
463,6000
89,6024
391,6081
288,6148
174,6263
295,6376
221,6430
265,6592
474,6859
297,6863
292,6975
219,7290
145,7727
467,8217

simblock.block.ProofOfWorkBlock@4a5f0c:25
235,0
222,572
96,811
331,1053
411,1146
431,1291
298,1381
37,1384
384,1621
245,1625
53,1625
236,1710
151,1726
19,1859
291,1862
398,1862
370,1953
251,1961
317,1964
18,1973
239,2071
56,2098
108,2099
5,2105
8,2117
301,2192
46,2194
358,2200
463,2202
379,2204
206,2214
435,2304
25,2323
220,2326
394,2337
404,2342
268,2344
176,2411
430,2419
479,2432
109,2432
383,2435
380,2437
421,2440
438,2441
2,2442
323,2461
412,2465
177,2522
66,2529
47,2535
469,2547
388,2566
355,2577
90,2586
478,2614
77,2626
160,2633
244,2667
408,2667
444,2671
73,2673
74,2674
82,2674
495,2677
359,2678
292,2678
240,2680
269,2685
319,2702
249,2712
332,2731
471,2746
280,2762
396,2766
132,2768
285,2773
35,2777
257,2780
316,2781
134,2787
39,2788
127,2795
373,2813
336,2815
215,2818
281,2825
213,2829
85,2870
338,2896
442,2900
414,2904
116,2907
112,2909
363,2911
111,2911
436,2911
300,2917
424,2917
42,2921
182,2922
166,2927
466,2932
382,2934
366,2970
264,2977
86,2996
120,2999
52,3003
458,3004
20,3004
102,3006
462,3006
212,3008
320,3008
326,3010
311,3010
150,3011
381,3011
119,3012
451,3014
313,3016
407,3016
247,3025
443,3026
97,3028
186,3032
497,3036
179,3041
356,3043
277,3073
278,3074
91,3076
267,3110
178,3110
470,3112
286,3113
345,3114
468,3118
161,3119
393,3119
87,3122
401,3124
95,3135
75,3138
83,3138
80,3149
105,3149
273,3150
318,3155
327,3161
487,3169
416,3173
480,3173
121,3178
361,3194
482,3219
122,3229
199,3234
397,3237
328,3238
261,3240
169,3240
140,3242
123,3245
126,3247
275,3252
51,3252
209,3253
59,3260
362,3261
26,3263
144,3266
253,3276
455,3279
14,3287
262,3288
406,3307
427,3317
306,3326
133,3327
149,3332
460,3332
321,3333
413,3336
270,3337
422,3338
61,3340
500,3342
454,3342
230,3342
389,3345
312,3351
15,3351
237,3351
392,3360
203,3364
426,3364
22,3372
441,3374
374,3378
16,3381
191,3388
329,3390
76,3391
238,3400
343,3403
137,3404
147,3414
28,3414
189,3419
499,3422
78,3425
6,3426
496,3430
70,3441
72,3442
305,3443
437,3443
282,3451
89,3452
58,3453
103,3471
187,3477
377,3478
188,3479
365,3484
124,3492
48,3492
258,3496
225,3498
494,3498
341,3498
130,3499
433,3500
403,3505
459,3506
410,3516
489,3518
419,3519
141,3519
88,3522
492,3528
255,3528
7,3532
63,3541
170,3544
114,3549
94,3566
184,3571
254,3577
205,3580
201,3583
272,3583
477,3586
432,3593
429,3593
447,3595
387,3603
162,3606
40,3609
386,3624
418,3627
488,3629
473,3630
181,3633
204,3633
43,3640
476,3645
233,3647
200,3661
266,3661
44,3663
481,3667
57,3668
65,3669
158,3672
340,3673
307,3673
1,3675
210,3687
405,3689
352,3690
351,3693
346,3696
64,3699
304,3704
324,3709
325,3715
11,3716
168,3720
390,3721
148,3721
409,3724
440,3735
143,3735
214,3744
71,3745
207,3746
117,3747
475,3748
106,3748
118,3761
17,3767
472,3769
464,3774
456,3782
485,3783
172,3787
54,3800
337,3811
439,3813
55,3815
79,3822
155,3824
483,3827
128,3828
446,3844
242,3845
385,3846
154,3850
303,3853
342,3858
334,3858
192,3869
4,3870
486,3879
99,3896
279,3901
13,3912
445,3918
333,3919
226,3933
190,3936
415,3940
33,3954
288,3988
315,3994
348,3995
27,3998
3,4001
211,4004
330,4006
294,4007
194,4014
139,4018
202,4020
135,4022
153,4031
62,4034
229,4041
376,4048
21,4057
167,4065
231,4065
375,4066
29,4077
113,4078
276,4082
309,4083
142,4095
195,4096
335,4103
98,4106
299,4129
129,4156
101,4161
107,4164
146,4184
68,4189
159,4195
171,4195
448,4200
271,4215
395,4219
434,4230
260,4232
344,4249
31,4253
246,4255
283,4283
391,4292
450,4325
310,4337
293,4341
302,4346
12,4352
372,4364
399,4369
228,4369
289,4375
259,4390
367,4395
308,4398
23,4406
217,4410
93,4411
360,4472
115,4474
378,4480
234,4488
221,4494
287,4498
296,4513
349,4525
152,4571
368,4580
425,4583
232,4590
104,4606
36,4618
50,4623
185,4656
350,4669
457,4674
428,4682
175,4683
208,4684
420,4700
218,4712
136,4731
110,4733
402,4752
353,4805
131,4851
219,4879
9,4882
423,4900
193,4913
314,4918
417,4920
24,4987
371,4993
263,5013
250,5015
60,5018
223,5025
41,5025
453,5033
197,5035
484,5061
357,5065
243,5071
224,5082
165,5169
173,5173
490,5253
138,5255
498,5289
248,5322
491,5347
32,5349
163,5351
265,5387
369,5393
339,5396
69,5398
10,5404
295,5427
364,5429
252,5476
241,5490
84,5595
100,5656
347,5668
180,5684
400,5685
322,5700
196,5728
157,5742
290,5755
145,5797
465,5809
452,5832
297,5888
274,5926
449,5992
164,6016
92,6063
45,6100
256,6101
49,6124
284,6160
38,6204
474,6238
216,6259
156,6345
30,6402
198,6440
81,6512
354,6545
125,6617
34,6659
174,6714
467,6792
227,6893
461,6973
183,7377
67,7780

simblock.block.ProofOfWorkBlock@766b1b58:25
143,0
124,491
272,693
338,911
412,984
94,1113
89,1188
419,1206
158,1315
448,1390
7,1407
367,1607
264,1608
285,1638
261,1810
148,1814
274,1878
470,1961
350,2012
36,2089
61,2113
247,2130
78,2214
166,2282
304,2292
205,2315
315,2370
233,2418
397,2450
105,2497
352,2501
185,2517
267,2577
431,2604
58,2621
53,2699
239,2707
70,2737
273,2766
103,2779
491,2823
389,2901
406,2909
147,2925
337,2993
309,3026
120,3068
220,3084
312,3103
440,3111
116,3196
163,3228
240,3240
179,3304
109,3395
18,3397
56,3399
257,3429
97,3545
466,3598
291,3656
67,3686
225,3713
486,3714
411,3759
316,3870
117,3916
159,3970
151,4029
438,4030
146,4130
322,4189
218,4197
111,4231
130,4285
376,4360
314,4464
374,4478
268,4515
244,4551
47,4605
479,4675
69,4677
227,4807
434,4830
258,4865
108,4922
223,4925
252,5128
15,5150
468,5180
83,5242
277,5268
183,5413
74,5470
193,5563
138,5638
195,5669
436,5718
187,5785
142,5997
68,6074
371,6096
342,6099
388,6167
335,6430
313,6431
43,6525
243,6559
275,6658
385,6747
400,6952
386,7149
145,7175
259,7618
180,7638
351,8128
459,8620
77,9116
319,9604

simblock.block.ProofOfWorkBlock@11236608:26
78,0
153,492
214,703
493,919
239,985
185,1120
352,1186
94,1192
91,1329
336,1388
345,1395
393,1410
93,1486
124,1537
25,1590
386,1610
248,1615
22,1617
440,1677
425,1692
308,1694
351,1739
302,1792
230,1811
413,1817
116,1824
401,1836
278,1879
473,1886
61,1893
53,1895
311,1906
449,1942
21,1968
200,1993
28,2002
31,2013
164,2029
482,2033
157,2038
368,2081
373,2083
89,2089
350,2100
282,2100
315,2101
457,2109
250,2110
407,2114
466,2151
118,2171
39,2185
84,2191
339,2196
415,2213
445,2215
54,2219
167,2235
226,2239
262,2241
377,2282
66,2290
451,2296
340,2302
63,2302
110,2303
184,2303
155,2304
338,2308
77,2310
408,2311
274,2314
306,2317
433,2318
199,2333
270,2352
447,2370
261,2374
170,2383
304,2383
343,2386
13,2409
324,2414
392,2415
213,2417
253,2423
500,2437
201,2457
346,2465
275,2483
216,2492
44,2496
472,2497
478,2499
266,2505
402,2505
176,2507
494,2509
107,2513
190,2513
180,2514
305,2517
484,2517
19,2524
154,2529
279,2536
293,2537
169,2552
307,2557
40,2571
490,2576
379,2577
487,2578
135,2586
128,2587
95,2588
492,2589
211,2589
88,2595
450,2603
310,2604
168,2606
459,2613
51,2619
367,2619
64,2620
215,2620
49,2637
131,2637
320,2641
236,2659
129,2662
406,2666
356,2683
422,2684
427,2698
328,2708
414,2709
488,2711
82,2711
435,2718
1,2718
12,2718
454,2723
127,2730
330,2730
420,2730
286,2733
430,2738
486,2739
333,2742
441,2773
409,2778
105,2780
27,2787
113,2788
357,2789
272,2791
283,2794
4,2795
160,2796
287,2798
485,2800
103,2801
133,2802
60,2806
477,2811
255,2812
387,2815
55,2816
36,2817
90,2822
294,2823
156,2825
348,2825
424,2829
198,2835
289,2839
469,2843
57,2843
366,2860
443,2864
191,2866
70,2867
417,2871
258,2872
240,2877
439,2882
303,2885
363,2886
212,2900
197,2910
332,2910
100,2918
188,2920
178,2921
143,2921
319,2923
85,2925
136,2931
24,2937
359,2943
358,2948
20,2951
453,2955
109,2959
112,2969
18,2980
140,2990
475,2991
16,2992
148,2993
389,2995
448,2995
224,2995
186,2997
499,3003
476,3006
256,3007
237,3008
460,3009
196,3017
344,3019
208,3019
491,3025
419,3027
370,3027
17,3032
411,3032
32,3044
323,3051
204,3053
48,3055
130,3058
6,3058
202,3068
399,3070
181,3072
405,3075
161,3075
117,3096
369,3098
331,3109
75,3118
432,3121
428,3121
243,3121
47,3125
162,3126
210,3129
326,3139
403,3141
480,3142
159,3146
102,3150
134,3154
365,3154
437,3155
72,3161
360,3166
398,3179
385,3182
321,3183
101,3189
458,3192
381,3192
86,3193
247,3194
203,3197
397,3198
496,3199
317,3209
37,3219
277,3228
426,3229
121,3237
446,3237
269,3249
249,3257
179,3258
2,3263
483,3264
455,3266
423,3267
292,3268
471,3270
92,3272
355,3286
87,3297
438,3301
150,3308
14,3310
65,3311
404,3327
394,3327
122,3329
56,3336
325,3337
327,3338
126,3339
361,3343
254,3344
479,3345
416,3346
465,3352
108,3356
380,3357
225,3361
175,3367
431,3379
429,3387
115,3392
68,3393
489,3395
267,3404
43,3416
390,3423
29,3439
299,3441
182,3442
139,3446
73,3451
209,3454
23,3454
468,3455
104,3464
418,3472
232,3476
138,3478
312,3483
378,3489
497,3502
52,3503
388,3506
241,3508
33,3511
265,3514
235,3516
290,3525
119,3525
444,3528
137,3534
123,3545
59,3545
396,3546
144,3551
222,3552
173,3564
281,3565
3,3567
120,3572
5,3582
291,3586
228,3590
229,3595
62,3596
195,3600
410,3606
300,3613
364,3622
83,3627
8,3647
442,3652
251,3663
362,3667
337,3684
231,3686
50,3688
80,3689
30,3693
481,3714
391,3731
322,3735
223,3761
376,3765
218,3772
41,3814
384,3819
245,3820
318,3820
141,3827
97,3831
11,3843
151,3844
194,3850
238,3856
436,3866
147,3885
205,3891
79,3893
9,3898
354,3900
329,3903
273,3912
470,3926
183,3933
284,3956
335,3978
34,3995
263,3999
374,4001
271,4010
106,4013
314,4017
142,4024
163,4052
192,4080
296,4081
234,4089
193,4090
67,4097
463,4133
76,4136
174,4159
220,4161
165,4166
280,4174
42,4208
166,4210
187,4223
285,4230
313,4243
276,4248
375,4248
206,4255
81,4260
71,4276
111,4407
498,4431
207,4441
149,4449
395,4464
341,4517
456,4522
257,4526
382,4531
114,4541
464,4545
347,4560
10,4566
349,4571
227,4596
242,4604
371,4689
96,4728
35,4848
26,4856
421,4860
400,4874
353,4887
301,4891
372,4916
125,4921
152,4959
334,4973
260,5008
259,5135
219,5162
46,5164
244,5169
383,5182
177,5206
298,5206
171,5286
99,5319
172,5387
38,5406
462,5496
98,5590
474,5591
252,5654
69,5697
217,5715
132,5813
189,5820
146,5849
145,6020
297,6083
461,6097
309,6101
495,6128
452,6143
45,6292
158,6307
221,6452
288,6559
264,6580
295,6587
412,6782
467,6946
233,6985
246,6992
7,7187
58,7394
316,7708
434,8025
268,8354
15,8669
74,8993
342,9313

simblock.block.ProofOfWorkBlock@7b2e75f8:26
232,0
145,783
423,1120
172,1456
98,1561
263,1793
207,1906
217,1910
372,2242
195,2242
290,2246
146,2258
381,2362
174,2515
276,2595
38,2600
104,2602
498,2686
20,2692
378,2692
411,2816
299,2851
497,2932
322,2936
219,3020
9,3028
358,3046
462,3073
43,3102
69,3143
177,3154
101,3169
284,3187
385,3273
71,3295
258,3360
362,3386
50,3393
379,3407
23,3454
182,3470
141,3483
96,3496
456,3528
238,3535
396,3597
434,3619
115,3628
5,3634
242,3634
15,3645
317,3653
117,3720
397,3723
271,3723
470,3739
237,3804
474,3805
465,3810
335,3816
198,3838
319,3851
370,3857
329,3885
424,3893
222,3922
469,3933
59,3950
193,3962
314,3973
112,3980
300,3980
48,3991
400,4002
147,4049
245,4068
235,4071
165,4130
189,4143
452,4158
187,4172
376,4175
380,4176
382,4177
455,4197
389,4213
264,4215
342,4218
259,4242
468,4256
438,4292
196,4302
298,4308
135,4309
102,4311
220,4337
297,4339
179,4343
316,4372
114,4387
361,4402
436,4417
390,4425
280,4433
175,4441
325,4452
6,4457
482,4461
268,4505
125,4513
336,4549
477,4559
246,4564
394,4594
292,4613
56,4621
160,4642
127,4645
475,4671
119,4692
80,4704
124,4705
228,4708
88,4715
301,4720
87,4739
257,4750
429,4751
285,4762
95,4770
18,4791
288,4791
445,4796
211,4834
169,4837
421,4841
149,4853
318,4867
352,4879
464,4880
277,4888
126,4890
109,4898
457,4919
61,4924
260,4925
133,4948
192,4953
442,4959
37,4963
28,4973
199,4975
40,5034
234,5047
255,5049
365,5068
444,5075
313,5076
139,5077
107,5100
248,5125
4,5125
73,5138
375,5147
35,5163
8,5173
309,5199
14,5202
218,5213
311,5214
446,5242
99,5244
368,5257
130,5262
369,5280
383,5281
415,5282
52,5289
209,5293
236,5305
283,5309
76,5317
240,5318
108,5320
212,5323
159,5339
356,5370
19,5378
492,5408
386,5415
357,5415
75,5415
359,5420
120,5430
110,5436
63,5445
333,5451
181,5453
33,5501
323,5521
132,5528
341,5533
31,5544
83,5544
486,5555
431,5605
476,5614
247,5615
463,5624
176,5637
221,5649
388,5651
487,5666
137,5687
16,5690
158,5700
347,5703
148,5706
348,5714
138,5739
244,5744
262,5749
140,5773
131,5775
51,5785
398,5790
42,5794
448,5812
343,5815
243,5833
485,5860
11,5874
274,5897
337,5904
164,5908
241,5910
250,5927
458,5936
113,5942
21,5944
215,5970
12,5973
2,5977
449,5996
1,6011
308,6030
65,6032
36,6032
185,6054
296,6061
287,6073
315,6093
203,6098
111,6104
84,6106
256,6149
340,6154
97,6168
91,6180
414,6190
206,6193
155,6194
81,6204
275,6240
85,6240
326,6247
41,6248
408,6263
500,6296
417,6303
253,6305
202,6311
249,6325
344,6361
488,6373
281,6413
223,6416
166,6427
478,6427
142,6428
100,6433
360,6470
204,6518
39,6521
346,6523
136,6552
289,6553
143,6578
93,6583
279,6599
491,6622
30,6636
426,6645
213,6684
270,6684
405,6685
25,6692
269,6696
190,6703
291,6712
282,6728
393,6730
404,6732
332,6745
121,6776
173,6777
105,6785
351,6794
13,6835
327,6885
90,6892
345,6920
427,6927
191,7003
471,7008
441,7013
366,7037
331,7059
307,7075
82,7088
230,7135
94,7172
27,7175
447,7176
168,7194
422,7201
216,7219
86,7220
153,7227
150,7228
321,7269
499,7273
443,7287
74,7337
183,7342
167,7355
92,7390
154,7409
184,7421
227,7441
106,7457
201,7503
483,7579
231,7637
392,7664
116,7665
22,7683
188,7710
432,7715
266,7720
433,7767
428,7777
225,7798
157,7817
156,7831
208,7852
310,7876
180,7909
194,7910
224,7911
144,7917
312,7947
302,7995
78,7999
413,8077
330,8147
399,8156
363,8183
401,8201
261,8204
459,8209
373,8266
350,8287
72,8327
295,8384
44,8405
24,8438
205,8462
55,8487
239,8495
493,8518
178,8554
494,8575
294,8646
496,8647
7,8672
186,8694
328,8698
425,8758
162,8781
395,8785
210,8906
412,8938
320,9115
466,9136
118,9160
339,9170
3,9188
437,9212
267,9247
233,9429
406,9667
57,9680
278,9735
163,9761
489,9805
402,9918
89,10166
338,10227
387,10407
214,10410
450,10659
29,10718
374,10995
122,11055
484,11208
306,11715
490,12203
70,12700
324,13189

simblock.block.ProofOfWorkBlock@70561f0f:27
369,0
286,524
483,727
57,933
85,1014
366,1135
392,1220
410,1237
211,1339
22,1422
279,1426
332,1438
31,1504
453,1623
158,1629
72,1630
160,1647
329,1667
18,1708
466,1714
155,1756
39,1825
368,1829
262,1830
8,1848
29,1871
266,1913
309,1915
475,1916
487,1922
351,1928
336,1962
384,1983
140,1996
203,2027
428,2034
201,2035
476,2050
27,2073
310,2113
264,2116
86,2116
437,2118
186,2128
164,2132
451,2136
377,2139
419,2143
194,2166
494,2198
412,2204
78,2206
401,2233
21,2235
418,2238
156,2244
320,2252
136,2255
449,2275
291,2301
303,2314
135,2315
493,2317
205,2318
16,2319
409,2320
293,2325
255,2330
267,2338
122,2338
261,2340
58,2346
60,2364
63,2405
253,2407
185,2408
93,2409
179,2409
161,2413
188,2413
110,2419
7,2436
196,2439
405,2448
170,2454
208,2456
496,2458
153,2459
447,2476
228,2479
396,2480
460,2487
308,2515
488,2517
13,2518
445,2520
210,2521
124,2522
352,2523
427,2531
44,2531
70,2537
478,2540
417,2540
168,2542
236,2544
53,2546
422,2548
238,2562
270,2567
457,2606
167,2611
373,2615
500,2615
204,2616
325,2616
357,2621
389,2623
162,2623
61,2625
454,2629
84,2632
1,2635
477,2647
439,2650
387,2659
287,2659
248,2660
274,2667
489,2668
176,2688
459,2689
425,2692
458,2695
251,2703
214,2710
414,2718
127,2718
462,2719
199,2726
148,2727
429,2728
450,2732
443,2734
330,2736
343,2737
499,2739
346,2742
344,2743
340,2747
250,2747
345,2749
406,2749
218,2754
393,2766
306,2767
327,2802
471,2802
473,2804
300,2805
433,2807
399,2813
40,2819
402,2820
129,2824
224,2824
492,2831
333,2831
312,2833
311,2836
491,2837
282,2852
304,2852
472,2856
283,2860
118,2861
109,2868
88,2870
257,2872
305,2872
361,2879
190,2885
319,2890
275,2896
350,2899
36,2901
28,2903
17,2904
239,2906
108,2908
4,2924
348,2929
105,2929
430,2930
215,2932
294,2935
92,2939
380,2940
143,2944
411,2947
209,2952
128,2955
24,2956
134,2962
82,2970
324,3002
382,3004
407,3005
107,3006
356,3013
363,3015
435,3017
415,3022
77,3024
440,3025
367,3027
233,3038
420,3041
137,3041
383,3043
144,3045
66,3046
11,3047
101,3050
315,3053
212,3056
338,3060
441,3062
226,3062
56,3065
149,3066
182,3072
138,3072
113,3073
280,3074
94,3074
51,3087
157,3091
497,3095
301,3097
67,3098
121,3103
230,3108
448,3109
130,3110
89,3127
302,3133
41,3137
426,3145
355,3146
278,3158
116,3162
469,3171
133,3177
47,3179
413,3180
292,3183
83,3204
200,3205
403,3205
126,3217
147,3229
321,3229
54,3230
6,3240
272,3241
25,3243
479,3244
175,3248
245,3254
206,3259
273,3259
495,3261
431,3263
178,3263
59,3264
198,3273
365,3280
5,3281
298,3288
485,3290
432,3291
408,3298
79,3300
328,3310
260,3317
3,3319
23,3341
102,3342
184,3343
323,3343
62,3356
232,3357
216,3359
317,3363
180,3363
247,3365
289,3367
120,3383
222,3384
159,3387
486,3389
76,3391
181,3395
390,3397
424,3400
444,3419
90,3424
154,3436
307,3447
131,3453
64,3465
9,3475
371,3480
32,3483
95,3492
35,3493
416,3499
187,3500
490,3500
314,3502
254,3513
68,3521
331,3525
43,3526
197,3529
150,3533
33,3533
55,3535
74,3559
442,3563
423,3565
141,3574
240,3576
376,3582
20,3582
183,3583
87,3592
370,3613
48,3628
119,3677
249,3678
446,3678
341,3678
381,3684
103,3689
480,3693
97,3700
213,3700
259,3705
359,3709
50,3717
358,3724
436,3725
146,3727
397,3733
342,3738
400,3746
80,3752
99,3760
463,3770
73,3783
290,3792
364,3793
354,3795
461,3802
470,3817
335,3820
151,3831
26,3848
349,3851
484,3858
337,3864
132,3881
15,3889
339,3891
169,3891
404,3896
38,3916
299,3936
438,3946
452,3947
115,3964
172,3987
468,3997
220,4001
46,4014
394,4015
421,4016
281,4027
75,4039
106,4045
243,4055
482,4072
464,4099
263,4106
12,4107
334,4108
242,4141
98,4161
225,4166
30,4171
227,4179
173,4190
398,4195
152,4198
91,4201
241,4208
244,4208
388,4216
265,4253
360,4261
81,4269
117,4270
231,4273
100,4309
123,4312
347,4329
237,4339
434,4353
96,4357
71,4360
165,4367
378,4368
285,4413
171,4431
163,4474
69,4505
202,4511
455,4522
316,4527
258,4531
456,4538
14,4585
284,4602
395,4605
288,4612
37,4627
375,4634
229,4645
111,4646
112,4653
269,4670
386,4680
219,4688
189,4689
166,4730
221,4794
246,4796
42,4825
65,4845
142,4949
318,4961
391,4965
191,4972
295,4999
297,5002
139,5016
114,5050
217,5073
34,5108
276,5110
235,5141
326,5170
223,5237
2,5277
192,5297
353,5366
125,5395
193,5414
474,5443
379,5457
10,5513
145,5538
385,5592
498,5597
313,5682
256,5725
268,5779
177,5910
467,5930
271,5951
19,5996
372,6029
362,6098
174,6168
52,6314
374,6370
277,6417
234,6733
252,6761
104,6805
465,7049
207,7199
296,7233
49,7365
45,7645
481,7665
322,8093
195,8533

simblock.block.ProofOfWorkBlock@7ff8ea28:27
361,0
438,579
404,817
131,1055
134,1150
269,1293
247,1388
222,1389
479,1624
488,1628
281,1636
101,1639
329,1719
215,1866
130,1871
291,1875
411,1878
489,1957
358,1960
398,1971
73,1978
159,2110
228,2112
166,2121
178,2131
8,2205
394,2206
381,2208
150,2209
251,2216
37,2216
17,2236
93,2296
453,2339
403,2350
182,2350
218,2437
144,2444
380,2445
15,2453
235,2454
492,2455
463,2455
352,2457
192,2459
151,2463
57,2537
85,2540
344,2542
117,2543
325,2550
270,2565
465,2589
300,2594
402,2625
205,2626
454,2664
486,2682
384,2683
52,2685
342,2690
289,2693
108,2693
468,2694
273,2697
46,2704
379,2709
225,2723
255,2746
424,2774
249,2779
97,2784
257,2784
277,2785
148,2786
483,2786
362,2788
323,2795
21,2825
140,2860
315,2874
412,2876
346,2876
90,2920
396,2923
419,2925
175,2929
245,2931
480,2931
470,2941
129,2943
238,2943
49,2946
431,2946
2,2950
250,2950
28,2955
201,2961
241,2965
227,2980
416,3011
349,3013
165,3014
123,3022
436,3023
462,3023
111,3025
118,3027
316,3027
147,3028
298,3029
293,3031
469,3032
388,3032
96,3033
348,3038
120,3043
77,3046
122,3065
51,3076
306,3083
16,3119
44,3121
420,3125
39,3157
386,3158
376,3165
397,3166
495,3166
132,3177
347,3183
446,3185
326,3186
59,3186
114,3186
317,3190
437,3205
237,3205
387,3215
320,3247
149,3249
42,3250
141,3252
368,3255
421,3255
58,3257
198,3259
442,3260
12,3260
365,3262
74,3267
169,3267
191,3270
355,3272
87,3273
80,3275
18,3277
116,3278
220,3279
390,3282
327,3294
181,3299
48,3301
196,3326
26,3346
370,3348
56,3353
183,3357
224,3362
435,3363
231,3363
455,3375
88,3378
429,3379
498,3384
102,3388
31,3394
331,3404
353,3407
75,3411
414,3415
32,3417
5,3424
240,3431
473,3436
19,3436
142,3442
197,3443
356,3456
415,3461
330,3462
253,3486
485,3486
285,3489
234,3490
497,3494
109,3498
47,3498
464,3512
64,3514
155,3517
427,3519
119,3532
477,3536
127,3537
434,3539
425,3541
190,3545
500,3554
268,3563
351,3567
336,3583
301,3587
110,3589
208,3589
389,3590
383,3591
180,3599
407,3601
357,3601
91,3602
258,3603
408,3603
188,3606
106,3609
246,3612
274,3613
458,3615
66,3617
254,3622
27,3637
135,3647
33,3648
209,3654
185,3657
35,3679
206,3692
366,3697
86,3702
447,3726
385,3733
345,3739
413,3741
226,3749
6,3753
162,3760
242,3762
311,3763
283,3767
95,3774
61,3785
157,3790
121,3797
248,3797
244,3800
460,3808
81,3815
203,3817
20,3823
313,3824
112,3828
428,3829
343,3829
69,3829
496,3831
65,3846
167,3847
418,3847
9,3848
490,3849
267,3852
83,3857
266,3858
34,3864
392,3867
213,3872
105,3872
337,3877
457,3886
177,3886
307,3887
199,3889
282,3912
444,3916
312,3919
53,3921
124,3921
210,3929
113,3929
305,3932
14,3936
484,3937
7,3939
176,3941
160,3942
338,3946
321,3950
395,3973
451,3977
478,3983
239,3986
359,4011
449,4011
391,4016
297,4018
216,4026
103,4039
278,4047
422,4058
11,4064
4,4067
339,4069
40,4085
401,4091
154,4091
443,4093
230,4094
292,4096
68,4103
189,4108
232,4111
450,4114
280,4115
13,4121
25,4122
405,4125
309,4126
36,4127
3,4132
261,4162
204,4167
128,4167
76,4173
378,4175
136,4176
423,4177
186,4180
377,4183
168,4183
448,4199
211,4209
194,4219
406,4221
104,4223
382,4228
340,4229
30,4242
373,4247
43,4258
202,4260
236,4264
89,4264
399,4266
393,4267
493,4268
452,4271
133,4276
184,4278
24,4278
499,4283
217,4294
375,4302
426,4321
275,4354
474,4355
156,4357
276,4368
294,4378
126,4383
172,4386
445,4397
158,4417
310,4424
432,4430
187,4430
371,4443
55,4458
63,4462
92,4466
94,4503
22,4504
107,4514
369,4518
200,4521
207,4522
441,4529
271,4538
332,4543
367,4549
467,4579
476,4579
99,4580
82,4590
466,4595
430,4597
214,4597
279,4607
70,4609
286,4614
223,4632
171,4646
494,4648
487,4655
23,4673
50,4680
374,4683
260,4688
195,4690
78,4702
482,4731
372,4737
100,4746
334,4759
54,4763
265,4781
400,4786
137,4795
1,4799
164,4833
471,4847
153,4851
72,4852
256,4858
350,4858
170,4862
439,4909
212,4925
475,4928
302,4944
229,4968
461,4969
243,4986
417,4987
299,4997
295,5003
288,5007
221,5037
125,5066
308,5078
303,5093
456,5111
79,5116
143,5129
459,5130
319,5164
145,5184
272,5190
259,5208
233,5242
173,5248
163,5257
152,5259
333,5276
146,5314
161,5316
115,5323
67,5373
314,5405
481,5420
262,5432
263,5442
174,5457
328,5462
491,5466
38,5474
304,5520
324,5530
433,5535
193,5541
41,5572
363,5607
354,5617
287,5646
219,5652
284,5661
29,5798
45,5823
335,5877
138,5886
364,5925
264,5937
84,5978
290,6076
440,6130
318,6185
62,6274
341,6294
296,6333
71,6335
179,6466
60,6609
98,6752
252,6873
472,6954
10,7277
139,7687
322,8092

simblock.block.ProofOfWorkBlock@24d96abe:27
360,0
171,777
370,1227
462,1678
198,1799
90,1903
298,2043
184,2174
257,2256
5,2282
398,2352
119,2382
234,2475
117,2496
249,2520
96,2620
76,2622
31,2669
105,2670
97,2713
35,2736
220,2769
240,2835
70,2844
416,2854
486,2865
109,2868
328,2877
59,2955
403,2956
15,2989
177,3017
52,3046
465,3073
230,3080
56,3092
301,3108
6,3110
279,3157
20,3194
431,3197
355,3208
235,3209
329,3234
132,3272
144,3283
307,3302
358,3311
74,3318
253,3332
359,3335
442,3337
73,3348
181,3349
179,3368
411,3403
2,3433
89,3531
167,3537
236,3540
26,3548
379,3555
262,3568
473,3571
65,3573
277,3587
19,3594
237,3597
422,3602
396,3618
309,3623
401,3646
218,3652
377,3672
112,3672
337,3775
141,3777
436,3788
325,3794
384,3810
393,3820
470,3839
305,3866
12,3869
21,3871
495,3896
264,3900
244,3912
53,3919
348,3924
421,3926
57,3936
151,3940
366,3954
275,3976
439,4007
383,4017
480,4025
280,4038
382,4049
300,4076
306,4135
268,4135
197,4161
338,4178
118,4196
202,4205
84,4214
425,4232
356,4249
450,4254
499,4257
166,4264
399,4266
83,4267
281,4287
402,4288
415,4315
272,4347
103,4352
365,4373
437,4389
127,4408
7,4494
313,4498
323,4501
496,4527
49,4527
471,4534
352,4563
88,4580
321,4585
149,4586
339,4597
261,4603
468,4611
271,4618
430,4628
110,4634
129,4682
54,4683
194,4730
405,4737
14,4770
39,4804
95,4824
428,4830
287,4857
126,4859
176,4869
310,4893
258,4902
426,4913
44,4915
43,4936
186,4945
107,4965
375,4994
284,5025
188,5026
485,5050
211,5066
302,5068
216,5104
475,5122
153,5153
368,5171
143,5188
482,5190
163,5199
46,5221
319,5230
413,5246
185,5250
389,5281
440,5301
315,5303
407,5355
199,5397
498,5399
156,5399
55,5437
314,5455
155,5485
66,5501
340,5520
213,5520
239,5529
289,5540
477,5559
343,5579
248,5586
136,5614
453,5614
324,5650
135,5727
180,5730
467,5749
58,5766
414,5790
9,5802
91,5834
214,5852
160,5864
346,5888
81,5893
451,5911
100,5915
137,5946
138,5988
206,5991
491,6060
36,6096
207,6139
378,6161
357,6170
28,6193
38,6208
336,6222
224,6243
330,6244
173,6249
408,6275
86,6281
341,6300
133,6337
435,6392
232,6415
282,6428
350,6502
256,6544
41,6568
231,6572
82,6574
99,6578
459,6605
322,6613
423,6615
364,6654
295,6694
250,6723
334,6741
1,6774
125,6859
354,6859
449,6906
458,6923
45,6964
276,6976
221,6981
164,7055
212,7239
24,7265
67,7266
69,7344
115,7363
296,7387
242,7396
174,7412
278,7575
223,7622
288,7681
400,7739
229,7770
172,7796
283,7908
30,8025
195,8085
68,8189
381,8195
290,8204
243,8302
456,8608
327,8657
98,8707
474,9111
225,9119
219,9515
106,9576
108,10026
187,10479
478,10975
162,11466

simblock.block.ProofOfWorkBlock@27fba644:27
75,0
32,574
349,813
388,1055
130,1152
300,1293
463,1391
236,1481
327,1532
151,1626
497,1630
244,1773
77,1811
65,1865
102,1870
470,2105
121,2109
144,2116
261,2143
56,2343
5,2443
188,2443
483,2446
185,2446
315,2473
187,2581
268,2685
31,2777
368,2777
344,2778
127,2815
455,2829
87,2924
342,3073
155,3107
266,3107
53,3112
489,3145
458,3269
359,3322
61,3436
55,3437
99,3469
262,3479
304,3608
186,3651
478,3778
45,3795
206,3817
435,3949
428,3987
194,4116
319,4150
138,4205
459,4283
274,4330
129,4446
164,4485
98,4609
433,4623
213,4665
460,4775
432,4819
119,4908
417,4952
154,5014
43,5016
282,5106
389,5151
89,5282
293,5344
67,5421
160,5439
49,5449
419,5480
475,5619
217,5755
405,5770
284,5830
252,5900
125,5987
169,5991
364,6161
474,6183
183,6296
23,6394
431,6533
189,6591
50,6797
44,7177
29,7819
453,8481
51,9125
36,9779
153,10421

simblock.block.ProofOfWorkBlock@294fa167:28
299,0
41,774
207,1119
263,1458
423,1897
144,1906
134,1909
174,2155
498,2242
301,2357
300,2362
234,2479
59,2486
456,2499
276,2679
177,2699
141,2717
358,2730
436,2810
355,2819
284,2837
397,2930
131,2932
469,2956
438,2976
290,3010
195,3016
246,3018
353,3059
90,3075
372,3159
384,3170
325,3173
232,3181
42,3197
259,3200
192,3217
434,3270
56,3281
382,3286
117,3300
119,3301
52,3314
200,3316
150,3394
71,3394
424,3395
376,3408
298,3423
251,3439
329,3455
108,3468
370,3471
182,3506
215,3518
175,3523
379,3526
50,3539
394,3549
362,3551
76,3551
479,3558
291,3567
405,3611
245,3625
347,3632
342,3634
112,3635
331,3641
403,3644
75,3652
6,3663
281,3685
273,3695
20,3720
242,3738
383,3739
73,3759
381,3763
87,3764
109,3767
172,3784
191,3789
478,3805
153,3813
244,3851
225,3854
333,3855
202,3859
165,3872
83,3872
421,3876
2,3877
219,3880
315,3882
463,3882
97,3883
197,3889
188,3892
249,3903
448,3903
96,3920
247,3933
470,3935
74,3936
199,3952
388,3955
486,3971
26,3976
346,3983
238,4003
497,4011
268,4026
139,4032
37,4033
181,4037
257,4039
132,4045
418,4056
210,4079
480,4080
457,4090
326,4091
455,4092
492,4096
218,4100
313,4101
14,4111
198,4117
102,4119
460,4121
302,4122
429,4129
446,4132
230,4136
187,4141
258,4143
349,4179
332,4180
62,4187
390,4188
459,4192
303,4201
365,4208
435,4209
386,4211
496,4212
471,4215
19,4219
385,4219
430,4220
327,4228
121,4231
304,4232
169,4242
408,4249
449,4256
46,4258
166,4271
80,4276
248,4276
111,4278
267,4279
44,4281
220,4290
369,4296
442,4298
1,4300
25,4306
16,4314
495,4318
416,4318
38,4326
464,4334
411,4338
209,4338
282,4348
226,4350
101,4352
40,4354
91,4355
465,4367
128,4371
361,4373
33,4380
35,4387
354,4390
27,4390
400,4395
180,4400
222,4405
85,4408
66,4415
124,4425
359,4426
453,4437
285,4446
105,4450
261,4452
454,4455
323,4461
140,4465
32,4467
64,4472
236,4480
250,4480
125,4482
335,4487
142,4498
395,4498
319,4509
426,4512
126,4512
378,4514
419,4517
444,4520
272,4521
17,4523
320,4534
151,4541
340,4546
159,4547
186,4547
409,4550
110,4552
77,4554
350,4565
137,4566
49,4588
367,4591
461,4592
86,4595
196,4609
211,4611
155,4612
55,4612
348,4614
389,4615
240,4616
317,4617
266,4627
253,4635
328,4636
270,4651
123,4656
401,4656
5,4658
293,4659
420,4664
161,4668
122,4678
445,4683
61,4685
316,4694
360,4694
473,4696
13,4696
148,4701
29,4712
241,4731
352,4740
47,4744
69,4748
190,4749
194,4763
30,4765
213,4766
158,4766
65,4777
458,4778
254,4781
368,4782
351,4785
235,4786
415,4790
427,4798
143,4800
21,4801
129,4806
4,4811
297,4812
203,4812
45,4812
149,4830
228,4839
345,4841
318,4855
286,4863
275,4865
476,4865
305,4875
262,4878
206,4883
120,4885
451,4885
271,4889
233,4896
57,4897
322,4916
447,4920
404,4924
183,4928
145,4931
493,4940
160,4944
8,4947
336,4950
79,4963
3,4967
377,4992
398,5001
412,5007
116,5009
224,5010
410,5075
95,5093
88,5099
36,5102
11,5106
452,5106
321,5108
72,5111
292,5127
212,5129
78,5130
205,5131
462,5148
491,5160
417,5175
152,5177
392,5181
58,5199
274,5200
157,5201
380,5202
396,5203
432,5205
341,5207
214,5218
229,5228
103,5232
437,5232
344,5235
15,5236
170,5273
173,5275
288,5278
223,5280
407,5280
310,5280
227,5285
135,5289
23,5293
147,5294
414,5294
70,5322
260,5323
43,5328
467,5341
54,5344
163,5350
99,5373
330,5429
488,5441
154,5448
289,5450
393,5464
283,5466
94,5509
53,5534
356,5548
31,5593
104,5606
440,5610
156,5612
98,5637
374,5637
433,5637
68,5660
28,5673
357,5676
171,5687
48,5692
216,5693
256,5694
100,5694
162,5724
130,5742
468,5743
314,5749
312,5758
243,5775
439,5786
482,5796
373,5817
146,5825
164,5839
179,5843
474,5852
67,5853
264,5865
366,5880
269,5899
231,5941
167,5948
9,6043
115,6056
189,6077
24,6082
500,6127
375,6141
185,6150
371,6162
18,6173
391,6182
287,6184
184,6192
237,6193
60,6203
475,6210
399,6236
127,6277
178,6279
308,6286
338,6308
280,6354
489,6354
466,6387
176,6482
402,6503
309,6543
221,6574
201,6578
114,6591
499,6616
92,6618
265,6639
106,6648
477,6675
113,6693
278,6797
472,6812
277,6821
343,6834
133,6881
217,6986
81,7033
239,7035
295,7036
431,7041
7,7066
51,7107
413,7136
485,7163
204,7164
107,7210
252,7257
306,7289
22,7316
481,7440
93,7533
441,7565
34,7568
364,7568
138,7615
294,7628
136,7697
484,7777
339,7817
296,7971
334,8024
311,8030
39,8055
279,8117
428,8267
89,8305
118,8349
10,8376
487,8518
255,8555
387,8609
443,8756
193,8787
168,8795
208,8998
307,9008
494,9101
425,9245
490,9283
12,9504
483,9594
337,9640
324,9744
82,10087
450,10260
63,10285

simblock.block.ProofOfWorkBlock@49108018:28
170,0
155,496
357,697
103,963
320,984
61,1164
309,1186
351,1189
128,1366
308,1393
204,1394
366,1453
206,1475
176,1568
94,1597
70,1598
303,1655
7,1658
387,1677
78,1683
449,1689
201,1770
311,1805
95,1818
274,1857
140,1860
386,1878
471,1884
283,1886
472,1889
105,1894
110,1894
369,1945
92,1972
319,1973
305,2017
62,2020
340,2059
413,2065
239,2071
236,2081
282,2088
485,2090
457,2091
39,2092
332,2095
344,2103
482,2150
339,2155
484,2171
493,2172
185,2175
175,2201
451,2220
459,2222
148,2260
121,2261
414,2267
427,2281
330,2287
417,2291
267,2292
475,2293
393,2296
116,2297
368,2298
82,2312
441,2351
315,2361
253,2373
270,2373
454,2379
91,2387
477,2394
264,2398
139,2414
245,2420
261,2424
28,2461
211,2464
453,2465
25,2472
113,2483
124,2488
445,2492
343,2500
158,2500
1,2500
392,2502
410,2507
156,2508
406,2516
286,2555
190,2559
425,2562
337,2562
250,2576
356,2581
77,2593
60,2594
202,2595
307,2609
338,2617
399,2636
8,2646
199,2663
168,2665
157,2667
194,2672
412,2683
137,2685
16,2689
440,2698
262,2704
409,2705
143,2705
287,2712
324,2714
323,2717
230,2717
117,2739
44,2756
402,2760
312,2761
350,2764
448,2769
483,2778
191,2782
213,2782
182,2786
499,2787
478,2787
430,2788
488,2795
302,2797
428,2801
352,2806
153,2813
136,2815
15,2819
66,2821
210,2839
266,2846
23,2847
275,2854
407,2867
154,2867
294,2875
163,2877
460,2884
458,2889
31,2891
345,2896
53,2906
196,2908
489,2916
118,2917
278,2922
317,2929
122,2938
490,2958
433,2960
93,2966
18,2975
443,2977
127,2977
13,2980
167,2990
135,2990
420,2992
363,3000
133,3002
12,3002
466,3016
464,3019
379,3019
476,3021
435,3025
336,3029
198,3032
216,3048
422,3049
200,3057
84,3058
328,3060
33,3061
491,3080
161,3084
186,3088
367,3093
132,3096
203,3098
184,3099
361,3102
447,3107
214,3108
107,3110
59,3119
249,3124
26,3135
14,3136
426,3141
150,3151
3,3154
450,3163
405,3165
377,3178
226,3182
180,3183
418,3187
496,3189
269,3190
401,3191
370,3194
279,3194
21,3204
205,3210
469,3211
88,3229
72,3229
383,3231
411,3234
486,3239
237,3245
63,3259
178,3263
208,3268
50,3280
218,3283
29,3284
162,3284
389,3286
151,3290
188,3299
310,3300
209,3308
439,3343
358,3344
106,3350
436,3362
346,3365
55,3368
37,3371
431,3371
494,3377
51,3391
54,3393
497,3395
179,3395
424,3398
289,3403
19,3404
432,3406
100,3408
398,3411
421,3411
24,3412
129,3414
495,3421
40,3422
144,3425
233,3432
446,3433
254,3439
112,3448
371,3451
382,3451
123,3452
36,3468
408,3469
160,3470
415,3471
222,3472
299,3488
348,3489
231,3490
500,3492
164,3502
165,3503
181,3503
80,3510
301,3525
255,3530
5,3543
462,3547
468,3550
49,3553
76,3555
11,3561
217,3567
487,3577
90,3578
355,3599
89,3600
285,3605
349,3606
212,3610
244,3611
22,3626
141,3629
248,3634
292,3657
232,3657
326,3660
177,3664
395,3675
300,3677
442,3680
419,3681
318,3686
438,3687
57,3701
17,3714
65,3720
109,3722
316,3723
429,3725
376,3729
85,3731
388,3738
228,3746
273,3748
241,3753
131,3757
260,3762
225,3762
173,3768
333,3777
86,3778
384,3784
159,3813
47,3815
463,3820
130,3820
479,3821
480,3825
291,3827
38,3827
114,3829
64,3838
341,3856
120,3860
403,3868
75,3870
119,3875
43,3876
397,3882
46,3886
284,3891
240,3893
396,3895
48,3918
423,3919
298,3925
111,3933
149,3933
169,3934
101,3950
102,3953
456,3958
290,3970
329,3983
166,3984
34,3987
455,3993
20,4009
192,4034
304,4039
347,4047
281,4048
104,4061
280,4066
73,4086
79,4087
321,4091
272,4092
171,4094
52,4095
6,4098
373,4098
365,4099
251,4134
416,4137
41,4150
391,4162
256,4169
314,4176
434,4182
498,4184
268,4184
172,4199
335,4199
220,4201
474,4220
189,4248
215,4248
378,4249
83,4251
183,4257
288,4258
115,4268
353,4275
492,4294
238,4299
147,4300
152,4306
372,4313
364,4320
390,4324
322,4324
45,4327
67,4346
243,4357
68,4368
331,4368
277,4370
252,4379
219,4387
142,4398
97,4424
74,4429
99,4430
126,4449
187,4461
360,4463
134,4498
325,4522
71,4537
32,4595
246,4602
334,4606
313,4624
146,4635
56,4639
223,4663
296,4685
481,4687
404,4687
235,4689
354,4694
452,4727
193,4748
2,4765
327,4782
295,4801
359,4816
69,4836
297,4844
207,4854
125,4878
385,4910
35,4955
394,5001
465,5011
174,5136
98,5196
461,5202
227,5226
229,5272
342,5275
263,5284
258,5316
42,5326
10,5337
257,5590
96,5633
362,5643
242,5712
81,5774
437,5836
234,5949
221,6019
473,6025
271,6144
138,6222
381,6271
9,6449
470,6458
380,6589
467,6631
30,6649
276,6880
374,7038
400,7076
375,7126
145,7468
265,7519
259,7911

simblock.block.ProofOfWorkBlock@340b5d85:29
91,0
157,506
312,710
206,916
279,1003
205,1124
107,1205
167,1206
401,1367
127,1407
448,1407
487,1495
333,1608
70,1609
443,1609
367,1615
352,1695
16,1701
186,1707
57,1809
92,1812
164,1814
344,1841
430,1859
294,1896
315,1903
105,1904
202,1909
417,1931
373,1990
31,2018
84,2025
406,2028
303,2044
286,2060
454,2097
58,2098
118,2101
357,2106
272,2108
135,2109
61,2111
190,2115
255,2134
200,2184
412,2191
7,2201
420,2203
264,2223
261,2229
78,2229
178,2245
148,2261
27,2299
451,2300
170,2301
208,2304
307,2309
113,2309
179,2311
94,2311
89,2316
453,2320
201,2323
51,2353
439,2362
62,2385
494,2385
405,2393
386,2394
184,2398
162,2406
95,2411
18,2416
180,2424
425,2430
363,2438
408,2448
254,2460
110,2482
270,2502
369,2502
475,2506
332,2511
204,2513
203,2514
194,2514
12,2514
389,2515
415,2515
213,2519
478,2522
445,2527
25,2528
39,2540
392,2554
343,2555
287,2565
471,2594
278,2595
310,2596
492,2597
163,2599
472,2600
308,2601
356,2602
473,2603
124,2603
44,2606
459,2609
128,2609
419,2613
413,2614
29,2625
330,2629
226,2632
376,2638
414,2641
129,2656
214,2672
199,2683
176,2687
441,2695
393,2702
253,2705
449,2706
154,2713
493,2713
1,2715
36,2716
77,2717
457,2721
137,2721
13,2722
432,2727
422,2728
103,2745
22,2759
122,2760
306,2762
93,2763
24,2770
65,2770
109,2774
410,2788
211,2798
496,2800
86,2801
328,2801
155,2803
282,2803
156,2803
402,2806
351,2808
143,2808
428,2810
477,2813
345,2813
484,2815
239,2819
161,2820
339,2826
380,2828
150,2829
437,2833
337,2837
458,2842
147,2853
368,2862
342,2876
377,2884
216,2889
266,2892
321,2896
433,2897
28,2908
72,2909
499,2910
63,2919
304,2922
476,2924
283,2926
210,2928
440,2929
160,2930
231,2931
262,2933
228,2940
277,2942
460,2945
479,2952
491,2964
500,2968
4,2973
136,2998
483,3002
153,3002
60,3007
305,3009
85,3009
409,3018
466,3021
121,3022
76,3029
444,3029
144,3031
346,3041
133,3048
40,3050
336,3063
249,3070
75,3084
224,3087
482,3090
340,3091
292,3092
316,3094
158,3100
188,3100
387,3100
490,3106
426,3109
182,3118
447,3121
280,3125
53,3126
311,3131
21,3131
196,3132
247,3133
175,3137
455,3138
245,3140
436,3145
495,3147
411,3148
8,3150
48,3154
59,3155
141,3156
355,3162
289,3171
149,3190
319,3193
33,3194
230,3203
309,3210
26,3223
370,3230
362,3230
399,3242
152,3244
238,3247
177,3248
235,3258
111,3261
390,3262
423,3263
54,3265
225,3267
348,3283
302,3293
55,3302
322,3304
250,3306
168,3314
100,3315
20,3328
212,3333
446,3341
80,3345
74,3348
318,3350
470,3350
274,3356
240,3358
381,3359
325,3360
87,3362
397,3364
317,3370
50,3371
227,3395
185,3400
424,3405
275,3410
64,3411
151,3419
241,3433
301,3440
396,3441
298,3442
331,3444
56,3447
166,3448
271,3450
215,3453
398,3460
251,3460
6,3461
434,3462
209,3462
123,3470
347,3471
468,3472
23,3484
198,3490
140,3500
293,3500
324,3503
323,3506
281,3510
481,3512
407,3516
485,3534
2,3554
14,3555
42,3561
112,3575
269,3582
442,3587
90,3589
172,3595
120,3596
236,3602
197,3607
350,3611
354,3626
364,3637
134,3642
126,3658
5,3661
465,3665
365,3680
416,3681
218,3685
237,3685
263,3692
189,3694
450,3702
349,3718
300,3737
117,3737
3,3746
19,3761
9,3761
388,3762
452,3765
220,3766
165,3768
431,3775
114,3779
17,3779
486,3793
37,3795
116,3805
82,3815
404,3831
229,3852
326,3853
68,3870
290,3877
96,3891
438,3894
461,3894
488,3905
38,3933
284,3942
169,3979
97,3984
222,3999
159,4000
427,4009
378,4013
489,4016
146,4045
252,4051
187,4055
327,4060
11,4077
52,4087
34,4088
102,4094
394,4095
285,4114
384,4146
464,4172
375,4191
256,4203
341,4205
329,4206
192,4212
320,4216
374,4218
361,4226
358,4300
403,4313
83,4320
462,4330
469,4372
131,4393
313,4402
244,4420
248,4428
379,4429
395,4432
335,4478
174,4489
360,4492
139,4527
359,4537
49,4545
35,4546
296,4576
242,4603
291,4625
233,4630
104,4632
41,4634
108,4640
383,4646
295,4686
183,4706
73,4711
429,4735
207,4829
66,4832
497,4860
276,4862
480,4865
382,4868
98,4882
142,4910
498,4936
181,4942
314,4955
15,4959
132,4967
106,5027
171,5031
338,5033
119,5051
334,5062
260,5066
46,5179
418,5196
267,5235
130,5283
273,5283
125,5304
193,5309
259,5387
69,5426
435,5437
115,5451
232,5455
217,5479
456,5490
463,5498
372,5557
47,5598
299,5631
88,5640
288,5717
391,5738
99,5751
258,5830
366,5842
79,5920
246,5924
173,5942
371,6028
297,6043
71,6074
257,6147
101,6163
243,6223
223,6362
67,6460
268,6477
221,6584
421,6796
45,6804
43,6893
145,7023
385,7120
195,7322
234,7434
474,7452
32,7748
219,7888
353,8078
467,8378
138,8853
400,9280

simblock.block.ProofOfWorkBlock@293a9c1f:30
460,0
310,494
406,715
476,916
16,988
135,1127
420,1191
350,1205
40,1329
500,1393
496,1407
336,1412
161,1478
140,1534
62,1595
443,1614
168,1615
330,1617
309,1684
8,1696
124,1705
224,1740
307,1801
136,1817
137,1818
389,1819
202,1826
107,1887
148,1896
86,1899
208,1908
490,1910
179,1917
303,1955
51,1968
453,2006
156,2019
459,2023
164,2023
278,2028
178,2031
412,2093
428,2099
186,2100
449,2105
312,2107
450,2111
440,2121
262,2122
409,2136
305,2157
274,2174
492,2174
499,2185
163,2195
105,2211
483,2220
91,2225
473,2225
293,2229
176,2234
266,2235
90,2250
184,2295
64,2297
357,2305
66,2312
407,2312
160,2313
270,2315
439,2319
110,2323
239,2324
478,2325
448,2326
410,2345
477,2359
387,2377
60,2378
401,2386
210,2391
204,2394
167,2396
158,2398
55,2401
457,2404
328,2411
18,2417
46,2422
12,2424
213,2432
199,2438
39,2444
63,2450
489,2471
319,2498
352,2501
212,2502
154,2509
445,2509
253,2513
493,2514
466,2517
203,2517
422,2518
116,2520
92,2520
392,2524
366,2525
89,2528
277,2544
248,2546
447,2554
405,2562
192,2578
188,2578
487,2586
425,2591
279,2593
52,2595
427,2597
122,2598
264,2599
458,2599
157,2600
162,2605
190,2606
22,2606
320,2608
475,2614
351,2618
180,2626
95,2635
70,2639
250,2639
292,2640
348,2645
438,2645
61,2646
287,2647
103,2651
93,2661
430,2678
100,2679
121,2701
368,2704
356,2704
488,2704
343,2710
13,2713
369,2716
332,2716
133,2717
24,2719
437,2720
304,2721
84,2722
484,2724
170,2725
127,2726
363,2731
77,2734
118,2748
132,2749
323,2753
29,2755
415,2773
386,2779
485,2790
88,2791
25,2792
308,2793
230,2794
315,2801
471,2802
7,2805
435,2808
214,2809
82,2810
129,2811
344,2812
28,2814
451,2814
1,2817
282,2819
194,2828
4,2835
72,2837
338,2848
54,2849
236,2850
306,2856
177,2861
201,2867
191,2868
275,2872
302,2880
414,2880
80,2887
454,2893
128,2895
376,2898
196,2899
373,2907
402,2910
211,2912
283,2918
494,2918
408,2918
53,2919
417,2921
346,2924
413,2926
291,2929
465,2929
426,2931
495,2937
423,2947
432,2950
333,2951
358,2956
441,2957
17,2959
198,2961
257,2971
155,2981
345,2993
36,2994
27,2998
200,3000
94,3003
482,3003
58,3007
479,3016
340,3017
339,3019
111,3024
44,3028
367,3030
144,3033
301,3034
59,3038
397,3046
259,3050
446,3051
272,3068
15,3068
472,3074
377,3083
294,3112
337,3116
399,3123
113,3126
431,3126
325,3131
433,3131
286,3137
238,3140
20,3150
261,3151
436,3153
321,3159
383,3163
463,3166
220,3166
382,3167
112,3168
47,3172
73,3176
290,3182
255,3189
2,3202
19,3202
185,3204
419,3210
101,3222
416,3223
126,3226
76,3232
245,3236
388,3236
35,3238
171,3240
429,3248
123,3254
244,3269
269,3270
404,3274
130,3274
317,3276
462,3280
50,3288
361,3300
362,3308
114,3317
228,3320
6,3322
85,3323
57,3324
235,3332
379,3341
452,3344
237,3349
393,3352
153,3353
166,3362
23,3363
403,3363
222,3365
189,3377
370,3381
480,3384
311,3391
216,3392
231,3405
322,3412
197,3415
227,3416
254,3426
120,3434
56,3447
134,3452
233,3455
159,3456
289,3458
14,3462
260,3463
11,3467
206,3471
329,3484
232,3489
481,3492
296,3500
247,3501
149,3516
109,3522
207,3533
297,3535
349,3542
372,3553
225,3554
21,3554
131,3555
31,3557
375,3568
48,3575
240,3586
117,3588
83,3594
43,3600
299,3601
378,3601
209,3604
252,3619
104,3624
444,3634
102,3639
187,3639
49,3640
215,3645
424,3648
421,3653
498,3665
78,3673
365,3679
217,3683
169,3686
355,3686
394,3708
229,3719
396,3727
327,3748
3,3752
205,3758
456,3768
151,3771
442,3778
87,3781
30,3782
147,3790
142,3792
497,3796
395,3830
165,3837
193,3840
26,3871
491,3874
251,3877
468,3879
219,3893
316,3905
384,3912
418,3920
172,3932
354,3944
65,3956
41,3960
267,3962
398,3962
10,3962
469,3964
280,3999
119,4000
284,4004
182,4004
256,4021
381,4024
5,4063
98,4063
314,4069
300,4106
143,4107
79,4112
470,4153
246,4161
226,4163
150,4192
324,4195
326,4197
391,4199
360,4210
281,4226
249,4233
71,4234
298,4236
271,4262
400,4270
318,4274
464,4276
141,4280
285,4327
234,4339
45,4406
74,4422
81,4427
455,4429
9,4432
218,4480
75,4488
221,4491
183,4498
139,4504
37,4512
411,4550
223,4558
359,4559
34,4590
33,4593
385,4618
335,4620
175,4643
152,4653
125,4655
96,4659
288,4690
68,4704
342,4737
390,4743
69,4774
32,4808
353,4813
241,4827
195,4867
97,4932
106,4957
331,4986
115,4998
146,5008
268,5053
364,5054
174,5097
242,5117
347,5131
42,5146
276,5181
341,5238
273,5248
486,5300
265,5311
434,5369
313,5448
258,5465
67,5487
461,5559
263,5615
380,5616
334,5681
99,5690
181,5781
474,5916
374,6065
108,6101
243,6101
371,6109
145,6497
138,6556
467,6597
38,6928
295,7051
173,7087

simblock.block.ProofOfWorkBlock@11a5fb09:30
295,0
182,1197
218,1741
396,1770
97,2008
131,2248
329,2283
73,2309
429,2351
495,2504
240,2552
258,2586
497,2605
394,2742
291,2799
397,2824
251,2826
46,2846
353,2984
215,3041
249,3073
76,3155
194,3179
480,3233
416,3282
323,3324
37,3366
111,3396
410,3511
149,3520
59,3557
56,3561
39,3566
483,3726
444,3757
90,3800
83,3805
184,3842
11,3908
306,3909
209,3997
277,4050
91,4059
213,4130
333,4173
356,4246
347,4292
441,4336
274,4406
148,4461
359,4471
8,4503
345,4575
31,4629
214,4669
158,4752
493,4791
368,4834
339,4905
164,4961
190,4999
358,5020
1,5083
7,5131
492,5165
160,5237
186,5299
267,5335
309,5430
270,5472
262,5494
292,5565
302,5566
206,5631
336,5665
196,5762
140,5806
84,5832
231,5902
471,5962
286,5997
74,6104
179,6149
195,6172
315,6236
152,6245
448,6330
227,6365
78,6484
201,6578
464,6644
232,6650
236,6664
16,6822
389,6910
239,6995
256,7054
332,7152
266,7291
290,7318
51,7329
167,7481
124,7663
341,7727
250,7821
337,7939
288,8068
259,8183
242,8478
374,8587
161,8598
81,8893
142,8993
185,9243
314,9398
453,9915
320,10564
443,11211
420,11866
348,12521

simblock.block.ProofOfWorkBlock@2db7a06c:31
209,0
215,571
218,820
495,1058
175,1138
228,1303
19,1378
444,1397
331,1617
182,1630
416,1635
330,1635
169,1712
397,1864
245,1869
480,1878
149,1885
298,1948
141,1951
405,1967
108,1967
342,2105
135,2124
291,2127
486,2128
281,2189
56,2191
289,2199
179,2200
353,2202
26,2206
35,2210
49,2292
307,2303
64,2327
131,2344
240,2365
329,2368
380,2428
249,2437
434,2438
355,2443
268,2444
421,2445
197,2448
257,2448
394,2453
140,2473
76,2478
382,2529
201,2531
370,2532
381,2534
309,2535
80,2540
470,2594
269,2616
107,2622
73,2625
214,2633
465,2675
235,2680
464,2684
83,2684
459,2684
222,2685
5,2688
15,2689
130,2692
328,2692
97,2693
431,2699
198,2719
102,2720
262,2758
128,2770
241,2770
326,2772
96,2774
20,2780
327,2781
159,2782
436,2786
379,2797
310,2801
230,2819
59,2835
101,2854
445,2869
350,2894
7,2902
361,2919
384,2921
424,2923
239,2924
301,2924
383,2927
396,2931
120,2935
468,2938
463,2940
134,2949
150,2959
448,2962
178,2964
11,2964
437,2968
478,2969
442,2999
78,3005
123,3009
109,3012
427,3013
320,3016
455,3018
273,3019
366,3020
14,3021
323,3022
144,3023
119,3024
469,3025
176,3025
70,3026
37,3026
85,3026
313,3027
277,3029
325,3035
65,3039
275,3040
258,3058
86,3097
385,3102
16,3104
220,3112
148,3113
94,3114
200,3138
414,3143
479,3157
251,3161
471,3166
376,3167
388,3172
497,3173
438,3178
163,3181
126,3184
338,3186
118,3187
247,3195
403,3200
88,3202
280,3203
406,3209
485,3222
203,3227
170,3228
47,3251
351,3251
60,3254
441,3254
6,3258
315,3262
127,3266
112,3266
111,3266
32,3276
462,3276
398,3276
283,3279
151,3279
404,3283
440,3288
409,3293
267,3294
500,3295
90,3300
321,3306
349,3320
402,3321
146,3329
234,3336
62,3346
165,3348
95,3349
476,3350
82,3351
224,3353
106,3357
466,3357
408,3357
311,3361
174,3364
419,3364
2,3371
25,3371
158,3371
332,3372
93,3387
494,3389
122,3390
300,3397
433,3398
74,3400
33,3407
121,3410
48,3413
347,3417
365,3423
274,3432
362,3436
57,3446
412,3451
114,3453
293,3455
8,3462
205,3477
206,3501
415,3504
17,3506
387,3508
460,3508
191,3511
192,3512
429,3513
196,3521
316,3522
54,3524
67,3526
489,3532
157,3534
265,3543
42,3544
390,3547
156,3555
13,3556
417,3589
317,3590
488,3592
188,3594
475,3595
160,3600
443,3608
261,3609
337,3610
91,3610
212,3610
401,3610
367,3613
253,3615
155,3618
343,3622
51,3625
457,3625
483,3626
270,3629
377,3635
147,3636
28,3636
255,3638
407,3639
378,3647
238,3658
61,3677
392,3685
162,3685
216,3685
449,3686
399,3687
413,3693
368,3693
213,3694
410,3699
116,3699
154,3701
344,3702
278,3703
208,3703
211,3709
266,3721
225,3725
363,3727
66,3731
52,3732
9,3733
272,3736
271,3739
430,3740
297,3743
68,3748
285,3752
254,3755
435,3755
447,3765
136,3780
446,3781
204,3783
237,3785
496,3785
189,3796
181,3797
168,3803
308,3806
340,3838
305,3844
29,3854
360,3855
432,3865
129,3866
43,3871
3,3885
324,3885
199,3896
46,3896
490,3902
202,3919
110,3924
40,3924
105,3924
306,3930
318,3937
303,3938
22,3939
55,3941
12,3942
142,3947
180,3948
451,3953
117,3959
190,3959
103,3980
79,3987
87,3990
393,4014
24,4016
113,4017
133,4019
187,4024
499,4025
450,4028
346,4030
279,4031
454,4034
312,4036
21,4046
99,4050
472,4056
260,4060
252,4069
231,4069
319,4072
400,4073
143,4092
452,4101
34,4111
232,4113
173,4125
420,4133
63,4137
217,4153
456,4154
139,4160
352,4201
171,4203
18,4204
72,4215
167,4225
493,4233
461,4242
183,4246
287,4253
389,4261
439,4261
226,4270
4,4271
132,4275
282,4276
124,4292
115,4336
44,4346
373,4346
193,4347
75,4349
138,4360
299,4361
498,4362
294,4363
364,4365
264,4369
492,4375
467,4375
372,4377
425,4402
207,4434
219,4441
243,4445
284,4457
53,4467
27,4477
145,4487
314,4495
23,4515
428,4534
473,4544
186,4560
36,4562
161,4586
246,4587
195,4589
356,4591
418,4598
58,4601
339,4622
481,4653
395,4666
348,4680
484,4683
244,4694
357,4699
453,4708
477,4732
474,4739
276,4783
491,4801
41,4848
98,4862
482,4866
304,4875
391,4882
250,4896
296,4896
369,4910
302,4921
358,4923
426,4934
92,4935
336,4952
166,5009
233,5015
458,5019
77,5065
50,5069
375,5071
335,5111
221,5112
194,5146
172,5193
1,5205
386,5229
153,5241
411,5246
345,5253
84,5267
229,5271
263,5276
286,5284
322,5285
177,5324
374,5340
248,5353
354,5371
31,5399
422,5476
184,5541
164,5559
359,5563
210,5571
39,5587
487,5602
236,5615
152,5678
185,5683
333,5740
125,5766
292,5878
256,5887
137,5893
259,5928
38,5945
71,5965
341,5993
295,6012
100,6014
227,6083
223,6097
89,6231
69,6254
104,6313
334,6349
290,6400
242,6415
30,6418
10,6502
45,6602
423,6760
81,6821
371,6906
288,7227

simblock.block.ProofOfWorkBlock@2e4eae9f:32
225,0
434,574
48,811
313,1052
455,1149
166,1290
42,1392
175,1392
394,1630
337,1631
280,1718
487,1723
179,1724
197,1862
379,1869
215,1961
268,1962
356,1963
244,1979
440,2054
95,2056
2,2102
427,2129
488,2200
97,2202
141,2207
169,2207
279,2213
323,2217
236,2219
149,2294
307,2295
343,2332
257,2343
392,2385
408,2421
86,2421
416,2433
469,2436
147,2443
109,2445
289,2445
485,2455
191,2456
456,2457
327,2532
156,2534
89,2537
35,2542
19,2544
56,2551
122,2553
54,2554
281,2588
61,2622
419,2623
224,2628
449,2629
84,2660
359,2673
411,2675
403,2677
325,2683
480,2684
205,2692
497,2701
57,2708
311,2715
274,2736
140,2738
308,2756
70,2759
258,2776
49,2777
301,2779
20,2781
342,2782
202,2782
187,2789
78,2790
285,2791
431,2794
373,2825
133,2825
283,2827
111,2831
350,2831
172,2861
76,2866
328,2867
93,2874
346,2894
157,2912
482,2914
18,2914
381,2918
436,2919
329,2923
347,2938
62,2939
462,2946
230,2951
282,2952
11,2952
201,2960
490,2962
53,2962
37,2976
319,2992
108,3003
24,3004
383,3007
298,3015
47,3015
251,3017
209,3020
429,3023
382,3023
476,3024
161,3027
75,3029
272,3030
250,3032
65,3037
448,3039
124,3048
8,3050
468,3053
275,3059
87,3066
237,3071
377,3078
386,3096
26,3104
148,3112
407,3120
106,3120
44,3121
51,3121
170,3123
177,3125
203,3144
14,3154
430,3155
127,3158
380,3160
64,3161
355,3163
168,3164
119,3166
144,3168
357,3169
266,3169
182,3179
22,3184
310,3194
31,3197
129,3200
324,3212
447,3214
267,3231
117,3232
7,3232
231,3233
317,3246
422,3249
5,3249
351,3250
63,3252
94,3253
249,3255
228,3257
73,3262
454,3266
276,3268
444,3277
214,3282
286,3282
349,3287
66,3288
186,3288
234,3292
425,3298
164,3299
178,3314
404,3316
196,3324
338,3325
176,3332
102,3341
477,3348
123,3353
88,3355
303,3356
105,3357
6,3359
293,3359
36,3360
491,3360
475,3360
315,3362
126,3362
363,3367
291,3369
417,3370
352,3371
101,3375
83,3381
58,3382
433,3385
110,3396
118,3400
184,3400
85,3405
374,3408
459,3415
331,3426
421,3442
410,3452
412,3453
472,3454
450,3455
415,3456
484,3456
262,3462
409,3463
388,3465
33,3468
192,3474
185,3483
27,3484
216,3485
134,3492
333,3496
100,3496
471,3497
153,3498
222,3501
470,3505
453,3515
277,3516
60,3519
163,3522
162,3528
396,3528
264,3531
445,3535
92,3538
353,3547
151,3548
165,3550
442,3550
241,3554
212,3562
494,3564
437,3566
114,3572
320,3572
463,3574
253,3578
312,3581
130,3582
387,3583
493,3587
478,3595
401,3600
365,3600
90,3606
121,3607
362,3609
369,3617
306,3619
321,3622
181,3624
368,3629
17,3633
443,3636
188,3639
248,3654
413,3661
199,3667
132,3668
52,3671
1,3674
318,3674
372,3680
446,3682
330,3685
489,3691
136,3692
120,3692
154,3693
98,3695
103,3713
45,3717
255,3718
194,3727
300,3731
483,3733
218,3751
486,3756
77,3768
82,3775
128,3789
238,3790
390,3793
438,3798
40,3804
395,3811
294,3825
211,3827
366,3834
467,3839
59,3853
23,3859
242,3860
316,3863
247,3866
378,3870
336,3870
4,3873
297,3874
326,3880
424,3884
137,3887
80,3889
112,3893
358,3909
138,3910
340,3917
465,3921
389,3922
245,3927
305,3931
414,3931
46,3934
370,3936
302,3957
367,3959
160,3970
498,3976
334,3978
135,3983
273,3986
240,3994
131,3994
398,3996
376,4007
304,4007
16,4015
464,4023
213,4026
116,4026
150,4053
499,4057
173,4068
292,4101
288,4104
269,4115
204,4119
290,4122
271,4124
500,4138
74,4150
91,4164
460,4168
452,4172
159,4202
190,4204
384,4221
28,4221
220,4228
397,4233
299,4237
479,4245
339,4247
15,4248
167,4251
152,4282
96,4288
158,4290
210,4293
495,4321
206,4329
492,4346
13,4349
233,4355
361,4373
360,4406
107,4409
246,4409
217,4437
426,4450
235,4475
309,4493
39,4494
402,4504
67,4507
418,4524
474,4545
254,4547
193,4549
143,4552
198,4574
270,4582
239,4589
32,4605
451,4640
25,4659
171,4669
391,4674
278,4685
432,4686
21,4690
68,4694
322,4714
9,4748
99,4787
79,4800
180,4823
420,4826
364,4840
104,4845
81,4853
385,4866
226,4882
69,4904
345,4911
287,4919
296,4957
12,4965
461,4966
458,4970
145,4976
208,4991
473,5019
229,5026
261,5029
256,5034
371,5089
466,5157
375,5163
457,5165
38,5176
243,5185
29,5212
43,5229
332,5246
441,5250
341,5278
481,5296
406,5300
428,5347
3,5348
200,5359
260,5457
50,5475
113,5487
496,5496
221,5498
55,5547
41,5593
284,5605
71,5607
439,5630
142,5651
72,5678
344,5681
435,5690
174,5741
399,5822
405,5876
34,5903
354,5919
207,5998
155,6013
348,6023
252,6034
195,6039
423,6083
259,6190
393,6206
115,6226
30,6308
223,6390
146,6390
183,6407
400,6441
265,6491
125,6563
219,6630
295,6677
263,6793
232,6796
10,6850
139,6966
335,7198
227,7199
189,7267
314,7371

simblock.block.ProofOfWorkBlock@4ca1f90f:33
66,0
53,489
443,693
206,894
94,978
457,1096
62,1180
294,1186
199,1304
116,1384
44,1394
312,1398
282,1467
283,1509
88,1587
208,1587
95,1596
422,1612
13,1672
368,1676
494,1676
214,1711
204,1791
454,1795
233,1796
332,1803
406,1841
24,1876
261,1877
1,1882
428,1884
321,1894
363,1897
84,1913
201,1960
40,2003
162,2004
196,2006
427,2007
27,2015
118,2045
122,2077
459,2078
167,2078
190,2079
308,2086
230,2086
352,2091
408,2098
414,2099
478,2103
226,2163
419,2164
31,2165
205,2169
482,2204
450,2206
401,2206
448,2217
366,2217
253,2224
192,2231
113,2246
274,2278
339,2280
129,2280
186,2282
392,2284
143,2288
231,2289
487,2290
306,2293
357,2295
164,2304
491,2305
72,2306
477,2316
460,2331
475,2365
387,2366
275,2367
100,2368
29,2368
345,2375
389,2385
36,2390
377,2406
78,2406
399,2408
250,2408
407,2413
466,2421
91,2429
483,2431
170,2468
493,2482
496,2482
315,2485
449,2486
155,2490
202,2491
417,2492
293,2494
77,2495
128,2499
310,2500
16,2504
458,2505
7,2506
346,2512
410,2514
70,2517
350,2543
257,2545
51,2547
130,2560
93,2568
178,2568
278,2570
311,2574
92,2576
127,2576
184,2577
133,2579
153,2581
499,2586
176,2590
330,2596
18,2596
405,2604
21,2607
200,2609
86,2615
484,2616
64,2624
472,2625
185,2632
97,2639
445,2656
157,2661
367,2667
148,2673
33,2681
262,2687
333,2688
107,2691
124,2693
54,2696
216,2699
302,2701
61,2701
154,2704
121,2706
369,2710
244,2712
82,2714
402,2716
105,2718
439,2720
39,2724
258,2726
270,2727
301,2750
307,2754
471,2759
63,2771
485,2774
279,2774
344,2775
409,2776
305,2778
415,2781
328,2782
163,2783
373,2785
255,2788
440,2793
59,2796
412,2798
156,2799
74,2802
180,2803
175,2805
447,2808
413,2810
266,2816
393,2822
285,2823
224,2826
356,2826
212,2827
319,2833
25,2836
15,2845
418,2849
19,2859
303,2869
85,2871
89,2871
150,2879
343,2889
433,2895
441,2898
430,2903
337,2903
451,2903
436,2905
340,2909
103,2911
453,2913
291,2917
272,2921
160,2923
14,2923
426,2926
57,2932
3,2932
309,2940
17,2949
336,2958
289,2963
136,2977
211,2980
432,2981
304,2983
500,2983
188,2984
386,2988
55,3001
437,3001
361,3002
123,3002
28,3004
58,3005
135,3006
144,3008
287,3019
126,3021
12,3029
476,3029
194,3029
384,3031
264,3033
316,3033
435,3036
376,3039
239,3042
8,3043
134,3047
381,3047
324,3068
488,3070
473,3076
323,3080
228,3083
464,3087
348,3091
394,3093
411,3097
210,3099
424,3106
161,3107
383,3108
110,3110
429,3111
220,3114
269,3118
56,3118
179,3122
470,3127
249,3129
218,3130
20,3132
251,3134
140,3135
486,3141
168,3141
171,3160
22,3179
240,3180
117,3181
158,3185
388,3186
187,3215
382,3219
355,3223
225,3223
492,3223
362,3228
318,3233
9,3236
213,3237
37,3239
434,3241
425,3242
248,3244
203,3254
112,3266
120,3282
455,3282
489,3293
252,3301
479,3302
149,3302
75,3311
286,3315
182,3317
446,3325
138,3326
317,3330
420,3343
177,3345
371,3346
87,3349
380,3349
47,3356
299,3382
329,3397
463,3403
495,3421
273,3425
281,3425
398,3427
102,3432
296,3432
222,3436
438,3438
416,3446
338,3446
108,3450
209,3460
60,3461
34,3463
141,3463
378,3464
41,3487
181,3495
137,3495
114,3495
397,3499
313,3500
334,3501
260,3501
79,3530
395,3531
444,3538
197,3538
83,3540
468,3557
331,3559
217,3561
76,3565
349,3569
166,3574
247,3579
390,3605
4,3611
68,3613
480,3620
442,3622
35,3626
48,3631
50,3647
320,3657
469,3663
169,3667
341,3669
73,3676
259,3679
159,3685
490,3700
254,3718
290,3722
80,3737
327,3747
132,3747
423,3753
431,3763
374,3772
193,3773
69,3773
96,3775
379,3784
46,3785
358,3813
365,3829
452,3829
142,3856
237,3857
396,3858
271,3863
267,3867
342,3880
151,3886
245,3887
147,3889
104,3891
351,3901
195,3903
11,3927
360,3930
326,3942
456,3964
6,3980
5,3982
229,3987
467,3988
300,3996
119,4003
221,4050
462,4061
236,4069
90,4092
325,4100
183,4104
52,4128
173,4135
43,4147
65,4148
288,4168
277,4172
189,4183
215,4196
314,4197
2,4205
498,4206
198,4207
292,4208
98,4212
238,4236
106,4294
109,4297
125,4305
71,4307
370,4310
145,4318
298,4333
276,4358
481,4372
101,4399
347,4424
146,4426
232,4434
23,4478
403,4506
219,4520
26,4521
165,4521
359,4528
207,4557
280,4570
67,4576
364,4599
139,4629
322,4635
111,4652
375,4667
372,4697
256,4724
268,4731
284,4738
42,4738
354,4756
263,4801
38,4805
243,4805
241,4838
497,4893
335,4949
404,4968
461,5042
353,5048
99,5085
474,5151
295,5151
465,5153
246,5165
152,5173
297,5296
242,5324
234,5364
172,5401
131,5476
174,5570
391,5579
115,5663
385,5681
235,5795
223,5850
191,5997
49,6113
45,6292
421,6313
227,6545
32,6642
400,7071
10,7499
30,7932
81,8373
265,8823

simblock.block.ProofOfWorkBlock@22026d72:34
405,0
16,492
7,694
477,907
368,983
460,1109
85,1184
286,1202
459,1312
412,1394
332,1396
55,1404
282,1477
321,1518
107,1598
224,1600
487,1607
51,1628
18,1675
345,1688
22,1698
211,1728
494,1801
310,1804
124,1816
476,1826
63,1829
348,1886
425,1887
261,1887
93,1890
203,1902
490,1931
201,1969
88,2003
402,2007
387,2018
303,2030
492,2035
366,2043
121,2088
148,2091
157,2092
92,2093
483,2094
95,2102
401,2106
118,2121
140,2143
419,2174
274,2178
432,2179
445,2194
188,2205
309,2209
439,2221
305,2232
329,2236
86,2239
21,2239
186,2246
422,2291
210,2293
94,2295
315,2295
72,2295
105,2296
478,2296
408,2303
350,2311
369,2313
136,2315
122,2321
430,2324
475,2376
116,2380
29,2382
473,2383
415,2389
91,2391
428,2394
493,2403
57,2408
161,2412
103,2423
409,2427
26,2430
40,2437
433,2442
287,2455
244,2460
70,2464
205,2496
458,2497
216,2497
351,2498
267,2498
426,2499
420,2501
373,2504
484,2509
233,2510
78,2514
453,2515
429,2515
496,2521
407,2529
306,2530
466,2532
212,2536
264,2555
19,2561
15,2566
485,2577
185,2578
127,2583
129,2585
450,2586
270,2588
443,2595
214,2595
340,2598
82,2602
393,2602
208,2608
24,2610
357,2613
471,2615
294,2618
84,2623
162,2629
156,2631
406,2641
27,2642
482,2643
170,2668
337,2669
278,2671
356,2687
190,2687
255,2698
25,2699
164,2699
196,2700
499,2701
275,2701
206,2707
110,2710
279,2710
204,2711
344,2712
307,2714
58,2715
39,2717
12,2722
338,2723
446,2726
236,2732
457,2732
491,2735
226,2735
304,2737
101,2745
333,2747
113,2752
31,2765
376,2776
293,2779
336,2790
302,2790
488,2790
194,2795
449,2797
184,2800
377,2802
89,2802
308,2806
272,2808
160,2809
180,2813
134,2813
253,2816
349,2816
343,2817
1,2818
64,2819
239,2831
235,2835
440,2839
44,2844
135,2844
319,2870
448,2870
60,2871
266,2874
404,2876
462,2877
213,2889
167,2891
14,2897
427,2897
386,2899
53,2900
37,2901
413,2902
472,2904
176,2904
437,2909
137,2913
202,2914
328,2916
500,2917
143,2917
392,2921
168,2923
431,2925
435,2935
346,2940
100,2943
489,2947
46,2947
28,2949
367,2959
495,2982
200,2991
128,2992
13,2994
481,3004
154,3007
320,3007
106,3011
8,3011
250,3018
126,3021
285,3022
363,3022
262,3023
454,3030
424,3032
327,3032
199,3036
380,3037
361,3045
352,3046
441,3046
198,3060
353,3082
442,3086
289,3092
77,3092
330,3101
66,3102
59,3103
36,3109
182,3118
62,3121
108,3129
241,3130
370,3132
90,3137
179,3137
42,3140
5,3142
438,3147
339,3148
269,3149
414,3149
301,3152
153,3153
248,3153
178,3155
390,3157
32,3162
254,3168
451,3190
83,3192
417,3198
381,3205
4,3209
283,3213
56,3216
35,3217
109,3217
20,3219
238,3222
311,3230
455,3231
268,3232
215,3239
463,3244
117,3248
191,3252
61,3254
52,3256
423,3263
111,3267
358,3295
395,3297
73,3297
452,3303
155,3304
389,3310
265,3312
222,3314
292,3325
123,3327
260,3355
54,3357
181,3357
249,3358
234,3363
382,3364
230,3366
385,3366
68,3367
192,3376
295,3387
383,3392
447,3400
479,3401
291,3401
187,3408
410,3414
231,3418
175,3429
47,3431
411,3436
133,3439
317,3441
498,3448
396,3455
288,3456
418,3464
465,3465
144,3465
360,3471
169,3472
2,3481
150,3506
468,3536
256,3537
421,3538
326,3538
331,3538
74,3547
172,3548
220,3548
497,3559
17,3565
130,3566
171,3572
76,3573
365,3574
400,3579
34,3582
480,3587
391,3598
312,3601
486,3619
247,3633
147,3639
163,3642
324,3644
456,3668
416,3674
114,3678
273,3682
48,3686
464,3690
142,3699
398,3716
242,3725
166,3727
388,3730
384,3751
3,3752
228,3759
379,3773
219,3782
87,3786
159,3787
375,3793
470,3795
276,3797
362,3801
138,3806
252,3813
149,3813
298,3824
79,3832
399,3849
120,3853
112,3856
23,3859
313,3869
281,3884
218,3889
359,3899
461,3905
9,3908
280,3916
232,3919
96,3938
41,3965
221,3976
299,3977
189,3987
102,3996
251,4009
30,4010
141,4026
132,4033
258,4045
469,4048
158,4052
374,4053
444,4074
277,4091
227,4101
325,4104
80,4112
323,4129
237,4141
347,4167
240,4176
146,4194
131,4203
43,4235
245,4254
223,4278
259,4327
207,4331
378,4338
165,4342
397,4365
49,4373
11,4388
243,4401
335,4405
257,4428
139,4434
229,4483
322,4487
341,4545
290,4566
394,4568
354,4583
372,4586
152,4643
297,4657
50,4665
97,4678
209,4682
6,4687
342,4710
263,4759
151,4769
193,4770
296,4923
115,4925
314,4931
99,4990
300,4994
177,4998
33,5007
45,5010
316,5025
225,5083
174,5117
75,5313
119,5323
195,5355
271,5359
436,5402
371,5425
98,5454
183,5603
355,5628
65,5642
403,5717
217,5789
334,5856
318,5966
434,6037
81,6059
10,6227
173,6341
197,6355
67,6407
145,6489
38,6784
474,6840
467,6854
104,6916
284,7215
364,7269
71,7360
246,7658
125,7809
69,8300

simblock.block.ProofOfWorkBlock@66a08709:35
396,0
497,578
182,827
429,1065
469,1146
46,1309
416,1387
353,1400
49,1625
362,1637
492,1639
97,1640
144,1715
323,1862
280,1874
394,1879
291,1882
251,1955
218,1960
84,1972
347,1975
381,2099
384,2119
480,2122
321,2137
379,2195
289,2203
365,2207
485,2211
197,2213
56,2218
277,2220
234,2288
368,2306
468,2336
250,2342
326,2359
131,2360
87,2438
37,2441
465,2445
159,2446
313,2450
463,2454
383,2454
249,2458
83,2458
149,2462
312,2467
141,2526
117,2533
444,2535
89,2544
292,2549
458,2553
169,2574
495,2598
287,2633
410,2647
363,2668
101,2673
285,2680
73,2685
293,2691
300,2693
35,2694
358,2694
123,2694
438,2695
90,2695
301,2699
59,2700
70,2711
108,2721
161,2745
134,2773
209,2774
248,2775
175,2777
254,2781
74,2782
166,2789
244,2792
220,2794
112,2797
486,2814
266,2838
427,2840
168,2875
478,2879
377,2903
424,2911
191,2914
257,2917
345,2928
238,2930
228,2932
431,2934
318,2935
361,2935
5,2938
258,2939
237,2939
331,2946
443,2956
436,2961
194,2978
352,2984
215,3013
403,3014
222,3015
329,3025
33,3026
281,3026
316,3029
500,3031
26,3032
411,3032
471,3034
52,3037
20,3037
268,3037
367,3040
44,3041
65,3041
22,3042
177,3044
61,3052
111,3052
397,3053
398,3056
325,3063
66,3085
382,3100
419,3107
155,3109
462,3116
344,3130
14,3131
324,3132
27,3138
47,3152
165,3155
338,3159
245,3172
269,3174
121,3183
120,3185
132,3189
483,3211
482,3213
487,3236
415,3238
328,3242
278,3243
154,3243
15,3246
51,3246
126,3250
240,3250
494,3253
19,3256
231,3258
473,3259
247,3260
390,3264
380,3266
192,3267
355,3268
196,3268
387,3268
42,3271
60,3271
348,3272
11,3273
119,3275
185,3276
179,3278
6,3279
198,3280
109,3285
150,3286
304,3287
181,3291
405,3292
370,3292
455,3295
72,3298
454,3298
434,3305
262,3307
230,3331
273,3353
499,3362
305,3364
422,3364
206,3365
442,3367
24,3373
446,3378
404,3380
187,3382
346,3388
412,3390
401,3393
17,3393
317,3394
147,3427
130,3436
188,3438
158,3440
1,3441
294,3450
133,3461
373,3467
433,3482
233,3491
479,3494
157,3501
376,3504
102,3513
235,3514
426,3515
474,3516
449,3521
195,3527
80,3530
2,3534
128,3538
470,3539
496,3541
464,3547
4,3549
477,3551
212,3564
418,3570
350,3570
298,3572
86,3575
156,3582
143,3582
239,3587
439,3589
302,3590
77,3597
437,3598
170,3600
129,3602
402,3603
92,3605
137,3608
82,3610
135,3611
264,3613
450,3614
421,3614
7,3614
261,3615
413,3616
225,3622
178,3625
199,3625
428,3628
100,3631
333,3643
385,3647
203,3649
139,3671
395,3672
388,3681
425,3693
307,3694
31,3698
327,3701
457,3701
173,3708
407,3714
12,3723
62,3729
276,3729
75,3742
25,3743
146,3746
409,3755
127,3770
309,3771
226,3772
88,3773
253,3776
349,3776
366,3777
107,3797
476,3805
334,3806
162,3806
106,3807
163,3814
29,3830
284,3842
153,3850
432,3864
96,3872
118,3876
255,3899
64,3904
337,3905
85,3912
488,3914
236,3917
440,3919
160,3920
417,3933
30,3935
484,3939
103,3944
357,3947
32,3949
332,3953
393,3955
282,3955
489,3956
447,3959
174,3970
400,3974
8,3979
392,3983
229,4008
271,4008
460,4010
351,4024
71,4025
456,4027
164,4029
386,4032
378,4033
95,4045
50,4047
246,4055
274,4063
183,4070
406,4074
375,4093
58,4101
399,4105
205,4106
330,4116
472,4121
430,4127
452,4128
48,4134
303,4138
207,4146
43,4165
93,4165
461,4189
3,4195
448,4203
114,4223
490,4235
260,4236
68,4241
190,4246
186,4250
306,4254
343,4266
453,4274
208,4280
171,4282
451,4288
78,4288
122,4306
184,4309
445,4315
21,4315
211,4366
360,4368
69,4369
265,4385
408,4397
297,4404
227,4439
475,4441
414,4443
99,4444
172,4445
91,4454
364,4469
57,4470
38,4484
216,4518
369,4533
13,4535
138,4537
151,4552
283,4565
441,4582
201,4584
18,4595
94,4595
310,4604
275,4610
55,4620
213,4624
224,4636
202,4655
340,4698
152,4715
145,4721
372,4726
420,4729
241,4764
180,4771
459,4775
98,4777
116,4790
279,4806
391,4853
210,4863
342,4876
354,4877
40,4914
286,4919
39,4920
136,4933
204,4937
272,4946
140,4959
423,4962
125,4965
28,4969
200,4989
67,5028
336,5030
311,5064
113,5101
53,5113
256,5120
320,5122
76,5193
104,5209
214,5250
315,5251
299,5265
319,5269
221,5271
124,5293
16,5299
9,5320
105,5323
467,5330
23,5351
242,5382
466,5430
252,5437
308,5442
493,5453
79,5469
359,5516
232,5537
389,5580
267,5580
54,5629
148,5636
435,5655
296,5674
63,5774
356,5782
10,5786
115,5838
243,5844
339,5912
498,5947
176,5960
270,5974
81,5984
335,6063
41,6086
36,6103
259,6142
219,6242
481,6249
167,6306
295,6307
374,6363
322,6375
288,6393
110,6433
263,6473
193,6490
223,6501
314,6711
341,6713
491,6764
371,6772
34,6895
142,6905
290,7118
45,7123
189,7180
217,7585

simblock.block.ProofOfWorkBlock@30379055:35
166,0
241,570
225,819
257,1058
169,1153
281,1298
434,1391
420,1486
404,1541
323,1629
313,1630
175,1722
2,1788
53,1818
394,1866
462,1866
48,1875
455,1967
422,1981
47,1985
111,2026
384,2104
26,2104
222,2111
94,2151
140,2189
356,2206
379,2206
42,2228
197,2267
289,2296
311,2301
448,2310
101,2348
35,2348
119,2358
109,2363
417,2391
15,2448
49,2466
70,2470
475,2482
237,2512
466,2513
224,2535
488,2536
141,2538
191,2542
380,2557
19,2589
86,2592
403,2595
56,2596
411,2600
240,2608
487,2637
282,2643
494,2672
176,2681
327,2682
245,2682
117,2693
485,2698
382,2708
472,2727
215,2775
11,2779
385,2794
8,2798
435,2799
312,2807
325,2817
158,2817
326,2828
365,2837
361,2838
308,2845
358,2847
393,2847
445,2866
72,2875
61,2885
261,2885
210,2898
105,2909
398,2921
14,2921
211,2925
370,2934
112,2935
25,2935
220,2940
276,2945
123,2950
194,2969
167,2977
156,3002
51,3003
186,3009
272,3012
464,3022
255,3025
244,3032
317,3033
155,3046
268,3057
444,3067
126,3074
168,3079
116,3085
205,3086
432,3087
436,3087
202,3106
84,3118
102,3133
88,3136
203,3137
424,3162
315,3164
294,3168
483,3176
20,3178
363,3179
52,3179
345,3180
328,3181
251,3187
342,3190
161,3191
190,3207
324,3208
160,3212
304,3214
495,3216
338,3217
344,3227
368,3247
1,3250
208,3254
460,3259
6,3264
262,3267
280,3270
75,3270
68,3270
22,3287
478,3287
178,3287
430,3288
124,3299
122,3300
431,3304
351,3309
196,3312
465,3327
343,3337
332,3340
456,3349
340,3361
58,3363
147,3366
275,3370
442,3371
376,3374
401,3381
413,3382
366,3387
85,3391
129,3392
419,3393
320,3406
149,3406
253,3408
459,3410
103,3416
454,3419
421,3420
136,3422
331,3424
298,3425
433,3426
427,3430
497,3434
90,3435
128,3440
279,3491
7,3493
213,3493
236,3497
78,3499
80,3504
407,3505
492,3505
106,3508
113,3515
409,3515
55,3524
83,3531
206,3538
154,3540
62,3541
144,3542
285,3553
446,3564
480,3567
24,3576
164,3581
399,3583
170,3584
54,3590
402,3590
60,3590
447,3593
303,3596
319,3597
406,3601
18,3608
120,3610
13,3613
184,3618
369,3618
310,3629
499,3629
59,3658
74,3664
180,3666
152,3682
33,3686
127,3693
39,3696
469,3699
269,3702
185,3710
457,3716
162,3718
267,3732
249,3735
118,3737
133,3738
27,3745
182,3753
135,3756
188,3757
375,3768
148,3774
493,3774
489,3778
438,3785
414,3789
21,3794
450,3796
63,3797
65,3806
97,3816
334,3821
76,3823
100,3836
330,3836
410,3839
381,3849
486,3851
64,3853
5,3853
218,3855
256,3856
95,3861
150,3872
66,3897
318,3898
443,3899
57,3902
288,3904
247,3912
337,3915
270,3918
212,3926
153,3926
346,3928
177,3932
38,3936
306,3942
300,3948
107,3959
348,3979
157,3981
453,3990
77,3994
339,4010
374,4010
329,4027
134,4030
17,4034
496,4050
254,4055
449,4059
165,4061
234,4069
479,4070
216,4072
482,4073
390,4085
305,4090
34,4096
470,4101
36,4103
187,4105
96,4105
278,4107
204,4108
286,4111
230,4115
500,4118
316,4120
32,4123
219,4128
71,4146
463,4156
217,4156
121,4165
40,4166
387,4170
159,4173
355,4177
397,4181
302,4196
416,4198
132,4216
73,4220
357,4228
378,4247
341,4250
201,4251
181,4263
273,4264
12,4266
264,4271
377,4282
259,4283
451,4284
248,4295
238,4299
110,4302
481,4307
79,4319
287,4320
333,4324
292,4332
396,4345
429,4352
171,4364
277,4364
461,4365
151,4379
471,4383
214,4414
301,4423
388,4429
266,4433
491,4437
426,4438
250,4439
193,4446
498,4447
23,4457
263,4465
50,4478
395,4480
299,4481
130,4487
92,4512
229,4517
143,4531
46,4535
192,4539
474,4562
428,4564
242,4575
37,4583
452,4586
307,4586
271,4587
233,4593
389,4599
352,4603
321,4603
458,4625
231,4654
408,4663
99,4663
353,4670
347,4671
183,4675
293,4678
232,4691
349,4702
274,4743
383,4766
89,4768
16,4770
412,4774
30,4790
9,4805
291,4807
415,4815
146,4848
44,4851
440,4862
391,4874
199,4883
91,4895
108,4902
367,4916
114,4921
437,4929
173,4931
82,4933
425,4935
372,4935
335,4947
246,4963
69,4966
104,4968
283,4971
423,4993
4,5019
235,5025
189,5030
115,5059
243,5073
93,5082
239,5102
200,5107
142,5174
81,5179
179,5194
258,5220
350,5233
43,5234
484,5258
163,5263
477,5271
209,5288
198,5347
260,5376
359,5392
284,5406
441,5422
490,5435
400,5437
41,5477
137,5523
468,5547
336,5566
145,5581
228,5594
373,5597
371,5673
296,5675
131,5691
386,5769
223,5822
297,5835
364,5845
31,5862
265,5869
207,5884
309,5929
354,5932
138,5994
221,6079
227,6119
45,6127
28,6207
467,6234
439,6259
174,6292
98,6344
295,6479
360,6494
290,6531
226,6537
392,6590
195,6749
405,6867
172,6898
476,6921
67,7164
29,7198
3,7235
125,7564
252,7978
314,8383
10,8789
322,9192
139,9598

simblock.block.ProofOfWorkBlock@61ea64b1:36
151,0
431,583
411,823
388,1062
291,1152
220,1302
268,1392
222,1399
490,1635
65,1636
235,1636
317,1638
463,1729
83,1871
75,1873
90,1877
404,1879
486,1962
269,1966
398,1968
338,1974
442,2109
470,2113
379,2120
277,2124
440,2133
327,2202
438,2206
47,2206
37,2207
87,2209
331,2214
355,2301
367,2304
409,2337
370,2358
281,2363
2,2368
42,2439
300,2441
319,2445
245,2446
238,2446
403,2450
285,2450
166,2454
96,2454
353,2455
472,2472
228,2533
465,2535
316,2539
28,2539
458,2544
109,2596
240,2608
5,2608
53,2636
70,2640
328,2674
444,2682
244,2686
97,2687
218,2688
329,2693
289,2694
101,2694
134,2696
313,2698
301,2702
380,2703
108,2703
116,2746
198,2771
106,2773
349,2776
385,2777
266,2778
73,2778
130,2781
160,2785
56,2786
247,2812
204,2829
185,2831
253,2841
76,2871
363,2875
459,2881
234,2924
347,2929
112,2931
361,2932
298,2933
215,2934
35,2935
377,2935
339,2938
436,2938
264,2938
32,2939
230,2939
381,2945
162,2954
454,2963
368,2973
155,3012
147,3014
468,3014
26,3017
144,3019
362,3020
421,3021
249,3022
267,3024
19,3025
197,3027
494,3034
205,3034
13,3035
473,3035
202,3042
352,3042
488,3047
346,3063
133,3084
483,3107
480,3110
91,3111
18,3117
192,3120
489,3122
27,3127
445,3134
273,3137
24,3139
57,3143
93,3158
275,3167
302,3168
46,3169
469,3172
365,3175
462,3178
464,3180
52,3181
382,3184
119,3184
126,3194
304,3226
86,3235
158,3239
213,3243
54,3244
150,3253
482,3255
326,3256
63,3257
342,3261
258,3264
309,3266
257,3267
282,3268
495,3268
394,3269
280,3270
337,3271
307,3271
224,3271
181,3281
110,3282
149,3289
447,3293
184,3305
107,3323
294,3327
66,3332
176,3335
201,3336
100,3338
25,3345
225,3350
58,3350
457,3351
283,3352
441,3352
209,3352
79,3354
321,3359
405,3361
308,3370
60,3371
168,3373
406,3375
430,3377
424,3377
17,3392
251,3413
177,3421
132,3422
113,3429
6,3429
401,3434
31,3438
262,3442
437,3443
293,3446
435,3451
393,3453
476,3458
397,3459
400,3468
306,3474
8,3476
154,3481
499,3494
191,3498
369,3500
182,3501
497,3504
351,3508
74,3510
384,3510
33,3510
170,3511
111,3512
315,3512
358,3512
466,3514
80,3519
408,3531
94,3533
196,3534
40,3535
21,3537
432,3539
278,3545
248,3550
77,3560
48,3561
55,3568
165,3575
88,3576
255,3578
200,3581
340,3586
44,3597
121,3599
425,3600
129,3603
330,3609
208,3612
161,3620
51,3621
72,3632
417,3635
414,3637
303,3639
30,3668
479,3668
416,3670
124,3676
22,3683
1,3685
412,3686
127,3688
254,3688
413,3697
427,3705
453,3705
212,3706
99,3715
386,3724
178,3734
332,3736
487,3737
102,3739
471,3746
407,3747
292,3748
14,3748
117,3750
422,3752
217,3754
415,3754
189,3767
20,3769
418,3770
61,3771
229,3774
336,3775
493,3777
231,3779
324,3780
392,3786
15,3787
261,3791
4,3802
383,3804
434,3808
243,3816
345,3830
426,3833
105,3840
226,3842
402,3844
477,3848
175,3849
374,3855
320,3856
11,3865
373,3867
312,3867
429,3877
296,3882
433,3900
496,3916
391,3923
492,3928
460,3930
203,3937
272,3937
357,3942
359,3943
310,3944
190,3954
246,3967
348,3967
443,3970
59,3984
376,3988
199,3989
71,3991
446,4000
131,4008
128,4010
123,4013
449,4017
366,4021
82,4035
420,4038
85,4041
239,4057
387,4076
270,4076
114,4084
455,4085
159,4091
286,4110
104,4120
484,4125
396,4133
371,4144
375,4157
41,4159
148,4160
242,4160
210,4171
179,4177
140,4178
138,4179
297,4184
211,4185
450,4186
219,4192
241,4194
3,4195
250,4197
103,4213
467,4214
195,4216
260,4225
475,4232
118,4246
49,4251
68,4259
478,4262
481,4263
39,4267
92,4272
311,4273
164,4275
157,4279
378,4290
84,4299
120,4303
233,4327
318,4339
206,4350
36,4362
288,4363
389,4365
62,4375
372,4377
169,4409
135,4409
410,4420
334,4438
500,4440
29,4440
322,4444
299,4471
448,4504
7,4504
95,4507
271,4526
180,4527
89,4561
360,4563
136,4577
207,4590
98,4591
485,4598
194,4599
491,4605
143,4609
350,4617
122,4628
276,4631
252,4643
152,4646
419,4665
428,4681
163,4704
399,4706
115,4718
323,4726
142,4737
451,4744
156,4755
305,4770
172,4779
395,4792
153,4834
78,4836
137,4836
356,4906
439,4930
188,4932
167,4940
216,4957
174,4963
9,4973
265,4974
23,4974
284,5003
236,5015
12,5040
390,5043
295,5120
354,5130
452,5147
193,5166
186,5168
16,5173
10,5235
214,5240
139,5241
287,5260
343,5269
344,5300
223,5332
474,5336
325,5364
146,5372
50,5396
498,5397
43,5406
290,5443
333,5498
34,5535
341,5555
274,5631
45,5632
173,5636
69,5655
256,5664
237,5682
38,5737
232,5777
64,5832
279,5978
141,6000
81,6037
364,6042
314,6059
335,6095
145,6179
259,6189
187,6316
125,6353
171,6447
456,6447
221,6583
461,6710
423,6750
183,7112
263,7185
67,7525
227,7930

simblock.block.ProofOfWorkBlock@66bf23b8:36
479,0
131,571
59,813
251,1056
300,1139
150,1299
215,1378
353,1384
398,1538
361,1617
119,1623
19,1627
376,1728
465,1785
159,1863
134,1863
403,1864
365,1875
209,1948
347,1966
192,2002
182,2100
358,2102
222,2108
436,2118
190,2128
269,2188
342,2196
137,2199
83,2206
281,2207
112,2217
384,2240
469,2341
362,2357
285,2360
419,2430
438,2431
470,2434
90,2435
273,2445
380,2446
289,2450
111,2451
421,2454
367,2463
203,2469
33,2482
121,2530
394,2534
206,2536
495,2549
449,2580
117,2580
120,2584
257,2595
249,2598
12,2624
404,2669
396,2677
245,2678
218,2678
165,2681
74,2686
329,2686
439,2688
198,2691
254,2697
108,2700
114,2712
75,2730
286,2763
169,2770
291,2772
326,2792
412,2795
39,2799
46,2813
97,2818
390,2826
484,2828
486,2841
188,2860
164,2866
330,2880
116,2889
483,2912
87,2915
191,2916
480,2917
228,2919
454,2927
424,2928
446,2929
429,2929
323,2930
240,2937
102,2938
2,2940
49,2954
13,2965
177,2976
282,3000
201,3011
292,3012
155,3016
118,3020
244,3021
47,3021
258,3025
52,3025
466,3030
355,3031
166,3033
338,3033
144,3058
132,3059
316,3063
238,3065
57,3068
28,3072
61,3093
363,3095
313,3106
85,3127
303,3129
379,3155
175,3159
462,3163
73,3167
5,3168
298,3168
26,3170
370,3172
468,3172
458,3183
20,3184
95,3186
103,3193
445,3202
31,3205
214,3214
248,3240
305,3242
294,3243
407,3245
381,3247
36,3247
167,3257
401,3258
15,3259
130,3260
56,3267
105,3269
306,3269
500,3273
413,3276
444,3278
76,3279
72,3284
25,3285
140,3292
301,3298
277,3299
213,3301
318,3303
406,3313
241,3350
168,3352
489,3353
147,3354
1,3355
312,3358
327,3365
158,3366
337,3393
304,3396
64,3397
331,3398
497,3400
157,3401
440,3404
109,3408
385,3411
126,3416
89,3434
320,3444
22,3451
307,3458
226,3459
185,3460
160,3462
409,3472
204,3474
96,3487
18,3487
94,3489
279,3493
418,3494
442,3501
492,3502
77,3504
148,3507
280,3509
178,3512
349,3513
129,3513
253,3514
431,3515
181,3518
32,3522
414,3523
174,3524
145,3532
186,3535
37,3540
383,3541
410,3542
63,3546
100,3551
437,3553
153,3555
27,3564
70,3576
344,3578
42,3591
386,3596
274,3597
107,3600
197,3601
135,3601
339,3602
176,3604
7,3606
463,3615
427,3618
348,3621
278,3634
325,3634
184,3635
397,3637
319,3654
317,3656
16,3656
432,3662
293,3664
78,3675
399,3685
8,3685
205,3686
332,3693
187,3696
266,3696
179,3697
230,3701
220,3709
170,3711
127,3727
350,3738
250,3739
113,3741
122,3745
434,3749
65,3750
149,3753
35,3754
433,3755
123,3758
6,3761
110,3766
58,3769
430,3778
387,3794
485,3795
11,3807
491,3815
40,3825
80,3828
382,3828
66,3835
106,3839
415,3845
443,3849
499,3851
435,3857
233,3862
471,3865
216,3872
252,3874
493,3875
255,3884
464,3895
296,3900
271,3904
156,3913
139,3914
146,3917
141,3917
98,3927
328,3928
54,3929
496,3932
315,3934
124,3935
210,3941
265,3942
232,3950
237,3952
200,3953
322,3956
23,3962
494,3968
239,3974
416,3977
422,3988
143,3990
14,3990
41,4007
133,4007
180,4015
267,4016
163,4019
455,4023
225,4029
4,4030
272,4031
288,4041
475,4057
91,4058
324,4060
388,4066
395,4067
154,4072
340,4076
199,4080
476,4083
183,4084
128,4087
351,4092
43,4094
343,4099
208,4102
17,4108
450,4119
21,4129
195,4142
194,4146
460,4162
3,4166
477,4167
488,4180
261,4186
24,4197
336,4203
125,4204
231,4207
310,4217
411,4236
345,4252
172,4260
356,4262
357,4271
490,4298
246,4308
426,4313
276,4314
217,4321
88,4323
151,4324
420,4325
69,4325
295,4335
400,4351
481,4352
482,4359
452,4373
268,4373
207,4380
360,4381
270,4402
368,4407
55,4409
284,4411
34,4415
50,4420
309,4426
467,4427
86,4428
333,4432
260,4458
297,4458
364,4477
142,4481
375,4486
189,4488
242,4489
425,4496
82,4509
453,4517
256,4526
402,4537
104,4544
262,4548
136,4549
48,4552
359,4554
229,4554
405,4583
473,4592
374,4609
377,4629
417,4652
352,4653
346,4654
335,4676
236,4688
101,4689
79,4713
461,4725
162,4737
341,4740
372,4754
212,4758
498,4762
472,4763
373,4773
247,4773
193,4813
67,4816
314,4831
51,4834
321,4840
408,4856
29,4868
369,4881
221,4889
447,4913
366,4938
171,4951
227,4952
448,4978
441,4990
234,5005
99,5011
478,5028
423,5040
38,5060
311,5071
451,5092
53,5093
393,5103
290,5145
44,5189
223,5191
93,5200
308,5210
275,5244
334,5252
428,5273
152,5296
84,5323
263,5357
457,5359
219,5385
243,5412
302,5425
392,5436
9,5443
138,5455
389,5518
224,5531
92,5545
371,5598
283,5603
173,5644
487,5652
474,5657
211,5690
62,5759
391,5821
459,5848
196,5874
30,5884
354,5894
202,5991
378,6009
10,6013
81,6049
259,6049
264,6096
45,6213
299,6228
161,6321
60,6432
115,6609
287,6655
68,7014
71,7021
456,7429

simblock.block.ProofOfWorkBlock@4c3c158:36
164,0
180,489
135,696
493,898
22,980
307,1101
262,1182
107,1189
84,1302
78,1389
389,1397
346,1408
286,1479
312,1505
406,1593
393,1594
453,1605
476,1615
366,1674
94,1682
154,1710
408,1755
363,1791
319,1794
167,1796
473,1808
278,1822
293,1876
270,1880
233,1883
448,1894
488,1900
127,1912
266,1960
356,1994
414,1998
116,2001
460,2013
184,2019
387,2023
449,2082
95,2086
136,2088
16,2088
204,2091
212,2100
450,2102
12,2107
89,2108
332,2118
206,2163
24,2169
53,2173
484,2200
443,2202
304,2204
315,2224
31,2226
330,2227
18,2248
153,2286
213,2289
148,2291
282,2297
21,2303
426,2303
156,2309
60,2310
29,2311
385,2322
158,2368
1,2374
113,2377
445,2381
179,2392
255,2402
168,2405
458,2406
432,2406
234,2411
157,2425
310,2438
80,2448
487,2449
485,2482
337,2493
466,2493
336,2493
92,2504
201,2506
196,2514
13,2515
321,2518
483,2519
303,2519
177,2545
477,2572
143,2577
231,2578
250,2582
199,2589
348,2595
274,2597
64,2606
190,2609
261,2623
446,2630
384,2637
345,2638
412,2641
121,2643
205,2659
118,2695
72,2700
351,2705
305,2709
62,2714
214,2715
247,2715
447,2719
140,2721
110,2724
244,2728
380,2731
496,2740
394,2741
353,2770
202,2774
308,2779
236,2780
70,2792
425,2810
478,2811
343,2812
36,2812
323,2833
438,2836
471,2841
161,2844
86,2853
428,2854
277,2862
211,2874
422,2899
350,2901
459,2907
457,2911
124,2919
352,2920
105,2922
405,2923
301,2924
253,2928
56,2939
141,2941
355,2945
497,2961
103,2976
368,2982
267,2986
54,2998
377,3013
129,3013
28,3017
272,3018
383,3036
402,3046
403,3047
434,3049
17,3059
486,3063
27,3075
225,3084
203,3103
137,3103
44,3109
420,3114
91,3120
163,3123
224,3127
287,3143
90,3148
376,3148
251,3156
300,3162
249,3167
411,3178
339,3181
155,3183
210,3188
25,3202
88,3207
435,3217
407,3221
66,3225
237,3241
294,3247
123,3255
298,3258
347,3260
326,3268
57,3278
437,3278
149,3285
50,3290
494,3313
311,3316
441,3327
185,3332
291,3336
309,3344
427,3346
181,3360
114,3364
130,3375
35,3378
392,3383
169,3406
357,3409
340,3421
150,3423
170,3424
455,3424
194,3429
109,3446
85,3452
297,3461
254,3472
160,3481
87,3490
379,3493
280,3512
77,3524
40,3533
192,3540
7,3548
37,3570
221,3576
285,3581
222,3584
229,3595
369,3596
191,3599
263,3602
421,3604
302,3632
396,3633
159,3653
344,3656
101,3658
360,3670
436,3683
189,3686
117,3690
257,3691
430,3694
106,3722
131,3734
390,3739
342,3747
39,3749
2,3776
469,3784
142,3787
100,3797
209,3812
172,3813
59,3828
281,3846
329,3847
138,3871
480,3875
418,3890
358,3899
41,3903
463,3918
462,3950
69,3950
404,3952
47,3969
241,3972
372,3977
397,3977
102,3998
316,4005
98,4008
495,4010
197,4013
461,4022
335,4028
364,4031
120,4038
11,4060
359,4066
327,4075
165,4092
30,4104
273,4106
362,4119
147,4129
198,4164
26,4183
289,4210
119,4214
400,4217
97,4233
67,4252
15,4265
108,4284
258,4288
220,4293
299,4312
240,4325
32,4353
296,4382
232,4383
151,4384
416,4393
470,4407
139,4429
152,4432
268,4438
256,4441
245,4447
10,4459
378,4476
33,4485
269,4507
468,4524
74,4531
334,4536
34,4540
243,4545
112,4593
83,4600
144,4675
146,4677
193,4681
215,4702
81,4716
284,4725
75,4737
235,4754
474,4755
479,4773
288,4816
166,4822
227,4824
96,4852
314,4856
354,4884
218,4914
423,4914
45,4968
174,4983
5,4994
76,5016
173,5020
38,5021
42,5068
79,5115
382,5137
371,5152
182,5167
341,5176
398,5188
374,5225
9,5253
265,5266
115,5341
195,5346
465,5390
395,5443
498,5452
187,5461
295,5462
71,5477
259,5597
145,5598
246,5652
490,5687
49,5710
43,5775
276,5873
322,5888
452,5889
391,6081
183,6083
260,6302
171,6318
223,6334
456,6513
217,6749
99,6762
375,6998
125,7204
467,7691

simblock.block.ProofOfWorkBlock@28fbe4e4:37
442,0
380,570
147,809
220,1050
102,1150
77,1382
87,1384
47,1397
379,1622
385,1624
19,1644
499,1713
436,1722
83,1859
236,1881
486,1881
130,1888
169,1969
149,1970
469,1978
85,2048
133,2087
151,2103
394,2122
123,2141
35,2193
120,2196
158,2203
317,2209
468,2217
349,2223
331,2224
289,2293
454,2296
109,2363
179,2370
427,2396
475,2404
411,2430
316,2434
390,2436
393,2451
65,2454
268,2455
251,2462
132,2467
128,2472
74,2480
333,2502
257,2538
58,2540
218,2541
348,2542
42,2542
144,2556
437,2572
459,2590
370,2602
8,2610
381,2667
403,2676
353,2695
228,2695
97,2696
431,2697
215,2700
344,2704
480,2705
168,2728
327,2732
210,2744
254,2766
15,2769
233,2773
342,2775
143,2781
277,2782
241,2783
101,2790
346,2792
472,2793
355,2795
280,2796
343,2798
75,2802
309,2808
100,2812
449,2861
448,2871
159,2883
122,2885
61,2889
313,2904
255,2907
401,2907
187,2914
444,2933
388,2936
358,2936
377,2937
497,2937
298,2943
148,2945
52,2948
136,2951
170,2967
160,2977
453,2993
157,2997
451,2999
404,3009
301,3010
14,3010
2,3014
49,3020
285,3024
5,3025
240,3033
162,3037
116,3037
11,3038
64,3038
273,3038
134,3039
463,3041
235,3049
117,3055
292,3056
13,3061
328,3064
178,3065
88,3082
161,3093
478,3099
25,3102
308,3108
209,3114
27,3114
293,3115
234,3126
323,3129
202,3145
18,3146
457,3154
146,3154
249,3173
329,3174
182,3176
198,3176
465,3181
269,3185
62,3185
320,3198
489,3200
63,3200
127,3202
315,3211
405,3215
92,3219
312,3234
450,3243
203,3244
338,3244
275,3245
325,3247
319,3249
90,3251
108,3253
192,3257
279,3266
350,3267
175,3268
222,3272
470,3275
17,3275
26,3276
39,3276
59,3279
196,3287
57,3289
412,3290
302,3293
37,3295
384,3298
407,3302
387,3307
208,3314
230,3320
419,3322
464,3342
264,3351
291,3353
82,3353
435,3358
244,3358
112,3358
455,3359
98,3364
429,3372
300,3374
185,3379
430,3392
392,3395
414,3399
415,3402
438,3408
496,3408
94,3411
500,3412
488,3413
177,3414
340,3421
281,3426
318,3428
446,3429
201,3434
93,3446
188,3446
373,3457
114,3462
103,3462
86,3469
232,3471
428,3479
462,3488
150,3491
253,3496
382,3506
267,3509
110,3509
113,3516
336,3516
111,3517
76,3520
24,3521
445,3522
295,3525
276,3528
54,3530
44,3532
278,3533
56,3536
421,3540
266,3542
7,3544
484,3551
176,3551
172,3556
400,3559
351,3572
80,3581
212,3583
126,3585
361,3586
492,3587
274,3596
22,3596
21,3599
73,3602
447,3603
426,3605
485,3606
311,3606
237,3612
359,3614
205,3616
452,3631
245,3641
363,3648
402,3648
479,3669
141,3675
424,3677
413,3687
433,3687
135,3689
262,3698
238,3708
283,3722
416,3733
306,3735
81,3735
99,3743
204,3743
165,3746
352,3748
362,3752
422,3754
181,3766
263,3772
153,3777
48,3786
118,3787
70,3789
248,3798
456,3800
303,3802
471,3809
173,3812
30,3813
154,3831
89,3839
186,3847
473,3852
440,3854
33,3856
476,3859
4,3860
36,3861
360,3862
299,3872
460,3872
294,3881
224,3882
322,3884
78,3889
225,3900
305,3902
494,3913
491,3916
410,3917
131,3919
356,3920
156,3929
216,3931
376,3932
190,3932
34,3936
408,3936
487,3936
272,3939
246,3943
46,3952
200,3953
119,3962
324,3976
398,3983
79,3984
258,3992
483,4017
140,4019
369,4022
51,4027
326,4039
171,4059
191,4061
55,4069
481,4076
345,4081
409,4084
207,4093
378,4103
166,4106
252,4117
406,4120
20,4134
372,4140
107,4151
260,4174
321,4174
105,4175
466,4179
288,4179
304,4186
286,4188
458,4191
164,4196
194,4208
247,4223
28,4226
213,4230
106,4233
397,4237
366,4243
226,4248
259,4248
417,4260
339,4263
332,4264
383,4266
129,4268
40,4268
420,4270
434,4276
193,4284
261,4286
104,4290
418,4362
66,4362
391,4368
32,4384
357,4398
271,4414
121,4418
474,4420
495,4435
95,4466
72,4506
174,4509
3,4517
184,4518
443,4519
180,4521
399,4524
490,4525
197,4546
396,4547
6,4555
199,4563
368,4581
84,4590
206,4591
270,4599
439,4600
441,4611
71,4625
43,4655
425,4707
23,4709
91,4728
354,4776
330,4801
296,4814
167,4836
1,4846
432,4849
386,4855
155,4855
310,4856
347,4866
195,4870
365,4876
282,4898
375,4907
60,4920
115,4920
53,4925
287,4929
265,4944
214,4945
477,5043
68,5137
307,5141
96,5181
12,5183
229,5186
239,5187
250,5188
374,5245
423,5249
297,5251
67,5252
29,5255
367,5261
337,5263
9,5299
217,5303
364,5307
221,5312
219,5325
395,5348
242,5356
231,5373
137,5519
498,5552
290,5565
482,5585
341,5588
189,5595
138,5597
50,5609
461,5637
334,5652
69,5662
41,5663
10,5681
31,5703
152,5717
139,5737
45,5882
163,5920
335,5959
38,5999
125,6009
256,6037
223,6062
314,6068
284,6075
124,6249
142,6368
227,6412
371,6473
183,6524
493,6580
389,6913
211,7244
16,7576
243,7970
467,8368
145,8775

simblock.block.ProofOfWorkBlock@7696a6d2:38
105,0
156,493
453,694
373,895
211,983
184,1097
212,1185
202,1193
320,1324
428,1388
491,1391
311,1397
282,1475
310,1525
62,1589
307,1591
487,1594
476,1600
340,1676
369,1683
330,1684
448,1726
286,1791
25,1796
328,1809
343,1812
344,1814
430,1882
253,1882
233,1885
315,1887
70,1889
31,1896
356,1928
475,1966
426,1996
420,2015
95,2019
399,2020
445,2041
236,2081
319,2082
203,2083
185,2084
279,2085
110,2087
368,2090
29,2094
180,2094
121,2099
147,2123
485,2169
401,2172
57,2177
201,2203
478,2217
460,2217
389,2220
155,2221
230,2222
35,2243
337,2246
357,2282
294,2286
406,2289
450,2289
408,2292
36,2293
451,2294
441,2295
496,2297
85,2301
13,2301
89,2304
205,2306
24,2309
161,2318
283,2371
231,2374
417,2377
94,2378
492,2378
160,2381
261,2386
367,2389
135,2408
64,2418
16,2419
179,2421
206,2422
278,2436
281,2445
72,2450
167,2457
352,2483
164,2491
7,2493
427,2494
178,2494
176,2498
363,2499
392,2503
473,2505
122,2509
116,2511
136,2512
275,2513
226,2513
86,2514
61,2515
287,2516
366,2518
325,2523
331,2559
84,2576
248,2576
415,2578
306,2578
92,2578
303,2580
88,2580
351,2583
255,2587
494,2588
346,2588
60,2589
345,2591
422,2592
58,2592
413,2598
293,2600
127,2621
224,2623
312,2630
449,2635
499,2661
447,2668
377,2681
78,2693
154,2693
103,2695
170,2696
414,2699
442,2702
153,2703
54,2703
471,2712
133,2712
28,2713
483,2717
305,2718
213,2718
410,2718
39,2721
118,2721
77,2722
466,2722
459,2728
8,2731
182,2734
404,2742
51,2748
396,2760
341,2763
117,2763
358,2765
323,2776
239,2778
137,2779
440,2780
113,2781
339,2782
4,2784
333,2785
157,2789
93,2791
321,2792
409,2792
348,2793
216,2793
91,2794
443,2795
200,2799
264,2801
129,2801
386,2805
208,2807
316,2810
14,2817
488,2822
250,2829
329,2837
274,2840
381,2869
5,2878
66,2879
332,2881
432,2881
27,2883
148,2890
214,2891
53,2898
199,2904
234,2912
308,2913
472,2915
12,2919
197,2922
82,2924
338,2924
477,2925
254,2927
251,2929
393,2930
3,2931
22,2933
204,2933
102,2935
87,2939
405,2944
437,2944
44,2950
493,2958
186,2959
49,2964
394,2978
163,2979
402,2982
210,2987
336,2988
454,2990
128,2991
140,2991
457,2995
21,2995
262,2996
63,2999
484,3002
446,3003
270,3009
379,3010
158,3011
458,3013
56,3014
273,3018
500,3031
190,3031
464,3038
272,3043
241,3050
74,3054
361,3056
359,3057
97,3061
407,3074
277,3076
382,3077
425,3077
196,3083
318,3088
101,3094
302,3101
267,3109
301,3116
412,3117
390,3117
398,3118
112,3120
168,3121
421,3122
435,3132
495,3133
238,3133
468,3136
439,3146
40,3146
291,3152
188,3154
6,3154
124,3156
433,3162
486,3178
489,3184
107,3188
350,3189
334,3191
280,3194
419,3199
490,3203
1,3208
26,3213
235,3227
431,3234
313,3239
229,3246
463,3247
80,3249
304,3250
370,3256
444,3257
48,3260
187,3263
79,3266
134,3275
497,3283
349,3295
76,3299
65,3303
455,3309
194,3310
383,3325
220,3326
225,3327
324,3337
362,3346
462,3347
50,3350
269,3352
227,3357
219,3359
237,3359
139,3360
41,3364
132,3378
32,3384
162,3385
55,3385
198,3391
33,3405
327,3418
171,3423
191,3433
126,3436
20,3438
17,3439
90,3444
465,3458
289,3460
347,3462
263,3464
174,3470
23,3474
42,3478
365,3478
81,3491
59,3504
143,3508
436,3509
11,3512
353,3525
131,3527
469,3538
482,3544
452,3549
144,3553
166,3556
438,3567
317,3567
470,3570
424,3572
228,3580
299,3582
30,3583
387,3589
245,3599
209,3642
429,3650
249,3664
260,3674
292,3696
172,3698
149,3710
265,3710
376,3739
309,3745
416,3759
173,3763
141,3776
480,3779
257,3780
100,3792
106,3794
300,3799
10,3812
247,3819
183,3837
423,3838
114,3841
150,3842
165,3854
243,3859
34,3864
9,3867
355,3874
152,3881
218,3889
189,3916
498,3918
115,3924
142,3932
290,3937
479,3957
145,4001
298,4011
99,4015
378,4024
151,4028
271,4028
71,4053
120,4061
342,4065
266,4073
37,4091
169,4097
364,4105
175,4108
46,4109
192,4109
146,4111
19,4156
130,4158
326,4171
242,4195
47,4205
68,4239
284,4271
276,4304
395,4321
83,4342
98,4362
434,4383
246,4385
222,4388
123,4408
268,4411
385,4423
215,4432
314,4454
38,4461
52,4470
75,4490
221,4491
15,4532
193,4547
223,4549
335,4590
258,4656
411,4700
418,4727
240,4731
2,4748
288,4749
285,4750
467,4757
388,4788
108,4854
461,4935
372,4956
297,4976
384,5042
244,5050
177,5063
96,5066
138,5103
73,5104
456,5136
159,5173
119,5357
109,5366
111,5381
181,5384
360,5532
252,5550
43,5603
397,5702
391,5794
45,5809
374,5831
232,5959
207,5982
380,6021
371,6046
256,6225
195,6262
295,6296
403,6337
354,6410
67,6492
18,6539
217,6653
104,6690
125,6855
400,6927
375,7024
474,7081
296,7121
69,7350
259,7374
322,7559
481,7987

simblock.block.ProofOfWorkBlock@3c35b339:38
108,0
80,570
444,807
486,1050
15,1172
436,1295
218,1386
339,1507
111,1548
228,1624
83,1634
6,1740
181,1795
3,1839
150,1861
102,1872
268,1879
291,1956
462,1978
191,2041
157,2053
147,2117
26,2122
257,2127
56,2130
460,2170
73,2195
480,2195
464,2216
353,2216
366,2261
469,2280
301,2309
399,2338
497,2355
281,2360
446,2364
2,2365
358,2369
479,2436
209,2438
329,2441
65,2450
327,2453
220,2453
35,2455
118,2463
122,2501
222,2517
463,2534
127,2544
117,2546
318,2547
198,2592
289,2608
126,2610
455,2622
153,2671
249,2674
215,2680
14,2681
269,2684
432,2689
277,2691
74,2693
390,2694
60,2697
244,2703
342,2703
424,2705
465,2713
333,2747
123,2764
52,2765
438,2772
5,2787
59,2794
470,2799
88,2837
420,2850
273,2854
87,2855
352,2875
264,2875
187,2876
468,2888
285,2912
110,2922
149,2924
169,2929
349,2931
403,2938
72,2939
101,2943
109,2943
279,2953
323,2957
42,2969
394,3001
131,3008
347,3010
37,3010
385,3021
442,3025
388,3026
427,3026
184,3028
414,3029
265,3042
397,3047
133,3056
205,3077
404,3089
379,3093
166,3097
33,3114
161,3123
471,3126
223,3133
31,3155
240,3165
266,3171
76,3171
380,3173
49,3174
411,3175
331,3182
448,3183
175,3187
425,3207
103,3238
62,3242
46,3247
130,3248
325,3250
112,3251
398,3256
155,3257
106,3259
151,3262
368,3269
359,3272
86,3275
355,3277
294,3279
437,3289
350,3292
357,3299
235,3327
251,3334
258,3335
197,3341
134,3343
91,3357
163,3358
292,3361
412,3362
89,3362
435,3363
304,3388
393,3390
416,3405
119,3414
381,3414
97,3421
159,3424
498,3449
199,3456
494,3458
302,3463
120,3486
238,3490
75,3497
362,3497
164,3500
392,3503
413,3503
382,3508
90,3509
478,3514
19,3514
11,3522
84,3530
346,3537
499,3549
29,3559
386,3564
245,3569
70,3571
144,3571
365,3573
443,3577
99,3578
361,3581
234,3584
22,3584
431,3593
439,3594
194,3596
272,3597
316,3599
317,3602
107,3609
338,3617
158,3618
376,3621
66,3622
330,3623
208,3638
143,3650
396,3657
177,3658
129,3691
483,3692
24,3692
224,3730
247,3734
214,3736
326,3742
402,3743
47,3747
165,3747
453,3753
434,3757
57,3761
459,3788
246,3797
140,3803
71,3816
148,3817
369,3825
409,3832
384,3840
32,3842
27,3847
280,3848
160,3852
13,3852
53,3853
142,3854
348,3860
487,3862
477,3869
311,3879
454,3896
212,3900
16,3907
253,3907
182,3907
242,3908
82,3909
466,3910
261,3914
179,3914
8,3918
337,3927
491,3928
367,3928
250,3929
105,3942
305,3949
92,3950
25,3970
298,3972
241,3988
320,3988
275,3991
415,3992
141,3996
321,4022
417,4022
202,4023
195,4030
9,4031
230,4037
128,4043
216,4059
495,4076
162,4077
239,4078
492,4078
300,4081
132,4083
183,4086
213,4086
63,4126
315,4138
4,4155
64,4157
306,4164
340,4176
458,4177
78,4179
36,4180
200,4182
1,4182
449,4183
481,4203
20,4221
473,4230
389,4231
282,4240
237,4241
496,4244
58,4244
178,4250
93,4251
377,4258
307,4261
312,4264
172,4272
406,4275
408,4278
40,4286
335,4289
428,4301
447,4304
115,4310
139,4312
450,4323
137,4325
145,4332
204,4333
116,4338
310,4354
433,4354
387,4354
156,4408
113,4409
383,4411
236,4412
303,4412
188,4415
152,4453
50,4466
475,4485
426,4493
173,4498
461,4498
256,4504
196,4509
136,4511
457,4511
231,4512
363,4516
354,4523
421,4543
407,4554
12,4566
405,4573
135,4576
287,4578
322,4585
44,4588
85,4592
39,4596
440,4602
154,4608
124,4623
344,4631
378,4635
201,4636
375,4641
332,4653
334,4654
490,4663
290,4679
68,4685
270,4709
410,4738
484,4740
476,4742
441,4745
419,4746
229,4757
186,4826
500,4850
485,4852
114,4862
343,4879
28,4905
293,4912
10,4926
309,4933
38,4934
482,4934
167,4937
219,4938
55,4956
422,4973
206,4978
207,4981
30,4989
314,5004
45,5023
341,5051
474,5058
23,5062
336,5075
296,5083
21,5083
125,5114
452,5121
210,5157
370,5178
185,5185
451,5209
54,5239
489,5245
252,5257
180,5269
211,5276
262,5286
146,5338
189,5346
374,5350
400,5362
260,5367
227,5396
267,5404
34,5466
360,5491
259,5517
472,5525
43,5526
278,5540
176,5573
77,5574
121,5606
263,5610
100,5622
138,5677
51,5741
232,5748
284,5754
299,5771
351,5776
391,5804
225,5812
372,5851
283,5855
493,5908
221,5929
243,5934
274,5938
356,5954
371,5983
174,6053
286,6070
67,6164
254,6196
423,6216
61,6238
429,6245
364,6258
255,6262
313,6271
488,6288
328,6312
467,6333
217,6388
295,6472
41,6570
226,6576
308,6620
297,6731
7,6762
288,6885
190,6950
69,6976
98,7140
319,7285
81,7289
271,7383
456,7689

simblock.block.ProofOfWorkBlock@82bb699:39
500,0
148,491
449,694
12,897
401,986
310,1107
57,1188
93,1194
82,1389
201,1396
176,1406
323,1426
91,1487
250,1597
393,1598
179,1601
31,1620
447,1679
239,1687
286,1692
46,1744
85,1799
78,1807
460,1807
36,1821
27,1881
188,1883
70,1890
345,1898
475,1900
28,1912
226,1982
37,1998
336,2004
204,2009
16,2010
476,2027
132,2059
279,2086
352,2088
492,2089
493,2089
350,2090
21,2104
412,2104
293,2106
262,2110
392,2113
402,2169
153,2178
206,2185
7,2186
482,2211
224,2211
203,2214
366,2233
257,2235
408,2287
136,2291
236,2292
44,2293
387,2299
303,2305
170,2305
124,2305
140,2306
377,2312
491,2317
326,2319
309,2329
419,2330
264,2333
270,2371
161,2372
55,2376
61,2381
212,2383
92,2387
39,2388
332,2389
478,2401
363,2407
105,2416
272,2424
58,2429
190,2439
285,2474
13,2483
104,2492
328,2493
95,2495
248,2498
294,2499
107,2500
135,2506
22,2506
211,2508
214,2510
25,2511
29,2518
127,2519
180,2520
302,2523
348,2536
261,2560
291,2561
333,2574
410,2574
487,2576
200,2580
122,2582
472,2582
116,2583
417,2591
432,2592
337,2593
121,2594
163,2602
162,2603
308,2610
178,2613
62,2618
77,2623
407,2625
306,2630
330,2646
199,2647
442,2649
426,2664
339,2673
88,2681
113,2691
215,2695
64,2701
435,2703
155,2704
448,2704
428,2706
267,2707
266,2708
154,2708
131,2710
497,2711
477,2712
466,2717
459,2720
414,2720
168,2721
103,2722
321,2723
490,2755
210,2762
186,2778
338,2778
437,2781
230,2782
499,2784
53,2785
164,2786
24,2789
89,2794
484,2794
128,2795
406,2795
485,2797
194,2799
143,2800
396,2802
488,2805
458,2806
465,2813
167,2814
18,2820
495,2827
311,2827
84,2835
373,2836
274,2844
110,2850
304,2855
253,2868
324,2874
60,2878
137,2882
320,2882
66,2886
54,2901
344,2902
409,2908
443,2911
457,2912
351,2919
405,2920
483,2922
50,2923
413,2923
202,2925
325,2927
433,2927
72,2932
76,2938
397,2940
97,2943
102,2950
208,2953
282,2957
455,2958
106,2963
222,2963
398,2965
315,2966
213,2982
278,2982
489,2983
439,2990
94,2995
471,2995
473,2997
287,2998
357,2998
425,3005
255,3005
120,3008
129,3017
300,3017
355,3021
150,3023
305,3028
450,3029
451,3032
123,3042
365,3045
90,3051
430,3051
436,3051
453,3054
454,3080
216,3087
233,3089
289,3099
149,3102
8,3109
389,3109
427,3114
108,3116
244,3120
100,3128
119,3129
237,3129
318,3131
422,3132
322,3135
431,3136
319,3138
152,3138
73,3145
429,3150
156,3152
415,3159
245,3173
1,3177
160,3183
159,3186
275,3187
359,3190
441,3192
376,3197
440,3199
247,3199
346,3211
6,3213
418,3228
133,3232
2,3235
101,3236
469,3237
56,3240
404,3252
11,3255
420,3258
480,3259
280,3259
340,3261
381,3266
74,3266
329,3278
15,3280
400,3282
479,3282
356,3294
349,3295
240,3296
496,3312
343,3315
231,3317
181,3321
385,3322
277,3323
192,3323
151,3324
177,3337
158,3338
141,3340
369,3340
147,3342
218,3353
209,3355
4,3356
290,3357
86,3360
52,3365
185,3381
227,3386
367,3400
268,3410
205,3415
331,3436
47,3444
403,3446
65,3452
307,3462
281,3465
184,3465
316,3467
220,3468
263,3474
364,3481
380,3489
421,3502
197,3502
126,3509
33,3512
118,3514
63,3521
134,3551
165,3551
390,3551
342,3557
241,3558
51,3563
183,3566
228,3569
468,3573
125,3574
49,3581
157,3581
494,3584
299,3585
295,3588
434,3588
130,3599
445,3604
312,3619
40,3625
142,3631
424,3635
416,3636
254,3640
144,3642
379,3653
269,3658
354,3664
68,3665
317,3665
166,3680
260,3687
38,3697
41,3699
79,3722
196,3723
229,3729
43,3753
232,3754
391,3754
292,3759
368,3765
394,3776
462,3777
481,3780
225,3781
17,3792
386,3798
335,3803
146,3811
87,3812
383,3816
399,3826
347,3829
298,3829
115,3853
375,3854
138,3865
109,3869
301,3872
444,3884
175,3894
23,3896
438,3897
464,3900
358,3921
96,3924
256,3933
283,3957
3,3962
327,3966
235,3968
187,3974
362,3983
81,3990
48,3995
34,4004
378,4009
276,4015
486,4038
67,4072
189,4077
382,4081
59,4085
411,4093
182,4096
360,4134
42,4146
198,4148
10,4157
32,4186
370,4221
313,4224
174,4227
234,4237
246,4251
26,4297
30,4303
273,4309
98,4313
69,4321
243,4352
169,4352
395,4352
456,4358
111,4397
20,4406
249,4414
498,4415
259,4435
463,4464
238,4465
372,4500
75,4503
172,4526
207,4531
114,4540
117,4540
191,4561
314,4586
297,4618
112,4668
251,4719
452,4726
83,4738
223,4747
195,4747
296,4757
258,4780
14,4781
288,4788
139,4788
470,4821
371,4850
388,4855
474,4971
5,4985
423,4988
361,5035
384,5061
35,5099
80,5151
171,5157
9,5163
353,5170
284,5174
219,5209
242,5221
334,5278
446,5360
71,5438
467,5455
19,5486
221,5533
217,5585
341,5585
265,5616
271,5650
374,5811
252,5939
145,5962
99,6095
193,6245
45,6387
461,6545
173,7029

simblock.block.ProofOfWorkBlock@7a03deb2:39
17,0
468,583
247,821
476,1163
414,1497
186,1829
306,2160
386,2490
267,2828
260,3231

simblock.block.ProofOfWorkBlock@48b16c26:40
468,0
240,569
101,819
385,1065
268,1142
47,1303
257,1379
15,1387
130,1564
495,1616
404,1625
316,1636
444,1713
17,1801
218,1855
317,1870
147,1873
381,1876
462,1949
431,1950
35,1956
191,2039
411,2101
380,2108
403,2111
228,2115
269,2139
182,2186
486,2187
323,2188
80,2196
361,2200
463,2207
108,2280
497,2289
187,2348
365,2349
169,2352
247,2374
132,2382
26,2425
209,2425
215,2428
65,2428
464,2439
222,2445
192,2445
202,2446
141,2446
394,2447
301,2453
329,2517
151,2520
74,2525
281,2530
285,2530
126,2587
120,2591
455,2617
52,2625
480,2664
245,2667
291,2671
42,2676
342,2678
123,2678
446,2682
442,2684
58,2688
165,2692
2,2695
306,2718
150,2754
396,2756
235,2757
370,2758
14,2766
438,2771
415,2775
349,2779
492,2780
83,2783
206,2784
87,2785
82,2789
37,2789
327,2834
111,2850
32,2864
470,2871
358,2904
73,2909
19,2917
244,2918
251,2921
277,2921
213,2924
6,2928
382,2929
33,2931
424,2934
233,2939
399,2947
484,2986
198,2995
5,2995
131,2996
117,3000
352,3000
280,3006
20,3014
95,3014
331,3016
388,3018
390,3018
313,3019
355,3024
44,3026
298,3029
97,3029
230,3030
266,3044
398,3049
414,3064
181,3087
418,3091
220,3093
384,3099
205,3103
417,3106
483,3113
156,3115
427,3116
338,3120
148,3138
436,3142
450,3145
102,3156
292,3159
149,3164
389,3169
379,3173
72,3178
254,3181
241,3185
434,3190
286,3193
234,3195
472,3206
454,3218
485,3236
353,3238
90,3243
325,3243
238,3243
236,3250
289,3250
162,3253
397,3253
144,3257
300,3258
48,3259
347,3262
482,3264
249,3268
119,3271
248,3274
489,3277
262,3281
133,3288
31,3296
321,3304
129,3317
312,3326
157,3329
346,3330
479,3331
469,3332
429,3344
487,3346
406,3347
326,3347
177,3357
500,3361
127,3364
305,3364
304,3366
63,3371
3,3376
465,3379
64,3382
223,3386
386,3395
416,3402
75,3411
362,3418
430,3419
175,3422
184,3423
369,3424
258,3429
93,3432
402,3433
197,3433
11,3434
471,3442
22,3443
1,3443
309,3447
224,3448
39,3449
420,3469
199,3477
107,3485
49,3486
46,3488
387,3489
377,3494
217,3495
359,3501
134,3502
211,3502
112,3508
458,3508
303,3522
318,3525
94,3535
116,3536
284,3536
419,3539
13,3552
28,3565
328,3566
85,3570
159,3571
160,3573
367,3578
366,3579
255,3580
499,3581
154,3583
161,3586
237,3586
273,3587
449,3587
278,3588
383,3589
457,3589
225,3591
76,3595
428,3597
176,3600
103,3610
92,3614
378,3622
109,3624
447,3626
401,3630
18,3656
88,3659
115,3661
477,3664
478,3665
56,3667
250,3669
8,3675
421,3676
96,3676
393,3678
283,3696
200,3696
448,3697
433,3703
422,3705
164,3708
259,3720
261,3720
267,3727
51,3731
207,3739
265,3743
407,3750
53,3752
7,3754
137,3762
294,3768
332,3772
351,3772
451,3776
21,3777
140,3778
363,3781
78,3786
121,3787
59,3790
333,3791
55,3806
128,3817
282,3819
405,3824
183,3828
395,3829
4,3837
226,3837
135,3837
253,3840
474,3840
68,3843
12,3853
376,3855
452,3859
166,3863
409,3872
320,3889
168,3891
275,3898
231,3906
475,3908
84,3915
155,3918
343,3918
113,3918
439,3919
143,3933
136,3935
256,3940
70,3941
356,3944
196,3947
171,3961
204,3974
188,3986
371,3991
203,3993
106,3997
287,3998
440,4000
410,4005
310,4006
24,4006
27,4007
473,4024
490,4025
481,4031
57,4039
122,4039
324,4051
186,4063
214,4065
30,4071
219,4078
210,4084
279,4093
89,4095
340,4097
170,4100
276,4103
104,4103
494,4104
50,4106
412,4107
34,4113
330,4117
23,4125
62,4136
114,4138
125,4143
105,4149
153,4165
60,4169
392,4175
252,4184
54,4193
91,4196
375,4215
423,4231
297,4235
334,4244
315,4244
167,4249
426,4252
66,4267
185,4268
25,4269
178,4274
299,4276
190,4278
374,4322
445,4327
272,4330
118,4339
194,4340
425,4348
496,4349
460,4374
263,4392
239,4395
459,4418
9,4430
246,4434
461,4450
372,4451
274,4467
391,4476
180,4480
260,4504
29,4509
173,4515
290,4526
432,4527
336,4527
335,4551
43,4568
302,4574
110,4580
322,4582
10,4591
435,4599
357,4602
77,4604
308,4614
71,4614
437,4659
307,4668
41,4673
264,4684
441,4729
413,4750
139,4777
408,4805
348,4818
193,4845
16,4846
350,4856
443,4858
345,4905
189,4932
208,4938
45,4940
40,4945
61,4950
38,4956
179,4989
373,5000
138,5010
99,5052
339,5063
364,5078
293,5137
400,5154
36,5156
319,5181
368,5188
476,5197
344,5277
466,5280
86,5280
201,5320
314,5414
221,5456
295,5458
216,5475
124,5510
354,5550
174,5555
158,5610
146,5637
69,5677
229,5723
270,5806
337,5843
360,5862
242,5873
100,5944
67,5955
341,5959
232,6061
271,6081
152,6129
311,6137
212,6185
296,6265
488,6276
81,6290
98,6360
227,6468
453,6468
163,6515
172,6669
456,6681
288,6763
491,6846
79,6877
195,7171
493,7177
498,7293
467,7571
243,7968
142,8377
145,8787

simblock.block.ProofOfWorkBlock@1503c5e9:41
451,0
155,490
160,692
333,894
204,982
25,1104
320,1185
340,1188
454,1309
63,1386
305,1394
236,1399
283,1471
399,1515
77,1587
287,1597
483,1600
412,1601
262,1672
206,1676
54,1679
58,1788
410,1801
267,1802
176,1803
199,1808
277,1835
409,1875
250,1876
95,1879
401,1883
393,1890
140,1892
66,1962
447,1989
212,2005
278,2007
489,2009
184,2009
420,2018
392,2077
105,2080
248,2081
133,2084
103,2085
321,2087
18,2092
460,2094
430,2094
178,2099
198,2160
319,2167
264,2175
92,2179
275,2181
415,2194
472,2207
94,2211
475,2211
306,2216
107,2278
344,2282
293,2287
387,2288
351,2294
27,2296
476,2300
477,2300
491,2300
338,2301
413,2301
367,2301
21,2302
443,2302
121,2332
96,2336
473,2367
417,2369
154,2370
302,2371
435,2371
253,2377
205,2382
61,2386
337,2388
157,2401
153,2410
251,2410
127,2411
91,2412
309,2415
167,2421
214,2452
355,2476
196,2481
255,2491
453,2494
445,2496
60,2500
266,2502
72,2503
328,2503
274,2503
357,2504
437,2505
136,2506
40,2509
402,2516
414,2517
422,2521
194,2527
478,2535
29,2555
230,2571
377,2572
22,2574
88,2575
158,2579
93,2579
448,2580
211,2582
348,2583
202,2590
39,2591
440,2593
493,2597
488,2597
226,2602
497,2605
495,2610
282,2612
53,2616
3,2617
170,2621
213,2624
317,2653
235,2657
499,2660
84,2661
113,2667
168,2671
210,2672
457,2684
363,2695
329,2698
224,2705
386,2705
64,2706
315,2706
233,2707
407,2708
8,2710
484,2711
307,2711
143,2711
12,2718
188,2719
433,2732
425,2737
336,2737
24,2758
148,2774
185,2776
310,2778
490,2785
156,2787
466,2789
161,2790
85,2792
272,2792
496,2795
7,2796
405,2796
455,2797
312,2797
162,2800
78,2801
346,2804
446,2806
366,2813
1,2818
17,2819
427,2821
311,2823
279,2861
304,2864
100,2867
339,2869
164,2870
129,2879
449,2887
408,2896
324,2904
469,2908
431,2908
269,2911
239,2911
381,2911
179,2911
345,2913
332,2913
190,2915
59,2915
19,2918
298,2918
57,2924
237,2925
220,2926
33,2928
2,2930
86,2933
249,2934
36,2939
421,2945
163,2960
398,2971
286,2976
403,2978
240,2979
343,2982
13,2986
308,2991
356,2994
89,2997
458,3001
201,3007
323,3015
418,3016
361,3021
90,3023
118,3024
373,3025
459,3026
480,3030
231,3031
419,3031
56,3033
330,3039
151,3040
318,3046
254,3050
432,3063
428,3075
450,3081
350,3096
101,3097
70,3099
485,3104
137,3112
429,3113
62,3113
122,3114
380,3114
369,3115
442,3122
261,3132
83,3133
186,3138
49,3138
124,3142
456,3146
365,3146
352,3161
200,3170
110,3178
349,3179
111,3183
389,3189
383,3192
406,3197
175,3203
500,3212
492,3221
294,3225
20,3225
378,3225
26,3226
438,3231
165,3232
31,3232
411,3235
73,3236
76,3242
362,3243
80,3246
494,3247
374,3248
117,3248
150,3250
79,3255
395,3280
209,3291
424,3291
102,3303
257,3309
331,3311
208,3320
120,3324
128,3329
28,3330
238,3332
390,3334
273,3335
159,3338
313,3343
384,3343
37,3343
112,3344
35,3347
325,3349
16,3354
149,3354
132,3361
371,3376
82,3407
222,3414
385,3417
48,3422
218,3431
219,3434
464,3448
327,3451
116,3452
42,3453
486,3454
481,3458
14,3466
299,3476
141,3482
260,3488
135,3491
207,3501
247,3507
144,3519
441,3524
51,3531
130,3541
382,3544
191,3549
131,3551
23,3552
97,3553
123,3556
203,3556
119,3566
245,3568
68,3574
439,3611
259,3614
182,3615
360,3620
192,3624
225,3640
87,3642
436,3644
45,3647
280,3652
44,3654
301,3656
46,3658
189,3664
126,3665
394,3671
52,3677
334,3678
276,3680
34,3682
227,3708
364,3710
99,3724
303,3733
234,3738
347,3755
461,3759
4,3760
288,3771
359,3772
181,3776
125,3798
471,3822
426,3823
193,3824
388,3845
195,3845
180,3857
187,3863
11,3867
169,3869
342,3870
109,3876
296,3880
215,3882
391,3890
482,3937
114,3945
358,3950
9,3950
244,3966
177,3971
416,3973
223,3984
370,3992
47,3994
38,3996
423,4004
115,4034
487,4043
32,4069
134,4087
108,4094
252,4094
290,4095
216,4161
258,4161
30,4167
15,4171
281,4180
106,4185
5,4185
300,4187
463,4192
6,4258
41,4311
285,4318
67,4323
166,4363
246,4382
341,4382
289,4385
284,4397
322,4401
452,4401
75,4409
241,4411
145,4424
474,4431
404,4479
372,4482
462,4489
55,4495
396,4502
228,4503
379,4510
335,4525
74,4581
400,4595
217,4608
139,4616
147,4681
197,4700
268,4724
468,4727
10,4760
65,4794
69,4800
465,4818
353,4820
270,4826
104,4829
397,4830
470,4834
152,4836
71,4868
297,4879
142,4965
295,4968
434,4998
138,5034
171,5035
265,5040
146,5059
326,5113
256,5130
291,5136
479,5147
368,5157
271,5157
81,5262
292,5316
243,5366
376,5462
50,5463
498,5550
263,5565
221,5565
354,5574
229,5604
314,5691
316,5777
172,5892
232,5996
242,6039
444,6094
43,6324
173,6482
98,6522
467,6524
174,6768
375,7010
183,7253

simblock.block.ProofOfWorkBlock@140943ef:41
432,0
190,489
127,692
417,901
484,978
345,1106
21,1179
337,1185
336,1310
305,1381
435,1391
137,1468
12,1583
214,1597
444,1624
180,1635
154,1674
226,1786
332,1827
164,1836
199,1875
149,1943
275,1988
63,2033
414,2050
116,2078
476,2129
413,2190
268,2193
176,2238
129,2256
495,2264
1,2282
346,2333
466,2399
26,2437
89,2443
202,2458
387,2487
278,2546
32,2584
208,2614
368,2644
157,2659
83,2678
315,2750
42,2767
384,2810
473,2851
478,2864
130,2905
108,2918
15,2930
22,2954
327,3010
425,3060
262,3066
421,3126
205,3136
412,3247
479,3250
240,3259
486,3270
453,3270
92,3341
10,3341
182,3381
281,3443
36,3474
277,3500
16,3543
480,3569
427,3578
5,3585
97,3695
431,3740
211,3745
217,3769
269,3779
112,3796
398,3825
218,3884
35,3902
282,3950
65,3983
376,4009
131,4064
359,4116
93,4154
423,4208
394,4216
150,4302
206,4314
144,4326
94,4357
467,4368
177,4431
59,4542
352,4559
79,4648
155,4652
192,4750
172,4754
465,4780
379,4875
428,4985
251,5030
438,5074
193,5106
152,5181
197,5196
357,5317
194,5369
191,5390
225,5511
67,5537
134,5555
341,5623
25,5647
307,5702
47,5708
326,5828
344,5982
418,6040
189,6053
85,6069
20,6098
396,6143
124,6320
367,6398
436,6458
299,6468
111,6640
236,6650
151,6786
229,6810
71,6915
366,6980
434,7108
385,7180
146,7338
349,7426
232,7742
403,7744
18,7826
257,8067
227,8146
471,8476
284,8496
38,8923
324,9124
246,9352
91,9769
8,10436
66,11086
57,11731
321,12386
445,13033
373,13677

simblock.block.ProofOfWorkBlock@265ce819:42
222,0
398,570
235,810
411,1049
479,1150
108,1290
96,1383
303,1486
245,1537
2,1617
431,1626
59,1718
404,1778
203,1817
240,1861
486,1865
331,1868
465,1955
298,1967
205,1980
37,2019
151,2098
181,2107
421,2111
85,2158
103,2188
119,2189
131,2193
18,2199
291,2205
134,2297
471,2299
443,2311
317,2335
80,2346
101,2348
208,2349
495,2350
306,2391
166,2427
198,2433
251,2435
468,2437
355,2440
268,2445
344,2470
89,2491
13,2513
362,2526
366,2529
73,2543
353,2544
379,2576
469,2585
361,2585
249,2588
358,2590
236,2595
239,2630
31,2649
403,2668
388,2669
497,2673
54,2673
257,2675
215,2678
150,2682
52,2683
170,2684
277,2685
212,2688
278,2692
286,2714
446,2716
159,2762
269,2765
20,2771
46,2774
109,2780
328,2788
63,2799
422,2803
485,2822
111,2823
463,2827
496,2851
264,2851
192,2870
53,2875
336,2880
188,2881
315,2881
274,2887
253,2899
350,2908
147,2913
218,2915
15,2915
19,2917
92,2922
428,2922
220,2923
90,2924
285,2925
320,2926
209,2930
28,2960
77,2970
200,2984
118,2989
402,2999
460,3001
199,3004
241,3005
300,3007
424,3007
409,3008
6,3008
87,3010
347,3012
387,3015
327,3015
116,3015
370,3022
97,3023
262,3033
210,3039
457,3055
270,3056
148,3062
191,3062
323,3068
488,3081
36,3082
340,3088
333,3095
499,3101
273,3111
247,3113
83,3116
58,3124
425,3136
494,3148
160,3152
313,3152
228,3152
394,3156
397,3169
275,3174
281,3176
47,3184
126,3187
128,3190
345,3195
293,3199
22,3200
7,3208
435,3208
113,3209
226,3209
121,3211
70,3211
429,3224
392,3236
165,3237
311,3240
197,3244
88,3245
480,3246
385,3247
182,3247
349,3250
338,3252
175,3252
492,3252
65,3254
438,3254
62,3255
76,3260
289,3260
16,3266
301,3268
179,3270
368,3285
430,3285
176,3290
51,3296
72,3304
444,3311
464,3313
130,3316
449,3332
211,3337
476,3340
405,3342
484,3345
141,3349
367,3349
325,3350
329,3350
231,3364
410,3371
12,3377
376,3379
107,3381
56,3393
35,3395
453,3397
40,3403
266,3405
406,3410
401,3411
258,3412
5,3414
337,3417
386,3425
365,3426
381,3428
32,3428
287,3432
196,3437
282,3440
489,3443
390,3445
407,3452
255,3468
43,3470
237,3481
21,3484
17,3485
342,3490
180,3492
238,3493
396,3495
462,3497
204,3508
169,3509
152,3517
224,3530
408,3532
319,3534
144,3540
24,3543
149,3550
436,3561
162,3567
94,3570
310,3571
346,3573
318,3578
44,3581
442,3582
491,3583
3,3583
302,3584
490,3585
450,3585
25,3586
383,3589
470,3592
413,3592
415,3593
135,3598
437,3605
106,3607
185,3608
374,3611
326,3612
214,3621
8,3624
75,3630
377,3630
117,3631
384,3638
500,3639
158,3639
11,3647
114,3649
466,3674
206,3679
447,3681
190,3682
120,3692
133,3692
93,3697
177,3717
202,3719
225,3723
187,3725
33,3726
304,3727
305,3734
244,3735
416,3737
26,3738
178,3741
343,3746
23,3748
324,3756
341,3756
29,3756
418,3757
482,3757
308,3761
459,3761
373,3763
334,3763
136,3777
433,3789
39,3818
359,3822
487,3823
369,3823
280,3824
250,3826
99,3829
189,3831
477,3842
156,3861
4,3870
57,3874
137,3876
498,3888
27,3894
375,3895
132,3896
154,3898
230,3907
124,3915
61,3916
483,3917
184,3919
164,3921
168,3922
363,3926
455,3926
86,3928
74,3933
434,3933
276,3936
321,3939
316,3939
140,3945
445,3946
309,3950
427,3961
112,3965
105,3968
14,3972
400,3975
364,3984
172,3994
153,4005
123,4006
254,4009
68,4015
332,4016
412,4017
69,4027
292,4041
82,4049
393,4052
354,4057
246,4063
351,4064
399,4065
493,4072
167,4078
283,4087
66,4087
261,4092
48,4118
195,4146
129,4146
161,4147
426,4154
272,4159
234,4162
71,4181
78,4191
414,4208
458,4233
330,4238
102,4241
79,4252
42,4254
419,4256
279,4258
260,4259
451,4260
267,4262
127,4268
174,4271
348,4274
146,4279
432,4281
91,4282
439,4300
207,4320
242,4328
10,4330
1,4351
194,4354
173,4359
259,4362
389,4381
95,4383
441,4394
41,4404
55,4417
356,4417
456,4419
357,4421
183,4452
49,4466
142,4475
186,4477
115,4487
481,4493
312,4493
64,4495
297,4515
233,4561
420,4565
380,4569
307,4571
472,4587
122,4589
335,4595
475,4598
248,4609
201,4611
219,4663
360,4670
467,4677
294,4683
232,4688
395,4704
60,4711
139,4733
213,4746
339,4751
454,4752
229,4760
271,4763
382,4785
295,4788
252,4795
440,4829
171,4882
478,4897
84,4920
265,4928
371,4934
100,4939
9,4967
288,5005
352,5012
163,5047
98,5072
299,5081
143,5086
473,5087
50,5113
314,5150
155,5189
34,5199
256,5221
448,5227
216,5261
263,5285
223,5307
217,5421
157,5431
296,5434
290,5451
243,5484
417,5593
474,5602
138,5605
30,5631
193,5652
104,5713
145,5717
110,5761
284,5858
378,5895
125,5958
452,6012
322,6035
221,6124
45,6129
372,6146
461,6316
423,6441
38,6529
81,6540
67,6736
227,6845
391,7254

simblock.block.ProofOfWorkBlock@147a541c:43
293,0
121,491
77,692
40,902
307,982
262,1107
333,1184
185,1184
162,1312
294,1386
236,1387
202,1402
31,1471
401,1519
454,1594
199,1603
351,1603
439,1611
319,1673
386,1676
63,1700
458,1726
344,1803
457,1805
180,1806
278,1806
118,1814
428,1874
160,1878
339,1883
194,1891
451,1901
110,1925
12,1965
186,2007
255,2008
460,2010
204,2011
103,2017
101,2044
340,2050
303,2080
167,2086
406,2091
8,2093
484,2098
158,2102
58,2104
304,2108
306,2108
18,2127
264,2164
85,2166
488,2170
51,2190
253,2211
282,2214
61,2215
133,2218
412,2218
302,2255
430,2281
443,2288
367,2295
164,2296
86,2299
155,2300
363,2301
471,2305
332,2305
212,2308
337,2310
54,2310
476,2319
15,2328
156,2331
447,2338
46,2359
315,2368
203,2369
413,2370
483,2372
266,2381
408,2386
153,2393
477,2394
399,2410
330,2416
490,2418
393,2420
4,2421
402,2425
311,2428
176,2457
475,2461
62,2485
29,2497
78,2498
161,2498
261,2500
279,2500
208,2503
320,2503
449,2504
336,2506
224,2507
170,2511
137,2511
407,2512
321,2517
357,2518
387,2521
450,2533
157,2541
472,2546
39,2572
427,2573
420,2575
493,2577
267,2579
57,2580
53,2588
72,2589
124,2596
28,2596
410,2597
473,2607
366,2621
499,2623
489,2636
312,2643
323,2644
190,2659
348,2660
178,2660
286,2673
468,2676
466,2680
233,2692
163,2698
440,2702
478,2703
368,2705
196,2708
129,2708
60,2708
154,2709
16,2710
128,2710
287,2710
343,2711
310,2712
274,2713
66,2717
20,2717
425,2721
346,2722
17,2722
441,2724
305,2724
24,2726
487,2735
123,2739
226,2746
453,2776
1,2778
234,2780
417,2782
422,2785
433,2789
70,2790
389,2790
350,2791
231,2794
328,2799
345,2799
275,2802
143,2802
270,2808
356,2809
448,2809
136,2822
105,2826
494,2827
188,2850
500,2861
214,2863
33,2869
492,2871
377,2875
27,2883
200,2885
93,2888
398,2893
144,2898
230,2899
216,2899
100,2903
113,2905
283,2909
117,2910
7,2911
55,2913
338,2913
184,2914
205,2914
369,2917
414,2917
426,2919
3,2920
419,2920
436,2925
95,2927
22,2927
21,2930
352,2934
405,2934
384,2937
418,2941
423,2945
47,2947
415,2950
150,2963
75,2967
463,2975
210,2979
244,2993
272,2993
82,2999
432,2999
361,3002
13,3010
132,3011
84,3011
342,3012
325,3024
421,3024
250,3025
90,3028
496,3032
80,3034
127,3034
469,3036
362,3043
444,3049
32,3058
181,3060
36,3064
91,3076
334,3086
316,3093
480,3099
445,3107
300,3108
88,3109
435,3110
134,3110
107,3112
201,3121
273,3128
120,3128
179,3132
211,3134
64,3135
324,3135
135,3136
359,3136
375,3139
56,3164
25,3180
308,3187
89,3194
358,3210
485,3213
242,3223
122,3227
151,3228
385,3228
373,3231
254,3233
209,3234
168,3238
292,3244
97,3244
35,3245
87,3246
92,3246
269,3253
403,3260
159,3264
125,3267
11,3270
251,3274
249,3278
111,3284
247,3303
193,3303
191,3307
239,3309
409,3322
109,3327
94,3329
383,3329
14,3335
437,3336
42,3339
126,3341
228,3343
497,3344
148,3348
83,3348
6,3353
326,3363
416,3363
290,3372
299,3373
446,3373
215,3376
130,3378
317,3411
495,3411
229,3422
390,3423
119,3426
438,3426
400,3430
482,3433
459,3448
258,3449
187,3449
281,3451
2,3454
329,3457
227,3461
98,3482
452,3482
464,3496
392,3524
149,3528
206,3529
424,3531
140,3538
171,3539
68,3540
376,3543
48,3552
479,3554
364,3573
5,3574
41,3578
318,3579
237,3581
131,3585
381,3593
165,3600
277,3643
238,3647
116,3650
177,3669
395,3674
219,3685
431,3685
382,3693
19,3694
322,3694
397,3701
23,3706
372,3717
257,3727
213,3730
371,3732
309,3739
49,3753
241,3765
470,3770
498,3773
429,3777
198,3779
146,3787
284,3809
313,3813
37,3844
182,3849
69,3857
276,3859
44,3861
223,3871
147,3881
394,3892
76,3894
465,3900
486,3908
467,3915
59,3916
248,3936
9,3952
434,3957
481,3977
370,4000
442,4010
380,4019
169,4025
240,4045
268,4058
81,4077
74,4080
141,4093
455,4096
195,4104
52,4128
491,4145
235,4163
192,4165
112,4181
142,4198
341,4203
34,4205
225,4214
73,4215
26,4227
404,4232
79,4328
327,4330
355,4341
222,4346
259,4352
347,4373
265,4405
220,4414
263,4443
114,4447
301,4472
217,4486
106,4500
245,4528
291,4532
138,4538
30,4538
108,4542
102,4555
115,4585
104,4639
65,4644
99,4647
96,4661
218,4688
331,4733
388,4768
288,4772
349,4793
462,4816
411,4845
474,4918
172,4967
232,4967
271,4970
175,4979
256,4988
289,5005
145,5070
296,5078
166,5084
298,5109
353,5131
335,5162
379,5164
189,5205
365,5295
197,5344
221,5397
139,5407
174,5415
43,5416
396,5453
360,5517
10,5522
252,5556
243,5567
314,5597
374,5611
280,5614
50,5771
152,5846
173,5883
38,5886
285,5932
207,5947
67,5950
461,5998
260,6044
456,6044
354,6214
378,6278
71,6331
45,6391
246,6475
295,6485
183,6709
391,6905
297,6970

simblock.block.ProofOfWorkBlock@755a6bb9:43
442,0
147,571
220,811
380,1049
87,1140
77,1381
109,1382
394,1383
47,1617
151,1620
385,1622
65,1718
168,1718
370,1858
486,1860
130,1861
313,1951
468,1956
257,1962
13,2048
83,2097
19,2104
27,2190
182,2194
469,2203
52,2203
268,2286
379,2337
102,2346
427,2380
281,2432
198,2432
462,2437
42,2441
143,2520
5,2527
240,2531
346,2536
225,2543
123,2590
287,2668
358,2669
497,2671
177,2678
298,2680
499,2709
388,2765
234,2773
465,2778
307,2857
431,2860
488,2875
146,2897
35,2905
108,2912
249,2915
56,2919
149,2919
132,2923
428,2928
272,2998
73,3011
329,3015
26,3017
85,3051
277,3098
304,3119
411,3151
150,3154
349,3164
97,3164
373,3191
336,3206
422,3245
194,3251
446,3253
166,3254
15,3257
107,3262
301,3262
400,3309
39,3331
327,3337
75,3343
381,3393
331,3402
228,3402
417,3452
232,3471
323,3495
117,3502
421,3503
96,3505
121,3509
330,3527
124,3541
444,3574
57,3578
315,3581
470,3581
202,3598
347,3641
485,3668
351,3723
155,3733
436,3738
197,3743
458,3783
404,3823
264,3831
392,3839
450,3843
393,3867
328,3871
322,3874
480,3883
344,3913
61,3915
279,3918
128,3931
339,3932
337,4013
111,4065
250,4074
178,4074
350,4074
265,4081
483,4116
74,4125
352,4161
409,4174
449,4186
406,4197
31,4207
206,4242
460,4249
471,4266
45,4274
2,4321
360,4336
377,4344
368,4404
440,4406
179,4419
113,4454
433,4459
395,4494
310,4497
306,4507
321,4518
118,4535
445,4537
241,4564
25,4578
188,4594
309,4601
183,4669
129,4673
110,4739
66,4742
9,4743
24,4749
186,4794
435,4797
237,4804
319,4834
248,4847
95,4865
236,4909
229,4922
305,4924
68,4947
174,4959
439,5010
312,5070
43,5074
91,5076
58,5082
89,5134
180,5139
302,5139
38,5148
425,5163
185,5182
208,5246
367,5253
142,5275
189,5328
375,5354
119,5389
69,5406
64,5412
357,5414
459,5464
399,5474
138,5474
284,5482
262,5492
29,5504
44,5512
366,5579
36,5590
498,5683
496,5743
221,5761
354,5776
466,5804
314,5813
125,5824
226,5836
100,5841
416,5855
99,5857
477,5920
49,5932
227,5984
21,6075
335,6098
475,6137
152,6165
137,6167
348,6173
98,6192
23,6238
266,6261
172,6266
33,6396
169,6474
30,6478
55,6499
82,6507
115,6531
140,6596
288,6598
50,6647
296,6671
405,6828
223,6867
290,6891
32,6937
219,6942
67,7012
453,7119
28,7161
341,7295
195,7416
361,7476
252,7565
153,7761
10,7969
63,8123
139,8372
51,8407
170,8771
60,9416
203,10066
274,10715
389,11364
415,12017

simblock.block.ProofOfWorkBlock@dc8afac:43
352,0
368,491
153,695
167,897
93,982
86,1100
282,1188
275,1303
205,1392
200,1504
211,1593
489,1707
92,1809
16,1927
345,2011
350,2129
94,2213
278,2336
349,2529
82,2541
440,2744
197,2855
377,2947
102,3106
62,3170
403,3181
463,3348
230,3373
416,3426
396,3498
144,3591
359,3664
495,3699
436,3815
497,3828
166,3908
421,4025
75,4066
434,4130
52,4148
273,4341
53,4396
277,4469
236,4478
285,4658
185,4731
151,4794
24,4810
383,4986
99,5088
257,5112
374,5216
132,5303
326,5432
395,5621
462,5624
379,5748
464,5958
225,6062
42,6376
288,6396
38,6811
246,6823
284,7243

simblock.block.ProofOfWorkBlock@12ce8fca:44
138,0
130,1511
52,2080
468,2321
234,2382
269,2558
446,2656
132,2799
197,2901
47,2942
144,2952
380,3045
361,3132
73,3144
385,3181
76,3190
181,3240
486,3255
480,3285
465,3371
292,3377
109,3381
17,3419
90,3432
359,3470
169,3522
349,3532
32,3536
485,3576
291,3609
370,3615
421,3619
191,3658
19,3658
131,3701
416,3709
247,3713
327,3753
355,3759
315,3764
317,3767
74,3783
108,3809
268,3838
403,3850
33,3859
257,3861
12,3865
285,3897
102,3898
278,3911
56,3952
384,3952
166,3952
37,3955
479,3959
496,3959
404,3971
187,3994
149,4001
97,4002
281,4024
244,4067
466,4071
150,4079
49,4092
228,4094
127,4098
182,4098
356,4100
35,4100
75,4106
177,4129
264,4141
442,4141
497,4149
462,4190
220,4192
46,4193
347,4195
226,4203
119,4203
218,4205
438,4208
331,4230
147,4235
358,4239
431,4242
258,4253
294,4254
492,4255
42,4262
306,4271
213,4273
383,4280
300,4281
236,4283
283,4291
64,4294
5,4305
26,4322
382,4336
394,4344
273,4344
277,4345
463,4351
199,4360
192,4364
436,4381
123,4384
261,4385
87,4393
22,4405
250,4416
65,4419
165,4424
18,4426
4,4431
309,4431
249,4432
238,4433
323,4435
44,4435
365,4437
301,4441
245,4441
325,4443
336,4459
424,4468
126,4472
120,4474
282,4475
455,4478
387,4478
198,4492
469,4499
159,4518
318,4527
237,4528
305,4531
88,4533
488,4537
476,4543
59,4558
326,4559
176,4563
78,4569
342,4577
118,4580
11,4582
411,4583
39,4584
105,4593
435,4600
186,4605
441,4616
368,4619
111,4620
53,4621
117,4627
178,4629
457,4635
7,4640
101,4646
2,4663
379,4668
353,4670
289,4670
209,4671
330,4673
397,4675
304,4680
14,4681
451,4685
185,4687
298,4692
215,4708
470,4710
381,4711
262,4716
428,4717
141,4739
122,4748
344,4749
121,4752
393,4755
440,4755
402,4761
92,4762
83,4764
225,4767
91,4768
210,4770
20,4773
61,4775
253,4782
339,4784
406,4785
134,4787
230,4793
275,4800
481,4800
157,4802
143,4802
445,4803
25,4807
106,4807
348,4808
414,4809
235,4812
40,4818
280,4823
167,4824
175,4824
483,4826
48,4838
34,4839
248,4841
208,4856
196,4857
222,4858
376,4861
401,4868
194,4872
432,4875
201,4875
96,4878
6,4878
437,4887
86,4894
412,4904
396,4912
338,4913
112,4914
15,4914
77,4916
313,4923
89,4925
255,4925
362,4930
390,4942
316,4950
161,4950
454,4954
31,4961
456,4961
153,4975
251,4978
55,4979
427,4994
398,4994
388,5000
162,5001
151,5008
494,5009
85,5010
260,5010
426,5014
254,5015
321,5021
395,5023
265,5034
405,5038
135,5040
231,5040
419,5046
434,5047
471,5047
346,5053
8,5057
351,5062
241,5063
357,5080
170,5087
129,5091
114,5091
190,5092
312,5095
444,5097
328,5097
350,5098
133,5099
158,5100
1,5105
399,5113
418,5126
203,5127
259,5134
450,5136
103,5139
156,5141
495,5150
84,5153
72,5154
224,5170
308,5189
472,5195
36,5202
205,5206
286,5207
329,5207
439,5216
452,5221
464,5228
474,5228
307,5237
93,5245
136,5254
267,5264
335,5270
433,5271
487,5272
212,5279
100,5285
386,5291
415,5300
21,5301
50,5309
429,5310
164,5311
408,5316
297,5316
189,5322
200,5323
499,5329
99,5331
113,5336
80,5336
377,5338
459,5344
500,5344
95,5348
413,5348
425,5375
409,5376
202,5377
239,5396
188,5426
458,5426
28,5429
430,5435
332,5436
146,5437
374,5441
207,5444
104,5451
57,5452
172,5459
410,5476
287,5483
160,5484
3,5484
67,5511
310,5522
363,5531
460,5534
303,5542
98,5544
233,5553
82,5581
340,5597
447,5605
493,5615
473,5624
43,5625
242,5627
139,5635
343,5640
179,5643
270,5650
168,5662
27,5667
320,5677
407,5677
154,5677
352,5679
128,5707
51,5710
246,5715
490,5728
68,5737
81,5741
461,5754
392,5756
155,5768
116,5769
70,5774
23,5781
13,5814
314,5835
125,5848
276,5849
232,5849
38,5856
266,5865
240,5873
302,5873
62,5879
389,5914
195,5926
333,5941
16,5945
204,5970
293,5984
58,5990
173,5992
478,5998
279,6010
449,6013
378,6030
423,6049
66,6049
137,6062
229,6082
484,6085
180,6109
152,6115
324,6122
217,6172
299,6186
140,6196
54,6208
372,6223
94,6246
271,6258
360,6269
124,6275
422,6299
345,6302
453,6315
24,6320
288,6333
373,6345
354,6371
171,6398
391,6403
489,6418
45,6425
272,6443
110,6454
322,6486
477,6530
448,6541
337,6606
319,6635
216,6644
183,6650
284,6661
71,6702
375,6715
252,6777
223,6778
369,6786
475,6797
367,6866
9,6890
174,6900
491,6937
417,6966
311,6988
400,7054
30,7126
366,7129
295,7183
263,7189
60,7266
341,7305
148,7318
296,7373
256,7472
107,7475
290,7529
364,7589
221,7592
211,7597
206,7711
498,7723
193,7783
214,7812
482,7929
69,7987
79,8130
41,8191
219,8215
467,8327
227,8392
10,8619
334,8622
420,8629
243,8730
371,8799
145,9137
142,9541
163,9543
63,10457
184,11371
443,12288
29,13206
274,14121
115,15137

simblock.block.ProofOfWorkBlock@5d0e15cc:45
261,0
312,492
417,696
31,903
91,980
124,1109
279,1185
167,1189
29,1315
95,1386
84,1393
311,1393
92,1469
294,1519
164,1596
210,1596
419,1599
70,1603
406,1674
208,1679
186,1681
21,1725
85,1800
412,1801
448,1801
430,1808
60,1826
399,1880
454,1881
255,1883
393,1883
356,1886
320,1887
357,1929
368,1958
414,2003
25,2005
7,2006
432,2009
16,2010
278,2028
401,2082
493,2083
127,2084
487,2084
439,2088
194,2088
303,2089
72,2093
422,2095
61,2105
13,2135
213,2164
483,2169
407,2170
477,2171
443,2205
12,2209
420,2211
491,2211
428,2223
392,2224
212,2238
352,2285
57,2286
66,2289
226,2290
230,2290
18,2292
8,2293
180,2298
176,2298
179,2299
282,2300
343,2307
440,2309
338,2318
121,2319
332,2339
457,2370
88,2374
451,2378
28,2379
305,2382
54,2384
449,2385
137,2385
309,2411
143,2413
458,2418
351,2424
44,2425
321,2428
471,2440
475,2486
168,2493
275,2494
188,2494
148,2495
373,2496
337,2498
387,2498
402,2500
135,2500
466,2502
445,2502
105,2508
267,2511
51,2513
485,2517
459,2520
489,2522
365,2526
40,2530
336,2542
496,2571
408,2574
340,2574
302,2580
410,2582
184,2583
136,2585
63,2585
344,2586
460,2587
453,2588
77,2589
113,2590
116,2593
239,2594
163,2619
254,2619
363,2619
185,2626
339,2629
62,2633
366,2634
409,2649
450,2658
476,2660
345,2661
248,2664
64,2697
286,2698
206,2700
427,2701
154,2702
500,2702
405,2703
39,2703
488,2703
93,2703
53,2707
203,2712
389,2713
107,2714
306,2715
415,2717
367,2720
437,2724
155,2726
472,2728
323,2730
22,2731
266,2736
251,2755
110,2777
190,2777
333,2781
499,2783
214,2784
328,2786
447,2786
270,2787
319,2788
3,2790
200,2791
161,2793
199,2793
413,2794
103,2798
250,2801
436,2801
202,2805
350,2820
307,2832
89,2833
236,2839
215,2841
495,2846
216,2864
283,2868
211,2873
484,2875
224,2877
304,2899
281,2900
205,2901
49,2901
153,2902
55,2904
36,2904
300,2905
426,2908
348,2908
330,2909
272,2918
201,2924
492,2924
220,2927
347,2933
435,2934
204,2936
24,2939
310,2941
446,2944
292,2946
20,2951
75,2953
231,2984
129,2991
162,2994
253,2995
293,2999
473,2999
133,3003
462,3007
240,3009
196,3010
123,3018
169,3024
58,3024
397,3030
490,3038
241,3040
325,3041
150,3043
198,3045
33,3050
262,3052
380,3063
418,3071
369,3074
287,3080
59,3092
94,3097
425,3102
362,3102
424,3104
441,3106
377,3106
128,3107
82,3112
14,3116
274,3120
358,3129
301,3132
48,3133
235,3133
383,3134
324,3136
27,3138
177,3139
227,3145
100,3146
65,3155
317,3161
149,3162
111,3166
386,3187
478,3200
170,3201
245,3217
26,3217
442,3224
11,3224
158,3226
298,3226
112,3242
141,3252
237,3257
469,3259
315,3260
126,3265
117,3267
4,3268
10,3269
160,3275
23,3306
86,3308
146,3308
32,3308
346,3311
122,3313
355,3317
341,3335
482,3337
416,3340
106,3341
289,3341
479,3347
2,3357
6,3369
361,3371
182,3371
331,3381
232,3391
30,3391
9,3398
470,3406
197,3413
376,3418
37,3419
396,3424
222,3424
264,3427
159,3439
76,3448
1,3462
381,3465
299,3471
316,3471
178,3476
391,3492
134,3510
433,3516
308,3517
138,3518
421,3520
429,3524
269,3532
78,3533
118,3539
209,3539
390,3540
238,3542
132,3545
374,3550
101,3552
234,3556
378,3565
285,3577
109,3584
273,3592
233,3629
280,3632
38,3648
5,3657
175,3661
140,3667
131,3672
290,3676
90,3687
34,3693
68,3699
87,3727
277,3729
56,3732
370,3733
81,3734
225,3742
156,3743
108,3754
431,3762
102,3785
144,3785
481,3809
189,3821
115,3826
354,3835
147,3836
394,3840
165,3847
463,3848
193,3861
157,3868
191,3883
379,3895
327,3899
142,3918
119,3946
385,3946
41,3953
452,3967
263,3968
50,3970
80,3974
228,3981
229,3995
349,4054
192,4056
403,4058
494,4071
130,4072
291,4083
152,4101
151,4114
335,4115
104,4125
295,4137
359,4152
398,4155
314,4161
404,4163
257,4163
256,4163
486,4226
375,4227
326,4228
249,4263
342,4272
120,4293
322,4294
444,4306
183,4310
498,4330
247,4371
468,4382
388,4387
438,4387
318,4401
271,4423
244,4471
497,4478
480,4484
284,4489
474,4542
74,4589
334,4591
139,4592
98,4654
242,4656
217,4699
411,4699
83,4710
166,4714
181,4716
223,4742
395,4757
17,4786
258,4792
173,4792
364,4798
384,4808
69,4816
434,4905
423,4986
246,5024
47,5031
52,5032
174,5035
465,5039
171,5088
382,5101
329,5115
456,5127
243,5187
276,5191
15,5224
296,5236
172,5236
73,5347
455,5419
46,5445
67,5459
71,5532
97,5539
372,5612
260,5630
114,5662
288,5664
43,5664
96,5765
79,5846
218,5854
400,5889
19,5977
125,6078
35,6087
461,6106
265,6106
187,6171
313,6308
371,6317
42,6402
268,6486
99,6524
297,6593
464,6637
195,6755
221,6846
259,6931
353,6954
145,7279
360,7385
219,7713
207,7820
252,8281
45,8725

simblock.block.ProofOfWorkBlock@2720c9ee:45
143,0
124,503
158,711
338,914
272,1121
366,1201
94,1323
409,1434
166,1637
351,1644
437,1863
285,1962
499,2068
2,2205
459,2276
431,2281
225,2449
273,2595
147,2595
197,2690
455,2910
470,2919
404,2929
257,3173
258,3227
240,3236
281,3411
323,3478
15,3545
111,3649
67,3666
11,3719
241,3867
237,3887
191,3986
146,4109
141,4181
328,4224
244,4234
434,4481
226,4577
474,4627
497,4720
31,4909
280,4960
142,5054
137,5247
451,5310
125,5499
302,5579
439,5639
29,5921
406,5972
405,6258
306,6312
179,6594
458,6659
28,6928
186,6992
440,7287
400,7402
95,7616
189,7810
55,7945
393,8281
252,8687
314,9099
322,9503
139,9909
10,10312

simblock.block.ProofOfWorkBlock@38f9f5e1:46
435,0
206,493
116,695
233,898
88,985
82,1101
484,1185
248,1186
213,1314
441,1387
319,1390
137,1392
315,1475
311,1525
92,1594
262,1596
320,1597
188,1637
190,1675
282,1676
433,1682
86,1736
113,1798
366,1800
24,1801
454,1803
352,1840
266,1876
62,1877
1,1878
168,1881
336,1883
413,1886
253,1939
31,1966
231,2001
348,2004
445,2008
155,2021
449,2043
427,2064
387,2079
264,2086
63,2087
204,2087
307,2088
61,2089
278,2090
344,2093
447,2130
196,2141
432,2169
94,2171
420,2175
180,2175
450,2209
493,2211
393,2224
202,2225
179,2233
44,2246
185,2267
199,2280
459,2289
392,2289
443,2290
439,2291
451,2291
494,2292
407,2293
39,2293
200,2294
105,2295
57,2295
414,2333
377,2333
338,2344
389,2367
310,2369
226,2373
93,2373
476,2375
170,2376
110,2380
478,2380
496,2382
36,2382
402,2387
485,2412
343,2415
118,2429
210,2432
22,2436
283,2441
95,2450
154,2481
66,2484
216,2491
54,2492
293,2494
214,2494
363,2494
136,2495
133,2496
499,2497
304,2498
483,2506
287,2515
472,2534
500,2534
16,2534
127,2546
337,2553
415,2569
275,2574
201,2575
53,2578
303,2580
346,2580
163,2581
164,2582
28,2582
412,2583
367,2587
488,2589
205,2593
211,2599
119,2607
162,2616
457,2622
33,2627
176,2627
124,2636
394,2642
18,2644
156,2648
308,2659
437,2668
417,2679
91,2687
167,2694
330,2695
129,2698
430,2699
477,2701
258,2710
212,2714
487,2721
328,2737
78,2738
350,2738
294,2741
55,2747
323,2753
128,2754
317,2767
224,2770
419,2777
453,2779
21,2781
51,2782
184,2783
29,2783
302,2784
239,2789
279,2789
405,2791
401,2791
89,2793
148,2794
286,2795
356,2800
269,2801
492,2802
312,2808
178,2809
15,2814
274,2820
422,2825
49,2825
255,2835
60,2838
107,2844
324,2849
290,2854
251,2855
460,2859
151,2861
143,2861
486,2862
160,2870
4,2873
235,2873
135,2882
267,2889
390,2897
161,2905
158,2907
77,2910
100,2912
70,2915
175,2921
7,2926
166,2929
416,2933
448,2939
58,2941
245,2942
365,2945
491,2946
230,2954
250,2956
192,2958
321,2973
475,2980
357,2982
40,2985
270,2986
340,2986
473,2988
72,2991
345,2993
12,2997
410,2997
373,3002
306,3004
112,3016
466,3034
463,3043
122,3044
149,3047
84,3049
56,3050
121,3060
380,3063
292,3065
232,3074
272,3079
425,3079
177,3083
236,3091
209,3098
332,3109
186,3111
103,3111
384,3116
355,3122
381,3125
388,3132
237,3133
424,3136
126,3138
429,3138
203,3144
408,3148
440,3157
318,3158
17,3171
471,3176
359,3183
322,3183
300,3186
368,3190
27,3194
333,3195
409,3198
5,3200
305,3200
83,3202
386,3207
120,3211
134,3214
316,3215
90,3221
465,3227
358,3228
431,3237
399,3237
382,3241
327,3247
169,3247
489,3254
117,3260
309,3262
291,3265
228,3270
159,3272
48,3273
276,3278
104,3287
35,3294
223,3301
354,3303
329,3303
26,3306
378,3310
243,3314
339,3314
436,3318
217,3343
396,3347
76,3354
153,3359
106,3365
254,3377
96,3378
75,3380
426,3391
452,3399
208,3404
349,3407
361,3409
298,3410
87,3412
191,3413
8,3418
495,3426
147,3427
455,3440
406,3441
220,3447
397,3448
102,3448
351,3456
376,3464
47,3464
482,3465
9,3476
189,3483
146,3486
108,3500
23,3508
370,3511
65,3514
6,3514
249,3520
428,3522
109,3526
442,3543
181,3544
423,3544
111,3557
260,3566
299,3574
247,3579
123,3589
444,3592
474,3606
125,3608
171,3610
469,3612
261,3619
2,3621
229,3630
193,3658
490,3659
458,3660
259,3666
13,3671
34,3679
341,3680
194,3688
383,3689
59,3693
331,3696
271,3698
418,3711
479,3718
222,3726
353,3728
173,3737
285,3742
225,3744
369,3750
462,3768
38,3774
14,3787
398,3787
11,3829
280,3835
241,3840
197,3867
438,3872
3,3904
131,3937
46,3938
64,3952
263,3975
238,3978
97,3982
468,3986
314,3994
281,4008
273,4011
187,4014
284,4019
480,4026
227,4035
446,4042
481,4044
101,4045
198,4056
301,4086
325,4104
145,4108
375,4126
99,4127
74,4144
240,4153
182,4162
391,4172
295,4184
52,4187
218,4189
467,4209
50,4214
71,4235
257,4252
130,4266
277,4272
497,4300
326,4300
411,4302
132,4328
20,4330
165,4345
362,4358
32,4359
80,4377
144,4402
142,4438
139,4447
215,4503
297,4533
347,4570
172,4576
41,4582
42,4589
456,4592
434,4619
219,4621
244,4623
464,4645
404,4662
150,4675
268,4679
335,4694
141,4697
242,4729
221,4772
37,4817
374,4851
98,4866
313,4886
379,4905
289,4938
342,4940
157,4996
234,4997
43,5003
68,5027
246,5073
334,5103
296,5118
288,5132
85,5198
470,5210
45,5216
207,5245
403,5262
395,5299
385,5321
79,5372
25,5405
174,5448
115,5511
498,5530
364,5559
69,5606
140,5607
421,5640
372,5730
67,5743
256,5807
73,5933
183,5942
371,5961
461,6006
138,6097
195,6172
114,6251
400,6533
19,6566
152,6605
10,6971
252,7021
30,7399
360,7449
81,7830
265,8288

simblock.block.ProofOfWorkBlock@5d136662:46
487,0
419,496
408,698
7,900
445,1006
95,1126
18,1190
93,1228
373,1328
55,1390
205,1391
124,1430
185,1496
279,1531
211,1592
441,1595
122,1615
407,1637
253,1699
213,1700
490,1723
161,1780
212,1793
387,1798
439,1817
105,1819
282,1838
188,1879
339,1881
278,1900
70,1903
28,1934
202,1986
206,1986
57,1995
405,2008
466,2018
25,2024
186,2025
72,2040
369,2082
129,2083
310,2102
340,2107
116,2111
348,2144
294,2187
44,2196
433,2213
162,2214
14,2219
357,2221
491,2225
255,2228
60,2278
54,2285
199,2294
315,2304
85,2305
215,2307
156,2308
63,2313
51,2348
131,2359
153,2372
248,2391
422,2397
27,2397
440,2417
482,2430
157,2432
88,2481
230,2483
178,2490
78,2498
337,2499
459,2502
274,2506
356,2509
190,2511
103,2513
492,2519
113,2520
427,2527
332,2535
35,2539
33,2546
239,2551
118,2574
483,2576
386,2592
22,2602
160,2607
409,2619
165,2621
61,2631
289,2676
417,2689
140,2692
16,2693
267,2701
233,2701
460,2704
412,2708
62,2711
136,2714
420,2721
36,2727
472,2728
201,2729
485,2734
327,2751
148,2754
31,2794
26,2796
401,2808
194,2812
381,2824
86,2834
464,2835
75,2859
352,2864
281,2868
470,2880
270,2890
82,2891
370,2891
437,2895
336,2896
436,2896
158,2903
363,2903
89,2907
477,2907
210,2912
478,2924
107,2925
430,2929
384,2931
451,2931
311,2934
21,2935
434,2935
141,2939
479,2949
368,2957
123,2993
121,2999
351,3010
269,3028
394,3033
286,3040
46,3044
254,3066
324,3070
410,3091
426,3092
367,3098
453,3106
496,3114
170,3116
280,3117
321,3127
333,3128
309,3128
468,3131
275,3132
176,3132
331,3132
214,3137
318,3138
449,3140
442,3151
469,3151
392,3160
15,3175
117,3184
236,3187
300,3190
403,3190
29,3201
182,3209
6,3209
149,3210
455,3249
358,3249
175,3250
159,3254
64,3274
308,3293
91,3304
106,3309
266,3313
305,3321
180,3329
143,3330
90,3343
429,3344
192,3351
359,3354
462,3357
480,3359
415,3362
228,3372
109,3381
138,3382
39,3388
8,3403
108,3405
418,3428
486,3429
438,3436
5,3447
119,3449
397,3450
388,3455
495,3457
132,3466
80,3468
3,3472
200,3475
329,3490
225,3510
366,3515
399,3523
416,3523
208,3524
53,3525
398,3526
150,3527
344,3530
184,3533
127,3534
163,3535
326,3568
169,3570
379,3594
17,3604
284,3612
115,3616
19,3631
32,3631
221,3639
396,3646
235,3665
2,3676
456,3677
273,3682
97,3685
224,3687
251,3689
151,3695
497,3698
302,3701
130,3702
301,3717
406,3727
450,3732
261,3740
241,3748
40,3758
355,3764
421,3764
465,3767
313,3777
312,3796
240,3809
299,3833
222,3835
431,3841
499,3844
257,3853
425,3865
30,3879
234,3885
98,3885
237,3888
457,3891
34,3895
10,3896
444,3922
216,3923
291,3928
320,3929
488,3942
58,3942
134,3942
47,3956
68,3957
84,3964
41,3971
463,3982
489,3990
365,4000
177,4001
59,4004
361,4011
447,4016
298,4034
290,4040
389,4056
154,4061
152,4063
48,4064
232,4075
209,4082
77,4096
104,4117
498,4124
249,4126
38,4130
330,4134
112,4135
350,4144
303,4146
198,4153
20,4157
383,4157
56,4169
110,4174
411,4174
364,4192
191,4200
87,4202
380,4204
260,4205
325,4205
293,4222
353,4249
393,4251
147,4257
314,4269
288,4292
144,4297
287,4308
475,4319
164,4323
382,4325
271,4326
347,4328
435,4332
43,4334
307,4334
245,4340
304,4346
264,4348
349,4351
345,4386
376,4396
220,4414
142,4417
207,4427
92,4427
285,4440
424,4441
277,4451
24,4459
50,4459
76,4465
49,4468
114,4471
423,4471
432,4482
189,4504
323,4521
99,4532
371,4541
341,4553
500,4556
219,4565
166,4573
52,4578
146,4578
484,4596
276,4597
378,4621
242,4630
328,4639
227,4650
446,4659
187,4673
101,4678
79,4678
467,4691
244,4716
231,4718
139,4729
229,4750
481,4757
66,4773
354,4776
458,4789
133,4800
252,4802
262,4815
395,4827
390,4836
23,4841
335,4852
263,4857
73,4878
292,4900
256,4902
283,4907
375,4911
174,4913
476,4929
265,4946
111,4981
334,4985
268,4989
238,4992
360,4995
362,5008
443,5034
306,5050
171,5057
400,5072
217,5129
402,5134
338,5140
81,5143
319,5144
9,5178
195,5186
474,5198
461,5247
454,5253
247,5278
385,5304
203,5320
96,5327
391,5339
414,5343
12,5399
246,5413
374,5433
37,5448
42,5454
71,5500
183,5541
471,5572
223,5573
1,5582
125,5588
193,5607
296,5613
74,5626
295,5734
494,5775
448,5782
372,5835
13,5835
218,5943
45,6021
322,6044
343,6062
69,6098
428,6142
342,6257
94,6263
258,6301
243,6321
179,6368
137,6398
473,6444
316,6573
297,6586
413,6751
145,7006
259,7448

simblock.block.ProofOfWorkBlock@2c305bed:47
372,0
246,1213
207,1779
498,1997
23,2328
456,2334
423,2563
464,2794
400,2886
299,2900
125,3024
259,3043
106,3117
117,3244
276,3351
434,3352
152,3363
470,3371
50,3380
232,3437
370,3572
397,3609
288,3662
327,3690
195,3715
41,3718
263,3719
223,3725
344,3743
245,3807
355,3813
462,3816
139,3884
165,3927
175,3927
161,3940
215,3945
322,4001
237,4031
74,4055
71,4058
219,4066
387,4085
298,4147
225,4167
149,4167
134,4168
38,4169
424,4184
260,4185
388,4191
172,4218
422,4247
177,4260
326,4265
114,4266
419,4267
447,4273
251,4292
335,4334
421,4380
257,4387
249,4388
314,4396
273,4397
174,4420
376,4428
437,4438
347,4450
147,4481
313,4490
141,4496
95,4500
418,4508
385,4510
235,4517
336,4521
145,4566
371,4580
164,4600
466,4610
108,4618
300,4619
222,4622
26,4623
57,4624
5,4625
329,4627
192,4630
474,4633
16,4642
271,4661
301,4681
56,4715
409,4728
11,4734
399,4736
169,4739
438,4739
441,4741
191,4748
381,4748
39,4754
284,4759
242,4763
289,4784
383,4832
107,4843
281,4845
189,4849
436,4849
60,4849
143,4850
220,4862
479,4864
394,4870
497,4875
321,4887
365,4900
35,4931
72,4934
380,4939
224,4942
450,4953
476,4957
264,4965
15,4966
111,4977
102,4990
403,4991
459,5011
442,5017
367,5022
353,5025
51,5059
451,5061
432,5063
155,5069
128,5069
59,5070
382,5077
331,5077
316,5094
198,5102
37,5105
127,5107
80,5111
19,5121
341,5121
325,5126
463,5167
126,5171
318,5173
110,5174
213,5175
67,5183
415,5195
83,5205
159,5215
20,5215
307,5228
75,5231
241,5235
55,5243
292,5265
199,5266
304,5277
258,5281
303,5288
285,5290
310,5295
234,5299
144,5302
17,5302
62,5308
4,5308
138,5313
317,5321
282,5323
47,5331
132,5339
287,5341
238,5344
469,5348
210,5354
87,5360
366,5376
6,5377
468,5382
495,5388
473,5395
239,5400
204,5405
48,5417
453,5418
384,5420
163,5420
97,5422
79,5444
42,5445
182,5450
268,5470
467,5473
475,5476
420,5504
123,5511
34,5522
361,5523
460,5526
99,5533
362,5535
378,5544
186,5560
449,5568
342,5570
187,5578
482,5598
369,5599
250,5600
262,5605
65,5619
89,5619
489,5638
53,5653
390,5666
339,5668
411,5668
277,5669
272,5671
181,5674
69,5674
444,5675
218,5686
480,5689
231,5690
18,5706
221,5707
151,5714
487,5716
256,5717
493,5726
120,5730
389,5732
24,5734
142,5740
150,5759
253,5772
154,5783
488,5790
435,5799
137,5802
91,5803
81,5811
66,5813
455,5815
454,5815
68,5816
364,5824
228,5832
180,5834
396,5838
190,5843
305,5860
375,5870
90,5879
410,5893
486,5914
227,5920
312,5929
283,5935
243,5938
105,5938
330,5957
113,5963
33,5971
240,5975
96,5983
28,5989
323,6000
393,6007
412,6009
379,6021
402,6022
116,6033
1,6056
255,6065
135,6065
295,6070
360,6072
340,6073
200,6089
226,6089
130,6089
398,6118
499,6120
115,6137
357,6157
8,6206
430,6208
269,6210
156,6223
354,6224
36,6231
328,6254
166,6257
52,6258
332,6260
211,6261
233,6265
112,6269
153,6274
21,6280
358,6283
274,6286
214,6299
119,6324
133,6325
286,6327
40,6329
140,6330
491,6371
217,6415
100,6453
334,6461
85,6466
9,6475
70,6483
481,6488
291,6516
77,6558
500,6560
86,6564
458,6578
414,6581
194,6604
168,6606
13,6616
10,6630
14,6633
88,6642
61,6647
349,6670
230,6680
297,6681
368,6695
183,6708
392,6716
446,6719
7,6719
193,6733
247,6740
179,6752
280,6753
275,6765
431,6775
76,6799
27,6817
49,6847
391,6891
492,6892
427,6946
202,6953
443,6975
178,7013
236,7056
2,7059
439,7072
296,7087
22,7098
170,7105
208,7130
406,7136
146,7150
395,7155
363,7185
25,7200
201,7209
448,7214
483,7231
212,7241
188,7253
176,7267
445,7285
46,7297
319,7329
343,7363
429,7364
417,7472
104,7491
63,7562
478,7573
377,7608
333,7620
386,7621
160,7673
31,7705
374,7705
426,7707
279,7725
270,7727
401,7748
12,7761
457,7823
359,7905
308,7940
267,7973
461,7978
311,8007
216,8113
162,8162
252,8194
302,8195
206,8217
413,8221
490,8252
121,8312
78,8349
229,8388
101,8452
484,8463
407,8592
471,8601
205,8657
408,8663
477,8684
494,8711
350,8712
93,8742
173,8783
345,8806
373,8955
337,9013
92,9094
136,9098
352,9156
98,9187
294,9200
54,9235
118,9236
103,9296
157,9304
29,9450
266,9591
43,9597
124,9655
82,9691
315,9725
405,9746
3,9884
428,9945
346,9951
290,10010
148,10081
84,10184
496,10300
184,10403
338,10454
44,10527
122,10600
324,10943
309,10954
158,11057
356,11173
320,11248
351,11434
167,11602
485,11898
425,11922
278,12410
94,12543
306,12900

simblock.block.ProofOfWorkBlock@1c58082b:47
387,0
287,499
180,701
7,904
305,992
309,1106
278,1191
155,1202
253,1310
344,1403
476,1403
487,1438
338,1491
39,1512
386,1595
321,1605
262,1606
44,1646
29,1686
190,1694
204,1700
110,1725
435,1802
203,1807
164,1808
482,1851
447,1887
156,1893
460,1896
363,1901
170,1901
215,1925
250,1926
95,1932
413,1984
308,2002
459,2005
188,2010
157,2011
211,2055
266,2084
40,2088
36,2096
116,2101
224,2102
77,2103
410,2105
496,2120
13,2128
279,2135
294,2136
143,2187
466,2187
409,2197
428,2206
422,2212
303,2213
346,2214
415,2216
495,2252
286,2257
340,2285
184,2290
21,2300
307,2301
213,2305
366,2307
94,2309
439,2310
443,2314
12,2322
483,2332
202,2340
214,2341
63,2342
357,2347
343,2383
261,2385
133,2391
310,2392
432,2393
231,2394
128,2394
457,2400
100,2408
315,2415
414,2415
31,2420
401,2420
427,2420
417,2428
55,2460
319,2485
8,2486
163,2493
131,2498
84,2503
492,2503
88,2506
494,2510
320,2511
339,2512
205,2513
233,2513
412,2517
168,2531
484,2534
373,2541
148,2546
369,2546
393,2550
82,2550
397,2574
471,2577
270,2587
105,2593
60,2595
389,2595
477,2595
454,2596
199,2596
448,2597
208,2600
201,2601
336,2603
449,2605
440,2610
22,2617
304,2619
140,2619
4,2626
167,2631
122,2632
16,2643
124,2664
153,2676
490,2687
272,2687
185,2689
450,2700
64,2702
332,2705
420,2710
93,2712
158,2713
282,2715
488,2718
451,2720
58,2724
136,2734
419,2743
19,2751
53,2754
368,2756
91,2756
200,2759
160,2782
57,2789
406,2796
430,2797
499,2797
306,2799
337,2803
194,2804
113,2808
196,2814
402,2817
500,2818
127,2818
298,2819
458,2822
62,2824
239,2827
65,2831
230,2833
176,2835
121,2837
14,2837
178,2838
118,2839
248,2840
255,2846
28,2847
137,2849
181,2855
269,2857
463,2865
405,2867
78,2881
473,2889
220,2890
226,2890
351,2894
18,2905
453,2906
493,2908
377,2908
25,2911
478,2914
399,2914
388,2917
302,2921
348,2925
293,2925
323,2929
11,2933
442,2943
469,2944
408,2946
264,2959
491,2963
52,2977
254,2984
209,2990
54,2990
333,2994
356,2996
89,2999
475,3001
328,3002
210,3002
216,3005
445,3006
27,3008
66,3009
107,3017
489,3026
103,3037
134,3038
376,3039
285,3040
114,3042
407,3049
429,3051
130,3052
300,3053
361,3066
86,3073
301,3077
485,3082
437,3096
275,3101
24,3108
179,3109
312,3109
2,3111
330,3117
186,3117
70,3120
35,3133
83,3137
149,3139
431,3141
350,3144
161,3149
411,3149
280,3150
384,3153
421,3155
147,3155
222,3156
146,3159
241,3163
455,3171
479,3172
289,3177
324,3182
403,3183
33,3185
56,3189
425,3199
212,3202
119,3205
72,3207
1,3208
355,3211
392,3218
367,3226
444,3227
162,3228
342,3231
249,3232
426,3233
257,3233
296,3237
42,3249
313,3254
112,3255
26,3259
345,3259
418,3272
433,3285
51,3290
468,3294
154,3316
74,3318
92,3318
73,3320
352,3341
497,3352
464,3359
268,3361
87,3372
17,3385
291,3391
385,3394
219,3396
102,3411
360,3414
480,3419
267,3421
3,3422
295,3427
6,3433
436,3433
283,3434
206,3435
383,3436
370,3436
108,3440
349,3441
150,3451
5,3458
37,3461
273,3465
175,3466
240,3468
23,3468
228,3471
292,3471
232,3473
126,3475
48,3482
441,3486
327,3492
20,3495
379,3500
390,3508
311,3519
98,3520
135,3520
191,3522
159,3525
101,3525
424,3525
183,3526
326,3529
197,3548
244,3556
325,3565
462,3570
68,3586
251,3586
474,3587
299,3612
472,3636
277,3641
446,3655
132,3656
238,3657
322,3666
151,3674
75,3681
452,3684
43,3690
142,3692
61,3693
438,3697
316,3700
252,3701
347,3710
290,3723
274,3724
129,3724
174,3737
218,3740
144,3741
247,3752
192,3755
394,3772
434,3780
235,3787
166,3796
416,3808
123,3815
59,3815
225,3839
90,3839
177,3840
30,3842
358,3843
382,3845
182,3882
396,3888
354,3894
50,3899
34,3905
85,3926
138,3932
318,3963
141,3978
217,3985
49,4003
365,4008
117,4015
265,4027
111,4070
378,4085
391,4108
486,4112
236,4128
187,4129
109,4130
364,4147
76,4156
120,4160
46,4162
47,4165
400,4184
237,4200
15,4207
456,4208
297,4230
221,4271
317,4279
329,4296
359,4323
139,4326
470,4444
152,4444
96,4451
229,4456
80,4474
195,4505
169,4508
353,4522
398,4531
67,4541
371,4548
498,4558
41,4585
461,4595
198,4611
223,4612
104,4640
97,4641
243,4714
395,4727
331,4765
165,4776
465,4826
106,4840
271,4887
260,4901
171,4933
193,4971
481,4980
227,4998
423,5047
45,5057
207,5069
334,5070
69,5074
381,5083
362,5142
32,5160
10,5161
314,5211
242,5315
276,5330
172,5399
404,5399
246,5412
9,5428
263,5500
71,5511
341,5514
189,5571
335,5603
81,5639
245,5718
99,5780
467,5807
79,5826
372,5916
288,6005
115,6016
284,6033
234,6050
125,6223
375,6298
258,6371
256,6470
281,6686
380,7006
374,7462
145,7899
38,8330
259,8776
173,9263

simblock.block.ProofOfWorkBlock@23f04d06:47
129,0
163,492
127,696
24,898
29,982
118,1108
262,1192
8,1235
208,1312
453,1394
116,1398
278,1436
471,1470
261,1513
1,1598
22,1600
337,1605
185,1642
60,1671
205,1723
420,1726
443,1801
137,1803
167,1804
435,1807
272,1844
57,1872
351,1892
428,1911
53,1932
328,1973
51,2003
496,2006
31,2008
164,2010
343,2019
220,2040
459,2049
212,2074
250,2090
44,2093
91,2098
493,2101
201,2113
213,2132
231,2136
472,2159
266,2175
457,2207
447,2211
157,2212
339,2212
368,2213
200,2221
140,2222
124,2255
54,2296
393,2299
61,2299
408,2299
484,2303
352,2307
310,2318
448,2334
499,2337
445,2339
83,2358
389,2363
27,2368
340,2390
254,2391
128,2397
190,2414
178,2416
336,2419
312,2425
466,2428
427,2438
433,2455
28,2462
184,2462
63,2497
399,2498
156,2501
348,2505
406,2505
454,2510
268,2521
135,2522
143,2535
386,2538
367,2541
338,2565
441,2566
72,2570
425,2590
110,2593
120,2613
478,2616
442,2616
450,2618
162,2620
294,2627
95,2632
136,2642
422,2657
308,2660
473,2669
269,2672
93,2699
94,2700
475,2704
251,2709
168,2710
345,2711
489,2711
42,2715
286,2724
148,2737
210,2740
78,2744
161,2768
70,2768
369,2772
96,2779
458,2790
346,2792
158,2795
18,2797
440,2799
153,2801
36,2817
311,2823
303,2823
291,2825
419,2831
21,2833
203,2834
131,2841
439,2843
109,2856
392,2860
186,2864
302,2864
179,2871
230,2906
86,2912
211,2913
84,2921
430,2923
62,2927
390,2937
89,2939
122,2941
55,2945
194,2946
363,2970
275,2971
449,2977
365,2981
75,2993
487,2998
309,3000
92,3002
82,3002
330,3012
149,3016
166,3027
432,3029
169,3030
121,3032
316,3034
25,3035
58,3037
13,3038
263,3043
426,3045
270,3063
160,3065
216,3069
188,3075
412,3087
240,3090
385,3095
356,3110
379,3112
16,3116
490,3123
477,3126
488,3130
469,3134
253,3136
382,3140
76,3144
437,3145
248,3156
376,3156
381,3171
444,3175
279,3180
313,3186
377,3188
113,3202
366,3203
226,3205
176,3205
350,3208
460,3214
414,3230
66,3236
357,3246
344,3248
486,3256
233,3270
410,3272
33,3307
255,3313
324,3321
282,3322
206,3325
65,3328
293,3338
258,3338
463,3342
277,3352
228,3353
239,3360
483,3366
479,3373
108,3392
170,3404
267,3408
181,3409
214,3410
401,3412
159,3416
481,3426
323,3428
180,3434
107,3434
19,3442
417,3448
319,3450
37,3451
20,3452
361,3456
341,3457
436,3463
431,3470
364,3471
106,3488
14,3496
321,3508
39,3517
464,3524
274,3530
229,3541
67,3549
165,3553
362,3560
491,3562
327,3568
482,3568
273,3577
244,3580
215,3584
237,3602
7,3605
199,3613
43,3615
175,3617
331,3621
12,3635
202,3636
403,3640
332,3650
49,3653
100,3654
342,3658
465,3662
353,3666
354,3673
64,3675
90,3684
241,3706
234,3710
5,3714
315,3717
182,3727
35,3728
222,3740
225,3742
218,3760
119,3767
407,3769
130,3769
97,3781
56,3786
322,3791
142,3807
117,3817
383,3839
281,3844
497,3845
287,3850
50,3862
235,3868
301,3879
415,3885
145,3889
193,3889
413,3893
247,3899
378,3899
155,3902
405,3915
260,3919
388,3930
318,3944
355,3949
438,3956
434,3962
249,3967
334,3971
411,3973
298,3975
380,3992
147,4002
333,4006
271,4014
326,4021
69,4035
46,4044
305,4046
195,4055
144,4062
424,4064
2,4082
384,4083
396,4085
81,4087
41,4089
370,4133
73,4143
285,4154
421,4163
151,4183
138,4187
485,4194
349,4198
10,4209
196,4213
397,4213
139,4214
476,4216
335,4235
236,4238
245,4257
112,4275
59,4291
400,4296
391,4318
111,4322
404,4323
300,4336
257,4366
329,4379
429,4382
38,4391
217,4395
347,4400
141,4404
452,4424
173,4432
462,4471
238,4479
172,4489
198,4503
171,4520
283,4521
45,4535
416,4539
474,4567
177,4594
150,4607
9,4624
292,4625
290,4641
252,4651
232,4653
374,4664
99,4666
125,4679
276,4686
468,4718
134,4734
256,4747
68,4749
395,4769
495,4786
280,4802
221,4807
259,4823
296,4856
101,4903
191,4912
189,4916
183,4920
197,4922
227,4932
423,4973
289,5038
102,5050
284,5053
132,5102
223,5107
88,5120
297,5136
246,5169
456,5204
242,5231
492,5233
192,5237
3,5239
358,5241
152,5256
461,5298
264,5320
455,5328
123,5362
371,5488
418,5551
52,5561
104,5597
314,5633
451,5729
209,5746
470,5779
295,5850
47,5866
85,5973
243,5974
98,5991
34,6024
105,6053
146,6087
359,6182
74,6195
77,6268
154,6300
30,6418
372,6470
480,6505
174,6530
387,6689
32,6836
288,6850
204,7184
307,7220
299,7266
207,7281
219,7714
71,7720
265,8208
467,8210

simblock.block.ProofOfWorkBlock@525fdf42:48
71,0
276,836
297,1352
242,1636
33,1892
423,1976
314,2313
378,2416
120,2433
285,2467
117,2548
273,2706
232,2751
322,2754
390,2763
132,2943
126,2974
385,3013
323,3036
67,3088
207,3093
165,3093
462,3130
397,3181
217,3205
361,3211
48,3213
254,3253
317,3281
355,3281
251,3374
365,3422
50,3427
195,3443
480,3496
215,3518
35,3520
281,3520
468,3526
145,3533
271,3535
316,3593
37,3604
74,3614
83,3632
64,3632
465,3657
20,3662
300,3665
418,3668
80,3670
464,3750
34,3764
394,3767
150,3769
42,3785
269,3787
294,3826
47,3833
226,3834
463,3848
455,3849
158,3860
227,3868
299,3872
172,3873
98,3877
59,3894
301,3902
330,3943
376,3999
362,4003
28,4006
130,4011
131,4027
9,4041
403,4071
228,4078
15,4086
257,4091
19,4093
76,4096
472,4100
488,4107
112,4112
440,4119
358,4123
406,4154
399,4159
22,4166
111,4172
489,4190
263,4209
240,4221
498,4222
400,4229
479,4232
243,4233
424,4238
449,4239
75,4248
292,4260
404,4264
279,4273
182,4316
277,4321
416,4324
469,4326
139,4326
175,4332
53,4337
331,4337
413,4344
497,4347
347,4351
149,4357
329,4362
291,4363
163,4404
11,4427
88,4438
122,4439
367,4496
384,4502
438,4509
339,4517
473,4524
456,4528
65,4548
123,4554
49,4561
167,4562
373,4569
342,4569
287,4570
146,4573
258,4577
218,4581
500,4590
159,4600
304,4603
144,4604
408,4605
303,4609
411,4646
41,4647
61,4660
442,4664
79,4668
62,4669
325,4671
245,4672
216,4676
370,4680
356,4687
188,4704
192,4719
319,4734
151,4771
31,4776
141,4781
14,4805
224,4806
96,4817
115,4823
156,4832
346,4832
109,4841
93,4842
3,4847
4,4856
483,4858
190,4886
161,4898
494,4899
412,4902
252,4906
174,4906
366,4914
475,4921
286,4932
344,4938
57,4940
353,4983
8,4997
26,4998
72,5000
239,5007
341,5009
283,5019
289,5022
383,5032
129,5034
470,5037
379,5043
482,5065
169,5086
140,5095
312,5111
396,5115
134,5124
434,5129
2,5131
309,5144
200,5144
392,5152
422,5164
205,5178
266,5178
44,5188
16,5196
436,5224
426,5230
244,5236
305,5238
284,5244
54,5244
73,5251
485,5263
419,5263
108,5267
193,5268
274,5270
1,5278
280,5281
295,5298
189,5309
77,5335
451,5336
415,5362
223,5391
337,5410
46,5417
471,5424
495,5433
437,5448
143,5454
191,5464
198,5471
429,5488
236,5492
420,5499
179,5527
253,5527
345,5529
60,5571
372,5572
97,5576
177,5578
187,5583
492,5587
196,5589
363,5595
364,5597
91,5611
476,5620
27,5641
89,5642
431,5645
409,5666
466,5667
229,5678
388,5681
421,5688
40,5691
398,5693
290,5709
10,5717
206,5742
457,5756
351,5765
352,5791
221,5805
99,5857
272,5857
247,5885
231,5903
13,5916
173,5927
105,5944
375,5948
233,5962
458,5965
461,5969
474,5970
135,5980
395,5993
460,5999
147,6022
104,6024
51,6026
220,6035
313,6048
124,6071
255,6075
23,6078
121,6079
368,6086
235,6094
262,6094
371,6114
202,6123
357,6130
137,6131
114,6138
125,6138
275,6172
450,6183
402,6233
29,6255
481,6260
391,6270
348,6279
92,6335
102,6336
81,6347
43,6399
212,6403
327,6410
296,6433
58,6455
63,6468
69,6473
166,6493
30,6496
381,6500
407,6502
119,6510
332,6562
7,6569
459,6581
315,6588
209,6624
164,6626
386,6662
487,6671
298,6684
70,6735
493,6737
343,6759
326,6794
246,6840
38,6860
340,6902
36,6911
268,6923
249,6943
56,6955
170,6958
136,7003
302,7058
389,7067
94,7080
307,7082
393,7113
248,7159
448,7166
414,7208
320,7246
267,7249
430,7285
308,7329
405,7385
116,7396
335,7409
225,7410
113,7420
85,7432
467,7464
441,7551
12,7572
454,7580
261,7602
180,7659
425,7749
387,7773
204,7854
142,7868
106,7874
264,7899
194,7912
208,7928
259,7936
178,8039
39,8040
311,8066
432,8091
338,8240
183,8332
162,8373
447,8391
427,8405
369,8422
433,8515
201,8534
176,8556
186,8581
168,8683
490,8729
452,8737
350,8863
155,8886
333,8893
118,8911
477,9028
219,9141
157,9161
484,9218
278,9330
84,9366
213,9377
184,9382
439,9403
55,9517
324,9712
210,9807
478,9856
148,9869
100,9872
107,9896
127,9971
24,10015
443,10207
211,10361
496,10461
321,10624
417,10698
86,10853
214,11107
306,11199
491,11270
428,11688
18,11756
374,11962
282,12402
401,13046
185,13694
110,14344

simblock.block.ProofOfWorkBlock@56e5fb85:48
133,0
459,491
338,696
348,909
186,983
77,1110
413,1188
253,1196
343,1316
472,1390
188,1397
93,1400
279,1475
116,1601
311,1603
328,1604
393,1620
26,1634
319,1676
477,1682
387,1688
450,1802
262,1806
430,1806
60,1807
454,1823
176,1877
302,1881
420,1888
440,1890
55,1898
234,1957
487,1998
402,2004
357,2012
156,2013
143,2014
255,2076
162,2089
214,2091
137,2093
121,2093
92,2095
414,2099
184,2099
25,2102
136,2115
366,2174
307,2177
483,2178
417,2199
85,2207
406,2214
427,2215
206,2222
14,2225
293,2285
213,2293
190,2294
351,2294
31,2295
478,2299
389,2301
82,2302
53,2304
230,2306
18,2306
306,2307
282,2312
451,2318
148,2320
170,2368
153,2375
63,2381
433,2382
496,2383
110,2388
79,2393
158,2416
157,2416
308,2420
426,2424
257,2468
95,2488
333,2489
168,2497
122,2498
118,2500
113,2501
272,2502
16,2503
309,2505
72,2505
29,2505
283,2508
491,2509
462,2512
261,2512
204,2513
54,2523
76,2524
457,2525
298,2526
275,2526
154,2576
412,2578
51,2585
200,2585
439,2586
8,2587
407,2589
39,2591
70,2591
278,2594
466,2604
212,2608
342,2609
399,2618
24,2625
499,2625
249,2629
410,2674
164,2680
373,2691
432,2692
286,2701
13,2702
94,2703
274,2705
128,2705
392,2707
202,2709
444,2709
211,2710
100,2711
236,2712
267,2714
182,2715
401,2717
210,2720
264,2720
167,2724
127,2725
179,2728
117,2731
277,2742
90,2765
488,2780
340,2783
345,2783
40,2785
78,2786
226,2786
460,2787
103,2788
1,2789
485,2792
266,2793
7,2793
135,2793
28,2794
449,2802
160,2803
64,2805
27,2806
201,2809
500,2810
59,2820
222,2823
57,2823
172,2825
15,2826
447,2829
337,2841
37,2847
281,2857
208,2876
4,2880
339,2888
124,2905
490,2906
231,2907
419,2907
196,2910
205,2911
155,2911
344,2914
320,2915
428,2915
453,2918
161,2923
418,2923
198,2924
445,2926
83,2930
471,2931
169,2931
330,2932
199,2938
424,2949
497,2952
237,2952
58,2981
12,2984
21,2987
84,2987
386,2988
66,2989
294,2989
492,2990
332,2993
443,2994
448,2995
352,2995
233,2995
180,3002
437,3004
303,3004
409,3004
367,3008
52,3009
225,3011
336,3011
203,3012
435,3031
405,3031
5,3032
132,3039
268,3040
250,3043
316,3044
436,3048
329,3059
425,3073
415,3082
370,3083
3,3091
194,3106
493,3108
408,3109
178,3112
61,3113
346,3114
489,3118
97,3125
73,3131
476,3136
369,3136
347,3141
473,3143
75,3148
463,3153
44,3154
385,3155
219,3158
68,3172
35,3173
147,3184
185,3190
140,3190
312,3194
248,3194
149,3195
91,3201
304,3205
36,3205
422,3206
287,3208
350,3214
359,3215
150,3217
129,3218
285,3219
305,3232
446,3233
88,3245
46,3256
465,3257
382,3268
495,3268
301,3273
239,3286
321,3287
323,3289
326,3307
74,3309
86,3310
324,3316
173,3319
349,3327
379,3332
220,3334
80,3335
105,3337
441,3337
134,3340
107,3344
89,3352
390,3355
498,3357
145,3361
322,3363
144,3363
130,3375
240,3375
34,3395
368,3404
310,3410
215,3424
126,3427
56,3428
363,3440
111,3440
494,3446
115,3449
228,3452
464,3457
400,3462
314,3467
112,3469
388,3472
109,3473
280,3491
484,3511
102,3512
469,3514
209,3519
381,3520
482,3524
216,3524
479,3529
486,3532
470,3534
139,3540
22,3547
380,3554
19,3555
299,3569
327,3582
47,3584
360,3586
131,3596
197,3600
270,3606
259,3606
290,3609
452,3612
361,3616
467,3636
235,3646
163,3648
273,3652
376,3653
313,3668
315,3679
431,3682
371,3689
232,3697
260,3704
42,3725
41,3734
245,3744
114,3745
175,3746
87,3752
192,3763
391,3763
141,3769
151,3778
81,3784
396,3787
276,3789
269,3798
183,3811
96,3829
218,3834
174,3838
434,3843
416,3845
421,3849
458,3860
243,3862
384,3868
442,3873
383,3886
271,3895
177,3900
17,3902
254,3914
481,3920
480,3921
374,3927
378,3940
33,3963
247,3968
23,3969
146,3977
358,3979
166,3984
355,3997
356,4011
142,4038
108,4046
251,4059
69,4082
106,4104
317,4108
331,4117
354,4150
403,4160
207,4163
238,4167
263,4175
181,4180
48,4186
246,4188
191,4191
171,4191
62,4193
353,4222
404,4236
375,4252
318,4284
438,4287
120,4296
297,4327
99,4342
475,4351
30,4354
229,4362
241,4363
2,4374
295,4405
123,4424
288,4425
292,4436
411,4491
32,4506
224,4523
394,4537
71,4551
125,4594
189,4602
6,4603
242,4608
101,4611
9,4615
104,4616
195,4630
252,4634
300,4680
265,4680
11,4690
289,4754
152,4788
334,4792
468,4805
165,4820
455,4851
341,4854
395,4873
365,4919
50,4938
362,4981
258,4994
159,5006
227,5047
461,5068
193,5084
187,5084
429,5165
65,5236
456,5237
296,5259
43,5283
284,5301
325,5322
20,5399
138,5443
244,5482
119,5557
423,5729
98,5751
372,5784
291,5797
221,5833
397,5872
398,6118
335,6157
49,6187
38,6261
217,6545
10,6589
67,6624
223,6991
256,7016
364,7059
45,7440
474,7488

simblock.block.ProofOfWorkBlock@24680754:48
352,0
377,492
86,694
82,899
392,983
16,1112
93,1184
414,1186
62,1317
433,1387
84,1388
449,1395
366,1472
350,1520
435,1595
401,1596
188,1597
107,1663
475,1675
239,1679
312,1680
200,1723
22,1798
44,1799
154,1811
161,1864
286,1878
66,1879
490,1881
51,1883
58,1884
159,1913
36,1924
167,1924
339,1962
7,2001
95,2007
406,2009
236,2038
466,2079
233,2081
471,2085
348,2085
203,2086
340,2087
253,2087
309,2092
278,2126
55,2131
94,2162
158,2164
499,2165
458,2170
61,2173
420,2206
24,2212
124,2213
220,2230
428,2239
178,2280
194,2283
419,2286
176,2287
311,2288
180,2288
491,2289
91,2289
500,2290
294,2295
484,2301
298,2323
275,2328
248,2341
437,2352
399,2366
157,2367
477,2368
118,2374
409,2375
261,2377
185,2380
72,2385
283,2391
457,2409
216,2418
454,2419
210,2422
53,2442
264,2453
27,2487
338,2489
255,2489
306,2492
28,2493
408,2494
439,2496
321,2497
211,2497
460,2499
289,2504
168,2508
199,2517
440,2530
64,2531
257,2540
160,2548
429,2549
492,2558
274,2567
308,2567
135,2568
202,2572
92,2574
162,2576
63,2577
448,2580
386,2582
8,2584
155,2588
333,2594
116,2613
40,2616
214,2621
208,2623
244,2641
222,2642
143,2651
65,2658
453,2661
494,2662
205,2664
170,2670
319,2670
21,2692
213,2692
127,2693
78,2694
282,2696
445,2696
112,2698
1,2700
417,2701
459,2703
19,2707
387,2708
343,2709
356,2713
463,2715
430,2720
489,2733
450,2740
140,2750
85,2751
74,2756
190,2769
337,2769
315,2770
488,2771
206,2773
186,2773
476,2779
443,2782
270,2782
113,2782
373,2783
336,2783
70,2784
29,2785
54,2785
31,2791
121,2795
367,2799
407,2800
442,2813
18,2820
179,2826
427,2839
89,2856
3,2856
411,2856
473,2871
13,2872
332,2874
156,2878
418,2892
73,2895
493,2897
204,2897
148,2901
57,2902
122,2903
393,2903
426,2905
441,2912
129,2912
164,2915
293,2923
137,2927
291,2937
230,2937
303,2952
310,2953
150,2957
403,2957
483,2972
136,2975
212,2975
23,2977
60,2979
20,2985
346,2986
351,2987
410,2988
128,2990
201,2992
144,2993
422,2994
478,2995
267,3000
224,3003
108,3006
240,3008
355,3012
47,3014
388,3015
184,3028
110,3028
83,3052
313,3055
451,3061
389,3069
301,3074
105,3078
290,3085
241,3085
436,3087
88,3087
175,3087
390,3097
402,3098
266,3099
486,3099
320,3103
39,3107
52,3117
344,3118
123,3121
496,3131
307,3134
126,3139
302,3140
384,3141
405,3155
77,3155
56,3165
368,3166
304,3174
485,3177
103,3177
424,3177
487,3181
226,3188
328,3193
209,3194
330,3197
231,3201
228,3205
305,3207
349,3210
149,3219
361,3219
166,3219
365,3229
447,3230
482,3232
87,3241
101,3253
358,3254
225,3261
362,3274
400,3287
357,3288
432,3291
415,3300
370,3303
46,3304
345,3308
75,3309
250,3309
119,3328
5,3331
218,3348
412,3357
153,3368
425,3377
272,3382
260,3386
125,3391
369,3396
109,3396
327,3398
380,3403
117,3405
397,3413
237,3413
394,3416
217,3423
33,3424
134,3428
354,3428
191,3431
163,3436
326,3454
147,3455
395,3458
81,3459
67,3462
32,3474
398,3495
497,3502
353,3508
146,3510
331,3516
106,3518
470,3524
98,3532
461,3533
111,3536
292,3537
30,3549
323,3549
360,3567
431,3569
34,3572
363,3579
284,3581
247,3582
444,3586
317,3591
100,3597
142,3606
102,3615
80,3618
90,3619
468,3624
479,3626
120,3627
59,3628
404,3649
280,3649
10,3649
252,3656
96,3666
469,3674
195,3677
421,3683
287,3720
318,3731
14,3740
35,3746
329,3756
69,3773
11,3781
196,3798
197,3809
6,3811
207,3825
316,3828
258,3832
139,3834
423,3842
391,3850
138,3852
382,3858
198,3874
271,3885
76,3894
79,3905
446,3920
221,3931
434,3938
416,3938
26,3942
181,3942
375,3945
249,3967
99,3969
169,3982
141,3996
495,3999
262,4000
43,4010
259,4014
256,4034
341,4047
192,4051
376,4056
189,4058
41,4077
172,4081
227,4089
455,4101
251,4173
15,4188
12,4201
71,4204
151,4210
177,4239
68,4250
182,4253
378,4254
269,4255
245,4256
9,4258
49,4258
279,4260
314,4261
25,4291
183,4296
165,4312
464,4314
238,4377
480,4383
263,4398
481,4413
364,4449
242,4482
232,4488
379,4518
45,4524
359,4528
381,4570
130,4571
347,4580
243,4589
374,4620
171,4626
97,4627
132,4628
498,4668
452,4688
413,4697
295,4737
115,4747
219,4811
104,4811
234,4833
342,4846
174,4865
438,4885
325,4897
37,4899
265,4937
300,4942
273,4943
456,5051
322,5056
334,5099
296,5117
465,5162
396,5178
281,5200
2,5213
17,5221
50,5255
385,5258
285,5258
235,5478
193,5479
38,5488
215,5501
371,5527
131,5529
187,5572
383,5576
276,5632
229,5673
268,5798
114,5830
462,5891
335,5966
467,6056
474,6073
152,6116
42,6124
254,6242
223,6275
288,6322
277,6439
145,6500
173,6541
299,6549
246,6756
372,6984
297,7037

simblock.block.ProofOfWorkBlock@326ff375:48
317,0
47,576
411,824
277,1065
169,1152
285,1305
385,1394
222,1396
381,1549
151,1633
251,1636
468,1647
342,1720
301,1793
365,1875
379,1875
380,1889
497,1963
37,1970
198,2112
404,2117
424,2123
338,2123
49,2203
97,2206
245,2208
388,2210
44,2221
87,2226
268,2352
240,2355
187,2361
141,2364
313,2443
358,2444
220,2452
235,2452
42,2455
82,2458
102,2460
17,2468
58,2556
353,2591
280,2604
165,2609
2,2609
35,2688
403,2690
166,2692
241,2694
398,2695
442,2698
191,2705
495,2782
417,2783
39,2796
159,2799
289,2828
6,2841
101,2863
448,2888
361,2931
144,2931
108,2933
123,2933
244,2935
20,2938
307,2940
130,2948
312,3021
421,3021
128,3029
247,3039
431,3066
397,3085
279,3119
110,3139
134,3168
382,3180
119,3181
4,3201
189,3201
127,3217
188,3267
158,3270
311,3272
163,3274
492,3275
148,3281
112,3313
325,3325
305,3353
107,3364
320,3366
476,3369
479,3406
175,3421
436,3422
274,3451
205,3478
309,3541
33,3568
489,3597
88,3601
79,3607
12,3607
310,3608
121,3609
293,3620
34,3624
19,3643
135,3654
351,3690
450,3698
306,3704
211,3752
428,3756
375,3762
53,3785
298,3805
459,3818
392,3874
469,3883
16,3930
278,3933
330,3937
389,3940
483,3942
453,3958
216,3988
61,4029
186,4041
120,4043
466,4082
137,4085
395,4095
84,4117
117,4124
248,4149
152,4170
445,4206
350,4266
210,4269
124,4276
292,4284
92,4285
62,4294
371,4336
368,4336
267,4371
460,4411
493,4420
207,4435
344,4447
93,4475
414,4479
335,4499
249,4521
458,4537
230,4597
212,4600
405,4609
420,4623
194,4666
217,4743
386,4751
259,4767
260,4775
367,4780
224,4806
1,4812
485,4857
482,4866
387,4939
60,4951
223,4953
408,4970
451,5003
250,5091
122,5114
402,5136
491,5144
283,5193
99,5200
393,5269
322,5271
208,5301
265,5310
270,5337
498,5378
36,5430
348,5450
63,5478
29,5479
136,5526
9,5543
153,5599
202,5637
447,5670
145,5716
89,5762
125,5807
231,5812
422,5816
185,5863
184,6003
43,6003
147,6006
284,6062
490,6092
38,6125
308,6149
461,6167
354,6178
319,6194
471,6333
30,6407
239,6423
155,6479
488,6499
176,6523
221,6530
183,6564
55,6688
164,6753
472,6852
256,6886
227,6970
304,6991
366,7021
45,7114
174,7215
341,7424
356,7495
290,7527
364,7622
81,7828
439,7986
41,8032
452,8233
499,8485
67,8642
263,9047
252,9066

simblock.block.ProofOfWorkBlock@1041a8ca:48
308,0
475,489
343,693
357,895
39,1098
472,1301
94,1502
414,1593
95,1705
303,1795
286,2009
14,2020
140,2210
384,2338
422,2412
49,2658
441,2830
382,2973
387,3036
15,3299
446,3355
11,3690
474,3728
42,4005
223,4183
119,4323
125,4429
317,4646
375,4672
219,4767
325,4962
243,5218
220,5281
237,5595
150,5668
398,5914
198,6121
182,6231
249,6570
171,6660
37,7020
207,7089
75,7474
173,7928
266,8417
158,8919
3,9407
91,9907
57,10396
267,10893
459,11386
428,11874
392,12365
328,12856
417,13352

simblock.block.ProofOfWorkBlock@35400260:49
26,0
444,2831
257,3072
424,3318
108,3398
14,3556
83,3636
465,3643
327,3794
240,3880
397,3892
281,3894
111,3978
149,4031
462,4121
218,4132
292,4138
381,4146
353,4209
362,4215
80,4235
436,4362
133,4365
326,4370
268,4377
35,4385
19,4390
411,4453
479,4455
220,4458
464,4461
438,4465
181,4482
56,4552
11,4607
385,4608
323,4613
355,4629
468,4694
269,4695
224,4698
376,4699
329,4700
370,4700
412,4706
394,4707
416,4710
308,4714
132,4718
222,4719
317,4719
429,4785
59,4786
497,4789
75,4845
109,4851
76,4855
338,4875
342,4934
495,4936
15,4938
249,4939
390,4946
291,4948
273,4948
383,4950
298,4959
187,4959
74,4959
379,4960
65,4962
191,4965
200,4966
238,5023
333,5025
442,5027
182,5027
258,5030
131,5032
62,5033
427,5040
361,5042
470,5046
57,5048
198,5062
88,5082
348,5082
358,5091
106,5091
280,5115
177,5120
126,5174
2,5174
301,5176
117,5179
455,5187
305,5187
73,5188
46,5189
431,5190
16,5196
49,5199
251,5199
347,5200
42,5203
486,5212
463,5213
141,5215
94,5218
87,5269
130,5276
277,5277
89,5279
418,5280
300,5285
313,5287
247,5288
398,5289
147,5290
337,5296
343,5299
235,5300
197,5304
446,5305
102,5330
166,5336
82,5354
396,5357
377,5359
29,5359
119,5360
216,5364
499,5364
169,5366
244,5367
432,5371
161,5375
44,5380
3,5390
176,5404
150,5413
365,5413
388,5414
215,5417
472,5419
52,5425
460,5426
209,5427
384,5432
37,5433
325,5437
13,5445
331,5454
101,5457
469,5459
196,5467
112,5509
17,5513
228,5515
6,5516
477,5516
20,5521
157,5522
70,5522
134,5529
316,5530
61,5530
188,5533
96,5534
155,5541
451,5546
225,5547
245,5550
422,5551
430,5571
328,5578
480,5578
159,5606
5,5607
164,5607
349,5608
310,5611
12,5613
345,5619
307,5620
113,5620
18,5622
404,5623
475,5627
363,5627
234,5628
340,5635
163,5637
32,5651
289,5652
33,5657
285,5671
144,5676
387,5678
440,5687
454,5689
39,5689
294,5689
103,5693
380,5694
165,5694
21,5701
393,5702
237,5711
447,5712
214,5713
55,5719
128,5735
482,5743
140,5756
239,5758
266,5764
120,5770
434,5772
48,5779
36,5780
90,5782
413,5783
51,5783
179,5784
420,5793
168,5795
63,5797
351,5819
417,5823
203,5832
261,5839
293,5845
346,5847
158,5852
489,5853
401,5854
255,5856
127,5858
151,5862
97,5864
192,5866
248,5867
330,5870
25,5871
487,5873
409,5877
7,5879
210,5885
359,5886
162,5891
78,5893
170,5901
205,5906
368,5909
471,5938
199,5939
320,5939
184,5941
250,5942
419,5942
153,5945
382,5946
375,5948
421,5949
399,5962
367,5968
204,5975
135,5978
406,5982
414,5987
405,5992
490,6004
156,6010
115,6015
403,6017
485,6019
173,6020
386,6022
494,6026
231,6026
137,6027
445,6028
84,6031
458,6033
309,6034
457,6039
183,6040
303,6041
211,6046
466,6047
449,6055
241,6056
79,6060
143,6073
122,6093
318,6097
190,6097
315,6098
496,6109
110,6113
304,6113
58,6123
402,6129
254,6129
478,6135
443,6138
312,6149
433,6156
175,6156
22,6175
408,6176
92,6181
262,6184
114,6186
152,6187
450,6197
311,6197
8,6198
276,6199
483,6201
208,6203
64,6203
185,6208
28,6210
91,6245
47,6256
400,6258
302,6271
321,6274
116,6274
299,6281
369,6285
160,6293
461,6300
71,6309
105,6313
85,6317
270,6320
459,6322
86,6336
279,6343
283,6353
68,6356
171,6361
4,6361
439,6364
274,6375
223,6397
207,6398
435,6407
174,6413
123,6418
219,6422
104,6425
236,6429
50,6437
271,6438
72,6444
246,6454
180,6459
45,6470
448,6473
324,6483
139,6502
178,6505
148,6510
425,6516
488,6525
332,6526
282,6532
95,6532
230,6535
344,6536
474,6538
372,6562
66,6577
212,6586
260,6588
267,6604
206,6612
278,6618
259,6634
154,6643
24,6649
194,6650
202,6671
492,6678
415,6680
473,6684
476,6695
10,6697
118,6704
213,6738
341,6771
124,6771
1,6774
27,6805
335,6847
352,6847
453,6851
100,6854
275,6860
481,6861
306,6862
498,6866
426,6874
265,6899
336,6907
226,6918
146,6929
129,6934
31,6944
60,6982
107,6992
272,7005
186,7007
40,7012
54,7014
437,7027
253,7036
339,7105
9,7105
493,7127
138,7141
264,7178
389,7196
136,7212
391,7216
407,7219
357,7247
491,7260
456,7268
23,7270
256,7274
297,7328
232,7334
77,7337
319,7341
53,7344
500,7347
374,7349
201,7360
121,7370
43,7387
284,7407
286,7435
290,7513
38,7530
99,7535
314,7549
428,7583
263,7600
322,7620
395,7625
142,7666
410,7667
287,7671
366,7673
34,7674
392,7695
441,7711
229,7731
193,7756
452,7791
41,7812
81,7851
350,7914
334,7917
172,7943
356,8003
189,8014
125,8024
30,8024
233,8025
252,8034
93,8054
296,8080
354,8270
167,8333
221,8347
484,8355
423,8428
69,8431
242,8447
467,8457
145,8491
98,8675
373,8686
243,8737
360,8752
227,8837
364,8843
371,8909
67,9078
378,9144
217,9316
288,9485
295,9711
195,9895

simblock.block.ProofOfWorkBlock@3d72b205:50
62,0
88,489
357,691
352,894
186,990
453,1104
351,1180
206,1192
53,1305
261,1385
440,1386
264,1420
420,1487
154,1508
399,1590
278,1594
286,1597
459,1622
78,1671
66,1681
279,1691
236,1709
308,1793
105,1798
16,1798
472,1802
282,1824
332,1875
31,1877
496,1883
320,1884
478,1892
428,1912
283,1913
160,1978
422,1995
164,1998
167,1999
27,2006
426,2011
315,2026
451,2079
124,2085
22,2088
366,2088
7,2090
110,2091
253,2092
113,2095
405,2114
85,2117
13,2117
493,2161
84,2170
140,2182
487,2194
170,2198
489,2200
303,2204
255,2204
448,2211
201,2213
216,2230
29,2286
373,2287
163,2291
402,2291
158,2292
392,2292
454,2292
3,2293
267,2293
89,2294
343,2297
477,2304
406,2315
419,2318
412,2318
310,2320
214,2366
345,2368
443,2372
344,2375
208,2376
12,2379
437,2390
330,2399
86,2402
305,2402
196,2406
450,2407
77,2409
135,2414
203,2415
250,2416
430,2432
156,2489
129,2490
168,2491
340,2493
107,2494
319,2495
226,2496
60,2497
490,2497
369,2499
180,2501
178,2501
408,2506
162,2507
492,2517
188,2518
457,2519
485,2521
109,2532
72,2569
449,2570
333,2575
476,2577
199,2579
103,2583
58,2584
100,2585
61,2586
445,2594
28,2601
70,2604
82,2605
460,2607
204,2608
387,2611
179,2611
148,2614
393,2618
488,2618
8,2620
484,2620
409,2621
14,2622
130,2636
161,2637
194,2664
205,2673
356,2690
338,2696
121,2697
417,2697
475,2698
54,2700
116,2701
92,2706
39,2706
18,2706
63,2709
36,2712
410,2718
302,2720
339,2721
57,2722
274,2727
52,2729
128,2734
93,2742
316,2751
270,2773
483,2776
413,2784
471,2784
367,2785
337,2786
143,2788
499,2791
482,2791
137,2805
230,2806
187,2808
202,2811
500,2813
239,2813
309,2819
433,2821
182,2822
44,2822
212,2824
210,2824
407,2825
348,2826
76,2836
225,2838
46,2842
244,2842
117,2848
363,2865
118,2869
287,2870
176,2877
190,2883
192,2896
427,2898
51,2898
447,2899
266,2902
386,2902
213,2902
346,2907
401,2908
90,2908
293,2909
414,2910
40,2910
272,2913
325,2916
323,2923
277,2923
432,2924
311,2925
157,2927
306,2929
403,2937
111,2939
15,2941
209,2949
131,2950
80,2955
442,2958
211,2965
307,2982
458,2990
122,2991
55,2993
491,3005
5,3010
275,3011
304,3013
4,3015
224,3019
95,3026
127,3027
94,3029
147,3034
301,3038
281,3052
271,3062
251,3067
388,3068
136,3070
425,3073
169,3073
120,3091
312,3100
185,3101
262,3106
328,3112
184,3113
231,3114
389,3116
220,3117
441,3118
134,3125
133,3127
473,3129
102,3130
439,3131
469,3132
222,3135
108,3135
197,3138
358,3139
228,3149
479,3151
327,3157
144,3165
254,3185
19,3210
269,3212
368,3213
415,3217
59,3218
112,3222
25,3230
470,3233
218,3237
355,3240
238,3244
177,3246
404,3255
436,3257
263,3263
232,3267
376,3267
26,3268
141,3269
284,3271
149,3279
75,3280
336,3301
126,3305
97,3307
359,3311
248,3317
1,3319
321,3319
416,3323
331,3329
74,3329
494,3332
362,3332
411,3335
384,3341
296,3343
35,3343
237,3352
497,3355
456,3359
378,3372
193,3374
341,3382
313,3383
396,3390
380,3392
146,3396
200,3422
324,3424
379,3424
375,3426
175,3428
83,3431
466,3433
317,3442
381,3449
258,3452
96,3456
444,3470
142,3472
429,3472
292,3501
294,3502
41,3507
24,3524
361,3528
240,3533
480,3538
166,3538
233,3544
189,3549
372,3549
463,3557
181,3562
314,3579
298,3581
495,3586
395,3612
247,3616
2,3618
11,3620
350,3625
173,3627
370,3636
434,3645
6,3650
289,3656
342,3658
452,3673
73,3701
21,3704
139,3709
374,3710
174,3715
481,3718
155,3726
371,3744
87,3749
151,3749
91,3752
215,3760
47,3763
42,3766
322,3770
347,3771
290,3773
119,3789
34,3796
68,3797
195,3802
229,3808
391,3823
153,3838
114,3848
256,3852
486,3855
285,3904
64,3928
165,3934
498,3934
106,3951
435,3954
365,3964
123,3973
431,3983
152,3988
242,3997
249,4018
377,4042
98,4050
241,4072
99,4073
159,4077
326,4093
455,4126
207,4134
38,4139
23,4146
48,4172
259,4188
104,4190
50,4198
297,4203
125,4214
198,4243
446,4245
150,4251
424,4266
32,4272
423,4282
65,4282
418,4295
56,4300
467,4332
280,4335
360,4363
273,4365
438,4392
235,4401
300,4407
353,4445
468,4566
172,4569
33,4569
397,4598
101,4600
318,4618
252,4620
354,4644
288,4673
464,4681
334,4694
49,4717
299,4719
398,4761
295,4787
219,4792
243,4821
43,4829
329,4884
245,4899
191,4914
268,4934
462,4995
260,5029
465,5033
171,5048
474,5052
291,5075
145,5125
461,5129
67,5146
37,5224
385,5228
257,5250
132,5309
349,5347
115,5368
394,5389
234,5545
364,5562
390,5565
71,5567
383,5624
183,5641
335,5656
17,5705
227,5783
20,5889
421,5940
138,6004
382,6021
69,6130
9,6316
246,6370
10,6431
217,6458
276,6762
30,6859
79,6904
221,7190
400,7310
223,7347
81,7739
45,7790
265,8185

simblock.block.ProofOfWorkBlock@6904e160:51
29,0
471,489
278,692
185,893
266,980
157,1095
128,1187
212,1303
328,1390
239,1416
447,1452
154,1470
261,1515
91,1584
414,1592
194,1630
352,1653
415,1671
170,1679
163,1719
127,1786
340,1793
118,1799
367,1833
184,1856
440,1873
210,1881
89,1885
93,1907
57,1922
188,1940
484,1969
333,1994
337,2003
8,2007
336,2010
294,2048
180,2058
226,2075
224,2081
427,2084
473,2087
39,2088
425,2109
410,2118
60,2124
270,2141
392,2166
103,2175
62,2179
363,2205
279,2207
28,2209
312,2214
445,2256
399,2279
435,2281
64,2282
160,2283
63,2283
61,2286
338,2288
51,2290
311,2291
350,2311
380,2321
58,2329
84,2330
402,2349
307,2353
490,2364
488,2376
250,2381
492,2384
201,2384
348,2397
107,2412
199,2412
272,2415
72,2415
417,2423
309,2431
368,2432
254,2439
387,2459
78,2459
92,2482
40,2484
351,2485
389,2487
426,2491
478,2491
77,2492
162,2494
156,2495
345,2496
437,2497
409,2501
429,2511
153,2514
494,2540
315,2548
496,2566
113,2566
460,2574
304,2576
233,2579
283,2581
308,2582
164,2585
419,2602
412,2609
175,2614
264,2614
267,2614
459,2617
161,2621
27,2623
332,2625
136,2630
55,2633
200,2634
277,2636
105,2640
434,2647
137,2661
248,2662
178,2662
73,2663
120,2665
211,2671
236,2678
18,2686
406,2688
179,2692
451,2694
262,2695
186,2698
443,2698
420,2700
430,2703
110,2715
398,2717
439,2720
458,2721
176,2722
476,2750
428,2755
418,2760
253,2769
3,2773
477,2775
310,2775
485,2777
133,2779
135,2780
7,2782
140,2784
303,2785
255,2788
324,2796
326,2802
282,2804
416,2808
366,2815
339,2817
66,2821
369,2824
457,2825
470,2825
129,2828
203,2833
472,2836
82,2836
139,2850
116,2864
230,2865
204,2866
405,2868
321,2888
88,2891
205,2896
202,2897
487,2899
450,2899
123,2902
454,2902
1,2905
344,2909
130,2913
95,2914
442,2915
53,2917
275,2923
94,2925
356,2937
448,2948
377,2948
327,2951
287,2951
42,2952
44,2956
149,2960
493,2960
5,2962
293,2975
302,2975
305,2976
468,2977
330,2978
464,2980
143,2985
85,2986
286,2988
151,2999
148,3008
19,3011
158,3012
25,3020
168,3022
449,3029
218,3030
357,3035
65,3037
499,3039
306,3048
284,3049
394,3065
31,3068
466,3068
208,3070
166,3076
384,3089
362,3098
190,3100
441,3101
401,3101
173,3103
436,3104
12,3108
240,3111
196,3112
109,3116
16,3118
482,3119
433,3123
411,3126
74,3127
216,3131
431,3131
358,3133
90,3134
373,3137
393,3139
318,3140
323,3141
214,3162
281,3180
422,3189
234,3189
413,3193
209,3197
15,3206
4,3210
165,3210
268,3216
455,3217
453,3222
404,3230
444,3235
319,3236
13,3236
228,3237
313,3257
56,3263
325,3263
379,3269
353,3270
197,3271
213,3272
500,3274
83,3276
23,3277
75,3278
376,3295
97,3296
26,3297
24,3303
432,3305
346,3305
52,3307
291,3308
100,3317
225,3318
483,3320
167,3323
11,3331
361,3336
114,3337
108,3337
320,3341
274,3342
169,3349
187,3357
117,3358
375,3366
381,3392
251,3393
498,3400
48,3413
238,3421
235,3425
403,3426
70,3429
388,3438
300,3440
124,3444
342,3445
495,3448
334,3453
121,3473
290,3484
371,3486
67,3492
144,3505
182,3506
22,3506
36,3506
245,3525
86,3525
122,3526
343,3543
159,3551
87,3556
14,3558
104,3562
111,3567
99,3577
59,3577
397,3577
316,3586
289,3594
479,3595
101,3619
35,3620
390,3624
10,3625
391,3627
126,3631
81,3631
21,3647
76,3658
382,3660
54,3661
112,3671
30,3675
491,3675
331,3680
131,3693
43,3693
98,3698
102,3710
155,3710
463,3716
50,3720
242,3724
400,3726
489,3726
231,3729
68,3736
486,3738
244,3746
475,3748
335,3749
80,3760
6,3765
271,3779
317,3827
359,3829
150,3843
378,3859
408,3862
370,3875
147,3890
49,3892
386,3894
96,3901
106,3916
79,3925
469,3936
46,3936
407,3938
247,3946
280,3962
355,3989
341,3990
269,4000
446,4026
360,4038
465,4040
285,4047
241,4056
424,4069
206,4096
223,4102
276,4125
237,4144
47,4146
2,4161
222,4178
142,4178
474,4189
260,4193
374,4195
183,4205
17,4206
396,4231
497,4251
134,4252
365,4263
119,4278
215,4312
292,4316
296,4337
395,4342
385,4354
33,4357
273,4362
220,4386
301,4412
322,4419
480,4464
37,4479
125,4487
181,4535
263,4556
207,4572
257,4580
249,4603
195,4606
193,4618
227,4621
256,4626
172,4629
20,4630
232,4663
141,4672
34,4679
462,4685
364,4698
298,4729
481,4745
288,4774
314,4779
177,4782
138,4801
259,4836
347,4857
258,4901
32,4923
354,4932
329,4987
421,5016
349,5047
219,5054
38,5056
189,5095
191,5102
174,5187
9,5204
456,5217
423,5230
198,5304
229,5307
221,5329
132,5332
217,5351
69,5417
192,5425
252,5497
265,5537
372,5539
452,5633
383,5652
41,5659
146,5663
171,5734
438,5743
71,5746
145,5804
295,5987
461,6076
246,6083
45,6120
299,6162
115,6233
297,6471
467,6565
152,6590
243,6613

simblock.block.ProofOfWorkBlock@61d675b9:52
442,0
147,568
380,809
220,1047
87,1151
168,1378
385,1389
123,1410
109,1625
486,1627
19,1649
77,1713
468,1723
394,1865
151,1866
422,1874
102,1888
120,1959
65,1961
169,1994
499,2043
92,2076
370,2111
130,2135
108,2196
298,2197
187,2198
469,2200
373,2201
293,2206
281,2220
480,2242
450,2277
285,2296
379,2367
478,2370
85,2374
47,2386
344,2412
56,2435
228,2435
431,2435
316,2441
347,2443
349,2457
465,2464
113,2479
346,2531
301,2537
100,2548
5,2550
191,2550
27,2551
382,2562
302,2566
179,2572
70,2572
236,2615
83,2616
411,2675
497,2675
52,2676
381,2680
97,2681
476,2681
249,2681
25,2693
401,2696
149,2699
269,2706
427,2708
215,2711
128,2728
91,2768
158,2769
111,2769
205,2770
494,2775
192,2785
96,2786
144,2787
240,2787
244,2790
35,2794
175,2802
454,2817
1,2858
264,2868
435,2882
118,2882
126,2883
146,2889
407,2895
40,2897
105,2901
419,2904
313,2918
388,2918
177,2919
257,2919
320,2920
403,2921
436,2937
150,2937
424,2949
287,2956
61,2969
457,2971
363,2971
170,2974
213,2995
209,3008
463,3008
291,3010
353,3016
255,3018
444,3024
254,3024
292,3028
17,3033
362,3033
448,3035
196,3035
329,3038
241,3042
13,3044
410,3046
412,3059
107,3067
472,3068
210,3070
350,3071
445,3081
137,3097
4,3101
160,3111
24,3119
323,3121
199,3123
397,3123
487,3125
359,3129
141,3140
455,3141
462,3157
42,3158
182,3164
327,3164
268,3176
162,3176
426,3180
451,3184
496,3184
74,3190
357,3197
95,3211
433,3213
366,3219
133,3220
340,3226
338,3237
473,3238
197,3245
161,3247
235,3248
348,3252
376,3256
470,3257
2,3259
78,3266
37,3266
80,3270
479,3271
18,3271
101,3271
86,3273
258,3273
11,3274
392,3276
342,3280
294,3282
275,3285
326,3285
245,3287
129,3293
400,3305
84,3307
361,3314
430,3316
415,3337
414,3348
94,3357
405,3358
156,3360
317,3360
416,3366
303,3367
6,3367
14,3368
325,3375
8,3378
278,3390
233,3393
99,3394
428,3397
234,3404
443,3404
131,3404
132,3404
63,3406
198,3416
333,3422
331,3427
190,3432
21,3440
117,3440
322,3449
248,3451
224,3452
34,3455
310,3459
103,3472
93,3475
57,3487
328,3490
225,3490
194,3491
389,3495
90,3500
396,3502
237,3504
76,3521
222,3522
355,3532
203,3540
330,3541
459,3545
166,3551
351,3554
305,3568
159,3571
464,3571
64,3574
398,3586
253,3594
122,3598
59,3602
261,3602
283,3603
280,3605
365,3606
409,3606
345,3607
72,3607
55,3607
386,3609
214,3613
429,3615
208,3615
439,3625
247,3627
134,3628
289,3641
402,3643
154,3649
358,3650
251,3664
336,3687
489,3689
75,3691
434,3693
22,3695
238,3702
12,3709
383,3715
112,3718
20,3721
309,3727
447,3728
446,3737
277,3738
106,3739
155,3751
33,3754
26,3759
181,3761
58,3765
449,3782
282,3784
267,3791
273,3794
28,3797
495,3807
308,3813
339,3817
266,3822
319,3830
116,3834
135,3835
232,3857
369,3859
200,3862
89,3876
406,3876
98,3880
114,3911
453,3912
372,3925
300,3931
413,3932
184,3932
352,3935
356,3936
492,3937
216,3937
136,3939
7,3940
306,3941
239,3942
390,3943
218,3958
395,3959
337,3964
204,3979
466,3985
425,3995
262,3998
481,3999
119,4008
153,4020
164,4029
438,4033
432,4039
259,4046
165,4061
202,4062
318,4070
252,4070
157,4073
173,4083
110,4086
3,4090
127,4094
260,4103
185,4111
176,4115
172,4119
48,4123
230,4142
242,4148
367,4151
207,4151
276,4152
211,4167
391,4172
297,4205
143,4205
304,4211
360,4223
49,4246
324,4260
490,4268
178,4273
488,4276
311,4277
39,4294
295,4295
104,4300
45,4303
500,4309
384,4313
81,4315
31,4324
399,4327
452,4336
474,4344
41,4344
387,4356
332,4361
437,4365
54,4370
263,4374
32,4376
256,4392
471,4401
343,4404
458,4421
68,4436
44,4451
441,4474
477,4481
482,4496
334,4506
374,4521
307,4536
483,4546
195,4556
46,4561
271,4562
171,4577
30,4578
53,4600
121,4603
88,4608
274,4611
272,4623
9,4626
418,4627
231,4653
475,4663
201,4694
286,4702
290,4706
296,4721
167,4740
440,4754
174,4760
43,4764
82,4784
67,4804
193,4809
188,4817
212,4827
393,4873
73,4882
217,4928
417,4937
62,4940
404,4942
485,4953
23,4960
354,4973
139,4983
423,4989
299,4995
186,4997
51,4999
484,5025
378,5031
312,5087
341,5107
321,5116
460,5148
456,5154
226,5163
375,5166
71,5256
421,5260
368,5269
148,5271
335,5277
377,5282
364,5330
66,5335
50,5367
229,5377
115,5394
180,5425
279,5478
163,5500
221,5570
15,5585
420,5607
461,5633
69,5688
498,5688
223,5694
250,5757
284,5761
38,5784
219,5803
315,5811
206,5832
408,5941
152,5996
125,6007
288,6016
314,6092
142,6096
371,6107
140,6149
138,6160
29,6162
246,6189
189,6195
270,6285
183,6407
265,6458
36,6479
60,6492
10,6511
79,6694
227,6819
491,6840
124,7176
16,7510
493,7844
243,8242
467,8657
145,9072

simblock.block.ProofOfWorkBlock@44f84099:53
277,0
198,575
431,815
289,1059
6,1147
317,1296
76,1385
281,1388
268,1535
370,1625
5,1629
159,1630
318,1721
353,1776
151,1867
411,1868
486,1868
342,1869
234,1957
444,1958
301,1959
112,2013
327,2105
49,2107
119,2108
235,2109
381,2125
355,2195
15,2198
326,2199
56,2201
220,2208
114,2212
251,2251
90,2348
65,2349
181,2350
175,2356
83,2373
285,2381
149,2437
497,2439
384,2440
403,2441
2,2443
298,2447
215,2452
388,2452
131,2457
365,2491
52,2527
63,2528
187,2529
26,2530
3,2572
42,2590
291,2591
436,2593
347,2614
47,2624
108,2678
331,2678
329,2679
53,2680
359,2680
75,2683
404,2687
20,2690
462,2693
169,2695
258,2698
101,2699
46,2769
464,2769
218,2772
280,2775
417,2781
97,2782
442,2786
490,2789
463,2804
451,2824
469,2826
240,2829
203,2857
182,2857
214,2858
161,2859
60,2902
394,2917
96,2919
157,2920
416,2920
150,2921
405,2924
102,2925
222,2926
421,2927
177,2931
244,2936
141,2938
87,2942
434,2945
205,2949
446,2952
390,2953
126,2956
338,2958
383,3006
11,3008
80,3008
349,3009
300,3014
120,3015
86,3015
333,3023
73,3025
209,3026
111,3026
269,3028
287,3030
361,3044
134,3064
66,3065
362,3069
59,3095
432,3106
14,3107
274,3117
337,3121
377,3126
130,3127
409,3134
144,3155
206,3159
147,3159
366,3161
379,3163
382,3165
249,3169
48,3170
385,3171
165,3177
8,3186
127,3187
199,3189
89,3193
430,3197
380,3210
468,3223
407,3233
475,3239
455,3249
332,3254
397,3254
143,3254
418,3254
32,3255
18,3256
238,3257
253,3260
109,3264
123,3266
176,3266
304,3272
128,3274
1,3278
321,3283
202,3289
460,3290
82,3298
61,3299
479,3303
306,3335
40,3339
343,3345
237,3346
257,3347
13,3347
443,3349
454,3355
441,3359
162,3359
84,3361
197,3365
254,3370
489,3374
363,3375
316,3385
95,3389
438,3393
153,3402
495,3404
228,3405
132,3408
191,3415
424,3417
186,3425
54,3441
480,3447
406,3449
328,3449
129,3452
122,3453
448,3457
386,3465
323,3472
478,3485
216,3490
396,3490
325,3492
313,3496
230,3497
435,3497
457,3502
241,3507
25,3509
226,3515
22,3515
225,3518
245,3520
459,3521
340,3525
70,3528
305,3529
30,3539
37,3545
293,3546
78,3555
192,3555
346,3559
445,3568
376,3584
121,3584
367,3585
429,3586
196,3587
419,3587
160,3588
261,3591
27,3594
12,3595
275,3596
264,3602
247,3604
433,3605
204,3605
414,3610
401,3617
267,3618
62,3619
500,3623
24,3623
39,3628
273,3634
140,3641
345,3650
168,3653
106,3653
158,3668
420,3668
426,3681
473,3684
113,3692
179,3700
286,3704
210,3707
16,3712
415,3718
125,3718
395,3728
470,3730
71,3730
33,3730
57,3739
351,3744
272,3745
4,3749
31,3755
276,3763
170,3765
398,3765
294,3783
391,3786
348,3789
200,3793
17,3795
99,3797
117,3798
94,3799
352,3810
217,3816
447,3822
494,3826
491,3827
307,3827
155,3843
246,3847
69,3850
51,3852
239,3858
496,3859
107,3865
299,3870
19,3882
461,3884
371,3906
167,3916
453,3918
369,3923
389,3929
487,3934
320,3940
499,3940
450,3943
163,3955
195,3963
292,3973
296,3974
77,3982
85,3987
266,3997
100,3999
207,4004
50,4008
295,4010
283,4012
297,4013
154,4026
64,4033
358,4037
7,4038
252,4038
79,4044
303,4056
493,4062
399,4071
312,4082
139,4086
336,4088
423,4089
260,4093
104,4103
465,4114
271,4121
279,4122
166,4126
72,4132
58,4139
471,4154
311,4157
164,4163
124,4180
103,4189
118,4192
324,4197
357,4250
188,4255
314,4258
408,4264
148,4265
412,4274
248,4275
185,4304
152,4306
492,4316
467,4317
488,4333
483,4335
422,4342
23,4346
43,4358
35,4363
178,4365
29,4368
74,4382
116,4392
458,4416
262,4420
481,4442
189,4452
427,4464
375,4468
330,4490
135,4492
105,4495
290,4505
344,4513
466,4518
183,4523
133,4529
372,4577
425,4590
208,4595
137,4598
171,4604
308,4610
136,4635
410,4651
190,4664
282,4665
335,4684
437,4693
93,4698
88,4702
91,4722
440,4745
34,4751
44,4796
350,4821
194,4823
172,4824
302,4827
374,4829
428,4845
28,4854
315,4858
360,4873
236,4922
339,4926
319,4973
92,4996
255,4996
387,4998
229,5002
256,5022
201,5030
224,5041
259,5082
402,5126
270,5154
138,5156
156,5157
265,5179
146,5203
110,5257
378,5258
21,5259
334,5268
498,5295
472,5309
477,5331
309,5366
449,5375
115,5403
242,5419
184,5485
250,5489
142,5498
173,5526
223,5536
211,5591
227,5611
45,5616
36,5648
193,5664
476,5697
322,5708
310,5719
10,5741
68,5807
55,5815
180,5823
213,5924
221,5949
482,5979
232,6015
456,6029
233,6033
413,6051
400,6069
38,6115
368,6157
174,6183
485,6313
288,6334
145,6366
356,6382
439,6397
67,6567
278,6714
41,6722
373,6726
284,6738
341,6976
212,7049
393,7058
364,7125
231,7378
452,7388
484,7396
392,7727
243,7773
81,7791
354,8083
474,8178
263,8194
219,8597
98,9003
9,9409

simblock.block.ProofOfWorkBlock@63f49b68:54
76,0
355,571
198,809
149,1051
463,1147
234,1296
331,1386
6,1392
258,1535
280,1623
119,1631
273,1639
349,1735
11,1861
277,1868
167,1868
144,1869
424,1883
56,1957
15,1961
37,1982
111,2107
90,2108
218,2111
370,2113
237,2190
394,2195
421,2201
5,2203
134,2206
84,2208
386,2214
291,2224
75,2308
97,2344
52,2346
102,2352
486,2353
454,2360
235,2435
353,2440
429,2441
281,2444
20,2448
251,2449
301,2454
381,2454
316,2461
109,2531
462,2535
497,2548
409,2550
222,2559
208,2561
287,2578
26,2593
181,2600
108,2675
431,2677
309,2678
455,2680
403,2681
420,2684
215,2684
132,2685
444,2686
397,2691
318,2692
42,2693
33,2697
168,2699
266,2706
412,2709
112,2709
347,2764
294,2764
244,2771
245,2773
80,2773
192,2781
65,2782
269,2793
73,2796
91,2809
306,2852
327,2877
405,2881
185,2891
425,2905
126,2912
21,2914
130,2917
35,2922
384,2923
209,2924
268,2925
53,2930
304,2931
74,2933
380,2934
150,2934
220,2935
59,2950
312,2977
313,3003
351,3005
177,3009
107,3009
101,3012
158,3014
96,3015
382,3020
399,3021
63,3021
470,3021
165,3022
118,3023
83,3026
16,3027
120,3030
383,3033
323,3036
238,3038
321,3038
333,3039
117,3040
457,3055
54,3059
387,3067
257,3106
377,3110
484,3110
300,3118
49,3119
122,3143
398,3145
166,3152
197,3158
19,3161
240,3161
228,3172
298,3174
141,3175
433,3178
203,3182
14,3183
2,3194
25,3198
289,3198
22,3199
340,3208
7,3213
216,3221
368,3228
480,3242
434,3248
464,3251
348,3254
494,3258
359,3259
385,3260
329,3260
175,3260
224,3263
432,3264
472,3267
325,3268
392,3270
125,3271
48,3274
249,3276
479,3277
46,3281
285,3286
465,3291
201,3291
415,3293
226,3301
64,3320
274,3345
332,3346
133,3348
303,3351
459,3353
468,3357
89,3357
390,3359
361,3360
337,3360
32,3362
407,3363
87,3368
406,3371
466,3374
272,3374
247,3376
230,3382
404,3383
279,3386
376,3396
311,3397
154,3400
446,3408
416,3410
191,3412
469,3420
8,3424
95,3424
365,3435
264,3436
61,3441
106,3445
443,3460
414,3464
77,3471
286,3473
147,3482
211,3482
188,3491
342,3496
379,3498
438,3499
401,3502
440,3503
57,3507
47,3508
292,3510
241,3515
66,3522
137,3524
162,3528
143,3528
442,3537
500,3538
427,3539
338,3543
27,3544
239,3553
148,3556
28,3560
116,3584
248,3585
99,3586
225,3589
491,3593
418,3594
487,3598
493,3601
330,3601
388,3601
254,3602
449,3603
441,3606
358,3609
153,3613
307,3621
411,3621
485,3625
373,3627
293,3633
271,3674
78,3674
214,3678
317,3679
357,3681
213,3685
320,3686
496,3688
199,3695
103,3697
363,3699
205,3705
489,3705
490,3711
131,3712
367,3719
182,3720
159,3723
495,3733
252,3736
17,3740
267,3745
178,3746
187,3748
123,3749
204,3753
295,3766
346,3767
410,3774
18,3803
85,3809
170,3814
121,3821
439,3823
308,3829
445,3830
155,3831
183,3837
396,3839
458,3842
408,3859
146,3868
389,3885
140,3886
127,3891
375,3908
435,3913
428,3923
328,3927
436,3930
51,3931
62,3939
344,3939
369,3942
310,3946
104,3949
391,3950
12,3954
71,3954
350,3957
476,3959
483,4004
206,4010
55,4011
136,4017
255,4020
207,4025
275,4025
161,4027
160,4038
4,4039
419,4046
113,4050
477,4052
169,4064
36,4078
284,4079
58,4082
319,4083
260,4084
339,4084
128,4086
265,4100
256,4101
172,4103
492,4108
371,4112
246,4115
29,4137
400,4141
139,4146
60,4155
151,4156
482,4158
100,4160
43,4169
499,4188
343,4217
69,4224
145,4238
217,4240
314,4241
250,4252
261,4253
473,4268
129,4269
210,4273
86,4276
393,4290
374,4299
82,4307
498,4312
196,4336
135,4348
110,4348
450,4356
157,4361
326,4385
179,4385
180,4390
176,4414
236,4415
24,4418
173,4432
94,4440
372,4455
114,4470
437,4471
93,4487
152,4489
105,4490
190,4492
378,4530
253,4532
451,4553
302,4583
200,4585
460,4601
72,4604
231,4612
163,4639
227,4644
430,4683
447,4685
362,4705
142,4708
352,4715
461,4717
360,4718
195,4741
336,4752
31,4756
322,4766
345,4773
305,4811
92,4824
221,4843
186,4873
297,4884
395,4898
156,4913
202,4919
478,4933
232,4935
3,4940
283,4942
299,4963
402,5021
194,5031
417,5111
481,5130
189,5133
242,5157
262,5161
30,5162
288,5170
259,5174
44,5203
233,5250
171,5251
282,5262
13,5273
174,5274
426,5277
467,5285
50,5304
276,5339
315,5353
270,5360
23,5372
164,5448
448,5493
354,5531
453,5541
1,5605
356,5608
223,5608
364,5673
70,5684
471,5696
124,5825
296,5859
45,5897
422,5939
79,5946
290,6009
324,6016
263,6023
81,6111
40,6169
39,6242
34,6265
212,6271
366,6347
334,6416
335,6427
488,6505
67,6515
413,6600
229,6650
475,6678
193,6685
38,6820
452,6924
184,6930
115,7046
138,7086
41,7095
423,7223
278,7260
341,7334
68,7461
10,7511
88,7595
456,7867
243,7990
219,8393
98,9206
474,9610

simblock.block.ProofOfWorkBlock@26f5040a:55
421,0
119,2303
245,2541
52,2785
294,3117
495,3120
446,3356
222,3361
408,3454
234,3605
443,3613
358,3614
182,3697
484,3792
428,3814
197,3843
411,3929
403,3931
240,3938
22,3944
62,3945
121,4016
130,4081
118,4102
352,4122
212,4145
37,4169
181,4169
209,4177
257,4184
185,4227
131,4271
309,4276
387,4287
199,4306
427,4307
73,4342
487,4350
108,4408
166,4417
250,4433
494,4433
310,4435
394,4436
92,4455
154,4491
82,4498
385,4498
151,4503
432,4507
489,4508
365,4515
480,4517
312,4524
205,4553
109,4579
51,4595
200,4611
307,4613
167,4634
180,4635
441,4636
357,4641
404,4646
465,4654
359,4655
32,4657
191,4677
190,4695
439,4709
386,4719
203,4736
165,4738
323,4739
379,4741
76,4750
215,4752
218,4757
396,4763
27,4764
274,4765
462,4768
483,4787
40,4797
128,4801
283,4805
440,4814
336,4815
93,4831
482,4840
279,4843
86,4843
16,4846
53,4850
159,4852
337,4859
235,4888
132,4897
416,4897
24,4910
103,4911
362,4913
111,4915
248,4921
262,4927
457,4927
422,4937
168,4943
500,4949
450,4949
85,4968
316,4970
194,4976
463,4977
317,4978
7,4989
241,4992
228,4993
144,4999
401,5001
449,5003
436,5006
343,5008
353,5008
281,5009
347,5011
377,5019
129,5020
127,5021
414,5023
80,5023
84,5027
164,5037
373,5046
488,5048
286,5052
13,5059
340,5061
162,5067
47,5072
220,5082
277,5083
143,5087
477,5087
361,5091
123,5093
184,5107
412,5113
78,5124
398,5128
63,5129
458,5134
308,5136
339,5137
346,5141
406,5143
233,5144
134,5152
247,5152
460,5155
56,5155
126,5160
485,5162
188,5176
157,5180
18,5181
153,5223
417,5224
101,5224
471,5226
476,5231
19,5231
225,5231
368,5236
90,5238
31,5242
344,5252
266,5253
455,5253
313,5254
161,5255
236,5261
363,5266
97,5272
136,5278
320,5282
169,5287
410,5288
327,5307
409,5308
230,5308
204,5310
304,5310
497,5316
469,5323
405,5324
397,5324
239,5326
418,5326
384,5327
355,5327
300,5328
293,5328
431,5329
415,5330
196,5330
254,5331
429,5333
370,5337
433,5338
91,5339
351,5340
66,5345
170,5345
420,5356
224,5357
478,5358
141,5365
280,5366
211,5382
117,5389
255,5391
42,5394
325,5396
319,5403
100,5403
435,5416
148,5427
275,5432
289,5438
493,5457
419,5457
202,5459
140,5460
424,5463
29,5468
438,5468
116,5471
237,5471
291,5471
35,5473
369,5484
392,5490
292,5491
74,5497
77,5498
445,5509
176,5527
2,5529
311,5529
282,5533
492,5533
135,5538
305,5542
8,5543
147,5544
149,5544
28,5547
113,5547
192,5552
105,5560
473,5562
303,5563
470,5564
17,5566
430,5568
33,5570
388,5571
114,5571
179,5572
46,5572
479,5579
26,5580
329,5582
99,5582
272,5586
57,5587
34,5589
155,5593
72,5595
231,5603
244,5605
187,5621
251,5627
374,5640
350,5641
6,5644
444,5647
269,5656
399,5659
95,5659
48,5661
172,5672
371,5675
146,5683
267,5685
264,5690
207,5693
354,5698
447,5725
36,5732
213,5745
271,5750
426,5752
383,5753
4,5759
322,5766
198,5772
120,5777
49,5777
238,5783
318,5788
60,5792
158,5794
124,5796
321,5801
65,5801
393,5806
142,5808
332,5823
466,5833
491,5834
14,5837
88,5838
94,5839
75,5854
390,5861
150,5864
3,5875
83,5884
25,5887
54,5896
214,5898
413,5899
299,5899
490,5902
79,5903
468,5910
496,5912
472,5915
425,5915
71,5923
380,5929
451,5932
345,5947
11,5950
156,5963
106,5963
326,5963
175,5977
87,5986
81,5988
348,5989
223,5998
335,6009
59,6011
498,6021
270,6029
367,6041
395,6043
23,6050
464,6069
15,6069
41,6076
55,6079
171,6089
9,6090
249,6098
195,6104
260,6105
372,6110
381,6112
376,6119
210,6125
50,6127
328,6136
206,6156
437,6168
278,6169
102,6173
342,6176
467,6204
193,6208
226,6226
107,6233
122,6235
5,6244
58,6247
112,6250
89,6257
302,6276
177,6278
382,6278
189,6292
330,6293
434,6294
360,6323
364,6342
349,6355
285,6386
221,6401
258,6428
452,6436
104,6453
208,6458
314,6487
20,6488
1,6490
125,6492
201,6501
296,6502
67,6519
263,6543
448,6559
110,6562
216,6566
268,6570
400,6578
21,6579
333,6591
442,6603
43,6606
306,6609
276,6612
160,6626
301,6679
273,6702
486,6744
378,6770
12,6790
253,6817
61,6820
145,6886
402,6895
139,6896
338,6902
152,6904
64,6910
174,6915
98,6930
407,6959
256,6988
69,6989
391,6998
298,7007
232,7033
96,7068
163,7121
288,7134
287,7158
454,7165
246,7203
366,7234
178,7246
10,7300
265,7323
331,7384
38,7430
252,7455
389,7489
284,7532
183,7560
356,7564
341,7649
295,7730
137,7820
259,7829
474,7857
133,7898
461,7898
217,7971
375,8047
481,8144
186,8149
324,8228
173,8317
227,8379
297,8384
30,8455
499,8484
423,8549
70,8557
39,8816
290,8859
475,8891
242,8953
44,9146
315,9224
453,9481
138,9628
459,9811
334,10034
261,10141
219,10440
45,10502
229,10923
115,11320
68,11723
243,12137
456,12543

simblock.block.ProofOfWorkBlock@7f1fa983:55
175,0
169,567
141,804
215,1043
289,1280
434,1517
426,1847
204,2177
202,2508
487,2840
148,3177
412,3506
128,3837
81,4240

simblock.block.ProofOfWorkBlock@20174819:56
143,0
94,494
124,709
158,911
107,984
338,1124
1,1187
491,1201
272,1325
368,1394
499,1406
163,1407
16,1501
214,1595
459,1609
7,1611
60,1617
240,1644
118,1678
185,1692
135,1706
53,1796
437,1811
472,1820
448,1824
350,1827
478,1879
352,1884
51,1895
278,1899
188,1901
157,1923
470,1962
310,1991
308,2005
351,2014
435,2022
148,2026
419,2031
484,2083
200,2084
211,2086
373,2097
129,2102
286,2105
319,2106
357,2110
389,2111
204,2134
202,2173
161,2195
460,2198
155,2208
213,2213
126,2215
409,2218
206,2228
367,2232
309,2234
166,2285
44,2285
203,2286
92,2296
248,2298
275,2302
28,2303
441,2310
186,2312
100,2313
179,2316
420,2318
454,2320
457,2338
312,2345
315,2361
422,2369
153,2376
121,2376
477,2390
22,2392
64,2399
164,2399
414,2401
282,2409
386,2414
279,2416
366,2427
426,2435
89,2435
78,2439
365,2455
307,2481
31,2495
332,2497
343,2497
345,2500
267,2504
116,2505
29,2508
482,2509
162,2515
494,2516
393,2516
236,2519
487,2522
440,2522
302,2523
196,2524
72,2531
464,2538
489,2541
274,2547
199,2575
216,2577
471,2577
156,2580
127,2582
82,2585
63,2591
184,2598
330,2601
294,2604
70,2605
266,2606
208,2606
147,2610
194,2615
91,2619
283,2629
392,2630
328,2636
233,2641
450,2676
380,2680
224,2687
492,2688
303,2695
54,2697
411,2698
95,2699
39,2700
93,2702
320,2703
340,2707
430,2708
490,2712
66,2713
458,2716
475,2719
311,2722
407,2723
61,2724
446,2729
427,2730
109,2734
258,2749
304,2749
486,2751
255,2761
190,2779
339,2780
388,2781
369,2783
377,2786
168,2788
483,2802
453,2805
417,2808
210,2809
306,2813
113,2818
230,2818
402,2820
181,2826
321,2830
333,2833
281,2834
449,2836
254,2837
363,2837
58,2846
84,2847
237,2851
131,2856
488,2859
32,2864
324,2869
280,2870
293,2876
493,2885
500,2889
176,2895
476,2897
399,2899
347,2900
323,2906
27,2906
451,2907
205,2911
13,2914
36,2918
485,2920
8,2922
12,2924
201,2925
117,2927
424,2928
285,2929
387,2933
178,2936
468,2936
110,2938
88,2939
358,2948
105,2953
154,2980
336,2983
439,2986
425,2991
270,2993
337,2994
348,2998
167,3002
101,3003
322,3011
212,3011
473,3011
160,3011
170,3012
436,3016
77,3016
496,3020
405,3022
14,3023
346,3029
90,3029
239,3031
136,3032
40,3032
398,3034
413,3039
150,3042
215,3046
241,3048
59,3060
261,3063
273,3065
438,3070
353,3075
381,3076
376,3077
128,3089
404,3091
250,3091
140,3102
287,3111
62,3112
21,3127
112,3131
55,3135
401,3138
231,3140
222,3140
57,3144
463,3150
429,3152
52,3154
249,3159
331,3171
495,3174
137,3185
24,3186
87,3188
432,3193
106,3193
103,3195
122,3206
370,3206
49,3220
325,3223
379,3226
445,3234
418,3234
180,3235
244,3235
119,3236
85,3239
133,3240
5,3244
169,3247
431,3258
355,3264
260,3265
130,3269
412,3273
362,3281
134,3291
341,3304
410,3313
466,3316
462,3321
390,3327
37,3329
177,3330
102,3333
86,3340
382,3342
262,3349
26,3350
356,3353
111,3359
251,3365
76,3365
144,3365
361,3379
141,3381
11,3385
443,3390
3,3390
394,3390
344,3391
191,3391
56,3396
292,3400
120,3405
408,3408
80,3417
226,3421
384,3423
4,3436
18,3437
305,3442
175,3453
193,3460
96,3464
497,3475
327,3475
48,3475
264,3476
232,3492
33,3494
452,3494
428,3503
25,3517
192,3518
73,3532
149,3537
75,3542
433,3542
225,3546
416,3546
406,3553
378,3554
19,3557
298,3563
442,3565
469,3569
444,3571
182,3579
108,3583
360,3586
189,3592
152,3623
415,3626
383,3635
447,3644
114,3647
391,3655
35,3655
30,3671
79,3672
209,3682
67,3687
455,3698
41,3699
245,3708
228,3708
220,3711
479,3719
46,3724
20,3728
50,3757
329,3763
480,3767
253,3771
385,3791
17,3793
34,3796
374,3811
375,3826
265,3840
235,3846
421,3855
359,3857
326,3865
301,3880
165,3893
159,3898
138,3913
481,3922
229,3928
69,3953
132,3954
123,3970
234,3972
299,3972
68,3993
45,4004
247,4032
242,4036
289,4043
2,4044
276,4082
65,4087
98,4109
218,4112
354,4116
142,4129
146,4130
456,4136
465,4174
238,4174
257,4189
99,4210
83,4219
217,4221
300,4223
498,4244
263,4286
151,4299
252,4336
371,4343
397,4347
269,4358
288,4391
6,4403
139,4403
271,4405
290,4422
187,4429
104,4472
198,4501
403,4506
219,4538
47,4539
71,4562
474,4567
174,4586
81,4601
317,4613
334,4653
207,4714
372,4734
15,4753
461,4782
221,4787
223,4792
243,4828
364,4832
314,4836
172,4844
277,4847
23,4854
291,4860
318,4930
227,4938
125,5017
297,5023
171,5040
268,5070
467,5137
396,5162
295,5277
183,5279
296,5279
400,5313
115,5320
256,5358
434,5385
9,5482
42,5484
173,5626
97,5722
195,5743
349,5803
395,5808
316,6046
197,6128
43,6171
423,6236
342,6366
246,6562
335,6664
313,6680
38,6994
74,6995
10,7091
145,7426
284,7525
259,7871

simblock.block.ProofOfWorkBlock@6d6fd66c:56
447,0
57,493
261,694
188,895
459,1023
270,1101
357,1184
157,1226
278,1348
13,1392
72,1427
402,1552
124,1595
78,1597
369,1630
333,1756
294,1803
194,1813
449,1834
387,1883
338,1957
336,2010
92,2017
319,2036
196,2043
62,2089
136,2218
312,2219
408,2237
413,2246
277,2272
203,2293
332,2422
29,2439
392,2449
226,2495
468,2554
376,2592
31,2626
27,2642
458,2665
409,2697
417,2830
198,2840
279,2851
426,2872
247,2888
311,2904
464,2909
129,3035
477,3083
289,3090
304,3113
14,3169
181,3206
73,3226
21,3246
253,3288
431,3329
486,3410
149,3432
370,3487
16,3494
383,3523
280,3562
353,3568
6,3651
242,3664
230,3702
442,3747
438,3802
268,3809
97,3841
32,3880
76,3906
348,3906
365,4053
178,4107
117,4128
23,4177
249,4200
224,4237
142,4269
112,4309
327,4390
258,4414
234,4424
119,4520
317,4549
139,4556
231,4566
221,4611
240,4629
323,4654
400,4699
144,4739
42,4868
216,4879
53,4899
56,4899
217,4955
474,4989
81,5040
251,5053
444,5116
90,5160
135,5213
88,5245
65,5358
325,5370
182,5401
243,5441
467,5474
375,5528
368,5545
422,5575
394,5651
159,5687
428,5689
451,5886
356,5905
250,5982
11,6007
297,6014
344,6029
55,6218
86,6235
140,6313
2,6324
208,6359
366,6547
283,6600
114,6640
148,6644
236,6688
184,6878
310,6938
33,6954
213,6974
206,7018
471,7223
212,7268
126,7275
167,7304
25,7351
343,7597
263,7634
493,7643
155,7694
252,7721
179,7973
9,8004
341,8050
146,8064
98,8153
7,8306
219,8410
452,8456
227,8468
345,8648
67,8860
232,8879
389,8993
259,9351
374,9758
314,10175

simblock.block.ProofOfWorkBlock@1005fbb1:57
279,0
487,492
57,693
157,898
373,986
186,1101
202,1188
255,1315
333,1386
7,1395
491,1478
417,1519
107,1588
113,1592
369,1601
95,1604
25,1680
118,1740
478,1794
408,1805
309,1806
264,1828
292,1834
29,1844
415,1876
105,1881
86,1887
18,1942
36,1966
162,2002
154,2010
432,2010
161,2017
127,2035
449,2045
226,2082
94,2083
168,2092
441,2094
439,2098
483,2100
40,2143
151,2151
430,2168
427,2173
281,2199
363,2212
70,2213
420,2216
419,2219
339,2243
459,2247
1,2247
63,2283
422,2286
16,2293
194,2296
44,2296
203,2297
230,2301
443,2304
60,2361
366,2362
248,2366
93,2368
267,2370
453,2371
352,2378
132,2401
153,2403
77,2414
261,2421
477,2432
325,2436
180,2446
27,2448
121,2449
321,2455
253,2460
327,2465
58,2484
28,2490
22,2498
204,2502
357,2502
499,2502
62,2502
92,2503
190,2508
433,2513
318,2514
262,2524
492,2534
165,2535
500,2545
278,2563
450,2566
283,2568
392,2570
282,2572
185,2576
356,2576
399,2580
179,2581
476,2585
304,2589
39,2590
178,2600
412,2618
488,2619
88,2634
347,2638
91,2648
460,2651
471,2652
12,2658
401,2658
231,2668
447,2678
451,2690
8,2697
205,2702
293,2705
393,2706
188,2707
345,2709
250,2710
338,2712
308,2715
61,2716
445,2718
315,2719
388,2720
337,2726
294,2737
144,2739
133,2742
78,2752
329,2752
163,2767
233,2770
266,2772
457,2774
214,2776
213,2778
51,2778
269,2778
184,2779
21,2782
435,2783
402,2784
303,2786
54,2788
216,2792
273,2792
254,2796
344,2796
270,2796
208,2801
84,2801
66,2802
328,2813
414,2820
176,2821
147,2831
464,2851
199,2852
24,2854
100,2855
31,2856
434,2857
343,2860
210,2861
377,2869
206,2872
187,2876
72,2880
324,2896
148,2900
490,2906
274,2908
454,2909
140,2909
164,2913
312,2914
405,2917
135,2921
53,2923
440,2942
307,2945
353,2950
158,2959
411,2961
489,2979
110,2980
143,2981
275,2981
116,2984
448,2985
13,2988
351,2992
287,2994
409,2994
493,2997
413,3001
346,3004
410,3008
19,3011
108,3013
170,3014
468,3017
472,3022
130,3027
89,3033
26,3041
480,3043
316,3054
103,3056
129,3057
123,3059
306,3066
298,3069
384,3071
350,3071
428,3073
3,3077
473,3080
319,3081
496,3082
463,3083
80,3084
323,3094
235,3095
239,3102
200,3103
85,3110
301,3116
196,3116
117,3118
484,3118
425,3119
218,3122
55,3122
469,3126
82,3131
326,3138
277,3139
46,3141
201,3148
33,3149
224,3150
150,3155
494,3160
6,3176
437,3181
368,3187
215,3187
340,3188
305,3198
458,3202
137,3205
83,3207
220,3208
310,3219
332,3220
42,3224
212,3233
114,3237
311,3258
249,3259
272,3260
455,3265
167,3277
128,3280
68,3282
335,3284
59,3287
198,3300
5,3303
120,3305
238,3306
302,3308
237,3312
236,3313
389,3318
482,3324
52,3326
320,3333
75,3333
421,3337
131,3338
32,3347
192,3359
367,3363
362,3380
289,3381
74,3381
65,3383
156,3384
251,3397
20,3398
14,3400
470,3409
87,3410
349,3411
225,3417
361,3421
136,3422
317,3428
109,3434
141,3441
37,3441
48,3444
479,3456
336,3461
64,3461
313,3464
431,3498
4,3498
299,3499
50,3500
175,3502
446,3502
56,3512
386,3521
390,3523
286,3527
475,3532
481,3533
466,3535
229,3541
35,3541
348,3542
300,3543
355,3546
268,3552
102,3553
207,3568
485,3568
126,3573
290,3577
119,3584
159,3595
15,3615
385,3617
240,3620
76,3621
209,3623
160,3624
2,3627
342,3631
195,3639
247,3644
330,3646
444,3662
73,3664
452,3668
23,3678
379,3696
112,3702
169,3703
197,3711
418,3713
182,3713
288,3714
370,3721
211,3733
43,3733
497,3734
426,3738
155,3745
172,3761
228,3780
407,3790
98,3799
241,3816
152,3818
495,3819
257,3830
171,3836
134,3839
424,3846
360,3863
436,3867
191,3869
99,3870
358,3883
189,3887
34,3890
391,3893
461,3900
400,3906
244,3907
49,3934
387,3934
246,3935
406,3941
138,3950
285,3964
462,3968
193,3969
149,3977
11,3981
423,4006
47,4016
376,4018
416,4030
438,4046
331,4060
90,4098
142,4112
124,4136
122,4148
442,4157
234,4190
322,4195
252,4205
243,4208
394,4228
256,4246
276,4258
365,4281
383,4288
498,4292
396,4299
67,4306
183,4323
177,4331
265,4334
30,4364
334,4367
381,4383
378,4385
111,4413
10,4413
284,4443
97,4450
166,4463
139,4483
17,4555
397,4595
295,4610
465,4613
314,4620
296,4625
41,4674
258,4704
242,4716
219,4720
359,4771
71,4811
104,4814
395,4860
398,4870
474,4913
181,4916
404,5019
364,5019
221,5042
271,5056
115,5107
260,5110
81,5152
382,5192
69,5208
263,5224
106,5235
456,5242
354,5263
174,5305
486,5344
467,5401
371,5423
232,5481
429,5508
125,5508
297,5595
245,5675
341,5682
146,5747
9,5827
291,5831
101,5869
173,5970
372,6083
374,6127
280,6196
227,6240
79,6270
222,6516
38,6568
217,6705
96,6831
145,6996
223,7151
259,7446
45,7597

simblock.block.ProofOfWorkBlock@3cc92dc4:58
135,0
164,490
389,694
473,897
127,981
107,1098
312,1184
363,1198
453,1305
346,1390
180,1391
89,1409
190,1470
330,1526
345,1596
84,1605
266,1611
36,1672
458,1676
196,1689
460,1732
16,1774
426,1796
409,1798
493,1806
60,1817
435,1875
21,1883
278,1885
344,1900
200,1902
91,1932
208,1964
204,1976
304,1999
428,2001
332,2012
309,2021
448,2022
177,2050
262,2076
387,2086
168,2088
176,2098
194,2099
212,2105
224,2115
440,2119
261,2142
210,2161
466,2169
61,2169
233,2183
402,2183
286,2202
328,2204
154,2214
64,2225
40,2229
294,2275
95,2288
476,2289
490,2289
337,2289
450,2290
393,2303
377,2303
63,2304
489,2309
430,2311
386,2319
492,2321
358,2338
491,2363
82,2364
277,2365
12,2371
494,2380
70,2380
184,2384
250,2384
167,2385
77,2390
315,2390
153,2396
310,2405
307,2416
303,2431
399,2442
483,2455
267,2467
92,2490
158,2491
478,2493
85,2496
427,2499
22,2500
485,2503
116,2505
356,2506
53,2509
29,2513
214,2514
362,2519
338,2519
321,2520
272,2526
179,2539
132,2545
306,2566
86,2567
226,2581
392,2581
293,2583
39,2584
137,2585
283,2586
18,2588
443,2588
270,2591
287,2592
54,2594
170,2598
216,2599
459,2600
488,2609
462,2613
237,2622
94,2631
417,2637
477,2639
401,2648
350,2654
8,2657
496,2659
128,2660
446,2665
136,2674
449,2678
348,2680
369,2693
13,2695
24,2696
405,2698
157,2700
203,2701
78,2711
351,2712
66,2713
457,2714
368,2716
231,2721
58,2721
471,2726
367,2731
120,2733
206,2768
412,2769
121,2774
343,2779
28,2782
487,2783
236,2784
213,2786
156,2788
366,2789
407,2790
155,2790
410,2793
439,2793
305,2796
340,2796
333,2797
50,2797
110,2798
148,2799
264,2799
25,2800
44,2804
482,2804
62,2811
88,2814
35,2817
149,2834
406,2842
357,2843
325,2851
404,2862
370,2863
239,2866
130,2867
373,2873
51,2877
500,2880
230,2882
302,2886
445,2886
133,2886
178,2900
336,2901
129,2903
352,2904
111,2909
285,2911
72,2914
472,2917
499,2923
103,2924
87,2927
415,2929
425,2934
317,2940
319,2943
3,2943
101,2951
46,2962
48,2969
433,2972
114,2973
59,2973
339,2976
311,2979
55,2985
122,2986
113,2992
447,2993
205,2994
143,2996
365,2997
185,2998
182,2998
413,2999
7,2999
408,3000
248,3000
27,3001
420,3003
454,3005
282,3005
244,3016
201,3020
57,3024
463,3029
215,3030
186,3037
140,3044
83,3048
353,3051
403,3060
323,3071
118,3080
324,3088
73,3093
316,3101
429,3102
437,3104
161,3105
432,3105
11,3116
159,3120
254,3123
255,3125
17,3131
394,3138
441,3142
279,3145
1,3146
273,3149
9,3159
253,3183
93,3186
411,3189
100,3189
308,3192
211,3193
320,3196
275,3201
199,3207
163,3213
175,3215
105,3222
486,3228
19,3232
331,3234
160,3239
421,3240
300,3242
376,3252
251,3271
456,3271
42,3277
419,3284
335,3284
102,3288
241,3289
431,3289
49,3297
4,3298
43,3301
134,3312
326,3313
416,3313
247,3314
6,3318
202,3319
361,3321
269,3326
495,3332
444,3342
349,3344
151,3345
451,3349
497,3355
475,3366
225,3367
470,3370
117,3370
397,3381
162,3390
484,3406
249,3416
52,3417
187,3419
232,3429
258,3430
20,3433
383,3434
220,3444
388,3458
465,3468
23,3477
34,3478
235,3498
147,3506
464,3511
360,3514
14,3524
414,3526
329,3532
56,3533
37,3538
197,3542
347,3543
318,3550
67,3567
229,3574
68,3575
375,3578
257,3596
228,3603
138,3603
166,3605
380,3605
238,3626
355,3629
327,3630
442,3631
126,3633
242,3642
297,3654
382,3654
396,3662
144,3682
341,3682
131,3685
75,3687
398,3688
290,3695
69,3725
372,3726
26,3731
174,3731
195,3737
15,3737
469,3740
217,3760
109,3779
146,3802
280,3817
268,3834
209,3835
438,3840
10,3845
291,3849
384,3860
141,3862
181,3865
265,3877
234,3920
252,3920
354,3929
243,3930
301,3941
96,3944
390,3954
423,3964
76,3977
79,3996
165,4001
80,4002
424,4002
256,4004
284,4010
313,4016
221,4028
171,4034
108,4046
218,4054
296,4062
452,4084
189,4113
31,4120
240,4138
298,4163
400,4164
198,4166
334,4168
359,4169
468,4175
379,4179
38,4194
227,4208
436,4239
385,4260
33,4265
391,4270
342,4293
481,4294
2,4316
106,4322
461,4326
274,4330
90,4331
381,4360
479,4373
172,4427
263,4430
142,4434
292,4478
364,4489
123,4490
112,4491
188,4548
434,4554
152,4555
41,4566
97,4584
30,4597
98,4608
371,4612
5,4637
474,4637
65,4645
150,4681
378,4702
322,4721
422,4752
192,4807
289,4811
193,4854
246,4859
104,4906
222,4907
124,4953
32,4954
314,4989
455,4999
259,5041
288,5065
173,5109
191,5125
219,5129
498,5154
119,5221
45,5254
245,5269
169,5275
139,5421
271,5428
47,5439
74,5536
207,5568
281,5585
223,5612
395,5723
295,5744
418,5758
115,5909
81,5985
374,6035
480,6072
260,6154
145,6413
299,6500
276,6594
183,6902
71,6953
99,7040
125,7482
467,7972

simblock.block.ProofOfWorkBlock@51531e68:58
269,0
403,573
465,811
130,1050
90,1145
361,1299
385,1387
19,1407
228,1544
380,1618
165,1624
479,1657
97,1717
291,1782
52,1859
438,1872
5,1874
362,1899
316,1956
234,1957
215,1979
132,2098
129,2113
101,2115
131,2115
2,2116
257,2140
123,2194
381,2195
117,2196
431,2199
298,2217
398,2230
394,2286
480,2338
46,2351
486,2352
404,2353
251,2353
442,2434
106,2437
134,2442
392,2445
120,2447
384,2450
197,2450
331,2457
29,2474
59,2478
323,2533
136,2533
76,2538
192,2539
468,2577
218,2588
209,2592
446,2594
102,2673
418,2678
93,2682
247,2683
147,2686
421,2688
166,2688
359,2689
159,2694
424,2722
240,2731
150,2734
141,2767
249,2774
188,2776
144,2776
96,2786
454,2807
222,2820
32,2822
347,2827
329,2836
118,2864
415,2868
187,2923
162,2926
65,2928
300,2931
436,2932
109,2935
281,2962
26,2968
309,3003
220,3007
258,3013
272,3014
282,3016
317,3017
488,3018
292,3020
301,3032
330,3044
387,3065
463,3071
18,3107
390,3112
133,3112
355,3127
167,3144
285,3147
226,3151
160,3156
444,3163
327,3163
412,3166
370,3167
495,3172
119,3172
73,3191
417,3200
74,3202
89,3203
462,3205
182,3252
497,3254
202,3258
383,3263
208,3264
244,3266
414,3267
399,3293
397,3301
268,3301
238,3315
128,3337
168,3338
201,3348
487,3348
441,3349
235,3359
44,3363
373,3373
149,3382
191,3387
37,3394
85,3400
6,3406
411,3409
75,3413
47,3421
484,3441
224,3443
358,3443
315,3449
459,3471
366,3483
443,3486
39,3486
379,3493
339,3494
388,3497
405,3503
56,3505
318,3508
469,3512
58,3521
265,3531
425,3532
365,3538
482,3539
273,3550
368,3592
363,3595
155,3597
189,3609
14,3609
198,3622
233,3623
108,3637
416,3646
369,3648
200,3649
87,3654
471,3668
499,3671
447,3673
346,3678
121,3679
205,3682
176,3696
100,3700
279,3703
190,3729
261,3744
112,3752
342,3756
389,3758
393,3772
253,3775
357,3775
126,3776
110,3779
35,3787
474,3806
322,3813
203,3815
386,3817
236,3824
458,3826
476,3828
483,3829
179,3837
308,3840
178,3854
66,3865
340,3869
146,3871
245,3878
382,3885
17,3891
419,3924
113,3925
95,3935
498,3940
407,3943
262,3952
84,3957
455,3971
426,3978
289,3990
107,4000
13,4002
169,4002
460,4009
437,4011
326,4026
321,4034
274,4042
367,4063
183,4082
137,4082
406,4089
60,4094
336,4106
143,4106
430,4109
489,4113
473,4151
239,4153
4,4155
252,4157
12,4159
433,4160
345,4167
196,4172
161,4172
24,4186
31,4198
305,4202
302,4219
55,4225
311,4259
264,4264
217,4278
199,4291
99,4294
61,4302
20,4307
186,4308
125,4322
427,4339
304,4343
72,4343
395,4347
439,4362
449,4372
320,4385
307,4398
375,4414
163,4426
91,4436
70,4440
223,4470
115,4480
445,4487
423,4490
41,4493
62,4496
428,4498
34,4501
485,4503
440,4503
140,4505
267,4511
21,4517
51,4532
496,4536
180,4548
216,4554
23,4567
154,4591
472,4604
103,4634
64,4638
461,4647
127,4673
466,4675
9,4681
69,4689
450,4704
271,4728
207,4730
194,4732
38,4739
227,4753
232,4755
493,4771
324,4773
246,4789
354,4799
286,4826
152,4826
53,4829
310,4832
250,4839
77,4862
214,4866
263,4878
456,4886
156,4887
408,4893
242,4895
295,4906
30,4934
25,4965
153,4971
50,4981
374,4996
350,5005
40,5020
82,5039
43,5052
206,5100
402,5117
284,5131
229,5136
139,5142
303,5156
54,5161
453,5162
260,5165
213,5169
237,5184
45,5185
477,5193
104,5193
287,5197
67,5202
105,5220
420,5225
33,5271
221,5291
68,5300
210,5301
8,5340
290,5342
92,5352
185,5378
211,5434
475,5460
448,5487
356,5494
148,5523
231,5524
435,5555
293,5565
81,5571
173,5591
376,5608
288,5627
57,5677
413,5677
28,5685
434,5689
348,5713
429,5719
16,5767
151,5814
432,5817
283,5825
7,5854
325,5858
219,5868
164,5888
10,5927
79,5970
457,5985
171,5994
195,6037
248,6046
296,6082
297,6082
124,6099
280,6149
333,6164
94,6165
174,6175
332,6185
349,6234
334,6272
371,6330
184,6361
364,6400
212,6429
351,6458
98,6487
335,6488
270,6514
243,6559
138,6583
278,6631
294,6669
319,6761
343,6785
78,6845
3,6876
193,6891
378,6967
341,6986
158,7018
491,7094
170,7106
494,7158
259,7203
337,7423
314,7611
478,7664
338,7700
63,7751
467,7818
142,8255
145,8663

simblock.block.ProofOfWorkBlock@5a6c5c8:58
123,0
380,570
169,810
480,1048
382,1384
179,1385
241,1622
419,1718
342,1863
77,2050
49,2105
497,2367
305,2385
175,2606
453,2726
42,2847
338,3056
47,3085
250,3422
81,3469
386,3755
296,3876
164,4089
428,4424
493,4758
89,5090
137,5423
490,5752
239,6082
36,6418
45,6779
290,7195

simblock.block.ProofOfWorkBlock@7da52ef1:58
74,0
19,576
117,815
394,1058
144,1296
35,1534
102,1777
192,2021
389,2351
124,2680
36,3015
63,3346
295,3746
9,4152
221,4555
322,4983

simblock.block.ProofOfWorkBlock@5abed46d:59
337,0
439,490
356,694
91,897
95,985
328,1098
121,1186
485,1188
156,1299
211,1389
445,1389
399,1394
417,1477
393,1506
184,1590
105,1591
344,1595
70,1601
213,1676
489,1677
320,1687
127,1709
24,1796
476,1797
84,1800
312,1805
338,1805
64,1877
412,1878
451,1885
466,1889
7,1890
22,1904
212,1913
420,1974
137,1999
305,2000
202,2004
157,2006
275,2007
278,2079
307,2079
315,2080
310,2083
287,2085
459,2087
21,2091
487,2092
369,2100
340,2110
343,2115
198,2119
236,2167
279,2177
454,2178
155,2178
180,2198
148,2201
304,2204
72,2206
226,2207
89,2211
282,2282
294,2286
363,2286
460,2287
319,2294
1,2294
53,2296
472,2298
453,2301
408,2301
443,2301
377,2302
427,2318
440,2324
419,2357
450,2369
124,2374
392,2378
261,2379
116,2382
333,2382
449,2382
433,2383
266,2394
190,2400
366,2404
29,2405
78,2409
457,2412
471,2418
396,2423
15,2435
437,2467
311,2487
488,2490
3,2495
484,2495
224,2496
82,2498
107,2500
168,2500
110,2502
413,2502
194,2503
373,2505
167,2507
201,2508
210,2518
230,2519
422,2526
5,2527
455,2527
100,2537
163,2569
435,2571
428,2572
500,2577
88,2577
188,2579
430,2581
161,2581
336,2583
253,2584
160,2584
441,2587
176,2595
250,2596
446,2602
330,2606
54,2608
164,2608
351,2613
136,2615
346,2615
473,2620
303,2662
410,2670
31,2670
255,2671
495,2675
118,2690
85,2693
245,2697
13,2698
339,2701
113,2701
12,2702
40,2703
332,2705
133,2706
308,2708
389,2710
448,2713
66,2716
368,2717
475,2725
491,2728
367,2729
237,2733
200,2738
83,2741
90,2750
458,2772
321,2776
477,2778
62,2778
306,2780
158,2782
432,2782
196,2784
51,2787
27,2788
44,2793
302,2794
16,2798
464,2805
106,2809
199,2810
58,2810
129,2813
490,2813
128,2815
493,2818
379,2821
205,2822
179,2834
281,2844
109,2847
358,2848
119,2857
309,2869
8,2875
348,2875
170,2876
248,2876
63,2876
162,2877
415,2881
154,2888
208,2890
103,2893
355,2899
407,2902
496,2906
214,2907
249,2911
57,2912
345,2914
357,2914
411,2914
233,2918
398,2918
499,2920
274,2927
405,2930
494,2934
416,2946
409,2959
283,2965
325,2973
135,2983
28,2987
324,2989
381,2993
4,2995
267,3001
86,3001
60,3007
492,3010
33,3012
153,3012
478,3015
350,3015
421,3019
380,3021
77,3021
39,3025
206,3028
436,3031
159,3040
326,3044
181,3059
277,3061
497,3068
186,3076
204,3079
216,3083
402,3085
97,3092
462,3092
185,3094
144,3096
93,3105
270,3108
483,3110
469,3111
426,3118
268,3124
126,3126
370,3126
349,3129
388,3130
222,3131
238,3134
285,3137
313,3152
470,3161
442,3163
331,3165
447,3169
327,3170
169,3172
218,3196
239,3197
25,3202
482,3204
264,3209
386,3213
36,3218
74,3222
14,3227
19,3228
401,3229
209,3229
131,3230
431,3231
76,3234
132,3235
362,3240
251,3246
220,3248
56,3250
2,3252
353,3258
140,3278
94,3281
178,3292
80,3298
293,3299
272,3308
231,3311
122,3319
117,3327
187,3336
48,3337
403,3342
390,3347
280,3348
247,3354
112,3359
143,3373
52,3374
172,3381
465,3386
149,3390
203,3403
139,3403
55,3408
384,3409
365,3410
244,3412
20,3414
352,3417
17,3425
414,3432
394,3444
235,3444
87,3445
486,3453
425,3464
23,3480
189,3483
376,3487
429,3489
383,3524
45,3533
342,3549
73,3549
6,3550
391,3556
34,3557
301,3559
424,3566
177,3569
43,3589
134,3599
341,3602
81,3604
18,3605
468,3607
387,3610
400,3613
102,3616
50,3626
262,3633
147,3635
49,3643
269,3656
276,3665
406,3666
456,3667
67,3679
291,3681
317,3687
115,3698
150,3699
182,3704
243,3705
265,3720
240,3726
215,3731
361,3732
130,3749
99,3754
191,3761
141,3767
290,3779
252,3783
242,3787
101,3801
286,3812
375,3827
138,3838
114,3866
227,3872
347,3873
92,3879
480,3887
323,3889
142,3902
314,3923
397,3924
108,3928
111,3932
434,3949
438,3954
41,3979
26,3980
371,3987
123,4004
61,4014
197,4020
234,4025
65,4046
32,4055
38,4071
9,4109
183,4111
120,4117
79,4164
246,4190
225,4204
289,4211
463,4212
11,4246
165,4247
241,4253
360,4266
192,4268
166,4268
193,4295
382,4295
68,4311
37,4342
335,4350
298,4356
151,4368
273,4386
263,4442
395,4456
297,4464
271,4503
329,4520
318,4528
35,4536
404,4561
444,4571
461,4577
292,4583
418,4584
71,4640
316,4689
232,4696
452,4723
498,4729
334,4741
30,4783
260,4787
229,4788
284,4818
254,4838
96,4852
75,4877
175,4886
47,4899
359,4913
374,4975
423,5117
354,5145
385,5152
217,5152
257,5176
288,5213
228,5214
299,5215
59,5217
372,5227
10,5229
146,5264
104,5414
46,5491
300,5542
171,5582
125,5590
152,5594
207,5642
256,5647
223,5675
42,5807
296,5844
479,5859
481,6027
98,6071
378,6082
69,6082
364,6112
258,6124
322,6275
173,6343
259,6473
219,6557
195,6714
174,6934
221,6996
295,7419
474,7854

simblock.block.ProofOfWorkBlock@7598c7a0:60
133,0
459,492
343,702
348,908
186,1006
338,1110
116,1204
406,1208
77,1311
93,1398
337,1411
262,1413
113,1496
85,1599
413,1610
427,1614
234,1628
357,1641
319,1697
307,1698
279,1700
236,1804
450,1806
305,1812
156,1817
188,1848
239,1888
122,1898
460,1900
420,1901
92,1903
26,1942
233,1986
402,2008
293,2012
447,2023
308,2033
399,2050
18,2093
176,2100
28,2101
137,2102
161,2104
366,2116
213,2117
231,2117
422,2135
226,2188
78,2190
487,2191
90,2197
393,2219
499,2230
430,2236
494,2256
140,2295
16,2297
190,2302
155,2302
282,2303
478,2305
205,2306
490,2308
211,2314
44,2319
428,2321
35,2323
91,2328
261,2338
82,2343
79,2371
185,2382
61,2389
184,2392
302,2393
40,2394
433,2399
492,2400
157,2403
333,2421
52,2436
328,2438
250,2438
163,2457
267,2474
179,2496
286,2498
401,2504
214,2504
458,2506
264,2507
419,2509
274,2514
149,2516
224,2516
445,2517
202,2523
283,2524
180,2524
94,2526
278,2527
388,2528
350,2530
3,2539
70,2543
414,2544
408,2583
425,2587
168,2593
345,2593
310,2594
27,2596
135,2596
488,2597
270,2598
8,2602
417,2604
63,2605
369,2606
344,2624
24,2641
143,2642
280,2642
253,2667
76,2678
13,2682
441,2687
21,2699
210,2700
7,2701
466,2704
196,2708
162,2709
368,2714
136,2714
351,2717
287,2718
476,2722
457,2724
39,2727
330,2727
25,2733
491,2733
72,2733
451,2741
55,2748
170,2748
294,2753
14,2754
97,2769
412,2791
410,2796
208,2796
121,2796
12,2799
440,2799
352,2799
407,2800
172,2800
201,2802
178,2806
64,2808
54,2813
321,2822
203,2822
342,2823
454,2825
332,2835
301,2842
60,2843
73,2851
46,2857
158,2869
194,2873
153,2883
84,2890
199,2891
36,2898
437,2902
373,2903
309,2904
74,2906
2,2912
403,2913
449,2917
477,2917
148,2917
108,2918
489,2919
58,2922
346,2929
31,2929
154,2930
105,2931
292,2933
166,2937
336,2939
306,2941
473,2942
1,2945
128,2949
182,2951
62,2951
275,2956
151,2957
144,2959
272,2976
448,2990
432,2997
200,2998
377,2999
320,3000
164,3001
409,3001
485,3008
107,3013
304,3013
129,3014
266,3017
453,3024
53,3024
483,3025
255,3027
130,3030
126,3031
463,3032
29,3041
435,3045
75,3068
405,3077
386,3079
216,3085
389,3088
500,3090
124,3092
102,3093
340,3102
303,3106
235,3109
404,3117
51,3120
484,3121
469,3126
204,3131
387,3136
273,3140
95,3144
471,3146
416,3148
277,3165
222,3177
66,3199
169,3203
103,3215
367,3216
175,3221
131,3225
479,3227
258,3237
455,3238
101,3246
109,3248
472,3249
81,3251
370,3264
444,3265
298,3271
20,3271
68,3275
355,3278
248,3281
88,3281
30,3284
160,3308
209,3315
486,3316
237,3322
493,3323
83,3325
380,3342
22,3342
324,3342
48,3344
443,3346
232,3346
470,3347
165,3349
383,3349
47,3350
325,3350
415,3352
249,3357
381,3360
285,3362
189,3363
452,3364
99,3366
371,3369
438,3370
192,3388
331,3388
104,3389
23,3413
227,3414
281,3420
339,3420
118,3438
384,3438
464,3441
247,3445
106,3447
141,3456
313,3464
426,3465
299,3475
139,3477
57,3483
150,3492
215,3518
86,3526
378,3537
434,3537
167,3538
132,3545
392,3553
241,3554
17,3561
120,3565
117,3566
257,3586
41,3588
326,3589
37,3591
349,3599
198,3615
218,3624
100,3624
411,3629
134,3635
228,3636
207,3653
316,3657
300,3661
114,3665
446,3666
206,3666
110,3679
498,3679
145,3699
269,3703
311,3704
195,3713
480,3752
80,3756
462,3761
87,3761
482,3775
146,3785
290,3845
142,3849
497,3854
363,3869
468,3872
361,3875
398,3876
115,3878
5,3882
268,3903
322,3903
418,3903
431,3931
197,3940
465,3941
379,3943
359,3949
177,3960
240,3971
32,3981
436,3988
360,3995
229,3995
4,4003
315,4009
260,4016
59,4017
481,4019
65,4023
297,4025
112,4082
400,4086
252,4113
496,4115
421,4171
317,4183
34,4184
42,4192
111,4194
265,4197
327,4204
358,4206
159,4218
56,4222
96,4258
245,4267
98,4286
362,4290
495,4292
19,4298
11,4309
187,4333
6,4346
125,4346
395,4377
15,4403
138,4415
271,4434
89,4463
238,4487
69,4488
123,4501
181,4507
251,4511
295,4512
467,4513
429,4520
376,4521
127,4571
347,4578
442,4613
147,4625
221,4649
365,4663
461,4669
391,4694
396,4719
356,4784
288,4815
334,4826
244,4841
173,4862
314,4863
289,4898
242,4918
191,4931
10,4932
390,4942
374,4964
212,4986
33,4994
9,5076
246,5124
38,5146
394,5162
230,5188
219,5229
423,5243
171,5268
397,5311
50,5332
335,5360
296,5361
263,5372
439,5389
456,5394
312,5478
353,5502
475,5590
71,5595
375,5612
49,5626
43,5672
354,5774
276,5801
284,5813
291,5818
193,5843
225,5909
119,5961
341,6102
382,6135
220,6224
256,6242
183,6265
318,6278
243,6286
385,6553
217,6564
372,6598
67,6710
424,6874
223,7012
364,7137
254,7201
45,7457
329,7515
474,7584
323,7837
152,8268
259,8714
174,9157

simblock.block.ProofOfWorkBlock@4b4a784:60
213,0
450,489
457,691
445,895
485,1097
204,1180
406,1301
208,1385
454,1503
315,1587
250,1589
155,1668
236,1704
86,1790
70,1792
409,1869
466,1951
356,1996
162,2000
107,2079
489,2079
185,2152
282,2198
264,2203
392,2281
306,2282
458,2356
60,2405
304,2413
196,2482
88,2488
105,2490
435,2573
66,2608
64,2616
267,2692
337,2701
274,2702
399,2776
393,2809
449,2896
211,2904
84,2907
429,2940
422,2990
262,3097
386,3106
46,3144
225,3224
446,3262
492,3307
97,3315
283,3340
325,3458
31,3508
15,3549
301,3577
240,3631
175,3657
110,3710
347,3773
166,3808
37,3865
220,3892
180,3912
144,3976
289,3993
313,4051
42,4096
90,4190
398,4213
182,4229
48,4289
244,4307
9,4403
151,4462
323,4509
152,4524
132,4529
434,4532
32,4544
326,4621
379,4745
198,4824
341,4839
241,4859
164,4866
68,4964
442,5001
375,5016
242,5048
257,5092
465,5140
109,5173
307,5198
83,5239
23,5309
297,5327
285,5330
334,5402
497,5456
256,5478
370,5483
234,5492
115,5510
368,5529
455,5572
380,5760
243,5814
39,5822
224,5860
372,5893
229,5905
51,5906
79,5907
456,5929
439,6152
367,6195
396,6220
490,6236
335,6336
10,6361
377,6483
201,6544
40,6580
495,6680
364,6764
272,6816
210,6879
500,6912
129,7146
103,7171
260,7198
415,7241
322,7283
287,7488
296,7645
223,7646
414,7667
314,7899
193,8050
194,8159
69,8295
476,8649
419,9157
345,9647
27,10145
286,10642
121,11132
319,11621

simblock.block.ProofOfWorkBlock@1adce79:61
11,0
149,566
455,822
102,1145
39,1151
280,1385
434,1401
333,1482
76,1627
497,1638
308,1640
380,1721
412,1813
387,1857
218,1873
323,1878
429,1960
349,1968
175,1969
226,1971
422,2077
26,2110
191,2117
357,2137
402,2145
58,2173
234,2196
35,2202
436,2205
225,2206
470,2212
303,2278
442,2292
203,2304
94,2340
180,2348
244,2356
157,2375
215,2442
301,2443
3,2443
327,2447
37,2449
111,2454
336,2462
258,2465
406,2478
286,2481
478,2506
130,2530
499,2535
144,2539
141,2540
343,2543
362,2550
483,2566
213,2570
447,2585
210,2630
230,2640
64,2666
113,2673
209,2681
108,2686
451,2686
74,2686
97,2688
424,2691
486,2691
355,2703
36,2715
414,2724
475,2745
123,2768
7,2769
379,2771
205,2771
52,2773
432,2774
443,2775
48,2779
75,2781
177,2783
348,2784
77,2788
150,2797
289,2803
63,2807
155,2832
351,2834
262,2838
413,2847
124,2867
449,2868
31,2869
147,2873
485,2881
190,2886
444,2922
441,2927
358,2927
285,2928
468,2928
359,2930
267,2933
198,2945
472,2947
118,2953
253,2972
460,2975
137,2976
420,2977
453,2978
415,2990
330,3000
132,3013
249,3014
392,3016
313,3017
463,3018
134,3020
158,3020
393,3020
47,3021
90,3022
222,3022
331,3025
100,3028
326,3028
170,3036
2,3037
273,3042
156,3043
476,3045
332,3065
450,3069
367,3070
477,3070
57,3072
270,3078
399,3087
32,3099
184,3110
200,3123
275,3123
140,3131
238,3133
148,3133
196,3136
25,3136
352,3137
248,3158
240,3163
257,3166
381,3166
112,3170
484,3174
70,3178
350,3178
241,3184
401,3184
110,3197
28,3202
427,3203
433,3209
440,3214
255,3226
338,3230
179,3241
24,3249
462,3251
22,3253
388,3258
61,3259
305,3261
6,3261
192,3262
382,3265
160,3267
129,3268
445,3272
84,3277
80,3279
365,3282
66,3283
405,3286
29,3286
117,3293
407,3299
19,3304
78,3323
340,3324
488,3330
269,3340
328,3341
92,3343
109,3345
18,3350
107,3351
201,3352
185,3352
186,3353
315,3353
471,3354
133,3356
163,3356
410,3360
417,3362
492,3365
154,3375
250,3376
494,3383
251,3386
480,3386
345,3395
369,3397
88,3400
385,3406
469,3407
321,3417
277,3427
212,3431
13,3440
220,3446
60,3448
162,3448
87,3451
202,3455
82,3463
459,3464
426,3464
208,3470
408,3476
454,3477
310,3479
294,3492
448,3493
40,3495
279,3495
281,3496
101,3501
298,3501
464,3506
346,3507
83,3508
403,3509
122,3509
245,3509
452,3524
85,3532
295,3533
437,3533
389,3538
368,3542
27,3544
377,3547
272,3553
264,3554
419,3558
8,3561
17,3562
89,3582
168,3585
15,3586
421,3587
127,3591
438,3598
235,3606
167,3606
383,3607
274,3616
44,3617
491,3618
131,3620
135,3630
151,3638
169,3647
247,3651
188,3654
165,3659
411,3665
12,3670
457,3681
164,3682
428,3683
439,3683
366,3683
62,3684
183,3684
299,3684
216,3688
178,3690
187,3691
199,3694
53,3698
161,3698
265,3702
344,3703
33,3709
278,3710
266,3717
120,3721
395,3732
312,3736
195,3738
292,3739
176,3756
42,3762
153,3766
493,3772
373,3780
374,3781
489,3786
386,3795
404,3796
231,3801
254,3803
204,3807
495,3809
236,3824
197,3827
55,3828
143,3836
418,3837
329,3838
456,3852
490,3852
319,3860
481,3864
59,3877
311,3882
416,3888
146,3895
370,3899
4,3903
384,3907
360,3925
293,3931
34,3931
396,3936
314,3941
474,3941
287,3945
30,3950
211,3962
496,3968
425,3970
20,4003
54,4004
181,4007
307,4013
324,4014
306,4015
309,4018
224,4018
361,4018
217,4022
394,4025
121,4030
159,4036
166,4043
96,4045
378,4049
145,4052
71,4057
363,4064
482,4068
115,4069
446,4081
461,4096
104,4096
473,4107
65,4112
233,4132
371,4139
282,4160
239,4163
16,4171
283,4184
67,4185
487,4214
46,4217
91,4225
14,4229
256,4237
291,4250
466,4267
347,4284
93,4292
125,4302
56,4317
430,4343
5,4343
128,4347
43,4347
302,4350
126,4353
391,4357
409,4369
136,4404
398,4404
341,4411
322,4417
50,4423
51,4436
498,4445
139,4471
116,4494
228,4498
23,4501
45,4504
337,4517
214,4531
194,4549
106,4566
320,4568
353,4598
206,4599
390,4632
364,4651
114,4668
260,4678
458,4681
467,4686
284,4711
174,4719
354,4725
317,4729
138,4748
72,4768
172,4772
316,4813
261,4827
500,4850
339,4862
95,4879
73,4883
356,4897
372,4929
68,4932
103,4932
268,4960
49,5045
246,5079
297,5083
252,5084
304,5099
375,5118
271,5126
229,5129
479,5129
219,5151
21,5157
86,5179
79,5200
465,5203
99,5235
259,5258
318,5292
242,5293
69,5326
237,5360
1,5435
397,5450
435,5489
189,5496
152,5523
227,5537
296,5589
431,5619
232,5631
243,5634
142,5661
182,5676
288,5696
376,5765
105,5837
423,5838
400,5900
119,5997
193,6017
41,6039
276,6056
221,6064
342,6087
81,6104
223,6194
38,6243
10,6312
325,6316
300,6407
9,6420
173,6551
263,6598
290,6671
171,6752
98,6839
335,7014
334,7077
207,7181

simblock.block.ProofOfWorkBlock@36261feb:62
415,0
392,499
93,701
266,904
21,989
333,1105
286,1195
368,1199
110,1308
377,1398
419,1400
154,1405
201,1488
77,1596
212,1606
178,1606
348,1607
429,1624
205,1691
236,1691
401,1696
58,1799
315,1804
440,1808
28,1808
402,1824
94,1894
70,1897
164,1898
85,1900
124,1900
414,1900
316,1940
387,2005
239,2009
451,2009
321,2012
27,2026
170,2034
488,2096
393,2099
190,2099
25,2099
484,2101
345,2102
450,2104
203,2104
72,2105
84,2113
303,2184
367,2184
362,2197
302,2197
4,2209
282,2211
63,2214
157,2218
475,2228
470,2257
64,2294
180,2294
426,2298
267,2300
226,2301
89,2301
344,2302
255,2305
487,2308
92,2310
116,2310
453,2312
478,2316
413,2318
182,2350
179,2386
417,2387
264,2388
214,2389
127,2390
210,2393
332,2396
339,2396
91,2399
22,2415
51,2416
447,2422
220,2428
204,2431
202,2445
31,2496
449,2496
140,2499
13,2500
496,2503
153,2504
346,2505
405,2506
399,2507
445,2510
408,2512
192,2512
211,2517
250,2517
410,2518
163,2519
133,2519
477,2520
7,2529
458,2529
128,2534
323,2576
206,2588
422,2589
373,2590
155,2591
12,2591
473,2593
137,2595
158,2595
129,2597
406,2598
443,2599
168,2601
311,2601
135,2604
304,2610
86,2617
37,2629
366,2632
351,2652
495,2666
272,2678
460,2681
492,2701
253,2704
122,2705
61,2707
176,2707
336,2708
279,2709
44,2709
287,2709
262,2712
54,2714
16,2720
62,2720
293,2721
248,2722
230,2722
57,2726
407,2729
39,2731
167,2732
103,2736
479,2738
19,2739
386,2758
159,2765
238,2774
330,2784
95,2790
160,2790
432,2793
320,2794
427,2794
78,2796
113,2798
156,2800
308,2802
457,2803
357,2804
493,2805
8,2807
310,2810
285,2811
435,2815
66,2818
490,2820
200,2821
466,2834
420,2836
497,2837
476,2841
355,2842
469,2850
439,2861
360,2882
448,2884
283,2885
294,2895
107,2902
350,2905
483,2906
312,2909
261,2911
278,2912
185,2917
29,2919
482,2924
454,2925
352,2926
161,2927
196,2928
409,2934
499,2936
369,2936
376,2941
35,2943
40,2944
421,2951
431,2967
389,2967
328,2991
309,2991
500,2995
275,2996
459,2998
472,2998
494,2998
491,3003
171,3005
324,3006
307,3006
53,3011
105,3016
370,3016
365,3017
343,3017
356,3020
55,3025
117,3028
391,3030
148,3030
416,3031
244,3035
305,3039
32,3045
75,3049
132,3052
20,3056
291,3056
273,3058
134,3078
300,3083
207,3096
121,3099
118,3102
489,3104
188,3114
36,3117
425,3121
464,3121
245,3127
149,3127
194,3127
270,3129
100,3131
292,3132
47,3134
90,3137
254,3141
404,3159
438,3159
455,3161
441,3171
428,3176
485,3192
213,3192
231,3198
208,3199
23,3201
3,3204
139,3209
412,3209
24,3210
143,3213
209,3220
319,3221
384,3221
249,3223
383,3225
247,3227
76,3228
433,3231
46,3233
442,3241
6,3241
257,3241
144,3243
136,3243
218,3250
240,3252
298,3258
335,3264
394,3264
452,3278
380,3293
60,3298
480,3304
274,3308
331,3310
216,3320
177,3320
120,3322
363,3329
14,3332
359,3337
119,3341
82,3351
87,3355
382,3364
142,3370
123,3371
73,3372
471,3378
317,3388
41,3393
430,3395
184,3408
1,3415
338,3419
341,3427
59,3432
215,3436
237,3439
411,3440
56,3441
390,3446
108,3447
162,3457
9,3458
256,3463
172,3465
235,3468
381,3474
400,3484
183,3496
229,3498
306,3510
15,3528
18,3532
166,3536
340,3537
358,3537
301,3539
462,3546
258,3547
423,3548
165,3559
26,3559
126,3563
318,3564
349,3569
130,3573
223,3574
224,3579
290,3579
334,3596
265,3601
233,3608
397,3611
234,3621
444,3626
5,3638
354,3644
364,3657
468,3668
378,3676
446,3679
79,3692
104,3696
465,3696
34,3700
138,3700
481,3705
424,3724
88,3725
146,3732
175,3737
337,3748
181,3752
83,3762
329,3762
69,3764
322,3772
102,3792
437,3810
219,3827
498,3846
112,3851
313,3852
150,3854
186,3864
65,3878
289,3879
2,3886
463,3887
174,3888
436,3889
263,3890
326,3894
101,3928
314,3935
486,3939
228,3942
353,3962
243,3964
199,3964
189,3985
418,3987
251,3997
106,4017
241,4058
17,4067
147,4077
461,4106
434,4116
43,4119
347,4126
30,4165
342,4170
48,4171
191,4198
325,4201
280,4204
388,4209
42,4210
125,4222
49,4255
169,4279
222,4279
81,4287
141,4305
361,4313
152,4320
396,4344
217,4363
269,4441
268,4443
68,4485
187,4487
299,4498
33,4518
52,4520
327,4524
225,4525
109,4525
198,4593
111,4627
252,4629
242,4640
11,4675
371,4689
395,4727
71,4733
45,4757
281,4760
96,4772
271,4796
74,4807
114,4833
398,4836
80,4841
403,4843
385,4909
296,4955
115,4973
131,4993
374,5078
97,5123
379,5166
297,5174
99,5181
474,5196
50,5200
375,5247
98,5261
10,5267
288,5271
195,5339
67,5391
221,5422
277,5482
193,5505
259,5580
276,5629
467,5673
260,5696
227,5702
151,5800
232,5857
456,5934
145,6056
197,6117
295,6193
173,6342
372,6546
38,6552
284,6979
246,7411

simblock.block.ProofOfWorkBlock@42dc4c26:63
168,0
137,489
422,690
346,892
439,980
84,1124
70,1184
61,1188
92,1327
213,1387
21,1387
484,1391
304,1471
407,1529
309,1589
488,1595
24,1596
425,1614
344,1672
445,1680
170,1688
450,1731
443,1790
91,1797
406,1798
426,1823
363,1825
95,1874
457,1881
387,1884
485,1884
311,1892
190,1906
113,1934
13,1966
357,1993
116,2002
473,2003
419,2020
262,2024
312,2033
211,2077
386,2080
399,2084
210,2085
212,2089
154,2089
7,2094
319,2099
345,2106
336,2110
476,2143
320,2167
340,2179
448,2189
103,2194
72,2197
180,2206
63,2222
348,2223
28,2227
164,2236
203,2285
121,2287
178,2287
460,2289
440,2292
78,2292
199,2293
294,2293
435,2293
239,2296
136,2305
412,2310
231,2319
414,2320
226,2320
166,2325
230,2367
204,2370
77,2373
282,2376
156,2380
482,2383
110,2388
176,2396
432,2397
478,2401
196,2414
428,2425
148,2425
302,2429
356,2437
186,2447
409,2460
442,2460
124,2490
459,2491
255,2493
337,2494
351,2494
236,2496
401,2496
201,2497
140,2499
1,2500
37,2504
135,2505
490,2508
93,2512
293,2517
475,2520
343,2520
328,2523
261,2535
405,2569
264,2572
315,2577
287,2577
53,2578
266,2584
324,2585
184,2585
483,2589
29,2593
496,2599
127,2599
303,2599
433,2599
57,2604
39,2604
332,2609
19,2624
8,2626
202,2632
130,2635
119,2640
253,2641
64,2641
62,2665
179,2680
160,2681
105,2682
307,2692
31,2693
453,2695
206,2697
106,2700
185,2703
128,2706
489,2711
133,2713
333,2714
163,2718
44,2719
499,2722
129,2726
87,2730
366,2738
402,2738
58,2740
369,2770
208,2778
134,2782
339,2786
451,2787
224,2789
417,2791
54,2799
413,2800
55,2801
36,2801
153,2801
494,2806
487,2809
352,2813
18,2814
214,2814
429,2815
269,2816
149,2822
431,2828
248,2829
270,2843
66,2843
273,2848
123,2854
23,2869
283,2869
94,2869
379,2874
415,2881
85,2894
350,2895
272,2895
205,2897
376,2899
157,2900
241,2902
403,2903
449,2906
427,2908
347,2909
493,2912
416,2913
477,2917
466,2921
306,2923
200,2927
500,2927
389,2932
144,2933
392,2940
161,2945
56,2948
355,2951
59,2957
437,2968
408,2972
491,2983
162,2987
40,2993
27,2995
3,2996
117,2998
305,3005
410,3006
420,3013
286,3014
82,3015
495,3015
441,3016
89,3016
90,3017
447,3026
32,3034
194,3044
368,3045
438,3047
175,3052
492,3067
469,3070
323,3073
88,3074
107,3075
167,3075
5,3078
4,3083
80,3084
471,3085
138,3090
390,3098
330,3107
458,3109
232,3109
326,3112
126,3118
249,3118
102,3120
454,3122
51,3122
472,3125
48,3127
281,3130
278,3133
101,3133
338,3135
65,3138
321,3141
20,3143
237,3143
279,3147
228,3147
235,3155
251,3162
362,3163
158,3170
373,3182
60,3192
310,3196
11,3209
159,3210
275,3211
35,3216
411,3220
75,3221
122,3221
33,3223
267,3224
361,3225
301,3226
238,3229
479,3230
377,3250
397,3258
17,3266
172,3271
169,3276
177,3294
297,3305
50,3305
16,3310
367,3312
470,3323
254,3329
182,3332
370,3335
430,3336
277,3336
118,3340
480,3361
462,3365
353,3368
291,3372
189,3376
141,3391
393,3397
120,3407
349,3408
383,3415
12,3415
308,3422
216,3432
464,3432
222,3433
209,3433
25,3436
240,3437
74,3441
455,3444
317,3451
14,3453
233,3453
192,3455
292,3467
398,3468
444,3472
143,3473
34,3479
465,3480
26,3498
452,3499
229,3501
109,3511
155,3512
47,3527
263,3528
42,3532
147,3535
268,3536
313,3542
446,3543
468,3545
100,3547
187,3548
378,3551
295,3574
382,3581
217,3584
41,3585
111,3608
86,3610
421,3646
198,3652
271,3653
424,3659
146,3667
15,3677
145,3708
45,3710
188,3713
354,3719
395,3725
218,3729
191,3750
244,3751
225,3751
22,3754
331,3760
434,3764
6,3766
215,3772
325,3782
290,3784
183,3790
280,3794
104,3802
250,3812
125,3832
108,3842
329,3850
467,3850
99,3857
327,3863
285,3865
132,3866
436,3874
142,3906
360,3912
274,3914
2,3922
252,3933
193,3958
245,3962
49,3968
131,3974
481,3975
456,3979
418,3993
67,4010
375,4058
358,4067
150,4068
97,4071
365,4072
220,4078
114,4087
289,4118
81,4138
83,4161
497,4165
371,4212
258,4229
385,4237
152,4245
388,4277
300,4282
43,4293
227,4293
68,4294
384,4308
372,4335
243,4377
112,4383
247,4386
197,4387
396,4401
71,4403
391,4415
316,4439
257,4480
79,4499
335,4508
394,4544
341,4570
400,4596
46,4602
404,4623
139,4644
195,4664
256,4705
181,4707
234,4710
9,4723
342,4725
115,4737
318,4754
463,4802
461,4828
96,4859
73,4920
165,4939
299,4939
298,5036
359,5040
52,5071
276,5132
423,5138
486,5175
221,5232
364,5347
151,5357
296,5368
314,5394
98,5465
380,5492
10,5498
334,5561
242,5577
474,5667
76,5671
246,5780
288,5795
381,5811
260,5825
207,5895
171,6009
498,6118
284,6222
265,6238
374,6273
219,6335
322,6547
174,6670
38,6705
69,6746
30,6763
223,6995
259,7152
173,7636

simblock.block.ProofOfWorkBlock@67140f35:63
143,0
338,499
158,700
272,903
328,988
124,1106
351,1189
472,1207
94,1310
366,1394
89,1398
60,1408
184,1480
437,1596
367,1600
435,1623
147,1628
230,1686
25,1763
282,1802
448,1805
363,1826
459,1839
440,1902
473,1939
489,1946
285,1946
53,1967
368,2003
163,2008
133,2028
409,2040
58,2089
345,2112
457,2147
275,2148
188,2168
107,2206
148,2211
394,2216
413,2233
451,2252
431,2260
61,2291
492,2314
29,2354
273,2360
471,2363
454,2370
1,2408
447,2434
87,2455
412,2466
205,2494
200,2518
323,2528
438,2528
161,2560
179,2565
302,2574
470,2575
214,2610
305,2641
55,2665
212,2668
141,2683
442,2695
185,2696
389,2723
337,2771
468,2775
308,2778
97,2788
155,2813
220,2844
206,2846
414,2867
176,2871
222,2878
166,2899
70,2903
258,3001
126,3015
373,3029
480,3041
499,3049
90,3050
309,3073
153,3080
313,3088
131,3104
446,3129
247,3166
33,3194
376,3220
240,3224
365,3254
426,3259
82,3275
358,3278
31,3286
241,3319
27,3358
398,3364
249,3421
144,3445
486,3488
427,3491
150,3492
331,3509
132,3516
43,3520
225,3541
318,3576
75,3592
455,3634
67,3652
83,3684
95,3694
301,3738
281,3754
268,3805
397,3814
352,3822
385,3827
479,3858
498,3875
317,3898
187,3927
15,3949
74,3992
169,3998
330,4024
198,4056
254,4070
146,4094
191,4122
56,4132
181,4143
88,4152
120,4182
151,4213
182,4229
59,4249
228,4301
65,4317
406,4353
372,4366
142,4383
497,4405
347,4472
312,4497
109,4498
123,4528
108,4545
341,4559
292,4567
481,4578
374,4578
117,4636
246,4652
393,4688
475,4801
474,4813
202,4828
229,4854
250,4876
289,4888
252,4944
284,4967
207,4990
307,5023
223,5026
115,5046
173,5063
276,5069
180,5131
488,5158
458,5206
20,5209
125,5257
334,5295
118,5355
193,5372
256,5396
370,5439
466,5460
183,5512
263,5515
269,5523
110,5536
378,5566
232,5758
399,5789
395,5842
139,5860
35,5891
138,5939
221,5951
38,5969
235,6082
186,6122
159,6252
10,6269
371,6310
106,6343
45,6395
113,6460
335,6705
237,6796
46,6851
219,6866
128,6901
403,6952
423,7134
483,7285
298,7391
333,7548
279,7773
353,7824
280,7939
16,8208
294,8262
19,8491
436,8698
84,8766
170,8855
411,9039
387,9255
197,9577
72,9686
494,9754
264,10330
469,10452
356,10976
319,11367
3,11618
44,12264
211,12284
54,12907
93,13203
407,13555
154,14117
265,15104
71,16098
81,17109
98,18136

simblock.block.ProofOfWorkBlock@508d4cfe:64
88,0
206,490
186,692
282,898
267,981
161,1099
478,1185
91,1194
62,1320
420,1387
368,1388
116,1401
212,1476
430,1527
477,1590
475,1593
427,1602
437,1616
330,1677
274,1680
226,1685
459,1728
279,1791
211,1797
319,1803
13,1810
27,1823
8,1879
160,1883
345,1884
393,1887
312,1890
86,1891
264,1930
199,1964
162,1996
262,2004
185,2010
53,2015
306,2019
60,2026
127,2082
63,2083
491,2084
308,2084
92,2092
140,2094
348,2097
409,2108
231,2113
216,2137
194,2168
21,2176
18,2178
309,2178
113,2199
94,2207
248,2212
357,2217
188,2222
277,2224
16,2234
28,2283
460,2284
179,2285
336,2286
156,2287
255,2288
137,2299
307,2300
387,2306
417,2309
158,2310
78,2311
250,2319
270,2326
315,2342
266,2371
432,2373
210,2374
451,2376
457,2377
333,2378
443,2379
135,2381
103,2388
110,2391
93,2410
320,2414
310,2420
57,2423
339,2426
487,2435
12,2466
332,2485
1,2486
499,2487
7,2488
118,2489
204,2490
44,2496
493,2503
413,2504
445,2506
303,2509
203,2510
31,2512
205,2516
382,2516
202,2516
389,2519
472,2523
61,2525
410,2528
403,2547
473,2574
29,2575
471,2576
373,2576
39,2578
148,2581
164,2581
190,2581
129,2582
64,2585
170,2585
448,2590
22,2593
178,2597
419,2612
233,2620
453,2623
311,2629
450,2629
200,2631
254,2642
51,2650
124,2654
285,2659
454,2670
321,2675
155,2678
405,2688
422,2688
412,2692
293,2695
180,2697
107,2701
439,2704
167,2704
343,2707
36,2714
447,2714
433,2716
406,2717
261,2721
294,2721
424,2724
95,2726
128,2727
395,2729
275,2731
278,2753
89,2775
54,2777
224,2778
72,2779
488,2779
386,2779
136,2782
458,2783
328,2785
426,2790
496,2791
431,2792
466,2794
196,2812
201,2816
144,2820
66,2829
5,2831
163,2832
455,2834
184,2840
287,2841
154,2843
85,2857
492,2858
434,2863
415,2864
40,2871
58,2876
208,2877
4,2890
402,2898
298,2903
392,2905
369,2905
143,2908
500,2909
344,2913
120,2914
24,2918
55,2918
47,2919
74,2920
401,2920
449,2921
213,2922
323,2923
304,2925
384,2933
230,2934
355,2950
251,2966
414,2979
363,2979
476,2979
105,2980
100,2981
483,2984
305,2984
84,2985
350,2986
141,2990
168,2991
286,2991
153,2994
479,2998
356,2999
325,3004
83,3008
112,3015
380,3020
485,3021
52,3024
366,3031
317,3033
253,3035
300,3036
235,3039
465,3040
428,3047
331,3052
20,3054
498,3074
273,3077
440,3079
272,3086
111,3109
82,3122
302,3122
122,3122
90,3129
169,3132
121,3132
324,3135
425,3135
301,3138
283,3139
281,3158
398,3160
416,3163
247,3166
227,3166
464,3172
383,3173
252,3177
197,3178
214,3181
340,3181
106,3185
77,3186
482,3189
109,3220
126,3222
289,3222
65,3223
117,3227
166,3230
338,3234
11,3235
446,3235
149,3242
133,3246
14,3251
361,3252
352,3262
175,3264
249,3265
370,3267
378,3284
486,3304
80,3304
354,3304
48,3315
470,3315
108,3320
228,3320
73,3330
489,3331
239,3334
326,3335
399,3339
76,3341
381,3346
9,3353
181,3354
56,3370
176,3383
407,3391
25,3393
377,3413
220,3413
362,3421
260,3426
102,3437
59,3439
435,3440
263,3443
494,3448
444,3457
15,3469
456,3473
244,3477
438,3481
342,3489
379,3493
269,3500
215,3503
99,3508
142,3509
351,3532
462,3535
367,3536
173,3537
177,3537
480,3540
146,3541
157,3541
147,3544
69,3569
131,3578
114,3589
441,3595
183,3600
360,3601
198,3630
347,3635
313,3636
123,3638
236,3643
218,3648
469,3649
316,3657
290,3659
43,3661
23,3671
240,3673
193,3676
241,3677
115,3684
390,3693
256,3699
182,3705
372,3725
237,3727
98,3734
484,3745
337,3746
314,3750
33,3769
442,3784
388,3787
259,3793
327,3793
209,3795
408,3797
87,3799
151,3810
187,3815
6,3819
34,3822
3,3843
19,3856
318,3858
411,3859
26,3893
391,3902
495,3945
490,3948
346,3949
101,3958
165,3965
134,3970
374,3984
97,4027
322,4065
365,4084
243,4086
139,4090
418,4099
429,4109
50,4111
222,4115
276,4121
436,4138
375,4158
70,4165
358,4174
132,4176
245,4214
152,4222
334,4223
452,4251
280,4272
353,4277
35,4281
41,4285
238,4298
295,4307
376,4345
364,4375
49,4400
159,4418
394,4429
396,4452
497,4488
192,4492
271,4497
404,4512
37,4531
195,4545
174,4553
191,4595
75,4597
71,4674
171,4685
242,4704
397,4715
207,4717
474,4733
119,4749
349,4767
288,4802
42,4803
341,4805
359,4830
468,4852
229,4865
234,4918
104,4921
299,4926
481,5025
17,5065
225,5084
46,5130
292,5148
67,5152
68,5162
2,5168
385,5234
189,5239
461,5246
232,5294
172,5356
291,5390
38,5459
258,5477
130,5499
246,5512
421,5551
423,5589
296,5783
329,5794
150,5822
217,5827
268,5865
284,5945
297,5959
371,6022
257,6112
32,6179
125,6228
79,6255
335,6261
96,6433
138,6647
223,6698
463,6750
81,7078
45,7140
221,7179
30,7517
145,7606
400,7956
219,8038
10,8386
467,8536
265,8836

simblock.block.ProofOfWorkBlock@290a0278:65
325,0
301,570
73,808
42,1046
187,1166
35,1320
37,1377
397,1408
48,1621
247,1627
292,1648
402,1650
385,1761
329,1861
52,1868
14,1889
6,1891
251,1948
376,1981
490,1993
244,2067
169,2099
362,2110
317,2135
379,2136
178,2141
222,2188
225,2197
438,2197
215,2218
384,2249
381,2329
414,2333
426,2343
144,2345
218,2364
33,2375
132,2387
153,2400
17,2437
134,2438
446,2442
323,2450
424,2459
26,2466
116,2486
347,2490
198,2494
469,2519
179,2529
196,2545
300,2554
403,2573
268,2601
280,2613
15,2629
488,2637
56,2649
39,2664
228,2683
497,2685
365,2687
463,2688
409,2693
201,2697
421,2701
285,2712
411,2713
464,2715
489,2729
477,2754
404,2763
19,2765
210,2766
434,2767
361,2767
5,2783
57,2799
131,2810
468,2811
95,2821
46,2825
377,2828
205,2839
109,2842
328,2847
298,2851
440,2861
462,2867
345,2888
359,2889
466,2892
336,2899
101,2908
123,2922
83,2923
349,2933
149,2933
238,2933
197,2939
313,2952
273,2956
413,2965
370,2967
86,2977
369,2993
166,3004
358,3004
245,3006
291,3015
192,3016
257,3019
318,3023
267,3030
355,3033
51,3036
363,3037
356,3038
140,3042
202,3046
331,3049
338,3049
47,3059
387,3060
383,3065
119,3072
353,3072
249,3089
302,3095
87,3099
270,3099
416,3108
28,3126
177,3131
449,3133
75,3139
165,3145
64,3153
90,3157
241,3160
418,3164
458,3169
444,3170
496,3176
303,3179
465,3179
130,3181
435,3181
158,3181
65,3184
148,3191
220,3195
80,3208
394,3209
483,3218
315,3223
111,3233
255,3240
97,3243
122,3244
460,3247
108,3249
480,3254
396,3259
456,3264
128,3266
254,3268
18,3276
476,3282
494,3288
408,3291
200,3296
327,3298
77,3304
470,3305
486,3313
133,3316
401,3320
439,3323
120,3328
93,3328
304,3328
436,3344
437,3347
155,3348
129,3348
74,3350
40,3352
199,3354
266,3357
380,3361
160,3363
495,3364
399,3367
392,3372
262,3383
13,3384
455,3386
333,3386
70,3392
410,3395
393,3396
287,3397
269,3398
382,3400
332,3402
92,3403
326,3404
258,3410
240,3411
429,3417
121,3427
431,3428
96,3428
79,3453
261,3462
3,3467
406,3469
4,3475
433,3478
407,3484
235,3487
117,3488
72,3492
278,3495
25,3501
182,3502
227,3506
24,3515
368,3516
307,3526
162,3529
430,3536
316,3538
100,3540
85,3541
209,3543
44,3547
1,3550
76,3552
181,3556
150,3564
143,3573
230,3576
450,3580
49,3587
118,3591
170,3596
432,3596
343,3608
7,3609
107,3612
306,3612
454,3620
342,3623
264,3630
294,3633
203,3634
175,3637
20,3641
457,3657
136,3660
419,3668
103,3674
54,3675
276,3683
22,3684
157,3685
168,3685
415,3690
66,3692
350,3696
352,3702
441,3703
112,3709
388,3712
447,3720
398,3725
124,3725
459,3727
479,3727
50,3728
311,3728
484,3734
214,3741
340,3741
82,3754
321,3771
427,3774
147,3776
253,3779
442,3784
195,3792
233,3792
481,3795
308,3799
248,3803
445,3810
279,3819
125,3819
281,3824
99,3833
12,3834
232,3835
378,3839
21,3846
366,3850
237,3852
167,3852
189,3856
305,3857
500,3871
59,3872
84,3875
275,3877
191,3881
184,3884
61,3894
106,3906
324,3909
289,3926
207,3930
94,3941
194,3942
32,3948
360,3949
154,3953
373,3956
164,3967
277,3976
135,3981
492,3989
23,3989
319,3991
63,4015
68,4021
425,4027
260,4028
8,4029
453,4035
256,4037
443,4051
16,4059
422,4062
412,4067
310,4071
286,4076
374,4080
113,4081
67,4093
473,4095
126,4103
339,4115
115,4117
491,4123
284,4132
309,4144
330,4149
105,4155
27,4163
138,4171
390,4177
91,4184
372,4187
312,4188
246,4201
475,4202
487,4204
156,4207
102,4207
139,4228
53,4230
391,4239
375,4244
271,4264
499,4275
204,4275
428,4285
320,4285
89,4296
224,4307
78,4317
478,4320
185,4323
229,4326
161,4344
127,4362
62,4365
405,4390
31,4395
272,4401
190,4413
11,4418
400,4444
389,4453
141,4491
58,4494
471,4517
351,4521
354,4521
417,4541
208,4548
451,4564
193,4572
110,4604
213,4621
137,4626
231,4637
259,4655
341,4656
36,4656
10,4694
448,4696
461,4700
188,4720
395,4730
159,4734
236,4744
38,4744
152,4761
295,4762
163,4792
221,4798
296,4809
151,4810
180,4823
420,4846
367,4877
265,4879
88,4904
71,4912
252,4934
293,4956
250,4958
176,4991
346,5028
114,5049
183,5050
226,5122
43,5143
288,5156
348,5167
474,5169
334,5172
299,5193
344,5214
217,5218
263,5244
34,5258
335,5284
239,5292
186,5297
485,5325
9,5343
234,5368
493,5451
219,5455
216,5506
172,5547
242,5568
223,5572
452,5574
146,5622
386,5623
145,5625
171,5639
274,5640
283,5654
30,5665
423,5675
2,5695
69,5742
211,5782
357,5839
322,5953
173,5971
45,5980
482,5984
371,6032
29,6113
297,6123
98,6123
55,6181
472,6315
314,6367
81,6375
206,6444
290,6447
282,6520
174,6682
212,6777
104,6779
498,6932
364,7086
60,7120
337,7452
41,7489
243,7847
467,8249
142,8653

simblock.block.ProofOfWorkBlock@5b2d8414:66
233,0
107,489
435,691
202,892
157,981
267,1094
196,1183
135,1183
206,1304
330,1385
16,1388
338,1390
31,1474
84,1506
336,1590
156,1591
204,1592
253,1594
389,1671
402,1672
180,1676
210,1712
450,1793
94,1794
412,1794
82,1797
66,1797
283,1875
161,1876
453,1878
57,1878
60,1889
309,1891
441,1915
12,1964
274,1995
315,1995
312,1996
86,1998
319,2002
437,2012
352,2079
250,2079
409,2082
226,2082
333,2084
211,2085
428,2085
460,2085
305,2091
64,2102
124,2117
448,2163
1,2165
278,2166
230,2170
491,2196
425,2198
128,2204
185,2205
18,2219
368,2280
363,2280
116,2281
457,2285
489,2286
121,2286
29,2287
490,2287
164,2287
214,2288
95,2289
443,2290
133,2293
343,2294
478,2307
102,2312
92,2319
27,2368
266,2369
178,2371
408,2371
201,2374
140,2375
22,2378
483,2380
255,2383
212,2401
168,2401
488,2406
248,2409
39,2413
110,2421
500,2458
310,2481
311,2482
346,2483
392,2487
162,2488
306,2488
8,2489
167,2489
473,2489
264,2489
203,2489
44,2491
93,2494
53,2494
105,2495
466,2500
24,2502
282,2502
472,2506
262,2509
158,2516
231,2524
350,2570
492,2571
89,2571
458,2572
154,2572
13,2572
286,2575
451,2579
224,2579
25,2580
287,2584
422,2584
369,2585
439,2592
304,2606
303,2608
160,2613
427,2613
78,2621
7,2622
40,2623
380,2630
245,2638
54,2655
184,2658
190,2660
272,2670
85,2683
127,2684
373,2685
100,2689
485,2689
148,2690
414,2690
188,2692
279,2692
449,2693
471,2695
176,2695
199,2697
72,2697
35,2698
482,2699
103,2706
239,2708
345,2711
308,2714
143,2716
331,2719
329,2729
236,2730
399,2773
344,2774
200,2775
332,2776
348,2777
62,2777
63,2777
186,2779
454,2780
58,2783
55,2783
208,2784
393,2786
261,2786
351,2788
386,2789
293,2792
356,2809
384,2809
357,2810
88,2814
407,2816
277,2818
417,2822
117,2823
216,2824
419,2824
487,2826
463,2844
484,2856
321,2862
70,2878
294,2884
136,2885
446,2886
430,2887
387,2890
213,2890
339,2893
21,2894
340,2901
476,2901
170,2903
433,2904
155,2906
401,2911
367,2913
438,2915
480,2918
413,2920
134,2932
75,2933
113,2941
436,2945
56,2956
390,2962
130,2974
477,2978
77,2984
475,2986
28,2987
51,2988
324,2989
493,2990
61,2991
420,2991
47,2995
129,3002
379,3004
362,3006
109,3011
194,3011
316,3011
486,3015
275,3016
320,3018
270,3022
244,3025
366,3030
241,3032
131,3033
163,3042
301,3044
429,3056
405,3088
459,3092
383,3092
37,3094
91,3098
169,3103
179,3105
445,3105
90,3110
4,3112
496,3112
42,3117
254,3122
447,3123
361,3128
26,3131
258,3134
177,3135
209,3138
382,3142
149,3172
415,3186
182,3201
137,3206
65,3213
249,3218
302,3223
144,3224
349,3230
370,3230
118,3233
220,3243
377,3244
238,3248
442,3250
80,3258
494,3262
434,3263
106,3265
391,3265
36,3267
3,3272
416,3282
71,3289
440,3293
33,3295
424,3303
398,3303
337,3309
381,3312
108,3314
205,3316
237,3318
455,3319
426,3324
150,3326
228,3330
87,3332
394,3336
191,3344
323,3359
269,3370
263,3384
227,3389
300,3404
289,3409
122,3411
456,3414
431,3416
112,3418
15,3426
197,3439
354,3442
11,3450
147,3455
481,3461
307,3469
299,3478
374,3481
276,3486
20,3487
49,3491
406,3519
74,3525
235,3531
499,3538
14,3547
288,3548
181,3554
76,3562
83,3565
50,3567
234,3580
247,3582
281,3584
119,3609
126,3612
232,3621
327,3626
290,3631
479,3651
9,3653
268,3663
34,3667
198,3676
99,3701
217,3703
48,3705
187,3718
410,3721
174,3726
495,3730
497,3730
468,3736
328,3740
38,3743
23,3767
172,3768
358,3771
166,3785
295,3791
189,3815
229,3818
355,3842
240,3851
146,3867
378,3878
222,3879
73,3880
396,3882
114,3894
291,3899
280,3901
271,3907
432,3924
111,3924
125,3930
325,3934
376,3953
444,3967
246,3978
385,3979
465,3992
469,4033
6,4048
123,4064
341,4080
298,4090
388,4101
153,4127
326,4163
242,4164
5,4170
259,4187
397,4193
17,4194
342,4203
79,4204
59,4218
225,4224
192,4238
159,4257
120,4279
32,4300
139,4330
273,4350
243,4363
318,4380
418,4408
52,4416
452,4423
347,4447
219,4476
215,4507
218,4508
251,4577
145,4595
41,4603
353,4620
67,4634
498,4638
142,4646
364,4662
97,4666
195,4666
151,4699
221,4706
359,4726
464,4744
470,4764
314,4766
96,4824
152,4851
2,4891
256,4904
421,4942
474,4943
165,4992
317,5013
141,5047
313,5059
322,5071
98,5076
183,5084
257,5085
171,5094
43,5097
365,5145
461,5150
115,5251
260,5332
411,5362
423,5372
19,5380
138,5392
46,5402
334,5423
175,5461
395,5463
193,5509
296,5535
132,5677
462,5722
403,5791
68,5806
10,5819
297,5820
252,5831
284,5899
467,5907
223,5958
292,5995
101,6113
69,6207
371,6235
81,6248
207,6260
404,6310
372,6318
335,6331
173,6396
285,6427
400,6676
360,6695
104,6742
375,6918
30,7104
45,7139
265,7552

simblock.block.ProofOfWorkBlock@700f6004:67
457,0
208,493
213,696
66,897
496,985
204,1098
422,1186
167,1188
86,1302
483,1389
84,1390
454,1392
336,1478
162,1504
262,1592
399,1595
199,1595
190,1597
72,1676
440,1683
352,1684
393,1715
179,1792
392,1795
214,1803
185,1805
129,1806
357,1878
160,1879
233,1882
294,1885
489,1885
476,1887
450,1930
226,1971
196,1996
482,1998
253,1999
466,2011
443,2019
369,2080
92,2081
168,2082
377,2083
3,2083
475,2089
212,2089
12,2091
451,2092
56,2131
250,2132
156,2170
248,2175
230,2186
89,2193
93,2199
499,2202
52,2206
337,2208
485,2212
283,2221
267,2272
330,2282
194,2284
184,2284
8,2287
401,2291
493,2292
472,2294
413,2295
24,2298
94,2299
121,2303
39,2314
60,2345
170,2372
202,2377
339,2380
315,2380
261,2383
419,2384
27,2390
200,2393
266,2395
7,2403
311,2411
340,2414
293,2416
460,2417
346,2421
206,2424
406,2432
448,2452
431,2460
107,2476
13,2478
282,2485
304,2487
91,2488
136,2490
63,2491
54,2495
484,2495
275,2497
312,2497
18,2499
274,2501
163,2504
386,2511
70,2515
203,2518
78,2519
90,2520
264,2548
137,2573
210,2573
270,2574
414,2576
211,2577
113,2584
51,2585
428,2585
36,2585
118,2586
57,2587
415,2593
453,2593
16,2596
22,2604
186,2619
427,2623
348,2624
53,2631
236,2637
328,2663
105,2673
449,2683
389,2685
127,2688
333,2688
64,2689
1,2689
319,2691
178,2693
77,2696
305,2699
100,2701
407,2705
439,2706
5,2709
48,2712
420,2718
345,2721
26,2725
316,2733
235,2738
491,2761
412,2767
426,2776
376,2777
307,2777
308,2780
471,2780
500,2786
21,2787
135,2787
58,2789
430,2790
143,2792
344,2792
25,2795
231,2795
103,2797
350,2798
303,2806
286,2806
110,2808
291,2813
310,2825
75,2830
11,2841
435,2842
161,2845
2,2850
150,2859
42,2862
201,2864
157,2872
487,2876
447,2878
88,2882
409,2884
224,2885
425,2890
216,2891
180,2892
188,2892
272,2892
405,2894
459,2895
387,2901
306,2901
361,2901
40,2906
446,2913
488,2914
324,2915
320,2920
478,2920
329,2923
14,2924
455,2924
134,2936
403,2939
245,2945
109,2947
114,2962
239,2965
259,2969
28,2977
123,2982
95,2982
122,2984
85,2990
148,2992
176,2994
124,2996
408,2999
82,3006
402,3008
116,3010
385,3014
480,3014
327,3014
140,3019
119,3019
343,3026
486,3026
269,3039
254,3040
234,3040
458,3043
411,3044
251,3048
130,3051
238,3063
61,3066
398,3075
255,3079
417,3080
279,3081
363,3093
321,3093
351,3096
55,3096
338,3098
155,3099
149,3105
59,3106
332,3107
477,3109
473,3115
292,3118
309,3123
365,3124
436,3129
197,3136
497,3136
133,3144
83,3145
249,3150
237,3164
373,3165
29,3171
302,3179
46,3180
331,3185
437,3193
81,3194
490,3197
368,3209
191,3210
380,3214
416,3215
6,3220
433,3221
108,3224
33,3227
126,3228
492,3229
80,3239
355,3240
468,3244
445,3246
442,3252
418,3260
23,3268
360,3269
128,3270
378,3272
257,3278
356,3294
47,3298
158,3299
20,3300
366,3301
4,3301
410,3309
280,3313
102,3323
138,3325
494,3326
479,3328
379,3330
120,3331
101,3335
317,3338
166,3345
146,3347
299,3351
362,3353
147,3357
225,3358
17,3366
209,3369
287,3371
367,3377
45,3392
189,3395
182,3397
153,3399
195,3410
144,3415
74,3416
228,3421
62,3421
456,3421
268,3422
159,3427
247,3429
87,3429
141,3432
154,3434
181,3447
463,3452
444,3456
297,3463
232,3469
220,3469
347,3502
164,3505
125,3507
31,3510
441,3512
397,3529
424,3531
469,3536
323,3540
421,3545
10,3568
277,3568
227,3571
207,3571
244,3575
19,3597
400,3597
229,3604
296,3608
205,3609
278,3623
390,3631
438,3640
49,3641
34,3659
429,3662
187,3671
117,3680
111,3691
349,3693
50,3699
183,3705
252,3707
354,3723
290,3728
67,3728
175,3729
44,3738
165,3747
169,3750
423,3752
172,3752
131,3754
142,3756
43,3759
391,3762
76,3763
325,3816
359,3820
388,3829
432,3832
263,3836
37,3850
265,3853
15,3857
395,3872
97,3892
260,3897
481,3901
192,3912
132,3941
35,3946
434,3954
370,3965
241,3977
371,3979
281,3986
30,4004
96,4007
298,4010
374,4017
41,4025
106,4057
222,4076
465,4082
104,4097
271,4101
65,4143
342,4157
68,4159
313,4161
9,4161
394,4174
221,4181
173,4190
240,4212
152,4243
464,4256
381,4270
73,4283
171,4287
384,4303
382,4307
301,4331
112,4372
467,4396
358,4401
193,4407
98,4443
258,4459
353,4478
151,4484
288,4511
289,4538
273,4575
341,4597
198,4601
145,4606
335,4625
32,4688
276,4701
38,4718
318,4719
375,4732
452,4747
461,4775
404,4776
470,4797
396,4804
326,4859
219,4876
495,4889
300,4921
139,4940
334,5033
243,5087
462,5116
474,5129
71,5131
215,5132
322,5152
217,5175
285,5204
115,5228
295,5267
256,5288
364,5349
314,5374
218,5436
383,5523
498,5561
372,5617
79,5717
177,5750
246,5785
99,5817
223,6004
242,6148
284,6217
69,6237
174,6261

simblock.block.ProofOfWorkBlock@20116ada:67
477,0
460,495
51,702
366,904
305,986
63,1106
476,1191
466,1193
332,1313
224,1392
369,1394
161,1395
393,1477
405,1518
489,1596
54,1599
310,1602
428,1603
287,1685
186,1722
491,1799
482,1802
303,1804
212,1806
164,1816
60,1885
190,1887
402,1926
414,2005
135,2005
333,2005
490,2009
53,2017
202,2017
155,2089
88,2090
500,2092
387,2193
430,2206
140,2209
321,2211
28,2213
100,2220
101,2224
483,2244
19,2247
357,2290
16,2294
493,2306
420,2307
344,2396
93,2414
250,2416
253,2417
7,2419
304,2421
351,2446
406,2460
338,2493
440,2503
18,2508
180,2509
469,2538
462,2562
27,2589
407,2619
211,2620
348,2621
206,2623
118,2629
72,2652
40,2661
336,2704
84,2716
119,2719
105,2725
437,2791
381,2797
463,2807
380,2814
459,2821
178,2823
266,2824
196,2824
464,2857
261,2858
109,2880
162,2905
154,2917
307,2927
218,2950
470,2983
487,3007
345,3025
262,3027
230,3030
495,3039
468,3047
424,3053
116,3107
127,3119
123,3128
62,3129
370,3132
177,3163
347,3173
225,3175
326,3204
492,3211
248,3227
158,3230
458,3235
323,3266
15,3290
331,3293
80,3305
55,3309
312,3320
453,3333
220,3356
497,3365
329,3376
122,3429
12,3431
447,3436
90,3442
244,3477
421,3487
192,3490
409,3521
404,3527
398,3529
298,3533
240,3552
134,3567
149,3594
385,3606
182,3613
257,3614
2,3622
103,3635
41,3640
106,3642
426,3648
249,3649
76,3673
70,3706
300,3735
74,3745
33,3759
228,3771
383,3774
281,3783
187,3794
444,3794
289,3802
198,3806
388,3808
151,3836
21,3842
215,3844
317,3846
413,3852
117,3855
245,3862
418,3913
75,3941
353,3957
83,3968
191,3991
327,4015
416,4033
339,4046
81,4067
199,4074
11,4074
35,4094
78,4102
120,4118
77,4118
391,4120
376,4123
209,4129
415,4152
237,4154
159,4167
309,4180
314,4186
201,4193
392,4250
46,4257
32,4267
291,4272
68,4272
5,4279
384,4292
131,4308
10,4344
6,4388
44,4408
175,4423
346,4426
216,4431
56,4437
26,4445
166,4445
231,4450
64,4452
141,4470
114,4482
143,4488
207,4503
445,4509
73,4509
246,4525
432,4528
165,4582
306,4592
169,4598
411,4607
422,4653
342,4663
82,4737
319,4755
251,4759
295,4761
156,4763
97,4766
397,4766
379,4767
290,4777
425,4784
390,4785
325,4797
138,4835
124,4841
4,4843
354,4851
179,4859
144,4913
368,4924
481,4935
34,4972
412,4982
417,5001
341,5010
146,5049
283,5067
362,5082
264,5086
355,5087
293,5103
126,5112
31,5115
286,5179
157,5191
71,5206
456,5215
45,5223
322,5248
213,5257
297,5258
50,5265
67,5315
498,5323
395,5371
299,5387
277,5410
352,5431
66,5458
99,5460
284,5472
38,5508
267,5515
145,5517
252,5560
255,5595
229,5601
423,5643
193,5698
268,5727
69,5746
372,5774
243,5781
260,5798
439,5805
223,5823
360,5844
214,5850
256,5884
335,5915
386,5926
104,5957
98,5992
227,6013
42,6045
263,6070
43,6125
448,6180
371,6227
276,6229
221,6250
389,6259
160,6263
208,6299
465,6364
125,6404
152,6420
441,6514
172,6555
427,6594
296,6655
234,6682
467,6716
408,6756
107,6790
239,6845
282,6926
235,6997
174,6998
236,7175
399,7246
85,7281
49,7314
189,7334
183,7486
242,7587
363,7741
288,7992
8,8234

simblock.block.ProofOfWorkBlock@7672668b:67
446,0
181,582
403,820
52,1058
108,1158
5,1388
278,1390
198,1399
234,1627
2,1642
24,1729
94,1729
222,1733
73,1867
269,1880
321,1881
416,1955
469,1971
76,1985
77,2059
167,2061
184,2084
421,2104
385,2122
144,2202
444,2215
277,2222
359,2223
166,2231
18,2285
37,2301
109,2341
90,2373
36,2375
414,2393
389,2399
298,2440
291,2451
486,2453
431,2466
411,2472
119,2477
155,2488
35,2527
214,2536
245,2539
87,2543
258,2555
287,2578
130,2578
251,2610
325,2678
465,2688
111,2693
447,2696
6,2706
420,2728
485,2732
383,2767
281,2775
404,2777
405,2780
379,2781
149,2793
244,2793
289,2795
211,2804
241,2805
26,2806
53,2808
197,2821
165,2852
430,2868
249,2876
362,2916
352,2923
80,2933
228,2936
332,2954
370,2960
492,2986
497,3007
349,3013
398,3017
96,3019
355,3033
365,3033
257,3044
268,3049
294,3061
60,3061
462,3093
54,3111
323,3117
330,3124
29,3124
97,3128
153,3135
231,3145
247,3153
31,3163
361,3178
113,3185
266,3188
436,3190
56,3198
70,3202
235,3255
301,3256
42,3257
479,3261
317,3279
225,3281
92,3298
14,3341
394,3342
339,3342
326,3344
180,3344
101,3349
463,3356
84,3362
159,3365
432,3379
44,3389
218,3391
39,3393
202,3394
169,3394
191,3428
384,3436
199,3443
7,3457
460,3466
274,3482
413,3489
19,3493
484,3508
64,3510
74,3512
162,3515
112,3517
369,3523
107,3550
40,3560
280,3579
20,3583
273,3583
208,3595
473,3598
342,3603
328,3612
61,3627
340,3674
121,3681
65,3685
304,3689
237,3705
412,3717
125,3720
93,3723
201,3724
163,3733
353,3757
448,3764
122,3775
22,3776
95,3787
466,3807
132,3817
438,3820
88,3822
483,3825
450,3826
496,3840
175,3840
393,3842
319,3848
490,3854
154,3863
366,3881
382,3922
386,3927
210,3931
226,3944
146,3944
408,3966
441,3980
348,4018
150,4020
82,4052
15,4059
267,4060
427,4061
387,4065
395,4081
135,4099
27,4100
16,4118
127,4126
271,4137
62,4142
310,4153
78,4156
476,4166
100,4169
419,4173
58,4180
417,4181
392,4182
457,4197
368,4203
475,4226
194,4252
12,4267
137,4273
33,4300
49,4301
1,4302
378,4333
83,4337
453,4352
333,4390
270,4399
458,4430
471,4431
28,4447
256,4456
99,4483
451,4487
481,4489
373,4497
196,4499
248,4499
259,4502
213,4503
188,4512
204,4516
179,4536
311,4542
402,4567
437,4583
172,4602
440,4620
141,4623
357,4632
116,4636
284,4672
399,4685
264,4733
478,4760
216,4767
282,4778
354,4782
221,4796
422,4819
439,4827
158,4830
236,4835
185,4844
345,4846
489,4847
183,4850
178,4866
69,4884
324,4902
491,4920
374,4948
143,4949
329,4952
91,4963
454,4967
55,5097
176,5121
452,5139
343,5152
425,5168
322,5175
233,5176
129,5183
21,5199
195,5236
133,5236
41,5250
400,5254
164,5256
467,5269
295,5283
335,5325
252,5364
498,5380
71,5402
449,5487
67,5501
217,5525
223,5541
43,5543
206,5568
227,5582
288,5584
156,5596
375,5602
296,5665
81,5710
139,5769
388,5786
426,5820
115,5891
315,5907
105,5925
263,5945
371,5949
423,5986
341,6013
10,6073
464,6080
212,6157
314,6172
318,6237
110,6242
435,6256
189,6360
391,6393
30,6417
434,6419
34,6479
356,6486
309,6572
220,6631
177,6687
290,6829
193,6886
250,6929
138,6985
136,7067
428,7269
334,7390
174,7632
232,7725
243,7894
9,8309
336,9020
219,9529

simblock.block.ProofOfWorkBlock@74a97322:68
383,0
20,571
326,809
384,1055
141,1158
416,1296
119,1400
5,1623
270,1626
144,1735
103,1735
300,1865
197,1868
112,1970
381,1975
352,1983
357,2065
238,2107
35,2108
447,2120
382,2213
421,2219
274,2230
264,2318
27,2331
292,2346
497,2347
407,2402
170,2431
166,2440
376,2443
175,2457
59,2459
86,2475
78,2534
385,2549
95,2555
249,2563
331,2584
218,2591
338,2609
303,2632
489,2676
280,2679
362,2680
354,2680
52,2681
131,2687
198,2699
267,2723
302,2734
194,2736
210,2759
101,2787
330,2791
169,2792
85,2812
57,2814
245,2814
410,2820
318,2842
366,2843
275,2877
127,2896
148,2901
455,2916
291,2917
155,2923
49,2923
347,2923
33,2925
315,2928
340,2933
2,2939
351,2960
22,2966
457,3014
236,3014
333,3019
53,3021
225,3022
397,3023
379,3025
289,3026
307,3030
479,3035
146,3040
122,3050
247,3050
211,3052
200,3079
54,3079
413,3101
8,3103
158,3121
316,3122
201,3127
205,3129
448,3133
460,3138
37,3138
206,3145
394,3151
470,3155
399,3164
192,3166
433,3167
325,3169
187,3171
51,3171
484,3173
160,3214
248,3216
28,3226
161,3230
185,3232
401,3246
283,3248
439,3251
84,3252
121,3254
361,3258
429,3259
317,3262
241,3265
387,3266
488,3267
253,3270
134,3273
109,3277
215,3282
153,3283
135,3289
419,3304
133,3304
72,3308
251,3327
128,3331
337,3334
73,3334
24,3345
224,3352
228,3355
120,3359
97,3367
110,3370
494,3371
305,3373
150,3376
129,3386
222,3391
461,3391
272,3391
355,3396
323,3399
15,3408
75,3410
339,3414
311,3415
157,3418
301,3421
107,3429
195,3444
278,3451
487,3453
393,3464
398,3476
454,3481
230,3489
478,3490
11,3492
465,3499
159,3501
308,3503
424,3505
404,3506
363,3507
269,3508
77,3508
63,3509
353,3514
436,3517
25,3518
162,3519
130,3521
434,3525
21,3532
176,3535
17,3560
262,3561
108,3563
469,3564
179,3575
36,3577
191,3579
415,3585
48,3592
106,3592
126,3593
432,3593
471,3595
500,3595
47,3602
499,3605
220,3610
409,3612
113,3622
485,3632
12,3637
396,3637
235,3645
14,3646
476,3647
177,3648
117,3650
442,3653
438,3668
118,3669
395,3673
293,3684
367,3686
154,3688
257,3689
277,3689
46,3691
475,3692
167,3694
60,3709
168,3712
430,3712
178,3715
450,3723
388,3728
66,3728
365,3738
182,3738
237,3744
165,3744
188,3748
13,3760
242,3761
446,3762
279,3764
374,3766
90,3768
492,3781
140,3794
42,3802
61,3810
298,3811
324,3812
124,3823
32,3825
7,3827
313,3832
92,3834
304,3844
71,3855
202,3855
40,3861
414,3865
425,3874
486,3877
254,3882
19,3884
329,3885
83,3889
377,3910
207,3914
1,3915
55,3918
480,3925
199,3925
212,3934
408,3935
327,3936
102,3936
244,3964
23,3975
91,3978
406,3985
181,4006
342,4008
152,4011
208,4019
3,4022
260,4023
96,4028
123,4030
349,4041
100,4047
67,4049
473,4067
6,4070
89,4072
183,4075
445,4075
405,4076
114,4088
496,4092
64,4094
312,4115
62,4116
297,4116
93,4123
474,4127
411,4127
294,4143
375,4145
26,4164
440,4164
87,4172
380,4174
281,4178
233,4196
147,4199
80,4199
356,4217
443,4230
358,4243
203,4256
38,4256
452,4258
287,4267
449,4267
163,4270
111,4281
234,4285
58,4309
56,4309
82,4318
412,4320
468,4321
268,4323
271,4342
79,4343
334,4346
209,4349
344,4353
373,4355
458,4406
50,4407
31,4416
360,4426
426,4427
418,4441
88,4448
256,4458
265,4465
43,4469
98,4472
332,4477
481,4479
463,4479
369,4495
255,4508
290,4508
74,4523
370,4549
472,4549
284,4553
350,4563
240,4587
151,4595
441,4597
239,4599
423,4601
186,4603
216,4638
390,4651
422,4653
171,4685
372,4691
392,4735
173,4749
142,4751
143,4752
16,4783
65,4794
453,4826
149,4827
252,4831
427,4841
345,4854
464,4879
320,4880
258,4909
466,4930
116,4933
39,4933
41,4957
348,4974
346,4984
403,5044
444,5066
482,5067
9,5080
226,5088
490,5116
321,5125
104,5152
231,5157
306,5171
400,5179
417,5193
462,5194
295,5242
223,5249
261,5274
359,5292
335,5336
99,5344
30,5345
467,5357
138,5373
498,5392
336,5396
4,5403
328,5421
136,5486
483,5501
132,5513
221,5520
18,5524
431,5532
137,5605
259,5606
69,5638
286,5726
309,5735
299,5748
29,5757
378,5764
310,5817
285,5834
477,5838
343,5854
180,5862
217,5924
44,5938
76,5973
364,6043
190,6074
125,6119
341,6142
196,6149
391,6154
495,6157
276,6170
213,6171
319,6190
164,6195
459,6269
184,6319
371,6330
273,6471
493,6478
368,6502
402,6520
491,6525
139,6526
322,6551
172,6579
45,6625
451,6649
282,6833
435,6856
94,6857
81,6887
246,6900
314,6930
145,6954
232,6985
229,7029
219,7054
266,7163
204,7188
437,7190
288,7330
243,7431
214,7492
428,7519
296,7591
389,7825
115,7828
156,7856
193,7995
386,8156
105,8194
68,8232
34,8401
70,8496
250,8524
456,8636
420,8827
174,8893
10,9232
263,9637
227,10043
189,10454

simblock.block.ProofOfWorkBlock@6637b38f:69
6,0
301,572
318,817
5,1063
249,1139
15,1305
317,1377
384,1396
198,1542
280,1621
370,1645
112,1715
21,1726
187,1858
161,1881
431,1885
464,1888
150,1958
277,1961
300,1964
445,2062
292,2102
76,2119
462,2131
56,2133
455,2195
97,2197
411,2198
157,2210
132,2216
236,2226
46,2228
120,2349
486,2356
416,2371
51,2371
101,2376
357,2394
149,2434
37,2437
244,2449
381,2454
70,2458
220,2459
151,2459
281,2466
470,2485
365,2527
251,2530
131,2536
199,2539
419,2552
466,2573
16,2577
298,2588
119,2596
403,2611
35,2614
321,2664
429,2679
14,2683
385,2695
355,2698
177,2700
90,2700
285,2701
107,2702
257,2705
383,2709
109,2714
160,2716
3,2723
213,2755
436,2765
353,2767
458,2768
182,2775
497,2777
27,2780
404,2787
376,2789
130,2793
396,2802
352,2823
397,2829
181,2841
342,2858
118,2861
359,2864
201,2868
63,2876
305,2888
29,2904
340,2908
237,2916
254,2919
430,2919
108,2929
47,2938
291,2939
234,2940
347,2944
331,2946
329,2949
111,2951
468,2961
417,2979
487,2983
102,3000
479,3006
191,3014
394,3015
73,3016
141,3023
2,3027
405,3027
388,3034
83,3035
339,3035
192,3037
12,3038
326,3040
134,3059
282,3059
167,3067
273,3068
313,3070
325,3070
294,3071
392,3072
414,3073
274,3078
210,3091
261,3098
80,3099
469,3101
135,3109
382,3110
91,3111
309,3122
500,3123
361,3123
362,3126
344,3155
266,3156
480,3160
59,3171
147,3173
258,3177
268,3182
343,3183
74,3183
186,3185
238,3185
117,3191
446,3193
204,3193
459,3206
483,3209
26,3238
239,3241
116,3247
454,3249
434,3251
494,3260
463,3261
424,3261
323,3262
222,3265
82,3272
336,3274
93,3274
442,3275
407,3275
75,3277
402,3278
327,3280
126,3280
275,3286
42,3291
351,3292
465,3297
154,3303
33,3309
410,3310
438,3312
333,3315
77,3323
24,3336
358,3344
65,3348
349,3354
153,3357
44,3360
159,3361
121,3369
380,3370
54,3373
293,3376
399,3379
123,3383
460,3390
94,3395
216,3404
106,3406
421,3410
228,3411
267,3416
235,3421
49,3424
488,3432
178,3433
269,3436
368,3447
248,3449
66,3451
85,3459
61,3473
366,3476
11,3492
304,3495
165,3501
215,3501
170,3502
379,3506
287,3514
279,3517
88,3518
71,3519
453,3521
425,3524
179,3526
205,3533
87,3537
496,3548
409,3551
444,3552
18,3553
461,3563
72,3568
28,3577
348,3578
175,3594
169,3594
247,3594
441,3595
19,3596
128,3597
345,3597
39,3602
315,3602
95,3609
377,3610
450,3615
420,3616
163,3626
36,3639
146,3640
171,3641
401,3655
8,3657
443,3666
428,3682
226,3685
225,3699
490,3699
363,3704
217,3707
386,3713
264,3718
415,3721
495,3721
57,3722
206,3731
211,3739
155,3741
240,3748
367,3756
40,3764
492,3764
255,3766
113,3770
137,3775
471,3777
17,3778
478,3781
133,3786
207,3788
166,3799
152,3818
306,3821
20,3821
447,3825
4,3833
422,3849
231,3850
84,3850
477,3858
229,3865
104,3866
48,3873
25,3874
209,3876
214,3878
346,3889
432,3900
427,3911
328,3915
127,3915
114,3917
418,3918
200,3921
173,3926
148,3931
320,3932
168,3934
68,3935
303,3935
129,3940
272,3945
412,3945
64,3949
433,3950
245,3955
176,3973
62,3996
189,4014
491,4014
188,4028
58,4036
144,4036
457,4042
195,4044
475,4070
312,4072
232,4076
143,4085
311,4088
55,4096
162,4101
499,4106
310,4109
375,4116
324,4118
270,4118
242,4124
390,4135
140,4137
439,4150
122,4156
53,4179
440,4185
297,4202
316,4208
1,4229
241,4234
203,4247
271,4257
78,4265
233,4265
337,4270
221,4271
332,4275
330,4278
406,4280
485,4306
139,4344
105,4346
476,4366
286,4370
387,4371
334,4401
60,4402
208,4416
350,4417
79,4418
190,4429
22,4444
253,4453
96,4454
138,4485
31,4490
426,4510
398,4522
196,4525
360,4526
452,4526
473,4559
276,4571
103,4588
202,4596
389,4598
283,4640
99,4644
354,4647
290,4680
194,4681
23,4686
372,4690
393,4703
89,4727
373,4735
307,4747
110,4747
448,4759
197,4768
408,4791
115,4838
449,4840
52,4842
484,4860
295,4889
13,4904
7,4929
489,4930
322,4934
67,4945
482,4972
400,4997
180,5010
299,5047
395,5058
338,5066
230,5078
172,5084
32,5089
262,5090
288,5092
30,5111
45,5115
289,5167
451,5169
369,5197
474,5246
223,5287
69,5288
259,5289
185,5302
423,5307
38,5337
164,5341
341,5356
218,5404
193,5408
125,5423
356,5424
265,5437
252,5462
278,5499
34,5500
43,5522
493,5530
10,5604
136,5633
250,5675
481,5686
263,5690
374,5696
246,5700
498,5744
92,5755
378,5816
284,5828
224,5830
50,5841
145,5847
371,5869
467,5924
472,5963
302,6005
260,6033
308,6085
314,6097
335,6099
142,6102
391,6108
212,6160
296,6235
256,6271
227,6274
319,6295
81,6328
435,6347
86,6415
184,6490
174,6656
156,6679
100,6757
183,6760
413,6826
437,7013
364,7060
124,7115
243,7239
158,7448
41,7469
98,7645
456,7854
219,8059
9,8466

simblock.block.ProofOfWorkBlock@dbb1a60:69
336,0
490,503
267,732
432,942
93,998
409,1146
28,1200
274,1223
118,1352
116,1410
204,1429
345,1457
348,1490
226,1556
162,1611
491,1632
158,1645
417,1659
282,1692
92,1733
406,1757
55,1813
160,1836
473,1848
127,1873
86,1897
63,1938
89,1948
261,1960
133,1999
440,2031
412,2041
399,2044
13,2062
190,2076
415,2099
186,2104
185,2128
163,2140
459,2149
214,2153
410,2166
85,2212
426,2222
405,2233
91,2246
206,2253
350,2256
437,2266
239,2303
7,2315
499,2322
373,2332
346,2343
478,2343
366,2354
425,2354
164,2364
8,2368
352,2388
149,2405
450,2416
302,2425
272,2448
443,2457
233,2459
113,2461
392,2508
433,2519
54,2525
293,2526
44,2537
488,2547
304,2547
169,2552
143,2556
414,2556
387,2559
413,2565
157,2568
496,2569
102,2585
179,2611
402,2618
407,2626
194,2637
389,2652
212,2661
333,2663
307,2684
51,2710
24,2717
130,2722
188,2722
266,2726
275,2744
135,2752
161,2759
351,2759
203,2760
176,2766
248,2770
457,2802
435,2802
286,2809
110,2822
309,2827
25,2830
29,2848
492,2860
96,2867
187,2867
154,2870
466,2874
72,2889
355,2901
368,2911
401,2913
70,2928
178,2929
36,2950
298,2957
62,2962
236,2962
328,2964
332,2971
385,2978
21,2978
83,2993
202,3003
253,3006
61,3010
22,3029
262,3030
105,3032
468,3038
444,3038
230,3052
200,3065
312,3071
319,3084
273,3084
213,3091
411,3093
419,3113
472,3114
338,3131
408,3141
430,3151
340,3152
305,3159
311,3165
184,3176
112,3182
205,3182
323,3187
453,3204
211,3212
170,3231
420,3239
429,3250
294,3259
367,3268
84,3272
362,3278
463,3278
95,3292
280,3293
196,3293
144,3294
120,3306
134,3311
306,3318
418,3332
30,3333
318,3351
124,3352
363,3354
240,3355
32,3358
484,3365
428,3378
153,3384
241,3403
342,3408
337,3413
487,3414
251,3435
168,3437
482,3443
445,3461
215,3469
493,3473
396,3476
442,3483
137,3496
166,3499
82,3502
237,3502
400,3525
494,3526
199,3561
486,3566
12,3570
310,3581
57,3583
398,3583
148,3591
209,3595
465,3604
308,3607
37,3609
441,3617
129,3617
376,3619
191,3623
73,3635
20,3639
270,3652
403,3653
121,3665
49,3669
278,3670
33,3674
277,3677
495,3677
460,3697
455,3723
330,3728
446,3752
198,3759
175,3785
264,3785
225,3788
208,3790
434,3793
454,3814
469,3815
159,3817
180,3819
235,3824
498,3838
58,3857
386,3872
222,3881
48,3888
379,3895
65,3898
177,3905
23,3911
281,3917
35,3927
365,3933
192,3938
238,3951
480,3971
167,3974
5,3984
329,3997
289,4013
300,4015
60,4021
258,4037
43,4052
78,4074
271,4082
382,4084
292,4101
252,4102
343,4102
479,4105
217,4105
397,4106
109,4113
80,4115
290,4116
165,4131
325,4132
359,4137
393,4176
74,4183
38,4187
131,4216
245,4216
46,4221
53,4224
41,4254
182,4256
17,4275
31,4281
404,4293
39,4308
195,4309
75,4315
436,4339
221,4340
334,4346
15,4352
481,4368
361,4404
291,4421
106,4430
388,4431
71,4432
141,4449
47,4452
138,4462
139,4486
268,4507
94,4509
10,4536
347,4537
246,4537
254,4540
90,4542
232,4548
452,4568
97,4573
349,4596
421,4610
171,4618
14,4630
391,4644
147,4656
146,4693
68,4705
357,4712
111,4719
56,4740
438,4767
151,4772
81,4778
142,4784
316,4822
295,4853
470,4855
117,4861
249,4862
354,4876
395,4878
67,4880
360,4895
475,4913
301,4915
384,4928
322,4969
11,4973
152,5004
207,5059
390,5091
474,5158
374,5167
218,5169
104,5169
497,5177
299,5196
125,5230
145,5255
297,5269
260,5308
223,5355
296,5358
461,5359
276,5405
341,5432
353,5484
216,5485
284,5490
263,5527
371,5597
193,5598
259,5613
229,5625
467,5686
99,5755
375,5758
288,5791
462,5798
172,5866
243,5891
423,5956
477,5988
257,6119
265,6234
189,6294
456,6384
313,6435
287,6482
69,6930

simblock.block.ProofOfWorkBlock@2182f2a1:70
462,0
117,568
329,808
370,1050
358,1140
35,1288
228,1383
74,1384
15,1533
220,1618
165,1623
418,1626
245,1722
257,1773
379,1857
251,1861
132,1871
83,1882
209,1953
102,1954
191,1964
14,2094
262,2103
177,2110
342,2115
42,2119
320,2191
381,2194
144,2195
111,2201
215,2201
442,2210
222,2290
416,2331
249,2347
323,2349
464,2353
134,2369
411,2429
192,2436
352,2436
403,2440
480,2441
394,2441
292,2445
151,2456
390,2458
479,2469
453,2479
279,2523
380,2526
218,2527
468,2541
495,2546
280,2569
198,2584
436,2589
459,2593
80,2594
281,2615
313,2668
19,2678
106,2680
269,2682
33,2683
470,2686
344,2688
48,2692
109,2694
444,2698
289,2708
277,2717
385,2764
310,2767
349,2768
234,2768
70,2771
273,2772
175,2776
455,2780
147,2782
421,2784
31,2794
325,2810
29,2817
5,2822
240,2833
6,2839
57,2853
398,2857
437,2861
95,2890
301,2917
383,2921
130,2924
440,2926
486,2927
268,2930
300,2931
353,2936
285,2938
3,2944
91,2946
244,2947
469,2957
438,2972
116,2998
312,3002
149,3005
316,3007
286,3009
365,3010
497,3010
460,3010
182,3011
347,3011
124,3012
397,3014
186,3015
90,3017
141,3018
2,3018
187,3022
108,3026
431,3034
129,3041
49,3047
298,3067
166,3070
235,3095
88,3096
336,3096
47,3100
167,3100
155,3100
291,3100
309,3114
168,3115
87,3117
275,3129
429,3138
162,3146
150,3154
181,3158
101,3165
197,3166
56,3168
100,3171
330,3183
169,3185
214,3197
326,3200
97,3201
494,3207
59,3210
201,3211
363,3216
157,3218
304,3219
327,3249
317,3250
131,3252
123,3252
446,3254
126,3254
225,3255
475,3256
250,3257
361,3259
496,3260
384,3261
184,3265
490,3270
52,3274
388,3274
283,3275
1,3284
133,3298
174,3303
449,3306
159,3311
406,3312
465,3313
230,3331
194,3334
404,3334
351,3338
73,3341
63,3344
463,3345
164,3348
28,3348
434,3350
11,3357
206,3359
17,3361
355,3369
287,3370
223,3374
282,3379
179,3392
76,3395
382,3398
237,3406
422,3406
204,3410
205,3418
255,3422
264,3425
54,3428
128,3432
24,3439
78,3441
37,3442
13,3447
450,3448
266,3449
21,3481
458,3483
315,3487
261,3488
424,3489
331,3490
120,3492
20,3494
258,3496
443,3499
387,3499
158,3502
137,3506
7,3508
118,3508
219,3511
81,3512
373,3519
499,3520
405,3526
119,3530
454,3534
484,3537
200,3538
8,3540
143,3544
419,3546
26,3550
447,3551
247,3552
409,3584
500,3587
113,3590
64,3592
410,3592
471,3596
362,3596
170,3597
328,3600
415,3604
338,3606
321,3606
44,3611
386,3614
65,3616
369,3619
491,3623
324,3628
294,3631
359,3638
401,3645
332,3645
210,3663
478,3669
366,3675
417,3678
466,3683
236,3683
226,3690
408,3690
302,3691
473,3699
140,3700
39,3709
196,3715
276,3719
432,3725
203,3730
75,3734
451,3736
82,3738
254,3739
339,3742
105,3743
425,3756
241,3763
178,3769
93,3779
483,3782
307,3784
372,3791
248,3795
435,3811
427,3814
22,3818
239,3820
4,3820
482,3828
340,3831
152,3837
238,3839
190,3840
148,3845
412,3847
476,3848
413,3850
232,3851
139,3855
393,3872
333,3882
368,3882
122,3882
146,3887
259,3893
185,3902
107,3913
85,3918
396,3927
188,3930
457,3932
318,3935
154,3935
267,3940
171,3944
278,3950
367,3951
299,3954
430,3958
46,3966
45,3972
213,3974
212,3993
414,3998
243,4001
433,4006
68,4007
378,4008
136,4014
270,4022
489,4026
94,4028
439,4043
376,4055
199,4069
399,4073
357,4075
477,4093
400,4098
402,4110
407,4116
61,4117
127,4143
202,4151
233,4154
445,4157
441,4162
472,4170
356,4172
110,4174
89,4183
84,4194
428,4213
114,4217
183,4228
306,4242
32,4244
142,4257
420,4263
23,4271
173,4278
391,4286
27,4286
217,4291
96,4292
452,4297
125,4307
229,4322
60,4322
252,4334
374,4340
487,4343
493,4356
18,4358
334,4367
485,4377
260,4392
211,4406
36,4414
79,4430
346,4433
231,4442
156,4458
375,4468
51,4475
50,4476
253,4496
426,4499
492,4499
448,4503
274,4514
207,4522
311,4540
350,4543
112,4559
341,4560
263,4562
392,4575
12,4643
208,4653
461,4664
30,4671
305,4673
43,4683
293,4693
343,4695
272,4719
135,4736
364,4745
58,4749
319,4769
224,4775
160,4789
161,4829
488,4835
303,4852
498,4871
176,4873
66,4880
467,4890
115,4898
145,4964
337,4979
227,4981
163,4989
77,5011
25,5033
345,5033
377,5050
34,5075
216,5096
389,5120
99,5134
371,5150
138,5161
308,5165
71,5187
354,5242
104,5258
9,5282
474,5301
153,5308
16,5348
103,5366
189,5391
180,5431
10,5439
69,5445
265,5482
40,5507
221,5542
256,5567
55,5648
195,5660
246,5673
62,5677
322,5686
348,5763
271,5770
86,5837
41,5842
314,5855
423,5885
172,5947
284,5973
53,6007
395,6054
288,6064
297,6070
38,6096
92,6166
481,6290
72,6344
360,6351
295,6453
67,6469
456,6581
121,6674
242,6693
290,6757
193,6859
98,6884
335,7080
296,7163

simblock.block.ProofOfWorkBlock@77bef99:70
253,0
459,490
387,692
100,893
92,1100
250,1184
489,1301
287,1385
499,1391
283,1504
180,1588
366,1594
28,1598
402,1706
51,1791
483,1795
233,1800
24,1803
18,1915
7,1997
264,2002
426,2012
22,2089
15,2117
162,2124
477,2198
110,2202
121,2223
170,2234
346,2291
93,2298
231,2302
435,2325
484,2404
310,2406
16,2411
254,2439
91,2440
116,2440
157,2495
63,2500
328,2504
210,2506
428,2527
13,2606
408,2613
413,2613
352,2641
302,2641
453,2708
127,2709
202,2711
439,2713
161,2718
440,2729
298,2763
196,2815
85,2818
309,2820
454,2843
368,2853
405,2905
338,2912
278,2913
206,2923
414,2931
185,2937
392,3020
412,3020
39,3025
119,3043
315,3044
168,3057
64,3106
95,3115
476,3115
107,3125
466,3136
103,3142
232,3197
274,3222
178,3239
60,3249
270,3262
164,3320
267,3327
118,3337
327,3342
293,3351
192,3360
141,3424
291,3438
348,3459
407,3472
113,3531
235,3538
430,3540
294,3558
273,3572
211,3635
35,3638
479,3656
447,3662
262,3674
111,3676
441,3732
469,3739
491,3742
311,3761
56,3764
303,3838
463,3858
458,3866
244,3887
84,3938
486,3955
133,3960
307,3963
416,3971
404,4006
340,4052
385,4059
149,4061
230,4073
175,4086
193,4116
124,4140
450,4163
429,4178
361,4202
5,4275
75,4281
181,4291
384,4323
236,4345
112,4369
218,4377
97,4380
144,4394
198,4400
37,4487
280,4525
171,4545
394,4592
102,4597
187,4613
229,4631
421,4641
59,4660
20,4684
323,4695
300,4700
234,4709
292,4723
151,4801
461,4814
32,4852
165,4958
195,4979
106,4980
19,5009
172,5021
126,5024
152,5025
498,5043
215,5047
378,5060
334,5135
191,5169
481,5231
329,5270
418,5274
281,5297
325,5339
10,5439
67,5454
43,5460
104,5476
9,5477
269,5490
467,5550
371,5564
480,5589
159,5657
295,5717
142,5725
367,5779
290,5870
79,5883
227,5906
30,5918
256,5921
33,5973
296,6020
297,6042
173,6061
482,6278
251,6298
45,6320
284,6352
259,6368
372,6390
288,6456
2,6613
205,6774
146,6797
265,6901
11,6929
114,7247
350,7263
69,7387
252,7694
98,8145

simblock.block.ProofOfWorkBlock@59599e6e:70
382,0
141,581
5,819
169,1060
441,1403
230,1746
308,2090
386,2421
393,2752
140,3088
93,3432
205,3761
186,4112
427,4453
146,4814

simblock.block.ProofOfWorkBlock@6003d5d:70
138,0
388,1511
234,2386
240,3259
177,4131
486,5003
130,5883
443,6823
206,7737
63,8650
274,9563
163,10484
29,11398
184,12313
369,13244
420,14158
115,15170

simblock.block.ProofOfWorkBlock@466dec36:71
290,0
174,708
219,1045
172,1384
263,1549
474,1832
316,1848
362,2093
104,2168
456,2177
397,2298
299,2339
385,2418
232,2512
189,2526
125,2532
301,2644
465,2664
192,2669
284,2685
52,2751
259,2872
215,2875
429,2903
463,2925
325,2966
198,2975
249,2995
403,2996
464,3115
41,3121
398,3136
73,3144
380,3191
169,3203
246,3210
317,3218
223,3236
479,3243
468,3249
412,3255
390,3259
423,3291
117,3301
256,3305
421,3341
376,3358
365,3391
20,3417
394,3430
75,3445
228,3446
207,3462
193,3470
6,3475
381,3492
257,3493
349,3495
74,3497
35,3541
486,3549
50,3550
251,3576
109,3585
471,3588
326,3589
182,3652
175,3688
23,3694
272,3698
335,3714
247,3716
298,3718
386,3727
47,3731
291,3734
19,3736
130,3736
396,3740
25,3751
377,3755
102,3760
123,3765
382,3773
42,3783
370,3788
411,3789
330,3791
90,3813
59,3816
446,3823
191,3826
224,3827
83,3829
261,3860
358,3873
48,3874
234,3891
173,3904
245,3911
124,3919
388,3923
355,3930
342,3932
264,3956
292,3959
70,3963
187,3968
254,3984
160,3985
383,3988
498,3989
281,4002
114,4011
49,4011
32,4014
329,4021
285,4027
287,4030
181,4031
112,4039
201,4046
82,4057
197,4063
165,4064
379,4066
240,4067
26,4067
195,4072
305,4075
53,4080
186,4087
128,4094
462,4102
492,4115
416,4121
260,4147
220,4155
139,4161
357,4163
121,4166
66,4167
367,4169
331,4171
461,4177
442,4190
143,4202
320,4204
147,4206
469,4211
156,4214
488,4218
111,4226
495,4227
141,4231
434,4239
480,4240
241,4248
244,4254
21,4254
115,4255
401,4255
61,4257
153,4258
14,4278
262,4281
475,4285
438,4290
185,4291
352,4294
323,4308
17,4309
85,4322
238,4324
199,4335
38,4339
159,4341
243,4355
13,4356
46,4358
319,4362
404,4362
88,4363
436,4374
300,4380
265,4380
366,4387
162,4393
179,4397
110,4397
445,4398
56,4398
218,4408
122,4409
454,4413
276,4415
233,4415
440,4418
99,4439
107,4443
327,4444
457,4445
221,4450
225,4452
348,4458
15,4462
353,4469
399,4479
313,4480
444,4481
280,4490
190,4498
253,4499
205,4540
384,4542
204,4544
273,4544
87,4547
95,4548
483,4548
222,4552
103,4561
248,4573
27,4576
271,4576
250,4579
428,4587
282,4592
92,4594
410,4596
432,4600
77,4612
409,4613
419,4622
393,4622
126,4627
447,4632
283,4636
400,4637
268,4641
336,4644
418,4646
303,4651
131,4652
481,4659
455,4665
94,4684
120,4690
144,4690
101,4693
202,4695
310,4700
255,4701
497,4703
473,4719
132,4720
312,4726
58,4728
4,4733
437,4739
167,4748
140,4749
18,4751
430,4754
452,4763
39,4774
426,4777
33,4793
374,4796
258,4810
150,4810
44,4815
34,4820
5,4821
387,4827
177,4828
304,4830
134,4831
170,4831
152,4851
108,4872
196,4881
275,4882
28,4885
453,4889
302,4891
470,4891
360,4893
321,4908
137,4913
476,4917
431,4919
40,4919
116,4924
155,4925
269,4940
346,4955
344,4967
485,4971
350,4976
146,4978
203,4982
407,5001
424,5006
163,5023
213,5029
86,5038
496,5062
286,5070
54,5082
295,5090
372,5095
402,5113
237,5121
209,5129
69,5129
138,5152
194,5154
242,5163
334,5164
435,5183
293,5218
188,5223
297,5224
229,5234
2,5245
417,5247
318,5250
1,5261
129,5263
487,5269
45,5276
37,5277
24,5282
80,5292
472,5302
458,5306
338,5319
135,5321
351,5322
361,5329
16,5357
343,5368
235,5374
391,5379
288,5383
171,5391
277,5394
64,5395
356,5414
354,5426
149,5459
84,5464
337,5464
296,5498
236,5519
395,5523
98,5539
148,5548
68,5556
10,5571
415,5579
113,5584
460,5593
484,5594
494,5615
81,5630
443,5648
72,5649
477,5672
389,5689
413,5701
364,5710
178,5727
11,5740
230,5764
157,5771
96,5778
97,5786
359,5790
67,5793
441,5794
154,5803
200,5812
489,5816
378,5819
375,5824
79,5831
289,5859
270,5878
217,5902
106,5912
43,5928
332,5933
226,6018
278,6031
31,6058
333,6076
339,6107
161,6132
420,6213
308,6228
252,6250
36,6268
8,6270
306,6272
119,6274
345,6298
414,6308
368,6311
371,6314
65,6331
183,6333
347,6335
322,6336
60,6349
168,6350
451,6363
500,6406
341,6463
71,6489
274,6543
427,6569
212,6681
158,6718
145,6718
314,6741
227,6742
208,6751
324,6760
279,6760
315,6765
9,6771
340,6772
478,6787
127,6800
55,6809
89,6842
166,6872
408,6874
30,6877
499,6903
78,6979
491,7010
100,7058
62,7204
57,7207
311,7254
449,7256
294,7277
210,7285
439,7291
490,7336
29,7342
105,7394
136,7400
151,7419
184,7552
425,7629
482,7678
328,7699
12,7747
214,7748
133,7778
369,7779
405,7787
22,7829
51,7884
76,7966
206,8011
63,8059
459,8190
307,8235
91,8239
180,8267
309,8270
231,8286
450,8318
493,8353
433,8374
164,8613
266,8694
216,8706
176,8725
467,8748
211,8780
363,8813
373,8869
448,8925
142,9164
3,9196
93,9229
406,9306
466,9349
392,9689
7,9795
267,10179

simblock.block.ProofOfWorkBlock@41fe3b42:72
401,0
199,489
110,698
91,912
66,981
293,1131
40,1182
387,1189
148,1336
407,1383
312,1403
86,1406
457,1470
340,1537
454,1585
346,1604
351,1608
121,1624
283,1671
253,1680
278,1690
475,1741
212,1789
78,1807
239,1813
77,1827
500,1829
84,1876
419,1881
287,1883
460,1891
433,1898
363,1902
302,1942
60,1973
443,2012
205,2013
4,2018
103,2028
458,2029
272,2032
53,2078
168,2085
472,2087
39,2094
473,2099
332,2099
116,2105
448,2109
430,2143
427,2171
213,2176
441,2179
412,2183
18,2187
15,2210
484,2214
315,2220
392,2233
262,2233
482,2234
386,2237
408,2279
214,2280
248,2287
306,2291
309,2296
124,2297
206,2301
158,2302
153,2302
488,2303
352,2307
167,2312
333,2320
310,2323
286,2348
304,2378
264,2379
155,2384
305,2386
476,2386
100,2389
294,2391
231,2397
36,2402
12,2420
202,2424
72,2424
499,2436
445,2438
201,2442
162,2447
275,2474
366,2483
8,2492
489,2494
493,2499
13,2500
238,2503
92,2503
350,2504
113,2506
368,2506
357,2507
179,2510
21,2511
261,2514
494,2521
367,2522
170,2525
323,2525
344,2529
377,2549
62,2568
188,2581
233,2582
29,2585
345,2589
224,2590
409,2591
402,2592
118,2593
348,2595
338,2598
19,2599
204,2601
55,2606
105,2615
415,2626
487,2629
417,2637
137,2639
282,2639
160,2640
393,2644
128,2666
216,2668
485,2673
161,2676
478,2680
266,2685
63,2698
466,2701
7,2705
154,2709
157,2709
22,2712
196,2713
492,2714
397,2715
414,2716
178,2720
451,2723
143,2726
127,2727
274,2728
61,2728
177,2734
255,2735
422,2739
200,2745
468,2763
94,2771
57,2778
455,2778
356,2784
413,2784
464,2785
24,2786
477,2791
459,2794
307,2796
328,2796
28,2796
437,2798
343,2798
389,2799
82,2801
324,2803
450,2812
301,2817
58,2823
308,2841
165,2843
54,2846
491,2849
273,2854
369,2856
93,2870
186,2872
496,2878
410,2879
108,2881
320,2884
230,2884
194,2887
176,2889
270,2903
483,2909
406,2910
190,2911
435,2914
114,2914
107,2918
254,2918
129,2921
164,2924
89,2928
330,2930
398,2930
211,2931
120,2932
236,2936
83,2940
423,2940
234,2941
289,2947
203,2950
390,2957
95,2972
360,2985
64,2993
303,2994
185,2998
210,2998
471,2999
290,3006
440,3006
122,3008
331,3009
292,3012
208,3014
269,3019
37,3024
462,3029
495,3029
426,3038
215,3045
469,3050
465,3052
51,3057
336,3072
17,3074
191,3080
136,3082
432,3085
16,3090
453,3095
166,3098
76,3102
373,3109
180,3111
449,3112
362,3113
1,3114
399,3115
354,3115
420,3116
424,3124
313,3131
209,3131
31,3134
245,3139
133,3141
339,3143
436,3146
383,3148
73,3156
394,3160
411,3161
112,3173
381,3174
27,3177
279,3188
249,3197
439,3199
326,3199
447,3201
268,3202
405,3205
428,3210
490,3213
126,3228
192,3230
347,3240
251,3243
452,3245
11,3250
56,3253
49,3256
47,3258
88,3262
131,3262
403,3268
150,3271
225,3277
85,3280
156,3287
25,3297
134,3307
370,3310
456,3315
226,3317
250,3322
277,3323
325,3328
375,3329
144,3337
197,3343
220,3344
300,3345
358,3345
52,3348
79,3351
48,3357
355,3363
106,3366
256,3368
229,3371
421,3372
44,3380
244,3402
311,3404
163,3405
444,3405
135,3409
364,3415
38,3416
276,3416
319,3416
342,3421
182,3424
149,3429
281,3433
198,3433
50,3435
74,3448
14,3449
147,3452
442,3457
380,3458
382,3465
132,3477
335,3485
90,3489
267,3508
142,3522
70,3523
429,3523
388,3524
45,3525
81,3541
119,3543
240,3545
246,3553
379,3559
68,3563
314,3566
247,3569
486,3570
317,3572
365,3584
159,3594
97,3597
130,3597
184,3606
117,3606
23,3610
140,3617
3,3625
30,3632
232,3634
479,3638
34,3661
20,3665
87,3667
284,3674
218,3677
6,3687
217,3690
235,3701
33,3707
376,3721
101,3722
425,3724
75,3725
280,3731
396,3737
5,3742
384,3748
152,3755
123,3772
41,3778
361,3779
65,3792
299,3800
334,3804
321,3808
222,3824
418,3839
171,3862
285,3879
252,3881
431,3884
146,3903
237,3903
297,3903
291,3911
175,3914
260,3915
341,3917
470,3933
337,3938
416,3955
125,3966
195,3979
259,3987
438,3988
169,3992
139,4002
349,4015
374,4020
189,4025
316,4037
102,4046
151,4055
265,4078
353,4088
32,4091
193,4094
241,4106
446,4123
385,4147
26,4155
141,4197
480,4200
391,4206
67,4229
115,4244
42,4253
109,4272
181,4273
322,4290
104,4351
228,4353
395,4361
59,4367
359,4381
481,4421
263,4430
318,4432
298,4470
138,4472
434,4515
400,4515
296,4520
223,4552
71,4565
96,4567
2,4591
187,4598
98,4627
404,4683
243,4692
69,4716
288,4798
174,4864
258,4886
80,4908
327,4912
172,4915
371,4944
10,4947
295,4957
207,4959
111,5002
463,5202
183,5206
242,5226
227,5344
378,5430
497,5518
271,5654
498,5774
257,5833
43,5859
461,6099
46,6148
9,6210
35,6464
99,6547
372,6702
329,6781
173,7035
219,7210
474,7637
145,8065
221,8493
467,9002

simblock.block.ProofOfWorkBlock@9203cca:73
495,0
240,580
209,821
182,1059
365,1149
245,1299
228,1396
268,1397
97,1631
157,1633
215,1639
218,1642
285,1716
358,1870
396,1878
126,1881
269,1965
486,1965
482,1969
33,1971
214,1972
421,2111
257,2118
394,2119
107,2122
56,2204
431,2205
329,2206
277,2211
175,2212
291,2215
317,2288
330,2308
352,2314
264,2326
222,2349
353,2357
468,2363
327,2444
134,2444
101,2448
90,2448
111,2449
429,2451
470,2452
73,2459
63,2460
248,2463
333,2529
130,2535
108,2537
301,2555
131,2595
411,2606
488,2620
135,2620
405,2644
179,2649
311,2665
61,2680
191,2682
119,2682
444,2686
254,2689
74,2690
397,2691
46,2694
249,2695
166,2696
200,2700
149,2703
279,2734
294,2735
465,2779
83,2780
412,2780
141,2782
5,2784
112,2788
438,2791
177,2791
132,2794
198,2794
82,2810
85,2817
204,2825
478,2825
480,2836
275,2867
47,2870
44,2902
52,2920
398,2920
117,2921
42,2924
150,2931
331,2932
17,2933
497,2937
258,2938
57,2938
55,2939
416,2941
26,2943
303,2950
59,2953
312,2956
185,2959
313,2964
307,2975
445,2981
62,3009
230,3011
77,3019
235,3021
418,3021
457,3021
361,3022
192,3022
106,3023
15,3027
64,3027
289,3029
233,3031
147,3031
280,3031
244,3032
273,3032
434,3034
463,3035
325,3035
388,3064
402,3069
8,3077
94,3104
469,3110
386,3112
32,3113
118,3120
473,3120
120,3124
328,3138
127,3140
321,3152
28,3152
404,3161
433,3165
356,3166
65,3167
362,3168
159,3169
87,3171
170,3171
324,3175
342,3175
323,3176
379,3180
462,3185
338,3201
281,3202
377,3213
319,3223
415,3223
261,3230
407,3251
20,3257
144,3260
403,3261
455,3261
1,3261
376,3264
75,3265
151,3266
492,3267
241,3269
336,3270
238,3272
425,3272
300,3274
76,3277
247,3277
169,3281
164,3284
435,3290
86,3290
58,3292
370,3295
211,3295
89,3296
384,3297
95,3301
437,3310
205,3316
409,3326
146,3334
292,3343
91,3343
102,3348
348,3349
369,3350
80,3350
382,3354
168,3355
390,3357
447,3359
224,3360
485,3361
122,3361
320,3361
187,3361
440,3366
491,3366
490,3366
427,3373
13,3383
37,3404
460,3408
19,3414
251,3416
153,3416
494,3416
2,3418
479,3422
96,3423
109,3424
226,3427
322,3440
476,3445
414,3454
406,3471
203,3473
265,3485
123,3494
389,3500
420,3500
208,3500
165,3502
413,3504
154,3507
133,3511
237,3511
162,3512
424,3513
346,3525
14,3526
349,3531
113,3532
196,3536
100,3545
181,3548
35,3569
29,3569
477,3571
137,3576
499,3587
156,3589
103,3590
92,3591
446,3591
393,3596
220,3597
367,3597
194,3600
190,3601
387,3604
72,3607
278,3609
422,3609
308,3611
189,3614
385,3616
213,3622
351,3623
340,3626
22,3628
105,3632
93,3633
128,3644
500,3644
199,3645
201,3645
436,3662
359,3666
442,3666
380,3669
355,3680
158,3688
337,3688
216,3690
176,3693
450,3693
38,3695
458,3698
4,3699
439,3701
401,3706
125,3724
255,3726
464,3730
326,3737
493,3746
9,3748
225,3752
310,3753
391,3753
363,3755
426,3758
299,3759
163,3759
21,3764
31,3771
443,3776
54,3781
316,3793
483,3800
48,3812
282,3817
243,3819
318,3828
10,3829
339,3830
25,3835
293,3836
459,3836
34,3853
466,3862
430,3868
40,3887
142,3893
70,3918
296,3918
360,3921
18,3926
343,3932
184,3935
408,3936
304,3937
347,3938
267,3941
305,3941
143,3964
121,3964
99,3967
375,3969
88,3977
30,3977
180,3981
266,3982
298,3983
69,3990
197,3991
136,3995
114,3997
68,3997
350,3998
276,4014
471,4019
79,4022
27,4024
309,4024
472,4026
110,4034
474,4037
252,4048
234,4052
383,4057
140,4076
53,4086
212,4090
84,4090
378,4103
335,4128
174,4133
467,4154
217,4155
145,4157
345,4162
453,4167
357,4168
417,4179
475,4200
23,4256
129,4259
178,4261
283,4267
3,4268
448,4273
373,4274
368,4276
381,4283
45,4294
6,4296
66,4299
49,4300
498,4302
253,4307
428,4307
371,4322
496,4325
451,4352
12,4353
354,4357
272,4370
271,4394
148,4408
104,4414
419,4417
239,4419
139,4426
207,4428
98,4481
246,4491
39,4495
274,4499
284,4499
124,4500
210,4509
186,4541
484,4588
24,4593
116,4602
51,4602
262,4606
449,4607
11,4615
287,4644
334,4675
138,4704
456,4706
364,4713
173,4729
219,4732
270,4740
441,4756
395,4756
67,4762
231,4825
206,4831
202,4838
399,4873
489,4920
410,4936
286,4936
36,4941
432,4973
423,5001
172,5047
332,5069
487,5093
314,5113
171,5133
193,5146
315,5155
260,5160
195,5168
236,5170
7,5179
188,5251
60,5271
115,5272
288,5345
229,5378
78,5398
481,5405
161,5426
43,5477
160,5490
155,5500
400,5582
392,5586
41,5588
461,5594
454,5611
167,5727
242,5753
71,5784
227,5788
302,5821
344,5838
50,5912
223,5945
183,6008
256,6031
16,6058
81,6156
306,6156
366,6175
152,6192
263,6354
250,6401
452,6411
372,6521
295,6551
232,6578
221,6760
259,6777
290,6955
297,7011
374,7186
341,7366

simblock.block.ProofOfWorkBlock@6029c257:73
21,0
346,489
226,711
261,914
168,983
190,1124
196,1184
113,1217
321,1330
91,1385
124,1403
333,1418
137,1479
392,1537
180,1586
357,1605
399,1619
208,1636
250,1677
476,1694
264,1708
366,1739
450,1796
417,1808
13,1821
492,1824
12,1840
283,1883
350,1894
84,1898
186,1914
236,1942
24,1970
473,2000
332,2010
377,2028
405,2028
484,2041
164,2081
435,2093
170,2094
422,2099
143,2099
1,2110
443,2126
385,2136
457,2145
201,2162
310,2166
116,2175
460,2194
488,2205
447,2211
27,2230
202,2230
287,2240
432,2251
22,2286
402,2295
92,2303
348,2304
430,2305
163,2313
3,2315
61,2332
199,2332
483,2349
95,2363
336,2365
63,2369
439,2381
66,2383
356,2392
136,2397
352,2398
162,2405
29,2414
140,2431
93,2431
339,2439
36,2444
166,2452
275,2452
426,2464
315,2487
363,2496
72,2502
406,2503
407,2506
309,2515
451,2520
462,2521
420,2523
233,2534
500,2538
496,2551
351,2565
70,2568
154,2575
94,2593
253,2595
156,2598
179,2599
88,2607
129,2621
203,2627
437,2632
194,2633
286,2636
245,2637
369,2641
266,2646
413,2653
86,2667
344,2668
262,2689
169,2695
204,2698
345,2703
419,2717
110,2720
213,2721
410,2726
279,2727
155,2731
205,2731
176,2741
167,2753
459,2769
120,2772
343,2782
440,2800
338,2804
478,2817
312,2822
442,2822
77,2833
87,2837
477,2844
278,2847
178,2850
394,2854
127,2856
122,2868
200,2871
214,2886
52,2887
387,2891
177,2912
17,2915
53,2917
58,2918
184,2923
487,2926
39,2927
57,2934
401,2936
433,2943
359,2971
485,2982
62,2985
427,2992
239,3004
25,3009
59,3011
272,3014
11,3019
161,3020
294,3026
303,3034
65,3045
100,3046
44,3049
415,3052
466,3062
189,3066
376,3070
319,3072
220,3074
493,3081
444,3083
130,3092
7,3120
85,3126
40,3129
390,3136
408,3136
78,3137
14,3145
306,3151
438,3154
320,3166
456,3172
293,3178
211,3184
403,3190
210,3197
5,3207
316,3209
454,3210
19,3216
445,3224
31,3227
37,3237
117,3240
160,3242
301,3244
311,3252
103,3252
475,3256
305,3266
118,3280
109,3282
274,3283
114,3293
112,3312
411,3318
158,3321
453,3327
138,3330
330,3332
384,3335
147,3337
270,3340
291,3349
448,3353
425,3357
144,3363
83,3367
282,3383
131,3387
386,3387
90,3398
297,3401
149,3404
308,3406
191,3406
373,3424
111,3439
81,3442
304,3456
134,3463
80,3468
300,3470
489,3494
464,3500
51,3513
486,3524
412,3524
280,3527
355,3530
18,3534
192,3541
32,3546
370,3555
323,3562
206,3570
381,3571
197,3571
15,3584
123,3585
107,3589
358,3594
436,3600
494,3607
396,3608
482,3623
79,3629
185,3629
258,3651
240,3651
64,3659
302,3662
429,3663
108,3665
152,3669
33,3672
237,3682
365,3683
490,3696
472,3701
60,3714
222,3716
495,3722
431,3724
267,3730
491,3731
400,3753
165,3759
146,3766
157,3772
375,3815
55,3825
75,3832
153,3833
43,3839
76,3842
101,3858
428,3870
171,3871
424,3877
119,3878
198,3880
341,3881
347,3885
269,3886
263,3896
479,3901
54,3904
241,3907
229,3909
181,3914
16,3915
340,3942
67,3951
372,3960
337,3973
470,3977
374,3981
326,3984
244,3993
298,3996
151,4000
441,4029
307,4034
498,4035
20,4038
38,4046
313,4052
232,4063
212,4086
378,4089
242,4124
314,4155
41,4157
289,4161
175,4177
104,4186
106,4194
249,4195
421,4196
281,4202
182,4224
480,4226
6,4235
69,4240
449,4244
335,4246
371,4267
139,4268
497,4291
285,4299
195,4302
295,4302
150,4311
50,4312
353,4321
193,4325
215,4332
271,4337
98,4347
56,4352
74,4381
172,4388
379,4407
360,4411
368,4426
467,4448
23,4448
322,4462
318,4478
380,4493
238,4517
102,4523
218,4541
288,4583
463,4606
256,4626
327,4644
217,4650
68,4655
227,4669
299,4683
434,4696
481,4699
235,4723
389,4736
273,4754
354,4755
423,4764
71,4767
207,4776
9,4779
183,4799
398,4802
397,4811
446,4883
223,4913
414,4917
46,4922
121,4938
452,4948
276,4952
455,4967
284,5022
97,5026
174,5033
234,5042
334,5057
141,5069
391,5129
243,5137
115,5144
30,5211
10,5234
96,5239
382,5284
342,5342
277,5358
469,5388
255,5469
159,5474
246,5484
99,5487
292,5494
257,5567
268,5657
260,5663
362,5672
45,5728
265,5851
173,5872
35,5888
89,5970
187,5978
49,5988
329,6205
465,6304
259,6424
42,6520
145,6954
219,7385
221,7813
474,8240

simblock.block.ProofOfWorkBlock@5bdcce86:74
65,0
388,573
87,812
268,1049
151,1146
5,1305
147,1387
470,1390
42,1624
468,1626
75,1629
459,1635
411,1716
444,1865
469,1870
370,1875
220,1954
266,1960
215,1960
442,1964
458,1966
277,2105
359,2129
188,2133
17,2196
349,2200
109,2200
177,2201
385,2201
346,2203
404,2285
490,2295
61,2297
433,2301
158,2335
486,2347
382,2368
191,2433
218,2434
497,2441
394,2441
32,2443
198,2444
144,2446
386,2449
312,2464
251,2466
19,2529
317,2532
380,2533
494,2547
146,2559
327,2590
56,2606
309,2629
435,2633
122,2634
319,2643
154,2653
101,2672
213,2672
134,2679
112,2680
244,2681
325,2683
83,2689
473,2693
249,2702
436,2704
197,2710
133,2749
247,2765
342,2768
2,2769
102,2771
257,2771
187,2771
393,2777
237,2783
116,2785
113,2791
86,2792
377,2805
351,2829
472,2832
240,2833
22,2857
361,2860
6,2861
402,2876
168,2878
450,2894
130,2909
300,2918
48,2921
464,2922
353,2938
281,2938
340,2939
141,2939
298,2950
262,2953
363,2955
475,2965
400,2968
53,2974
31,2983
93,2988
137,2993
36,2995
379,3010
347,3011
181,3012
149,3012
52,3013
358,3014
175,3015
463,3017
234,3020
120,3020
414,3033
199,3034
111,3041
117,3043
7,3045
321,3065
431,3073
275,3082
196,3097
267,3097
123,3104
301,3104
465,3104
373,3108
166,3109
403,3117
44,3118
387,3125
485,3136
24,3139
285,3146
8,3148
255,3153
448,3156
233,3157
445,3162
329,3162
163,3164
273,3167
106,3168
26,3177
289,3186
328,3187
150,3195
248,3196
462,3198
110,3201
170,3207
85,3214
409,3224
480,3248
222,3249
129,3250
82,3251
192,3251
460,3253
73,3253
331,3254
74,3258
316,3259
76,3264
205,3268
35,3279
479,3282
294,3285
179,3287
396,3292
392,3296
77,3301
441,3302
21,3303
184,3307
136,3316
419,3319
203,3327
45,3341
315,3344
264,3352
185,3352
466,3352
484,3356
384,3361
261,3362
424,3362
454,3363
16,3363
407,3372
153,3377
47,3385
169,3404
57,3412
140,3413
155,3414
108,3417
495,3418
476,3427
132,3437
107,3438
492,3440
143,3443
283,3448
447,3452
162,3454
332,3460
355,3463
430,3467
337,3468
235,3475
12,3478
254,3479
258,3483
291,3493
313,3493
376,3496
225,3497
410,3498
352,3498
488,3506
212,3506
131,3508
418,3516
135,3517
37,3520
40,3525
78,3531
499,3549
72,3571
443,3577
415,3582
478,3582
230,3584
434,3585
482,3590
446,3590
94,3595
308,3597
90,3597
413,3606
369,3613
88,3613
210,3613
128,3616
416,3616
238,3620
356,3622
290,3623
126,3627
165,3634
483,3635
279,3644
96,3646
200,3674
477,3677
157,3681
425,3695
176,3699
201,3703
178,3703
11,3705
401,3706
127,3707
148,3715
440,3719
252,3734
471,3739
97,3741
138,3745
14,3745
209,3746
412,3753
344,3755
378,3763
306,3765
159,3768
422,3769
481,3772
406,3775
269,3777
303,3779
92,3779
299,3780
167,3783
46,3783
280,3794
272,3798
241,3798
195,3811
186,3815
100,3826
438,3834
190,3839
451,3849
429,3851
152,3851
207,3854
3,3867
4,3870
1,3883
13,3895
282,3919
64,3919
63,3923
345,3924
324,3928
350,3928
336,3930
421,3930
60,3933
449,3935
229,3942
105,3946
383,3950
320,3954
171,3957
500,3969
89,3976
398,3976
84,3978
182,3978
228,3991
114,4022
246,4022
311,4025
333,4025
103,4037
28,4037
270,4045
99,4064
91,4079
432,4086
208,4086
390,4087
20,4095
339,4103
104,4105
297,4111
362,4119
15,4122
224,4128
307,4132
173,4133
287,4136
183,4148
381,4167
260,4168
51,4169
399,4244
121,4248
245,4250
18,4259
305,4260
278,4264
81,4266
256,4267
493,4267
310,4270
68,4274
164,4277
304,4305
368,4308
259,4311
161,4322
372,4330
389,4331
66,4354
54,4366
70,4369
62,4375
219,4381
391,4383
323,4403
420,4409
59,4411
427,4416
124,4424
405,4446
439,4472
118,4485
455,4486
286,4499
375,4504
67,4552
160,4578
204,4590
226,4601
343,4603
491,4624
354,4627
223,4628
417,4635
216,4637
326,4647
253,4649
239,4658
263,4678
334,4683
58,4702
55,4708
292,4730
457,4744
366,4757
115,4777
374,4783
330,4819
214,4831
456,4838
69,4871
360,4909
211,4932
395,4937
231,4942
156,4954
98,4957
80,4967
348,4968
49,4972
474,4989
426,4991
265,4992
125,4993
41,5002
242,5032
489,5038
453,5046
39,5074
452,5085
206,5086
276,5114
27,5157
217,5193
29,5263
423,5267
314,5276
33,5288
437,5292
274,5307
9,5315
487,5321
43,5362
139,5369
293,5379
38,5396
23,5398
189,5400
496,5404
288,5404
296,5409
428,5421
10,5435
95,5491
341,5491
371,5597
397,5609
250,5631
338,5646
202,5653
243,5661
408,5709
322,5719
25,5750
284,5767
50,5802
221,5803
172,5804
34,5809
193,5814
295,5890
335,5897
318,5932
194,5968
367,5976
71,6018
467,6064
236,6081
79,6112
145,6209
30,6220
271,6238
119,6248
142,6301
461,6333
357,6416
365,6564
302,6645
498,6706
227,6820
364,6992
174,7002
232,7226

simblock.block.ProofOfWorkBlock@69e30ec5:74
146,0
98,839
43,1290
322,1616
115,1805
145,1958
38,2295
238,2352
242,2413
187,2417
217,2735
400,2753
388,2770
223,2807
325,2867
209,2900
50,3071
232,3072
271,3095
378,3200
198,3219
181,3317
394,3363
383,3442
102,3520
9,3520
397,3525
276,3537
108,3550
191,3677
11,3771
263,3849
314,3860
79,3888
249,3910
469,3969
149,3973
411,3980
268,3986
361,3993
381,4004
362,4126
423,4187
456,4203
341,4228
63,4262
114,4423
285,4423
385,4434
358,4446
119,4456
2,4492
382,4527
172,4531
139,4566
438,4576
65,4652
68,4674
121,4760
421,4874
101,4884
218,4897
137,4924
74,4950
372,4987
288,5012
390,5016
257,5028
87,5069
331,5103
463,5133
343,5250
141,5325
375,5347
275,5376
56,5402
124,5426
396,5436
76,5476
14,5486
26,5553
468,5583
457,5656
489,5710
210,5746
244,5775
80,5797
442,5852
401,5882
147,5895
389,5920
111,5942
302,5974
317,6036
135,6042
122,6243
470,6254
432,6266
107,6302
132,6303
250,6352
69,6354
154,6376
289,6410
309,6416
458,6469
230,6528
236,6534
429,6705
103,6734
324,6756
327,6757
20,6806
106,6861
262,6880
294,6911
315,6953
500,7001
133,7019
449,7029
213,7205
313,7210
328,7224
393,7248
427,7294
402,7368
320,7368
27,7413
180,7516
170,7525
25,7600
493,7648
225,7668
116,7694
488,7716
186,7736
194,7785
412,7858
188,7864
91,7911
166,8124
148,8182
448,8204
85,8228
278,8255
118,8290
184,8309
233,8346
282,8356
392,8406
370,8577
70,8671
226,8697
216,8719
100,8804
428,8855
214,8855
405,8895
310,8931
138,8946
162,9065
155,9165
261,9211
113,9294
368,9344
24,9347
399,9387
86,9560
153,9577
264,9660
333,9789
179,9836
312,9842
478,10050
447,10155
143,10229
395,10420
374,10420
350,10551
84,11042
211,11534
340,12026

simblock.block.ProofOfWorkBlock@592c0215:75
315,0
485,494
180,701
386,905
304,985
492,1107
356,1188
164,1194
110,1309
466,1391
185,1394
278,1415
13,1475
107,1516
64,1593
89,1598
340,1600
22,1616
445,1683
366,1685
135,1689
211,1719
213,1796
250,1799
4,1802
266,1807
346,1818
95,1881
367,1884
105,1886
448,1887
312,1891
352,1906
274,1923
409,1967
122,2003
86,2004
282,2005
488,2010
94,2012
127,2023
153,2087
337,2087
121,2089
200,2093
103,2093
58,2093
154,2093
84,2094
184,2107
408,2115
489,2126
203,2168
156,2178
453,2180
12,2192
401,2206
70,2208
7,2208
321,2210
233,2213
309,2214
476,2227
457,2286
78,2290
230,2290
330,2294
345,2296
439,2297
54,2297
63,2300
493,2301
168,2308
471,2308
286,2323
441,2332
31,2333
62,2373
426,2375
205,2377
373,2379
419,2381
443,2382
36,2389
460,2393
377,2396
90,2403
161,2412
415,2412
116,2414
351,2415
204,2418
368,2422
387,2428
428,2428
336,2458
236,2488
163,2492
190,2494
482,2494
473,2499
475,2500
178,2501
1,2502
307,2503
440,2503
427,2506
224,2510
450,2510
210,2511
212,2512
478,2514
429,2525
18,2534
88,2536
25,2577
311,2580
118,2583
414,2585
216,2586
170,2586
320,2587
179,2591
393,2592
61,2593
333,2595
425,2603
350,2613
202,2614
267,2617
264,2617
291,2619
405,2624
16,2624
484,2625
21,2632
27,2632
8,2634
273,2635
262,2638
437,2663
500,2689
454,2689
495,2696
93,2697
430,2698
287,2699
248,2699
55,2702
214,2704
328,2704
332,2706
53,2706
177,2708
85,2710
160,2715
113,2716
497,2721
310,2721
91,2721
344,2721
331,2721
496,2724
327,2734
129,2736
306,2737
447,2740
162,2777
302,2779
261,2782
412,2785
402,2786
167,2787
303,2789
449,2796
82,2796
270,2797
128,2807
66,2812
407,2812
275,2814
239,2815
253,2820
201,2825
140,2825
388,2827
325,2830
196,2833
57,2834
137,2839
157,2840
75,2841
446,2843
469,2844
39,2849
490,2868
338,2886
399,2891
199,2897
420,2898
29,2901
143,2906
283,2908
392,2908
389,2909
218,2909
188,2912
186,2913
479,2913
305,2917
231,2918
424,2920
255,2925
483,2927
343,2928
319,2929
148,2932
390,2933
432,2937
258,2937
436,2938
40,2941
410,2951
326,2951
403,2951
208,2979
324,2986
413,2987
77,2987
293,2987
459,2991
499,2996
124,2998
487,2999
363,2999
226,3000
101,3017
123,3020
381,3022
60,3024
494,3028
416,3035
339,3036
44,3036
353,3036
300,3036
323,3039
280,3040
141,3048
365,3051
32,3052
451,3071
458,3095
433,3101
176,3103
491,3108
51,3111
272,3116
20,3121
92,3123
431,3129
411,3129
28,3130
421,3130
342,3131
348,3136
74,3138
24,3143
149,3145
50,3151
385,3154
455,3154
5,3156
134,3157
398,3159
463,3167
238,3171
417,3202
56,3202
72,3203
26,3209
245,3230
376,3234
369,3237
159,3237
470,3238
316,3241
292,3250
418,3253
468,3253
114,3253
474,3256
257,3259
181,3265
382,3269
370,3282
472,3283
232,3288
422,3298
30,3301
59,3304
206,3310
442,3314
285,3315
187,3317
279,3327
136,3330
384,3334
318,3336
358,3337
269,3339
444,3339
498,3341
247,3343
155,3345
19,3346
119,3351
251,3351
87,3352
120,3355
225,3358
48,3367
109,3369
404,3371
133,3378
146,3383
3,3384
308,3405
228,3418
96,3425
313,3430
209,3445
383,3445
361,3445
477,3451
215,3452
11,3453
434,3455
397,3460
242,3463
37,3468
111,3474
301,3476
290,3477
207,3478
394,3482
254,3482
9,3486
435,3504
194,3513
175,3527
38,3530
14,3532
281,3548
130,3551
151,3552
219,3563
52,3564
380,3567
197,3578
17,3591
217,3597
357,3606
317,3625
2,3645
33,3660
73,3663
100,3663
126,3667
106,3671
462,3673
15,3677
241,3683
227,3684
249,3690
271,3695
299,3699
138,3706
294,3714
406,3715
360,3717
152,3740
222,3740
98,3744
83,3746
23,3747
150,3760
45,3761
284,3768
41,3768
76,3768
6,3770
49,3775
289,3789
192,3789
35,3798
132,3804
265,3810
47,3868
158,3868
246,3877
102,3881
341,3894
34,3913
355,3918
147,3923
171,3961
191,3963
145,3984
80,3985
142,3985
198,3992
329,3994
182,3998
481,3999
396,4004
349,4031
97,4031
117,4062
480,4092
486,4112
347,4126
464,4129
378,4171
81,4175
108,4184
243,4195
277,4200
69,4213
46,4232
374,4236
359,4244
112,4287
144,4302
314,4317
234,4318
104,4334
391,4345
298,4346
240,4350
131,4384
452,4432
229,4441
423,4442
220,4442
438,4448
173,4473
42,4518
79,4541
169,4549
166,4559
297,4583
221,4605
165,4612
400,4621
195,4666
244,4666
183,4682
456,4753
65,4766
322,4772
395,4777
354,4788
252,4800
263,4813
235,4834
334,4869
260,4869
362,4874
71,4884
237,4952
67,4972
43,5057
375,5093
296,5097
379,5156
10,5184
465,5191
371,5195
276,5222
461,5244
364,5297
372,5356
256,5389
193,5402
268,5473
259,5500
189,5620
335,5622
68,5625
99,5668
295,5733
223,5752
174,5832
172,5835
288,6050
139,6051
115,6112
125,6120
467,6606

simblock.block.ProofOfWorkBlock@49474635:76
178,0
205,491
140,692
402,894
129,981
488,1125
408,1182
31,1188
426,1327
16,1383
336,1388
236,1390
118,1475
483,1528
339,1592
39,1596
348,1602
453,1621
57,1672
208,1677
1,1683
392,1739
303,1795
176,1799
230,1804
346,1822
328,1825
161,1874
261,1880
487,1882
406,1885
12,1888
77,1934
122,1948
51,1968
54,1997
405,2001
477,2010
136,2018
210,2025
92,2029
412,2076
22,2084
127,2088
286,2090
25,2091
116,2092
496,2094
264,2095
428,2112
437,2145
319,2165
190,2173
121,2182
478,2184
450,2202
27,2204
458,2215
369,2220
386,2228
466,2232
95,2234
191,2275
310,2278
306,2288
170,2288
24,2290
133,2293
309,2293
211,2294
308,2295
337,2301
410,2303
366,2305
135,2313
168,2314
89,2320
430,2349
186,2366
279,2370
7,2372
357,2373
137,2376
457,2380
471,2384
36,2386
399,2390
61,2405
367,2405
196,2418
332,2422
393,2424
255,2429
338,2435
377,2435
489,2463
107,2479
345,2489
440,2490
63,2492
163,2494
311,2495
93,2502
422,2502
184,2503
490,2504
321,2504
18,2508
270,2514
180,2515
105,2515
275,2521
302,2523
128,2531
206,2550
60,2567
72,2572
417,2577
373,2577
435,2578
250,2580
162,2586
350,2586
53,2588
167,2588
425,2588
358,2590
500,2590
493,2591
113,2594
401,2596
94,2597
91,2607
460,2607
431,2620
253,2620
476,2624
28,2630
158,2636
454,2636
475,2638
414,2638
499,2658
491,2666
330,2676
439,2681
64,2692
340,2693
103,2700
157,2704
427,2705
153,2706
44,2710
305,2713
201,2718
485,2723
407,2725
473,2728
320,2736
179,2752
224,2768
492,2771
449,2779
164,2781
124,2781
200,2783
419,2783
188,2785
203,2789
278,2789
451,2789
199,2791
282,2792
443,2793
156,2795
274,2796
484,2799
155,2808
342,2812
420,2812
83,2813
84,2813
272,2814
446,2816
254,2818
447,2821
344,2822
35,2823
387,2829
333,2838
415,2839
209,2840
363,2844
192,2855
108,2858
55,2860
66,2874
448,2879
3,2882
70,2894
455,2900
294,2902
307,2905
59,2906
102,2908
409,2909
304,2911
239,2914
154,2921
78,2926
143,2933
80,2934
82,2937
380,2947
212,2950
15,2950
181,2952
233,2954
56,2957
323,2980
29,2981
214,2984
100,2985
88,2985
13,2987
324,2994
356,2996
445,2996
472,2996
351,2997
202,2997
465,3009
411,3019
389,3021
368,3024
130,3027
413,3028
245,3033
123,3036
293,3039
480,3042
204,3044
283,3044
87,3045
26,3051
362,3059
433,3070
40,3098
112,3100
352,3103
110,3105
432,3111
316,3112
329,3113
149,3114
301,3129
331,3131
269,3132
463,3134
398,3134
97,3136
37,3140
318,3140
396,3144
194,3151
134,3154
160,3155
397,3155
315,3169
365,3171
459,3183
58,3187
312,3188
41,3192
86,3198
343,3202
341,3211
231,3215
390,3215
74,3221
249,3225
222,3226
235,3226
106,3236
394,3240
441,3245
20,3253
125,3254
5,3261
285,3265
152,3267
198,3274
383,3276
482,3283
216,3283
6,3300
424,3310
228,3314
148,3327
48,3330
403,3335
361,3340
11,3352
418,3353
374,3354
62,3357
327,3357
381,3359
322,3374
262,3374
429,3375
17,3387
138,3402
290,3407
101,3410
141,3420
359,3428
76,3431
266,3432
349,3433
132,3434
238,3434
479,3434
317,3452
298,3458
75,3462
119,3467
355,3471
109,3474
219,3477
189,3479
115,3482
23,3483
247,3493
265,3494
117,3500
497,3516
227,3520
287,3522
226,3529
436,3540
150,3541
379,3550
131,3552
221,3555
213,3558
326,3564
452,3570
223,3573
370,3575
169,3578
313,3590
4,3596
229,3596
215,3606
142,3610
284,3614
217,3615
147,3633
241,3645
382,3659
185,3667
159,3669
384,3671
442,3685
434,3689
486,3693
232,3696
400,3725
68,3728
267,3734
300,3734
120,3747
444,3749
47,3750
237,3767
280,3780
421,3782
195,3785
244,3791
220,3793
271,3809
225,3812
438,3814
52,3856
9,3863
277,3864
85,3873
32,3874
376,3879
182,3889
240,3896
378,3902
291,3925
21,3935
242,3944
90,3950
49,3974
288,3982
144,3987
281,4010
34,4026
260,4028
385,4057
494,4077
42,4083
151,4099
468,4103
296,4112
14,4129
248,4136
299,4177
268,4190
258,4201
416,4205
495,4216
481,4227
172,4240
175,4250
111,4269
81,4286
33,4303
8,4337
187,4376
388,4394
391,4405
99,4425
145,4437
43,4463
289,4505
171,4513
65,4517
246,4533
67,4552
139,4562
292,4567
295,4588
263,4632
234,4642
423,4656
46,4656
461,4683
165,4695
19,4709
395,4720
71,4739
256,4832
404,4833
197,4836
276,4871
79,4891
364,4962
114,4968
218,4977
10,4986
474,4992
30,4994
273,5013
166,5059
38,5084
456,5150
96,5151
297,5168
375,5243
193,5259
498,5264
2,5289
347,5294
335,5318
469,5331
73,5378
104,5431
314,5581
50,5582
251,5604
177,5617
353,5695
243,5756
371,5760
259,5888
126,5924
257,5941
464,6015
174,6034
354,6042
334,6188
325,6240
372,6249
462,6273
207,6443
146,6478
183,6531
470,6588
173,6683
252,6693
360,6878
69,7073
98,7123
467,7173
45,7325

simblock.block.ProofOfWorkBlock@39f3f471:76
464,0
397,577
15,814
470,1052
424,1148
80,1386
215,1390
224,1392
388,1620
342,1625
376,1642
352,1725
26,1726
35,1866
134,1868
33,1881
266,1885
131,1959
19,1966
108,1976
304,2057
310,2087
462,2104
497,2109
249,2129
175,2196
75,2197
355,2206
300,2214
230,2214
3,2309
327,2328
6,2342
177,2351
301,2379
389,2381
31,2386
225,2402
62,2415
228,2438
151,2440
329,2443
381,2445
365,2459
380,2534
156,2546
479,2552
14,2576
101,2579
386,2583
16,2621
339,2639
117,2671
65,2680
336,2682
438,2684
111,2687
218,2688
202,2709
161,2716
198,2719
141,2766
244,2766
363,2775
74,2776
384,2781
63,2787
361,2791
320,2794
463,2799
149,2818
350,2830
208,2879
370,2909
158,2909
349,2928
331,2928
358,2932
237,2933
164,2969
313,2978
212,2988
434,3003
483,3009
32,3010
431,3011
460,3015
298,3024
159,3031
377,3033
192,3035
76,3036
122,3045
319,3045
257,3061
337,3108
406,3110
231,3124
323,3165
209,3169
56,3175
59,3177
292,3189
321,3192
36,3210
166,3217
153,3236
124,3241
289,3242
346,3243
220,3252
87,3253
73,3261
281,3264
258,3264
182,3280
88,3299
444,3307
61,3341
121,3345
415,3350
469,3356
409,3367
459,3376
70,3376
471,3394
169,3403
422,3439
200,3444
454,3455
48,3457
368,3468
411,3491
268,3497
126,3502
291,3502
465,3502
84,3505
155,3511
57,3526
127,3527
367,3542
448,3570
128,3579
22,3601
99,3605
58,3612
436,3629
458,3638
486,3647
489,3670
251,3671
194,3674
305,3690
45,3700
344,3705
405,3707
139,3708
451,3712
5,3735
240,3747
347,3765
420,3769
216,3775
404,3785
201,3789
373,3797
154,3808
277,3818
348,3825
487,3837
482,3839
168,3844
37,3845
77,3848
211,3857
480,3869
167,3874
44,3879
174,3888
396,3900
308,3901
148,3913
144,3930
419,3960
393,3968
187,4007
129,4012
221,4015
143,4022
197,4025
287,4039
343,4044
466,4045
435,4069
278,4076
214,4077
325,4082
183,4095
307,4118
402,4127
160,4131
109,4135
468,4137
184,4156
21,4160
243,4163
379,4168
417,4168
93,4170
425,4178
267,4179
135,4187
357,4205
345,4211
55,4232
204,4243
403,4243
2,4277
275,4280
286,4290
133,4308
362,4327
394,4336
407,4342
478,4343
294,4367
412,4370
447,4374
416,4375
354,4378
236,4406
433,4409
360,4421
23,4447
326,4450
210,4451
494,4457
399,4462
97,4481
82,4481
279,4485
213,4491
239,4499
176,4500
138,4504
8,4508
51,4509
253,4512
199,4517
241,4519
428,4540
449,4540
40,4562
52,4565
353,4578
455,4612
53,4620
42,4662
282,4674
64,4677
440,4688
272,4703
50,4723
475,4755
295,4772
10,4790
60,4791
247,4805
490,4821
119,4821
332,4823
172,4825
441,4835
54,4841
66,4842
118,4843
226,4849
283,4849
49,4850
322,4856
334,4869
227,4878
356,4898
223,4905
284,4907
467,4916
414,4929
195,4944
302,4952
369,4993
130,5003
421,5005
188,5005
330,5007
296,5107
259,5147
338,5150
453,5154
426,5165
69,5167
477,5172
179,5179
91,5181
171,5203
242,5218
262,5230
297,5243
374,5246
256,5253
457,5258
9,5273
333,5284
173,5302
474,5311
341,5311
67,5313
273,5320
314,5320
492,5327
95,5345
46,5348
189,5414
186,5470
274,5484
102,5501
116,5510
217,5510
28,5512
71,5539
219,5550
190,5564
263,5567
481,5571
485,5592
264,5614
136,5646
495,5651
207,5660
39,5660
68,5668
401,5692
81,5710
299,5727
43,5746
395,5749
125,5842
328,5842
493,5844
446,5851
488,5894
34,5900
371,5915
312,5928
89,5945
452,5954
383,5965
391,5980
20,6101
234,6121
104,6124
491,6143
98,6151
252,6154
137,6172
430,6188
461,6200
92,6229
142,6248
4,6260
472,6282
132,6284
290,6323
359,6360
456,6387
385,6441
106,6494
203,6497
29,6506
364,6558
86,6560
150,6582
285,6600
400,6666
306,6677
145,6729
18,6748
246,6794
100,6895
191,6907
288,7030
90,7039
437,7075
196,7086
351,7149
445,7393
232,7461
309,7685
205,7734
170,7795
324,8038
163,8379
261,9029
248,9684

simblock.block.ProofOfWorkBlock@6e7a7540:76
114,0
159,592
153,932
402,1262
31,1598
107,1937
84,2277
203,2611
339,2949
66,3280
217,3684
23,4092
456,4498

simblock.block.ProofOfWorkBlock@221b45e4:77
397,0
301,567
215,838
424,1080
298,1144
464,1323
325,1385
175,1411
376,1567
317,1624
355,1651
19,1651
96,1725
33,1807
120,1867
209,1889
15,1891
26,1893
73,1971
141,1988
42,2016
249,2050
292,2105
331,2128
300,2137
381,2140
47,2194
370,2219
122,2222
434,2225
76,2225
281,2225
35,2261
235,2314
6,2354
131,2367
405,2384
365,2392
285,2434
480,2440
109,2458
327,2462
462,2463
273,2463
251,2464
289,2465
208,2472
200,2473
495,2489
247,2541
224,2552
144,2564
268,2591
187,2592
478,2599
228,2615
132,2630
214,2645
112,2652
411,2678
254,2684
444,2700
394,2701
169,2702
463,2702
384,2702
101,2702
465,2704
75,2711
459,2713
8,2719
165,2726
468,2763
362,2780
100,2788
5,2795
438,2796
455,2798
258,2800
20,2803
160,2803
345,2810
437,2818
280,2834
329,2841
416,2842
218,2863
211,2879
222,2887
344,2887
150,2890
277,2917
63,2921
318,2921
414,2932
257,2938
74,2943
56,2944
159,2946
192,2946
80,2947
177,2949
347,2956
153,2963
129,2966
240,2966
497,2969
60,2973
12,2978
323,3006
123,3015
128,3033
220,3033
389,3035
134,3036
225,3036
37,3038
117,3042
202,3044
382,3044
326,3045
102,3046
266,3048
234,3054
436,3058
48,3082
140,3084
245,3085
1,3092
127,3094
342,3102
49,3107
17,3115
82,3118
97,3130
116,3136
399,3137
349,3139
94,3141
367,3146
307,3148
486,3163
89,3167
482,3173
380,3182
269,3185
385,3188
361,3189
14,3191
111,3205
379,3208
253,3211
70,3218
435,3218
119,3229
126,3243
157,3251
130,3253
338,3253
404,3253
457,3262
313,3273
83,3274
241,3274
439,3275
291,3276
198,3278
406,3279
124,3281
46,3282
403,3284
431,3284
460,3285
191,3285
32,3289
52,3289
407,3291
305,3303
418,3305
28,3308
489,3313
59,3316
428,3316
87,3334
78,3342
470,3343
429,3352
204,3363
386,3369
11,3372
359,3372
110,3372
408,3374
336,3375
205,3377
412,3383
16,3384
184,3394
21,3395
65,3403
197,3416
303,3418
237,3422
432,3427
58,3427
420,3428
182,3429
149,3436
357,3443
108,3443
270,3451
321,3451
469,3452
324,3459
178,3465
483,3481
85,3481
7,3487
363,3488
2,3492
176,3502
146,3507
353,3507
118,3517
77,3518
22,3519
238,3520
114,3522
106,3525
147,3525
316,3526
388,3528
390,3529
166,3531
170,3531
358,3536
413,3540
255,3543
445,3544
352,3550
53,3550
293,3553
396,3555
440,3563
154,3565
54,3573
143,3574
475,3583
199,3585
369,3592
427,3605
105,3608
339,3610
137,3615
356,3619
95,3620
267,3625
442,3625
351,3627
346,3632
72,3634
91,3639
373,3641
193,3642
473,3646
398,3648
315,3650
90,3657
189,3659
328,3666
479,3668
421,3670
274,3671
487,3673
142,3673
27,3695
148,3699
409,3701
491,3702
194,3704
306,3706
88,3713
272,3715
167,3724
213,3727
61,3732
155,3733
443,3742
212,3743
139,3747
383,3759
415,3767
496,3767
151,3770
133,3774
3,3774
282,3775
449,3784
310,3798
244,3810
275,3811
500,3813
294,3813
216,3819
350,3822
181,3822
485,3832
162,3833
152,3836
135,3838
425,3847
226,3848
186,3855
377,3858
484,3861
493,3862
401,3863
121,3863
195,3866
113,3866
29,3870
276,3874
210,3874
446,3877
265,3880
67,3883
304,3885
18,3888
392,3889
168,3892
203,3893
430,3911
433,3923
490,3923
461,3942
57,3953
422,3954
262,3955
279,3955
309,3970
454,3973
45,3974
179,3978
378,3980
99,3989
138,3994
419,3999
417,4003
297,4035
451,4035
499,4036
287,4045
453,4048
79,4062
25,4064
125,4082
196,4092
368,4097
62,4104
180,4104
348,4120
81,4123
261,4128
288,4131
156,4146
337,4150
230,4163
283,4166
477,4177
332,4179
260,4184
387,4188
233,4190
93,4211
466,4216
4,4219
229,4219
250,4223
39,4254
171,4270
400,4278
190,4285
201,4288
374,4291
188,4297
13,4300
471,4301
320,4325
302,4334
239,4345
375,4351
107,4374
343,4375
312,4383
243,4384
319,4391
206,4397
366,4427
393,4433
330,4452
136,4498
467,4505
271,4505
66,4507
164,4509
476,4520
410,4523
173,4541
98,4544
115,4550
31,4552
9,4553
340,4555
402,4584
158,4616
341,4626
64,4635
163,4638
256,4646
278,4660
264,4663
426,4674
311,4706
68,4711
38,4763
23,4778
458,4787
145,4797
232,4812
34,4830
472,4831
50,4838
231,4839
447,4883
103,4893
284,4917
492,4920
242,4929
86,4950
263,4950
104,4953
474,4954
334,4957
236,4973
494,4992
354,4993
286,4998
161,5007
207,5116
24,5119
372,5132
360,5168
299,5182
51,5184
185,5188
296,5201
69,5280
40,5288
335,5302
395,5344
259,5350
84,5351
10,5364
221,5385
252,5403
44,5455
333,5514
36,5531
498,5576
371,5605
488,5618
441,5684
481,5687
183,5750
314,5750
248,5787
423,5791
227,5816
174,5904
448,5947
295,6006
71,6041
456,6090
450,6125
322,6154
452,6156
92,6276
364,6307
290,6412
223,6483
246,6522
219,6559
43,6562
55,6605
41,6713
217,6823
30,6889
391,6928
308,6935
172,6970

simblock.block.ProofOfWorkBlock@5d991523:77
176,0
345,507
140,709
414,913
63,1000
413,1114
236,1205
214,1206
12,1316
89,1407
205,1414
426,1435
170,1518
402,1607
473,1610
405,1621
255,1647
62,1695
25,1723
319,1810
332,1819
312,1857
27,1864
430,1899
488,1904
412,1926
92,1942
338,2011
155,2014
368,2021
39,2065
188,2071
409,2099
477,2101
309,2103
54,2106
453,2146
88,2192
427,2213
357,2215
190,2218
432,2235
301,2254
178,2268
377,2280
348,2303
213,2304
307,2305
483,2307
135,2314
367,2345
167,2347
24,2349
306,2388
13,2394
210,2396
373,2414
103,2416
270,2435
425,2439
61,2470
127,2483
392,2504
206,2506
72,2511
499,2512
346,2519
93,2522
198,2538
443,2549
95,2550
336,2552
387,2557
82,2563
96,2571
343,2590
186,2597
352,2598
28,2602
451,2615
128,2617
302,2639
31,2674
471,2698
458,2705
305,2710
351,2713
264,2714
77,2714
211,2726
304,2731
328,2753
344,2756
192,2756
448,2757
441,2758
459,2765
366,2798
53,2800
401,2809
386,2809
472,2818
201,2829
22,2840
365,2853
168,2854
460,2875
342,2885
51,2905
16,2906
274,2907
208,2912
116,2916
164,2917
233,2920
94,2927
450,2957
286,2959
363,2962
55,2969
154,3007
491,3010
153,3043
465,3046
278,3053
262,3055
291,3070
376,3071
420,3087
230,3108
340,3109
275,3113
261,3118
57,3120
313,3123
19,3125
21,3126
282,3139
408,3159
308,3163
84,3173
494,3202
469,3203
417,3214
310,3224
325,3227
212,3250
439,3255
36,3256
407,3257
216,3260
139,3266
81,3284
187,3285
121,3313
253,3315
466,3315
60,3316
303,3327
273,3361
91,3364
422,3378
182,3385
215,3385
489,3398
382,3403
293,3407
428,3425
397,3436
120,3442
457,3450
369,3454
277,3459
7,3462
389,3470
490,3470
137,3473
141,3488
454,3517
484,3518
447,3520
179,3529
49,3542
41,3554
79,3557
129,3565
404,3573
191,3582
161,3602
269,3602
112,3627
456,3636
227,3656
202,3662
356,3663
105,3672
433,3672
475,3673
100,3674
362,3682
266,3682
203,3689
23,3695
144,3699
292,3702
446,3706
498,3716
226,3719
196,3724
381,3725
109,3731
437,3735
130,3741
15,3751
421,3764
339,3768
321,3784
434,3791
285,3804
254,3832
17,3857
64,3865
272,3877
118,3878
85,3891
384,3898
331,3918
323,3926
160,3936
240,3986
43,3986
438,3997
149,3999
97,4015
398,4020
175,4024
479,4037
249,4040
126,4042
165,4057
30,4065
462,4066
66,4069
115,4071
200,4079
360,4084
361,4091
169,4104
257,4108
486,4118
263,4150
497,4152
378,4165
347,4171
173,4181
47,4200
463,4207
418,4212
75,4233
69,4248
218,4256
194,4272
136,4286
35,4301
111,4316
474,4341
56,4341
237,4348
65,4355
10,4363
234,4369
388,4384
150,4388
260,4423
396,4424
74,4430
379,4437
152,4444
181,4491
223,4507
83,4520
193,4521
480,4526
467,4529
20,4552
32,4575
334,4582
359,4589
52,4604
166,4615
238,4638
220,4673
2,4683
429,4685
146,4687
385,4699
26,4706
403,4740
48,4761
104,4774
247,4776
29,4788
290,4791
59,4808
375,4830
172,4876
76,4903
289,4903
298,4922
14,4932
400,4949
391,4949
288,4958
221,4988
317,4995
114,4997
455,5008
468,5020
42,5057
106,5139
395,5149
125,5209
197,5218
259,5221
353,5226
358,5238
431,5240
329,5254
229,5258
287,5280
189,5303
119,5314
159,5319
322,5330
108,5333
131,5345
225,5371
371,5379
296,5393
45,5433
372,5436
268,5541
374,5598
122,5627
251,5636
232,5653
37,5661
219,5674
495,5677
171,5688
349,5689
235,5690
341,5732
68,5733
207,5743
46,5761
435,5772
271,5778
265,5843
243,5924
11,5955
50,5984
245,5984
436,6009
67,6030
299,6116
102,6129
464,6142
180,6149
300,6188
157,6277
33,6287
280,6303
326,6325
256,6412
335,6413
195,6461
297,6602
487,6634
151,6640
133,6643
252,6733
411,6843
354,6865
38,7072
311,7130
478,7132
98,7162
183,7350
44,7495
246,7507
315,7623
284,7937
3,8137

simblock.block.ProofOfWorkBlock@549422c4:78
190,0
305,491
21,693
466,902
287,990
12,1112
236,1192
357,1192
275,1326
460,1395
70,1396
153,1402
387,1481
413,1527
338,1596
201,1598
199,1601
485,1610
344,1683
140,1688
422,1696
432,1730
393,1797
336,1799
500,1809
95,1814
482,1816
367,1889
62,1891
40,1892
210,1899
127,1932
302,1941
110,1978
155,2000
397,2001
346,2006
176,2010
402,2017
213,2018
352,2019
472,2085
148,2090
212,2090
401,2092
405,2099
233,2102
459,2103
304,2108
484,2134
239,2144
27,2178
483,2180
320,2184
478,2185
224,2202
476,2212
321,2215
274,2220
491,2223
345,2224
319,2230
447,2286
440,2292
282,2295
407,2296
457,2299
135,2300
118,2300
160,2308
86,2311
170,2311
230,2313
220,2315
449,2319
315,2328
208,2337
324,2346
272,2378
178,2380
293,2383
205,2385
39,2386
72,2394
428,2395
85,2395
36,2414
261,2416
53,2423
328,2424
414,2426
306,2439
214,2440
415,2474
435,2491
451,2494
450,2496
211,2497
454,2498
417,2499
311,2501
310,2502
412,2505
267,2507
206,2511
308,2513
122,2514
63,2514
458,2516
348,2523
90,2528
356,2531
350,2531
339,2549
226,2552
149,2570
424,2579
185,2580
61,2582
202,2585
475,2585
441,2586
488,2588
188,2594
107,2594
168,2595
128,2597
163,2599
250,2600
154,2609
93,2611
366,2617
448,2626
31,2627
116,2627
60,2628
51,2628
495,2630
129,2630
92,2644
323,2658
425,2669
270,2672
4,2677
332,2677
330,2682
105,2690
426,2694
473,2699
66,2700
445,2700
453,2701
337,2703
492,2704
94,2705
477,2708
8,2709
309,2713
156,2714
487,2715
373,2715
351,2715
18,2718
307,2725
16,2733
167,2736
64,2753
365,2758
420,2785
286,2786
278,2786
333,2787
340,2789
439,2791
471,2792
419,2793
58,2796
443,2796
162,2797
186,2800
22,2801
231,2801
13,2802
389,2802
427,2806
88,2812
249,2822
203,2822
392,2827
111,2829
136,2830
54,2830
386,2833
137,2834
157,2835
165,2850
244,2851
429,2852
479,2869
161,2879
283,2886
28,2887
294,2889
442,2894
143,2895
444,2899
196,2901
91,2901
493,2905
204,2906
44,2910
406,2910
247,2911
409,2914
312,2915
179,2918
399,2918
103,2919
497,2921
255,2921
82,2923
175,2925
264,2928
489,2941
355,2942
96,2943
119,2946
25,2955
5,2963
65,2963
169,2984
279,2990
408,2990
24,2992
486,2996
89,2997
121,2998
433,3002
57,3002
343,3004
180,3005
113,3006
184,3007
6,3016
361,3017
117,3023
78,3032
494,3032
262,3037
1,3037
101,3039
17,3048
325,3053
198,3078
216,3080
290,3091
55,3096
133,3096
403,3096
369,3104
382,3108
100,3116
248,3117
370,3118
303,3122
277,3124
150,3132
241,3135
368,3144
289,3145
381,3147
235,3149
200,3159
42,3161
238,3162
19,3162
301,3166
123,3169
30,3181
480,3190
29,3198
158,3205
84,3207
7,3212
108,3214
102,3215
87,3218
326,3219
166,3220
134,3223
298,3224
145,3226
126,3232
390,3233
254,3238
164,3239
465,3241
80,3248
436,3249
434,3252
74,3257
222,3258
209,3258
349,3260
215,3266
375,3271
360,3274
79,3279
455,3280
499,3304
120,3312
228,3316
410,3320
411,3324
437,3329
217,3331
106,3336
182,3339
377,3347
191,3351
376,3357
384,3359
322,3361
159,3370
138,3404
189,3407
266,3407
374,3409
124,3409
3,3415
404,3421
246,3421
253,3421
97,3423
331,3434
49,3437
173,3447
131,3448
48,3452
362,3455
318,3460
240,3467
187,3475
446,3481
14,3489
23,3492
109,3496
218,3509
363,3511
141,3515
104,3528
77,3533
147,3536
234,3537
83,3539
490,3543
396,3547
431,3551
47,3555
380,3556
75,3562
329,3572
292,3575
194,3609
223,3623
295,3625
152,3642
474,3644
469,3650
115,3651
225,3657
43,3663
383,3665
112,3666
263,3669
229,3670
144,3687
34,3687
41,3701
125,3702
271,3709
59,3724
265,3732
388,3738
430,3738
327,3738
496,3745
252,3759
300,3759
245,3763
316,3778
385,3783
67,3786
291,3790
132,3799
379,3810
15,3828
317,3833
378,3851
26,3852
259,3852
391,3857
358,3859
268,3866
130,3889
438,3890
243,3891
219,3922
232,3963
177,3964
281,3971
285,3982
192,3986
341,3991
11,4016
195,4038
181,4053
347,4054
353,4060
258,4067
37,4078
280,4093
46,4098
172,4110
114,4111
33,4126
400,4138
151,4148
269,4167
20,4181
142,4193
69,4201
418,4205
38,4218
68,4227
193,4227
171,4289
371,4298
421,4300
464,4300
467,4315
456,4316
73,4325
251,4341
416,4367
462,4377
32,4381
76,4409
359,4427
468,4434
99,4450
463,4453
56,4498
364,4526
296,4540
452,4598
395,4600
237,4614
273,4618
299,4637
461,4676
313,4692
197,4697
423,4716
398,4727
481,4743
139,4747
207,4765
98,4768
470,4769
227,4797
257,4812
334,4854
394,4929
297,5028
335,5035
52,5041
288,5046
50,5124
342,5132
242,5145
81,5197
498,5234
2,5261
146,5302
35,5449
284,5476
10,5481
354,5571
71,5606
314,5625
256,5696
372,5725
45,5746
221,5878
260,5909
183,6059
174,6138
276,6313
9,6754

simblock.block.ProofOfWorkBlock@4cabc4d5:79
474,0
125,709
219,1048
223,1414
150,1497
290,1826
260,1862
198,1949
365,2069
189,2164
139,2256
479,2308
23,2311
37,2400
456,2502
174,2525
277,2528
436,2548
240,2642
371,2710
119,2766
285,2795
318,2855
173,2864
172,2869
59,2884
256,2946
159,2956
99,2958
323,2980
17,2982
362,2997
6,3004
486,3069
353,3098
152,3104
108,3117
131,3122
335,3162
126,3217
73,3218
254,3244
370,3246
259,3273
246,3277
11,3313
397,3325
268,3336
20,3340
251,3359
2,3359
263,3364
102,3402
429,3402
234,3410
178,3412
384,3426
495,3456
134,3457
463,3469
439,3470
111,3482
181,3495
49,3534
372,3554
97,3556
247,3557
238,3573
421,3580
112,3582
257,3603
398,3613
50,3615
271,3623
352,3637
228,3644
232,3661
115,3679
83,3691
444,3692
468,3696
215,3709
296,3726
321,3743
60,3757
75,3763
462,3781
233,3795
348,3803
210,3814
132,3815
289,3826
413,3828
292,3836
120,3837
342,3840
465,3852
317,3857
427,3864
161,3868
33,3869
147,3881
415,3890
306,3899
473,3902
301,3905
483,3906
42,3913
383,3914
287,3915
403,3928
347,3929
191,3929
358,3940
218,3945
361,3947
151,3958
194,3960
58,3966
95,3973
74,3977
281,3996
114,4011
104,4015
245,4028
470,4029
90,4056
498,4056
258,4056
220,4063
431,4063
375,4067
300,4069
443,4072
294,4073
201,4078
80,4080
338,4092
140,4107
35,4119
350,4131
420,4132
121,4139
299,4149
202,4159
283,4161
196,4162
255,4178
144,4178
396,4178
85,4181
406,4183
480,4188
199,4200
249,4213
155,4214
402,4220
376,4220
106,4235
313,4237
476,4238
40,4242
124,4244
408,4248
485,4250
331,4251
492,4256
153,4257
324,4259
336,4264
209,4265
329,4268
390,4268
87,4270
27,4271
175,4276
435,4279
165,4279
419,4284
312,4296
141,4298
69,4304
409,4307
455,4310
305,4320
394,4321
230,4332
388,4336
113,4346
467,4386
274,4387
291,4387
471,4398
82,4403
187,4407
145,4408
494,4417
410,4417
475,4422
117,4425
332,4430
116,4431
203,4433
109,4434
380,4445
381,4451
320,4453
154,4459
303,4461
185,4464
325,4465
360,4466
441,4467
414,4473
355,4476
416,4485
221,4488
88,4494
7,4497
359,4501
273,4507
385,4508
29,4508
367,4511
404,4520
464,4520
167,4522
275,4533
8,4544
440,4545
200,4552
43,4566
461,4567
25,4575
237,4578
12,4578
265,4579
244,4579
484,4581
18,4583
70,4588
261,4594
437,4600
129,4604
262,4609
349,4612
143,4618
183,4623
472,4626
31,4630
177,4630
22,4639
477,4643
193,4649
225,4649
204,4654
243,4665
330,4667
391,4678
26,4679
401,4692
418,4697
52,4699
156,4701
128,4711
457,4725
79,4726
366,4729
393,4732
458,4735
379,4738
64,4739
47,4746
211,4752
438,4752
497,4760
127,4763
469,4768
207,4774
4,4778
71,4780
297,4781
442,4783
491,4785
163,4790
276,4796
453,4799
103,4809
217,4812
157,4813
32,4816
426,4825
142,4837
100,4838
123,4847
190,4854
171,4888
400,4907
493,4910
354,4913
430,4919
56,4926
432,4929
374,4937
389,4937
146,4937
481,4939
206,4943
21,4950
482,4951
133,4956
89,4966
235,4972
241,4974
242,4987
192,4989
14,4995
96,4997
382,5015
162,5039
166,5046
38,5053
425,5054
197,5061
55,5061
179,5072
488,5074
446,5079
357,5082
293,5082
195,5088
340,5093
322,5096
1,5116
399,5132
188,5141
364,5149
328,5153
149,5154
282,5155
434,5162
310,5176
307,5187
319,5218
326,5224
92,5243
39,5267
16,5278
213,5287
286,5296
298,5304
214,5304
168,5320
77,5336
41,5345
227,5349
309,5356
447,5399
10,5399
62,5406
377,5416
346,5418
48,5429
28,5431
445,5439
248,5445
180,5447
378,5462
288,5492
30,5505
343,5506
412,5519
160,5527
295,5532
423,5545
5,5548
304,5561
351,5567
369,5575
101,5591
137,5598
182,5607
66,5620
428,5655
496,5701
450,5715
270,5733
284,5764
454,5767
449,5793
460,5809
334,5825
224,5837
411,5845
387,5856
15,5887
253,5935
34,5936
252,5994
333,6006
138,6024
226,6055
316,6057
489,6057
94,6063
216,6063
130,6091
327,6138
459,6158
53,6166
386,6205
229,6259
110,6272
36,6289
45,6293
452,6349
490,6375
135,6392
19,6395
314,6432
302,6456
86,6498
222,6507
13,6543
122,6551
3,6657
148,6667
65,6681
345,6696
68,6697
368,6726
466,6735
24,6783
344,6785
231,6832
93,6864
424,6958
269,6967
363,7034
236,7043
67,7130
417,7150
422,7189
76,7222
448,7273
279,7279
315,7353
63,7376
169,7412
46,7512
208,7523
212,7524
205,7534
81,7557
91,7640
78,7763
118,7842
451,7855
405,7867
105,7903
341,7966
250,8021
61,8028
239,8028
280,8059
308,8146
278,8192
487,8334
433,8395
107,8509
184,8509
9,8597
57,8635
337,8676
407,8706
311,8828
51,8884
170,8999
98,9001
158,9127
136,9157
339,9325
72,9356
373,9378
395,9580
392,9617
478,9800
500,9869
356,9997
266,10107
499,10358
164,10446
267,10607
176,10651
54,11296
84,11940
264,12583
186,13874

simblock.block.ProofOfWorkBlock@5f32773a:80
147,0
394,570
486,807
385,1053
313,1142
442,1293
150,1379
182,1385
87,1537
497,1619
316,1620
97,1642
379,1718
228,1858
327,1861
393,1866
220,1867
281,1882
131,1953
436,1954
225,1960
268,2095
47,2099
380,2106
469,2123
74,2123
111,2190
192,2191
396,2192
249,2193
27,2197
90,2211
488,2292
35,2294
198,2332
187,2336
347,2361
420,2361
65,2363
106,2430
215,2434
353,2434
349,2435
463,2439
365,2441
109,2442
77,2443
258,2450
438,2469
300,2523
307,2526
434,2527
257,2528
411,2535
136,2562
108,2571
468,2580
132,2612
89,2629
240,2663
49,2673
101,2674
326,2675
495,2676
130,2678
151,2680
285,2681
251,2688
161,2690
317,2692
346,2694
117,2694
166,2713
126,2761
429,2763
457,2764
390,2764
159,2764
112,2766
471,2768
342,2769
48,2770
499,2775
234,2779
453,2782
403,2819
331,2852
406,2857
15,2864
351,2869
86,2878
440,2902
277,2902
6,2904
292,2906
329,2912
123,2916
191,2917
408,2919
169,2921
83,2921
479,2921
56,2927
454,2936
5,2940
291,2949
431,2954
336,2961
311,2969
176,2973
386,3002
134,3003
397,3003
361,3004
231,3005
175,3007
2,3007
46,3009
59,3010
355,3014
298,3018
362,3022
63,3024
127,3025
165,3032
247,3042
146,3057
381,3060
433,3084
480,3090
253,3093
177,3094
428,3099
222,3104
85,3104
465,3106
14,3106
367,3110
496,3111
57,3120
293,3137
200,3138
42,3141
244,3144
181,3145
80,3154
17,3155
102,3155
370,3158
269,3158
323,3160
388,3178
51,3183
330,3187
19,3191
450,3192
366,3199
255,3213
272,3234
289,3247
218,3247
202,3249
37,3249
383,3255
204,3256
62,3258
7,3262
52,3263
33,3263
338,3273
135,3277
414,3285
422,3286
445,3291
185,3291
197,3294
382,3295
158,3296
120,3304
54,3305
358,3332
304,3334
114,3336
302,3338
133,3338
286,3339
376,3340
262,3341
18,3345
36,3360
448,3361
245,3369
350,3383
76,3383
461,3391
473,3395
26,3395
209,3396
470,3399
237,3400
280,3404
404,3414
444,3428
235,3431
121,3432
417,3433
205,3436
13,3440
340,3443
224,3443
409,3451
162,3459
400,3464
61,3467
170,3467
398,3467
500,3470
357,3474
490,3474
100,3482
301,3490
287,3496
318,3500
254,3503
459,3508
464,3520
359,3521
308,3523
238,3524
157,3525
95,3533
402,3537
432,3540
368,3548
458,3567
424,3577
239,3578
407,3580
72,3581
128,3583
70,3586
443,3588
270,3591
460,3594
73,3597
96,3604
288,3607
241,3607
141,3610
64,3614
478,3614
294,3615
207,3619
119,3621
203,3621
31,3622
196,3625
137,3625
430,3631
482,3633
75,3635
401,3636
28,3637
416,3640
462,3646
99,3651
423,3657
446,3660
399,3662
39,3667
144,3669
267,3671
194,3672
208,3673
66,3683
44,3694
11,3701
40,3709
452,3726
183,3732
149,3744
230,3749
378,3754
391,3754
421,3764
447,3765
93,3767
427,3769
9,3770
369,3773
412,3773
104,3776
275,3777
210,3778
296,3790
352,3802
25,3803
229,3803
246,3812
153,3815
22,3822
360,3827
485,3829
20,3837
435,3839
173,3839
172,3850
248,3852
118,3864
260,3866
12,3870
455,3878
305,3880
325,3885
110,3898
263,3904
384,3907
487,3910
107,3911
178,3920
179,3928
477,3929
418,3934
174,3941
4,3943
494,3945
451,3952
1,3958
328,3959
206,3962
103,3963
3,3964
122,3966
387,3969
324,3970
32,3980
180,3992
306,4003
58,4003
184,4006
271,4017
94,4017
252,4032
425,4045
92,4051
372,4054
81,4087
168,4099
21,4103
34,4105
441,4109
164,4111
273,4145
236,4146
188,4147
261,4153
299,4158
129,4159
217,4162
483,4174
38,4183
320,4213
45,4214
348,4216
373,4217
303,4219
250,4231
265,4239
105,4241
364,4249
456,4250
24,4250
266,4258
167,4263
71,4272
278,4281
79,4294
493,4295
405,4295
410,4302
309,4323
8,4335
276,4338
53,4340
356,4342
375,4348
195,4364
152,4364
193,4366
190,4387
10,4410
415,4437
274,4440
139,4450
344,4481
233,4482
310,4483
489,4485
439,4488
116,4543
216,4548
143,4552
155,4560
154,4570
23,4588
140,4597
321,4601
426,4612
171,4615
60,4625
282,4626
279,4635
395,4643
186,4653
84,4664
333,4672
315,4672
221,4755
476,4767
214,4769
322,4787
437,4818
377,4843
91,4879
55,4880
227,4889
312,4891
30,4902
481,4905
78,4927
82,4936
449,4955
199,4955
142,4956
492,4968
41,4976
337,4981
475,4985
419,5002
50,5003
201,5008
256,5072
484,5151
189,5171
297,5177
68,5191
472,5209
69,5240
148,5257
413,5285
138,5298
43,5308
466,5315
211,5315
156,5317
160,5339
363,5344
334,5347
232,5363
371,5373
284,5381
392,5487
223,5566
332,5589
98,5594
88,5616
389,5651
113,5662
345,5672
264,5673
125,5674
474,5758
498,5767
67,5810
354,5847
259,5923
213,5931
343,5946
163,5986
339,6002
115,6058
242,6080
335,6179
283,6282
491,6323
374,6336
295,6406
219,6466
226,6657
314,6740
341,6819
212,6986
290,7230
124,7316
29,7653
319,7991
16,8339
243,8739
467,9138
145,9543

simblock.block.ProofOfWorkBlock@74a7baf6:81
259,0
139,844
335,1295
99,1543
456,1752
223,1852
81,2075
271,2198
2,2293
341,2421
263,2529
125,2547
166,2651
300,2658
9,2760
497,2839
246,2869
436,2874
79,2987
371,2995
80,3102
403,3117
277,3193
227,3197
434,3199
219,3211
342,3213
241,3221
131,3227
174,3236
322,3326
347,3380
23,3388
150,3449
402,3452
111,3463
75,3467
115,3512
217,3539
50,3549
284,3577
170,3599
218,3646
182,3649
498,3653
147,3666
108,3687
90,3692
281,3701
177,3735
359,3750
68,3761
334,3768
455,3771
76,3779
169,3781
466,3783
361,3798
474,3835
452,3877
232,3914
291,3925
446,3930
102,3931
404,3938
196,3943
266,3953
290,3992
48,4000
215,4019
479,4041
388,4044
376,4060
16,4070
94,4070
13,4089
103,4090
194,4102
372,4104
98,4105
192,4111
183,4113
112,4118
153,4119
253,4151
152,4166
385,4168
469,4171
197,4177
396,4219
317,4219
141,4222
390,4231
457,4232
87,4251
244,4257
299,4257
35,4274
274,4276
260,4290
88,4291
349,4292
92,4294
32,4309
470,4314
421,4315
145,4316
189,4328
14,4345
38,4348
193,4352
209,4352
149,4354
348,4354
60,4371
475,4401
346,4403
5,4417
257,4426
392,4436
321,4444
211,4452
435,4456
464,4457
400,4459
480,4466
463,4469
190,4482
486,4498
105,4501
128,4503
181,4505
146,4511
329,4513
287,4542
117,4556
123,4560
130,4566
64,4566
165,4569
216,4573
447,4575
42,4576
57,4581
258,4593
410,4602
203,4607
303,4612
411,4614
200,4615
355,4617
122,4623
199,4645
212,4650
121,4652
251,4655
378,4658
366,4661
225,4664
205,4668
468,4668
397,4673
191,4683
51,4684
172,4692
53,4701
61,4704
326,4716
412,4739
66,4739
438,4753
416,4762
228,4766
310,4768
116,4769
353,4774
234,4780
409,4792
382,4794
69,4799
20,4801
365,4804
262,4804
481,4805
83,4805
185,4806
331,4807
39,4808
462,4832
327,4833
154,4834
77,4836
207,4847
330,4848
386,4852
126,4890
362,4892
401,4896
245,4897
237,4901
319,4902
473,4902
414,4907
201,4909
325,4912
114,4917
21,4926
275,4927
369,4945
173,4951
37,4960
127,4974
129,4983
202,4987
6,4995
161,4996
273,4996
210,5009
175,5010
33,5015
270,5015
451,5018
381,5021
379,5028
242,5029
286,5032
160,5047
120,5049
249,5057
415,5060
422,5069
107,5076
423,5083
276,5085
377,5112
316,5115
285,5122
453,5123
418,5127
492,5136
40,5138
293,5144
306,5146
432,5148
140,5157
180,5158
298,5161
82,5162
159,5165
368,5166
467,5168
478,5174
373,5179
100,5187
11,5206
229,5206
358,5216
288,5218
495,5232
393,5232
394,5234
236,5240
444,5244
424,5253
222,5257
26,5260
156,5262
441,5265
45,5274
240,5295
296,5304
283,5309
282,5316
70,5326
49,5338
195,5341
491,5344
221,5359
58,5361
235,5372
442,5373
65,5374
134,5392
420,5401
73,5408
17,5421
297,5433
380,5439
417,5451
224,5467
384,5470
52,5475
231,5476
101,5478
302,5480
27,5511
144,5521
408,5537
465,5540
443,5562
208,5567
41,5569
95,5571
97,5573
233,5578
360,5578
336,5579
433,5603
255,5615
398,5616
351,5635
428,5638
383,5638
188,5645
30,5652
113,5655
454,5656
320,5664
104,5673
71,5683
268,5685
427,5685
43,5690
472,5694
278,5702
323,5704
46,5709
256,5712
494,5716
24,5725
500,5749
489,5750
171,5770
109,5787
461,5793
243,5798
47,5809
313,5826
119,5831
295,5895
328,5900
484,5907
445,5910
142,5917
429,5919
332,5920
280,5929
459,5940
482,5959
204,5965
67,5973
220,5987
301,5992
352,6029
333,6030
34,6057
458,6057
289,6066
3,6122
324,6126
247,6138
267,6146
133,6149
85,6156
198,6172
364,6186
238,6189
96,6198
391,6201
294,6206
449,6216
337,6216
440,6231
476,6236
265,6238
135,6240
269,6250
312,6273
56,6277
375,6284
419,6363
138,6375
439,6423
254,6435
305,6448
318,6464
340,6465
344,6540
12,6553
31,6566
339,6576
354,6598
4,6604
261,6615
59,6623
430,6636
230,6638
63,6642
155,6645
110,6647
483,6698
36,6712
106,6736
431,6743
136,6765
19,6793
493,6831
426,6862
143,6899
62,6911
485,6933
413,6941
345,6957
151,7007
162,7033
304,7048
168,7067
292,7085
213,7131
187,7187
15,7201
214,7203
28,7236
239,7283
248,7304
356,7406
164,7420
137,7429
54,7439
25,7447
496,7514
8,7522
370,7535
226,7540
406,7556
29,7565
158,7671
86,7677
118,7690
91,7692
55,7895
488,7896
477,7935
343,7938
74,7986
399,8027
179,8028
7,8046
148,8065
264,8080
167,8163
350,8170
93,8188
279,8207
314,8302
184,8313
367,8389
206,8436
132,8436
250,8521
89,8535
176,8680
157,8700
10,8720
460,8722
84,8732
425,8807
338,8888
437,8924
18,8934
363,9011
22,9026
311,9177
499,9376
272,9383
389,9412
357,9429
448,9449
450,9525
395,9588
315,9668
405,9904
387,9918
252,9955
308,10025
78,10091
307,10158
178,10394
163,10407
490,10658
407,10677
309,10760
1,10888
471,10902
487,11147
186,11325
124,11401
374,11476
72,11984
44,12625

simblock.block.ProofOfWorkBlock@d6b6e0e:81
285,0
365,569
323,818
468,1057
362,1145
150,1304
277,1385
497,1393
126,1545
254,1623
101,1631
455,1636
73,1713
317,1784
111,1862
130,1870
479,1874
37,1884
353,1955
238,1956
469,1969
33,2022
240,2099
191,2108
249,2113
97,2123
429,2195
120,2201
251,2207
280,2208
49,2209
228,2210
218,2284
436,2351
47,2352
202,2359
257,2361
411,2371
294,2399
7,2429
108,2430
465,2435
32,2442
404,2448
11,2449
169,2452
198,2452
59,2458
463,2468
325,2526
347,2530
384,2531
122,2538
379,2555
87,2591
486,2592
300,2602
301,2609
166,2668
495,2673
370,2681
15,2685
269,2685
327,2686
434,2690
268,2690
337,2691
90,2692
470,2696
143,2699
222,2706
131,2707
402,2741
459,2765
52,2765
83,2768
386,2769
192,2770
291,2773
215,2779
35,2781
159,2784
19,2787
144,2795
385,2829
450,2849
397,2861
444,2869
29,2880
185,2899
273,2910
443,2926
112,2928
433,2929
394,2932
462,2932
244,2935
380,2937
381,2941
39,2943
2,2947
398,2948
298,3003
66,3004
182,3013
22,3014
206,3017
361,3017
237,3019
287,3020
490,3022
209,3023
241,3024
6,3027
134,3029
119,3030
312,3032
8,3036
181,3037
348,3038
440,3043
75,3044
355,3045
437,3053
17,3067
494,3076
417,3096
292,3102
1,3106
491,3115
473,3115
16,3124
358,3148
313,3156
289,3167
65,3174
132,3177
26,3178
416,3178
147,3179
151,3185
187,3189
272,3192
393,3193
454,3193
239,3198
100,3212
446,3233
247,3241
95,3249
177,3251
487,3257
266,3260
102,3260
329,3261
149,3261
57,3263
458,3263
382,3263
76,3266
302,3269
388,3270
140,3270
359,3271
117,3272
338,3272
387,3279
80,3282
316,3283
245,3289
235,3293
196,3321
428,3334
74,3341
5,3341
164,3342
310,3345
92,3346
156,3347
197,3350
466,3352
415,3352
168,3357
114,3361
208,3362
14,3363
390,3364
488,3364
399,3367
141,3368
438,3370
419,3378
369,3378
485,3381
56,3390
220,3394
94,3398
427,3400
311,3404
431,3407
480,3414
109,3418
349,3424
203,3429
210,3430
376,3431
36,3435
71,3440
366,3449
414,3450
176,3460
340,3461
330,3462
163,3467
326,3498
403,3510
180,3510
346,3512
123,3515
162,3518
373,3523
165,3526
442,3526
392,3529
407,3530
230,3534
339,3535
344,3540
363,3542
279,3543
421,3547
464,3565
275,3576
267,3579
234,3587
21,3590
46,3596
439,3600
430,3601
321,3601
475,3603
343,3605
124,3606
307,3613
20,3615
27,3615
265,3617
157,3620
84,3624
258,3632
113,3637
477,3647
396,3663
213,3666
133,3669
309,3675
262,3675
492,3676
364,3681
51,3685
70,3685
224,3686
188,3692
31,3695
23,3695
72,3696
304,3701
153,3701
207,3706
204,3707
319,3709
457,3711
377,3718
43,3726
418,3727
499,3731
216,3733
351,3735
368,3736
12,3745
350,3750
456,3756
4,3759
360,3762
401,3764
42,3764
264,3767
413,3768
96,3777
13,3777
82,3779
53,3779
409,3782
282,3790
160,3797
328,3805
154,3809
284,3822
410,3833
331,3837
60,3859
129,3862
3,3864
236,3864
354,3867
107,3872
48,3876
255,3878
99,3889
324,3902
201,3912
496,3918
200,3919
179,3936
24,3936
306,3938
212,3941
412,3943
445,3950
232,3952
145,3953
161,3953
253,3966
170,3968
478,3968
104,3978
425,3980
435,3996
116,4000
261,4008
336,4009
342,4009
483,4009
61,4016
78,4017
40,4018
58,4024
18,4050
460,4053
372,4058
453,4065
447,4074
318,4077
41,4084
54,4084
357,4087
106,4092
173,4093
449,4098
295,4104
299,4110
308,4114
68,4116
395,4120
199,4120
424,4121
461,4129
174,4138
260,4154
400,4174
278,4194
128,4202
171,4204
246,4206
333,4246
50,4251
233,4253
64,4259
288,4268
406,4271
426,4271
276,4273
178,4273
85,4274
167,4284
121,4295
383,4324
91,4333
89,4340
356,4347
103,4354
352,4364
152,4364
125,4379
315,4384
391,4390
270,4396
314,4401
286,4415
481,4417
374,4421
184,4421
175,4429
405,4450
63,4450
139,4451
146,4455
225,4456
242,4460
195,4496
34,4509
231,4527
69,4533
281,4569
9,4578
422,4579
105,4583
158,4601
367,4604
250,4621
44,4629
493,4663
500,4681
137,4683
474,4685
88,4695
127,4718
148,4731
226,4745
194,4751
28,4781
248,4786
335,4789
423,4795
115,4814
227,4833
30,4860
305,4862
136,4899
375,4913
186,4933
190,4936
98,4947
332,4952
211,4959
221,4983
472,5004
86,5010
489,5049
274,5072
448,5074
135,5081
290,5089
334,5098
378,5103
205,5116
217,5185
322,5209
484,5232
183,5261
172,5265
345,5284
214,5292
320,5335
252,5337
283,5339
229,5346
25,5380
476,5407
55,5408
451,5411
110,5449
38,5513
371,5593
389,5614
482,5622
219,5667
259,5691
77,5715
243,5735
303,5737
471,5742
293,5745
10,5749
155,5779
93,5958
223,6053
432,6066
420,6080
271,6118
45,6139
296,6143
452,6146
189,6152
441,6289
62,6413
142,6458
138,6473
256,6544
193,6549
67,6552
118,6620
408,6744
263,6955
467,7017
79,7151
81,7361
297,7420
498,7555
341,7767

simblock.block.ProofOfWorkBlock@62da2187:82
425,0
345,490
84,692
239,896
368,981
412,1099
176,1183
363,1184
91,1310
64,1386
93,1391
432,1392
94,1472
304,1588
332,1593
153,1594
121,1617
462,1641
92,1673
475,1676
140,1686
63,1795
350,1796
401,1804
168,1823
18,1827
16,1878
338,1878
51,1883
417,1883
12,1889
58,1891
19,1957
1,1986
89,1997
185,2002
399,2005
356,2024
36,2036
196,2079
13,2082
261,2084
86,2085
324,2085
211,2088
127,2089
413,2091
366,2096
307,2109
179,2168
460,2175
270,2177
143,2188
414,2198
110,2204
346,2208
117,2220
233,2226
267,2258
289,2273
483,2285
482,2286
389,2287
440,2288
348,2289
448,2292
170,2293
200,2293
205,2295
336,2296
278,2297
199,2298
103,2311
113,2313
85,2327
133,2368
402,2371
167,2371
279,2376
426,2378
27,2380
500,2385
491,2389
107,2389
367,2391
214,2402
61,2406
70,2416
66,2431
264,2467
370,2468
477,2486
44,2487
212,2488
439,2493
303,2496
352,2496
272,2496
392,2497
357,2499
190,2499
339,2500
340,2501
230,2502
8,2505
294,2513
450,2514
105,2515
210,2528
274,2533
447,2571
204,2572
129,2576
161,2577
457,2577
387,2577
201,2578
39,2581
253,2582
95,2583
453,2585
428,2587
53,2590
449,2594
473,2606
301,2609
164,2633
411,2634
206,2656
478,2669
40,2677
136,2680
318,2686
344,2690
351,2691
471,2692
484,2692
4,2695
282,2698
488,2700
28,2700
3,2702
286,2704
485,2704
423,2705
466,2705
54,2705
492,2706
15,2709
323,2713
29,2714
293,2716
441,2720
218,2722
422,2725
222,2729
306,2730
202,2734
60,2774
283,2776
160,2779
22,2779
409,2780
407,2783
216,2783
31,2783
180,2787
156,2788
158,2790
155,2793
128,2793
496,2796
275,2796
464,2813
186,2815
149,2822
454,2830
194,2835
159,2852
198,2858
157,2860
458,2863
77,2864
493,2869
203,2870
57,2877
135,2889
273,2892
188,2895
365,2898
373,2899
72,2899
255,2899
427,2903
451,2905
330,2905
490,2906
487,2906
302,2907
285,2909
333,2914
163,2916
280,2921
144,2922
118,2926
476,2929
469,2930
321,2932
408,2935
147,2946
88,2963
328,2977
62,2982
410,2983
82,2983
24,2984
309,2985
178,2986
315,2989
308,2994
100,2995
437,2998
166,3001
494,3007
7,3008
320,3008
132,3011
238,3013
434,3014
313,3021
468,3031
319,3040
312,3043
169,3044
486,3045
87,3047
443,3047
5,3047
281,3059
431,3065
343,3066
400,3069
25,3071
287,3074
226,3082
224,3090
73,3103
162,3104
430,3105
459,3109
419,3110
266,3116
445,3118
381,3126
489,3128
353,3130
137,3133
154,3135
438,3135
433,3136
358,3140
495,3140
108,3140
259,3147
20,3149
465,3175
435,3178
208,3185
420,3189
262,3190
369,3192
21,3198
126,3199
17,3214
421,3214
141,3217
187,3222
327,3225
292,3225
47,3225
380,3227
116,3235
97,3236
377,3245
119,3245
269,3260
245,3271
124,3273
299,3278
406,3283
220,3285
499,3309
393,3311
148,3311
184,3311
48,3320
213,3323
241,3323
197,3332
311,3334
394,3336
83,3337
455,3341
416,3344
181,3347
122,3359
96,3360
244,3367
310,3370
456,3374
240,3379
305,3380
26,3380
405,3390
55,3404
80,3405
23,3409
243,3430
237,3435
14,3440
171,3442
442,3448
325,3449
130,3455
33,3465
232,3484
78,3488
101,3509
418,3510
177,3510
231,3510
388,3515
415,3519
314,3523
386,3525
120,3529
68,3533
385,3533
150,3534
268,3535
2,3538
191,3539
254,3540
291,3540
376,3562
248,3564
249,3568
396,3571
235,3576
472,3582
236,3592
209,3592
175,3603
242,3604
364,3606
106,3625
354,3628
125,3633
234,3651
349,3652
59,3654
331,3656
247,3663
90,3664
115,3665
41,3668
112,3674
34,3690
470,3721
337,3729
99,3739
227,3750
250,3768
134,3770
65,3770
32,3773
30,3802
67,3808
372,3813
424,3824
384,3824
251,3840
298,3845
347,3855
390,3865
452,3869
362,3870
81,3873
192,3880
151,3888
375,3893
207,3897
429,3897
123,3902
109,3906
79,3914
11,3920
195,3942
271,3955
334,3967
165,3971
383,3978
436,3978
398,3983
355,3999
260,4038
391,4039
35,4051
104,4078
6,4084
37,4095
131,4139
360,4145
480,4155
361,4160
56,4169
52,4182
182,4194
76,4202
10,4202
71,4212
317,4219
300,4237
404,4289
252,4293
379,4293
229,4350
46,4369
74,4400
142,4409
146,4410
276,4413
481,4428
446,4478
335,4523
359,4523
290,4551
444,4554
139,4568
75,4606
288,4611
277,4613
172,4621
217,4640
395,4666
297,4667
329,4685
49,4720
461,4735
9,4778
382,4806
114,4839
45,4856
316,4868
174,4874
102,4927
257,4929
371,4958
296,4960
263,5000
497,5010
189,5048
265,5054
111,5120
69,5156
215,5158
138,5169
397,5185
295,5223
403,5253
463,5331
256,5358
341,5476
342,5481
228,5515
326,5568
374,5568
50,5597
258,5649
43,5787
479,5831
225,5884
152,5912
193,5917
221,6081
183,6082
42,6201
378,6217
98,6258
322,6344
474,6514
38,6633
173,6744
498,6778
219,6946
284,7068
223,7223
145,7378
246,7500
467,7868

simblock.block.ProofOfWorkBlock@7afecd57:82
74,0
144,572
192,810
35,1051
281,1142
102,1288
251,1380
316,1391
19,1526
234,1617
379,1621
300,1636
166,1714
117,1764
15,1858
436,1859
141,1859
120,1880
479,1950
444,1951
463,1968
394,2001
149,2096
298,2097
469,2098
280,2102
390,2118
326,2189
277,2190
411,2191
90,2192
177,2205
385,2208
197,2283
36,2331
42,2336
327,2338
465,2339
132,2340
165,2342
134,2360
381,2428
6,2429
52,2431
403,2435
108,2437
20,2439
438,2440
33,2444
480,2453
225,2523
218,2526
21,2538
291,2546
59,2549
182,2572
14,2579
380,2583
331,2584
349,2587
63,2661
220,2665
101,2667
96,2668
76,2669
358,2674
289,2675
382,2676
455,2678
11,2679
329,2679
279,2681
87,2684
376,2686
301,2692
66,2697
222,2761
353,2762
237,2762
26,2769
46,2779
187,2779
56,2783
355,2791
398,2794
147,2813
462,2817
215,2839
359,2859
428,2874
73,2905
464,2905
313,2907
191,2907
97,2911
48,2911
418,2912
178,2912
292,2915
175,2917
342,2917
204,2917
431,2919
362,2920
429,2921
497,2923
254,2935
131,2944
168,2975
389,2993
421,2999
240,2999
112,3003
181,3004
110,3005
257,3007
268,3008
5,3009
119,3011
274,3011
473,3012
383,3017
285,3018
123,3022
470,3023
247,3023
468,3025
127,3027
287,3046
347,3054
416,3055
424,3088
434,3115
238,3121
286,3123
387,3133
106,3144
370,3144
396,3144
80,3145
37,3150
235,3156
150,3156
384,3157
169,3157
269,3159
130,3161
442,3168
75,3186
236,3189
155,3203
412,3205
312,3239
151,3241
409,3242
258,3242
486,3244
460,3244
446,3245
198,3245
318,3246
83,3247
404,3247
164,3248
245,3248
453,3248
489,3259
397,3259
228,3261
176,3263
367,3269
244,3270
445,3277
361,3278
162,3290
47,3291
325,3298
64,3308
124,3323
356,3335
103,3341
184,3343
386,3347
303,3349
211,3353
466,3359
496,3377
109,3382
113,3387
495,3396
273,3402
414,3402
209,3413
333,3423
493,3452
426,3454
194,3463
92,3478
317,3479
410,3481
365,3487
93,3487
454,3492
39,3494
167,3495
241,3498
352,3499
128,3505
323,3507
293,3511
174,3511
159,3511
377,3512
420,3520
140,3522
12,3525
49,3535
415,3538
196,3541
344,3543
8,3548
366,3568
84,3572
478,3575
306,3576
459,3576
53,3577
427,3578
88,3579
65,3580
435,3589
388,3591
148,3591
17,3592
494,3592
249,3593
54,3593
156,3599
343,3599
272,3612
4,3620
491,3640
375,3641
203,3663
133,3668
483,3676
407,3677
50,3678
283,3682
1,3684
304,3689
330,3693
118,3706
276,3712
450,3713
260,3713
7,3718
295,3719
399,3726
160,3731
208,3734
437,3735
111,3738
25,3751
31,3761
481,3761
32,3764
472,3772
499,3776
153,3784
122,3785
85,3793
262,3807
311,3811
29,3821
457,3824
154,3824
485,3831
451,3834
419,3844
78,3845
129,3848
205,3852
239,3854
406,3864
357,3866
288,3866
471,3867
275,3873
242,3885
267,3888
338,3890
378,3898
305,3904
107,3905
487,3907
27,3907
161,3910
400,3910
278,3914
432,3915
152,3915
199,3923
250,3924
116,3927
332,3929
319,3930
441,3943
474,3946
2,3978
183,3988
213,4006
212,4007
315,4008
188,4011
13,4015
475,4018
336,4022
57,4024
340,4038
248,4042
186,4066
201,4067
195,4076
61,4080
77,4093
294,4102
264,4106
369,4114
271,4116
9,4130
230,4141
488,4141
259,4145
231,4151
500,4162
72,4168
447,4176
363,4179
16,4200
146,4209
91,4213
307,4233
157,4241
62,4244
69,4245
492,4251
121,4251
345,4259
22,4263
200,4266
290,4278
179,4317
126,4323
206,4337
337,4338
255,4341
339,4343
210,4349
98,4351
43,4353
3,4354
89,4357
136,4370
82,4377
393,4398
425,4426
207,4435
413,4438
86,4470
115,4470
310,4473
45,4473
135,4517
322,4537
422,4539
79,4550
216,4550
351,4562
374,4576
158,4583
417,4592
202,4597
461,4601
71,4628
226,4648
229,4661
70,4667
163,4669
266,4684
320,4690
224,4697
482,4706
458,4710
476,4730
172,4749
477,4764
423,4787
448,4799
350,4804
256,4839
270,4846
346,4869
105,4882
368,4892
490,4918
261,4926
94,4927
170,4927
221,4944
23,4978
67,4979
440,4980
324,4997
60,5005
321,5041
253,5042
189,5072
309,5082
246,5094
51,5097
173,5106
308,5132
408,5149
232,5154
55,5213
145,5215
443,5222
99,5232
341,5251
265,5257
402,5260
137,5313
217,5322
263,5330
214,5332
44,5371
284,5394
142,5410
484,5412
297,5437
223,5454
100,5463
38,5481
104,5499
171,5509
180,5546
18,5602
243,5633
28,5643
430,5661
395,5664
452,5666
185,5702
439,5745
190,5795
467,5805
81,5840
371,5863
282,5877
227,5889
364,5926
143,5973
193,6018
391,6038
24,6041
138,6065
335,6068
373,6075
40,6147
58,6207
372,6217
95,6311
449,6374
233,6411
296,6425
299,6451
334,6469
348,6537
456,6555
328,6642
401,6724
392,6745
30,6799
10,6829
219,6878
498,6969
302,6972
354,7103
34,7233
405,7307
41,7638
125,7664
252,8070
139,8473
314,8882

simblock.block.ProofOfWorkBlock@33dfacde:83
481,0
273,1114
249,1567
134,1681
111,1923
416,2028
37,2139
355,2178
59,2253
370,2376
33,2416
358,2477
251,2494
258,2496
5,2611
150,2651
281,2656
73,2710
192,2732
56,2738
76,2750
353,2829
383,2856
97,2902
464,2928
177,2944
222,2950
329,2971
126,2980
300,2984
4,2988
424,2989
245,3050
144,3066
479,3068
35,3093
112,3140
382,3180
462,3182
323,3190
470,3209
166,3220
486,3221
285,3225
331,3228
444,3244
247,3287
394,3289
390,3303
277,3307
109,3307
179,3318
149,3325
119,3334
218,3338
1,3341
397,3381
241,3394
182,3416
359,3418
198,3427
20,3430
463,3430
438,3450
497,3458
436,3464
90,3474
110,3481
326,3485
404,3517
15,3519
117,3527
237,3534
362,3540
316,3542
42,3544
403,3547
244,3555
26,3556
131,3557
216,3558
494,3559
240,3568
234,3572
197,3580
301,3620
349,3637
465,3641
158,3651
83,3656
431,3662
379,3664
414,3667
298,3668
196,3672
495,3675
108,3695
455,3760
398,3760
270,3761
169,3763
420,3768
388,3776
191,3777
74,3781
325,3783
228,3786
155,3787
19,3787
381,3793
147,3794
75,3795
488,3796
317,3802
213,3803
328,3810
393,3817
480,3840
46,3847
122,3849
199,3863
17,3865
141,3875
478,3877
313,3877
289,3885
343,3887
373,3889
347,3894
450,3896
6,3899
294,3902
14,3904
132,3910
287,3910
209,3913
421,3915
339,3915
102,3918
365,3940
472,3957
190,3970
351,3976
489,3984
396,3985
203,3988
233,4001
78,4005
181,4005
235,4005
215,4013
350,4016
361,4017
257,4020
52,4022
418,4023
120,4023
477,4030
469,4031
268,4032
376,4034
342,4036
468,4043
327,4070
54,4078
80,4088
101,4091
51,4091
264,4094
427,4097
432,4098
2,4102
356,4106
429,4111
165,4118
168,4121
446,4121
385,4123
443,4127
363,4130
187,4132
140,4137
384,4140
159,4143
280,4144
201,4149
291,4154
176,4159
11,4159
220,4166
315,4175
401,4179
39,4181
161,4181
292,4189
135,4203
204,4204
113,4209
448,4217
368,4224
305,4224
357,4227
186,4228
409,4231
84,4241
61,4244
96,4244
53,4247
411,4247
340,4248
44,4273
170,4285
433,4290
243,4298
367,4301
261,4302
338,4304
50,4305
116,4314
272,4315
306,4318
440,4321
413,4335
24,4335
136,4336
77,4336
143,4343
129,4344
225,4344
309,4349
333,4351
160,4354
55,4354
210,4356
175,4358
269,4358
63,4361
380,4363
425,4363
406,4366
29,4367
154,4367
276,4370
88,4374
65,4380
312,4385
49,4386
238,4392
25,4397
457,4398
318,4398
442,4399
255,4402
133,4409
32,4412
236,4419
100,4420
324,4420
92,4423
130,4424
500,4425
205,4427
303,4447
371,4449
453,4452
8,4453
146,4453
82,4458
200,4462
293,4466
493,4467
419,4476
286,4486
392,4487
410,4487
232,4497
434,4500
57,4504
266,4504
79,4510
72,4512
408,4514
157,4519
185,4519
445,4524
254,4531
283,4534
364,4536
18,4536
459,4554
366,4557
451,4565
275,4565
21,4574
248,4575
69,4576
387,4581
202,4581
262,4582
307,4582
128,4594
93,4602
47,4603
487,4604
85,4630
492,4632
87,4641
352,4648
28,4651
377,4662
208,4664
496,4669
223,4671
95,4674
460,4676
483,4683
447,4683
66,4688
27,4689
311,4690
167,4695
224,4696
412,4698
106,4701
107,4702
437,4715
58,4716
151,4719
48,4739
430,4752
86,4755
114,4756
230,4766
172,4773
304,4788
321,4790
148,4797
267,4799
30,4809
189,4813
439,4818
171,4821
461,4828
279,4833
422,4836
344,4837
43,4850
13,4851
104,4855
145,4858
485,4858
499,4861
10,4865
94,4865
231,4890
389,4894
332,4895
206,4915
12,4921
152,4927
253,4931
125,4936
138,4939
67,4963
458,4967
391,4979
16,4980
260,4984
395,4994
188,4997
89,5002
226,5014
91,5015
31,5016
345,5019
162,5021
153,5022
156,5028
346,5028
229,5033
302,5050
378,5056
354,5057
123,5061
415,5087
308,5097
399,5118
7,5138
484,5152
3,5186
334,5193
467,5195
319,5196
372,5202
45,5218
454,5221
426,5224
386,5225
375,5231
163,5253
336,5254
214,5264
217,5275
310,5305
473,5311
64,5328
137,5331
271,5342
207,5342
184,5345
466,5351
369,5357
330,5364
341,5379
194,5383
99,5386
183,5389
456,5391
173,5400
252,5417
490,5420
221,5422
62,5449
400,5471
124,5472
476,5495
417,5525
36,5550
405,5556
212,5582
471,5591
299,5611
482,5612
68,5624
288,5628
22,5635
360,5637
103,5662
127,5680
407,5694
428,5718
195,5749
256,5749
284,5756
193,5760
40,5772
246,5796
337,5821
139,5823
295,5844
263,5877
142,5879
278,5882
296,5928
121,5944
23,5961
178,5964
290,5988
227,5999
475,6010
70,6026
322,6041
105,6048
374,6070
320,6215
452,6247
274,6274
335,6283
41,6331
239,6333
474,6370
164,6377
265,6387
81,6418
38,6444
9,6478
449,6546
118,6603
34,6651
180,6706
115,6767
242,6790
60,6821
498,6848
402,6880
423,6885
441,6940
250,7044
314,7172
71,7237
282,7310
297,7336
435,7378
259,7596
491,7717
98,7739
211,7798
219,8006
174,8074
348,8287

simblock.block.ProofOfWorkBlock@6eb4c50d:84
159,0
49,573
131,815
114,1055
35,1149
289,1294
497,1386
361,1396
448,1627
169,1636
182,1642
462,1717
436,1864
479,1880
153,1904
72,1956
280,1962
269,1968
349,1969
205,1977
175,2111
272,2118
215,2119
379,2204
469,2209
438,2211
97,2211
123,2222
203,2258
200,2286
370,2288
194,2311
312,2321
342,2350
300,2358
64,2401
156,2447
111,2448
404,2448
251,2450
495,2450
102,2456
15,2461
140,2467
241,2467
274,2524
329,2530
429,2539
403,2539
144,2541
31,2588
277,2590
324,2604
163,2615
490,2624
320,2643
57,2654
54,2672
470,2686
141,2687
353,2687
302,2688
397,2689
59,2692
150,2696
281,2699
382,2705
304,2725
449,2751
117,2774
24,2779
75,2781
411,2782
90,2782
87,2784
228,2788
134,2797
380,2797
410,2801
301,2802
201,2803
25,2807
458,2822
148,2858
298,2859
408,2880
485,2893
213,2920
376,2927
480,2929
396,2932
398,2932
84,2933
331,2934
244,2934
343,2937
434,2937
74,2938
2,2945
42,2950
443,2953
377,2962
61,2965
179,2967
165,2968
414,2975
482,2981
78,3011
270,3014
257,3015
103,3017
37,3019
258,3021
463,3021
313,3022
240,3022
208,3023
222,3024
358,3024
327,3027
149,3042
6,3046
143,3063
12,3078
344,3087
418,3096
278,3097
177,3098
234,3114
162,3115
199,3117
385,3120
393,3124
362,3127
338,3130
476,3139
8,3139
93,3142
279,3145
347,3154
13,3158
268,3162
192,3167
465,3170
389,3170
394,3171
468,3171
416,3177
209,3179
27,3180
401,3183
214,3187
47,3195
466,3212
473,3218
212,3218
267,3228
82,3248
56,3260
101,3263
126,3264
107,3264
220,3264
188,3266
245,3266
499,3267
204,3270
20,3274
326,3277
167,3277
494,3281
106,3283
119,3284
80,3288
367,3289
237,3289
402,3292
330,3300
373,3303
39,3305
475,3329
5,3340
445,3343
477,3348
29,3349
447,3351
407,3352
185,3353
333,3353
409,3357
65,3360
446,3360
247,3382
442,3383
460,3385
309,3386
431,3401
384,3406
457,3410
323,3415
132,3419
19,3424
369,3429
96,3432
224,3446
133,3448
500,3450
186,3460
170,3464
77,3464
484,3465
437,3470
328,3473
285,3474
488,3476
275,3486
130,3489
178,3492
365,3502
235,3502
230,3503
307,3503
249,3503
166,3506
315,3508
424,3513
444,3515
225,3526
464,3526
187,3527
46,3528
109,3533
137,3535
48,3536
206,3538
337,3545
151,3545
321,3559
198,3577
26,3592
316,3592
305,3594
147,3597
453,3602
487,3605
454,3612
318,3614
413,3614
154,3614
339,3615
34,3616
76,3622
432,3623
435,3624
427,3625
11,3626
136,3631
478,3632
317,3639
110,3640
191,3641
33,3644
168,3651
486,3653
430,3654
440,3658
325,3659
286,3683
319,3684
113,3693
273,3698
303,3705
112,3705
355,3740
210,3743
311,3746
417,3753
283,3761
238,3765
174,3770
145,3773
28,3778
4,3778
293,3782
439,3793
18,3795
421,3805
218,3813
489,3822
378,3825
139,3829
118,3832
16,3833
483,3836
292,3836
359,3843
345,3845
350,3846
412,3847
246,3849
383,3851
100,3858
95,3860
250,3866
271,3879
455,3900
14,3902
129,3907
399,3913
351,3924
30,3930
299,3943
66,3945
128,3945
211,3949
406,3950
17,3953
261,3954
157,3954
196,3957
51,3959
44,3962
340,3962
152,3964
70,3970
63,3980
420,3980
68,3983
226,3987
94,3990
451,3998
419,4019
346,4022
120,4061
73,4066
254,4083
287,4088
197,4100
79,4103
122,4107
368,4112
415,4122
266,4124
83,4135
381,4138
392,4147
52,4151
115,4154
121,4164
92,4168
181,4169
7,4169
69,4172
231,4175
85,4177
127,4183
50,4193
40,4202
164,4205
183,4217
55,4236
276,4236
104,4255
474,4261
334,4275
426,4277
265,4281
233,4283
425,4285
88,4286
3,4289
496,4293
375,4313
155,4317
354,4323
135,4328
217,4350
262,4351
264,4354
450,4356
22,4357
374,4365
388,4384
232,4392
441,4421
138,4430
176,4443
108,4452
390,4466
255,4468
116,4472
125,4484
253,4494
492,4500
160,4504
124,4513
190,4513
428,4534
158,4545
282,4570
364,4593
236,4614
202,4616
423,4628
1,4648
471,4674
81,4681
336,4683
395,4685
58,4685
227,4693
171,4699
38,4706
322,4717
173,4717
161,4751
23,4754
291,4769
41,4771
193,4790
356,4809
260,4824
252,4831
306,4834
387,4846
189,4852
294,4857
239,4869
86,4876
10,4892
91,4899
481,4900
297,4906
314,4917
184,4950
459,4985
352,5015
472,5019
335,5028
242,5044
452,5081
71,5107
9,5123
493,5143
146,5148
263,5148
456,5157
43,5197
386,5205
391,5224
295,5229
105,5232
229,5256
207,5258
461,5275
332,5283
467,5307
53,5315
60,5349
310,5360
32,5405
223,5500
219,5555
180,5570
21,5617
290,5619
400,5626
341,5642
248,5647
62,5678
243,5714
99,5718
259,5860
357,5900
405,5947
308,5978
363,6015
67,6055
221,6126
372,6201
348,6237
142,6266
491,6312
89,6344
288,6360
433,6415
371,6492
172,6535
216,6574
36,6650
98,6769
195,6931
296,6938
498,6983
366,7003
284,7174
422,7337
360,7355
45,7695
256,8101

simblock.block.ProofOfWorkBlock@22ad126c:84
121,0
489,489
118,692
103,893
253,979
294,1095
202,1182
315,1183
185,1299
1,1383
454,1385
340,1386
435,1483
293,1502
44,1585
129,1585
51,1586
170,1587
485,1679
330,1684
428,1685
307,1704
16,1787
352,1795
163,1800
303,1805
471,1809
478,1874
180,1880
77,1880
212,1884
487,1886
440,1889
412,1916
196,1976
262,1996
60,1998
206,2002
494,2002
211,2007
24,2011
54,2075
408,2077
176,2079
472,2083
205,2085
414,2085
437,2087
110,2090
160,2090
387,2090
439,2119
70,2172
453,2176
82,2184
135,2193
164,2197
264,2199
458,2200
230,2203
167,2208
366,2210
162,2213
399,2276
368,2278
321,2280
201,2283
200,2284
199,2285
208,2286
161,2291
492,2291
278,2292
459,2292
39,2297
351,2298
450,2301
266,2304
311,2324
133,2369
157,2372
422,2372
64,2375
95,2378
441,2380
62,2380
496,2383
338,2387
309,2394
116,2400
319,2400
248,2406
425,2409
274,2412
261,2415
443,2415
250,2465
53,2481
451,2487
128,2487
405,2490
389,2491
306,2493
100,2495
377,2496
272,2497
466,2497
236,2504
401,2505
328,2506
320,2506
137,2509
369,2510
94,2511
233,2515
468,2519
57,2566
255,2570
186,2573
346,2573
282,2577
188,2580
409,2581
308,2583
203,2583
267,2584
413,2586
287,2587
420,2589
86,2589
279,2590
415,2597
406,2602
220,2603
89,2607
36,2612
336,2619
75,2639
445,2643
105,2666
204,2666
449,2679
7,2684
473,2688
332,2689
85,2692
113,2696
357,2696
475,2696
386,2699
350,2699
430,2700
92,2702
417,2702
499,2703
210,2707
358,2708
66,2711
124,2712
392,2714
136,2714
484,2718
156,2718
126,2729
20,2729
457,2730
269,2732
27,2768
476,2774
148,2775
3,2776
344,2777
190,2778
407,2779
304,2780
122,2782
447,2786
312,2786
12,2787
302,2788
427,2788
158,2790
373,2792
13,2793
348,2796
224,2800
4,2800
25,2806
184,2806
490,2809
33,2816
324,2816
353,2820
416,2823
339,2829
289,2839
396,2841
29,2845
72,2865
216,2869
286,2871
143,2883
108,2890
84,2891
433,2898
61,2899
214,2900
31,2901
153,2902
21,2903
93,2904
235,2905
283,2907
460,2911
28,2915
343,2915
83,2918
91,2921
444,2937
127,2940
424,2941
455,2951
448,2974
165,2975
22,2975
356,2982
393,2982
226,2986
140,2991
419,2993
179,2995
483,3002
300,3007
363,3009
310,3009
168,3010
482,3019
231,3023
317,3024
382,3035
209,3036
49,3038
436,3043
446,3045
8,3050
112,3051
381,3051
131,3053
244,3057
55,3071
488,3073
87,3090
305,3092
154,3094
17,3104
257,3105
477,3105
402,3108
151,3109
432,3110
275,3112
431,3114
254,3115
6,3119
281,3122
155,3124
107,3125
384,3126
329,3127
237,3127
56,3130
426,3139
73,3141
388,3141
147,3144
46,3144
465,3147
277,3154
2,3158
15,3161
40,3168
333,3183
345,3197
325,3204
337,3210
178,3213
65,3220
326,3221
47,3221
130,3225
58,3231
367,3252
342,3253
364,3255
500,3288
251,3291
486,3291
404,3293
493,3298
132,3299
18,3310
370,3310
410,3312
63,3317
434,3321
355,3323
245,3324
74,3325
97,3328
362,3339
88,3344
481,3346
292,3350
238,3358
400,3358
313,3360
421,3362
291,3363
138,3366
26,3368
318,3369
191,3379
260,3380
37,3391
14,3419
270,3422
134,3424
227,3431
249,3432
316,3435
470,3436
438,3436
464,3440
390,3448
52,3454
48,3456
213,3461
228,3464
42,3469
480,3474
181,3489
263,3491
442,3506
198,3535
177,3539
247,3542
240,3545
114,3549
50,3555
354,3569
11,3572
371,3575
242,3577
71,3603
394,3608
102,3609
80,3616
192,3627
429,3630
323,3632
69,3639
479,3639
271,3641
234,3661
491,3663
411,3666
469,3671
360,3673
149,3676
232,3679
76,3682
361,3695
331,3703
142,3714
497,3751
169,3752
221,3753
383,3754
463,3756
197,3776
166,3783
90,3784
30,3789
145,3793
96,3810
335,3822
327,3823
376,3864
5,3868
194,3871
296,3903
189,3919
35,3925
59,3927
144,3938
119,3942
398,3944
379,3955
218,3967
241,3976
23,3985
258,3991
117,3992
385,3993
98,4002
280,4011
322,4017
495,4067
299,4068
462,4072
239,4092
150,4093
101,4124
259,4125
123,4138
159,4179
229,4202
265,4231
395,4231
34,4240
111,4245
120,4256
347,4269
225,4269
418,4284
109,4293
78,4296
41,4300
359,4309
273,4330
452,4340
79,4360
171,4377
268,4385
139,4422
81,4426
106,4442
341,4455
467,4483
288,4500
125,4511
219,4523
67,4566
19,4601
182,4608
172,4609
301,4612
141,4634
187,4645
456,4671
378,4675
104,4676
334,4701
276,4703
374,4721
215,4766
195,4809
391,4815
9,4855
183,4921
298,4932
207,4957
32,4965
290,5035
68,5047
45,5054
380,5081
314,5098
43,5113
498,5114
99,5145
246,5154
372,5191
474,5243
349,5246
193,5249
222,5398
284,5399
173,5412
10,5485
223,5498
256,5541
174,5544
243,5602
423,5676
252,5716
175,5719
146,5861
152,5970
115,5974
365,6037
38,6103
461,6162
397,6351
217,6531
295,6649
403,6667
285,6987
297,7134
375,7480

simblock.block.ProofOfWorkBlock@45e72221:85
1,0
44,491
484,692
54,894
491,988
31,1096
154,1187
294,1191
118,1299
199,1389
440,1391
262,1397
267,1481
399,1505
157,1588
190,1592
214,1604
205,1605
62,1680
443,1683
51,1685
94,1707
336,1789
307,1790
137,1794
321,1806
454,1807
490,1881
66,1882
16,1884
250,1885
430,1886
351,1887
478,1922
412,1970
24,1992
116,1995
91,1996
210,2000
82,2007
275,2009
279,2080
208,2083
401,2083
253,2086
121,2087
266,2087
344,2093
413,2095
330,2097
373,2117
233,2171
203,2174
93,2177
88,2186
387,2196
162,2202
311,2202
155,2207
226,2208
7,2213
63,2213
49,2240
409,2280
107,2281
352,2288
428,2288
164,2290
432,2292
407,2293
319,2295
178,2296
168,2296
127,2301
472,2302
405,2303
345,2307
124,2319
283,2373
312,2376
274,2376
417,2379
28,2379
489,2380
427,2380
110,2381
13,2388
64,2390
494,2406
129,2410
408,2415
451,2421
143,2421
186,2437
176,2474
333,2483
8,2486
100,2490
337,2491
496,2492
255,2493
305,2496
40,2497
167,2500
128,2502
77,2503
439,2503
449,2504
459,2505
287,2505
248,2508
493,2508
328,2509
367,2510
269,2524
36,2524
149,2556
212,2556
377,2573
389,2576
84,2576
160,2578
422,2579
55,2581
22,2581
363,2583
483,2583
158,2583
414,2583
487,2585
453,2590
402,2591
103,2592
338,2605
420,2608
135,2610
471,2616
105,2616
53,2618
225,2622
184,2629
320,2631
308,2638
58,2667
239,2678
231,2678
216,2680
29,2684
153,2690
136,2694
89,2694
425,2695
324,2695
499,2695
466,2698
339,2701
39,2703
61,2704
170,2704
306,2706
282,2707
492,2708
433,2710
60,2710
86,2711
78,2713
450,2716
346,2716
185,2727
95,2745
75,2755
340,2758
302,2776
415,2778
477,2784
206,2785
386,2786
476,2787
230,2789
196,2791
437,2791
406,2793
236,2795
460,2797
403,2808
289,2810
6,2813
309,2814
202,2819
357,2832
222,2834
384,2843
163,2847
458,2871
4,2876
421,2878
448,2879
419,2881
304,2881
485,2883
264,2889
240,2891
148,2894
350,2897
426,2898
21,2899
390,2900
18,2904
97,2905
393,2906
92,2909
27,2910
211,2916
488,2917
482,2918
102,2919
327,2920
272,2922
348,2931
177,2933
198,2934
132,2936
278,2937
268,2938
411,2938
318,2957
188,2963
144,2969
286,2978
356,2984
161,2986
447,2987
332,2988
441,2989
457,2993
113,2995
310,2996
473,2998
133,2998
179,3001
398,3016
25,3016
446,3018
169,3019
33,3023
56,3025
416,3029
329,3035
475,3046
385,3047
74,3049
227,3061
120,3062
108,3072
469,3074
369,3075
445,3077
72,3077
201,3083
392,3088
410,3097
134,3099
57,3102
156,3109
70,3109
293,3110
380,3117
368,3118
200,3119
244,3123
76,3130
106,3130
301,3132
383,3133
122,3136
442,3141
438,3141
249,3142
90,3142
182,3147
194,3147
365,3149
281,3158
270,3185
224,3190
258,3199
192,3206
500,3207
65,3213
358,3214
480,3217
315,3217
343,3219
187,3219
273,3225
444,3229
292,3237
213,3250
220,3250
359,3253
237,3254
455,3255
119,3260
379,3278
362,3283
195,3300
481,3307
150,3311
366,3311
468,3312
355,3315
323,3320
59,3334
126,3334
123,3337
331,3344
303,3347
378,3351
435,3352
463,3352
142,3357
5,3363
229,3380
284,3384
99,3387
465,3389
251,3403
347,3412
235,3414
261,3418
67,3418
431,3420
17,3421
434,3424
112,3425
234,3437
436,3438
228,3459
217,3462
349,3464
247,3466
50,3478
3,3491
276,3492
322,3504
80,3508
204,3517
101,3520
238,3520
181,3529
14,3529
215,3530
479,3533
325,3541
175,3546
452,3550
141,3554
87,3556
109,3558
232,3561
259,3562
277,3571
23,3574
47,3577
423,3595
317,3607
79,3619
115,3623
12,3625
245,3627
418,3636
139,3648
381,3649
361,3664
497,3668
42,3669
20,3705
180,3718
470,3727
241,3740
83,3743
495,3746
209,3755
138,3759
341,3762
34,3764
147,3778
152,3779
291,3781
30,3792
37,3808
85,3828
299,3845
197,3847
151,3855
397,3860
260,3870
300,3872
254,3880
404,3892
296,3931
2,3942
9,3948
400,3957
35,3986
382,3987
280,3991
265,3999
130,4020
467,4020
140,4030
15,4033
257,4043
429,4054
218,4059
290,4068
326,4073
370,4124
41,4174
342,4182
189,4190
498,4193
117,4197
43,4211
376,4212
395,4228
71,4237
26,4267
288,4278
263,4286
374,4318
183,4339
388,4344
462,4347
486,4370
46,4372
81,4377
125,4377
96,4390
221,4416
193,4418
242,4424
394,4439
371,4489
316,4496
10,4499
173,4518
298,4537
165,4586
219,4605
104,4624
364,4642
314,4655
166,4659
354,4680
295,4681
396,4688
48,4689
38,4749
424,4756
171,4804
11,4814
271,4822
98,4829
391,4848
159,4851
69,4861
131,4902
68,4921
19,4978
32,5005
145,5053
191,5071
456,5084
461,5084
297,5096
375,5168
111,5173
285,5293
335,5336
474,5353
256,5502
174,5535
243,5557
372,5587
114,5614
172,5618
246,5929
313,5932
146,5995
45,6061
52,6250
334,6363
223,6504
464,6564
73,6884
353,7204
252,7651
360,8081
207,8526

simblock.block.ProofOfWorkBlock@3cba978d:85
285,0
126,576
365,818
33,1058
111,1152
150,1295
240,1390
277,1392
468,1532
132,1626
362,1635
294,1720
56,1723
323,1771
486,1870
300,1872
254,1883
431,1963
497,1966
317,2012
402,2053
479,2108
301,2113
268,2201
108,2213
459,2235
436,2347
397,2351
488,2356
210,2387
112,2442
228,2448
75,2452
358,2452
120,2469
7,2564
249,2587
273,2597
198,2683
202,2688
192,2690
147,2691
258,2695
494,2720
29,2800
413,2900
82,2928
231,2929
289,2931
131,2938
166,2943
352,3018
440,3034
71,3079
472,3137
353,3175
376,3177
417,3232
178,3260
36,3261
214,3275
312,3356
272,3373
251,3419
177,3429
122,3468
243,3480
215,3513
60,3590
321,3592
121,3607
9,3641
384,3680
155,3705
58,3705
59,3746
451,3754
361,3761
337,3801
454,3920
62,3922
44,3941
347,3984
182,4013
420,4014
110,4035
31,4039
400,4053
55,4086
100,4130
83,4222
278,4249
443,4252
159,4254
253,4272
412,4348
143,4369
250,4374
184,4418
279,4472
262,4565
320,4579
24,4587
363,4604
93,4608
434,4673
16,4688
88,4699
180,4707
366,4747
255,4818
206,4895
305,4910
458,4919
89,4935
482,4940
406,5019
309,5036
135,5089
38,5107
46,5217
336,5228
296,5230
373,5252
302,5265
118,5269
334,5343
346,5350
471,5419
138,5440
378,5519
164,5559
449,5582
211,5598
208,5612
422,5685
474,5750
368,5753
385,5760
186,5894
259,5942
53,5946
441,5955
99,6042
194,6089
274,6285
419,6286
119,6299
374,6301
183,6339
270,6420
299,6457
264,6616
467,6686
227,6711
447,6754
452,6757
465,6844
391,6868
286,6952
297,7081
216,7085
219,7162
333,7291
34,7393
98,7486
81,7495
67,7906
205,8051
263,8310
163,8698
341,8722
204,9344
248,9990
261,10635
196,11280

simblock.block.ProofOfWorkBlock@4daa92e9:86
230,0
402,489
352,691
64,893
413,979
95,1097
368,1182
447,1194
184,1298
62,1386
485,1390
16,1401
176,1470
328,1499
417,1587
58,1591
82,1601
196,1605
190,1672
282,1673
270,1686
185,1702
105,1790
53,1798
84,1799
489,1806
348,1807
214,1873
345,1874
70,1879
154,1881
333,1888
412,1893
337,1914
12,1962
307,1993
471,1996
466,2000
330,2002
426,2016
350,2016
338,2076
94,2079
213,2081
88,2082
449,2084
432,2085
261,2089
435,2092
283,2096
107,2097
427,2119
475,2167
170,2167
226,2173
136,2177
121,2194
179,2197
399,2202
366,2206
487,2210
477,2218
167,2220
205,2280
304,2284
236,2285
319,2286
448,2288
72,2290
66,2290
164,2291
57,2292
430,2292
44,2296
250,2298
294,2299
454,2300
450,2300
63,2365
482,2366
140,2374
212,2375
21,2375
194,2378
262,2381
266,2381
77,2387
478,2391
491,2396
473,2402
343,2405
122,2412
440,2422
178,2433
382,2440
500,2453
93,2481
118,2486
13,2489
373,2490
203,2491
332,2493
233,2495
279,2497
135,2497
356,2497
188,2499
133,2501
51,2501
405,2502
204,2502
24,2516
46,2521
291,2522
143,2576
422,2577
305,2577
414,2577
457,2579
255,2582
78,2582
306,2583
419,2583
336,2587
483,2589
1,2590
186,2593
311,2597
8,2598
36,2602
89,2607
274,2610
362,2612
61,2612
406,2615
198,2615
278,2623
458,2635
157,2639
199,2658
401,2663
113,2665
103,2669
211,2686
128,2689
293,2691
428,2693
3,2694
100,2696
312,2696
124,2697
315,2698
472,2698
202,2699
408,2701
209,2702
420,2702
346,2704
309,2704
116,2706
156,2713
182,2714
460,2729
493,2730
411,2757
303,2774
25,2778
499,2780
389,2782
91,2783
27,2787
180,2788
321,2789
443,2789
22,2791
208,2791
129,2791
155,2794
437,2794
216,2799
494,2799
239,2800
267,2804
393,2812
73,2816
231,2819
439,2823
201,2829
86,2830
149,2836
292,2839
237,2841
415,2842
253,2846
56,2854
28,2857
148,2859
476,2862
438,2864
441,2866
410,2871
351,2872
39,2877
224,2879
92,2892
453,2895
168,2897
409,2898
369,2899
367,2899
7,2905
363,2906
85,2907
240,2913
496,2913
60,2916
238,2919
313,2922
177,2934
342,2936
102,2940
54,2979
162,2980
286,2984
272,2990
127,2992
492,2992
55,2994
210,2994
160,2996
163,3001
380,3003
459,3004
18,3007
220,3014
137,3015
404,3018
465,3018
120,3019
308,3026
65,3028
192,3029
275,3031
90,3032
280,3033
59,3038
451,3045
392,3051
48,3053
431,3054
374,3059
407,3061
109,3064
287,3069
340,3073
370,3075
302,3087
96,3093
324,3096
112,3097
425,3100
318,3100
310,3101
181,3104
158,3105
433,3110
161,3111
490,3116
264,3117
388,3126
119,3127
169,3129
40,3130
376,3132
329,3137
442,3146
75,3146
390,3156
289,3159
394,3162
110,3163
391,3169
488,3181
387,3195
104,3195
484,3198
386,3202
381,3211
257,3212
47,3217
384,3224
320,3230
327,3232
14,3240
153,3241
463,3245
355,3246
298,3249
365,3250
41,3262
139,3290
108,3306
339,3311
353,3320
281,3323
228,3328
347,3329
20,3329
497,3329
80,3333
235,3336
418,3342
111,3346
23,3346
215,3348
5,3348
34,3354
43,3357
314,3369
126,3370
19,3379
344,3384
6,3385
248,3410
165,3416
358,3416
17,3418
76,3419
123,3419
247,3421
470,3424
357,3432
455,3433
32,3433
300,3434
134,3440
249,3441
101,3442
377,3444
254,3454
189,3457
52,3472
263,3472
83,3477
195,3482
260,3494
207,3495
145,3505
486,3514
15,3518
45,3519
456,3521
379,3526
191,3534
87,3546
67,3558
222,3566
242,3570
276,3572
271,3591
229,3592
31,3612
79,3623
268,3626
297,3631
397,3644
446,3645
200,3647
49,3651
378,3656
316,3663
4,3664
117,3666
50,3668
375,3669
331,3669
81,3684
11,3692
106,3697
74,3699
468,3731
187,3749
452,3750
359,3751
361,3751
364,3765
424,3770
219,3775
258,3795
474,3797
206,3815
99,3817
183,3833
218,3834
277,3843
171,3846
35,3854
10,3855
322,3856
400,3856
115,3866
217,3871
172,3889
481,3904
317,3907
416,3909
265,3925
30,3951
429,3963
175,3964
464,3966
241,3969
2,4010
29,4019
299,4020
150,4049
385,4066
269,4068
147,4072
323,4086
423,4097
290,4098
498,4114
221,4126
479,4148
225,4158
243,4160
480,4172
296,4179
445,4221
138,4245
398,4277
495,4282
444,4284
71,4289
193,4291
142,4294
395,4302
152,4317
234,4325
131,4367
141,4382
166,4386
244,4389
223,4395
227,4410
349,4485
259,4538
301,4593
462,4597
9,4606
159,4641
461,4673
232,4686
37,4687
434,4702
469,4707
341,4747
42,4799
256,4818
383,4918
251,4956
174,4988
245,5011
97,5022
68,5025
151,5115
360,5115
295,5158
132,5232
144,5273
146,5274
26,5325
436,5431
334,5453
371,5453
421,5551
125,5562
325,5595
130,5641
326,5756
273,5867
33,5920
372,5942
467,5945
354,6008
396,6073
335,6077
285,6188
114,6234
197,6389
173,6430
69,6497
288,6623
252,6689
403,6703
246,7050
98,7117
38,7134
284,7565

simblock.block.ProofOfWorkBlock@785bff4d:87
457,0
450,492
208,697
393,910
428,983
264,1113
168,1184
129,1192
250,1315
346,1385
496,1394
420,1398
253,1474
60,1523
190,1595
311,1601
85,1604
348,1609
427,1676
92,1685
163,1696
213,1725
483,1797
412,1805
196,1808
202,1815
305,1816
21,1878
307,1882
336,1885
137,1886
433,1888
24,1897
204,1926
18,1968
167,1998
113,2007
154,2010
148,2018
338,2020
205,2026
91,2079
62,2083
407,2087
12,2089
437,2090
156,2091
118,2098
16,2099
440,2103
116,2104
66,2129
402,2170
206,2173
233,2189
185,2192
319,2209
310,2211
485,2220
77,2221
275,2222
488,2282
294,2288
178,2288
226,2291
31,2292
84,2297
36,2297
309,2297
210,2300
133,2307
261,2310
40,2311
363,2312
224,2312
131,2315
162,2331
245,2341
70,2372
490,2375
231,2379
55,2381
184,2385
439,2386
262,2391
344,2394
272,2395
435,2409
283,2414
493,2423
107,2424
63,2426
458,2428
90,2429
161,2437
274,2460
410,2489
352,2492
417,2498
13,2498
176,2498
443,2498
413,2500
476,2500
473,2502
286,2504
366,2508
93,2508
500,2509
447,2510
127,2512
110,2515
86,2532
255,2534
54,2534
357,2558
201,2574
53,2576
153,2576
230,2581
7,2583
158,2584
72,2585
78,2587
419,2588
405,2589
471,2589
368,2593
200,2596
351,2602
248,2616
278,2616
459,2616
214,2626
350,2628
449,2631
337,2633
431,2636
236,2638
472,2642
11,2646
343,2648
298,2658
408,2666
477,2668
320,2670
332,2691
312,2694
155,2700
425,2701
466,2701
160,2701
422,2706
180,2706
293,2709
453,2710
401,2711
499,2711
330,2716
282,2717
494,2733
303,2737
266,2738
52,2755
460,2765
321,2776
194,2776
57,2777
409,2781
1,2790
164,2790
199,2791
377,2792
306,2792
105,2793
25,2794
426,2795
430,2802
188,2803
122,2803
44,2806
64,2811
132,2819
100,2819
35,2823
124,2825
89,2830
75,2833
136,2835
394,2841
406,2841
492,2850
42,2853
389,2859
182,2889
95,2891
369,2893
475,2898
82,2902
121,2902
432,2903
478,2904
8,2908
328,2912
94,2913
197,2914
497,2916
203,2919
304,2920
345,2921
487,2929
130,2930
96,2931
367,2940
144,2952
376,2956
19,2960
103,2962
287,2967
333,2970
239,2977
56,2979
392,2979
235,2988
27,2990
135,2991
51,2992
448,2994
279,2995
211,2997
39,2999
128,3000
170,3001
251,3002
212,3004
414,3006
4,3012
191,3015
87,3022
179,3025
442,3032
157,3034
249,3042
445,3043
22,3052
308,3056
290,3063
340,3064
29,3065
145,3074
378,3080
353,3098
441,3098
216,3098
267,3105
292,3108
484,3109
324,3111
140,3112
143,3117
209,3118
102,3125
273,3125
356,3134
398,3138
280,3138
73,3139
119,3139
381,3140
247,3140
323,3143
359,3143
48,3147
83,3147
281,3151
464,3165
347,3167
386,3178
172,3186
259,3198
270,3207
436,3214
237,3214
14,3215
58,3219
451,3219
415,3219
455,3226
149,3226
358,3230
329,3231
316,3234
186,3236
370,3239
454,3244
106,3249
2,3249
387,3256
49,3261
334,3261
114,3276
470,3282
373,3290
6,3290
268,3292
76,3300
429,3305
120,3313
418,3314
234,3316
74,3319
117,3321
61,3322
424,3328
315,3336
362,3338
300,3339
17,3340
134,3348
32,3352
47,3357
198,3358
284,3360
142,3362
254,3373
491,3382
331,3390
67,3397
416,3397
189,3406
28,3410
65,3413
228,3420
177,3422
20,3424
355,3425
480,3429
468,3433
225,3435
317,3436
339,3438
399,3448
192,3453
104,3462
220,3462
43,3462
396,3466
187,3470
141,3470
151,3471
46,3484
341,3501
354,3519
482,3523
291,3535
277,3541
150,3545
244,3550
360,3566
364,3568
215,3570
112,3572
41,3580
229,3587
361,3587
80,3595
252,3595
379,3596
59,3607
302,3612
444,3631
327,3634
126,3637
88,3640
446,3653
438,3656
221,3658
299,3659
390,3663
23,3672
297,3682
301,3699
318,3705
50,3717
260,3728
388,3729
313,3737
397,3740
276,3740
479,3745
227,3759
241,3760
289,3770
111,3771
400,3786
9,3788
469,3793
325,3803
382,3830
263,3839
489,3842
403,3843
169,3871
374,3890
481,3890
97,3890
34,3893
395,3894
101,3894
322,3904
123,3911
222,3922
165,3928
159,3949
207,3973
125,3987
45,4009
349,4016
385,4019
10,4020
175,4059
15,4063
3,4070
108,4076
68,4085
193,4102
372,4140
166,4145
498,4156
411,4157
462,4174
5,4192
195,4206
486,4210
79,4213
371,4215
463,4226
152,4238
285,4250
421,4257
246,4321
335,4324
33,4337
139,4357
218,4379
232,4381
258,4391
219,4424
271,4448
147,4471
434,4475
98,4489
181,4490
257,4506
71,4546
365,4566
404,4574
467,4628
146,4654
243,4705
37,4706
115,4725
269,4785
314,4786
383,4805
461,4823
240,4826
173,4829
384,4889
456,4905
326,5034
26,5101
342,5122
109,5153
375,5210
288,5215
183,5314
296,5322
238,5442
495,5474
138,5482
217,5534
99,5666
265,5766
380,5791
81,5872
171,5965
295,5971
174,6109
465,6113
69,6254
30,6302
452,6397
423,6542
242,6754
38,6969
223,7203
256,7402
474,7839
391,8267

simblock.block.ProofOfWorkBlock@22d0425f:88
33,0
285,589
300,831
132,1068
150,1160
273,1323
131,1401
126,1408
301,1567
35,1637
384,1640
317,1648
479,1737
365,1805
130,1874
376,1882
468,1887
281,1891
215,1971
249,1975
240,1989
397,2043
394,2114
75,2122
323,2127
134,2133
120,2134
5,2208
361,2210
416,2214
381,2224
436,2232
59,2311
210,2318
370,2352
177,2363
298,2372
454,2374
111,2374
362,2382
159,2448
269,2449
318,2452
49,2453
87,2458
47,2461
486,2470
352,2472
166,2473
398,2548
175,2552
37,2565
268,2571
192,2602
292,2604
325,2610
355,2613
464,2618
254,2620
294,2649
462,2690
331,2691
480,2692
327,2692
182,2693
347,2694
277,2700
385,2703
60,2706
455,2709
326,2714
483,2727
359,2786
251,2787
197,2790
228,2790
141,2792
404,2794
289,2802
97,2803
312,2806
443,2806
495,2808
128,2811
280,2849
424,2859
451,2869
353,2884
383,2928
379,2929
32,2930
358,2933
349,2934
220,2936
85,2937
272,2942
17,2943
258,2944
109,2946
237,2948
422,2948
411,2950
413,2952
429,2957
329,2960
153,2974
164,2982
8,2985
302,3023
465,3027
342,3027
169,3030
56,3033
278,3039
490,3042
165,3043
2,3045
241,3046
114,3046
257,3049
112,3055
345,3058
306,3093
187,3095
119,3122
339,3123
205,3124
434,3134
458,3135
202,3135
463,3151
225,3152
46,3167
42,3171
147,3172
52,3176
388,3176
200,3176
198,3178
14,3180
76,3182
497,3183
96,3183
390,3196
73,3196
144,3199
410,3246
389,3249
295,3255
26,3261
117,3266
218,3268
500,3269
123,3270
396,3270
4,3273
118,3275
65,3276
235,3278
11,3279
127,3280
338,3280
406,3286
102,3290
7,3292
77,3297
18,3302
471,3304
3,3304
332,3311
267,3319
6,3333
419,3354
194,3360
63,3365
494,3368
90,3372
445,3374
28,3375
377,3377
20,3378
427,3382
213,3384
40,3386
146,3386
261,3390
245,3391
203,3400
238,3407
380,3413
313,3413
244,3414
74,3418
149,3423
101,3424
405,3432
316,3444
64,3452
93,3455
83,3455
340,3456
457,3456
19,3463
103,3464
204,3465
62,3466
291,3466
122,3469
31,3469
304,3483
499,3484
255,3485
446,3486
324,3489
106,3498
236,3506
209,3507
199,3511
57,3512
343,3513
248,3514
170,3521
403,3521
442,3522
401,3525
366,3534
34,3535
418,3538
469,3538
184,3550
163,3553
266,3579
230,3580
425,3598
315,3599
485,3599
179,3603
162,3607
253,3610
135,3616
420,3619
430,3620
39,3620
417,3622
21,3640
15,3657
168,3660
145,3664
191,3669
176,3671
53,3687
190,3691
110,3694
140,3701
231,3702
431,3704
29,3709
221,3712
428,3715
415,3717
157,3721
265,3723
61,3724
22,3728
310,3737
303,3744
160,3744
466,3744
48,3748
234,3748
50,3761
382,3761
470,3762
224,3766
116,3769
181,3770
108,3776
151,3780
350,3781
247,3781
133,3783
279,3785
351,3788
433,3796
137,3796
321,3797
58,3800
70,3803
171,3808
80,3819
421,3833
206,3835
409,3845
450,3854
395,3859
423,3868
386,3870
27,3871
212,3883
13,3888
94,3895
375,3908
475,3929
489,3935
214,3945
438,3949
211,3951
477,3957
346,3962
348,3994
125,3998
283,4001
293,4006
195,4007
260,4013
333,4016
496,4023
1,4025
400,4026
189,4027
78,4033
387,4039
328,4040
373,4040
435,4047
86,4055
492,4058
296,4069
92,4072
476,4073
113,4075
129,4075
426,4093
491,4098
344,4098
271,4105
167,4108
222,4114
407,4116
263,4119
414,4125
24,4127
488,4129
152,4136
25,4166
335,4178
100,4183
444,4189
68,4206
456,4208
246,4212
23,4250
276,4250
330,4264
473,4266
242,4276
69,4281
336,4281
262,4287
16,4293
142,4303
360,4317
136,4330
270,4336
105,4338
297,4341
286,4347
95,4375
307,4377
66,4377
51,4386
36,4388
45,4388
448,4405
186,4405
155,4407
453,4412
156,4429
161,4429
79,4431
250,4434
72,4446
115,4455
88,4459
82,4465
371,4472
372,4477
124,4498
233,4519
43,4556
30,4588
158,4601
412,4623
288,4641
185,4662
408,4671
208,4679
282,4681
256,4686
229,4687
367,4706
356,4717
459,4721
399,4734
226,4735
188,4740
196,4746
98,4758
447,4761
239,4762
154,4778
139,4784
143,4788
178,4796
437,4853
314,4858
290,4881
227,4902
99,4980
172,4984
482,4999
148,5007
481,5008
357,5011
89,5013
337,5050
449,5052
432,5069
478,5072
369,5079
84,5091
207,5092
9,5093
275,5093
368,5119
309,5188
10,5191
38,5192
474,5206
217,5285
232,5311
319,5328
311,5340
264,5347
55,5348
243,5377
320,5384
12,5400
121,5408
440,5410
461,5426
44,5427
441,5441
107,5453
193,5457
322,5497
439,5519
252,5597
378,5601
334,5613
274,5674
363,5676
91,5678
174,5687
402,5716
54,5736
460,5744
484,5747
487,5776
391,5782
223,5784
392,5852
374,5859
472,6008
216,6010
305,6046
308,6077
41,6095
287,6111
341,6142
173,6183
299,6186
201,6189
67,6266
180,6341
493,6407
71,6419
364,6499
393,6521
138,6545
104,6596
284,6676
498,6748
259,6780
467,6803
354,6878
183,7181
81,7208
219,7584
452,7989

simblock.block.ProofOfWorkBlock@54f13c8a:89
308,0
94,488
39,690
357,892
107,978
95,1102
282,1180
140,1186
472,1304
261,1383
368,1387
414,1393
157,1468
475,1507
70,1586
155,1591
406,1591
286,1602
419,1668
16,1670
27,1676
343,1708
459,1787
1,1792
60,1795
439,1796
303,1806
93,1873
124,1879
255,1883
345,1893
135,1893
178,1895
339,1966
392,1997
230,1997
338,2001
170,2002
422,2008
214,2009
382,2036
88,2078
212,2084
127,2085
447,2087
137,2089
287,2090
7,2090
92,2094
315,2095
176,2098
407,2161
310,2167
264,2168
270,2185
24,2197
122,2198
210,2204
363,2204
387,2212
454,2215
53,2224
485,2279
377,2286
440,2287
389,2289
336,2289
304,2290
307,2291
309,2291
478,2293
369,2295
352,2295
31,2299
63,2299
253,2309
233,2331
384,2350
402,2368
491,2370
348,2370
333,2370
77,2374
483,2387
473,2388
408,2391
432,2394
427,2399
417,2403
62,2408
167,2409
25,2418
441,2418
143,2426
153,2458
201,2482
51,2487
445,2490
21,2491
350,2493
435,2494
121,2495
451,2495
128,2496
44,2497
306,2500
168,2501
457,2506
203,2508
106,2509
185,2510
200,2510
460,2523
494,2524
204,2534
64,2570
216,2571
57,2571
415,2573
154,2575
58,2576
340,2577
36,2580
433,2584
164,2590
110,2591
321,2592
12,2597
89,2599
430,2603
487,2605
169,2607
351,2610
337,2612
403,2613
188,2622
18,2656
8,2661
49,2664
366,2665
283,2678
471,2689
262,2690
367,2692
332,2693
196,2695
136,2695
206,2696
344,2698
100,2698
443,2699
54,2700
329,2711
66,2713
184,2713
311,2713
85,2714
103,2715
489,2726
150,2729
186,2729
11,2733
448,2735
241,2755
205,2756
279,2772
412,2775
490,2775
428,2782
199,2783
488,2786
55,2789
330,2791
386,2792
202,2792
356,2794
409,2798
162,2800
477,2806
426,2807
425,2808
156,2808
78,2809
399,2811
179,2818
302,2826
289,2831
269,2837
496,2842
5,2845
46,2847
434,2849
224,2860
373,2861
450,2862
293,2864
458,2869
476,2878
346,2879
319,2883
211,2895
231,2898
413,2901
493,2901
72,2903
118,2906
13,2911
285,2911
22,2915
410,2915
328,2917
248,2917
76,2920
272,2922
404,2928
151,2929
158,2932
275,2933
324,2956
420,2958
180,2974
161,2977
148,2978
15,2981
370,2981
266,2985
190,2994
274,2995
226,3000
181,3004
464,3006
320,3009
250,3010
281,3016
449,3016
499,3021
305,3024
108,3030
468,3031
117,3031
298,3032
247,3039
52,3045
398,3047
479,3047
465,3055
40,3055
235,3064
144,3071
160,3080
113,3085
105,3087
4,3088
213,3106
177,3108
84,3108
484,3114
312,3115
453,3117
278,3118
482,3122
376,3123
74,3128
159,3132
37,3132
163,3133
388,3135
245,3139
254,3145
123,3149
381,3152
48,3159
236,3159
437,3161
102,3174
393,3177
91,3177
86,3183
73,3192
267,3200
492,3203
2,3207
75,3209
23,3211
82,3212
401,3228
133,3228
442,3228
411,3235
215,3235
444,3235
362,3238
396,3248
331,3255
26,3274
30,3278
240,3282
208,3282
500,3289
228,3290
273,3292
80,3300
14,3301
418,3315
470,3319
17,3320
358,3327
3,3329
129,3329
429,3330
10,3331
323,3332
175,3341
20,3341
291,3356
296,3358
61,3360
461,3364
327,3368
317,3369
34,3375
239,3385
446,3388
383,3403
101,3406
244,3408
466,3413
455,3421
424,3425
116,3430
238,3430
130,3436
194,3437
486,3439
209,3439
316,3442
120,3447
19,3449
397,3459
400,3459
322,3464
497,3468
145,3470
438,3470
138,3491
436,3492
495,3493
326,3531
146,3536
29,3539
480,3543
50,3545
189,3551
232,3553
405,3564
197,3569
222,3575
290,3584
28,3588
252,3605
385,3609
83,3613
416,3619
47,3630
353,3634
68,3638
59,3643
112,3646
56,3656
126,3670
79,3676
182,3686
295,3712
87,3715
69,3726
359,3728
474,3732
300,3736
294,3740
198,3745
99,3748
421,3750
463,3752
134,3755
96,3756
335,3762
313,3764
365,3780
301,3782
227,3799
391,3804
6,3808
265,3810
114,3813
374,3849
452,3854
165,3857
394,3864
195,3877
109,3883
349,3884
142,3898
111,3903
45,3903
125,3909
187,3931
462,3931
347,3959
191,3962
390,3978
172,3980
42,4004
166,4047
355,4059
183,4061
32,4062
174,4063
149,4065
90,4073
218,4074
249,4098
33,4100
380,4128
263,4167
469,4180
271,4183
223,4183
192,4184
97,4200
379,4204
259,4211
251,4221
256,4246
354,4248
141,4248
498,4276
35,4300
237,4319
147,4367
258,4383
280,4383
299,4389
242,4400
131,4417
234,4443
65,4505
395,4506
98,4512
277,4522
364,4533
361,4537
481,4612
342,4620
378,4627
467,4668
119,4671
219,4675
375,4680
371,4688
292,4695
372,4760
217,4810
81,4813
152,4821
132,4827
423,4829
225,4839
229,4865
139,4872
268,4936
341,4937
67,4964
456,4969
325,4988
38,5044
260,5104
173,5183
104,5254
318,5266
284,5267
71,5272
334,5292
243,5297
314,5304
220,5325
288,5379
193,5397
297,5532
41,5532
257,5583
360,5683
246,5695
207,5756
115,5792
43,5808
431,5902
171,6184
9,6330
276,6757
221,7185

simblock.block.ProofOfWorkBlock@1cf1734b:89
234,0
76,580
144,818
90,1056
198,1155
52,1294
74,1394
149,1396
309,1631
403,1632
355,1635
281,1643
486,1732
446,1862
258,1877
431,1879
251,1881
110,1962
192,1966
218,1969
370,1977
197,2100
97,2117
349,2121
167,2207
424,2209
11,2210
102,2214
329,2215
181,2223
150,2303
324,2305
73,2337
42,2362
273,2448
26,2450
5,2451
340,2455
37,2456
35,2456
166,2458
6,2460
111,2464
416,2536
316,2543
147,2547
21,2548
421,2575
141,2600
356,2635
359,2667
463,2686
249,2688
280,2689
151,2695
394,2696
119,2699
384,2708
39,2709
75,2713
479,2713
209,2775
300,2784
305,2784
397,2786
228,2788
91,2806
130,2812
469,2840
287,2877
331,2924
182,2927
235,2932
19,2936
48,2939
277,2940
134,2954
444,2955
475,2969
368,3004
240,3012
304,3019
390,3022
108,3025
381,3025
301,3033
257,3034
126,3036
462,3043
82,3043
185,3046
109,3056
118,3119
87,3122
158,3137
323,3168
291,3171
417,3172
382,3175
325,3176
117,3190
358,3192
438,3194
84,3210
215,3253
216,3253
112,3260
497,3265
120,3266
318,3272
429,3274
59,3275
53,3275
365,3278
241,3279
14,3280
206,3300
432,3348
160,3355
442,3365
93,3376
24,3388
56,3406
99,3408
395,3410
436,3410
169,3415
20,3416
326,3435
136,3449
196,3468
157,3500
164,3501
268,3503
455,3512
404,3517
317,3520
132,3520
36,3522
29,3525
125,3573
267,3583
22,3592
386,3592
210,3597
161,3601
385,3603
426,3604
465,3604
408,3612
44,3616
70,3630
175,3657
13,3677
337,3685
294,3705
64,3721
7,3737
122,3750
457,3752
379,3757
289,3760
2,3762
233,3769
496,3782
420,3797
94,3832
440,3834
208,3837
480,3842
261,3843
389,3857
448,3914
472,3923
405,3924
66,3926
449,3934
199,3937
499,3941
330,3944
211,3946
214,3970
271,3980
492,3987
15,3994
225,4003
493,4008
353,4011
369,4025
200,4026
485,4040
58,4055
16,4066
327,4077
54,4082
471,4092
33,4106
437,4110
482,4114
483,4126
60,4126
343,4163
272,4165
202,4173
367,4178
350,4189
124,4194
49,4234
190,4243
237,4251
239,4254
466,4255
278,4263
459,4272
186,4272
307,4275
121,4280
133,4310
65,4315
490,4331
115,4331
194,4344
72,4349
292,4354
478,4354
399,4359
77,4369
284,4384
178,4385
270,4397
176,4431
393,4445
89,4446
445,4461
78,4463
319,4495
250,4496
489,4503
143,4517
428,4519
63,4526
282,4567
441,4572
137,4583
409,4584
253,4588
212,4598
27,4611
461,4631
25,4647
315,4649
453,4663
229,4675
447,4677
3,4681
414,4688
352,4689
363,4694
467,4699
179,4716
148,4729
481,4735
183,4764
201,4775
338,4793
274,4797
458,4825
18,4835
435,4839
189,4842
173,4844
357,4856
348,4899
286,4911
127,4918
295,4920
95,4921
451,4939
406,4942
430,4979
344,4982
299,4987
135,5014
1,5018
500,5019
31,5059
332,5059
371,5074
68,5083
43,5091
373,5107
180,5162
345,5167
400,5168
116,5178
339,5187
195,5201
105,5236
236,5244
302,5252
364,5253
283,5270
366,5312
297,5316
322,5330
146,5345
232,5347
473,5350
85,5354
23,5395
213,5409
67,5419
392,5438
375,5467
217,5486
312,5492
172,5497
204,5498
223,5541
45,5561
55,5570
256,5572
336,5573
28,5582
310,5606
402,5644
221,5659
51,5686
140,5745
227,5748
335,5766
476,5791
155,5823
452,5825
341,5877
41,5908
328,5914
231,5938
263,5948
81,5964
498,5976
107,5978
242,5983
171,6091
38,6093
259,6110
484,6128
226,6244
88,6271
30,6296
193,6325
456,6372
138,6384
288,6388
439,6457
423,6500
374,6526
224,6620
252,6648
290,6706
10,6733
380,6779
219,6793
354,6816
142,6930
184,6951
139,7073
296,7136
334,7196
96,7232
86,7287
314,7336
34,7554
422,7617
269,7681
413,7952
411,8139
243,8347
333,8637
9,8770
156,9127
474,9177
98,9582
188,9619

simblock.block.ProofOfWorkBlock@16fd1a93:90
394,0
97,569
313,814
358,1056
251,1139
147,1293
225,1381
323,1386
74,1548
379,1620
90,1627
111,1631
19,1711
281,1787
249,1865
117,1869
87,1872
277,1951
434,1952
445,1954
285,1973
347,2029
56,2108
134,2108
486,2110
192,2117
469,2192
166,2193
411,2201
108,2202
234,2205
455,2213
132,2272
215,2282
89,2293
257,2347
442,2348
258,2348
438,2354
35,2363
48,2432
370,2438
479,2438
381,2441
462,2442
431,2443
22,2444
468,2446
126,2448
497,2457
182,2513
465,2522
353,2524
175,2549
33,2553
385,2586
245,2593
384,2594
102,2603
292,2605
336,2622
185,2651
403,2676
150,2676
332,2679
165,2681
177,2682
59,2686
65,2686
220,2687
228,2688
120,2690
365,2697
480,2750
436,2765
424,2766
197,2766
356,2766
198,2767
151,2770
52,2776
136,2780
11,2782
181,2792
283,2797
200,2799
444,2833
191,2836
291,2845
419,2853
218,2857
130,2860
499,2881
202,2884
5,2920
26,2923
247,2924
144,2927
470,2929
316,2929
63,2932
273,2934
373,2934
14,2938
266,2940
112,2948
31,2953
331,2991
404,3004
380,3006
240,3009
289,3015
320,3016
76,3018
42,3020
346,3020
280,3021
235,3022
305,3022
272,3024
345,3028
101,3029
47,3031
80,3031
349,3042
329,3070
342,3094
337,3097
122,3097
496,3110
153,3113
269,3118
83,3128
490,3133
163,3144
187,3157
361,3163
421,3164
238,3165
244,3165
318,3167
300,3167
160,3168
72,3171
286,3174
15,3178
37,3178
8,3184
301,3186
149,3188
85,3195
427,3195
1,3199
311,3215
88,3220
298,3249
446,3251
2,3251
222,3252
268,3254
418,3254
119,3259
428,3261
168,3262
254,3264
406,3266
44,3268
17,3269
36,3270
388,3279
396,3282
141,3285
488,3288
412,3290
422,3295
262,3296
294,3298
326,3310
123,3321
248,3321
399,3330
131,3331
355,3339
359,3342
6,3345
491,3346
303,3347
430,3348
73,3352
351,3352
362,3359
39,3360
339,3363
440,3365
270,3366
420,3368
158,3378
278,3379
18,3380
146,3383
100,3387
327,3397
459,3399
109,3402
46,3406
390,3406
204,3409
397,3423
416,3424
367,3426
25,3430
176,3431
463,3434
398,3442
287,3445
32,3453
12,3461
64,3461
500,3471
495,3483
241,3490
317,3493
61,3496
382,3500
464,3505
70,3505
456,3514
414,3517
93,3522
205,3527
13,3528
91,3530
82,3538
377,3543
194,3544
413,3555
352,3560
209,3569
408,3584
460,3584
162,3585
230,3586
103,3590
66,3592
155,3593
338,3596
393,3599
229,3600
62,3600
429,3606
435,3609
274,3610
116,3611
75,3613
190,3620
328,3622
264,3626
344,3635
494,3640
439,3645
383,3645
159,3649
49,3662
475,3662
401,3667
363,3668
133,3682
312,3683
221,3683
279,3683
53,3689
375,3694
489,3694
448,3697
124,3698
343,3704
96,3714
306,3727
212,3727
432,3728
237,3731
208,3733
127,3738
128,3741
449,3742
256,3747
164,3759
169,3761
310,3762
282,3763
138,3775
94,3776
340,3778
3,3785
255,3785
188,3790
400,3790
114,3798
106,3799
86,3802
174,3809
203,3814
451,3831
24,3836
20,3842
478,3849
43,3854
224,3857
483,3861
443,3867
376,3867
461,3873
129,3875
110,3888
161,3898
58,3899
350,3917
325,3920
477,3921
267,3924
172,3927
453,3931
21,3931
170,3931
95,3933
253,3947
154,3947
387,3949
433,3951
319,3959
308,3977
392,3982
186,3997
57,4017
315,4019
366,4020
179,4032
386,4032
152,4034
157,4038
357,4066
304,4068
302,4077
60,4078
201,4091
472,4092
54,4095
271,4098
360,4101
30,4104
214,4116
51,4131
409,4136
284,4150
184,4164
330,4167
485,4179
69,4186
276,4189
29,4190
196,4195
321,4202
107,4224
84,4228
260,4231
348,4255
333,4257
293,4264
211,4277
27,4279
38,4303
92,4307
233,4311
309,4326
145,4327
299,4329
410,4340
206,4349
50,4354
454,4363
493,4367
372,4370
290,4381
45,4395
275,4400
137,4411
104,4421
395,4426
28,4434
368,4440
322,4441
261,4445
482,4447
415,4467
183,4478
447,4494
407,4501
227,4509
457,4512
231,4521
239,4558
487,4560
105,4585
77,4591
195,4601
121,4609
307,4610
437,4641
369,4646
79,4672
180,4675
324,4683
78,4702
473,4703
378,4716
450,4733
226,4741
199,4769
210,4770
492,4777
40,4803
246,4825
471,4826
156,4838
236,4842
68,4849
402,4855
173,4867
417,4887
391,4916
99,4921
425,4925
441,4938
143,4943
484,4975
466,5020
7,5033
426,5081
334,5092
405,5100
458,5107
125,5113
135,5155
178,5168
4,5172
216,5184
296,5212
71,5244
118,5274
364,5279
223,5285
476,5305
297,5334
41,5335
113,5350
16,5369
55,5487
288,5496
474,5510
217,5517
252,5519
265,5529
354,5540
193,5616
335,5686
371,5690
171,5690
140,5698
467,5732
207,5742
115,5748
81,5893
23,5899
189,5921
295,5925
139,5927
9,6020
389,6031
232,6093
10,6095
98,6145
219,6158
452,6303
34,6307
423,6330
167,6361
243,6425
148,6698
263,6718
481,6736
213,7041
67,7125
498,7140
250,7374
341,7532
242,7546
259,7732
374,8138
142,8554
314,8958

simblock.block.ProofOfWorkBlock@1ae2a786:91
361,0
438,570
269,816
404,1056
247,1168
131,1297
403,1390
134,1425
201,1631
465,1631
222,1636
281,1663
17,1745
228,1868
479,1870
411,1873
291,1901
251,1958
93,1960
73,1983
470,1996
101,2113
300,2115
130,2116
453,2120
37,2210
362,2211
446,2225
8,2233
59,2235
444,2236
205,2290
468,2317
270,2320
148,2322
166,2352
159,2361
486,2444
379,2444
235,2447
129,2451
257,2454
415,2457
90,2466
150,2467
273,2472
326,2475
218,2479
469,2527
21,2545
52,2554
350,2566
177,2570
215,2602
105,2619
489,2630
306,2646
210,2653
239,2661
121,2683
33,2683
15,2685
245,2686
32,2690
317,2697
385,2708
19,2708
192,2710
238,2716
209,2720
384,2723
122,2725
70,2750
97,2766
450,2778
249,2784
429,2785
18,2787
298,2796
85,2797
181,2805
497,2807
136,2814
353,2817
135,2820
401,2825
268,2827
182,2847
51,2865
87,2887
272,2895
241,2920
381,2923
75,2924
407,2927
380,2928
108,2932
151,2934
114,2942
261,2946
358,2947
165,2948
266,2952
170,2957
480,2958
347,2960
488,2960
35,2961
414,2980
178,2981
117,3007
331,3014
492,3014
147,3016
27,3017
220,3017
365,3027
500,3028
323,3028
325,3036
428,3039
462,3041
236,3044
149,3046
388,3049
234,3049
327,3056
227,3063
83,3064
355,3067
348,3068
124,3070
393,3118
253,3123
367,3129
320,3131
478,3138
141,3140
430,3141
370,3142
421,3143
285,3149
24,3151
110,3153
128,3154
77,3159
282,3160
425,3162
237,3165
397,3169
398,3170
376,3170
132,3171
240,3173
329,3185
2,3186
49,3187
140,3188
333,3194
463,3202
394,3204
63,3216
392,3233
321,3245
277,3245
293,3253
198,3254
313,3257
96,3261
80,3265
301,3267
86,3269
352,3272
457,3276
445,3280
74,3280
436,3280
120,3287
416,3289
412,3291
390,3291
464,3291
292,3293
26,3309
107,3312
186,3316
475,3319
458,3321
116,3327
383,3336
184,3338
258,3340
499,3341
330,3344
449,3344
183,3356
36,3356
175,3359
399,3360
447,3365
386,3369
199,3373
349,3379
61,3380
255,3385
47,3387
340,3387
466,3393
56,3394
408,3398
211,3399
4,3403
42,3407
197,3410
342,3413
69,3421
5,3424
431,3444
13,3445
188,3447
46,3448
119,3456
307,3461
498,3471
490,3476
316,3480
103,3483
278,3491
230,3503
432,3503
12,3503
6,3505
420,3505
410,3513
168,3515
109,3517
424,3518
377,3521
106,3524
419,3525
187,3533
14,3539
482,3542
164,3544
203,3544
315,3550
275,3559
280,3560
338,3561
254,3562
346,3565
133,3567
1,3568
402,3581
250,3584
206,3585
351,3587
494,3599
435,3600
91,3601
375,3601
11,3622
191,3626
196,3628
118,3629
460,3629
345,3629
88,3633
22,3636
442,3639
427,3642
65,3645
248,3657
455,3667
483,3673
28,3677
332,3677
343,3684
157,3689
144,3691
422,3695
112,3698
176,3702
81,3707
167,3712
477,3714
214,3716
495,3717
260,3721
334,3725
204,3730
158,3734
405,3742
185,3743
417,3745
202,3754
295,3755
423,3761
433,3769
418,3779
20,3780
426,3781
279,3785
484,3785
190,3795
395,3805
137,3813
339,3816
485,3821
310,3835
406,3835
443,3836
262,3838
82,3840
267,3850
200,3850
66,3850
363,3858
244,3866
152,3872
491,3872
76,3876
126,3876
319,3879
413,3880
448,3894
434,3899
231,3912
409,3913
180,3917
324,3923
156,3923
459,3929
146,3930
160,3935
312,3941
3,3954
55,3963
471,3963
336,3968
25,3975
102,3985
265,3986
359,3999
48,4001
111,4004
50,4010
30,4012
7,4013
23,4013
44,4018
297,4027
373,4028
344,4028
169,4030
115,4031
31,4032
225,4036
213,4045
454,4047
287,4055
179,4075
84,4085
311,4087
289,4108
217,4110
153,4111
194,4125
481,4138
223,4142
94,4154
34,4167
389,4169
40,4173
303,4175
242,4181
357,4181
155,4182
72,4184
16,4190
472,4192
493,4210
318,4214
9,4216
437,4224
145,4240
288,4241
451,4245
216,4245
78,4255
396,4277
274,4295
143,4299
382,4321
172,4321
68,4342
41,4360
439,4364
92,4373
232,4379
54,4380
276,4380
496,4387
142,4389
328,4409
487,4414
360,4418
113,4422
123,4426
369,4445
189,4457
387,4461
207,4468
39,4485
100,4502
212,4504
226,4506
371,4515
89,4521
372,4524
337,4540
221,4546
99,4555
304,4558
224,4574
467,4576
452,4576
195,4587
173,4589
125,4611
305,4643
38,4649
271,4672
79,4701
233,4701
309,4703
246,4708
29,4726
95,4748
161,4750
162,4751
43,4755
193,4766
64,4774
171,4790
294,4816
163,4834
308,4834
62,4859
174,4863
229,4866
45,4872
127,4895
263,4962
391,4966
299,4981
474,4985
67,4997
219,5000
335,5022
476,5031
10,5046
366,5070
440,5079
154,5081
71,5108
461,5123
259,5132
104,5145
208,5189
456,5204
400,5225
57,5232
284,5247
138,5266
354,5391
314,5392
283,5400
368,5413
252,5486
264,5521
441,5564
256,5634
290,5654
341,5669
356,5732
374,5818
286,5851
322,5891
98,5970
473,6063
58,6182
139,6316
296,6375
378,6477
53,6515
364,6790
60,6849
243,6874
302,7179

simblock.block.ProofOfWorkBlock@7ad14c3b:91
280,0
35,571
455,811
301,1049
149,1290
11,1385
429,1545
323,1623
237,1783
434,1861
191,2099
489,2113
497,2337
233,2442
244,2576
21,2783
302,2907
116,3118
158,3239
92,3399
202,3455
451,3575
472,3608
348,3785
153,3810
306,3906
401,4011
200,4118
458,4237
166,4333
261,4449
439,4576
20,4647
435,4804
186,4908
131,4970
105,5137
406,5243
353,5288
223,5500
5,5613
252,5655
263,5905
182,5927
189,6064
335,6309
207,6357
10,6474
271,6784
400,6884
99,7227

simblock.block.ProofOfWorkBlock@51d994ca:91
359,0
197,571
5,812
244,1050
330,1380
153,1713
84,2042
155,2383
95,2729
127,3060
7,3392
99,3775
125,4138
69,4534
295,4930
81,5337
341,5741

simblock.block.ProofOfWorkBlock@b6adad:91
142,0
221,802
228,1257
385,1706
147,2157
97,2609
497,3067
200,3558
270,4048
158,4539
233,5029
499,5529
367,6018

simblock.block.ProofOfWorkBlock@36a59d77:91
341,0
335,782
227,1126
271,1473
183,1924
277,2375
359,2841
130,3290
182,3742
381,4193
52,4661
137,5149
343,5654
345,6147
487,6637
25,7136
204,7626
136,8118
340,8614
460,9103

simblock.block.ProofOfWorkBlock@43746fc2:92
75,0
388,582
244,827
327,1065
65,1152
300,1314
151,1390
359,1425
32,1552
470,1629
326,1643
187,1665
87,1725
349,1791
26,1882
192,1888
455,1903
31,1961
5,1969
431,1972
188,2126
130,2128
106,2139
33,2140
342,2149
497,2202
220,2210
383,2217
301,2241
61,2291
469,2297
433,2301
463,2372
268,2377
56,2387
376,2388
464,2441
411,2451
14,2453
309,2454
316,2455
281,2459
282,2462
419,2466
292,2482
147,2536
382,2539
235,2544
144,2614
385,2618
266,2621
447,2626
89,2631
384,2633
85,2656
134,2679
74,2693
444,2694
132,2703
46,2707
273,2707
213,2718
436,2719
165,2722
468,2778
396,2779
84,2780
291,2783
442,2784
432,2797
20,2801
128,2802
370,2802
460,2809
317,2811
393,2811
82,2830
86,2846
191,2857
494,2862
108,2870
177,2875
215,2917
424,2932
380,2940
37,2944
185,2945
365,2946
92,2946
390,2947
240,2948
211,2954
319,2956
289,2958
407,2971
458,2971
97,2993
170,3008
277,3021
2,3022
379,3023
35,3025
381,3027
438,3027
472,3032
214,3037
403,3046
274,3049
249,3050
248,3051
347,3063
307,3067
72,3068
102,3094
251,3108
368,3110
212,3114
96,3117
131,3118
141,3121
328,3129
352,3130
389,3134
146,3136
124,3140
160,3142
203,3150
93,3156
148,3159
257,3170
269,3184
487,3187
355,3187
397,3188
120,3188
42,3192
47,3193
15,3197
457,3216
113,3217
318,3229
414,3235
44,3247
415,3248
222,3259
90,3261
83,3267
329,3267
363,3270
25,3272
49,3275
358,3278
117,3288
6,3288
325,3288
483,3290
150,3290
218,3301
475,3302
40,3302
418,3305
471,3309
190,3315
22,3316
161,3328
450,3331
200,3332
17,3346
429,3352
3,3357
94,3357
255,3367
294,3380
119,3383
462,3386
27,3386
233,3397
154,3405
64,3405
149,3410
239,3420
480,3422
410,3430
169,3434
78,3439
499,3439
338,3442
28,3446
16,3449
24,3449
181,3451
205,3452
237,3452
204,3458
262,3465
234,3466
270,3469
238,3470
425,3471
478,3473
157,3473
228,3490
404,3497
135,3505
479,3512
394,3513
486,3513
254,3515
123,3517
18,3517
366,3523
66,3523
159,3525
126,3526
416,3526
298,3528
440,3534
163,3538
400,3540
500,3551
30,3556
201,3562
231,3562
473,3566
340,3576
143,3579
182,3589
101,3590
377,3596
247,3596
112,3600
167,3605
107,3619
137,3621
198,3624
8,3625
68,3626
13,3630
304,3632
21,3638
45,3647
495,3648
401,3650
175,3655
398,3656
104,3658
426,3664
51,3665
168,3679
140,3683
446,3687
57,3692
386,3697
58,3712
118,3715
103,3726
209,3730
202,3732
246,3734
293,3737
224,3740
465,3741
441,3741
448,3751
111,3751
109,3759
88,3764
430,3767
264,3770
279,3772
184,3772
422,3778
258,3782
48,3793
261,3799
453,3799
194,3805
395,3821
361,3838
350,3844
484,3846
374,3851
345,3855
437,3859
29,3859
482,3861
312,3881
351,3882
1,3885
193,3885
195,3891
278,3893
179,3898
162,3901
225,3906
305,3908
408,3921
337,3926
232,3927
467,3941
271,3942
110,3944
245,3944
63,3948
409,3950
423,3953
267,3954
152,3958
459,3963
275,3993
171,4007
362,4007
477,4027
308,4027
488,4042
178,4053
138,4058
445,4062
428,4069
133,4076
356,4081
59,4083
226,4087
210,4089
413,4100
115,4100
53,4101
420,4111
156,4113
375,4121
315,4128
496,4135
121,4135
241,4137
369,4138
481,4140
139,4146
321,4150
392,4176
230,4188
323,4190
250,4191
136,4192
76,4196
253,4201
449,4225
9,4228
4,4231
336,4237
287,4256
421,4260
79,4262
371,4267
208,4274
296,4288
435,4294
311,4295
332,4328
324,4349
306,4364
100,4371
199,4391
331,4406
186,4411
62,4416
493,4424
197,4428
260,4428
286,4428
11,4429
176,4429
216,4442
492,4448
406,4453
206,4458
80,4465
183,4467
344,4467
196,4470
12,4502
310,4518
180,4521
172,4527
466,4533
36,4568
39,4587
41,4597
354,4601
339,4611
417,4623
280,4667
276,4690
70,4693
372,4705
283,4723
34,4735
489,4747
91,4758
7,4761
303,4770
490,4771
77,4779
236,4787
412,4795
55,4797
353,4820
335,4833
38,4838
491,4860
43,4877
265,4884
402,4899
434,4915
485,4925
297,4928
378,4931
357,4943
10,5009
427,5033
23,5036
399,5054
95,5090
116,5098
54,5099
348,5103
387,5111
256,5117
164,5117
405,5126
346,5133
288,5142
114,5143
217,5152
105,5195
60,5236
451,5250
272,5257
343,5272
221,5280
67,5287
145,5292
333,5384
330,5426
263,5438
443,5443
50,5448
367,5449
223,5454
166,5461
129,5462
125,5475
99,5503
252,5523
174,5551
364,5556
334,5566
320,5567
302,5587
314,5664
456,5683
98,5691
153,5762
73,5777
476,5781
122,5786
155,5793
229,5794
142,5867
242,5889
373,5897
299,5915
158,5922
52,6091
127,6093
284,6095
461,6145
173,6196
189,6199
454,6229
439,6256
322,6295
391,6320
19,6415
69,6488
227,6568
71,6594
474,6614
290,6628
243,6715
285,6736
341,6893
259,6952
498,7031
313,7052
295,7290
452,7356
207,7484
81,7712
219,7759
360,7922

simblock.block.ProofOfWorkBlock@23926423:93
255,0
77,489
154,693
488,897
293,995
414,1100
133,1197
164,1197
309,1305
178,1390
484,1399
333,1400
162,1484
279,1510
386,1594
266,1602
471,1604
236,1604
121,1687
343,1688
180,1694
363,1713
274,1797
346,1798
62,1804
393,1808
345,1808
140,1880
40,1888
226,1890
348,1894
137,1897
332,1902
186,1983
85,1998
250,2005
453,2009
344,2012
426,2014
254,2032
487,2036
315,2085
402,2086
401,2090
440,2096
437,2097
459,2097
29,2097
451,2100
1,2106
307,2106
489,2179
24,2182
476,2188
118,2193
196,2203
330,2203
454,2214
205,2217
57,2244
312,2258
483,2289
466,2290
450,2290
185,2295
458,2295
305,2298
368,2298
88,2298
128,2299
206,2299
441,2300
338,2300
447,2304
84,2310
199,2314
244,2324
326,2356
27,2377
202,2378
337,2383
103,2386
278,2392
399,2394
261,2398
490,2400
93,2400
31,2406
231,2413
406,2415
210,2428
417,2449
176,2460
161,2484
168,2491
286,2491
18,2493
122,2496
262,2497
351,2499
13,2500
212,2501
148,2501
328,2501
89,2502
320,2504
95,2508
58,2509
492,2509
105,2511
135,2514
116,2515
446,2529
419,2530
303,2560
107,2577
413,2582
302,2582
427,2584
54,2586
439,2587
60,2590
44,2597
336,2597
72,2599
409,2600
78,2604
499,2604
365,2605
25,2608
61,2612
494,2613
26,2614
475,2615
28,2629
405,2645
436,2646
188,2663
12,2678
264,2688
443,2692
204,2694
448,2696
64,2696
392,2700
357,2701
321,2703
287,2705
136,2706
425,2709
91,2710
8,2711
201,2712
35,2713
367,2716
190,2717
63,2719
493,2720
323,2721
167,2725
373,2732
280,2739
449,2744
119,2745
213,2765
292,2765
153,2781
129,2784
207,2787
239,2788
412,2789
282,2789
66,2789
410,2789
216,2792
306,2792
163,2792
143,2793
270,2797
94,2799
113,2799
356,2800
477,2802
253,2805
407,2808
170,2810
496,2812
230,2812
184,2813
308,2815
158,2815
101,2816
92,2816
316,2816
479,2839
460,2850
112,2851
19,2855
175,2862
127,2865
478,2892
86,2892
283,2895
339,2897
267,2897
342,2906
224,2906
420,2908
55,2909
352,2909
473,2911
340,2912
157,2921
209,2926
36,2927
234,2930
424,2931
3,2931
472,2936
7,2937
383,2940
313,2946
369,2956
403,2961
179,2971
200,2985
294,2991
482,2991
208,2992
272,2994
194,2995
82,2996
211,2998
304,3001
457,3009
273,3014
350,3016
156,3016
319,3017
311,3017
464,3021
102,3025
462,3027
141,3029
384,3033
80,3039
359,3042
298,3063
51,3069
151,3080
435,3100
22,3107
385,3116
214,3116
56,3118
237,3120
310,3122
238,3124
415,3124
470,3128
114,3129
257,3129
46,3132
275,3134
277,3135
318,3136
408,3138
108,3139
193,3140
317,3149
132,3156
177,3173
123,3174
240,3176
215,3178
233,3182
444,3187
500,3192
491,3197
110,3200
429,3207
222,3208
228,3216
422,3218
329,3220
166,3222
220,3223
20,3226
70,3229
382,3232
390,3238
495,3242
285,3260
41,3269
39,3270
100,3271
372,3276
324,3278
370,3280
74,3285
146,3294
366,3301
389,3311
75,3317
76,3319
418,3327
134,3328
431,3332
53,3332
235,3334
432,3336
83,3339
358,3342
438,3343
480,3346
411,3347
421,3348
497,3349
225,3354
138,3360
139,3362
433,3382
21,3387
109,3395
485,3401
445,3404
374,3407
16,3422
284,3442
149,3443
349,3443
251,3445
468,3448
247,3450
397,3450
42,3452
434,3454
371,3462
131,3465
400,3473
242,3478
377,3478
481,3492
65,3492
469,3498
416,3525
398,3531
428,3535
147,3537
90,3538
48,3548
362,3551
463,3557
361,3578
314,3590
430,3593
14,3596
248,3608
104,3611
124,3623
388,3625
111,3639
198,3647
97,3653
300,3663
52,3665
47,3665
269,3667
23,3667
379,3668
120,3672
195,3691
34,3693
290,3700
241,3717
117,3734
322,3755
33,3764
142,3774
6,3777
11,3781
68,3794
59,3794
160,3795
263,3797
32,3807
203,3824
38,3841
455,3846
37,3851
187,3852
355,3865
4,3865
452,3880
334,3881
391,3894
150,3897
265,3916
301,3927
192,3971
87,3980
249,3980
174,3983
169,3987
271,4021
155,4027
30,4048
288,4057
378,4073
341,4076
126,4080
423,4095
396,4099
181,4111
197,4113
165,4125
130,4166
360,4169
252,4203
115,4206
364,4214
387,4230
15,4234
260,4272
217,4281
243,4287
182,4291
45,4294
189,4299
106,4306
9,4308
456,4311
159,4397
81,4413
291,4420
347,4427
289,4429
327,4440
474,4486
2,4495
486,4559
498,4598
376,4612
353,4626
246,4642
43,4662
172,4700
465,4740
223,4744
49,4750
461,4752
268,4755
442,4757
98,4826
71,4856
281,4876
227,4919
144,4943
219,5026
325,5065
73,5067
218,5071
191,5075
79,5103
380,5211
5,5265
375,5345
17,5385
295,5403
232,5494
256,5503
10,5505
69,5511
394,5526
335,5531
395,5713
96,5841
229,5845
221,5923
50,5931
67,5939
381,6156
276,6173
299,6275
296,6372
354,6388
258,6473
125,6617
152,6705
183,6893
99,7065
404,7112
171,7132
331,7434
467,7550
297,7619
145,7862
259,8318
173,8804

simblock.block.ProofOfWorkBlock@6eff823:93
50,0
38,777
456,1115
314,1453
65,1902
26,2357
331,2812
236,3303
56,3388
19,3633
170,3792
235,3874
394,4112
449,4301
384,4357
355,4597
135,4809
215,4838
60,5171
500,5300
309,5501
63,5790
105,5842
188,6183
439,6512
395,6919

simblock.block.ProofOfWorkBlock@1be01d65:94
457,0
162,491
86,695
450,914
250,1128
293,1138
110,1188
393,1340
118,1341
435,1401
428,1403
60,1542
186,1543
348,1609
427,1624
77,1630
420,1654
4,1684
204,1743
116,1747
346,1811
387,1828
493,1831
1,1834
401,1841
22,1856
415,1890
203,1891
233,1907
264,1946
499,1950
168,2019
343,2030
113,2032
337,2033
389,2036
51,2037
40,2042
179,2061
62,2093
239,2094
133,2102
82,2109
230,2118
422,2147
253,2152
213,2160
154,2232
202,2232
136,2235
24,2238
275,2239
478,2241
122,2244
107,2247
262,2253
7,2264
294,2295
315,2304
85,2306
91,2308
127,2313
231,2320
399,2325
164,2329
340,2331
309,2336
437,2356
266,2356
208,2361
490,2375
412,2390
210,2403
205,2435
310,2435
158,2439
336,2441
161,2441
305,2441
157,2444
88,2445
319,2448
409,2451
458,2464
352,2473
366,2500
402,2508
351,2508
476,2510
180,2514
206,2515
226,2523
356,2523
414,2527
25,2529
448,2530
273,2531
78,2532
302,2532
13,2538
460,2539
156,2552
350,2552
160,2557
408,2559
66,2566
357,2589
58,2591
124,2610
185,2617
72,2638
184,2639
492,2640
489,2643
363,2644
279,2649
95,2649
248,2652
339,2652
406,2652
449,2654
274,2655
311,2659
440,2671
93,2680
121,2680
403,2692
307,2701
407,2716
338,2720
470,2725
212,2726
270,2727
487,2729
21,2732
200,2733
190,2734
430,2734
135,2736
16,2738
491,2740
28,2740
128,2741
167,2742
39,2744
178,2749
245,2753
405,2754
308,2759
8,2761
278,2767
282,2769
53,2794
261,2799
432,2805
312,2805
306,2807
84,2811
151,2823
425,2823
480,2825
3,2828
103,2832
494,2840
63,2843
224,2847
188,2848
64,2849
485,2854
443,2854
496,2856
29,2856
477,2859
137,2859
381,2860
392,2869
148,2871
344,2872
18,2872
46,2880
176,2882
433,2883
48,2896
303,2909
453,2909
105,2928
328,2929
150,2930
330,2930
367,2930
410,2932
57,2933
426,2934
377,2936
473,2937
413,2939
89,2940
466,2942
287,2947
55,2955
143,2955
61,2958
417,2962
216,2963
383,2966
27,2968
445,2968
317,2976
244,2997
12,3003
36,3010
386,3011
94,3012
320,3013
447,3014
441,3017
418,3021
214,3023
153,3026
451,3033
134,3035
373,3035
70,3042
272,3046
321,3049
280,3050
196,3052
100,3054
194,3054
471,3056
484,3060
459,3061
472,3066
149,3067
301,3068
376,3075
454,3077
80,3078
102,3079
298,3079
75,3082
436,3083
355,3083
482,3086
396,3096
163,3101
155,3101
170,3105
114,3112
126,3127
439,3131
500,3137
488,3138
368,3141
37,3146
132,3150
483,3150
49,3154
251,3155
283,3159
324,3163
31,3169
289,3181
211,3182
411,3189
209,3189
192,3191
26,3193
42,3196
304,3209
52,3212
54,3216
11,3222
475,3223
201,3225
141,3233
92,3233
495,3235
2,3246
247,3248
197,3250
365,3251
358,3255
129,3264
379,3275
313,3275
255,3278
249,3282
172,3282
218,3285
342,3288
6,3294
177,3299
419,3302
267,3312
191,3319
47,3325
215,3343
117,3343
390,3350
370,3361
388,3364
240,3368
20,3371
5,3373
398,3378
497,3380
463,3382
140,3385
237,3385
318,3388
469,3393
323,3402
56,3404
44,3417
369,3421
199,3429
83,3453
438,3455
322,3455
220,3455
361,3457
349,3459
35,3461
479,3469
431,3471
326,3480
333,3485
292,3486
23,3491
14,3493
221,3494
359,3498
271,3511
382,3511
288,3516
325,3527
374,3532
106,3548
268,3550
130,3560
96,3569
76,3573
397,3576
111,3582
120,3597
104,3619
362,3622
144,3628
286,3630
468,3635
284,3640
73,3675
207,3681
65,3682
236,3688
455,3697
486,3697
384,3698
258,3702
238,3707
464,3708
400,3711
30,3715
385,3715
198,3720
378,3732
277,3737
87,3770
225,3780
193,3782
416,3788
69,3789
444,3795
434,3799
34,3814
187,3826
263,3837
81,3847
347,3851
59,3863
380,3866
182,3894
90,3899
285,3901
252,3904
290,3920
50,3921
299,3941
175,3944
43,3947
295,3956
101,3957
260,3975
235,3998
446,4003
394,4013
300,4018
97,4018
421,4024
331,4030
15,4043
360,4059
334,4060
332,4062
195,4070
329,4099
462,4101
364,4105
219,4109
234,4115
345,4117
159,4121
166,4141
354,4160
316,4184
74,4212
498,4220
147,4221
71,4226
125,4259
189,4268
152,4285
142,4291
291,4329
112,4332
32,4335
108,4337
246,4347
181,4348
335,4351
341,4381
424,4413
442,4437
41,4444
242,4465
38,4471
269,4474
276,4491
109,4500
265,4514
228,4536
371,4550
372,4588
145,4643
17,4644
169,4646
227,4651
123,4651
241,4657
222,4699
99,4704
98,4723
254,4735
115,4777
68,4781
281,4791
9,4808
465,4817
229,4892
171,4900
119,4958
165,4965
395,4992
33,5032
297,5036
467,5078
139,5090
138,5104
257,5133
259,5182
217,5229
353,5278
375,5282
19,5296
243,5307
232,5322
131,5347
404,5413
314,5421
146,5533
256,5563
327,5593
452,5661
296,5732
461,5764
481,5775
456,5850
429,5909
423,5992
10,6161
183,6259
174,6304
79,6342
391,6431
67,6589
173,6744
223,6787
474,6860
45,7234

simblock.block.ProofOfWorkBlock@31af2ca7:95
54,0
1,520
63,722
340,924
44,1032
212,1128
94,1245
333,1282
275,1333
445,1425
478,1460
250,1483
214,1522
440,1543
29,1625
351,1629
399,1663
28,1689
262,1725
308,1741
205,1757
77,1774
190,1822
267,1826
401,1839
31,1864
122,1891
294,1928
356,1930
143,1948
454,1959
8,1970
451,1976
66,2013
343,2020
352,2025
453,2031
350,2034
386,2049
118,2067
248,2097
261,2123
332,2128
82,2130
213,2133
155,2150
475,2156
127,2171
488,2180
157,2184
293,2215
60,2226
492,2228
472,2234
366,2235
89,2238
413,2242
336,2248
160,2255
484,2269
469,2279
51,2301
12,2314
163,2324
206,2326
357,2329
7,2331
185,2336
377,2345
107,2352
309,2359
184,2359
330,2373
447,2396
93,2416
428,2418
180,2418
105,2422
210,2429
196,2436
441,2437
338,2442
95,2442
200,2446
306,2456
103,2456
483,2461
450,2463
496,2481
283,2507
303,2510
24,2512
305,2517
201,2521
153,2522
274,2527
406,2528
110,2531
57,2539
321,2543
430,2546
22,2547
85,2562
282,2564
412,2583
149,2590
415,2597
20,2603
3,2605
443,2619
13,2622
92,2624
485,2626
72,2626
435,2627
449,2636
337,2638
427,2640
287,2641
328,2642
392,2648
78,2652
39,2652
489,2658
437,2664
367,2665
272,2666
414,2673
490,2689
264,2690
346,2706
407,2714
40,2717
208,2718
426,2723
279,2724
233,2730
179,2731
62,2733
151,2734
158,2735
319,2738
471,2745
53,2746
409,2746
302,2749
165,2750
156,2752
137,2762
304,2762
307,2765
368,2768
112,2778
422,2784
202,2792
58,2799
459,2806
476,2810
355,2811
16,2821
88,2822
417,2824
204,2825
164,2829
84,2830
487,2832
458,2833
188,2838
70,2845
494,2847
320,2849
257,2853
154,2855
203,2866
231,2867
87,2868
124,2870
344,2870
36,2884
270,2889
362,2894
253,2905
433,2906
421,2906
348,2911
130,2917
477,2920
432,2921
373,2921
128,2923
135,2927
439,2933
230,2935
216,2940
116,2940
239,2943
176,2943
491,2948
278,2948
148,2954
419,2958
136,2961
64,2963
234,2966
168,2966
315,2967
382,2968
33,2984
186,2989
162,2997
460,3001
226,3009
324,3024
91,3027
500,3027
312,3030
18,3031
121,3032
27,3037
55,3038
493,3048
80,3050
83,3050
363,3054
457,3057
410,3063
117,3068
301,3068
499,3069
101,3077
425,3080
236,3081
4,3081
178,3082
446,3083
358,3085
436,3105
281,3105
46,3108
113,3122
448,3123
266,3124
21,3133
86,3136
455,3136
473,3137
462,3143
120,3145
402,3146
182,3146
244,3150
317,3154
408,3156
56,3161
286,3161
390,3167
420,3169
192,3170
26,3170
100,3171
452,3179
349,3184
220,3186
434,3190
240,3191
395,3193
245,3198
292,3207
49,3227
384,3228
161,3232
465,3237
61,3239
167,3243
289,3245
25,3257
379,3258
411,3259
310,3261
463,3264
170,3266
247,3267
313,3272
215,3273
218,3282
393,3289
59,3294
339,3295
14,3300
347,3303
228,3313
403,3322
189,3322
19,3328
482,3329
191,3342
466,3345
197,3346
329,3347
280,3349
187,3360
300,3369
134,3369
311,3371
369,3373
237,3381
438,3384
398,3388
144,3404
76,3408
444,3421
269,3426
416,3429
224,3438
389,3440
405,3441
277,3456
32,3458
132,3459
194,3461
225,3462
365,3462
387,3462
316,3466
150,3472
159,3472
290,3477
35,3494
30,3496
140,3497
229,3498
284,3499
470,3505
102,3506
133,3530
345,3530
166,3553
468,3567
126,3571
268,3581
254,3583
79,3585
38,3589
318,3592
360,3594
238,3594
326,3599
378,3609
108,3620
288,3623
142,3623
461,3626
23,3635
131,3644
211,3645
259,3647
370,3662
249,3664
480,3664
199,3670
2,3678
223,3680
256,3686
17,3686
388,3690
235,3694
400,3696
129,3699
241,3727
474,3728
255,3732
152,3735
227,3737
397,3739
90,3748
456,3749
331,3755
353,3778
342,3780
497,3782
47,3788
169,3789
109,3790
273,3793
276,3816
431,3825
380,3828
6,3844
99,3851
429,3868
141,3892
359,3898
418,3901
495,3908
258,3910
96,3923
34,3926
75,3936
265,3946
106,3969
37,3977
479,3984
198,3996
52,4007
42,4010
67,4017
361,4017
123,4051
175,4070
181,4071
217,4092
323,4102
15,4104
111,4107
383,4107
97,4111
371,4114
423,4114
147,4139
74,4162
173,4165
104,4176
374,4176
314,4178
48,4184
375,4215
251,4218
381,4225
263,4244
209,4249
325,4263
73,4283
394,4292
115,4318
385,4318
285,4325
171,4343
442,4366
354,4376
295,4378
119,4421
5,4451
391,4456
11,4477
481,4499
335,4538
68,4544
396,4597
69,4604
424,4609
341,4609
498,4623
252,4632
222,4635
114,4643
41,4647
260,4658
219,4678
65,4680
271,4700
404,4739
486,4766
81,4781
291,4912
138,4933
464,4967
364,4967
327,4994
334,5037
242,5039
376,5059
195,5065
98,5106
372,5116
296,5129
243,5132
467,5167
139,5197
9,5213
232,5340
50,5365
298,5376
207,5395
10,5429
246,5466
322,5471
299,5562
297,5593
146,5645
177,5704
221,5773
172,5795
145,5896
125,6011
45,6168
193,6239
71,6342
174,6691
43,7122
183,7608

simblock.block.ProofOfWorkBlock@6a0e5e47:96
228,0
215,573
101,817
209,1054
342,1142
329,1295
131,1380
15,1390
269,1536
19,1617
381,1629
495,1633
289,1716
486,1776
331,1858
83,1874
404,1876
169,1954
479,1956
6,1965
214,1975
480,2014
175,2100
468,2115
418,2116
403,2117
298,2185
244,2198
35,2203
317,2207
182,2213
245,2235
49,2289
307,2317
218,2344
150,2350
42,2354
291,2355
118,2358
380,2425
436,2440
80,2441
235,2443
293,2445
411,2447
141,2451
353,2459
159,2465
94,2478
240,2485
47,2523
277,2532
5,2551
59,2575
397,2582
108,2587
120,2591
465,2593
462,2594
405,2655
74,2664
434,2674
345,2681
464,2681
166,2686
165,2688
446,2690
412,2692
87,2692
444,2699
56,2700
300,2711
370,2762
123,2765
359,2772
264,2776
156,2780
14,2788
318,2788
97,2790
406,2811
421,2811
428,2816
470,2819
398,2824
198,2831
281,2832
130,2833
257,2846
471,2852
21,2863
200,2883
251,2913
149,2921
222,2923
144,2924
2,2927
238,2928
379,2928
249,2928
191,2929
220,2936
394,2940
361,2950
401,2952
162,2969
107,2969
437,2988
73,3000
442,3001
382,3004
128,3005
488,3013
469,3015
455,3017
301,3026
20,3028
325,3029
396,3037
151,3037
265,3049
114,3053
336,3054
126,3056
358,3058
338,3061
268,3071
134,3072
248,3086
112,3101
311,3107
206,3114
205,3136
157,3149
424,3151
426,3151
65,3153
140,3154
119,3155
387,3156
376,3158
225,3164
48,3164
192,3165
129,3166
117,3167
385,3168
285,3169
463,3170
473,3170
365,3171
143,3172
362,3174
390,3175
355,3178
127,3179
203,3181
181,3188
213,3200
102,3244
109,3246
241,3248
187,3254
443,3256
483,3259
106,3259
237,3261
416,3270
177,3270
343,3273
26,3274
52,3279
208,3284
154,3286
44,3294
266,3295
435,3296
29,3303
253,3311
147,3314
330,3318
204,3337
262,3342
72,3346
199,3355
16,3358
292,3359
7,3359
8,3360
261,3364
323,3364
160,3367
350,3368
377,3383
25,3387
39,3391
33,3395
61,3398
17,3406
497,3408
12,3409
388,3409
76,3411
273,3412
254,3413
242,3416
384,3417
347,3419
32,3421
447,3431
357,3439
340,3443
78,3444
1,3460
142,3463
414,3468
476,3474
179,3480
84,3481
66,3483
103,3484
85,3486
75,3491
496,3494
409,3494
392,3498
197,3499
346,3502
349,3503
54,3505
37,3507
170,3508
475,3508
313,3508
178,3509
321,3510
132,3514
255,3519
478,3520
95,3522
466,3526
236,3532
133,3554
410,3558
82,3576
490,3579
407,3583
121,3588
247,3590
246,3593
136,3596
275,3601
324,3603
258,3606
485,3610
174,3611
333,3615
429,3615
399,3616
90,3618
113,3622
373,3635
3,3638
427,3639
279,3642
180,3643
430,3644
383,3652
431,3659
303,3669
116,3675
146,3678
158,3679
459,3685
230,3700
68,3702
316,3706
389,3710
402,3715
320,3730
458,3737
270,3737
415,3739
81,3744
369,3745
212,3749
41,3751
280,3751
105,3752
22,3752
451,3760
13,3772
176,3774
163,3777
433,3785
224,3786
327,3792
189,3797
299,3801
422,3802
196,3804
296,3808
487,3814
425,3815
352,3816
372,3819
233,3820
367,3822
186,3824
457,3827
489,3829
104,3831
328,3831
148,3837
454,3839
310,3840
168,3847
351,3853
304,3855
99,3861
211,3865
498,3868
314,3889
438,3902
493,3909
348,3910
494,3911
334,3918
492,3918
195,3923
305,3930
326,3938
294,3940
57,3946
89,3946
368,3963
122,3975
115,3977
155,3992
276,3996
23,4005
448,4014
391,4021
271,4021
11,4028
63,4030
260,4037
315,4054
4,4069
354,4073
274,4073
171,4075
55,4079
439,4082
9,4085
226,4088
282,4089
135,4090
43,4094
413,4110
216,4118
207,4141
491,4141
202,4145
477,4147
46,4149
432,4153
194,4154
67,4157
188,4159
28,4162
267,4170
344,4185
184,4199
467,4206
364,4231
500,4232
243,4233
423,4239
34,4240
36,4240
185,4242
374,4244
232,4254
234,4258
172,4266
93,4270
286,4277
460,4305
272,4322
474,4328
86,4345
306,4384
461,4389
445,4402
420,4408
283,4410
124,4443
366,4470
125,4476
173,4479
64,4479
441,4482
484,4489
51,4489
201,4490
50,4491
217,4492
452,4495
375,4506
70,4515
453,4531
252,4567
297,4572
24,4574
111,4575
386,4576
472,4607
378,4649
250,4652
360,4671
92,4678
400,4678
139,4711
339,4714
482,4732
408,4739
337,4749
499,4774
210,4810
161,4817
18,4819
77,4820
88,4823
332,4866
256,4878
335,4879
96,4892
449,4904
164,4905
69,4915
363,4947
110,4988
190,5016
309,5061
153,5080
183,5081
79,5144
417,5146
167,5146
231,5151
393,5160
137,5234
450,5234
229,5236
288,5271
302,5277
38,5284
481,5322
219,5324
312,5329
319,5354
91,5412
145,5476
31,5482
239,5485
259,5505
223,5519
45,5591
62,5611
30,5639
227,5640
440,5662
284,5675
100,5691
27,5742
287,5816
341,5885
371,5890
221,5923
53,5948
290,5995
356,6033
152,6052
138,6069
278,6071
98,6081
71,6175
419,6278
10,6297
322,6298
263,6330
40,6365
395,6477
60,6609
308,6696
295,6875
58,6942
456,7104
193,7284

simblock.block.ProofOfWorkBlock@40789a8:96
274,0
116,501
18,704
448,915
103,1119
278,1200
309,1322
202,1404
337,1559
412,1607
24,1690
267,1764
85,1812
352,1898
315,1969
310,2022
40,2103
253,2226
466,2252
180,2304
408,2430
184,2510
468,2574
293,2594
447,2714
463,2744
199,2799
258,2892
321,2916
460,3002
144,3067
64,3118
244,3224
163,3320
323,3325
429,3383
29,3526
117,3546
165,3660
269,3702
155,3727
151,3864
22,3942
15,3974
235,4016
441,4146
111,4179
198,4461
375,4461
229,4474
138,4626
446,4783
378,4904
68,5062
141,5100
193,5332
33,5416
183,5551
329,5739
9,5763
243,6036
423,6170
467,6250
71,6623
69,6742
115,7110
297,7229

simblock.block.ProofOfWorkBlock@781a0c91:97
420,0
186,497
160,700
310,901
279,989
8,1103
236,1191
162,1209
433,1305
18,1392
267,1393
477,1417
487,1481
31,1511
460,1593
163,1593
483,1596
264,1618
206,1681
57,1684
116,1704
86,1715
36,1795
451,1798
224,1798
53,1813
88,1821
213,1882
255,1886
274,1887
490,1905
422,1918
63,1919
412,1919
419,1973
340,2001
7,2001
12,2002
307,2004
499,2015
478,2022
410,2087
124,2087
157,2088
309,2089
202,2090
305,2092
118,2108
489,2110
417,2120
332,2122
204,2138
95,2176
91,2176
449,2176
24,2193
248,2202
25,2204
110,2206
500,2216
471,2218
459,2223
208,2289
399,2289
448,2292
278,2293
266,2293
129,2293
135,2294
44,2303
233,2309
253,2312
282,2313
96,2323
393,2327
402,2329
339,2330
491,2343
458,2374
337,2377
488,2377
72,2378
373,2381
338,2381
343,2395
440,2398
292,2406
22,2407
357,2407
55,2408
345,2409
1,2409
105,2419
425,2421
407,2421
161,2430
136,2491
286,2491
190,2494
127,2494
401,2495
40,2495
28,2498
85,2499
333,2504
164,2504
100,2507
203,2507
303,2512
457,2514
216,2519
330,2530
319,2533
437,2533
405,2536
212,2546
445,2575
194,2579
414,2580
447,2580
143,2581
103,2584
435,2587
92,2591
287,2594
348,2596
409,2600
70,2608
156,2610
432,2611
315,2611
54,2611
352,2616
180,2617
60,2617
250,2623
176,2624
386,2627
113,2633
107,2635
469,2636
358,2640
439,2664
312,2670
344,2682
283,2693
306,2696
415,2696
476,2697
214,2697
165,2699
29,2700
408,2701
155,2706
428,2707
128,2708
148,2708
475,2712
199,2713
293,2716
133,2722
153,2723
151,2724
65,2727
21,2727
466,2732
61,2736
51,2750
140,2760
450,2776
167,2782
350,2784
27,2785
154,2789
3,2789
389,2791
304,2793
320,2793
64,2801
484,2802
201,2805
84,2806
39,2809
123,2813
93,2818
294,2826
121,2832
62,2832
90,2833
141,2834
494,2835
336,2835
392,2840
383,2847
413,2853
275,2859
73,2861
308,2870
226,2876
356,2880
89,2888
200,2889
441,2895
321,2899
170,2899
111,2901
406,2902
454,2907
272,2908
184,2908
328,2910
158,2913
390,2914
4,2920
380,2923
6,2927
492,2934
179,2936
431,2937
211,2937
94,2939
273,2952
75,2956
225,2960
366,2961
429,2968
56,2970
485,2980
270,2981
496,2985
363,2991
427,2996
58,2997
302,2999
473,3003
351,3004
368,3007
298,3007
168,3014
215,3017
463,3019
130,3029
403,3034
13,3038
453,3038
231,3038
261,3039
117,3039
132,3058
318,3060
230,3074
42,3076
205,3078
196,3081
367,3103
370,3108
78,3109
387,3112
188,3124
446,3126
239,3126
106,3128
15,3133
47,3137
430,3138
472,3141
220,3144
416,3147
11,3150
495,3151
131,3164
20,3164
290,3169
126,3169
5,3175
238,3187
66,3198
377,3200
271,3204
150,3206
493,3206
436,3214
87,3215
470,3216
301,3217
324,3219
443,3219
355,3222
317,3223
222,3225
237,3232
381,3239
16,3241
48,3245
122,3250
262,3252
365,3263
314,3263
361,3266
26,3275
182,3275
19,3275
346,3279
426,3280
244,3285
120,3291
395,3294
240,3299
177,3317
178,3318
434,3332
329,3343
77,3344
144,3351
418,3351
254,3354
43,3358
260,3365
468,3390
452,3402
137,3408
147,3425
76,3427
145,3428
14,3431
480,3443
247,3444
102,3447
442,3451
323,3454
185,3455
311,3455
479,3464
349,3465
195,3467
112,3468
362,3473
82,3481
342,3488
67,3494
234,3514
369,3520
59,3521
149,3529
33,3534
2,3536
277,3537
46,3537
385,3540
115,3545
325,3551
486,3554
411,3555
152,3557
359,3579
481,3582
189,3589
364,3589
276,3590
192,3590
398,3599
257,3602
235,3608
461,3612
97,3613
423,3616
296,3637
175,3653
482,3658
32,3659
109,3673
269,3676
232,3677
41,3703
326,3713
280,3735
379,3742
313,3774
444,3786
172,3787
252,3799
465,3810
421,3835
376,3836
169,3854
80,3857
210,3860
331,3868
259,3871
139,3875
249,3875
38,3881
23,3882
251,3909
159,3911
242,3916
382,3918
424,3924
197,3982
284,3982
374,3987
174,3993
288,4019
241,4029
221,4041
371,4044
497,4050
299,4066
245,4070
52,4088
334,4090
297,4099
397,4103
229,4123
219,4124
207,4132
404,4151
191,4155
74,4171
347,4176
281,4184
83,4193
322,4230
187,4232
455,4233
227,4250
268,4297
171,4311
142,4311
99,4316
30,4349
246,4353
300,4354
71,4355
209,4385
388,4411
228,4420
243,4466
68,4474
101,4474
49,4485
396,4499
125,4512
384,4514
341,4521
353,4550
193,4554
360,4555
81,4562
289,4612
263,4664
108,4675
285,4732
316,4736
335,4738
35,4807
391,4814
438,4817
462,4829
17,4868
474,4903
400,4910
218,4936
372,4953
456,4956
9,4981
498,4987
37,4991
166,5050
134,5136
198,5158
98,5175
327,5186
181,5307
375,5309
10,5352
50,5364
464,5371
378,5415
69,5475
394,5502
34,5573
146,5602
258,5622
173,5665
114,5690
256,5795
265,5796
291,5823
104,6002
138,6074
119,6138
354,6240
467,6491
295,6558
79,6567
183,6726
217,6995
45,7443
223,7890

simblock.block.ProofOfWorkBlock@3dc2eb15:98
174,0
290,830
263,1280
219,1612
301,1823
172,1949
232,2063
362,2371
187,2393
189,2394
424,2400
299,2402
6,2631
474,2736
284,2740
104,2755
423,2842
149,2860
249,2868
130,2915
465,2937
244,2968
355,2980
456,3077
298,3106
260,3170
365,3177
145,3189
207,3190
33,3194
15,3205
385,3207
48,3207
26,3219
397,3313
292,3344
73,3422
125,3437
76,3439
318,3444
380,3456
97,3460
381,3462
32,3497
479,3512
256,3516
277,3528
193,3534
56,3538
489,3540
273,3560
120,3581
276,3619
300,3640
147,3643
394,3649
429,3659
20,3660
109,3678
11,3678
150,3700
19,3702
257,3750
285,3752
132,3757
106,3768
259,3773
459,3775
359,3777
464,3779
403,3780
225,3786
444,3788
331,3800
317,3831
376,3866
153,3870
243,3887
215,3897
218,3918
384,3920
37,3945
195,3955
498,3969
455,3971
177,3990
280,3990
111,3990
473,3997
14,4001
247,4003
258,4013
348,4016
35,4017
47,4018
342,4020
468,4024
42,4030
116,4032
323,4032
165,4036
160,4039
123,4042
463,4045
402,4046
325,4079
167,4081
134,4089
396,4092
131,4093
353,4096
234,4103
199,4106
50,4111
238,4113
224,4122
281,4138
192,4162
347,4162
370,4185
387,4208
313,4219
240,4229
412,4229
486,4230
352,4234
222,4235
432,4247
383,4252
101,4254
327,4257
480,4261
220,4267
251,4269
497,4275
357,4302
17,4305
117,4320
126,4321
411,4322
447,4336
173,4338
77,4344
197,4345
321,4346
386,4348
293,4353
83,4356
440,4359
2,4361
470,4368
84,4371
128,4374
451,4376
60,4380
399,4386
275,4392
358,4405
242,4407
176,4409
53,4413
434,4420
75,4421
367,4424
135,4429
264,4436
112,4440
388,4441
161,4441
246,4456
74,4458
209,4466
87,4475
156,4494
254,4495
80,4497
46,4500
416,4502
420,4502
95,4508
90,4513
492,4515
141,4516
415,4517
196,4530
442,4542
405,4542
5,4557
287,4558
151,4558
66,4563
198,4563
237,4565
439,4579
103,4581
72,4590
303,4592
212,4595
210,4601
336,4610
418,4611
335,4614
233,4619
349,4624
446,4639
253,4639
329,4648
58,4671
155,4677
274,4685
236,4685
248,4686
366,4691
316,4692
344,4702
162,4702
389,4708
471,4713
228,4718
438,4718
494,4720
483,4720
200,4728
221,4740
29,4745
472,4749
379,4753
85,4756
271,4774
21,4794
34,4799
461,4802
143,4810
231,4811
27,4813
404,4824
202,4825
86,4827
328,4829
453,4829
346,4831
81,4835
64,4840
121,4844
310,4851
108,4854
390,4860
377,4863
332,4863
469,4872
245,4873
124,4875
282,4882
457,4888
272,4889
289,4891
408,4892
436,4894
235,4907
435,4908
62,4923
206,4926
79,4929
304,4939
410,4946
110,4953
28,4954
437,4955
175,4989
372,5000
88,5001
213,5016
460,5018
82,5024
409,5042
107,5042
223,5043
305,5060
91,5061
139,5067
414,5072
356,5074
185,5080
4,5087
144,5100
49,5100
44,5101
65,5102
129,5125
9,5133
462,5148
181,5157
92,5158
191,5158
413,5161
229,5165
407,5172
178,5181
99,5187
288,5203
148,5204
94,5205
16,5205
422,5209
67,5240
476,5252
491,5256
265,5256
360,5268
13,5278
164,5283
295,5286
430,5286
8,5301
96,5304
309,5313
417,5318
102,5322
326,5341
186,5348
170,5349
312,5352
419,5357
375,5359
201,5363
45,5373
179,5389
320,5394
454,5409
204,5414
485,5415
98,5430
152,5445
23,5447
421,5450
69,5459
488,5490
261,5517
354,5533
188,5534
334,5537
250,5537
297,5555
214,5557
369,5560
400,5564
205,5588
286,5590
478,5590
146,5600
182,5602
391,5604
291,5612
493,5630
166,5645
467,5665
495,5688
296,5695
482,5744
217,5755
71,5756
361,5757
445,5772
398,5790
211,5791
137,5802
3,5811
443,5815
431,5818
190,5821
378,5830
466,5854
393,5864
140,5866
31,5870
163,5894
268,5910
115,5913
12,5924
395,5937
10,5944
1,5959
279,6046
169,6051
18,6051
127,6057
142,6073
283,6075
61,6079
180,6097
371,6100
40,6151
183,6155
78,6198
59,6211
269,6245
496,6254
226,6261
114,6272
322,6275
487,6281
267,6310
481,6324
68,6325
252,6342
255,6365
38,6378
338,6385
194,6407
319,6410
262,6482
52,6501
208,6501
270,6531
36,6536
350,6540
351,6551
452,6561
122,6570
154,6586
448,6594
30,6679
159,6700
324,6707
382,6712
119,6721
314,6727
227,6757
330,6777
41,6814
266,6825
441,6854
368,6876
113,6900
54,6933
374,6938
499,6995
449,7028
401,7057
345,7075
43,7084
136,7159
306,7198
7,7200
315,7210
364,7218
294,7265
57,7314
138,7339
477,7342
55,7373
427,7392
51,7492
157,7522
133,7567
203,7656
278,7686
363,7692
307,7701
341,7754
475,7756
118,7805
158,7814
39,7846
100,7897
105,7987
24,8011
458,8058
425,8178
22,8181
93,8194
426,8244
308,8308
302,8335
184,8390
216,8448
500,8480
484,8668
168,8671
311,8682
340,8744
428,8800
333,8883
433,8974
339,9096
406,9160
70,9164
230,9237
392,9308
373,9474
89,9649
343,9652
239,9738
450,10148
63,10383
490,10639
337,11035

simblock.block.ProofOfWorkBlock@6998deff:98
140,0
420,500
236,706
205,908
437,994
61,1109
417,1197
233,1200
178,1311
344,1396
433,1401
21,1402
202,1504
39,1516
367,1601
458,1604
393,1606
309,1608
432,1693
441,1694
409,1709
405,1721
483,1805
339,1805
239,1808
310,1811
62,1820
287,1886
36,1892
95,1896
190,1898
161,1910
460,1922
84,1989
118,1994
128,2009
91,2009
308,2010
426,2015
160,2017
179,2022
320,2089
55,2093
312,2096
366,2099
272,2099
155,2101
337,2101
279,2103
176,2128
158,2131
345,2186
216,2188
435,2195
110,2198
204,2199
477,2211
387,2215
7,2217
392,2221
488,2221
206,2225
8,2273
208,2294
248,2297
350,2298
293,2299
264,2300
185,2301
500,2301
305,2302
70,2305
386,2307
201,2307
428,2314
439,2318
27,2334
448,2384
266,2389
82,2390
413,2392
18,2399
267,2401
492,2404
459,2412
490,2416
414,2417
135,2424
336,2424
311,2426
402,2427
303,2431
438,2459
186,2477
164,2482
1,2488
476,2496
401,2498
93,2501
89,2502
294,2502
457,2504
494,2508
451,2509
203,2510
261,2510
475,2511
226,2513
352,2515
250,2516
363,2519
338,2519
130,2523
31,2537
12,2586
100,2589
163,2592
275,2593
230,2596
278,2597
487,2601
167,2603
343,2603
51,2605
94,2606
231,2608
57,2618
211,2618
473,2618
25,2619
286,2619
499,2621
137,2627
122,2632
430,2633
450,2645
422,2679
214,2685
168,2687
200,2688
116,2688
4,2692
399,2701
121,2701
369,2701
425,2702
157,2704
58,2706
28,2714
321,2715
180,2716
148,2716
154,2717
44,2718
188,2719
105,2719
328,2720
319,2722
90,2727
24,2727
340,2728
449,2730
290,2737
407,2765
495,2774
470,2781
412,2787
496,2787
440,2789
103,2791
143,2794
484,2795
489,2796
282,2797
466,2797
485,2797
212,2801
40,2804
443,2805
29,2805
60,2806
107,2819
429,2823
65,2825
13,2826
427,2828
213,2834
351,2834
270,2834
149,2842
97,2852
368,2854
389,2884
63,2886
86,2886
377,2889
253,2892
415,2895
162,2902
133,2903
332,2903
153,2904
136,2917
346,2918
357,2918
447,2920
117,2923
16,2925
224,2925
482,2925
277,2929
134,2932
254,2934
11,2935
323,2935
244,2936
324,2942
358,2948
478,2967
22,2979
196,2992
302,2994
491,2995
406,2999
445,3002
330,3005
419,3013
251,3016
472,3016
497,3018
210,3027
120,3028
20,3028
454,3030
170,3031
77,3035
291,3037
464,3044
235,3045
123,3052
129,3056
19,3057
353,3068
313,3071
184,3088
66,3093
373,3094
5,3096
315,3103
471,3106
283,3106
72,3112
247,3112
480,3114
238,3115
493,3119
53,3120
379,3124
348,3124
6,3125
274,3130
453,3132
383,3135
298,3138
316,3139
349,3142
132,3145
73,3146
355,3149
17,3150
444,3157
41,3160
382,3168
3,3191
262,3193
306,3197
461,3198
199,3199
108,3200
192,3203
156,3209
341,3210
47,3214
169,3221
333,3233
92,3233
113,3234
398,3242
240,3246
327,3251
177,3255
408,3258
385,3258
182,3259
390,3261
150,3266
304,3307
410,3307
434,3313
88,3326
255,3333
307,3333
46,3334
431,3343
80,3348
56,3355
376,3361
347,3366
48,3370
424,3374
229,3382
227,3393
87,3399
127,3414
209,3417
228,3425
15,3428
111,3431
124,3435
147,3436
141,3440
126,3444
436,3446
288,3448
34,3449
442,3450
418,3453
215,3454
54,3459
109,3485
400,3499
79,3500
299,3507
356,3509
362,3511
258,3516
301,3519
159,3530
85,3536
112,3541
296,3545
421,3548
68,3552
318,3564
220,3576
469,3581
30,3582
14,3584
102,3586
364,3589
67,3589
359,3628
189,3638
131,3650
329,3651
411,3652
99,3652
225,3659
114,3671
75,3680
360,3681
268,3682
273,3684
152,3693
194,3711
380,3728
498,3734
280,3750
187,3752
463,3758
144,3770
232,3771
486,3776
361,3779
465,3829
242,3834
74,3834
326,3835
314,3854
115,3854
234,3856
191,3865
23,3877
76,3882
446,3893
249,3901
64,3912
378,3915
467,3916
43,3929
292,3946
257,3969
384,3976
2,3976
479,3980
416,3990
96,4000
104,4009
222,4043
59,4066
281,4072
269,4085
365,4085
455,4091
49,4101
481,4112
284,4127
33,4151
331,4170
78,4171
181,4173
245,4181
317,4212
52,4215
342,4229
456,4282
462,4291
165,4293
370,4308
260,4314
32,4316
403,4357
106,4386
151,4402
381,4406
166,4407
252,4439
125,4460
35,4483
404,4486
42,4492
81,4499
388,4501
391,4529
119,4532
371,4541
396,4543
195,4564
221,4600
198,4608
197,4633
397,4675
375,4705
26,4720
10,4742
263,4742
394,4801
300,4807
98,4813
423,4834
452,4836
237,4853
335,4870
219,4911
83,4934
334,4940
276,4945
69,4947
218,4949
193,4960
246,4970
322,4979
9,4997
101,5009
241,5128
395,5168
325,5171
174,5192
374,5247
142,5251
474,5262
217,5268
289,5269
175,5328
45,5370
146,5378
71,5385
223,5424
265,5440
37,5443
243,5444
207,5598
139,5604
285,5649
145,5684
256,5706
468,5774
297,5870
372,5928
172,6033
171,6034
38,6117
50,6135
138,6222
271,6460
259,6568
354,6579
295,6716
173,7056
183,7065

simblock.block.ProofOfWorkBlock@251835db:98
357,0
261,491
422,692
308,903
294,980
62,1107
447,1182
72,1191
95,1312
420,1393
475,1409
336,1442
170,1514
428,1586
168,1596
472,1612
332,1649
338,1679
406,1692
70,1721
44,1788
343,1821
129,1852
309,1874
402,1889
401,1897
156,1899
399,1923
490,1932
339,1994
155,2004
94,2029
13,2054
213,2077
450,2094
58,2100
57,2100
302,2102
392,2104
305,2127
118,2136
345,2140
307,2183
167,2196
176,2213
312,2261
443,2279
321,2282
84,2296
188,2303
419,2303
337,2307
351,2334
60,2335
8,2339
483,2342
127,2343
384,2347
91,2386
202,2390
16,2399
103,2415
29,2462
214,2485
137,2498
363,2509
278,2523
39,2538
454,2538
432,2544
477,2544
210,2545
163,2547
350,2601
121,2603
311,2606
92,2616
165,2630
21,2663
382,2667
319,2674
82,2691
346,2700
179,2711
333,2725
53,2742
164,2746
494,2749
24,2750
459,2752
226,2764
460,2804
185,2806
211,2810
61,2817
190,2842
417,2865
310,2875
408,2893
407,2903
499,2914
270,2927
25,2946
208,2952
149,2956
205,2965
14,2981
445,3012
201,3020
157,3053
478,3053
97,3063
318,3069
124,3072
78,3076
1,3097
113,3105
282,3116
455,3124
126,3143
153,3167
105,3215
128,3225
277,3250
36,3254
269,3267
497,3268
159,3270
31,3274
184,3286
491,3298
15,3298
476,3306
409,3369
49,3375
120,3377
20,3383
192,3431
147,3439
421,3457
414,3458
262,3502
5,3536
493,3566
464,3567
267,3573
83,3581
131,3586
280,3594
436,3595
379,3603
134,3627
23,3653
435,3666
370,3693
289,3695
257,3709
7,3711
474,3729
65,3746
11,3754
446,3772
410,3776
466,3785
358,3854
180,3869
376,3889
75,3907
106,3910
32,3910
411,3919
254,3919
442,3943
148,3978
449,3987
198,4011
47,4025
342,4040
394,4061
453,4074
139,4088
223,4172
297,4180
248,4181
327,4183
145,4199
220,4223
249,4230
301,4236
245,4242
258,4313
242,4317
300,4327
111,4342
268,4358
263,4375
480,4377
359,4389
496,4393
101,4497
50,4515
119,4545
479,4558
104,4628
46,4645
481,4655
404,4659
375,4672
35,4674
229,4685
132,4693
313,4711
418,4726
81,4741
193,4808
225,4876
461,4943
73,4962
298,4975
217,4978
431,4989
241,5012
470,5032
173,5053
34,5057
112,5074
334,5113
371,5168
209,5191
71,5251
390,5306
234,5328
218,5346
246,5391
191,5392
172,5403
243,5471
498,5488
183,5540
259,5615
56,5623
374,5642
462,5662
438,5715
360,5761
284,5825
45,5846
347,5979
221,6051
391,6071
299,6153
364,6259
353,6299
276,6483
456,6500
177,6620
467,6638
174,6711
9,6912
69,7110

simblock.block.ProofOfWorkBlock@7ee40ebd:99
34,0
314,783
243,1235
67,1561
42,1685
276,1907
47,2135
50,2251
268,2266
198,2434
48,2505
37,2586
71,2602
436,2674
166,2706
468,2711
329,2743
486,2835
423,2944
380,2949
434,2974
169,2980
181,3003
38,3023
56,3041
327,3072
225,3087
151,3127
463,3162
134,3166
317,3191
109,3220
150,3245
370,3263
404,3274
17,3280
242,3283
228,3315
431,3316
456,3373
73,3402
147,3419
179,3420
289,3482
144,3492
6,3501
442,3519
241,3520
101,3520
465,3525
58,3532
175,3544
49,3553
444,3553
418,3554
366,3557
257,3576
446,3592
240,3617
244,3621
222,3639
106,3652
297,3654
313,3661
411,3705
342,3727
195,3728
20,3732
355,3732
76,3738
272,3753
19,3756
197,3759
440,3762
301,3767
285,3775
462,3791
382,3791
455,3791
52,3797
65,3801
26,3827
365,3836
247,3849
132,3862
5,3866
44,3869
251,3884
471,3886
269,3888
235,3889
326,3898
475,3916
24,3922
291,3974
469,3979
136,3994
362,3996
201,3998
123,4001
394,4002
381,4004
111,4010
497,4013
203,4024
83,4028
277,4029
84,4034
298,4039
100,4048
159,4051
74,4060
207,4064
249,4067
53,4070
479,4074
119,4075
378,4081
318,4081
309,4083
177,4103
350,4117
165,4127
330,4127
480,4127
487,4132
239,4133
124,4134
90,4137
75,4138
35,4138
172,4165
246,4166
403,4169
390,4182
476,4193
120,4194
339,4196
359,4196
127,4200
398,4215
420,4216
349,4219
102,4220
348,4227
379,4233
64,4233
218,4234
237,4247
21,4249
87,4251
253,4254
282,4257
387,4259
234,4298
331,4298
424,4309
258,4312
15,4322
128,4333
416,4335
82,4337
280,4339
367,4342
383,4352
78,4363
11,4364
209,4365
7,4365
12,4367
427,4371
266,4371
54,4376
117,4380
419,4381
421,4381
461,4390
14,4400
488,4404
432,4405
413,4406
363,4408
458,4412
200,4413
254,4415
438,4423
273,4434
187,4438
450,4438
336,4439
158,4451
352,4455
108,4458
316,4459
92,4462
162,4462
245,4463
490,4463
194,4466
1,4467
25,4467
482,4469
279,4472
388,4478
157,4481
281,4484
122,4485
191,4488
466,4495
335,4496
485,4499
263,4504
233,4508
358,4516
325,4517
57,4529
80,4530
377,4538
141,4546
131,4548
39,4549
62,4556
238,4559
230,4562
333,4564
214,4569
397,4581
182,4584
16,4587
414,4588
260,4599
396,4615
22,4616
478,4628
323,4631
409,4642
287,4643
103,4654
199,4661
202,4663
433,4667
307,4674
357,4678
407,4685
2,4696
27,4698
412,4702
13,4703
454,4708
460,4710
346,4710
32,4711
211,4712
353,4722
68,4730
133,4732
130,4733
160,4735
215,4737
184,4739
189,4746
188,4746
110,4747
495,4753
255,4761
489,4768
481,4769
66,4770
112,4772
332,4773
183,4786
63,4787
483,4793
206,4797
308,4797
493,4797
51,4798
435,4802
499,4802
286,4803
492,4806
334,4811
137,4814
347,4818
129,4819
389,4828
371,4830
292,4832
445,4843
192,4844
4,4859
415,4867
341,4873
402,4879
457,4879
376,4884
81,4887
441,4898
430,4902
494,4903
113,4913
264,4917
190,4926
223,4926
3,4939
360,4944
464,4954
96,4966
97,4967
143,4968
40,4973
8,4980
429,4988
161,4996
210,5007
174,5026
153,5030
72,5033
473,5040
477,5040
69,5049
299,5050
271,5050
311,5063
265,5068
426,5070
250,5078
303,5080
467,5081
384,5104
104,5104
121,5127
344,5129
36,5131
18,5133
410,5138
405,5148
185,5162
99,5168
392,5170
300,5172
217,5173
288,5177
372,5185
256,5204
496,5211
94,5211
320,5235
304,5240
60,5248
229,5249
400,5251
449,5280
33,5289
115,5311
145,5342
337,5360
154,5362
140,5371
55,5400
88,5404
114,5408
312,5409
149,5416
220,5419
375,5426
470,5441
236,5458
448,5458
294,5468
186,5469
28,5480
142,5480
45,5489
472,5500
354,5525
171,5535
391,5538
345,5541
91,5550
399,5571
364,5577
23,5593
173,5650
43,5656
164,5658
105,5693
315,5708
46,5712
401,5727
408,5732
343,5735
395,5764
170,5768
156,5801
428,5803
95,5810
138,5825
221,5833
59,5873
368,5883
259,5884
290,5896
453,5901
176,5903
439,5910
70,5936
340,5938
296,5948
386,5951
167,6036
86,6066
270,6067
31,6141
155,6142
89,6147
193,6181
152,6239
500,6258
126,6262
295,6297
30,6297
361,6329
93,6393
310,6395
118,6398
293,6407
116,6428
319,6439
374,6440
393,6471
146,6500
491,6578
61,6638
452,6701
451,6725
148,6744
135,6747
385,6802
226,6804
324,6827
284,6848
107,6891
232,6905
447,6924
351,6933
283,7061
216,7087
328,7136
437,7225
41,7251
484,7323
227,7355
208,7381
278,7391
180,7422
302,7469
79,7499
231,7722
425,7816
125,7827
168,7873
498,7907
474,7912
224,8057
252,8243
417,8307
369,8371
139,8665
356,9057
10,9072
406,9205
322,9486
98,9867
373,10760
29,11148

simblock.block.ProofOfWorkBlock@c4d213b:99
134,0
470,569
329,813
59,1053
215,1136
438,1292
177,1374
251,1531
464,1613
353,1628
175,1707
358,1769
388,1855
291,1863
119,1872
237,1945
228,1945
273,2012
497,2099
281,2108
479,2115
131,2185
56,2189
15,2197
182,2198
192,2263
394,2338
361,2346
151,2425
415,2428
300,2432
218,2439
83,2440
121,2445
447,2532
245,2585
247,2587
8,2595
370,2678
65,2678
397,2687
277,2697
305,2761
233,2776
191,2829
316,2838
344,2863
75,2916
269,2918
392,2923
19,2924
267,2929
118,2936
347,2941
33,3002
199,3013
261,3020
257,3070
390,3082
143,3094
137,3108
412,3139
209,3163
404,3171
31,3200
278,3222
376,3240
319,3248
393,3255
346,3272
168,3272
206,3273
111,3310
120,3335
489,3342
135,3354
342,3407
336,3425
51,3427
338,3431
208,3445
190,3456
384,3478
212,3502
205,3504
124,3515
352,3531
294,3549
117,3551
74,3574
266,3578
437,3603
155,3612
471,3613
1,3631
333,3636
331,3646
357,3673
283,3684
157,3696
274,3708
321,3710
21,3716
136,3747
311,3752
460,3756
476,3764
103,3784
264,3802
406,3807
129,3834
270,3838
107,3850
93,3854
122,3860
389,3885
12,3900
253,3903
61,3907
204,3909
40,3913
312,3918
350,3932
496,3942
262,3943
307,3953
337,3954
60,3956
202,3975
450,3983
379,3988
367,3996
499,4005
366,4007
467,4008
211,4029
162,4035
402,4047
453,4056
236,4095
85,4105
410,4107
491,4112
354,4113
188,4118
13,4122
163,4132
16,4153
493,4155
439,4156
435,4161
196,4183
113,4188
488,4188
70,4190
54,4198
36,4202
194,4208
116,4210
167,4217
483,4236
443,4237
345,4252
473,4258
57,4268
302,4275
431,4296
409,4297
459,4299
463,4304
494,4309
417,4309
94,4313
332,4326
184,4336
86,4344
405,4359
185,4364
148,4366
328,4366
73,4372
427,4386
92,4392
91,4399
449,4401
128,4402
492,4408
408,4412
413,4412
314,4417
17,4429
339,4440
414,4449
351,4457
420,4495
158,4500
213,4501
170,4518
10,4519
201,4520
309,4523
224,4527
29,4527
22,4538
258,4539
419,4549
407,4551
293,4565
457,4571
363,4571
210,4587
45,4593
286,4597
303,4601
448,4603
164,4604
7,4609
222,4610
109,4622
340,4622
426,4644
380,4685
50,4695
82,4696
250,4705
95,4706
442,4708
421,4711
451,4721
140,4724
301,4727
298,4727
203,4727
64,4742
28,4751
147,4761
238,4763
396,4778
153,4779
472,4783
77,4784
24,4784
368,4802
430,4802
458,4810
495,4815
299,4821
422,4825
280,4844
89,4855
244,4857
466,4866
102,4884
156,4893
72,4911
66,4917
242,4924
320,4926
268,4927
186,4934
398,4938
123,4940
304,4948
315,4948
18,4948
490,4955
96,4970
487,4977
401,4981
183,4988
234,5003
279,5003
44,5030
133,5030
465,5030
462,5041
150,5042
179,5059
130,5082
341,5084
112,5094
187,5101
49,5118
5,5135
263,5136
25,5150
310,5153
180,5153
32,5165
282,5165
468,5173
99,5184
374,5190
432,5205
68,5205
165,5207
306,5217
395,5224
436,5227
178,5233
475,5246
486,5249
132,5252
90,5256
69,5261
275,5264
454,5278
181,5285
127,5289
161,5308
434,5318
39,5319
227,5338
323,5344
317,5352
139,5361
385,5363
254,5364
348,5372
43,5402
382,5415
138,5437
114,5468
446,5468
469,5472
255,5479
249,5482
230,5488
189,5513
365,5519
478,5525
20,5533
38,5539
455,5543
359,5563
160,5571
193,5571
334,5575
243,5579
9,5594
372,5610
272,5630
239,5642
424,5643
297,5646
152,5650
371,5653
106,5661
295,5665
146,5674
318,5675
418,5680
26,5741
144,5747
141,5786
288,5788
285,5791
225,5792
327,5793
67,5808
46,5841
207,5841
11,5860
330,5901
217,5921
400,5969
441,5974
423,5998
229,6021
364,6034
81,6056
259,6070
481,6070
378,6081
474,6084
326,6097
198,6102
335,6105
313,6107
101,6108
41,6116
174,6119
171,6171
30,6180
284,6248
265,6262
276,6287
287,6312
223,6384
166,6427
98,6438
271,6450
456,6487
429,6547
115,6593
452,6601
195,6614
84,6641
256,6655
498,6666
292,6722
52,6750
296,6842
80,6859
246,6904
375,6946
71,6998
356,7045
252,7202
387,7211
322,7222
391,7308
226,7352
145,7568
360,7633
362,8018
14,8471
289,8923
214,9417

simblock.block.ProofOfWorkBlock@238e9a61:100
289,0
49,1091
342,1332
436,1597
35,1662
159,1839
169,1899
215,1907
175,2082
497,2136
15,2144
281,2248
277,2321
244,2381
114,2411
47,2471
459,2471
379,2487
131,2648
434,2657
332,2666
468,2708
123,2708
464,2712
264,2714
14,2728
248,2803
166,2816
251,2894
141,2897
323,2945
75,2952
80,2956
382,2961
133,2962
280,2969
44,2978
213,3004
311,3044
385,3049
444,3053
411,3062
268,3134
1,3138
494,3165
261,3170
396,3186
187,3190
101,3194
241,3200
457,3203
74,3213
479,3218
225,3228
204,3229
31,3265
480,3282
380,3289
214,3293
438,3294
26,3300
220,3300
402,3312
453,3338
399,3368
477,3372
84,3375
317,3377
113,3406
486,3427
359,3430
6,3433
42,3439
132,3453
343,3454
361,3456
308,3467
7,3471
20,3474
117,3475
450,3493
407,3496
384,3534
324,3535
301,3539
292,3540
313,3545
32,3548
5,3553
95,3563
128,3563
253,3570
66,3595
85,3609
338,3614
198,3616
127,3620
147,3626
54,3629
345,3636
150,3637
222,3638
427,3643
83,3658
275,3662
349,3664
56,3670
405,3673
294,3676
416,3694
300,3694
445,3695
162,3697
433,3700
124,3712
403,3714
13,3737
262,3763
46,3763
89,3768
326,3771
186,3773
192,3779
78,3784
327,3785
337,3789
429,3790
465,3790
234,3796
39,3797
16,3806
178,3808
266,3810
157,3811
94,3831
483,3838
48,3841
112,3854
442,3861
316,3867
109,3873
257,3877
449,3877
321,3877
64,3878
351,3878
151,3880
424,3885
140,3886
458,3896
111,3902
336,3903
148,3904
443,3908
99,3921
339,3924
182,3932
325,3933
156,3942
77,3945
196,3946
134,3961
448,3974
57,3975
25,3984
432,3989
199,3995
430,3999
489,4001
211,4008
394,4011
283,4012
126,4013
398,4028
34,4028
149,4030
269,4030
388,4033
412,4041
387,4047
475,4050
170,4052
18,4060
165,4076
168,4081
82,4081
365,4092
86,4095
8,4096
435,4098
428,4099
206,4105
370,4112
102,4121
51,4124
90,4129
4,4131
366,4132
278,4135
455,4142
61,4143
258,4156
97,4157
267,4159
11,4162
473,4163
340,4169
462,4170
88,4177
418,4182
22,4188
212,4199
106,4201
24,4202
358,4203
3,4206
305,4210
310,4213
230,4224
172,4225
390,4241
463,4247
235,4251
273,4253
203,4254
59,4266
302,4271
179,4280
496,4288
130,4293
485,4301
377,4304
446,4309
81,4309
185,4319
243,4320
245,4328
103,4330
353,4331
274,4336
375,4337
188,4338
238,4339
121,4344
409,4362
108,4363
362,4365
460,4374
306,4375
461,4375
176,4376
50,4377
381,4379
163,4381
136,4390
227,4392
376,4399
303,4412
76,4413
401,4421
410,4429
137,4430
158,4438
37,4452
96,4453
415,4454
43,4456
330,4465
422,4467
347,4476
27,4488
138,4491
431,4493
454,4504
58,4510
183,4511
355,4524
389,4530
495,4533
285,4538
312,4539
350,4543
482,4546
115,4548
174,4562
146,4581
153,4586
171,4594
367,4600
2,4601
286,4607
68,4619
255,4620
334,4631
200,4635
254,4636
298,4653
181,4653
451,4661
293,4666
21,4667
296,4684
65,4696
129,4703
357,4710
116,4713
177,4715
369,4721
207,4723
144,4737
378,4739
279,4743
195,4748
118,4753
250,4763
319,4774
17,4781
93,4783
500,4788
271,4791
120,4795
414,4796
492,4804
299,4805
232,4808
152,4832
216,4843
469,4845
307,4873
249,4899
423,4921
467,4929
62,4945
38,4947
400,4948
260,4962
490,4965
383,4975
329,4985
135,4990
229,5003
184,5007
23,5009
33,5016
191,5018
160,5036
499,5042
472,5044
364,5082
164,5097
40,5104
421,5114
231,5116
320,5130
276,5142
104,5154
348,5173
154,5175
9,5192
371,5214
372,5240
265,5241
87,5263
208,5277
354,5321
471,5323
309,5323
119,5334
425,5338
145,5356
478,5366
356,5376
413,5383
30,5406
386,5429
190,5433
205,5465
217,5495
240,5503
72,5509
91,5511
193,5598
297,5599
60,5607
221,5625
395,5648
318,5650
201,5666
419,5668
447,5668
173,5723
223,5733
247,5741
100,5764
493,5768
189,5770
335,5792
53,5796
242,5835
105,5839
55,5841
420,5847
197,5872
19,5908
363,5936
291,5981
236,6001
270,6003
437,6004
474,6080
259,6090
92,6103
404,6112
219,6126
63,6131
209,6146
107,6170
290,6174
282,6174
408,6180
333,6271
352,6297
272,6318
233,6343
237,6349
228,6393
341,6408
284,6413
488,6433
194,6462
210,6494
142,6499
180,6504
167,6506
79,6591
70,6631
218,6632
346,6649
392,6674
28,6683
12,6701
491,6799
288,6823
452,6827
406,6839
456,6841
470,6869
315,6903
498,6907
344,6966
373,7007
226,7020
397,7116
110,7134
368,7172
52,7225
98,7228
466,7295
439,7336
143,7352
331,7354
36,7472
73,7541
374,7576
304,7626
263,7635
393,7672
440,7689
441,7692
155,7803
224,7956
360,7970
41,7983
476,8002
328,8023
417,8026
45,8164
122,8287
484,8335
29,8355
202,8364
67,8395
256,8571
69,8686
239,8702
125,8712
426,9036
295,9081
252,9120
487,9373
246,9487
139,9526
161,9703
481,9893
322,9931
287,10035
391,10299
10,10339
71,10397
314,10745

simblock.block.ProofOfWorkBlock@38bfd005:100
59,0
134,4053
119,4291
353,4544
479,4790
198,4872
20,5115
137,5131
421,5352
103,5466
2,5593
414,5795
112,5832
24,6129
453,6167
121,6464
253,6507
233,6795
287,6837
188,7133
499,7170
321,7330
208,7468
408,7504
305,7538
155,7740
39,7844
374,7877
387,7942
344,8145
186,8186
9,8287
90,8460
389,8516
423,8690
495,8783
459,8847
76,9098
44,9177
397,9418
261,9508
215,9735
45,9865
191,10049
229,10277
220,10371
115,10672
41,10798
243,11072
69,11283
68,11478
456,11885


simblock.block.ProofOfWorkBlock@39f3f471:76
simblock.block.ProofOfWorkBlock@6d6fd66c:56
simblock.block.ProofOfWorkBlock@66bf23b8:36
simblock.block.ProofOfWorkBlock@49108018:28
simblock.block.ProofOfWorkBlock@700f6004:67
simblock.block.ProofOfWorkBlock@1041a8ca:48
simblock.block.ProofOfWorkBlock@7d97b29c:10
simblock.block.ProofOfWorkBlock@3c35b339:38
simblock.block.ProofOfWorkBlock@29e9e97b:17
simblock.block.ProofOfWorkBlock@51d994ca:91
simblock.block.ProofOfWorkBlock@6c78ed3:8
simblock.block.ProofOfWorkBlock@6631d524:22
simblock.block.ProofOfWorkBlock@949165f:1
simblock.block.ProofOfWorkBlock@10d4d2ce:12
simblock.block.ProofOfWorkBlock@326ff375:48
simblock.block.ProofOfWorkBlock@4c3c158:36
simblock.block.ProofOfWorkBlock@b6adad:91
simblock.block.ProofOfWorkBlock@7f1fa983:55
simblock.block.ProofOfWorkBlock@525fdf42:48
simblock.block.ProofOfWorkBlock@67140f35:63
simblock.block.ProofOfWorkBlock@51ddc6f8:6
simblock.block.ProofOfWorkBlock@74238286:9
simblock.block.ProofOfWorkBlock@69e30ec5:74
simblock.block.ProofOfWorkBlock@11a5fb09:30
simblock.block.ProofOfWorkBlock@3534651a:1
simblock.block.ProofOfWorkBlock@7e49ab66:2
simblock.block.ProofOfWorkBlock@40789a8:96
simblock.block.ProofOfWorkBlock@4b4a784:60
simblock.block.ProofOfWorkBlock@7a03deb2:39
simblock.block.ProofOfWorkBlock@766b1b58:25
simblock.block.ProofOfWorkBlock@59599e6e:70
simblock.block.ProofOfWorkBlock@3cba978d:85
simblock.block.ProofOfWorkBlock@6eb4c50d:84
simblock.block.ProofOfWorkBlock@1cf1734b:89
simblock.block.ProofOfWorkBlock@38bfd005:100
simblock.block.ProofOfWorkBlock@6e7a7540:76
simblock.block.ProofOfWorkBlock@51531e68:58
simblock.block.ProofOfWorkBlock@24680754:48
simblock.block.ProofOfWorkBlock@27fba644:27
simblock.block.ProofOfWorkBlock@361bda5a:18
simblock.block.ProofOfWorkBlock@251835db:98
simblock.block.ProofOfWorkBlock@262d72a:2
simblock.block.ProofOfWorkBlock@20116ada:67
simblock.block.ProofOfWorkBlock@6eff823:93
simblock.block.ProofOfWorkBlock@59e42ca9:16
simblock.block.ProofOfWorkBlock@2720c9ee:45
simblock.block.ProofOfWorkBlock@7ff8ea28:27
simblock.block.ProofOfWorkBlock@74a7baf6:81
simblock.block.ProofOfWorkBlock@20c50997:24
simblock.block.ProofOfWorkBlock@36a59d77:91
simblock.block.ProofOfWorkBlock@7da52ef1:58
simblock.block.ProofOfWorkBlock@7b2e75f8:26
simblock.block.ProofOfWorkBlock@3dc2eb15:98
simblock.block.ProofOfWorkBlock@7ee40ebd:99
simblock.block.ProofOfWorkBlock@2eb95662:2
simblock.block.ProofOfWorkBlock@dbb1a60:69
simblock.block.ProofOfWorkBlock@2c305bed:47
simblock.block.ProofOfWorkBlock@62da2187:82
simblock.block.ProofOfWorkBlock@6003d5d:70
simblock.block.ProofOfWorkBlock@30379055:35
simblock.block.ProofOfWorkBlock@77bef99:70
simblock.block.ProofOfWorkBlock@755a6bb9:43
simblock.block.ProofOfWorkBlock@dc8afac:43
simblock.block.ProofOfWorkBlock@140943ef:41
simblock.block.ProofOfWorkBlock@3c230b45:17
simblock.block.ProofOfWorkBlock@24d96abe:27
simblock.block.ProofOfWorkBlock@7ad14c3b:91
simblock.block.ProofOfWorkBlock@5a6c5c8:58
simblock.block.ProofOfWorkBlock@238e9a61:100
simblock.block.ProofOfWorkBlock@5d136662:46
simblock.block.ProofOfWorkBlock@23f04d06:47
simblock.block.ProofOfWorkBlock@c4d213b:99
simblock.block.ProofOfWorkBlock@1c1fb4e6:4
simblock.block.ProofOfWorkBlock@6029c257:73
simblock.block.ProofOfWorkBlock@221b45e4:77
simblock.block.ProofOfWorkBlock@5c30decf:1
37
11107

BUILD SUCCESSFUL in 15s
2 actionable tasks: 1 executed, 1 up-to-date
