> Task :simulator:compileJava UP-TO-DATE
> Task :simulator:processResources NO-SOURCE
> Task :simulator:classes UP-TO-DATE

> Task :simulator:run
simblock.block.ProofOfWorkBlock@1b2c6ec2:0
123,0
169,477
380,662
480,853
497,962
453,1135
102,1143
175,1150
19,1331
228,1336
42,1337
338,1414
469,1446
120,1524
241,1528
130,1531
286,1555
149,1623
215,1633
111,1639
179,1694
488,1708
394,1709
47,1718
442,1721
74,1809
465,1813
268,1816
269,1821
434,1824
206,1825
470,1825
135,1866
257,1896
382,1910
379,1932
77,1971
328,1978
401,1982
327,1997
424,1999
48,2004
385,2004
309,2006
101,2008
141,2010
52,2011
166,2017
468,2017
310,2027
182,2090
49,2103
280,2103
255,2109
86,2113
358,2121
218,2122
108,2125
7,2135
60,2145
426,2182
331,2186
313,2189
436,2190
192,2190
329,2198
289,2202
32,2204
381,2206
325,2211
220,2213
427,2228
305,2254
344,2262
350,2266
330,2272
471,2286
203,2287
342,2289
117,2291
65,2294
76,2295
315,2297
143,2297
479,2300
403,2307
258,2307
87,2312
388,2314
397,2314
225,2315
201,2335
147,2374
127,2375
298,2379
185,2380
293,2381
254,2381
462,2385
209,2385
337,2388
416,2396
109,2399
5,2403
387,2412
302,2414
132,2415
449,2418
205,2419
411,2424
460,2426
500,2437
85,2441
435,2451
392,2467
487,2482
444,2483
355,2485
187,2486
11,2487
212,2489
75,2489
362,2492
20,2492
291,2493
56,2494
197,2496
35,2496
404,2501
177,2501
168,2501
237,2503
131,2506
17,2508
154,2511
88,2532
419,2535
352,2542
275,2549
61,2566
89,2566
97,2566
281,2567
301,2568
107,2571
430,2574
210,2574
236,2574
78,2577
389,2586
144,2588
455,2588
402,2591
194,2594
159,2594
369,2595
28,2596
429,2597
222,2603
413,2606
307,2616
343,2638
62,2641
190,2662
279,2665
390,2669
316,2672
406,2676
326,2677
262,2678
439,2678
26,2679
140,2680
118,2681
273,2682
235,2682
240,2683
248,2686
2,2692
464,2693
433,2695
73,2696
8,2698
272,2701
351,2702
230,2702
370,2703
303,2703
485,2722
377,2726
346,2727
165,2729
422,2738
170,2750
347,2751
22,2751
121,2752
251,2754
204,2760
499,2765
278,2770
216,2771
167,2773
393,2776
349,2776
63,2778
162,2785
55,2787
294,2789
80,2789
157,2792
376,2796
244,2797
441,2800
90,2801
105,2802
59,2803
414,2820
82,2823
450,2837
495,2842
345,2843
267,2843
239,2845
226,2848
266,2851
322,2852
202,2853
300,2854
53,2859
106,2864
431,2869
176,2873
459,2874
95,2877
67,2877
383,2879
359,2879
340,2879
348,2880
134,2883
446,2884
366,2885
407,2888
198,2888
6,2890
81,2893
33,2902
126,2906
447,2920
58,2941
445,2946
494,2952
292,2958
40,2960
213,2961
308,2961
304,2962
323,2962
153,2966
181,2976
163,2979
238,2979
50,2980
14,2981
443,2983
456,2988
319,2995
398,3000
312,3003
247,3007
96,3008
150,3009
438,3016
265,3019
463,3029
306,3034
399,3035
425,3035
114,3040
412,3045
454,3052
160,3053
484,3053
252,3053
277,3057
373,3060
483,3062
270,3066
363,3073
37,3075
264,3075
417,3078
474,3081
196,3099
339,3122
365,3124
36,3124
367,3125
321,3137
158,3138
492,3145
100,3146
128,3147
233,3147
486,3149
437,3151
405,3152
249,3156
311,3157
415,3160
24,3162
261,3162
183,3165
420,3166
70,3168
69,3175
171,3208
211,3219
232,3220
195,3222
46,3227
133,3232
13,3244
296,3253
360,3257
491,3258
103,3262
432,3262
451,3263
478,3266
285,3277
136,3277
271,3279
245,3287
68,3305
409,3312
112,3313
466,3315
333,3317
193,3317
283,3331
200,3332
124,3335
57,3338
129,3341
104,3341
384,3341
172,3341
396,3344
408,3346
287,3356
372,3364
461,3372
452,3375
498,3377
324,3377
156,3404
493,3406
93,3411
314,3411
23,3415
83,3424
410,3424
440,3426
234,3426
54,3429
336,3437
368,3449
64,3449
174,3455
99,3462
299,3491
475,3501
318,3502
72,3524
448,3539
458,3544
15,3549
364,3555
178,3592
66,3596
180,3600
9,3604
29,3608
119,3609
145,3615
357,3616
188,3623
84,3635
320,3643
332,3683
276,3694
250,3696
253,3700
191,3704
282,3710
94,3711
246,3713
173,3726
21,3726
125,3735
496,3754
151,3772
4,3780
242,3793
375,3798
473,3807
41,3815
361,3816
476,3818
27,3825
418,3877
186,3878
477,3881
354,3898
155,3898
18,3910
356,3926
161,3938
243,3955
137,3974
353,3977
274,3979
139,3985
16,3987
71,3988
39,4036
317,4049
288,4063
148,4066
3,4088
12,4095
113,4156
152,4158
231,4164
207,4169
25,4175
391,4181
489,4190
43,4198
472,4207
421,4243
229,4250
482,4257
386,4259
199,4264
378,4311
457,4315
295,4326
110,4343
1,4367
481,4415
395,4440
31,4443
138,4447
208,4453
116,4484
221,4509
115,4514
428,4541
44,4541
224,4543
263,4555
260,4579
227,4610
400,4623
92,4624
184,4647
30,4668
51,4720
146,4758
91,4775
341,4805
164,4819
335,4821
214,4822
122,4825
219,4866
79,4961
38,4965
374,4974
334,5004
34,5019
10,5072
490,5097
223,5097
467,5169
217,5176
284,5200
189,5322
259,5401
45,5401
371,5423
297,5518
423,5581
142,5753
290,5755
98,5874
256,5963

simblock.block.ProofOfWorkBlock@4afcae7:1
101,0
468,481
15,666
381,872
285,959
228,1058
130,1147
6,1171
404,1243
87,1334
464,1362
424,1367
126,1457
293,1520
385,1524
329,1546
35,1550
317,1552
132,1632
33,1645
301,1662
166,1724
191,1726
486,1734
462,1739
165,1755
202,1798
32,1819
323,1831
469,1834
470,1844
397,1850
5,1852
17,1919
222,1920
269,1921
401,1930
80,1932
111,1948
379,1950
52,2008
187,2016
365,2020
65,2023
134,2034
26,2036
74,2036
198,2037
277,2067
78,2082
77,2083
361,2110
480,2111
47,2113
370,2115
342,2120
122,2126
300,2127
141,2138
298,2146
380,2197
127,2201
241,2202
108,2204
120,2204
150,2207
147,2211
268,2213
83,2220
117,2223
355,2225
281,2225
318,2226
210,2229
162,2239
106,2260
75,2299
497,2301
215,2301
411,2304
292,2312
273,2314
37,2320
388,2325
430,2332
249,2332
376,2334
144,2335
384,2338
82,2345
233,2353
216,2366
2,2390
247,2398
403,2402
455,2402
448,2403
466,2404
245,2407
42,2408
19,2411
416,2412
291,2412
392,2420
313,2443
258,2443
377,2484
209,2487
352,2488
346,2488
240,2489
54,2490
421,2495
272,2501
333,2503
425,2504
459,2504
394,2505
244,2506
110,2513
294,2514
59,2516
254,2516
177,2520
97,2520
444,2522
251,2524
76,2530
102,2531
382,2532
72,2545
116,2555
353,2561
225,2576
164,2577
121,2586
358,2589
231,2592
235,2595
327,2598
131,2600
182,2601
49,2602
418,2602
169,2603
465,2604
136,2610
478,2616
220,2629
39,2630
20,2630
275,2632
340,2637
499,2640
156,2651
133,2657
450,2665
304,2684
158,2684
479,2688
200,2688
414,2691
445,2697
73,2700
266,2702
438,2703
390,2704
362,2706
149,2708
326,2711
436,2714
253,2720
359,2723
331,2727
119,2729
112,2749
58,2765
113,2770
412,2770
408,2773
46,2774
197,2775
89,2777
155,2779
398,2781
286,2781
396,2783
316,2785
63,2786
387,2788
500,2791
349,2792
280,2792
336,2793
146,2793
123,2795
457,2795
347,2797
218,2797
128,2797
51,2798
402,2807
255,2810
213,2816
383,2817
18,2819
53,2822
354,2844
315,2859
204,2861
483,2870
151,2872
305,2873
287,2874
84,2876
57,2880
129,2883
90,2884
472,2887
205,2887
109,2887
434,2888
495,2889
369,2891
192,2892
406,2893
48,2895
321,2902
1,2903
307,2906
338,2908
431,2911
224,2929
289,2935
107,2963
344,2963
257,2966
262,2969
22,2970
160,2970
437,2972
186,2973
309,2976
14,2978
279,2980
413,2984
3,2985
94,2988
439,2993
167,2994
427,3002
238,3003
409,3005
214,3007
422,3013
143,3046
118,3047
62,3059
208,3060
374,3061
417,3063
199,3063
12,3063
230,3065
250,3066
163,3067
310,3070
234,3072
475,3073
442,3075
407,3075
490,3081
473,3084
11,3088
494,3092
345,3096
56,3097
13,3097
460,3102
34,3109
487,3125
140,3136
236,3140
43,3140
463,3146
330,3148
25,3152
237,3155
454,3155
159,3158
400,3163
176,3165
325,3165
154,3165
45,3166
188,3168
278,3170
168,3171
203,3175
201,3175
227,3187
170,3188
248,3188
66,3188
351,3197
242,3198
471,3214
232,3218
206,3220
173,3233
429,3239
70,3246
399,3249
267,3250
92,3255
367,3256
482,3256
189,3259
339,3265
446,3266
7,3270
366,3278
115,3283
441,3285
196,3286
239,3290
184,3296
152,3316
31,3326
55,3339
104,3339
433,3341
443,3341
350,3342
288,3342
161,3344
477,3350
265,3351
29,3352
415,3359
410,3359
435,3375
85,3376
207,3392
71,3406
284,3413
371,3417
68,3420
419,3424
61,3431
492,3434
28,3435
373,3440
357,3449
8,3451
27,3453
297,3456
185,3462
484,3469
368,3478
135,3495
276,3511
447,3523
125,3524
423,3529
256,3530
386,3531
332,3533
337,3534
4,3537
124,3540
181,3544
24,3546
195,3552
114,3555
343,3574
93,3575
312,3604
453,3617
303,3618
264,3628
60,3632
157,3638
194,3658
485,3694
23,3694
261,3705
142,3706
44,3713
489,3715
449,3719
137,3721
171,3721
36,3728
91,3736
243,3754
217,3770
223,3775
299,3808
363,3812
306,3812
96,3813
458,3815
41,3819
319,3820
64,3825
324,3836
426,3855
295,3865
335,3878
88,3883
148,3898
67,3900
432,3903
212,3910
99,3935
428,3938
461,3950
372,3969
320,4000
179,4004
105,4010
103,4015
283,4017
50,4048
229,4053
175,4082
21,4105
86,4109
263,4130
451,4136
322,4167
260,4167
364,4170
270,4177
10,4181
476,4186
16,4194
69,4209
38,4232
378,4247
81,4252
405,4283
296,4289
348,4294
178,4295
153,4298
259,4309
496,4384
356,4386
226,4466
274,4469
491,4475
474,4490
341,4519
375,4520
290,4542
481,4560
440,4561
282,4575
271,4647
395,4647
172,4652
183,4653
190,4670
30,4739
420,4753
493,4761
174,4777
302,4841
180,4852
145,4880
9,4902
246,4925
488,4947
98,5002
193,5002
360,5006
219,5007
311,5036
211,5058
328,5121
138,5134
308,5224
334,5255
391,5277
389,5341
452,5363
221,5364
79,5387
95,5404
40,5503
393,5683
467,5702
498,5740
100,5783
252,6030
456,6157
314,6383
139,6736

simblock.block.ProofOfWorkBlock@7b10472e:1
465,0
19,482
362,670
479,858
269,1044
257,1231
53,1511
366,1792
428,2071
283,2350
356,2657
454,2940
333,3247
473,3526
386,3814
167,4100
54,4383
29,4660
243,5008
378,5375

simblock.block.ProofOfWorkBlock@9124278:2
60,0
29,408
457,561
161,719
57,819
472,873
450,962
163,971
338,1029
208,1117
186,1120
157,1127
389,1187
408,1225
264,1272
16,1275
308,1278
185,1279
275,1345
202,1367
8,1381
279,1383
86,1426
437,1430
25,1431
426,1438
278,1440
489,1497
205,1520
483,1521
477,1525
107,1529
129,1535
369,1535
162,1578
89,1588
27,1590
53,1590
499,1591
471,1626
22,1630
85,1675
190,1677
428,1678
310,1679
31,1682
230,1683
447,1687
124,1690
478,1690
95,1695
213,1730
448,1740
188,1744
435,1745
54,1748
487,1754
33,1763
156,1769
336,1785
417,1787
44,1788
261,1802
7,1829
168,1830
283,1831
167,1835
153,1839
236,1840
449,1840
339,1841
453,1844
367,1845
184,1847
343,1848
64,1849
272,1850
420,1852
250,1885
135,1894
302,1897
363,1899
253,1908
494,1908
51,1913
460,1926
160,1926
40,1927
488,1937
407,1940
255,1941
211,1943
286,1950
212,1954
179,1981
412,1985
496,1990
346,1991
319,1992
158,1992
270,1994
200,1995
91,1996
62,1998
121,1999
24,1999
414,2000
176,2000
490,2000
294,2002
357,2003
113,2005
100,2018
28,2032
318,2033
128,2034
493,2043
266,2047
393,2050
305,2052
454,2055
315,2061
210,2062
88,2068
21,2079
332,2080
110,2082
307,2083
303,2091
122,2092
1,2094
419,2096
406,2100
148,2102
476,2107
337,2109
422,2119
433,2135
485,2136
348,2144
409,2145
312,2145
440,2147
72,2149
180,2149
373,2152
293,2153
178,2153
239,2153
392,2155
55,2155
94,2156
321,2156
203,2157
405,2157
194,2160
196,2167
70,2190
340,2195
214,2196
267,2201
204,2204
13,2207
109,2209
413,2211
482,2216
492,2223
463,2226
484,2231
118,2234
63,2234
137,2235
231,2245
77,2246
344,2246
324,2248
58,2249
383,2253
439,2253
306,2258
132,2258
136,2259
59,2263
262,2263
61,2266
114,2275
201,2279
220,2281
394,2282
116,2288
399,2290
154,2293
224,2293
473,2297
331,2299
345,2300
274,2301
96,2303
459,2303
333,2304
427,2304
92,2306
248,2306
475,2309
466,2311
309,2312
155,2317
97,2323
301,2324
18,2328
269,2329
199,2342
401,2344
430,2344
66,2357
442,2360
143,2363
282,2365
120,2378
316,2381
226,2383
84,2387
366,2387
425,2397
140,2398
350,2402
320,2405
216,2408
443,2409
170,2410
298,2412
387,2412
377,2412
5,2414
351,2415
311,2416
147,2422
257,2423
93,2441
105,2447
458,2448
304,2453
164,2458
127,2460
39,2462
451,2466
415,2469
352,2470
441,2471
4,2485
292,2486
398,2491
465,2492
20,2493
287,2497
19,2501
356,2512
396,2515
103,2517
206,2517
491,2525
470,2529
238,2532
268,2536
233,2541
12,2544
436,2548
83,2551
327,2555
82,2559
222,2568
90,2568
111,2569
438,2570
241,2582
410,2586
358,2590
249,2590
2,2591
421,2594
76,2594
67,2595
416,2597
225,2599
197,2601
37,2601
361,2601
500,2602
486,2602
149,2610
144,2612
299,2621
325,2623
36,2624
368,2627
112,2633
424,2648
277,2652
390,2662
192,2664
126,2665
328,2671
78,2677
56,2677
52,2682
284,2685
281,2685
108,2689
240,2693
330,2694
432,2696
259,2705
323,2709
150,2710
289,2721
495,2726
48,2728
191,2733
15,2733
11,2734
142,2744
237,2746
35,2746
329,2748
87,2751
26,2757
254,2758
271,2767
215,2771
193,2778
402,2780
134,2780
172,2782
3,2798
379,2800
342,2800
376,2804
434,2819
455,2823
133,2824
359,2831
221,2833
177,2834
313,2836
75,2839
370,2839
445,2844
131,2845
456,2850
235,2853
355,2859
468,2860
258,2860
80,2863
360,2867
411,2867
247,2867
497,2869
207,2881
42,2888
130,2891
381,2906
245,2945
73,2948
209,2960
480,2963
175,2970
38,2973
198,2976
50,2981
232,2991
431,2995
146,2995
384,2999
228,3000
386,3008
251,3027
6,3037
362,3046
165,3050
452,3050
9,3076
462,3080
317,3090
102,3091
429,3091
169,3103
117,3109
181,3111
341,3122
23,3126
65,3127
265,3130
182,3137
347,3154
47,3157
391,3158
104,3176
125,3180
288,3188
479,3229
227,3232
280,3243
378,3243
498,3245
374,3257
229,3264
49,3271
349,3273
444,3275
418,3298
464,3306
469,3315
263,3326
71,3355
322,3355
123,3357
234,3358
382,3360
260,3374
354,3380
14,3390
404,3392
385,3402
32,3403
159,3423
46,3423
296,3431
30,3464
371,3473
276,3481
218,3500
290,3510
397,3511
34,3559
166,3564
314,3570
300,3581
246,3626
353,3630
151,3632
334,3647
388,3657
98,3661
252,3664
74,3672
69,3683
68,3701
189,3714
171,3734
219,3753
474,3780
481,3781
101,3783
43,3802
152,3803
242,3844
187,3854
119,3896
372,3909
446,3946
138,3956
174,3963
364,4004
395,4028
461,4062
403,4067
273,4119
295,4137
244,4164
139,4168
400,4184
297,4195
326,4212
173,4225
115,4253
380,4334
41,4339
99,4358
141,4386
10,4407
17,4434
195,4563
145,4593
285,4606
467,4615
183,4660
375,4707
291,4716
423,4721
335,4792
106,4873
81,4971
79,5103
45,5115
365,5140
256,5171
217,5493
243,5554
223,5889

simblock.block.ProofOfWorkBlock@2e7011b5:3
161,0
27,401
16,554
186,707
53,805
51,861
408,957
352,960
492,1016
162,1108
140,1109
85,1115
60,1174
94,1207
264,1260
414,1264
412,1267
392,1288
487,1332
95,1359
86,1365
211,1365
279,1412
315,1418
489,1418
309,1420
270,1444
437,1488
448,1512
490,1515
22,1518
460,1519
200,1521
348,1521
113,1569
89,1573
338,1576
118,1586
107,1589
57,1596
282,1612
88,1641
339,1663
8,1664
425,1671
127,1671
293,1671
210,1673
212,1674
82,1676
475,1691
178,1704
459,1723
29,1728
321,1728
7,1735
93,1739
294,1742
410,1748
308,1765
417,1766
482,1767
103,1768
157,1815
472,1816
454,1822
267,1823
180,1824
116,1825
255,1825
31,1827
194,1828
92,1829
440,1830
204,1845
447,1848
236,1864
477,1879
389,1881
122,1890
202,1892
491,1893
405,1894
6,1911
105,1914
409,1916
1,1918
201,1920
357,1921
28,1921
40,1926
179,1929
216,1935
445,1935
133,1938
203,1969
443,1972
283,1973
485,1977
253,1978
471,1979
367,1980
148,1982
350,1983
330,1987
121,1993
129,1994
415,1997
78,2001
363,2002
449,2005
108,2014
39,2027
262,2030
478,2041
63,2045
368,2046
373,2049
250,2062
205,2067
304,2068
158,2069
231,2069
143,2071
369,2073
336,2075
77,2076
488,2077
239,2077
54,2077
110,2081
432,2085
266,2087
224,2090
450,2090
399,2093
24,2094
44,2125
226,2125
248,2128
494,2131
499,2131
261,2132
386,2135
287,2136
328,2137
311,2140
377,2145
36,2146
33,2146
428,2148
366,2150
254,2154
413,2157
72,2158
280,2165
170,2171
343,2173
406,2175
464,2176
61,2180
286,2194
420,2198
402,2199
430,2199
419,2201
345,2203
136,2208
333,2219
18,2219
272,2222
483,2222
156,2225
128,2230
340,2230
346,2231
401,2231
55,2232
213,2232
84,2233
307,2233
496,2234
214,2235
160,2236
154,2236
302,2238
493,2241
135,2242
337,2242
484,2244
433,2252
62,2277
168,2278
147,2282
457,2283
196,2286
422,2293
124,2296
306,2296
153,2297
21,2303
206,2312
13,2322
184,2324
320,2329
396,2331
176,2333
209,2334
114,2343
64,2359
424,2360
312,2363
35,2364
326,2369
163,2376
58,2383
441,2384
91,2386
12,2386
500,2388
458,2389
451,2393
155,2394
100,2394
476,2396
208,2405
435,2406
65,2412
137,2412
222,2414
190,2415
20,2417
175,2419
427,2420
117,2424
344,2424
362,2429
466,2434
233,2434
14,2435
191,2435
398,2442
387,2448
275,2449
274,2449
319,2451
52,2454
479,2464
218,2467
244,2467
473,2474
356,2476
247,2476
251,2479
177,2493
192,2496
83,2496
4,2498
159,2498
468,2508
120,2508
301,2510
3,2515
426,2515
310,2523
185,2535
393,2541
70,2542
439,2544
384,2544
329,2549
305,2549
403,2550
324,2551
351,2566
164,2568
497,2569
73,2578
123,2578
48,2581
281,2582
341,2585
106,2586
332,2587
249,2596
463,2600
109,2602
230,2605
436,2609
197,2612
298,2631
74,2632
101,2654
388,2655
188,2668
144,2670
15,2672
56,2672
26,2677
313,2681
331,2681
397,2688
199,2695
431,2696
150,2697
407,2706
303,2707
32,2709
370,2712
258,2714
215,2716
182,2716
174,2716
342,2718
358,2721
442,2729
418,2733
411,2734
429,2734
220,2737
42,2737
66,2741
277,2747
278,2758
130,2763
46,2765
365,2768
421,2775
87,2777
237,2780
461,2782
240,2788
385,2792
379,2800
219,2811
232,2813
292,2813
193,2822
207,2826
112,2834
317,2844
453,2849
102,2854
404,2863
354,2865
5,2870
138,2875
268,2888
263,2888
76,2889
37,2898
355,2903
25,2903
167,2910
260,2919
152,2931
59,2934
9,2940
446,2945
257,2945
90,2950
318,2951
316,2953
252,2954
416,2965
134,2972
189,2972
361,2975
104,2976
391,2976
234,2980
238,2984
139,2988
19,2999
327,3006
470,3012
125,3030
480,3034
126,3039
47,3042
390,3048
38,3058
165,3060
359,3082
68,3098
229,3121
269,3125
400,3125
325,3132
364,3154
115,3155
375,3156
465,3177
285,3184
360,3190
347,3203
23,3217
181,3217
376,3219
395,3237
245,3251
41,3255
71,3264
149,3265
50,3268
394,3276
80,3279
111,3304
225,3307
169,3318
145,3322
187,3326
322,3334
221,3340
374,3341
34,3352
256,3354
166,3356
456,3360
265,3368
30,3369
434,3393
43,3428
49,3448
495,3449
444,3490
271,3502
452,3510
142,3514
96,3517
323,3532
378,3533
119,3543
75,3544
295,3546
289,3572
299,3581
300,3596
481,3597
69,3628
335,3641
438,3658
172,3692
243,3693
423,3698
462,3714
131,3714
498,3721
284,3733
81,3755
228,3755
380,3783
17,3813
67,3818
2,3839
141,3861
314,3886
381,3925
10,3936
99,3939
171,3962
235,3984
383,3987
11,4022
183,4037
486,4048
455,4079
469,4131
146,4133
242,4134
372,4160
296,4219
132,4255
241,4272
474,4313
290,4314
291,4350
297,4399
97,4399
98,4405
259,4442
151,4537
195,4602
353,4616
288,4633
273,4665
276,4698
198,4803
382,4888
246,5018
334,5049
349,5070
217,5267
371,5427
227,5448
79,5647
467,5869
45,6043
173,6308
223,6436

simblock.block.ProofOfWorkBlock@8020711:4
294,0
44,404
428,557
167,712
491,806
185,871
7,959
307,970
16,1023
82,1117
352,1118
450,1124
339,1178
373,1218
321,1270
475,1272
8,1276
203,1282
443,1334
433,1369
36,1374
164,1380
53,1423
454,1427
366,1438
386,1445
368,1459
261,1487
95,1521
55,1522
440,1524
51,1526
348,1527
184,1536
1,1577
118,1583
453,1590
206,1599
107,1613
493,1621
25,1621
121,1641
435,1673
499,1676
61,1676
350,1680
202,1680
407,1681
267,1682
58,1685
406,1689
21,1705
408,1729
113,1741
264,1744
230,1754
64,1766
427,1772
312,1774
105,1776
306,1778
135,1781
494,1797
449,1827
487,1830
308,1831
472,1833
278,1836
13,1837
346,1837
430,1838
100,1841
319,1844
336,1845
315,1848
287,1857
345,1862
54,1867
214,1882
129,1891
422,1895
157,1900
445,1910
253,1927
161,1927
439,1927
208,1927
12,1930
133,1932
180,1934
496,1935
490,1937
414,1941
328,1941
188,1980
286,1982
27,1987
484,1988
168,1989
309,1990
489,1992
401,1995
122,1998
124,2000
340,2002
91,2002
310,2003
304,2005
266,2010
93,2015
201,2015
204,2016
451,2020
393,2025
176,2029
262,2043
357,2044
117,2046
199,2051
213,2063
421,2063
85,2079
448,2082
170,2082
156,2083
116,2084
62,2084
419,2087
154,2088
89,2090
274,2090
72,2091
63,2095
460,2098
320,2102
226,2116
293,2118
441,2134
57,2140
94,2141
205,2142
377,2146
179,2147
283,2147
488,2154
233,2154
275,2155
471,2156
212,2157
186,2161
416,2168
92,2169
492,2173
343,2182
22,2183
485,2183
389,2186
356,2189
77,2191
303,2194
97,2194
447,2197
66,2204
239,2218
412,2233
330,2237
39,2240
84,2241
500,2241
127,2242
148,2243
333,2245
70,2245
160,2246
409,2248
317,2248
60,2250
413,2251
410,2254
112,2255
426,2255
155,2259
459,2262
329,2268
425,2269
225,2270
305,2272
190,2279
86,2287
289,2291
457,2295
363,2299
466,2300
311,2302
351,2306
88,2309
478,2309
376,2310
279,2311
369,2313
33,2327
200,2329
126,2333
250,2336
476,2339
137,2339
123,2342
255,2345
302,2351
37,2352
240,2356
149,2361
473,2362
28,2364
248,2371
417,2375
102,2387
40,2389
402,2391
270,2392
332,2394
59,2400
415,2413
143,2415
178,2417
224,2418
432,2420
49,2424
344,2426
442,2428
197,2435
182,2436
482,2440
237,2447
136,2449
497,2452
392,2457
162,2458
437,2462
236,2465
103,2470
130,2473
76,2476
153,2483
272,2487
128,2492
48,2510
74,2510
73,2511
52,2515
150,2518
398,2521
292,2528
11,2529
251,2529
15,2534
331,2536
479,2543
216,2543
110,2543
194,2550
258,2556
56,2560
235,2565
382,2572
193,2574
404,2582
87,2589
281,2594
254,2597
446,2601
211,2605
444,2606
231,2617
338,2618
24,2620
477,2622
19,2626
495,2629
269,2635
399,2639
249,2641
458,2645
381,2655
141,2657
120,2660
9,2669
6,2676
325,2682
220,2692
385,2693
313,2696
18,2700
403,2702
26,2702
341,2703
78,2704
342,2704
80,2706
324,2709
463,2722
481,2730
318,2742
108,2744
83,2745
383,2756
405,2757
361,2759
322,2766
139,2768
483,2770
41,2773
196,2775
152,2782
362,2789
35,2790
337,2792
486,2798
390,2799
140,2802
166,2804
209,2810
364,2818
14,2820
79,2829
327,2832
2,2832
131,2833
326,2839
242,2847
119,2847
367,2857
50,2863
138,2864
98,2871
101,2889
90,2892
323,2897
109,2901
280,2908
387,2910
221,2920
420,2922
106,2927
158,2927
232,2934
469,2935
195,2938
189,2946
282,2949
4,2955
183,2956
470,2968
20,2972
96,2974
434,2979
290,2984
104,2990
424,2991
229,2997
291,3008
132,3022
299,3023
163,3025
296,3031
222,3056
238,3056
81,3057
429,3064
455,3067
388,3071
210,3075
30,3078
379,3079
468,3085
372,3096
23,3097
151,3099
177,3113
355,3113
3,3134
452,3145
115,3149
247,3150
228,3160
191,3161
43,3162
418,3163
244,3166
271,3172
31,3177
359,3182
277,3198
32,3204
300,3210
480,3215
218,3238
397,3247
431,3277
285,3288
29,3330
384,3336
438,3341
411,3344
75,3355
198,3365
284,3367
145,3371
69,3376
298,3381
46,3384
219,3435
380,3435
365,3459
144,3474
71,3474
42,3476
273,3476
68,3477
65,3483
370,3509
175,3515
314,3538
400,3539
10,3543
358,3545
464,3554
349,3598
134,3610
245,3614
17,3657
47,3662
268,3705
171,3723
165,3741
353,3742
227,3744
234,3751
498,3752
114,3779
215,3786
181,3814
378,3815
462,3821
207,3838
142,3857
301,3869
354,3873
347,3878
147,3884
111,3931
265,3934
146,3940
465,3970
187,4009
394,4016
67,4037
436,4081
276,4124
34,4134
396,4147
174,4175
159,4197
288,4209
263,4219
335,4236
316,4250
252,4271
374,4275
192,4282
334,4389
259,4475
260,4503
5,4517
241,4550
172,4575
243,4577
246,4655
461,4677
257,4792
371,4802
395,4896
360,4934
45,4969
456,5040
169,5058
297,5112
467,5239
125,5292
223,5363
217,5436
375,5489
295,5550
173,5678
99,5697
391,5829
38,6217
474,6600
256,6980
423,7360

simblock.block.ProofOfWorkBlock@60a1910f:4
468,0
240,481
17,668
101,859
268,976
130,1047
247,1154
411,1167
191,1232
257,1354
15,1355
497,1421
476,1438
65,1456
132,1533
495,1540
381,1540
385,1626
42,1645
2,1655
438,1661
108,1715
32,1721
414,1724
228,1726
126,1747
47,1825
277,1832
80,1833
462,1839
379,1841
180,1845
73,1855
358,1903
470,1906
52,1909
404,1912
218,1936
388,1941
460,1998
186,2002
285,2011
370,2016
182,2020
141,2020
6,2025
109,2025
222,2030
431,2032
455,2088
49,2095
480,2096
187,2104
365,2121
144,2126
210,2139
361,2143
5,2146
119,2150
483,2151
206,2190
87,2197
181,2198
292,2201
75,2205
424,2207
215,2209
323,2211
209,2212
35,2212
151,2217
444,2222
380,2281
111,2281
386,2287
120,2295
496,2307
48,2312
251,2316
220,2321
291,2328
37,2349
103,2368
446,2387
33,2388
177,2389
165,2392
26,2397
464,2397
213,2400
245,2403
317,2404
486,2408
272,2417
149,2428
459,2433
153,2434
349,2468
202,2469
27,2476
136,2480
293,2483
164,2483
147,2485
269,2490
118,2490
150,2491
329,2498
353,2502
294,2502
382,2504
249,2505
313,2508
131,2509
235,2512
134,2514
301,2515
298,2539
56,2541
275,2544
90,2548
387,2555
267,2566
159,2572
234,2573
434,2577
394,2584
436,2584
342,2587
339,2588
44,2593
425,2595
327,2601
254,2604
74,2618
123,2627
384,2632
168,2636
59,2643
287,2650
416,2657
415,2667
167,2670
492,2681
435,2681
403,2685
307,2685
325,2688
157,2688
289,2693
331,2696
97,2697
398,2698
128,2700
318,2701
83,2701
347,2702
20,2703
300,2703
4,2704
355,2707
214,2708
410,2715
458,2716
402,2716
362,2726
78,2757
478,2760
197,2761
102,2762
419,2764
273,2767
54,2768
412,2769
244,2770
166,2774
62,2776
494,2780
45,2789
351,2789
8,2795
463,2813
359,2818
279,2826
110,2827
396,2845
306,2848
233,2854
205,2856
352,2861
393,2863
158,2865
283,2870
237,2873
3,2876
264,2878
198,2878
106,2880
124,2882
19,2886
14,2889
7,2893
175,2895
397,2902
281,2902
93,2903
204,2904
137,2921
127,2932
407,2949
421,2950
442,2952
11,2955
121,2961
465,2962
143,2962
484,2963
337,2965
445,2967
230,2970
471,2974
231,2975
82,2976
348,2978
239,2986
282,2987
161,2988
479,2991
309,2992
84,2992
475,2993
427,2995
238,2999
31,3005
378,3011
10,3025
369,3027
96,3028
469,3033
156,3041
261,3045
286,3050
22,3050
76,3053
148,3054
114,3056
112,3066
418,3066
57,3072
305,3074
374,3076
71,3086
377,3090
105,3099
367,3106
343,3110
383,3115
13,3117
192,3121
391,3121
1,3135
405,3141
485,3142
284,3145
280,3152
266,3154
100,3157
155,3161
477,3166
450,3167
95,3168
487,3168
117,3176
278,3176
413,3176
332,3180
200,3180
18,3182
440,3182
46,3186
253,3199
260,3200
70,3212
24,3229
169,3230
64,3236
107,3238
66,3239
185,3240
368,3241
491,3245
88,3246
457,3252
302,3253
373,3253
350,3256
199,3266
392,3270
51,3270
304,3272
338,3272
129,3275
176,3277
422,3284
340,3310
449,3318
315,3323
224,3324
430,3331
420,3332
432,3334
154,3347
451,3347
72,3348
346,3351
113,3351
312,3362
429,3363
207,3372
246,3383
36,3392
196,3395
225,3403
250,3403
248,3413
406,3429
308,3435
122,3443
316,3444
236,3446
326,3447
426,3447
500,3447
490,3454
363,3458
94,3470
99,3473
423,3474
499,3483
61,3490
409,3506
43,3507
160,3508
320,3512
299,3513
21,3514
91,3519
389,3523
473,3529
482,3531
39,3532
330,3538
201,3539
345,3543
63,3544
89,3558
333,3562
321,3606
390,3607
324,3611
226,3612
55,3620
447,3627
441,3633
474,3638
28,3640
125,3645
173,3662
188,3670
252,3672
53,3691
439,3710
395,3712
40,3712
208,3724
258,3727
454,3727
85,3729
241,3739
489,3768
276,3790
472,3800
336,3802
139,3806
371,3809
163,3810
372,3811
310,3816
203,3817
428,3817
179,3818
334,3821
41,3822
152,3824
360,3825
115,3826
417,3838
297,3839
295,3851
461,3851
375,3859
30,3886
133,3888
303,3897
184,3905
270,3913
140,3954
296,3984
86,3992
376,3994
38,3997
25,4012
171,4019
183,4032
256,4048
399,4050
400,4070
229,4078
116,4081
60,4088
437,4096
354,4106
433,4120
265,4127
242,4162
217,4171
193,4175
138,4175
448,4179
290,4183
135,4190
274,4192
68,4195
481,4206
34,4241
219,4242
92,4273
344,4291
466,4336
364,4338
335,4355
16,4366
259,4387
189,4421
9,4430
223,4437
12,4457
288,4468
453,4470
194,4472
50,4476
255,4518
162,4522
314,4544
190,4553
172,4557
366,4569
178,4613
211,4646
443,4735
142,4740
408,4748
328,4779
322,4788
221,4790
195,4824
81,4825
23,4829
319,4832
357,4851
77,4906
29,4926
401,4971
216,5027
170,5039
174,5043
262,5109
145,5149
146,5155
67,5178
263,5181
58,5190
212,5205
311,5307
488,5390
341,5399
493,5469
232,5506
452,5535
467,5549
498,5661
356,5667
69,5811
227,5863
243,5908
79,6013
456,6018
271,6169
98,6521

simblock.block.ProofOfWorkBlock@29881522:5
73,0
325,484
298,676
52,878
35,972
247,1064
42,1157
19,1165
218,1253
96,1353
301,1353
421,1364
37,1442
15,1450
370,1544
197,1551
17,1552
39,1634
74,1637
362,1639
144,1644
215,1648
109,1739
438,1741
130,1742
444,1760
462,1826
48,1830
33,1833
235,1836
251,1839
245,1846
369,1916
422,1920
222,1927
234,1931
101,1931
209,1955
329,2016
379,2016
348,2019
187,2019
272,2020
424,2026
220,2028
166,2037
468,2039
303,2042
119,2044
323,2114
117,2116
446,2121
464,2121
141,2125
365,2126
176,2128
228,2129
291,2143
414,2195
387,2197
132,2203
333,2205
292,2205
380,2211
268,2211
257,2217
32,2222
198,2225
134,2229
359,2232
26,2244
450,2296
210,2299
342,2306
463,2307
225,2310
469,2312
102,2318
429,2318
211,2320
294,2324
168,2325
431,2326
476,2328
175,2329
273,2330
149,2331
495,2345
277,2346
140,2362
281,2391
249,2395
465,2399
169,2402
58,2402
202,2406
480,2407
56,2408
411,2408
76,2413
404,2416
177,2416
361,2416
133,2428
108,2433
143,2444
205,2447
483,2472
490,2473
70,2479
201,2484
80,2491
349,2503
192,2505
313,2507
385,2508
238,2508
151,2509
418,2514
355,2516
191,2517
111,2518
300,2518
240,2518
470,2531
170,2535
59,2535
358,2548
270,2576
416,2579
85,2582
6,2582
449,2583
331,2585
374,2591
269,2594
62,2595
103,2600
7,2601
90,2602
89,2602
5,2602
310,2603
381,2603
255,2605
382,2607
306,2608
454,2608
53,2608
451,2610
150,2612
440,2612
181,2612
165,2620
455,2624
83,2625
307,2627
398,2630
213,2631
347,2632
368,2679
64,2681
194,2685
389,2687
413,2689
394,2692
208,2693
346,2693
436,2696
75,2700
123,2701
87,2703
442,2704
244,2705
285,2712
2,2712
405,2716
327,2716
131,2719
112,2724
384,2739
121,2740
479,2740
275,2751
304,2752
250,2754
113,2756
148,2757
280,2768
157,2774
86,2778
31,2779
317,2779
164,2782
72,2783
289,2788
351,2790
337,2793
473,2795
124,2796
254,2797
434,2801
363,2801
203,2808
316,2819
25,2842
353,2848
338,2850
51,2863
458,2867
432,2874
410,2877
57,2880
122,2881
399,2881
293,2882
430,2884
88,2884
408,2885
386,2885
162,2887
326,2888
497,2889
264,2891
435,2894
11,2899
118,2902
500,2904
258,2905
241,2905
65,2905
427,2906
233,2907
13,2909
167,2910
20,2911
97,2926
494,2936
415,2937
227,2941
14,2954
21,2960
366,2962
407,2963
120,2965
276,2965
28,2966
367,2967
350,2970
63,2972
212,2975
419,2979
439,2982
147,2985
489,2986
184,2992
459,2998
84,3002
154,3006
433,3012
388,3014
340,3018
376,3029
146,3030
486,3031
492,3033
128,3059
417,3060
267,3061
40,3062
312,3068
297,3075
47,3076
199,3076
448,3077
383,3078
153,3079
390,3080
318,3084
200,3085
409,3085
4,3086
3,3094
493,3097
196,3097
256,3100
299,3118
403,3118
445,3118
481,3124
135,3133
69,3140
49,3140
66,3141
82,3147
54,3155
466,3160
397,3162
107,3163
116,3166
182,3166
453,3166
22,3169
156,3171
186,3177
230,3181
401,3182
412,3183
95,3184
253,3189
99,3196
155,3197
67,3200
467,3207
106,3208
46,3212
152,3213
159,3225
360,3237
50,3239
496,3240
68,3246
8,3247
420,3247
160,3251
266,3260
142,3261
129,3265
393,3266
491,3268
161,3280
373,3294
402,3310
406,3318
126,3340
18,3340
308,3341
284,3342
447,3349
311,3354
336,3355
27,3362
265,3378
224,3401
263,3409
271,3414
231,3420
180,3423
44,3426
104,3430
226,3432
189,3432
145,3432
344,3438
319,3441
237,3443
324,3443
23,3450
400,3453
332,3454
356,3454
372,3455
78,3468
499,3469
137,3471
396,3473
98,3496
378,3503
178,3517
114,3521
471,3526
437,3527
260,3529
12,3536
279,3538
377,3544
232,3549
16,3550
487,3559
195,3560
60,3571
478,3587
9,3593
246,3595
94,3620
488,3627
274,3631
339,3647
93,3685
77,3701
221,3701
248,3705
216,3709
443,3714
475,3721
482,3724
352,3738
461,3746
302,3751
261,3751
125,3779
391,3791
179,3799
452,3809
309,3814
127,3817
188,3828
287,3837
207,3844
278,3851
457,3869
34,3878
345,3900
158,3907
173,3910
441,3925
38,3944
29,3966
185,3986
282,3992
79,3992
477,4000
485,4003
110,4006
1,4016
328,4029
45,4056
138,4062
163,4092
392,4095
315,4106
426,4122
320,4128
335,4133
375,4162
474,4174
204,4178
262,4193
214,4204
395,4222
171,4232
321,4266
105,4270
354,4271
425,4281
472,4284
484,4293
334,4359
305,4387
252,4395
229,4406
71,4430
259,4432
423,4445
343,4461
190,4493
290,4531
24,4545
456,4545
55,4555
283,4572
61,4574
322,4575
371,4634
428,4664
139,4750
243,4751
239,4774
219,4803
296,4813
330,4825
91,4832
136,4854
92,4860
341,4893
43,4929
460,4944
10,4986
236,5069
115,5094
100,5110
357,5121
206,5153
174,5162
193,5174
314,5282
286,5355
36,5415
223,5427
183,5495
41,5516
172,5636
295,5704
498,5768
30,5779
217,5847
364,5873
242,6058
288,6411
81,6765

simblock.block.ProofOfWorkBlock@745589f2:5
350,0
179,414
440,567
239,723
86,816
124,887
449,970
496,971
352,1039
236,1122
253,1126
153,1129
406,1191
116,1224
448,1276
185,1283
490,1285
233,1292
482,1376
476,1380
328,1430
93,1437
266,1438
275,1444
309,1445
411,1460
21,1526
100,1532
302,1533
22,1536
336,1536
475,1582
89,1591
61,1592
72,1594
62,1596
143,1619
122,1631
304,1685
303,1687
367,1688
457,1689
324,1690
208,1691
428,1692
438,1735
489,1748
70,1748
91,1749
110,1754
78,1775
214,1784
319,1784
184,1834
415,1841
339,1842
36,1843
435,1843
162,1844
166,1848
392,1855
31,1855
188,1857
213,1866
137,1904
54,1905
200,1905
425,1906
491,1930
432,1938
274,1938
148,1940
499,1944
401,1956
90,1957
363,1986
426,1987
154,1994
466,1996
458,1997
18,1997
105,1999
420,2010
121,2010
257,2010
330,2011
282,2013
77,2030
167,2058
95,2060
158,2087
63,2092
493,2093
250,2094
118,2097
366,2097
472,2111
52,2120
453,2122
308,2140
471,2143
441,2148
387,2150
64,2151
113,2151
312,2157
346,2158
255,2163
386,2163
7,2164
28,2166
315,2172
486,2189
430,2192
44,2193
169,2198
278,2211
307,2213
42,2240
58,2241
311,2245
450,2246
210,2246
348,2250
205,2250
306,2264
286,2264
55,2266
337,2295
399,2296
25,2303
92,2304
427,2310
84,2311
272,2313
294,2316
155,2316
433,2317
4,2327
51,2331
321,2331
157,2334
94,2347
160,2350
460,2365
254,2366
16,2372
322,2389
97,2389
127,2398
419,2399
204,2400
409,2402
484,2403
310,2406
178,2419
88,2420
478,2420
414,2426
244,2441
473,2448
429,2455
459,2457
355,2463
53,2468
203,2470
8,2472
202,2483
224,2484
413,2506
140,2509
240,2513
454,2519
443,2523
368,2524
170,2528
20,2538
12,2551
264,2553
66,2554
483,2555
351,2556
373,2558
267,2564
480,2566
27,2571
211,2573
492,2575
114,2576
323,2584
447,2584
382,2597
338,2602
416,2602
35,2608
283,2610
422,2622
389,2622
248,2627
212,2637
135,2638
495,2656
19,2659
437,2662
345,2666
297,2676
82,2686
369,2700
128,2702
60,2706
24,2711
320,2711
261,2711
407,2713
216,2714
226,2716
465,2720
241,2726
96,2729
485,2729
107,2733
405,2735
175,2740
232,2744
49,2750
193,2768
402,2769
305,2771
217,2774
85,2781
194,2783
11,2789
381,2803
131,2804
199,2806
196,2808
206,2817
33,2818
318,2836
269,2838
377,2839
291,2851
198,2854
249,2856
75,2857
393,2859
156,2863
251,2863
343,2863
163,2864
168,2865
370,2867
410,2871
39,2876
463,2880
201,2883
287,2887
159,2888
180,2891
109,2907
117,2915
48,2921
477,2924
209,2931
29,2938
1,2958
474,2980
191,2992
230,2994
218,2996
56,3008
112,3014
468,3014
412,3016
262,3016
356,3020
270,3020
431,3020
192,3036
331,3050
147,3056
353,3070
40,3082
376,3086
197,3087
445,3090
65,3102
391,3106
102,3108
190,3112
359,3116
15,3120
325,3125
344,3128
446,3129
292,3130
177,3138
400,3149
37,3150
144,3151
165,3152
423,3153
150,3155
130,3163
326,3177
142,3179
418,3180
364,3186
273,3196
229,3250
383,3262
219,3263
68,3271
14,3280
384,3280
187,3283
136,3285
280,3287
215,3290
111,3309
98,3310
281,3316
182,3336
436,3340
32,3352
349,3359
30,3389
2,3389
361,3397
290,3399
59,3401
470,3403
225,3408
296,3410
108,3429
237,3430
469,3435
439,3438
141,3446
80,3448
123,3463
378,3464
341,3468
360,3484
152,3507
462,3530
372,3549
316,3554
497,3554
277,3556
81,3564
101,3572
125,3576
119,3577
380,3587
69,3591
467,3591
129,3594
390,3605
5,3612
298,3632
347,3636
221,3642
10,3650
329,3656
46,3670
252,3674
481,3676
47,3700
452,3704
388,3713
358,3715
374,3789
132,3796
397,3797
327,3810
238,3819
434,3821
71,3824
9,3845
181,3860
258,3860
104,3864
300,3874
289,3901
301,3902
375,3947
83,3965
138,3970
207,4001
334,4037
171,4055
421,4069
174,4071
342,4089
227,4092
404,4127
455,4140
456,4185
442,4204
242,4205
139,4225
186,4226
335,4258
50,4282
461,4297
408,4315
285,4338
43,4352
313,4357
271,4381
115,4382
394,4399
45,4432
276,4518
176,4519
106,4591
284,4605
464,4615
74,4623
256,4663
234,4669
13,4704
295,4736
67,4741
99,4775
146,4829
268,4895
263,4896
245,4937
38,4986
288,4996
340,5018
354,5061
371,5121
385,5161
243,5333
195,5366
173,5375
246,5386
183,5503
145,5541
265,5759
259,5939

simblock.block.ProofOfWorkBlock@1e23623:6
119,0
112,482
20,667
59,862
249,972
421,1053
141,1149
277,1158
198,1244
383,1341
353,1345
250,1435
2,1438
370,1451
134,1531
52,1552
302,1621
175,1632
97,1637
431,1640
466,1713
479,1716
39,1716
245,1739
181,1743
144,1819
150,1822
182,1823
289,1825
416,1830
387,1840
188,1900
166,1922
76,1932
220,1932
63,1993
28,1993
121,1995
389,1996
382,2005
37,2009
192,2014
206,2016
326,2017
347,2017
251,2021
401,2026
109,2032
403,2111
274,2116
258,2117
215,2117
486,2118
5,2119
235,2122
140,2125
427,2147
339,2179
306,2184
397,2194
465,2200
83,2204
381,2205
365,2207
329,2208
384,2218
234,2220
108,2227
495,2228
180,2245
233,2272
95,2274
203,2275
303,2279
253,2281
411,2296
484,2299
469,2300
285,2302
177,2305
457,2306
342,2306
6,2307
434,2307
281,2311
218,2312
480,2314
82,2318
56,2319
301,2379
398,2387
358,2395
268,2399
293,2404
93,2404
122,2405
130,2405
483,2405
257,2409
222,2414
442,2415
266,2417
355,2419
435,2425
190,2427
199,2431
286,2433
131,2453
196,2464
407,2465
436,2481
490,2482
31,2483
349,2490
463,2493
264,2495
151,2497
497,2498
132,2504
159,2506
396,2507
46,2508
120,2510
117,2511
420,2511
323,2512
176,2528
208,2550
103,2553
478,2556
489,2557
13,2557
248,2558
25,2561
453,2566
363,2570
136,2580
66,2580
283,2580
488,2583
317,2586
438,2586
475,2590
422,2592
148,2592
197,2597
65,2599
441,2601
379,2602
209,2604
147,2605
149,2607
404,2608
154,2617
75,2642
346,2648
472,2660
85,2666
74,2678
35,2684
362,2684
107,2687
291,2688
424,2689
462,2690
33,2691
444,2691
27,2694
406,2696
254,2696
300,2700
19,2701
450,2703
394,2703
100,2705
418,2706
482,2711
439,2712
80,2712
309,2720
455,2720
318,2720
89,2723
485,2732
338,2733
357,2742
430,2743
308,2755
336,2761
62,2761
158,2761
386,2764
304,2770
446,2784
273,2786
255,2789
279,2790
163,2790
405,2790
4,2792
228,2792
160,2792
15,2793
359,2794
87,2797
225,2799
476,2800
126,2803
146,2803
123,2807
415,2808
410,2810
40,2810
96,2827
414,2830
55,2831
499,2843
275,2845
443,2862
118,2865
356,2869
412,2870
270,2870
113,2871
477,2872
448,2877
332,2878
376,2879
298,2879
244,2882
240,2885
392,2886
316,2886
91,2887
409,2890
272,2890
169,2891
84,2893
380,2894
90,2904
238,2909
494,2910
292,2915
26,2925
114,2932
433,2932
458,2945
170,2945
307,2951
94,2956
361,2956
17,2957
473,2962
157,2967
77,2967
445,2968
470,2972
133,2975
73,2980
320,2981
369,2983
187,2987
432,2987
241,2991
429,3000
500,3006
106,3016
54,3020
311,3024
333,3028
237,3028
395,3033
51,3038
278,3041
211,3042
205,3054
164,3058
373,3064
348,3064
425,3068
428,3068
350,3070
47,3070
161,3071
214,3071
437,3072
315,3074
247,3080
60,3084
390,3092
271,3105
440,3108
24,3109
354,3116
137,3122
321,3142
447,3148
162,3149
224,3150
468,3153
32,3154
57,3157
388,3158
128,3158
454,3160
344,3167
129,3168
101,3172
14,3174
185,3177
111,3179
124,3191
213,3191
269,3200
391,3218
178,3231
319,3237
72,3246
327,3253
143,3258
324,3260
12,3261
496,3261
313,3263
8,3269
200,3270
139,3271
48,3281
280,3284
461,3287
11,3299
242,3299
23,3306
153,3325
312,3327
230,3336
79,3346
282,3351
305,3352
236,3352
201,3353
105,3354
78,3358
364,3363
467,3371
210,3378
3,3378
223,3381
71,3384
239,3385
351,3389
104,3394
287,3401
138,3423
385,3423
184,3426
413,3431
43,3435
487,3436
399,3437
116,3441
102,3444
377,3447
374,3460
328,3463
195,3469
331,3476
167,3479
207,3483
334,3495
246,3503
22,3516
417,3518
110,3543
155,3546
64,3552
325,3568
265,3569
330,3605
460,3605
173,3623
191,3626
36,3632
419,3636
156,3648
260,3674
340,3681
261,3682
372,3689
295,3696
189,3703
375,3713
343,3714
204,3716
368,3720
297,3720
294,3721
337,3726
29,3743
7,3763
498,3795
18,3798
310,3800
145,3801
50,3808
9,3821
152,3830
367,3833
49,3833
179,3837
267,3845
99,3883
16,3883
402,3885
165,3898
491,3932
262,3960
186,3961
86,3996
288,3996
202,3997
61,3998
451,4005
226,4021
493,4049
172,4066
69,4072
492,4079
42,4099
58,4125
168,4128
296,4150
38,4153
464,4166
88,4172
423,4179
259,4190
127,4239
459,4243
352,4275
212,4278
471,4283
393,4300
345,4328
21,4406
41,4417
481,4437
171,4485
299,4485
10,4501
360,4504
70,4517
44,4526
371,4537
256,4546
322,4552
53,4557
216,4561
1,4573
125,4615
142,4681
232,4772
290,4776
314,4788
408,4807
426,4839
366,4843
34,4853
92,4865
263,4874
221,4892
174,4941
252,4981
45,5113
276,5125
449,5125
194,5126
30,5134
474,5148
183,5209
193,5226
231,5403
135,5410
243,5456
227,5574
400,5583
219,5759
81,5765
229,5807
217,5926
335,5942
98,6114
67,6129
68,6161
284,6297
452,6481
115,6504
378,6652
341,6839
456,6858

simblock.block.ProofOfWorkBlock@1a1ca2c3:7
2,0
166,486
403,676
119,877
225,968
436,1067
385,1159
404,1162
411,1268
446,1348
241,1361
313,1446
90,1544
460,1547
342,1548
281,1548
434,1631
187,1636
222,1642
102,1733
237,1735
251,1738
151,1755
48,1821
47,1823
52,1826
101,1830
62,1833
169,1840
150,1919
111,1924
5,1925
394,1932
379,1950
40,1953
147,2016
361,2021
181,2031
234,2031
326,2032
244,2033
305,2106
469,2108
224,2108
455,2109
257,2110
153,2110
165,2111
292,2123
53,2125
245,2126
240,2140
381,2203
89,2209
74,2214
277,2216
144,2221
431,2224
177,2226
112,2233
220,2243
215,2253
236,2258
476,2259
108,2294
175,2295
92,2300
269,2302
197,2307
42,2308
130,2308
294,2311
301,2311
235,2314
228,2315
123,2321
317,2325
199,2361
316,2394
164,2395
249,2396
149,2400
358,2403
438,2406
402,2406
420,2407
352,2410
480,2413
303,2414
97,2414
65,2415
280,2418
258,2419
198,2424
388,2431
15,2439
289,2481
336,2489
73,2499
87,2501
37,2503
382,2506
190,2509
266,2511
383,2512
200,2513
76,2528
332,2530
428,2565
477,2573
194,2574
202,2579
327,2580
309,2581
365,2582
405,2586
489,2589
349,2589
479,2589
191,2590
106,2594
278,2596
127,2597
465,2597
444,2598
359,2600
132,2603
56,2606
156,2607
495,2612
350,2612
14,2613
345,2613
421,2623
218,2632
160,2661
25,2665
168,2672
203,2682
141,2685
442,2686
475,2687
356,2687
155,2688
211,2689
398,2691
340,2691
497,2693
46,2699
321,2701
366,2703
353,2708
262,2714
84,2718
300,2719
348,2720
323,2723
83,2724
494,2724
13,2724
135,2725
397,2743
107,2766
272,2767
486,2767
445,2767
454,2774
58,2776
11,2777
120,2777
134,2778
384,2789
325,2789
414,2789
462,2789
380,2790
6,2791
96,2794
331,2797
213,2797
126,2797
418,2799
172,2801
298,2804
205,2805
430,2806
20,2810
433,2812
86,2815
339,2817
268,2821
196,2831
472,2837
110,2851
154,2858
121,2863
188,2868
328,2868
464,2873
448,2874
94,2876
88,2876
185,2878
140,2879
49,2880
424,2881
293,2885
170,2888
426,2891
230,2891
247,2893
320,2896
267,2897
54,2904
209,2928
401,2929
429,2933
285,2953
33,2956
468,2963
159,2965
78,2965
422,2967
117,2968
466,2968
275,2969
208,2969
118,2969
210,2973
63,2975
273,2976
70,2978
370,2980
312,2981
157,2981
347,2982
471,2987
103,2989
204,2990
85,2994
8,2996
338,2997
362,2998
264,2999
283,3001
324,3003
59,3003
22,3005
17,3008
129,3013
355,3016
232,3040
488,3045
248,3050
478,3054
498,3054
24,3054
72,3054
451,3059
270,3068
409,3068
432,3068
148,3068
441,3076
419,3080
91,3082
254,3084
457,3088
133,3090
369,3094
363,3107
487,3133
376,3140
311,3140
483,3143
470,3147
66,3149
26,3149
29,3149
193,3150
217,3150
77,3155
387,3156
415,3157
4,3158
239,3159
304,3161
276,3162
423,3166
416,3168
182,3170
407,3171
57,3172
310,3173
329,3175
7,3177
61,3184
449,3187
308,3200
410,3202
161,3209
390,3211
463,3222
34,3230
458,3235
116,3236
493,3242
425,3242
12,3247
315,3247
231,3249
214,3250
371,3258
255,3261
307,3263
351,3267
447,3271
18,3272
259,3274
279,3276
333,3278
291,3281
176,3282
238,3282
44,3286
377,3298
79,3310
27,3313
64,3333
396,3336
50,3340
406,3341
378,3344
286,3346
178,3346
128,3351
19,3361
500,3375
104,3402
23,3403
152,3404
391,3407
192,3411
32,3415
297,3419
131,3422
452,3423
368,3426
95,3431
318,3432
330,3433
82,3434
195,3436
138,3441
36,3444
99,3447
490,3451
399,3451
180,3453
3,3455
346,3460
450,3463
100,3478
265,3484
246,3489
260,3506
271,3512
443,3514
482,3520
295,3521
242,3521
158,3524
496,3528
216,3530
35,3551
343,3551
337,3554
122,3555
114,3557
427,3559
357,3567
459,3578
299,3596
290,3600
21,3613
81,3613
395,3614
167,3618
306,3627
322,3628
80,3690
113,3705
28,3711
93,3715
492,3716
250,3724
435,3735
51,3737
98,3774
223,3788
163,3801
30,3802
71,3806
219,3807
136,3807
207,3808
360,3817
392,3830
274,3835
282,3836
367,3836
413,3850
253,3857
69,3864
474,3874
481,3878
105,3903
296,3904
75,3955
375,3961
146,3979
189,3983
162,3984
393,3992
485,3993
386,4012
1,4015
174,4042
372,4068
60,4088
484,4110
184,4113
201,4114
412,4128
499,4137
38,4144
173,4149
43,4156
263,4187
109,4220
334,4227
9,4229
288,4231
67,4258
31,4269
473,4297
374,4332
227,4335
256,4344
16,4380
417,4391
373,4393
408,4416
335,4487
221,4497
171,4504
137,4546
341,4599
284,4610
124,4659
344,4668
233,4670
453,4696
400,4710
179,4826
364,4856
319,4941
439,4947
41,4961
287,4977
461,4979
183,5053
143,5106
206,5229
437,5230
261,5256
302,5388
491,5508
354,5534
389,5540
55,5665
212,5791
39,5817
226,5943
186,6100
467,6137
440,6258
45,6407
142,6489
125,6571
229,6755
145,6843
252,6933
115,7098
10,7288
243,7451
139,7644
68,7804
314,7997
456,8164

simblock.block.ProofOfWorkBlock@a206dc5:8
324,0
311,413
153,565
393,815
234,832
61,967
302,967
200,1120
13,1130
217,1212
337,1216
25,1275
435,1283
144,1309
457,1369
472,1369
128,1386
466,1430
482,1441
76,1499
136,1521
401,1522
24,1536
137,1539
387,1539
336,1582
309,1596
423,1602
127,1626
77,1674
306,1675
176,1679
89,1689
213,1690
7,1692
409,1693
52,1696
352,1738
459,1750
454,1772
230,1786
210,1791
264,1800
469,1802
420,1831
92,1831
53,1832
485,1839
8,1846
253,1848
216,1850
458,1853
90,1884
9,1890
339,1891
118,1904
308,1925
483,1926
286,1933
22,1937
328,1939
226,1939
168,1944
471,1944
208,1953
39,1970
148,1986
198,1988
251,1990
490,1992
275,1999
190,1999
233,2005
170,2005
451,2013
124,2020
478,2032
467,2038
78,2044
31,2056
60,2079
476,2079
293,2090
333,2090
62,2092
426,2093
211,2094
413,2095
449,2095
440,2096
131,2098
91,2099
185,2100
406,2103
437,2107
162,2110
280,2121
484,2122
305,2141
350,2142
248,2145
51,2154
163,2155
63,2155
338,2158
113,2160
430,2162
378,2165
446,2175
42,2180
373,2180
54,2182
453,2187
355,2190
488,2194
239,2201
184,2204
380,2214
156,2218
283,2219
188,2233
160,2235
16,2242
28,2243
27,2244
377,2245
100,2246
282,2248
270,2248
499,2251
343,2251
303,2252
389,2253
55,2254
312,2255
445,2257
261,2260
66,2264
12,2269
180,2279
195,2287
489,2294
294,2296
158,2297
205,2297
379,2298
493,2300
88,2309
1,2313
392,2315
82,2316
367,2318
369,2339
202,2340
412,2340
64,2355
266,2357
408,2361
109,2361
20,2367
155,2370
141,2370
346,2378
119,2383
500,2387
310,2387
159,2389
431,2392
258,2392
407,2395
386,2396
199,2398
332,2403
122,2404
344,2407
44,2407
439,2408
272,2409
304,2414
491,2417
450,2418
399,2418
103,2419
123,2420
381,2420
143,2430
287,2434
145,2439
107,2442
368,2446
473,2451
410,2451
357,2462
307,2466
95,2469
86,2469
427,2470
370,2471
175,2481
436,2484
460,2489
161,2490
154,2498
249,2500
414,2502
320,2503
447,2505
40,2509
72,2517
326,2521
121,2524
194,2526
465,2534
384,2544
126,2547
255,2548
93,2548
340,2551
73,2552
74,2555
448,2556
238,2557
278,2559
232,2560
363,2562
231,2562
274,2564
405,2565
335,2566
147,2567
203,2567
250,2570
492,2571
215,2578
419,2586
477,2587
429,2588
105,2596
277,2597
135,2599
267,2606
268,2613
57,2616
114,2620
196,2623
353,2634
140,2642
80,2648
228,2653
169,2654
36,2654
300,2655
424,2658
415,2659
15,2661
48,2664
14,2668
84,2670
87,2673
463,2685
495,2686
376,2688
19,2690
390,2692
316,2697
289,2700
201,2700
120,2701
56,2708
181,2709
132,2715
212,2717
433,2718
70,2720
129,2722
317,2722
204,2728
330,2735
394,2744
130,2746
349,2746
106,2747
496,2761
494,2769
301,2771
116,2775
17,2788
75,2790
342,2792
222,2816
223,2816
262,2819
244,2826
26,2832
3,2833
134,2833
354,2834
151,2836
442,2837
117,2840
101,2870
487,2870
104,2882
422,2888
348,2888
5,2899
291,2901
421,2908
21,2916
173,2919
37,2921
30,2926
360,2934
395,2940
108,2946
167,2947
243,2951
292,2953
224,2953
111,2964
68,2966
157,2979
327,2980
323,2982
273,2985
150,2990
11,2992
341,2992
46,2998
366,2999
464,3010
179,3023
441,3024
94,3035
314,3039
33,3043
236,3045
497,3046
235,3049
229,3051
102,3055
265,3056
411,3058
362,3066
67,3068
242,3082
247,3087
444,3087
50,3097
166,3099
396,3099
241,3105
149,3105
398,3132
279,3132
35,3138
252,3141
455,3164
2,3170
322,3176
245,3178
4,3182
257,3182
209,3216
479,3248
32,3248
125,3251
383,3252
220,3254
298,3260
347,3268
214,3277
192,3278
260,3290
97,3292
58,3300
189,3312
404,3314
49,3314
164,3316
240,3319
468,3324
361,3333
364,3343
269,3364
391,3385
83,3397
321,3421
299,3429
182,3434
115,3435
329,3439
388,3448
313,3448
79,3461
23,3485
172,3487
480,3515
416,3518
285,3523
254,3527
358,3528
325,3537
165,3549
183,3552
475,3558
365,3561
178,3580
318,3580
65,3585
403,3590
486,3591
417,3597
284,3603
397,3612
382,3638
371,3669
187,3707
191,3717
218,3728
461,3737
29,3762
263,3777
47,3781
385,3793
197,3797
142,3815
112,3817
400,3825
6,3847
110,3859
434,3861
81,3863
96,3863
43,3869
345,3876
498,3902
281,3907
246,3908
290,3936
359,3972
177,3997
432,4037
438,4056
59,4062
225,4065
237,4082
276,4106
331,4129
133,4139
18,4163
351,4189
271,4203
474,4232
456,4242
139,4255
470,4263
452,4285
227,4285
418,4325
38,4350
402,4423
288,4440
319,4442
481,4446
428,4465
256,4490
374,4521
462,4535
207,4595
443,4618
221,4641
171,4668
372,4678
356,4707
334,4728
71,4733
296,4801
98,4820
152,4827
85,4891
69,4974
315,4985
99,5002
425,5043
375,5080
45,5125
41,5154
259,5221
206,5275
186,5317
34,5514
297,5518
146,5520
174,5622
138,5624
10,5882
219,5981
295,6075
193,6234

simblock.block.ProofOfWorkBlock@36b0d10:9
96,0
235,487
298,689
163,968
222,969
331,1157
301,1172
91,1248
431,1343
370,1360
278,1376
404,1458
272,1530
239,1548
109,1556
53,1626
384,1634
37,1645
397,1656
337,1660
459,1683
73,1746
64,1782
406,1812
394,1823
471,1825
291,1829
124,1835
411,1836
317,1843
132,1848
18,1910
19,1932
155,1936
166,1936
448,1942
61,1950
401,1965
129,1988
90,2020
245,2024
56,2025
33,2031
95,2035
462,2041
356,2063
52,2064
262,2088
184,2089
89,2099
214,2104
300,2114
157,2119
361,2123
323,2133
464,2139
29,2142
366,2190
66,2192
84,2194
151,2206
321,2210
398,2210
355,2211
153,2213
307,2217
127,2218
292,2223
220,2227
128,2232
264,2240
148,2251
253,2252
362,2253
447,2267
312,2275
8,2295
383,2300
480,2304
101,2308
408,2315
251,2320
269,2321
2,2323
424,2328
381,2330
130,2330
451,2346
16,2346
332,2346
140,2350
179,2356
199,2369
274,2373
350,2373
443,2376
12,2385
281,2393
118,2396
233,2398
215,2399
186,2404
108,2405
280,2411
198,2414
197,2415
180,2429
399,2433
417,2443
445,2472
85,2473
435,2473
97,2491
238,2492
450,2497
170,2499
27,2499
58,2501
116,2504
345,2507
234,2510
495,2511
47,2518
117,2522
376,2522
340,2522
379,2523
328,2526
93,2526
201,2530
273,2531
107,2533
137,2533
413,2534
414,2551
491,2552
88,2557
385,2561
277,2585
40,2586
483,2591
92,2592
426,2599
304,2600
392,2600
164,2601
457,2603
122,2605
177,2606
249,2608
500,2611
237,2612
324,2620
432,2629
460,2637
320,2652
94,2652
489,2653
351,2659
200,2660
407,2665
28,2665
270,2676
302,2676
427,2679
358,2682
105,2683
60,2684
83,2684
213,2686
387,2688
51,2692
76,2693
388,2694
318,2696
403,2698
479,2700
421,2702
386,2703
14,2704
419,2705
442,2707
494,2709
240,2709
285,2712
211,2723
144,2747
363,2753
226,2753
103,2754
352,2754
487,2757
294,2762
390,2770
5,2770
416,2779
123,2790
190,2791
468,2794
402,2794
111,2797
438,2798
1,2801
44,2802
6,2802
287,2804
218,2804
410,2805
476,2805
31,2809
282,2812
203,2813
469,2813
316,2819
178,2821
374,2821
26,2822
181,2827
430,2830
156,2833
72,2840
162,2848
289,2850
7,2857
437,2857
209,2862
158,2863
121,2870
347,2874
3,2876
420,2877
99,2885
444,2889
418,2890
422,2890
490,2893
80,2903
441,2906
168,2907
205,2909
305,2915
488,2919
63,2921
275,2931
309,2950
159,2951
268,2956
478,2956
150,2958
204,2959
192,2962
135,2962
191,2963
188,2963
212,2964
20,2964
62,2966
255,2971
344,2972
409,2972
229,2973
453,2975
496,2977
77,2977
228,2979
161,2984
175,2987
393,2987
120,2989
39,2992
336,2993
377,2993
13,3009
261,3010
499,3011
473,3012
265,3013
429,3014
133,3016
207,3053
22,3060
346,3061
147,3062
112,3072
224,3072
247,3074
106,3079
55,3083
373,3083
306,3085
353,3085
333,3086
82,3086
412,3091
250,3093
54,3095
382,3100
48,3109
466,3119
149,3121
21,3124
244,3134
326,3138
154,3139
475,3142
492,3148
17,3149
59,3157
335,3165
415,3172
311,3172
68,3173
187,3177
114,3180
57,3183
293,3190
315,3193
126,3195
70,3213
138,3223
295,3224
236,3229
343,3233
359,3236
172,3237
439,3242
210,3244
74,3253
216,3253
308,3257
4,3261
436,3266
146,3270
338,3271
433,3274
25,3276
303,3277
434,3277
87,3281
102,3285
230,3300
391,3308
405,3324
173,3324
10,3329
299,3330
195,3331
446,3337
169,3342
486,3344
256,3345
396,3346
286,3348
380,3356
454,3366
348,3367
325,3368
206,3376
267,3378
125,3387
193,3397
470,3405
327,3417
217,3442
313,3446
86,3456
428,3472
341,3476
232,3502
134,3503
389,3508
367,3515
98,3517
208,3525
375,3526
425,3529
456,3531
368,3531
142,3536
440,3539
11,3541
15,3542
260,3543
165,3546
254,3567
452,3577
119,3590
395,3595
9,3602
141,3606
32,3613
189,3626
104,3630
182,3637
100,3650
485,3653
23,3684
171,3686
78,3687
246,3693
43,3712
481,3723
334,3728
288,3737
252,3740
477,3755
75,3773
176,3786
183,3790
378,3790
110,3794
296,3797
455,3806
342,3809
131,3817
231,3819
225,3833
365,3859
284,3881
38,3899
354,3903
113,3917
34,3928
185,3929
36,3930
258,3953
50,3956
79,3980
371,3984
71,4022
266,4041
202,4068
167,4078
241,4084
139,4091
196,4098
400,4110
65,4126
461,4133
271,4156
276,4186
319,4208
449,4215
152,4216
69,4230
35,4230
290,4232
360,4252
194,4321
160,4347
339,4360
49,4361
369,4386
243,4420
314,4451
115,4460
283,4490
463,4499
458,4503
67,4508
242,4540
263,4572
279,4598
322,4606
259,4620
465,4634
143,4645
297,4673
310,4679
423,4698
42,4764
136,4771
330,4785
372,4855
349,4910
357,4923
498,4962
493,4964
497,5032
482,5055
221,5059
24,5063
45,5238
484,5268
227,5288
46,5299
472,5342
248,5356
329,5564
81,5593
223,5660
174,5663
257,5832
30,6011
41,6015
219,6215
364,6375
145,6599
474,6991
467,7432

simblock.block.ProofOfWorkBlock@457264c8:9
177,0
470,482
56,676
370,874
497,959
300,1060
215,1145
109,1157
237,1246
464,1336
97,1345
169,1440
44,1523
388,1524
244,1533
75,1540
175,1632
381,1646
134,1713
5,1720
376,1726
280,1737
199,1801
209,1820
15,1823
394,1837
469,1845
331,1905
131,1914
47,1922
214,1926
166,1926
143,1991
397,2006
251,2023
32,2030
486,2031
151,2032
187,2038
53,2081
111,2091
82,2093
33,2100
241,2107
224,2109
289,2119
379,2134
218,2193
438,2193
403,2203
258,2209
466,2213
35,2215
455,2218
65,2219
359,2224
327,2225
401,2225
262,2235
460,2268
192,2285
42,2296
141,2305
80,2306
495,2307
317,2321
436,2340
450,2369
19,2378
211,2379
12,2380
273,2385
31,2387
6,2389
408,2393
361,2394
338,2397
182,2398
301,2403
380,2407
49,2422
384,2470
123,2485
449,2487
434,2493
95,2494
462,2494
136,2495
483,2502
194,2503
274,2505
165,2508
150,2511
310,2519
130,2528
108,2530
443,2532
292,2541
1,2546
415,2554
94,2558
228,2564
431,2574
358,2576
126,2585
479,2586
249,2586
429,2588
330,2594
277,2608
416,2611
485,2618
332,2651
336,2661
344,2667
291,2673
382,2673
444,2680
407,2685
76,2690
385,2695
147,2697
491,2701
14,2702
197,2704
102,2704
11,2706
87,2719
342,2750
346,2762
329,2763
120,2765
156,2767
128,2771
90,2771
365,2773
51,2773
158,2775
321,2775
149,2777
48,2778
266,2780
282,2782
154,2785
20,2801
413,2802
206,2807
349,2810
387,2823
285,2823
257,2829
305,2836
40,2837
446,2839
180,2852
294,2856
225,2856
247,2858
73,2869
307,2871
333,2877
475,2877
353,2878
268,2884
424,2886
453,2886
442,2887
326,2893
191,2894
325,2896
24,2900
203,2912
185,2912
144,2915
18,2929
275,2935
304,2945
283,2947
59,2950
137,2957
133,2962
390,2964
196,2974
459,2978
418,2988
66,2989
64,3002
468,3008
161,3031
112,3038
281,3043
367,3045
16,3051
190,3053
93,3056
457,3057
61,3057
21,3058
7,3059
204,3059
476,3060
121,3061
489,3063
39,3063
500,3065
480,3065
3,3070
101,3071
198,3071
278,3085
132,3087
77,3087
240,3089
153,3102
107,3107
362,3115
119,3124
499,3130
435,3130
26,3132
454,3143
354,3146
339,3150
316,3154
419,3160
425,3165
279,3170
117,3176
146,3177
63,3181
22,3185
439,3191
28,3192
323,3202
70,3224
426,3226
168,3229
135,3230
427,3231
386,3247
433,3257
74,3274
411,3274
254,3280
328,3283
484,3296
487,3309
311,3310
463,3310
163,3314
343,3316
2,3317
465,3318
350,3321
195,3325
406,3333
253,3334
319,3334
92,3335
471,3337
55,3339
238,3341
490,3341
348,3345
494,3347
313,3347
201,3348
250,3348
312,3350
445,3351
293,3356
315,3365
88,3371
347,3372
375,3374
393,3379
222,3382
173,3388
72,3389
298,3391
396,3391
81,3419
302,3421
139,3425
210,3433
62,3438
184,3445
410,3449
414,3468
306,3468
54,3471
29,3472
212,3477
178,3483
242,3503
267,3506
127,3514
447,3514
208,3518
36,3526
369,3528
193,3530
9,3533
83,3542
421,3553
216,3555
318,3560
125,3563
157,3569
255,3577
360,3584
84,3590
260,3595
57,3598
422,3610
118,3611
366,3614
129,3621
448,3622
233,3624
140,3626
230,3627
392,3628
402,3628
440,3631
231,3633
186,3635
398,3644
432,3645
171,3649
52,3652
404,3656
183,3676
320,3685
229,3693
437,3715
264,3724
221,3725
152,3725
219,3727
492,3727
30,3730
41,3742
451,3746
104,3747
106,3747
205,3747
176,3748
334,3766
409,3767
8,3786
405,3792
352,3794
355,3795
357,3797
164,3810
337,3811
269,3813
234,3822
10,3864
417,3870
412,3888
114,3900
188,3901
496,3902
261,3905
482,3908
100,3910
124,3911
220,3912
110,3914
50,3917
181,3918
236,3932
159,3932
297,3962
296,3963
395,3966
493,3966
232,3979
37,3983
217,3989
105,3994
58,4004
67,4028
452,4038
248,4040
498,4047
378,4066
122,4078
272,4084
27,4090
473,4091
89,4091
400,4104
371,4112
271,4113
38,4118
467,4132
383,4132
138,4147
441,4148
276,4178
420,4182
160,4182
368,4185
309,4186
200,4186
488,4188
270,4199
351,4203
91,4245
60,4281
252,4288
68,4296
174,4301
172,4311
79,4338
364,4343
423,4352
399,4357
265,4372
428,4373
98,4382
69,4426
287,4428
23,4440
478,4464
227,4471
308,4471
458,4473
99,4487
148,4494
207,4502
472,4530
335,4537
226,4554
286,4559
13,4572
340,4653
377,4677
45,4692
202,4706
430,4720
155,4742
43,4743
372,4744
86,4749
96,4749
4,4750
461,4770
167,4775
456,4781
322,4792
356,4810
243,4829
363,4842
284,4855
263,4890
25,4932
170,4983
239,4986
477,4999
290,5047
213,5052
116,5094
474,5096
145,5101
295,5132
34,5156
299,5183
256,5209
71,5300
78,5329
223,5402
189,5449
341,5453
481,5489
288,5507
324,5516
391,5541
179,5609
259,5714
246,5844
389,5887
142,6070
373,6081
345,6167
374,6522
314,6892

simblock.block.ProofOfWorkBlock@5ecfe0a5:10
131,0
479,479
182,672
159,857
150,958
300,1045
251,1143
394,1151
215,1232
465,1329
114,1336
396,1337
361,1419
486,1436
289,1522
59,1528
480,1530
384,1533
37,1623
249,1624
331,1630
333,1697
49,1709
209,1710
398,1719
192,1720
495,1721
365,1812
277,1813
74,1816
269,1816
46,1824
470,1901
404,1902
353,1911
75,1914
108,1922
286,1978
200,1989
436,2000
387,2001
469,2001
132,2002
257,2002
130,2012
429,2012
119,2014
318,2018
342,2087
97,2099
415,2100
376,2101
438,2105
73,2106
370,2108
107,2109
355,2112
268,2113
281,2188
285,2189
362,2198
120,2200
240,2201
497,2204
390,2204
35,2208
19,2212
292,2214
62,2255
226,2258
402,2270
397,2274
412,2279
332,2280
177,2288
121,2292
254,2292
317,2293
323,2293
102,2300
198,2302
235,2302
112,2308
326,2309
306,2376
313,2377
464,2381
166,2384
489,2385
123,2386
245,2386
66,2389
32,2392
316,2396
169,2398
403,2399
83,2400
483,2404
444,2414
447,2414
401,2416
238,2418
218,2459
330,2468
178,2471
303,2474
33,2478
431,2480
111,2481
463,2484
379,2486
366,2488
26,2489
368,2489
468,2491
280,2491
2,2493
301,2500
56,2500
421,2501
6,2508
266,2509
204,2527
53,2534
44,2547
13,2556
190,2561
405,2562
347,2564
63,2570
188,2571
18,2575
124,2578
327,2578
101,2581
15,2581
250,2583
117,2585
220,2586
91,2587
247,2591
258,2600
273,2601
383,2607
181,2607
65,2608
388,2612
175,2647
201,2655
205,2664
179,2668
222,2669
87,2671
210,2673
153,2674
329,2674
477,2675
109,2675
127,2675
94,2679
164,2680
52,2682
126,2682
1,2683
385,2687
14,2688
20,2688
381,2689
118,2697
351,2705
157,2724
424,2734
214,2746
147,2749
485,2762
406,2764
349,2764
283,2766
55,2766
411,2767
413,2767
492,2768
488,2771
358,2772
325,2777
47,2777
154,2777
22,2780
439,2780
430,2782
3,2787
237,2790
149,2790
96,2793
191,2793
90,2794
5,2797
42,2799
76,2805
208,2821
187,2821
377,2824
230,2829
228,2836
213,2840
367,2847
294,2850
392,2853
125,2857
57,2860
462,2861
233,2862
311,2863
457,2865
275,2865
197,2868
225,2869
380,2872
155,2873
455,2876
77,2876
382,2880
446,2885
460,2893
158,2895
322,2939
345,2944
304,2948
234,2948
432,2951
253,2951
203,2951
4,2955
244,2955
206,2958
134,2958
151,2961
459,2961
298,2963
408,2965
435,2967
199,2969
95,2972
51,2975
64,2979
274,2980
80,2984
185,3005
183,3010
165,3018
163,3020
437,3027
451,3028
186,3037
471,3045
420,3045
410,3047
82,3050
167,3050
319,3052
337,3055
241,3058
261,3059
105,3059
7,3065
86,3065
100,3066
170,3067
375,3071
338,3071
140,3073
70,3076
128,3078
442,3078
310,3081
409,3082
324,3084
25,3089
416,3089
72,3104
363,3105
142,3115
104,3116
239,3117
453,3118
17,3125
194,3129
129,3133
41,3138
350,3144
144,3145
272,3150
12,3151
61,3152
293,3152
449,3157
116,3158
328,3159
103,3162
162,3166
69,3168
143,3178
364,3211
359,3214
335,3222
434,3222
315,3223
31,3229
148,3232
344,3237
491,3238
348,3241
133,3245
267,3245
352,3246
499,3246
176,3248
279,3250
494,3257
168,3258
27,3269
207,3273
79,3274
297,3293
291,3294
180,3315
135,3323
262,3325
428,3327
24,3327
265,3330
146,3333
40,3335
43,3338
212,3345
346,3346
78,3350
255,3351
373,3352
343,3359
136,3360
423,3362
461,3363
246,3369
433,3372
490,3386
89,3391
425,3398
145,3403
161,3406
307,3410
481,3417
393,3418
395,3419
48,3422
357,3425
29,3427
400,3427
440,3430
476,3431
38,3432
336,3433
450,3435
496,3436
156,3439
414,3439
172,3440
305,3455
171,3469
498,3476
141,3484
389,3507
36,3516
282,3517
92,3520
88,3527
407,3529
122,3529
478,3553
260,3555
11,3561
217,3580
113,3592
68,3598
34,3599
473,3605
139,3606
184,3606
270,3610
271,3613
321,3614
16,3629
278,3631
484,3642
259,3661
448,3664
58,3668
211,3680
441,3685
85,3690
193,3690
216,3704
312,3708
296,3710
340,3711
137,3718
242,3719
223,3732
174,3742
418,3749
314,3773
50,3775
195,3780
231,3786
360,3790
248,3797
28,3809
482,3811
10,3815
106,3829
399,3870
189,3879
54,3883
8,3884
458,3893
422,3908
372,3916
369,3926
456,3936
30,3937
427,3944
264,3950
452,3951
236,3962
67,3963
276,3966
487,3970
224,3983
110,3986
500,4005
229,4048
356,4065
374,4066
320,4080
445,4090
309,4150
371,4161
386,4163
443,4191
221,4211
308,4222
99,4235
256,4238
21,4241
419,4244
354,4248
84,4250
93,4263
23,4290
138,4333
339,4346
252,4355
45,4392
466,4427
9,4428
227,4443
454,4450
493,4503
60,4522
417,4530
474,4563
243,4585
152,4591
173,4598
284,4602
160,4641
475,4708
196,4781
378,4801
287,4811
302,4813
334,4918
39,4928
391,4938
232,4944
219,4953
288,4954
115,5054
472,5092
202,5101
467,5126
295,5290
299,5293
98,5308
263,5310
426,5382
81,5487
290,5653
71,5697
341,6010

simblock.block.ProofOfWorkBlock@73357e77:11
171,0
360,680
90,1069
398,1458
403,1557
462,1704
97,1750
414,1900
222,1945
234,1947
5,2037
370,2091
479,2130
431,2136
15,2197
323,2229
165,2239
471,2303
1,2330
35,2388
160,2411
482,2415
249,2419
411,2428
76,2433
2,2439
188,2457
401,2517
382,2522
198,2573
257,2574
56,2605
465,2609
51,2609
108,2617
151,2618
52,2623
251,2629
464,2682
21,2688
496,2693
266,2705
359,2708
418,2715
455,2718
54,2733
117,2762
393,2764
220,2765
377,2769
182,2797
131,2799
404,2806
291,2808
451,2813
446,2817
275,2817
144,2817
128,2857
472,2865
280,2866
342,2867
478,2888
6,2896
285,2903
106,2904
301,2908
317,2912
355,2915
119,2915
286,2920
127,2922
475,2948
329,2949
177,2956
267,2969
200,2970
203,2971
258,2983
150,2985
214,2988
245,2993
281,3001
169,3002
269,3005
8,3010
459,3019
93,3025
44,3052
74,3053
80,3053
26,3055
293,3073
176,3075
244,3086
65,3087
362,3090
381,3093
497,3095
392,3096
397,3096
240,3097
388,3099
486,3099
469,3099
206,3103
73,3107
166,3108
420,3122
476,3124
134,3130
132,3141
63,3157
328,3170
394,3171
457,3171
470,3172
447,3173
489,3177
235,3179
268,3187
440,3190
141,3190
434,3200
94,3205
84,3205
385,3207
155,3229
262,3230
312,3233
199,3234
101,3240
480,3240
494,3243
14,3245
201,3250
161,3251
83,3257
61,3265
367,3267
340,3268
483,3275
19,3276
384,3277
300,3281
438,3285
191,3287
396,3288
112,3288
436,3294
130,3295
349,3312
29,3323
369,3327
499,3328
298,3334
432,3342
484,3357
237,3363
450,3366
72,3370
490,3373
37,3374
443,3375
230,3375
184,3376
277,3377
126,3382
233,3383
11,3385
426,3385
122,3386
88,3391
273,3396
327,3397
248,3398
120,3398
324,3400
321,3404
25,3406
185,3417
170,3423
47,3423
495,3425
236,3428
239,3432
228,3433
379,3434
442,3444
218,3448
78,3454
304,3455
326,3455
205,3469
416,3471
453,3472
444,3477
463,3477
159,3478
95,3481
197,3486
241,3486
162,3491
125,3511
488,3517
346,3520
429,3521
147,3521
66,3525
168,3529
13,3531
303,3534
102,3535
433,3536
373,3545
387,3546
118,3549
473,3553
255,3560
226,3560
376,3565
365,3569
87,3570
407,3571
492,3583
380,3591
204,3592
294,3596
153,3598
331,3600
225,3604
57,3613
254,3615
415,3616
238,3626
410,3634
121,3651
247,3651
283,3652
12,3653
116,3655
350,3656
313,3658
272,3659
343,3660
361,3665
344,3669
406,3669
408,3670
278,3672
123,3673
445,3674
402,3677
46,3678
103,3681
409,3684
32,3686
175,3690
111,3696
351,3700
358,3701
58,3716
129,3723
135,3731
148,3739
209,3747
441,3747
196,3748
390,3752
194,3753
27,3754
383,3757
33,3763
64,3765
368,3769
100,3797
69,3798
114,3798
425,3806
485,3813
306,3814
3,3820
10,3826
181,3827
318,3829
333,3830
354,3831
412,3831
356,3839
320,3843
215,3853
4,3858
178,3862
353,3864
187,3868
271,3870
18,3870
211,3878
399,3893
149,3897
395,3897
217,3913
79,3915
466,3931
82,3932
337,3933
143,3937
330,3941
48,3943
439,3947
274,3951
192,3951
256,3951
137,3953
468,3954
224,3957
107,3963
405,3967
75,3971
91,3994
34,4014
179,4016
386,4026
43,4026
302,4037
50,4037
24,4045
202,4047
86,4057
308,4084
371,4089
186,4091
207,4093
264,4096
49,4105
423,4105
454,4111
190,4112
89,4121
363,4131
42,4134
295,4141
458,4142
289,4149
421,4162
422,4170
242,4177
232,4184
67,4186
276,4192
260,4211
500,4213
208,4213
487,4217
157,4219
41,4222
417,4229
424,4237
110,4242
231,4245
430,4249
265,4251
216,4275
252,4295
16,4302
427,4305
68,4313
113,4330
428,4330
448,4362
23,4366
71,4367
17,4373
352,4374
85,4377
341,4398
287,4403
419,4410
109,4415
22,4425
316,4430
307,4437
339,4450
378,4463
391,4466
253,4489
357,4496
212,4496
53,4497
413,4523
338,4523
366,4524
139,4531
195,4538
243,4559
223,4564
348,4564
345,4580
156,4607
146,4610
154,4610
246,4618
372,4631
158,4642
59,4646
189,4648
310,4669
279,4678
292,4680
305,4681
96,4702
261,4725
104,4730
163,4774
282,4785
375,4799
133,4801
45,4802
449,4803
30,4819
36,4842
332,4858
183,4868
491,4888
311,4891
347,4913
39,4921
40,4922
193,4925
145,4926
20,4946
336,4957
400,5010
173,5032
60,5052
460,5063
115,5068
288,5082
263,5083
315,5087
136,5112
140,5142
456,5155
9,5162
180,5165
98,5168
227,5171
325,5187
55,5201
477,5234
374,5245
210,5332
77,5341
70,5351
309,5366
364,5391
474,5422
389,5439
164,5453
452,5465
92,5479
319,5512
81,5513
322,5514
31,5537
229,5578
62,5624
284,5687
250,5718
138,5719
105,5730
221,5742
481,5776
99,5831
461,5861
38,5867
28,5904
299,5967
124,5997
435,6012
219,6073
296,6189
498,6241
335,6260
213,6276
437,6289
467,6301
152,6352
334,6426
290,6544
7,6556
174,6600
297,6790
493,6837
172,6902
167,7135
270,7417
259,7721
314,8078
142,8435

simblock.block.ProofOfWorkBlock@69bfc87d:12
23,0
125,597
152,881
223,1158
65,1269
260,1511
56,1657
268,1753
335,1855
474,1862
396,1896
5,1940
355,2049
388,2129
177,2138
189,2187
371,2205
240,2232
313,2297
318,2307
87,2316
109,2326
182,2382
431,2418
384,2423
372,2444
259,2445
97,2516
424,2530
219,2547
139,2556
17,2576
459,2594
382,2609
300,2619
42,2624
470,2628
410,2660
495,2684
99,2696
331,2703
257,2718
273,2745
327,2750
394,2792
403,2796
469,2802
237,2808
277,2818
220,2820
114,2832
353,2862
304,2875
334,2887
111,2892
235,2895
365,2904
31,2907
281,2911
198,2935
262,2940
115,2973
225,2981
9,2984
6,2984
323,2993
406,2997
488,3004
444,3004
52,3007
26,3010
389,3032
131,3049
247,3062
167,3063
380,3076
244,3080
90,3083
82,3089
346,3092
169,3098
383,3100
126,3103
325,3104
192,3105
134,3109
133,3150
77,3153
245,3171
370,3174
456,3175
258,3188
486,3190
381,3195
166,3198
61,3199
436,3201
455,3203
492,3226
463,3234
480,3236
106,3237
271,3248
81,3260
291,3272
397,3273
446,3285
36,3286
238,3288
144,3290
468,3291
289,3294
215,3296
132,3302
494,3302
108,3305
442,3307
261,3319
249,3325
409,3328
68,3336
59,3344
60,3346
293,3348
209,3363
208,3363
416,3365
199,3372
222,3378
251,3378
205,3381
420,3384
358,3386
35,3393
362,3393
137,3402
178,3411
19,3415
181,3421
385,3426
445,3429
435,3437
400,3444
399,3455
301,3471
1,3474
218,3476
155,3476
200,3477
329,3478
464,3487
294,3488
83,3494
197,3496
168,3499
473,3502
14,3502
204,3502
194,3503
45,3503
74,3504
368,3504
160,3516
341,3534
361,3534
246,3546
95,3557
159,3557
321,3560
348,3562
162,3566
96,3567
305,3568
123,3569
310,3569
254,3578
438,3580
465,3581
187,3585
175,3586
203,3590
316,3592
447,3598
28,3599
20,3599
128,3601
120,3603
386,3609
311,3611
191,3612
33,3618
307,3626
149,3627
373,3630
80,3640
287,3641
359,3641
332,3643
312,3646
156,3647
336,3651
351,3656
274,3657
395,3658
377,3660
15,3660
292,3661
422,3662
179,3667
393,3667
434,3671
48,3673
130,3687
228,3689
404,3693
212,3702
150,3714
89,3718
479,3721
51,3749
25,3754
47,3755
143,3756
363,3758
253,3763
401,3763
285,3764
462,3768
241,3772
415,3775
129,3776
4,3779
185,3787
466,3787
8,3788
303,3791
231,3794
116,3809
390,3825
70,3842
340,3843
202,3846
490,3848
460,3849
18,3850
493,3851
154,3856
138,3856
269,3858
233,3861
421,3873
117,3875
402,3876
224,3882
451,3906
398,3912
88,3916
379,3921
426,3925
105,3929
211,3929
414,3932
352,3932
118,3938
210,3942
161,3943
408,3944
412,3945
234,3947
148,3949
263,3949
427,3952
471,3958
330,3966
29,3973
102,3979
418,3980
296,3982
86,3983
458,3995
22,3996
190,3997
472,4019
324,4023
40,4028
366,4031
55,4040
350,4046
141,4052
347,4062
413,4062
113,4067
489,4067
333,4068
107,4068
248,4071
306,4079
354,4081
499,4089
101,4089
172,4094
85,4096
122,4103
173,4104
79,4106
221,4110
10,4114
349,4114
145,4120
69,4123
279,4127
53,4129
484,4129
430,4153
64,4153
153,4157
282,4167
41,4178
119,4184
239,4186
171,4195
498,4200
183,4200
276,4204
450,4209
491,4211
432,4217
63,4220
135,4225
230,4229
7,4230
265,4232
32,4233
278,4270
433,4273
297,4281
21,4288
391,4297
423,4298
452,4300
46,4303
500,4309
30,4310
344,4310
342,4315
213,4326
100,4344
339,4358
73,4361
419,4362
378,4369
326,4369
449,4372
195,4399
196,4411
315,4412
256,4420
481,4427
58,4431
242,4433
487,4453
49,4454
343,4464
78,4480
437,4492
357,4495
243,4498
270,4508
226,4508
2,4508
127,4511
93,4516
13,4519
217,4519
461,4529
429,4534
417,4553
43,4554
229,4569
104,4582
124,4588
482,4610
38,4612
39,4638
387,4659
193,4668
369,4689
188,4689
165,4701
157,4716
360,4743
216,4744
376,4746
250,4769
317,4770
275,4773
375,4779
476,4788
441,4796
24,4807
364,4835
483,4837
374,4858
207,4864
428,4866
66,4904
75,4909
163,4913
201,4915
67,4926
12,4933
170,4954
92,4967
140,4967
76,4979
71,5006
425,5054
180,5056
112,5089
299,5097
475,5115
34,5128
439,5141
206,5144
280,5192
443,5198
94,5217
283,5217
142,5217
214,5235
477,5252
440,5260
295,5263
314,5274
284,5284
11,5302
302,5343
110,5345
151,5433
236,5434
50,5466
252,5468
322,5482
147,5483
453,5542
496,5617
290,5619
497,5635
98,5641
27,5649
174,5652
37,5692
146,5743
485,5775
454,5778
288,5842
467,5892
338,5916
184,5981
319,6075
411,6077
232,6096
328,6120
309,6163
448,6204
255,6343
367,6349
227,6448
286,6503
298,6520
164,6535
91,6550
16,6640
62,6782
320,6901
103,6930
266,6980
407,7064
136,7080
345,7358
392,7413
176,7613
478,7628
121,7783
57,7839
84,8159
405,8175
337,8208
267,8276
457,8634
3,8703
158,8724
72,9246
186,9791
264,10335
44,10882
272,11426
356,11971
308,12522
54,13078

simblock.block.ProofOfWorkBlock@10b39249:13
46,0
326,510
384,699
396,890
327,995
291,1075
281,1182
318,1199
386,1354
497,1373
383,1374
5,1386
102,1472
463,1561
182,1562
238,1579
293,1633
191,1657
144,1663
483,1664
6,1687
429,1751
218,1751
488,1764
292,1767
106,1845
329,1853
381,1854
359,1872
20,1887
340,1914
185,1922
431,1937
282,1944
436,1955
331,1958
445,1965
8,2029
268,2033
162,2038
35,2038
97,2042
455,2046
37,2049
56,2060
441,2073
315,2076
269,2138
380,2140
251,2144
300,2147
358,2149
270,2164
346,2168
15,2173
401,2192
457,2194
26,2219
214,2223
280,2228
19,2229
73,2230
480,2230
323,2231
160,2239
351,2240
338,2244
316,2247
187,2249
403,2254
194,2317
28,2322
347,2325
212,2332
228,2335
424,2337
108,2338
234,2338
165,2340
40,2349
267,2351
419,2355
198,2359
74,2361
197,2361
248,2361
119,2378
22,2387
283,2394
90,2415
495,2415
273,2416
240,2419
385,2421
416,2424
136,2425
53,2432
14,2434
2,2441
382,2441
490,2444
352,2447
91,2472
274,2485
54,2486
344,2487
70,2501
458,2505
485,2507
362,2508
88,2510
163,2517
438,2518
418,2522
141,2523
286,2524
379,2525
325,2525
249,2525
11,2528
60,2529
222,2537
109,2543
332,2546
149,2549
301,2550
447,2566
450,2575
471,2585
333,2594
253,2596
277,2601
209,2605
430,2605
166,2605
353,2611
75,2614
49,2615
86,2616
103,2617
202,2624
132,2624
289,2626
192,2627
117,2627
123,2628
44,2629
65,2630
1,2635
130,2638
205,2641
245,2643
155,2644
80,2656
133,2658
93,2681
367,2692
208,2698
83,2708
237,2708
317,2710
440,2715
434,2716
247,2718
42,2718
120,2718
177,2729
264,2729
168,2729
408,2736
478,2738
118,2752
112,2755
446,2755
460,2758
336,2762
433,2769
101,2772
465,2776
213,2779
200,2781
377,2786
151,2790
487,2793
366,2794
426,2805
131,2805
305,2807
179,2807
21,2808
444,2809
169,2809
328,2811
348,2813
479,2815
304,2817
442,2817
397,2818
370,2819
76,2822
33,2824
32,2824
63,2827
342,2830
107,2831
215,2833
66,2836
203,2839
78,2845
464,2847
375,2850
82,2854
421,2860
84,2878
473,2888
454,2890
499,2892
77,2893
462,2895
226,2896
365,2898
72,2902
330,2904
52,2907
313,2910
494,2911
181,2913
147,2913
36,2917
129,2920
7,2923
24,2924
85,2931
413,2940
50,2954
258,2966
363,2966
235,2976
4,2988
425,2990
231,2994
158,2995
398,2995
468,2996
261,2999
394,3000
402,3001
230,3002
275,3008
47,3011
350,3013
175,3015
257,3018
170,3024
220,3027
405,3028
311,3035
146,3036
244,3037
211,3041
321,3042
59,3049
17,3056
427,3062
415,3070
134,3083
411,3084
148,3085
39,3087
225,3088
167,3089
241,3090
18,3090
357,3093
312,3095
224,3097
62,3097
435,3104
412,3109
324,3111
409,3111
190,3116
161,3118
104,3139
100,3150
294,3154
87,3154
262,3156
207,3157
489,3175
89,3175
285,3176
303,3177
469,3182
159,3191
449,3196
95,3198
186,3198
432,3201
254,3202
96,3206
48,3207
57,3214
378,3214
265,3228
99,3233
376,3243
173,3246
143,3255
482,3267
126,3271
451,3272
246,3272
201,3278
310,3280
360,3284
272,3286
128,3288
94,3288
406,3298
307,3305
13,3307
176,3313
184,3319
113,3321
355,3323
334,3326
31,3338
420,3339
137,3344
140,3363
12,3366
153,3367
339,3369
349,3369
3,3371
29,3371
135,3372
414,3372
164,3386
178,3388
443,3393
51,3397
199,3397
195,3401
410,3439
474,3449
150,3450
25,3453
496,3453
390,3459
138,3463
391,3467
68,3472
407,3480
387,3480
217,3500
388,3508
183,3510
110,3535
30,3548
453,3558
486,3562
233,3565
276,3566
343,3571
154,3576
219,3585
423,3590
372,3592
139,3592
114,3596
500,3599
298,3613
145,3623
368,3630
400,3632
71,3638
16,3641
210,3647
122,3650
345,3652
216,3655
55,3656
121,3666
250,3670
239,3674
157,3675
67,3704
361,3715
492,3717
287,3734
470,3750
279,3758
188,3758
404,3773
171,3804
452,3812
299,3832
493,3835
45,3842
437,3847
319,3848
422,3878
172,3908
255,3909
115,3918
64,3928
374,3929
337,3936
111,3945
475,3957
124,3958
302,3958
461,3982
314,3995
295,3999
79,4004
61,4012
229,4018
156,4039
297,4048
288,4087
232,4088
260,4095
395,4108
308,4115
204,4125
476,4125
498,4158
223,4186
456,4193
448,4206
116,4231
236,4235
105,4240
459,4243
466,4291
125,4346
341,4350
23,4362
38,4370
484,4400
392,4402
417,4413
152,4439
9,4460
43,4480
356,4512
259,4518
180,4518
243,4529
399,4570
284,4595
439,4681
322,4709
290,4712
389,4756
193,4769
428,4796
256,4796
371,4817
58,4850
335,4859
221,4875
252,4878
296,4946
369,4961
373,4965
242,5061
41,5129
364,5169
481,5236
263,5394
174,5404
142,5432
34,5480
467,5588
10,5758
69,5767
81,5943
227,6110
271,6121
98,6477

simblock.block.ProofOfWorkBlock@6aa2eabb:14
44,0
7,402
82,556
321,708
55,805
408,860
405,958
449,969
214,1016
441,1111
266,1112
188,1122
53,1177
490,1209
27,1265
278,1269
435,1275
262,1330
16,1360
306,1373
124,1387
287,1422
205,1423
248,1426
352,1427
1,1487
140,1513
63,1517
483,1521
320,1528
309,1536
387,1544
14,1552
492,1576
22,1579
94,1586
448,1591
95,1595
162,1612
294,1641
477,1666
440,1670
40,1674
196,1678
179,1680
233,1681
472,1703
482,1703
161,1705
21,1729
212,1731
330,1738
25,1744
413,1755
402,1762
93,1777
430,1784
158,1791
491,1793
460,1819
415,1824
15,1826
184,1828
178,1828
344,1829
253,1831
500,1832
185,1832
216,1834
153,1851
211,1856
414,1861
270,1864
446,1870
36,1882
18,1884
494,1895
484,1897
332,1897
200,1908
236,1919
85,1921
122,1922
476,1923
105,1930
28,1932
255,1942
261,1944
315,1946
250,1949
386,1977
459,1979
129,1981
305,1984
445,1985
213,1985
407,1986
89,1986
39,1986
24,1987
308,2002
312,2003
203,2004
61,2008
167,2009
392,2016
186,2017
499,2019
194,2038
26,2040
428,2049
466,2050
92,2050
478,2052
66,2061
376,2062
310,2073
176,2074
202,2078
136,2082
333,2083
328,2084
346,2086
84,2088
409,2089
70,2092
240,2094
274,2095
350,2100
303,2101
13,2102
60,2106
437,2107
148,2121
339,2133
201,2135
471,2136
493,2138
453,2139
206,2143
135,2144
29,2145
317,2146
427,2150
237,2151
426,2155
58,2156
487,2160
319,2160
304,2161
275,2168
410,2169
447,2173
457,2181
458,2181
239,2184
57,2193
8,2203
366,2204
443,2208
343,2211
345,2215
420,2226
368,2227
199,2233
100,2234
51,2235
475,2237
363,2239
160,2239
118,2243
336,2243
113,2244
12,2248
496,2250
76,2250
307,2250
422,2257
264,2257
88,2260
215,2260
110,2260
209,2260
77,2261
302,2263
103,2266
324,2271
497,2278
91,2286
389,2290
340,2292
190,2294
338,2295
163,2300
137,2302
373,2305
204,2308
164,2310
101,2316
433,2319
357,2320
230,2322
249,2323
3,2327
159,2331
348,2333
168,2341
356,2341
279,2345
485,2349
62,2357
75,2359
144,2361
121,2361
272,2366
401,2370
282,2376
412,2383
393,2391
133,2392
369,2393
399,2396
116,2398
210,2400
120,2403
19,2413
419,2416
454,2417
156,2418
222,2420
108,2434
83,2435
154,2444
20,2445
450,2445
337,2446
403,2447
226,2447
127,2452
254,2452
64,2453
170,2458
451,2459
301,2459
72,2464
78,2466
286,2472
406,2472
421,2474
90,2491
489,2493
157,2498
411,2505
123,2506
473,2509
11,2510
495,2515
384,2518
380,2524
416,2526
444,2527
469,2528
31,2529
398,2530
107,2535
382,2538
425,2538
208,2549
267,2553
245,2556
143,2568
470,2575
46,2586
367,2597
47,2597
224,2600
180,2606
311,2606
424,2610
247,2611
2,2612
128,2615
432,2621
192,2621
86,2624
417,2625
277,2625
49,2633
126,2633
174,2633
463,2634
130,2635
377,2648
149,2662
442,2666
323,2672
197,2672
4,2676
436,2679
102,2682
351,2683
480,2686
150,2688
283,2702
147,2703
452,2704
231,2707
257,2713
59,2713
318,2714
418,2717
347,2726
379,2732
56,2732
33,2734
42,2743
54,2751
228,2754
218,2761
155,2762
431,2766
52,2773
358,2774
6,2778
439,2779
220,2785
281,2790
479,2792
355,2794
429,2794
37,2804
385,2822
117,2826
73,2828
354,2829
87,2831
313,2837
341,2838
175,2838
293,2839
229,2843
246,2855
395,2862
298,2863
388,2867
5,2878
114,2878
370,2879
30,2883
225,2887
97,2889
35,2896
151,2901
291,2902
488,2912
68,2913
481,2916
285,2919
258,2930
290,2936
325,2941
375,2947
182,2950
134,2954
362,2958
232,2964
99,2976
299,2979
269,2983
217,2988
146,2989
238,3005
34,3017
234,3026
314,3049
191,3052
327,3059
48,3059
397,3061
381,3064
296,3065
189,3066
79,3073
438,3077
152,3083
276,3087
142,3093
260,3096
300,3096
335,3104
106,3106
252,3109
461,3121
74,3132
177,3135
80,3137
65,3144
251,3151
359,3154
139,3155
468,3161
138,3169
349,3171
361,3178
132,3193
115,3206
169,3206
271,3214
455,3223
71,3224
364,3239
292,3256
198,3270
67,3285
96,3294
9,3314
244,3329
181,3329
394,3331
498,3342
273,3370
353,3372
434,3399
111,3403
109,3406
280,3411
365,3419
329,3431
165,3436
383,3458
242,3464
390,3477
10,3478
23,3483
322,3488
17,3499
331,3525
372,3528
43,3548
391,3556
265,3557
326,3576
486,3603
289,3604
378,3622
396,3641
50,3648
268,3665
195,3666
467,3668
404,3669
166,3697
171,3699
235,3713
334,3724
464,3730
141,3743
227,3786
41,3794
207,3798
173,3811
187,3872
360,3896
38,3907
32,3907
316,3932
119,3940
256,3941
98,3955
112,3965
241,3991
183,4000
374,4012
219,4049
400,4059
371,4104
456,4122
288,4168
462,4173
263,4178
342,4198
81,4250
131,4258
221,4291
172,4320
193,4327
284,4343
297,4398
423,4501
465,4525
474,4547
259,4593
104,4630
45,4718
243,4762
295,4983
145,5011
223,5113
125,5410
69,5851

simblock.block.ProofOfWorkBlock@32b76a6a:15
86,0
116,401
433,553
179,706
348,808
482,859
248,957
162,962
7,1015
36,1111
448,1111
319,1147
110,1171
450,1214
55,1264
328,1264
214,1269
137,1304
435,1337
402,1368
499,1369
336,1372
350,1417
441,1418
311,1421
274,1462
22,1490
127,1516
389,1517
85,1520
186,1522
407,1527
65,1536
307,1552
387,1572
475,1573
275,1579
202,1582
343,1617
168,1619
457,1644
473,1669
53,1669
491,1673
133,1673
94,1676
264,1679
188,1682
118,1685
57,1707
439,1708
449,1725
286,1726
200,1734
233,1739
315,1750
213,1771
262,1774
410,1775
100,1776
16,1781
93,1796
212,1824
306,1828
312,1833
293,1839
78,1839
393,1843
185,1846
413,1861
406,1862
440,1863
466,1872
337,1875
405,1878
196,1895
180,1895
415,1904
148,1905
290,1916
414,1920
346,1923
279,1925
351,1928
496,1931
363,1932
135,1940
199,1941
352,1949
298,1950
447,1958
236,1966
399,1975
483,1983
366,1985
304,1985
287,1985
310,1985
66,1992
494,1995
253,1995
13,1997
321,1998
329,2008
430,2021
230,2027
422,2027
61,2030
18,2034
268,2035
250,2048
208,2051
82,2054
63,2057
239,2058
129,2074
205,2076
161,2078
373,2079
143,2080
493,2080
95,2086
21,2086
443,2091
158,2091
339,2093
419,2094
60,2098
420,2101
344,2109
369,2113
392,2116
49,2117
32,2126
282,2127
59,2127
40,2138
58,2141
266,2141
345,2146
54,2150
272,2153
386,2154
210,2158
309,2164
411,2167
427,2174
454,2177
471,2180
124,2182
194,2183
103,2191
294,2197
231,2200
204,2205
8,2209
28,2211
401,2214
151,2223
445,2224
70,2228
428,2229
453,2229
97,2232
1,2233
88,2236
302,2237
226,2239
489,2242
283,2245
87,2246
92,2247
84,2248
136,2249
91,2250
418,2262
479,2264
203,2265
29,2266
458,2270
367,2275
468,2275
167,2279
176,2279
51,2284
140,2284
460,2291
270,2292
500,2293
356,2293
278,2294
437,2297
147,2298
105,2307
492,2312
12,2312
354,2314
156,2316
416,2317
235,2320
377,2326
184,2332
211,2334
333,2336
357,2338
201,2341
488,2347
64,2354
442,2361
198,2369
222,2372
4,2377
3,2379
408,2380
160,2383
190,2384
368,2387
340,2388
261,2391
113,2391
303,2392
119,2396
206,2397
224,2397
462,2398
476,2402
305,2405
332,2420
326,2421
149,2421
26,2422
477,2424
163,2429
331,2430
73,2430
228,2443
308,2443
320,2446
216,2448
72,2449
330,2450
117,2456
154,2458
128,2458
281,2459
485,2466
412,2467
121,2468
463,2470
42,2471
90,2474
255,2478
426,2486
44,2486
425,2490
37,2494
166,2500
424,2501
56,2504
20,2514
383,2514
396,2523
254,2526
132,2530
77,2530
403,2532
451,2535
361,2539
164,2539
75,2543
107,2544
484,2550
444,2556
409,2559
243,2562
379,2564
472,2574
159,2579
5,2586
181,2589
178,2591
39,2601
170,2610
237,2619
155,2623
141,2624
436,2624
384,2629
342,2635
15,2636
487,2638
431,2643
358,2643
249,2645
338,2650
19,2652
102,2658
455,2662
397,2666
316,2671
390,2679
96,2689
362,2691
157,2694
6,2698
289,2702
423,2704
24,2707
461,2709
153,2715
175,2717
241,2719
370,2722
244,2726
62,2729
197,2731
220,2732
404,2732
169,2738
76,2743
301,2748
150,2750
35,2760
245,2771
324,2777
495,2780
292,2783
341,2789
398,2795
172,2801
89,2804
317,2806
277,2810
417,2820
225,2832
80,2843
146,2843
218,2848
187,2856
478,2857
325,2859
122,2869
267,2869
215,2875
25,2881
464,2888
256,2892
469,2893
323,2902
232,2906
115,2907
446,2909
434,2910
365,2913
120,2914
252,2926
429,2927
459,2929
452,2929
247,2935
144,2947
134,2950
41,2967
269,2969
209,2972
106,2983
318,2993
258,2995
276,3007
74,3010
240,3013
23,3018
490,3023
432,3025
99,3034
27,3042
123,3047
313,3077
14,3079
288,3087
31,3105
260,3121
291,3123
126,3127
191,3131
125,3132
481,3140
382,3143
297,3144
300,3161
189,3163
145,3172
234,3176
359,3181
355,3186
229,3191
327,3194
388,3218
391,3221
498,3238
174,3240
380,3251
296,3264
33,3275
381,3281
38,3281
34,3288
470,3296
246,3306
238,3307
273,3313
465,3314
221,3348
112,3350
98,3356
104,3378
130,3390
138,3393
114,3394
192,3397
335,3408
480,3462
474,3466
394,3467
182,3480
50,3488
456,3492
101,3524
109,3541
334,3542
111,3549
353,3562
207,3562
10,3571
280,3572
295,3579
372,3580
48,3583
131,3599
227,3621
374,3622
375,3656
47,3657
171,3662
2,3662
486,3740
17,3752
360,3764
299,3782
142,3786
285,3793
376,3812
183,3829
177,3830
385,3837
497,3840
52,3849
349,3868
108,3928
251,3928
263,3941
271,3956
173,3979
395,4019
322,4043
46,4098
421,4111
347,4113
217,4134
165,4156
68,4165
71,4178
378,4194
11,4194
83,4195
9,4231
314,4347
257,4366
30,4401
438,4463
242,4493
81,4501
79,4517
219,4576
195,4610
467,4622
152,4780
69,4806
400,4859
193,4884
223,4920
45,4982
284,5001
371,5241
364,5264
139,5384
43,5629
265,5783
67,6010
259,6404

simblock.block.ProofOfWorkBlock@200caef0:16
14,0
26,481
292,667
35,853
257,958
57,1139
424,1146
187,1153
281,1334
444,1339
301,1341
449,1419
323,1437
49,1519
327,1527
347,1531
157,1545
480,1624
381,1641
385,1671
29,1697
308,1701
15,1706
149,1723
384,1736
109,1813
326,1819
218,1820
6,1820
203,1821
397,1836
27,1858
244,1860
455,1918
280,1923
132,1925
264,1950
3,1982
306,1986
289,2001
358,2002
216,2006
431,2006
268,2007
120,2010
408,2011
353,2012
102,2013
19,2024
261,2101
31,2102
228,2104
94,2105
97,2106
379,2119
101,2121
153,2145
316,2152
204,2153
319,2164
342,2185
169,2189
166,2194
83,2195
329,2196
249,2196
64,2203
191,2207
76,2207
291,2208
318,2222
355,2223
286,2226
278,2253
343,2263
55,2265
140,2272
127,2276
393,2288
123,2292
52,2293
285,2296
73,2299
74,2307
500,2307
165,2308
72,2316
47,2342
359,2342
85,2352
80,2370
159,2377
443,2379
465,2380
33,2382
108,2385
273,2390
11,2393
106,2395
430,2396
434,2400
212,2406
237,2408
383,2413
487,2414
475,2415
161,2433
405,2434
333,2437
82,2460
369,2470
130,2478
220,2482
277,2483
407,2483
134,2483
209,2485
8,2485
90,2489
37,2491
486,2492
192,2494
141,2495
59,2497
349,2498
325,2500
399,2504
494,2504
380,2506
113,2511
129,2511
468,2529
13,2539
303,2550
324,2552
163,2558
464,2559
133,2566
18,2568
317,2571
214,2573
199,2575
394,2576
174,2576
240,2578
75,2584
107,2591
202,2592
269,2592
499,2595
258,2595
270,2595
429,2596
313,2599
331,2600
404,2602
84,2607
320,2614
154,2620
459,2632
7,2637
25,2657
248,2660
88,2664
294,2664
321,2666
182,2667
412,2668
56,2669
215,2672
197,2672
175,2673
151,2674
111,2675
473,2675
241,2678
406,2678
150,2679
497,2679
433,2681
382,2683
61,2686
416,2686
65,2688
234,2694
390,2697
352,2702
454,2707
16,2713
466,2715
471,2715
403,2721
44,2722
339,2744
413,2749
298,2756
230,2760
144,2762
436,2763
188,2763
179,2767
478,2771
445,2772
126,2777
164,2783
362,2784
469,2786
447,2786
121,2788
401,2790
160,2794
5,2796
114,2807
340,2811
307,2817
417,2827
262,2841
224,2845
446,2852
386,2854
2,2858
42,2860
302,2860
235,2864
245,2867
222,2869
272,2870
77,2871
479,2872
60,2873
345,2874
462,2875
118,2876
21,2876
22,2877
461,2893
168,2903
147,2906
293,2907
275,2917
20,2918
78,2919
98,2928
131,2932
190,2945
419,2950
194,2951
432,2952
239,2952
304,2953
451,2956
86,2960
365,2963
54,2966
103,2968
208,2970
210,2970
247,2970
411,2972
137,2972
152,2976
253,2979
46,2981
470,2982
338,2984
124,2993
135,2999
450,3001
162,3004
495,3010
87,3029
472,3034
177,3037
336,3042
476,3047
229,3051
496,3052
225,3053
4,3056
330,3058
370,3064
409,3066
337,3072
112,3074
223,3076
361,3084
71,3089
170,3090
104,3090
32,3095
346,3095
99,3112
442,3112
448,3120
341,3123
311,3124
458,3125
255,3132
122,3133
377,3134
17,3135
418,3139
143,3143
367,3143
167,3150
156,3151
250,3152
287,3152
119,3153
282,3155
116,3156
115,3159
300,3172
396,3186
274,3186
493,3186
198,3190
221,3197
181,3199
271,3204
299,3206
441,3231
425,3232
184,3232
427,3233
148,3239
51,3240
53,3240
89,3249
344,3250
351,3251
12,3277
128,3280
387,3283
96,3305
368,3322
485,3322
484,3325
34,3330
117,3335
236,3336
426,3336
328,3337
398,3343
48,3351
200,3359
391,3362
452,3370
260,3392
100,3404
463,3406
62,3414
420,3414
421,3418
305,3421
410,3430
24,3433
435,3433
93,3434
402,3436
58,3441
231,3453
238,3460
389,3483
145,3486
172,3491
314,3504
267,3508
375,3512
217,3512
360,3513
92,3518
205,3519
40,3524
68,3524
79,3531
388,3543
23,3562
490,3570
146,3581
38,3584
284,3584
283,3601
428,3602
309,3604
438,3613
279,3614
28,3619
332,3621
363,3639
254,3673
158,3682
70,3692
276,3692
266,3702
186,3710
178,3715
357,3723
376,3729
310,3731
171,3751
50,3766
226,3767
183,3780
173,3781
335,3788
246,3798
1,3799
415,3803
297,3832
489,3849
374,3867
350,3879
482,3881
201,3881
95,3895
211,3899
207,3923
251,3940
232,3941
488,3966
483,3971
460,3985
492,3989
10,3993
474,3997
36,4015
453,4016
265,4033
206,4051
356,4080
491,4080
219,4109
66,4158
136,4164
233,4172
378,4177
457,4179
354,4201
322,4203
213,4256
372,4274
315,4277
348,4298
125,4299
196,4302
456,4322
138,4342
290,4351
39,4371
139,4376
481,4400
142,4405
243,4422
185,4442
392,4456
312,4461
195,4514
477,4556
252,4559
30,4566
91,4577
440,4595
263,4607
242,4651
155,4674
334,4714
423,4725
176,4727
437,4743
259,4769
296,4774
467,4815
180,4855
288,4871
69,4903
43,4918
81,4952
422,4953
189,4964
439,5022
41,5084
400,5129
105,5135
193,5142
67,5225
63,5236
395,5251
373,5303
498,5490
110,5518
295,5598
366,5795
371,5949
414,6078
9,6304
45,6384
227,6661
256,6737
364,7018

simblock.block.ProofOfWorkBlock@65e6fae4:17
408,0
487,409
212,575
211,729
202,876
194,890
54,986
373,1030
22,1043
337,1141
201,1149
27,1198
279,1209
450,1280
70,1295
410,1296
439,1328
44,1357
419,1371
440,1389
233,1434
105,1437
29,1448
185,1449
286,1451
405,1480
161,1529
18,1540
230,1544
170,1555
454,1557
491,1589
437,1595
453,1601
270,1603
24,1604
157,1613
140,1617
368,1636
213,1684
95,1684
205,1693
485,1698
274,1700
483,1702
148,1709
275,1712
137,1730
110,1748
340,1754
84,1759
294,1761
180,1764
186,1770
392,1774
93,1782
156,1791
89,1794
210,1838
457,1844
7,1844
57,1849
60,1849
310,1850
357,1851
356,1854
248,1854
281,1854
155,1856
85,1859
21,1862
63,1869
121,1883
459,1883
118,1903
366,1906
321,1914
445,1918
255,1925
53,1928
124,1939
492,1941
282,1948
412,1948
350,1949
64,1954
306,1959
176,1961
107,1992
348,1998
430,2002
261,2003
367,2003
184,2004
420,2007
136,2008
427,2008
336,2009
62,2011
401,2014
239,2014
339,2016
116,2016
1,2021
178,2025
5,2026
304,2035
460,2038
40,2058
345,2058
363,2059
250,2072
214,2079
466,2088
406,2089
407,2091
88,2097
253,2103
417,2103
309,2103
369,2104
208,2105
303,2107
500,2112
402,2112
472,2113
61,2115
119,2117
33,2120
434,2125
361,2131
482,2136
231,2145
168,2151
484,2152
422,2157
36,2158
448,2159
409,2159
447,2161
471,2161
328,2161
415,2163
66,2164
426,2164
8,2166
39,2166
351,2170
129,2171
333,2171
164,2171
478,2179
443,2180
204,2183
344,2188
28,2190
311,2198
108,2199
16,2201
94,2214
127,2214
441,2219
493,2225
389,2228
262,2232
399,2241
308,2242
72,2243
55,2247
352,2255
307,2255
103,2256
160,2258
305,2258
449,2260
287,2266
77,2268
272,2271
338,2271
226,2272
128,2274
188,2286
494,2289
269,2289
293,2290
109,2292
20,2295
236,2298
320,2311
475,2315
488,2317
4,2318
163,2319
428,2320
196,2321
158,2321
425,2323
319,2324
203,2324
162,2334
264,2341
414,2345
143,2349
477,2353
51,2354
19,2356
179,2360
153,2366
330,2367
302,2368
413,2369
266,2373
151,2374
382,2379
82,2385
468,2386
278,2387
117,2393
122,2395
215,2399
458,2400
433,2400
490,2409
224,2410
315,2410
13,2412
432,2414
283,2416
182,2417
451,2420
326,2422
97,2436
133,2439
132,2440
463,2442
190,2444
435,2453
331,2458
258,2458
91,2469
135,2470
346,2472
499,2474
12,2475
386,2475
42,2479
100,2479
169,2483
473,2489
377,2497
154,2497
58,2501
126,2506
216,2508
90,2510
123,2512
394,2515
381,2520
25,2528
83,2536
86,2540
444,2541
235,2554
469,2561
49,2568
387,2570
496,2571
145,2577
489,2585
325,2586
436,2586
438,2588
218,2591
268,2596
192,2599
17,2602
324,2604
431,2607
92,2608
15,2612
74,2614
14,2615
442,2616
355,2618
6,2620
134,2628
31,2630
403,2634
200,2635
393,2638
327,2640
3,2647
411,2650
47,2651
316,2652
312,2653
23,2656
421,2656
147,2662
359,2663
228,2665
240,2666
237,2669
165,2672
462,2676
289,2679
267,2681
495,2687
30,2689
464,2689
446,2708
418,2709
300,2714
247,2715
332,2724
429,2727
273,2731
37,2737
56,2738
167,2738
379,2744
362,2751
206,2761
238,2764
470,2768
80,2770
26,2774
131,2780
416,2781
391,2782
149,2784
102,2787
343,2790
395,2791
313,2803
249,2813
78,2819
144,2823
465,2828
67,2831
199,2841
396,2842
384,2846
35,2851
353,2868
390,2869
87,2873
370,2882
11,2882
497,2882
209,2885
476,2885
34,2887
221,2890
398,2891
101,2902
197,2905
292,2910
113,2915
342,2923
317,2935
159,2939
2,2947
175,2948
73,2953
191,2972
251,2976
43,2977
383,2986
256,2989
455,2993
141,3005
257,3011
245,3023
227,3024
452,3029
79,3030
50,3045
32,3047
290,3048
378,3050
323,3057
146,3071
354,3083
120,3083
349,3085
479,3110
198,3111
48,3112
371,3117
115,3119
130,3122
291,3138
187,3150
65,3152
474,3167
52,3171
106,3171
271,3175
59,3183
114,3188
376,3209
318,3213
229,3221
358,3243
10,3261
68,3271
298,3294
498,3297
456,3328
329,3329
207,3332
301,3351
400,3365
138,3371
314,3371
75,3377
486,3380
385,3385
38,3390
244,3422
388,3424
423,3426
139,3427
364,3433
372,3436
397,3438
150,3440
76,3454
263,3470
404,3475
177,3486
112,3511
223,3519
217,3519
276,3547
99,3569
98,3595
225,3595
9,3601
277,3643
222,3654
241,3661
360,3676
341,3708
96,3712
299,3750
41,3752
111,3757
234,3777
297,3787
284,3805
81,3808
246,3812
288,3823
172,3855
220,3860
183,3863
166,3927
173,3957
285,3978
193,3980
142,3980
232,4024
480,4026
195,4033
219,4054
104,4086
424,4134
335,4149
171,4156
243,4187
125,4203
467,4247
280,4248
45,4256
46,4297
252,4328
254,4404
189,4412
334,4479
69,4492
380,4531
242,4537
347,4566
260,4790
259,4802
365,4808
71,4939
374,4960
181,5079
152,5171
174,5198
322,5338
375,5514
461,5565
295,5637
296,5718
265,5960
481,6096

simblock.block.ProofOfWorkBlock@575ef39a:18
338,0
435,404
133,571
305,732
127,808
206,890
86,963
77,992
60,1045
213,1121
287,1138
459,1145
363,1200
432,1211
116,1274
190,1290
366,1292
348,1297
447,1353
22,1368
478,1385
333,1397
253,1427
248,1444
460,1444
343,1452
275,1454
426,1510
457,1522
466,1524
157,1542
321,1546
255,1550
158,1552
311,1580
267,1597
224,1599
231,1606
29,1607
417,1613
143,1664
352,1676
458,1677
414,1694
85,1698
24,1701
208,1701
387,1701
103,1703
163,1708
454,1712
234,1730
196,1735
185,1750
155,1754
475,1759
161,1762
345,1768
278,1780
286,1781
8,1786
63,1803
499,1819
445,1829
18,1831
7,1836
140,1846
402,1850
264,1852
21,1854
351,1854
304,1859
308,1860
494,1860
210,1864
164,1865
293,1866
233,1891
236,1905
84,1914
178,1915
336,1921
389,1926
357,1926
261,1935
153,1940
408,1941
204,1941
28,1943
492,1951
107,1951
154,1956
415,1957
124,1959
397,1967
472,1977
406,1984
61,1985
92,1990
482,1991
135,1999
162,2008
156,2013
26,2013
405,2015
477,2015
70,2017
407,2017
491,2018
344,2019
471,2020
160,2021
36,2023
82,2051
88,2059
226,2066
272,2069
312,2076
95,2078
489,2078
393,2079
167,2081
270,2087
136,2092
250,2096
31,2103
39,2105
170,2106
44,2107
412,2107
148,2109
496,2109
309,2111
409,2111
451,2115
298,2116
306,2117
413,2130
176,2136
121,2139
440,2143
450,2144
420,2145
439,2147
294,2155
346,2156
303,2158
274,2162
401,2166
392,2168
186,2168
410,2169
214,2170
54,2171
89,2176
129,2177
27,2185
444,2187
441,2187
203,2202
91,2215
52,2216
12,2220
94,2221
212,2232
356,2232
350,2234
78,2245
215,2249
266,2252
113,2258
279,2259
205,2259
201,2262
1,2263
488,2264
437,2264
58,2268
483,2268
128,2269
55,2270
448,2271
307,2278
46,2278
328,2283
199,2284
340,2286
355,2289
446,2295
283,2295
179,2298
118,2302
399,2302
239,2310
310,2311
122,2315
65,2317
168,2318
282,2319
428,2322
332,2332
57,2332
337,2333
487,2337
469,2340
134,2340
25,2342
181,2344
292,2346
184,2347
464,2355
182,2356
449,2356
165,2358
316,2362
166,2366
320,2370
83,2372
37,2383
419,2385
430,2385
200,2394
72,2397
79,2398
51,2399
330,2416
486,2421
373,2428
105,2440
398,2446
56,2447
211,2447
187,2448
59,2449
358,2450
324,2455
422,2456
149,2458
367,2464
433,2465
476,2465
216,2473
100,2478
96,2479
137,2481
425,2484
188,2485
453,2486
479,2486
285,2488
302,2496
315,2499
257,2503
120,2517
119,2520
500,2524
427,2532
254,2535
455,2536
106,2543
230,2547
74,2550
318,2550
443,2551
144,2555
111,2562
327,2562
53,2578
269,2587
240,2590
370,2601
114,2601
14,2603
382,2604
17,2606
126,2606
485,2609
13,2610
175,2612
331,2614
169,2615
225,2616
40,2617
329,2622
33,2623
194,2624
93,2626
247,2627
384,2628
473,2637
73,2637
484,2637
150,2640
180,2640
339,2642
260,2646
313,2653
424,2654
35,2667
281,2670
152,2677
75,2682
381,2692
66,2694
102,2697
390,2698
243,2704
368,2704
3,2707
416,2717
404,2717
20,2718
197,2718
130,2726
245,2733
218,2752
49,2753
147,2755
45,2766
209,2772
386,2779
172,2781
249,2783
110,2783
495,2787
262,2794
490,2799
241,2805
369,2805
396,2811
151,2815
300,2818
431,2827
361,2828
378,2830
442,2835
229,2843
394,2849
319,2851
235,2857
62,2859
360,2861
228,2864
334,2866
159,2869
34,2873
403,2876
244,2878
2,2882
251,2882
222,2890
48,2890
109,2892
117,2905
376,2906
23,2910
207,2916
87,2921
50,2943
193,2943
202,2946
325,2947
493,2951
64,2957
429,2960
436,2962
223,2981
371,2990
104,2993
276,2996
388,3000
145,3010
16,3013
365,3019
189,3019
219,3028
374,3031
263,3032
452,3032
354,3039
349,3046
198,3050
76,3061
273,3076
291,3077
317,3082
9,3096
19,3101
98,3102
295,3105
391,3106
375,3113
237,3115
101,3119
217,3120
280,3126
289,3146
342,3147
80,3148
146,3150
131,3156
379,3158
377,3166
4,3197
43,3206
347,3213
32,3215
497,3223
362,3225
380,3234
6,3286
290,3288
15,3315
301,3316
220,3327
195,3329
258,3342
11,3343
123,3351
68,3372
421,3385
259,3386
5,3391
326,3411
246,3414
434,3423
383,3435
470,3438
297,3469
67,3479
227,3480
108,3480
112,3488
465,3492
238,3495
174,3508
341,3533
481,3541
115,3555
323,3580
288,3584
141,3620
385,3650
474,3667
97,3677
411,3697
462,3702
463,3703
252,3709
232,3725
395,3750
277,3757
359,3758
69,3767
41,3779
139,3792
271,3858
296,3858
498,3859
353,3919
99,3930
322,3958
132,3971
468,3973
90,3973
173,3982
142,4004
42,4029
191,4033
372,4035
242,4061
364,4071
221,4105
461,4110
284,4136
268,4189
125,4253
418,4301
38,4337
456,4353
314,4365
183,4429
423,4516
438,4567
138,4581
171,4721
81,4747
177,4838
256,4895
30,4959
47,5111
10,5281
400,5340
480,5379
192,5645
335,5662
265,5733
299,6024
71,6418
467,6860

simblock.block.ProofOfWorkBlock@7a24b631:19
124,0
7,403
233,559
261,712
211,806
412,870
487,959
113,961
419,1051
61,1112
13,1115
435,1120
309,1205
315,1210
336,1267
286,1271
16,1274
210,1275
264,1361
443,1366
439,1372
373,1383
332,1420
121,1428
236,1428
405,1435
407,1460
491,1514
311,1520
408,1526
127,1527
140,1530
95,1535
168,1566
21,1574
25,1585
107,1587
55,1587
489,1613
93,1613
330,1624
78,1668
205,1669
62,1672
488,1679
156,1679
338,1680
137,1682
402,1684
161,1688
453,1689
186,1723
357,1726
18,1738
231,1739
433,1739
485,1765
157,1768
445,1768
66,1771
337,1776
422,1782
105,1787
345,1823
409,1826
153,1827
201,1832
430,1833
116,1834
458,1835
307,1836
310,1838
460,1839
279,1840
275,1840
401,1849
63,1869
31,1880
267,1892
482,1895
176,1895
226,1905
72,1921
88,1922
199,1923
319,1924
194,1928
393,1932
420,1933
344,1934
188,1935
466,1939
58,1951
51,1952
164,1978
70,1980
304,1980
496,1984
369,1985
82,1986
160,1986
128,1988
204,1989
293,1990
472,1991
303,1992
321,1992
352,1996
392,2009
454,2020
348,2023
262,2030
29,2033
202,2044
86,2047
203,2051
476,2065
54,2075
270,2077
154,2082
180,2082
324,2084
457,2085
24,2086
57,2089
484,2090
178,2092
255,2093
426,2094
343,2097
215,2115
350,2120
147,2130
351,2132
190,2133
399,2134
437,2139
282,2141
248,2141
94,2141
213,2141
185,2142
427,2144
451,2145
459,2154
64,2158
39,2164
356,2167
394,2172
333,2173
60,2178
278,2184
294,2186
340,2189
150,2189
131,2193
184,2195
84,2198
475,2198
494,2199
441,2203
415,2204
36,2207
292,2210
450,2218
89,2228
200,2234
91,2234
428,2235
306,2236
473,2238
212,2241
224,2242
27,2244
339,2244
155,2245
442,2250
122,2253
162,2253
500,2256
49,2258
222,2258
163,2272
266,2279
377,2281
477,2284
12,2286
366,2287
77,2291
368,2294
410,2295
135,2296
253,2296
367,2297
22,2316
277,2334
136,2340
287,2345
447,2346
468,2350
206,2351
448,2352
44,2356
455,2357
346,2370
418,2370
28,2373
414,2382
165,2383
425,2386
302,2387
208,2387
214,2388
110,2390
440,2391
117,2395
40,2396
471,2396
274,2398
283,2400
230,2406
167,2407
75,2408
250,2412
166,2423
141,2424
285,2425
158,2426
327,2427
363,2430
169,2431
464,2435
1,2438
325,2440
403,2441
53,2443
179,2443
8,2447
103,2447
196,2448
269,2449
239,2449
384,2454
123,2463
431,2478
358,2480
100,2489
198,2490
129,2498
37,2504
92,2504
495,2512
387,2515
382,2518
301,2522
254,2525
247,2528
149,2532
73,2534
3,2537
478,2538
493,2547
85,2550
52,2557
320,2559
492,2561
436,2563
143,2579
108,2581
423,2581
413,2583
497,2584
389,2586
379,2593
483,2597
463,2598
35,2600
170,2602
118,2610
411,2617
87,2617
429,2624
390,2638
132,2639
446,2640
216,2643
17,2650
312,2651
272,2654
80,2662
383,2665
102,2674
83,2680
326,2686
33,2687
237,2688
273,2693
396,2695
47,2695
209,2696
449,2701
386,2702
6,2704
159,2710
240,2713
308,2713
111,2725
197,2733
438,2734
90,2737
362,2741
328,2744
20,2759
19,2760
148,2763
456,2766
465,2769
26,2770
59,2770
391,2771
365,2788
323,2792
4,2793
225,2804
370,2805
300,2811
229,2812
232,2819
241,2828
417,2833
398,2834
114,2838
146,2843
152,2847
45,2849
218,2853
9,2864
329,2868
219,2868
191,2868
56,2871
130,2871
220,2891
305,2896
134,2908
298,2908
221,2911
361,2915
490,2917
227,2921
67,2938
498,2940
238,2941
416,2952
42,2955
469,2959
271,2963
234,2968
138,2974
355,2975
101,2978
5,2982
144,2988
46,2994
452,3028
474,3036
281,3036
349,3043
499,3052
372,3055
359,3057
99,3057
378,3059
424,3069
290,3071
432,3074
192,3075
175,3076
288,3085
265,3089
182,3093
249,3101
76,3102
50,3113
97,3119
120,3137
193,3141
14,3142
421,3144
246,3149
48,3150
400,3170
251,3181
133,3204
79,3207
181,3208
406,3230
331,3238
244,3246
235,3249
480,3263
335,3277
34,3284
81,3291
360,3302
106,3303
479,3343
371,3346
291,3351
189,3352
109,3361
252,3378
32,3385
15,3386
171,3410
388,3410
112,3410
207,3458
284,3462
174,3464
151,3478
462,3497
381,3505
354,3509
65,3517
318,3528
334,3536
280,3573
30,3592
397,3613
126,3622
125,3643
187,3652
119,3653
260,3656
139,3675
245,3683
10,3740
317,3756
257,3767
404,3780
467,3787
2,3794
295,3805
263,3851
11,3879
41,3896
341,3916
385,3918
183,3949
142,3953
242,3976
172,4000
314,4036
217,4040
353,4040
71,4042
96,4046
23,4054
177,4060
276,4069
68,4120
376,4151
395,4151
268,4187
470,4313
486,4318
289,4327
98,4337
223,4371
364,4378
444,4420
299,4430
256,4451
313,4457
243,4475
297,4500
115,4556
380,4587
347,4609
228,4688
342,4722
69,4757
43,4767
258,4853
375,4935
316,4992
374,5004
173,5138
461,5162
38,5235
74,5260
104,5385
434,5532
481,5764
145,5910
322,6155
259,6309
195,6536
296,6916

simblock.block.ProofOfWorkBlock@5bb732c6:19
478,0
8,596
28,752
127,916
483,1008
186,1076
490,1157
407,1176
1,1231
93,1309
482,1334
422,1384
441,1418
63,1462
88,1485
185,1496
330,1544
116,1566
369,1571
92,1615
44,1634
279,1637
210,1651
412,1699
410,1724
86,1738
405,1748
488,1774
264,1789
94,1796
163,1810
212,1823
136,1878
311,1892
62,1898
367,1900
409,1904
31,1949
122,1962
477,1965
108,1967
233,1984
302,2018
408,2039
112,2043
275,2050
206,2052
491,2054
440,2056
208,2060
54,2106
471,2115
162,2121
27,2134
216,2140
168,2176
82,2192
430,2206
78,2206
55,2208
200,2209
476,2213
272,2215
75,2233
118,2260
459,2275
386,2286
466,2287
155,2289
266,2297
469,2322
270,2336
321,2347
230,2358
282,2359
160,2366
124,2369
214,2375
484,2420
336,2439
161,2441
436,2450
278,2454
169,2475
393,2483
170,2494
325,2503
315,2512
239,2515
332,2521
249,2524
7,2528
399,2584
231,2592
166,2597
113,2597
39,2607
143,2619
222,2634
24,2638
444,2646
426,2655
248,2673
283,2674
148,2681
277,2712
151,2742
89,2777
347,2777
285,2778
420,2780
379,2798
91,2807
445,2825
486,2832
387,2835
149,2863
17,2866
96,2869
318,2885
37,2892
181,2906
499,2934
90,2947
368,2973
29,2978
178,2989
103,2995
497,2998
390,3007
150,3009
30,3023
56,3048
198,3050
53,3090
448,3109
421,3130
268,3131
194,3132
327,3138
165,3139
253,3146
35,3153
322,3163
218,3171
87,3185
370,3196
381,3213
411,3222
437,3252
258,3259
292,3267
141,3274
340,3281
213,3284
309,3298
138,3300
80,3316
228,3323
281,3327
273,3329
235,3361
6,3366
144,3370
458,3386
97,3392
360,3403
202,3404
431,3409
49,3410
353,3421
355,3421
215,3438
294,3445
111,3483
147,3514
83,3517
134,3518
452,3521
404,3533
159,3551
211,3551
296,3555
36,3559
203,3563
384,3567
220,3596
121,3598
42,3613
389,3642
60,3645
16,3654
238,3676
492,3679
284,3680
119,3688
251,3688
417,3690
288,3696
227,3738
76,3743
385,3749
438,3784
341,3785
427,3801
326,3811
329,3812
110,3817
237,3829
207,3830
15,3834
4,3838
250,3842
98,3853
349,3864
247,3871
157,3876
366,3894
59,3909
21,3925
12,3929
199,3932
271,3937
424,3958
22,3959
291,3963
274,3967
209,4001
301,4021
158,4022
453,4029
396,4053
371,4059
52,4061
171,4072
182,4095
65,4099
391,4101
187,4105
236,4115
70,4124
298,4132
242,4134
397,4139
25,4172
174,4182
129,4183
269,4189
3,4205
176,4210
101,4229
265,4233
398,4238
310,4241
256,4246
348,4247
372,4272
240,4286
221,4288
196,4303
299,4319
414,4342
376,4367
323,4388
457,4393
246,4433
9,4451
428,4452
400,4476
373,4487
224,4488
319,4490
468,4494
243,4496
455,4504
106,4522
252,4525
338,4526
472,4529
374,4533
142,4544
495,4551
38,4553
435,4569
99,4575
388,4635
254,4635
195,4660
69,4670
485,4674
172,4702
432,4727
146,4758
26,4760
475,4766
423,4768
429,4772
184,4805
261,4810
104,4814
145,4826
335,4827
81,4830
189,4843
337,4892
313,4912
193,4930
312,4954
297,4962
183,4972
498,5014
462,5022
394,5039
180,5046
167,5049
344,5083
125,5095
232,5117
41,5139
263,5149
115,5158
378,5192
34,5195
190,5199
362,5216
50,5248
259,5258
364,5310
74,5311
244,5313
357,5330
84,5363
262,5365
295,5397
123,5411
481,5512
456,5534
164,5545
375,5577
382,5580
289,5611
467,5635
102,5655
383,5673
225,5697
461,5706
67,5721
117,5798
192,5831
403,5848
314,5867
500,5953
137,5960
79,5962
139,5972
257,6009
442,6084
153,6088
191,6113
77,6228
474,6235
217,6341
359,6379
392,6387
487,6394
14,6401
463,6416
2,6471
320,6514
197,6548
47,6646
45,6744
402,6837
33,6861
132,6863
418,6930
401,6941
223,7143
480,7203
350,7288
451,7292
179,7375
425,7414
177,7470
32,7736
188,7800
496,7959
154,8042
71,8130
395,8314
307,8787

simblock.block.ProofOfWorkBlock@7cd9469c:20
122,0
95,404
116,570
8,723
492,878
320,884
206,972
63,1031
406,1038
274,1125
185,1126
178,1190
417,1191
137,1277
321,1279
437,1279
449,1289
53,1355
66,1376
420,1431
333,1432
319,1433
89,1433
459,1442
344,1442
463,1456
439,1509
236,1528
31,1530
448,1531
266,1584
161,1585
336,1585
484,1588
155,1596
261,1598
72,1598
205,1604
308,1661
21,1683
366,1683
194,1684
202,1687
168,1690
203,1691
18,1692
80,1722
315,1737
28,1737
478,1737
435,1743
443,1751
432,1753
392,1756
25,1762
105,1765
84,1778
357,1817
157,1834
36,1836
264,1836
88,1838
29,1838
160,1839
158,1840
500,1844
440,1845
61,1845
309,1846
363,1866
231,1892
51,1893
250,1895
493,1897
350,1903
488,1908
211,1910
430,1917
214,1933
494,1935
312,1940
37,1941
230,1970
447,1988
413,1989
78,1990
464,1990
496,1992
433,1992
60,1992
278,1993
409,1994
427,1997
387,1998
305,1999
441,2000
103,2000
204,2000
328,2001
129,2003
339,2007
156,2016
49,2042
483,2045
54,2045
262,2052
307,2056
304,2063
140,2067
70,2078
346,2086
196,2086
199,2086
270,2089
311,2090
412,2096
330,2099
253,2100
62,2109
92,2111
59,2111
466,2123
291,2137
77,2140
93,2143
491,2144
16,2145
405,2146
422,2146
190,2152
337,2152
58,2152
153,2153
22,2153
180,2154
170,2155
338,2158
450,2161
325,2161
389,2163
377,2166
419,2168
356,2170
75,2198
386,2198
425,2200
477,2205
490,2206
213,2210
402,2219
399,2220
124,2221
369,2238
457,2239
279,2241
1,2242
143,2244
340,2245
201,2252
110,2255
254,2257
388,2260
216,2261
5,2261
476,2265
352,2266
94,2268
218,2270
255,2273
82,2282
47,2283
451,2293
239,2297
167,2300
393,2300
414,2304
212,2305
485,2306
306,2306
44,2306
248,2311
117,2313
368,2313
200,2316
7,2316
475,2320
148,2321
355,2323
184,2323
401,2324
220,2338
482,2352
458,2354
303,2358
351,2360
460,2362
13,2373
164,2379
169,2386
428,2393
283,2394
85,2395
473,2401
127,2408
39,2409
176,2409
208,2413
258,2418
282,2418
384,2418
113,2420
486,2420
128,2424
277,2431
327,2432
149,2435
426,2435
226,2446
112,2449
367,2452
27,2453
454,2455
310,2456
287,2458
154,2459
233,2464
57,2466
136,2468
408,2468
107,2469
272,2471
118,2475
150,2484
3,2495
373,2505
499,2505
275,2507
135,2507
365,2508
444,2508
293,2511
345,2512
24,2514
318,2518
151,2530
281,2532
15,2534
133,2543
197,2543
64,2545
12,2547
159,2551
20,2569
371,2576
251,2582
424,2582
245,2586
381,2587
487,2587
383,2588
132,2588
40,2592
273,2596
415,2599
286,2602
48,2605
429,2606
332,2607
224,2612
294,2614
186,2617
91,2618
179,2625
410,2628
455,2636
97,2641
342,2645
119,2653
210,2657
453,2660
2,2662
86,2666
4,2666
411,2667
192,2675
468,2685
442,2687
269,2687
100,2698
479,2700
249,2704
237,2731
302,2733
182,2736
398,2736
382,2737
446,2741
416,2745
52,2754
217,2763
123,2764
445,2766
267,2771
472,2772
126,2776
144,2776
120,2776
317,2779
9,2779
11,2781
76,2785
370,2793
469,2797
209,2803
225,2805
462,2807
289,2809
471,2815
130,2816
162,2818
285,2832
223,2833
41,2833
322,2835
56,2839
87,2847
418,2849
139,2851
323,2855
228,2855
26,2858
247,2859
292,2859
175,2861
188,2867
106,2869
33,2871
331,2876
109,2884
14,2892
470,2893
108,2896
436,2902
394,2913
121,2919
259,2919
480,2928
364,2949
240,2950
35,2950
244,2952
481,2959
55,2965
407,2968
404,2970
362,2972
348,2972
142,2974
83,2998
171,3000
361,3003
329,3008
187,3011
98,3015
102,3020
90,3020
17,3023
498,3025
341,3032
234,3036
235,3041
74,3050
316,3050
495,3070
96,3074
189,3078
397,3081
431,3116
456,3119
163,3121
166,3132
222,3132
73,3135
489,3144
378,3158
177,3159
42,3162
376,3164
390,3177
298,3184
229,3193
207,3212
296,3214
111,3217
114,3223
141,3240
284,3244
146,3248
379,3249
260,3258
38,3258
288,3265
79,3273
358,3285
313,3290
32,3301
131,3308
6,3317
65,3318
290,3335
134,3386
403,3398
359,3399
145,3412
238,3423
46,3424
326,3427
198,3430
300,3442
301,3450
334,3453
395,3476
257,3493
99,3509
221,3513
115,3560
268,3570
43,3572
465,3576
215,3587
360,3594
68,3597
125,3615
452,3620
23,3633
271,3638
314,3638
438,3653
434,3664
71,3680
380,3688
280,3688
181,3692
172,3704
349,3729
19,3758
219,3811
276,3822
385,3841
241,3845
67,3855
69,3867
232,3896
324,3909
147,3929
347,3934
497,3954
391,3962
474,3968
45,3990
335,4019
295,4076
193,4084
101,4107
165,4115
375,4116
252,4124
396,4209
263,4213
421,4223
374,4249
173,4335
34,4347
423,4357
191,4374
299,4401
50,4463
227,4495
461,4517
104,4588
242,4604
152,4636
353,4648
243,4650
256,4728
343,4760
174,4857
297,4952
246,4969
195,5020
138,5045
354,5128
183,5324
467,5416
10,5425
372,5563
400,5803
81,6184

simblock.block.ProofOfWorkBlock@b377cba:20
188,0
309,402
472,556
55,712
85,824
459,865
454,963
311,977
82,1017
308,1116
61,1131
433,1144
414,1171
210,1231
406,1270
25,1271
386,1284
490,1297
499,1325
199,1368
118,1380
18,1386
163,1423
53,1424
422,1438
352,1449
7,1451
447,1479
39,1520
167,1521
324,1536
458,1537
148,1541
86,1551
377,1576
133,1576
338,1577
16,1590
95,1602
233,1671
94,1673
213,1678
340,1687
156,1689
153,1691
93,1700
348,1702
128,1705
36,1706
468,1717
345,1728
100,1729
88,1730
60,1730
269,1745
92,1747
44,1765
407,1774
1,1813
275,1828
475,1829
278,1829
306,1830
266,1839
168,1840
482,1842
212,1845
368,1852
286,1857
248,1859
427,1862
441,1867
28,1868
363,1882
302,1884
253,1885
426,1886
333,1891
236,1906
449,1917
493,1925
443,1933
293,1940
201,1945
457,1957
24,1966
488,1981
413,1982
272,1982
54,1983
343,1985
392,1986
166,1987
478,1997
373,1998
351,1998
64,1998
350,2005
121,2008
264,2009
420,2011
137,2018
75,2018
487,2022
440,2030
158,2038
127,2038
319,2039
402,2044
330,2060
231,2075
282,2080
485,2089
294,2092
160,2092
484,2097
500,2099
419,2104
78,2104
179,2111
450,2112
202,2130
451,2135
303,2136
328,2138
84,2139
425,2139
366,2141
29,2141
315,2150
161,2151
254,2151
91,2155
412,2155
70,2157
200,2160
393,2162
408,2169
367,2172
211,2176
317,2187
409,2191
186,2195
101,2195
261,2199
51,2205
155,2213
361,2224
267,2227
214,2236
190,2238
445,2242
12,2250
430,2250
103,2250
208,2256
415,2258
277,2259
205,2263
22,2264
369,2266
194,2266
220,2267
337,2270
382,2273
442,2276
20,2283
129,2285
108,2286
77,2288
8,2288
332,2292
178,2293
305,2295
185,2303
72,2310
107,2312
230,2313
13,2318
491,2322
140,2330
336,2343
494,2350
270,2352
312,2358
480,2365
387,2373
344,2377
47,2388
290,2389
250,2396
466,2397
105,2399
58,2407
40,2411
307,2412
385,2416
142,2418
249,2422
110,2423
279,2427
268,2431
448,2433
339,2440
97,2441
489,2441
180,2443
473,2446
143,2451
2,2459
446,2464
310,2472
37,2474
62,2474
321,2476
435,2484
239,2484
162,2501
241,2501
405,2503
280,2505
428,2512
471,2515
416,2518
358,2523
255,2525
240,2526
439,2529
251,2534
384,2539
11,2539
398,2549
418,2552
331,2552
247,2554
238,2567
66,2568
326,2571
130,2575
198,2580
56,2584
102,2588
164,2596
197,2597
463,2602
63,2603
206,2604
346,2613
477,2618
376,2627
215,2633
204,2634
175,2640
353,2645
113,2652
116,2656
57,2660
79,2661
356,2663
244,2664
176,2668
124,2678
136,2684
131,2688
228,2707
359,2710
421,2713
401,2727
438,2730
362,2733
114,2734
495,2739
165,2739
226,2748
157,2751
411,2754
432,2755
117,2763
87,2763
144,2770
444,2774
461,2784
76,2791
35,2797
68,2799
467,2801
42,2804
322,2804
170,2806
357,2813
132,2816
341,2819
192,2822
232,2826
138,2827
289,2832
149,2833
455,2835
274,2836
169,2837
300,2846
120,2857
481,2860
48,2866
257,2866
218,2868
123,2879
316,2897
98,2899
265,2906
89,2908
104,2915
5,2917
360,2922
141,2922
223,2933
325,2934
52,2950
195,2950
301,2958
80,2961
327,2963
262,2969
224,2978
465,2980
83,2981
31,2988
90,2989
469,2993
222,3000
313,3003
462,3004
242,3009
30,3020
434,3029
99,3036
216,3046
32,3046
125,3054
431,3059
329,3065
191,3076
182,3076
479,3082
225,3094
355,3103
109,3103
378,3106
429,3109
370,3121
399,3122
209,3123
349,3132
4,3139
203,3143
23,3180
34,3180
389,3181
354,3192
237,3197
181,3205
9,3206
81,3213
27,3240
134,3250
183,3250
497,3251
106,3259
111,3259
115,3259
150,3267
21,3270
273,3276
400,3297
295,3298
19,3308
403,3312
283,3322
453,3323
436,3329
112,3332
219,3339
69,3342
184,3346
388,3346
483,3351
126,3360
193,3360
187,3369
375,3371
26,3379
260,3393
365,3393
46,3394
379,3397
73,3402
252,3407
381,3410
424,3413
71,3447
390,3462
217,3467
347,3471
470,3496
298,3538
147,3540
464,3545
335,3572
342,3581
391,3593
15,3599
297,3629
291,3629
292,3640
229,3642
243,3646
396,3668
33,3686
404,3694
276,3728
323,3733
371,3742
17,3746
139,3767
287,3775
288,3779
246,3780
177,3808
383,3811
235,3821
271,3849
14,3872
59,3914
395,3935
41,3946
49,3954
227,3955
245,3959
456,3964
151,3998
43,4010
334,4027
417,4053
285,4077
256,4107
299,4130
189,4162
498,4191
452,4201
318,4220
314,4228
394,4232
284,4262
159,4268
38,4293
122,4316
146,4331
460,4339
74,4369
437,4377
172,4400
372,4401
119,4492
171,4511
380,4511
10,4606
263,4647
207,4648
221,4677
304,4706
174,4725
397,4766
281,4778
296,4779
3,4882
152,4898
320,4927
196,5024
496,5028
423,5030
65,5034
486,5049
45,5071
6,5304
258,5317
96,5602
474,5687
234,5880
67,6069
374,6279
364,6452
145,6661
259,7076
173,7513

simblock.block.ProofOfWorkBlock@3b0f5940:20
358,0
251,480
134,667
191,877
144,961
394,1091
273,1145
469,1149
117,1277
470,1334
479,1336
327,1355
234,1444
111,1467
403,1521
468,1543
192,1546
132,1573
349,1640
355,1643
379,1649
245,1662
19,1707
59,1735
455,1738
462,1758
313,1760
464,1814
398,1815
281,1828
33,1829
436,1839
75,1846
257,1855
97,1906
329,1921
108,1928
52,1930
258,1944
165,1945
147,1955
131,2001
177,2005
446,2008
141,2014
497,2025
390,2025
102,2032
292,2059
37,2098
438,2106
179,2113
90,2119
56,2132
330,2139
331,2140
463,2145
220,2148
421,2152
388,2192
465,2196
380,2197
74,2200
489,2207
87,2213
2,2214
316,2218
326,2219
279,2224
280,2232
15,2241
225,2258
130,2258
277,2285
76,2305
285,2321
126,2321
347,2327
342,2327
381,2335
240,2342
495,2343
215,2378
298,2383
150,2384
267,2385
42,2386
272,2399
418,2402
5,2404
120,2404
385,2406
73,2408
323,2418
53,2423
407,2428
442,2439
35,2443
159,2479
226,2489
54,2492
175,2494
476,2502
49,2509
166,2510
397,2512
289,2513
149,2513
237,2517
346,2518
480,2521
411,2522
109,2531
14,2536
445,2542
222,2546
231,2570
424,2571
203,2571
356,2587
83,2587
247,2588
300,2592
197,2597
269,2597
268,2601
11,2604
431,2614
486,2624
370,2630
119,2638
415,2659
417,2663
85,2664
155,2664
361,2668
362,2677
47,2677
382,2680
4,2684
396,2695
301,2699
136,2704
365,2706
178,2706
182,2708
185,2720
187,2734
282,2769
293,2772
291,2773
228,2776
303,2788
26,2789
434,2791
72,2792
82,2794
310,2797
351,2799
392,2809
353,2816
428,2816
328,2821
62,2835
21,2849
31,2854
29,2856
123,2863
325,2864
107,2867
304,2871
96,2873
64,2875
20,2876
154,2882
169,2888
340,2892
95,2911
484,2916
384,2919
485,2921
143,2939
18,2941
8,2945
208,2947
367,2947
386,2960
473,2961
63,2973
60,2979
106,2979
244,2982
167,2983
211,2986
475,2990
40,3005
276,3009
99,3033
176,3050
448,3054
493,3056
48,3056
337,3067
135,3074
89,3074
416,3074
264,3075
409,3094
91,3094
312,3094
457,3094
488,3098
105,3100
450,3116
161,3129
477,3131
216,3138
128,3147
366,3149
348,3156
66,3156
453,3156
162,3162
496,3166
429,3188
393,3190
294,3194
426,3196
500,3201
460,3219
164,3220
168,3224
307,3227
286,3227
173,3234
352,3242
459,3257
492,3260
458,3262
160,3262
186,3272
441,3272
487,3294
243,3302
122,3330
437,3337
206,3342
420,3343
12,3348
262,3352
116,3358
320,3363
357,3372
236,3373
46,3382
124,3390
333,3410
39,3410
402,3415
256,3425
214,3428
471,3433
100,3434
311,3440
210,3443
395,3444
490,3445
227,3446
284,3455
1,3472
188,3474
207,3474
336,3498
319,3502
194,3505
419,3510
375,3513
158,3521
410,3539
389,3540
451,3541
142,3545
494,3548
121,3552
113,3553
9,3558
467,3567
92,3574
199,3617
127,3620
27,3632
373,3648
350,3652
414,3654
378,3661
84,3666
51,3687
93,3698
324,3706
360,3707
321,3714
368,3719
88,3722
174,3740
68,3749
171,3761
332,3771
305,3775
190,3786
363,3791
345,3797
38,3800
335,3801
16,3803
81,3805
67,3808
439,3822
24,3822
36,3825
180,3831
364,3833
118,3846
125,3850
341,3866
103,3898
232,3899
405,3903
369,3915
274,3927
314,3932
478,3945
184,3953
425,3968
224,3976
110,3988
248,3996
202,4005
288,4014
339,4050
221,4063
412,4068
472,4072
94,4093
306,4101
152,4105
449,4107
309,4110
156,4112
263,4115
44,4126
466,4181
28,4184
153,4193
322,4204
57,4207
30,4217
430,4268
223,4277
354,4281
299,4283
376,4302
408,4332
387,4348
195,4365
302,4378
278,4385
343,4390
70,4390
253,4411
290,4419
115,4457
77,4458
55,4473
151,4484
374,4541
315,4546
297,4550
213,4570
406,4657
454,4663
204,4668
482,4693
229,4696
265,4697
58,4735
283,4753
474,4764
172,4775
219,4808
133,4828
371,4893
266,4911
104,4915
259,4995
157,4999
252,5009
287,5014
193,5020
239,5033
295,5041
138,5180
189,5245
246,5270
25,5292
71,5300
170,5321
400,5362
41,5371
498,5400
338,5425
334,5534
399,5569
422,5579
217,5608
183,5645
296,5727
242,5753
61,5848
200,5850
148,5882
452,5998
34,6093
481,6107
69,6197
205,6276
10,6445
423,6466
271,6559
98,6915

simblock.block.ProofOfWorkBlock@9d530fb:21
492,0
161,2179
89,2336
315,2498
16,2588
321,2660
272,2741
487,2745
122,2813
345,2894
27,2899
306,2911
250,2978
412,2993
367,3046
186,3051
386,3064
36,3065
448,3144
352,3145
419,3147
200,3200
51,3206
266,3220
274,3226
327,3243
309,3298
408,3299
432,3302
163,3311
449,3312
53,3316
60,3364
21,3372
328,3377
154,3380
110,3388
124,3395
202,3453
294,3455
459,3457
185,3457
425,3463
302,3465
143,3468
270,3471
12,3472
488,3472
141,3511
88,3516
287,3530
387,3533
389,3534
121,3547
179,3547
275,3548
489,3549
282,3550
482,3605
70,3609
64,3609
95,3610
162,3613
332,3616
118,3617
430,3618
415,3622
148,3623
57,3626
103,3632
433,3635
351,3661
437,3671
278,3682
427,3685
440,3687
105,3700
264,3701
230,3702
93,3705
190,3705
31,3706
194,3710
320,3720
29,3724
191,3726
66,3729
216,3760
310,3761
58,3767
338,3767
420,3767
303,3770
466,3773
414,3773
471,3775
226,3777
279,3780
410,3784
210,3787
337,3787
249,3789
158,3798
239,3798
426,3808
484,3814
340,3817
44,3835
343,3838
377,3854
203,3854
304,3856
417,3857
445,3862
450,3864
339,3865
84,3865
199,3877
447,3878
129,3879
107,3881
453,3881
206,3885
204,3885
472,3887
486,3893
75,3913
405,3914
61,3922
454,3924
24,3927
113,3927
212,3928
346,3930
373,3932
6,3936
135,3937
13,3938
140,3941
491,3941
233,3950
401,3951
169,3954
293,3955
305,3960
54,3961
475,3962
184,3963
176,3969
164,3975
196,3991
20,4000
167,4006
18,4007
312,4009
407,4015
499,4018
40,4018
91,4021
443,4022
1,4025
157,4028
476,4029
336,4029
28,4035
170,4036
344,4037
248,4038
418,4039
308,4042
78,4042
333,4042
393,4045
94,4045
180,4045
136,4052
111,4055
396,4057
55,4060
402,4074
205,4076
441,4080
477,4081
261,4082
7,4085
409,4086
283,4089
483,4090
363,4093
355,4094
127,4094
392,4097
26,4105
150,4108
348,4109
496,4110
307,4112
63,4117
356,4119
473,4124
318,4130
4,4131
413,4134
457,4143
478,4160
397,4162
153,4165
160,4172
435,4173
490,4173
460,4180
428,4181
213,4190
72,4195
102,4197
211,4199
500,4199
280,4203
398,4204
369,4212
240,4216
131,4220
137,4225
85,4229
166,4230
224,4232
201,4241
403,4249
231,4250
39,4267
286,4270
178,4274
439,4274
159,4278
168,4280
214,4280
101,4290
269,4296
37,4296
268,4298
48,4300
181,4301
361,4303
323,4310
349,4312
25,4313
277,4317
86,4319
22,4319
468,4320
325,4322
100,4333
451,4340
208,4348
225,4348
429,4348
175,4353
485,4354
347,4354
292,4359
359,4359
465,4360
358,4360
74,4363
108,4364
319,4368
298,4373
368,4388
364,4395
480,4399
366,4402
128,4405
379,4420
220,4427
209,4431
384,4444
411,4447
126,4456
251,4458
73,4459
106,4461
14,4467
267,4469
257,4472
350,4476
424,4478
455,4479
215,4484
470,4485
65,4494
497,4497
388,4503
8,4504
481,4511
221,4517
436,4522
42,4523
317,4523
2,4535
416,4537
59,4545
144,4546
271,4554
47,4556
324,4572
235,4579
458,4583
222,4584
404,4587
461,4587
5,4591
77,4592
177,4593
19,4594
258,4595
431,4615
434,4620
382,4621
390,4625
62,4628
41,4628
301,4630
329,4630
362,4633
370,4634
241,4635
237,4643
300,4655
116,4656
52,4673
442,4676
87,4687
197,4694
265,4694
395,4694
438,4700
314,4717
171,4718
446,4722
375,4726
289,4727
198,4736
11,4739
81,4739
326,4746
114,4752
464,4759
90,4761
82,4780
30,4805
192,4821
130,4825
297,4838
112,4857
149,4861
299,4866
296,4871
156,4871
120,4880
227,4881
119,4888
3,4893
147,4896
35,4897
46,4900
109,4901
385,4922
254,4926
23,4942
76,4943
9,4964
56,4965
452,4966
99,4971
123,4993
138,4996
341,5000
444,5004
83,5027
17,5030
71,5036
285,5045
232,5059
69,5063
376,5096
218,5102
498,5103
174,5116
50,5124
68,5142
291,5161
234,5168
33,5171
125,5177
80,5192
165,5196
247,5233
139,5240
290,5243
474,5265
228,5271
252,5274
288,5280
145,5283
313,5296
383,5311
260,5328
284,5347
494,5359
15,5367
246,5380
360,5414
354,5430
243,5434
353,5435
238,5439
182,5443
151,5460
97,5464
152,5478
253,5523
242,5531
479,5544
117,5567
295,5578
132,5586
374,5623
146,5635
67,5660
357,5675
193,5675
244,5704
49,5709
32,5711
463,5725
187,5731
195,5746
104,5760
423,5801
316,5814
134,5821
399,5835
495,5852
189,5858
322,5884
263,5949
394,5974
262,5994
273,6009
223,6020
335,6059
342,6080
207,6087
10,6091
229,6117
462,6126
400,6132
406,6147
172,6239
469,6282
133,6311
276,6334
493,6357
217,6358
421,6393
155,6423
142,6445
98,6459
183,6463
456,6470
378,6471
34,6496
259,6545
311,6575
365,6576
334,6660
188,6733
79,6745
219,6851
256,6884
115,6918
422,6921
371,7048
255,7075
45,7140
330,7252
391,7267
92,7406
467,7495
236,7558
43,7648
380,7829
173,7934
372,8088
281,8101
331,8367
96,8644
381,8909
245,9183
38,9562

simblock.block.ProofOfWorkBlock@590a823d:22
266,0
22,405
389,558
212,711
278,808
63,866
24,965
363,965
386,1024
340,1117
448,1117
286,1118
224,1179
40,1211
248,1268
267,1270
408,1272
89,1276
321,1335
64,1364
430,1369
137,1375
366,1422
51,1423
250,1425
60,1431
185,1434
154,1514
392,1521
338,1521
274,1521
401,1523
155,1524
343,1530
54,1576
460,1585
445,1585
135,1585
122,1596
8,1598
202,1624
471,1669
336,1671
205,1674
203,1674
412,1675
231,1676
105,1676
447,1677
160,1678
328,1680
439,1688
194,1735
310,1737
86,1739
21,1742
28,1749
488,1758
230,1767
306,1775
61,1777
293,1784
440,1822
264,1824
204,1828
457,1829
352,1830
161,1831
103,1831
428,1832
367,1833
85,1836
472,1836
36,1837
475,1837
129,1844
78,1851
119,1855
211,1868
70,1888
493,1897
305,1902
303,1902
351,1912
405,1923
377,1924
164,1925
413,1928
485,1928
484,1930
91,1935
236,1940
320,1941
156,1943
214,1978
414,1983
233,1984
18,1985
492,1985
415,1987
39,1989
84,1989
140,1990
304,1990
356,1991
1,1993
387,1994
275,1995
426,1997
121,2003
483,2006
12,2007
95,2011
473,2013
27,2022
29,2040
450,2043
180,2053
482,2057
323,2064
309,2070
226,2076
373,2078
176,2080
133,2081
178,2081
287,2081
153,2081
406,2083
368,2084
128,2085
188,2088
449,2090
148,2091
417,2093
451,2094
308,2096
112,2096
62,2110
182,2121
433,2131
93,2135
491,2139
441,2139
184,2141
369,2141
476,2143
179,2143
500,2144
201,2145
419,2147
255,2147
454,2148
136,2154
92,2156
210,2158
262,2164
107,2169
57,2175
113,2180
199,2192
162,2193
464,2194
127,2208
345,2215
239,2219
315,2223
283,2227
261,2229
350,2231
330,2233
402,2235
435,2235
168,2236
82,2238
66,2240
270,2241
110,2243
410,2246
124,2249
13,2252
117,2253
348,2254
88,2255
399,2256
258,2266
331,2273
486,2274
489,2289
206,2294
163,2297
7,2297
307,2298
357,2300
272,2303
346,2303
344,2304
100,2309
478,2312
158,2316
120,2318
332,2323
459,2331
487,2339
458,2343
337,2345
77,2345
165,2346
72,2351
237,2354
431,2363
254,2363
477,2368
31,2372
416,2373
244,2380
157,2380
490,2384
253,2386
143,2389
167,2390
58,2391
222,2395
425,2401
443,2404
494,2404
302,2405
134,2406
388,2409
470,2410
208,2412
94,2412
495,2416
20,2416
361,2420
282,2424
353,2425
384,2426
35,2432
177,2438
466,2445
422,2452
190,2456
455,2457
312,2458
53,2459
427,2464
420,2465
469,2469
339,2471
215,2476
324,2484
465,2488
44,2499
55,2502
453,2503
166,2515
434,2515
65,2520
294,2524
234,2525
111,2531
496,2537
279,2538
333,2539
5,2540
318,2541
186,2543
16,2546
37,2553
463,2563
216,2564
411,2565
311,2565
393,2566
329,2576
240,2580
249,2585
497,2592
442,2599
191,2616
116,2617
245,2626
499,2631
144,2632
437,2637
90,2641
403,2646
4,2648
25,2655
123,2655
132,2656
241,2657
3,2662
97,2664
479,2668
187,2669
114,2673
238,2676
80,2676
213,2679
2,2681
106,2683
327,2685
409,2690
480,2694
407,2696
19,2714
76,2722
170,2726
429,2730
130,2730
243,2733
251,2734
268,2737
404,2740
397,2742
391,2742
56,2746
354,2747
421,2767
147,2770
200,2771
17,2777
102,2781
196,2783
398,2786
375,2787
390,2811
223,2814
383,2816
296,2821
171,2829
14,2838
141,2841
325,2841
432,2842
456,2857
79,2858
232,2880
347,2909
126,2917
395,2919
198,2920
317,2922
48,2924
319,2924
142,2925
273,2926
370,2927
32,2931
436,2932
146,2933
444,2938
209,2940
326,2942
152,2945
73,2946
349,2955
263,2967
217,2970
11,2971
394,2971
173,2977
418,2986
75,2994
15,2996
101,3003
379,3004
334,3004
289,3004
220,3009
498,3019
23,3022
285,3022
322,3030
382,3044
468,3047
131,3049
381,3052
313,3052
87,3059
221,3065
99,3079
118,3083
292,3086
33,3113
462,3114
41,3128
467,3185
396,3185
247,3190
151,3198
385,3199
9,3202
316,3206
109,3209
301,3234
6,3236
149,3252
108,3266
359,3270
277,3270
265,3280
376,3282
175,3289
360,3303
195,3310
169,3314
424,3317
374,3323
68,3324
269,3327
125,3341
52,3349
257,3380
299,3388
242,3409
364,3427
276,3432
481,3465
96,3465
300,3476
423,3491
49,3502
291,3538
235,3543
192,3552
280,3556
34,3563
284,3577
452,3580
362,3582
281,3592
288,3592
197,3615
252,3624
10,3632
229,3661
139,3700
260,3706
228,3744
74,3744
314,3775
341,3791
378,3808
218,3814
225,3821
380,3822
42,3823
69,3831
46,3862
150,3883
71,3887
138,3894
335,3965
474,3971
290,4012
342,4018
446,4020
461,4026
372,4031
271,4039
246,4083
38,4086
365,4088
26,4090
47,4090
59,4156
104,4171
189,4241
43,4281
358,4292
115,4324
256,4343
227,4349
438,4363
45,4410
298,4424
297,4462
355,4567
67,4623
159,4629
50,4662
181,4689
295,4788
83,4897
145,4950
193,5041
98,5068
400,5281
81,5330
172,5427
207,5449
371,5660
183,5766
174,5820
30,5841
259,6059
219,6221

simblock.block.ProofOfWorkBlock@67c99afb:23
270,0
194,401
447,554
92,725
212,806
136,877
57,960
84,961
78,1029
333,1113
410,1115
426,1136
27,1181
337,1210
261,1265
408,1268
466,1280
302,1289
425,1364
319,1367
70,1368
402,1419
185,1420
351,1431
24,1436
247,1451
262,1452
63,1517
377,1519
157,1520
54,1521
336,1524
178,1541
338,1572
161,1585
393,1588
307,1597
368,1605
127,1613
415,1669
369,1673
417,1674
267,1677
44,1678
155,1680
51,1683
106,1690
95,1702
64,1717
468,1722
278,1724
476,1741
392,1742
472,1749
91,1758
153,1766
475,1767
499,1770
345,1771
201,1776
348,1824
459,1825
8,1829
487,1830
363,1830
190,1835
226,1838
357,1841
118,1842
110,1844
494,1855
414,1857
164,1870
188,1879
483,1895
53,1897
253,1911
401,1914
274,1919
303,1922
412,1924
352,1924
264,1925
339,1927
445,1929
454,1931
124,1933
409,1941
17,1946
327,1946
49,1957
458,1977
435,1978
449,1979
163,1981
18,1982
88,1988
213,1988
181,1991
77,1993
25,1994
158,1997
488,1997
21,1998
420,1998
200,1999
184,2003
330,2009
94,2009
328,2009
478,2021
312,2028
140,2054
170,2065
306,2066
482,2074
206,2078
239,2078
286,2083
430,2084
321,2085
107,2085
1,2085
160,2086
493,2090
427,2093
422,2097
320,2097
432,2112
308,2119
489,2121
40,2126
196,2130
305,2131
279,2133
205,2134
491,2141
437,2142
12,2142
464,2144
58,2145
266,2148
485,2149
457,2151
13,2152
137,2152
428,2158
180,2162
346,2165
93,2165
301,2165
202,2174
324,2175
179,2175
473,2178
162,2179
304,2181
87,2210
309,2218
479,2225
250,2227
405,2228
210,2229
413,2231
450,2232
373,2235
389,2236
484,2238
275,2238
231,2240
82,2242
315,2246
113,2246
214,2247
287,2251
156,2251
367,2252
379,2264
97,2266
148,2267
154,2275
175,2275
429,2276
443,2278
143,2284
39,2285
72,2286
16,2289
102,2289
460,2295
121,2296
211,2297
492,2297
203,2298
451,2302
29,2304
344,2305
332,2306
311,2308
310,2312
204,2315
399,2317
108,2326
103,2331
236,2331
176,2334
350,2337
356,2342
462,2346
36,2348
431,2353
166,2353
407,2371
116,2384
85,2385
122,2385
61,2387
255,2389
500,2392
471,2394
208,2394
240,2398
86,2399
439,2403
7,2404
105,2405
440,2407
73,2414
433,2415
192,2420
365,2424
135,2427
167,2428
149,2428
316,2428
406,2429
83,2434
237,2439
60,2442
477,2443
169,2445
42,2447
248,2448
22,2450
448,2451
283,2455
186,2457
366,2457
100,2458
294,2459
293,2467
128,2469
446,2469
390,2480
89,2486
75,2490
66,2496
381,2497
272,2515
361,2520
486,2521
233,2524
241,2524
469,2524
442,2527
383,2539
292,2541
224,2545
14,2553
343,2558
291,2569
387,2572
411,2578
96,2583
187,2585
285,2587
490,2588
228,2591
329,2592
133,2596
386,2607
120,2610
31,2613
289,2615
453,2617
282,2620
182,2620
47,2622
495,2629
331,2638
299,2644
397,2649
23,2655
37,2666
6,2669
244,2670
234,2673
300,2674
273,2674
111,2676
28,2679
376,2683
416,2685
394,2690
355,2691
65,2693
132,2694
80,2702
134,2708
230,2713
90,2715
403,2716
235,2722
325,2722
4,2724
59,2725
398,2732
419,2738
3,2739
496,2740
141,2740
396,2756
76,2761
314,2764
129,2765
199,2769
497,2776
268,2787
101,2792
130,2801
375,2803
277,2809
56,2814
117,2820
380,2829
168,2831
246,2834
334,2835
245,2856
35,2858
131,2858
147,2863
26,2864
227,2868
349,2874
318,2875
276,2876
353,2889
146,2920
144,2921
263,2921
48,2922
441,2924
362,2926
9,2926
74,2936
358,2942
444,2946
191,2958
436,2982
238,2988
251,2988
423,2997
220,2997
150,3000
46,3006
41,3010
38,3011
109,3024
359,3029
280,3035
354,3051
216,3058
258,3058
242,3066
340,3077
183,3082
370,3086
45,3088
229,3092
30,3093
404,3101
68,3112
19,3124
463,3126
209,3129
269,3135
123,3146
455,3156
298,3158
115,3176
388,3187
400,3188
104,3198
326,3212
364,3217
112,3226
145,3242
159,3256
197,3265
323,3268
218,3271
5,3289
114,3296
32,3300
138,3341
438,3352
222,3355
62,3356
421,3371
11,3400
281,3403
317,3416
20,3433
81,3437
290,3446
372,3447
360,3484
2,3495
391,3507
126,3523
225,3533
52,3534
347,3543
434,3557
142,3568
342,3568
119,3577
395,3579
378,3596
171,3597
297,3598
198,3621
55,3634
480,3644
382,3670
465,3673
139,3730
172,3735
33,3789
335,3795
424,3805
470,3809
271,3816
371,3818
151,3837
249,3843
34,3867
256,3875
456,3887
385,3890
418,3910
219,3922
260,3937
374,3980
79,3986
71,3995
452,4053
221,4055
254,4072
313,4078
215,4108
474,4108
43,4120
10,4173
15,4189
252,4189
207,4199
259,4214
217,4227
341,4248
195,4287
189,4315
257,4347
67,4363
481,4453
384,4460
193,4487
173,4493
50,4500
467,4548
284,4552
98,4569
177,4617
125,4648
243,4666
152,4697
165,4726
322,4866
295,4894
174,5049
232,5085
296,5110
498,5251
99,5444
265,5485
288,5495
223,5663
461,5882
69,5930

simblock.block.ProofOfWorkBlock@636d740d:23
404,0
411,488
222,674
101,860
361,1045
37,1159
166,1230
108,1350
492,1511
245,1537
235,1722
44,1791
398,1908
330,2069
12,2185
483,2350
210,2462
92,2628
202,2750
121,2906
82,3029
309,3195
208,3307
163,3586
389,3868
60,4159
212,4441
284,4796
290,5148

simblock.block.ProofOfWorkBlock@1b5dbcc9:24
278,0
29,403
447,555
18,713
471,805
40,885
157,958
270,960
24,1038
333,1114
253,1115
185,1117
155,1192
128,1209
85,1268
338,1273
261,1281
460,1291
163,1344
118,1363
279,1363
27,1365
188,1427
310,1429
57,1435
200,1444
199,1445
64,1499
491,1519
127,1519
63,1519
414,1519
428,1520
136,1526
402,1580
212,1595
427,1596
293,1597
305,1598
202,1611
61,1616
22,1651
451,1671
445,1672
16,1673
162,1673
339,1675
328,1676
499,1679
332,1685
477,1693
78,1694
60,1747
319,1750
272,1752
287,1755
487,1768
412,1768
392,1769
51,1771
210,1773
180,1805
226,1823
435,1825
266,1828
213,1831
31,1836
124,1838
363,1838
453,1840
348,1844
82,1844
464,1846
92,1846
303,1847
407,1848
214,1850
72,1855
165,1866
344,1902
84,1904
204,1909
28,1911
337,1921
274,1922
39,1922
161,1922
255,1923
443,1924
203,1926
54,1929
483,1929
36,1930
184,1958
77,1980
489,1980
8,1981
206,1983
107,1988
458,1991
105,1992
133,1993
21,1993
286,1997
55,2000
194,2000
89,2003
66,2004
224,2004
231,2006
340,2010
369,2010
166,2013
110,2017
7,2018
175,2042
86,2053
343,2054
330,2058
320,2063
432,2074
408,2075
490,2077
419,2078
450,2079
205,2081
466,2082
160,2082
377,2083
179,2087
430,2088
158,2088
368,2093
351,2096
53,2103
1,2108
321,2111
186,2120
376,2120
58,2132
387,2132
323,2133
345,2137
367,2141
264,2142
500,2145
472,2146
196,2148
357,2148
389,2154
484,2156
148,2156
135,2157
448,2159
153,2161
449,2162
70,2163
25,2163
437,2169
113,2171
93,2173
95,2176
222,2177
425,2177
488,2183
493,2207
137,2208
485,2210
346,2212
309,2217
164,2228
154,2232
399,2235
422,2237
393,2237
275,2243
473,2243
457,2246
353,2247
475,2248
350,2248
201,2253
302,2254
306,2256
494,2256
176,2261
356,2263
331,2267
441,2267
247,2268
251,2279
415,2285
283,2287
122,2292
121,2293
91,2294
420,2302
417,2304
178,2306
405,2309
304,2311
409,2315
216,2315
413,2316
88,2326
156,2326
308,2333
208,2336
454,2336
433,2341
269,2341
169,2345
46,2354
366,2362
116,2362
315,2364
147,2372
170,2376
228,2381
190,2383
73,2387
292,2388
236,2393
44,2398
379,2398
15,2400
168,2406
103,2408
211,2413
4,2419
352,2420
273,2421
182,2421
442,2422
444,2430
241,2438
421,2438
438,2438
239,2446
56,2453
13,2457
307,2459
476,2462
482,2467
459,2469
120,2477
233,2479
492,2485
143,2485
401,2489
355,2502
76,2507
237,2510
220,2512
316,2513
434,2515
439,2516
102,2517
149,2526
225,2530
20,2533
94,2534
468,2534
262,2535
313,2537
325,2537
418,2546
373,2551
371,2555
19,2555
431,2563
74,2566
130,2574
234,2577
37,2593
362,2593
65,2595
248,2600
209,2602
436,2605
324,2606
429,2607
167,2611
62,2613
257,2614
336,2615
140,2615
101,2626
497,2629
440,2632
35,2637
108,2638
390,2639
282,2640
3,2642
12,2649
117,2654
90,2654
277,2656
426,2668
404,2672
238,2685
416,2686
311,2686
33,2690
398,2695
478,2697
300,2699
245,2704
258,2705
326,2709
14,2712
267,2715
361,2733
159,2733
285,2745
294,2754
26,2756
123,2758
322,2762
250,2767
496,2772
455,2774
81,2777
406,2777
312,2778
96,2781
342,2792
187,2800
181,2803
347,2807
281,2812
381,2812
463,2814
129,2821
495,2829
106,2832
48,2835
410,2838
375,2842
67,2843
114,2844
104,2854
263,2860
235,2873
240,2881
34,2889
119,2898
394,2903
223,2907
177,2916
327,2922
230,2923
364,2931
43,2946
218,2955
227,2960
479,2963
191,2964
87,2967
382,2977
100,2981
5,2981
370,2983
446,2984
388,2992
424,3000
189,3012
152,3017
215,3018
481,3031
151,3033
456,3037
242,3037
462,3041
80,3044
280,3046
42,3057
265,3065
289,3067
97,3068
17,3073
386,3075
465,3080
6,3098
291,3099
259,3100
359,3103
126,3113
144,3140
246,3143
244,3150
374,3166
111,3167
23,3174
469,3183
132,3230
47,3235
141,3252
150,3258
79,3284
403,3287
125,3290
317,3303
360,3307
384,3309
249,3312
109,3321
172,3334
383,3338
301,3342
254,3348
380,3363
11,3368
276,3370
139,3374
268,3378
299,3382
354,3384
145,3398
192,3437
174,3438
38,3452
219,3478
480,3510
52,3529
391,3531
198,3532
397,3554
68,3555
229,3570
83,3574
318,3578
32,3578
470,3588
217,3609
385,3616
349,3619
396,3634
49,3646
498,3686
50,3713
142,3718
296,3746
474,3756
334,3756
112,3777
59,3794
329,3813
171,3815
365,3820
146,3833
411,3840
260,3857
2,3858
131,3904
486,3911
290,3937
193,3948
395,3975
314,3995
252,4012
138,4012
197,4063
400,4099
452,4125
183,4149
134,4177
423,4191
195,4208
341,4238
256,4247
232,4283
358,4329
9,4332
335,4360
10,4378
41,4392
75,4451
295,4453
288,4507
71,4597
298,4607
99,4631
221,4665
372,4683
378,4712
284,4747
45,4788
271,4830
461,4904
98,4991
115,5033
173,5119
467,5153
243,5228
207,5374
69,5588
30,5779
297,6024

simblock.block.ProofOfWorkBlock@42570a9d:25
320,0
344,406
155,560
95,715
205,817
105,867
305,962
287,972
206,1023
309,1115
357,1117
363,1143
449,1179
367,1218
170,1269
356,1270
487,1270
488,1295
460,1365
54,1389
373,1422
321,1425
410,1425
406,1425
185,1428
117,1444
77,1449
393,1518
210,1522
330,1531
303,1553
499,1558
387,1577
156,1579
204,1579
308,1580
500,1584
319,1592
439,1601
272,1625
338,1670
176,1674
445,1678
399,1678
279,1680
92,1691
28,1697
450,1710
84,1711
49,1713
94,1731
230,1732
310,1735
179,1741
267,1747
24,1753
40,1775
89,1778
63,1794
190,1825
443,1828
128,1830
351,1831
8,1833
483,1836
44,1843
188,1844
191,1844
485,1846
7,1848
491,1851
133,1856
346,1863
231,1863
408,1863
451,1883
82,1885
58,1894
453,1896
236,1901
420,1924
405,1927
74,1932
478,1944
275,1948
39,1959
100,1965
350,1981
110,1982
497,1982
224,1983
103,1984
107,1985
261,1986
294,1986
27,1989
12,1990
211,1990
21,1997
337,1999
264,2001
202,2002
472,2003
25,2004
304,2006
293,2011
255,2015
336,2016
430,2016
464,2020
143,2036
311,2037
417,2039
225,2043
57,2046
366,2056
448,2060
60,2075
345,2077
476,2079
22,2085
157,2087
493,2089
3,2098
262,2099
302,2100
490,2105
76,2113
340,2115
428,2119
377,2121
462,2121
150,2133
307,2133
402,2135
253,2136
201,2141
459,2141
194,2142
409,2143
343,2143
18,2145
282,2145
158,2147
213,2148
160,2150
36,2152
413,2155
161,2157
333,2163
200,2163
86,2169
422,2169
368,2170
312,2171
199,2182
278,2192
289,2196
122,2197
51,2200
78,2212
184,2215
435,2216
447,2227
414,2232
477,2233
208,2234
332,2237
441,2240
148,2242
471,2244
113,2245
55,2250
470,2251
226,2251
315,2251
64,2252
286,2253
407,2254
245,2256
93,2257
323,2264
454,2267
222,2270
348,2272
186,2274
425,2281
473,2289
137,2289
352,2291
250,2291
268,2291
62,2293
283,2297
162,2301
121,2301
214,2302
266,2305
358,2307
398,2307
419,2311
120,2321
118,2322
386,2323
384,2325
91,2325
46,2328
196,2328
468,2335
429,2345
482,2352
466,2363
306,2365
438,2366
494,2368
66,2369
119,2379
328,2380
415,2384
412,2386
135,2387
432,2388
169,2392
136,2396
437,2397
369,2398
285,2404
168,2406
327,2409
102,2412
153,2413
433,2417
1,2419
458,2420
496,2421
154,2423
106,2424
388,2425
164,2433
446,2435
72,2442
70,2448
29,2453
392,2456
167,2456
492,2457
180,2462
486,2468
324,2469
124,2478
249,2479
178,2481
35,2481
52,2486
389,2498
251,2505
73,2506
284,2514
370,2519
463,2520
427,2522
112,2524
132,2525
33,2525
23,2526
53,2527
37,2530
108,2531
401,2536
291,2536
254,2544
457,2548
127,2552
270,2559
75,2564
440,2571
241,2572
216,2576
159,2579
47,2587
59,2589
175,2595
479,2605
163,2607
13,2614
6,2618
87,2621
31,2630
273,2633
277,2633
339,2634
298,2642
212,2650
80,2654
362,2662
495,2663
347,2663
326,2664
313,2670
317,2672
396,2676
68,2679
88,2679
426,2680
42,2680
244,2681
4,2694
114,2702
442,2703
474,2703
325,2707
300,2707
20,2714
83,2723
146,2725
299,2732
134,2734
144,2735
316,2741
329,2745
331,2748
48,2752
239,2760
383,2765
403,2774
17,2776
149,2781
444,2783
484,2784
61,2784
129,2791
411,2791
109,2794
240,2795
465,2798
235,2805
489,2808
475,2808
365,2814
189,2816
395,2817
269,2824
480,2825
116,2832
376,2835
130,2837
297,2847
197,2855
111,2861
45,2891
423,2895
271,2903
198,2911
355,2913
2,2921
215,2928
360,2930
203,2938
378,2945
434,2953
140,2956
65,2973
104,2974
183,2977
318,2981
455,2983
233,2984
237,2992
252,2995
359,3003
174,3014
97,3020
301,3026
5,3029
218,3043
34,3047
43,3048
209,3057
232,3062
123,3070
416,3071
15,3075
125,3075
322,3081
424,3087
228,3087
274,3091
192,3094
187,3094
469,3105
151,3109
177,3127
248,3137
14,3186
152,3196
220,3197
296,3205
288,3208
361,3224
292,3232
98,3233
19,3238
16,3244
115,3250
11,3260
56,3262
38,3291
349,3292
436,3297
99,3315
141,3324
379,3336
181,3337
182,3343
131,3352
341,3353
126,3363
26,3365
335,3373
71,3387
229,3394
85,3400
234,3403
79,3437
238,3461
397,3465
246,3489
382,3492
147,3498
431,3532
280,3570
195,3575
418,3590
165,3606
207,3616
67,3618
247,3635
404,3665
32,3674
461,3688
227,3722
260,3726
372,3728
263,3735
334,3738
142,3753
171,3757
242,3772
166,3772
354,3781
342,3803
50,3840
41,3849
391,3868
256,3876
90,3877
385,3943
281,3951
290,3987
172,4015
390,4068
364,4106
139,4114
498,4122
456,4125
452,4135
295,4171
101,4216
258,4218
375,4222
219,4223
371,4248
314,4260
193,4260
69,4289
257,4346
394,4485
421,4485
223,4503
217,4525
481,4627
81,4661
467,4666
243,4723
276,4725
381,4753
353,4755
96,5021
9,5112
138,5168
380,5301
221,5491
10,5548
374,5692
400,5939
145,6075
30,6318
259,6477
265,6713
173,6923

simblock.block.ProofOfWorkBlock@377da82:26
257,0
465,480
436,668
480,855
269,961
462,1042
289,1150
19,1153
240,1229
102,1339
120,1340
362,1348
26,1437
403,1453
15,1524
394,1526
469,1528
479,1547
358,1622
277,1630
251,1638
361,1640
268,1707
35,1709
228,1717
150,1730
323,1812
301,1825
149,1825
49,1825
356,1827
281,1830
291,1839
73,1849
126,1892
329,1902
130,1905
2,1917
14,1927
5,1936
166,1999
313,2007
497,2009
254,2016
175,2017
327,2021
101,2024
59,2029
429,2036
298,2045
411,2078
182,2090
117,2091
342,2103
134,2104
473,2108
393,2116
444,2122
446,2125
198,2125
37,2133
438,2158
325,2187
109,2190
486,2190
132,2192
144,2197
209,2202
192,2203
349,2206
464,2210
159,2213
249,2220
238,2228
131,2231
337,2233
215,2235
365,2266
123,2281
370,2287
108,2290
111,2298
397,2306
455,2307
384,2311
431,2315
76,2318
165,2324
52,2329
169,2330
46,2350
404,2354
416,2372
42,2379
418,2380
347,2382
445,2386
379,2391
454,2395
129,2397
80,2398
385,2400
119,2404
285,2405
382,2418
380,2421
93,2421
398,2423
62,2429
495,2452
32,2461
91,2469
241,2485
178,2486
419,2491
118,2495
187,2496
191,2498
353,2501
381,2503
106,2505
11,2505
434,2509
82,2509
328,2515
247,2515
90,2517
96,2526
305,2526
463,2536
326,2539
485,2550
280,2559
65,2565
475,2565
97,2570
262,2572
83,2574
87,2576
151,2576
154,2580
500,2585
6,2585
244,2599
181,2605
359,2605
248,2607
424,2607
201,2634
218,2640
427,2641
294,2650
220,2670
188,2674
237,2677
420,2681
460,2682
245,2685
292,2687
164,2689
443,2689
75,2690
57,2691
470,2692
386,2693
112,2693
402,2699
390,2700
141,2701
84,2702
345,2706
114,2707
412,2711
458,2712
273,2726
12,2742
350,2750
147,2760
121,2767
89,2769
213,2771
177,2774
1,2783
255,2783
258,2789
103,2791
74,2792
212,2793
222,2793
56,2794
376,2795
267,2796
311,2796
293,2796
318,2797
377,2797
340,2800
235,2807
450,2808
163,2811
421,2812
47,2813
174,2814
355,2820
210,2825
468,2826
457,2834
36,2842
206,2843
28,2857
48,2857
107,2858
92,2858
315,2859
264,2861
197,2863
274,2864
142,2864
490,2867
124,2868
278,2871
8,2874
33,2874
401,2875
396,2877
317,2878
499,2878
94,2883
414,2884
441,2889
316,2891
343,2896
442,2911
205,2913
20,2927
494,2930
275,2940
272,2942
478,2947
266,2951
18,2954
407,2964
417,2964
312,2966
214,2967
234,2968
367,2972
449,2974
333,2975
321,2979
161,2980
331,2982
200,2984
261,2987
487,2989
307,2989
383,2992
492,2994
216,2995
17,2998
239,3006
439,3006
60,3009
433,3017
286,3026
66,3027
338,3035
180,3038
322,3042
170,3045
409,3046
388,3057
493,3061
230,3070
184,3074
113,3075
250,3076
300,3077
78,3077
7,3077
44,3087
496,3098
157,3100
64,3102
482,3110
348,3120
483,3121
155,3127
68,3132
339,3136
72,3139
4,3141
415,3146
488,3147
310,3147
122,3151
27,3153
137,3153
135,3155
413,3156
116,3156
69,3158
168,3158
63,3161
351,3161
185,3163
88,3180
203,3186
324,3203
408,3206
171,3214
297,3223
140,3229
392,3235
225,3237
375,3239
400,3242
34,3248
226,3250
160,3254
167,3255
183,3257
77,3260
61,3266
85,3267
204,3268
196,3271
133,3273
410,3276
437,3287
287,3288
430,3292
363,3301
43,3311
428,3311
399,3319
303,3323
271,3325
306,3326
173,3327
334,3334
391,3335
432,3340
332,3352
202,3352
253,3356
302,3361
461,3377
153,3382
143,3389
25,3407
127,3419
105,3423
425,3425
86,3427
145,3428
440,3430
471,3433
16,3434
472,3443
491,3443
30,3447
152,3485
207,3492
193,3497
467,3501
395,3509
484,3520
79,3521
70,3533
283,3535
22,3538
194,3546
224,3551
128,3552
279,3556
31,3561
233,3565
246,3579
368,3589
309,3611
13,3618
236,3629
162,3630
260,3635
435,3667
426,3674
229,3675
208,3689
474,3693
211,3699
406,3704
276,3704
319,3705
308,3712
179,3715
451,3716
199,3719
320,3720
136,3723
489,3800
372,3807
24,3811
156,3816
29,3820
387,3826
51,3841
9,3848
299,3852
476,3854
357,3870
23,3873
466,3895
304,3896
50,3904
21,3910
104,3934
55,3947
369,3952
344,3971
148,3977
477,3989
95,3992
447,3995
100,3996
282,3997
39,4014
335,4016
38,4032
374,4051
364,4077
389,4094
54,4107
223,4107
71,4123
231,4130
373,4144
336,4149
186,4174
453,4187
3,4188
58,4255
259,4263
352,4269
40,4277
146,4278
176,4286
270,4289
422,4294
125,4296
138,4296
330,4382
53,4386
189,4387
41,4404
354,4457
221,4467
405,4474
371,4499
115,4524
346,4554
158,4554
459,4574
232,4630
217,4638
81,4646
314,4649
252,4650
366,4673
265,4689
227,4755
284,4763
67,4809
110,4815
263,4818
448,4833
10,4850
99,4869
219,4879
45,4880
452,4997
139,5004
243,5018
295,5066
195,5170
456,5186
360,5222
256,5250
341,5349
378,5373
423,5426
98,5523
172,5585
242,5779
288,5874
290,5936
481,6133
296,6289

simblock.block.ProofOfWorkBlock@19f61b37:27
275,0
60,402
494,559
482,726
29,809
210,878
31,988
190,1039
489,1045
86,1128
262,1143
389,1200
54,1200
278,1210
311,1281
458,1295
303,1306
161,1352
352,1352
185,1364
1,1392
200,1436
294,1450
264,1450
432,1453
85,1461
491,1504
457,1505
157,1518
433,1534
307,1545
351,1552
8,1602
121,1603
205,1605
226,1605
459,1605
89,1606
128,1615
184,1619
472,1657
328,1660
57,1673
324,1687
22,1700
420,1702
312,1708
236,1709
44,1718
454,1756
422,1758
466,1758
492,1759
148,1761
266,1764
78,1766
440,1768
153,1768
357,1768
321,1774
478,1793
338,1814
163,1828
156,1841
283,1853
315,1856
216,1856
336,1857
213,1862
306,1866
428,1869
93,1869
286,1869
293,1872
267,1909
253,1909
127,1910
66,1911
7,1913
135,1919
230,1920
386,1920
487,1921
340,1921
36,1922
18,1928
376,1930
55,1948
94,1949
406,1950
107,1963
471,1990
118,1994
339,2007
129,2007
417,2011
309,2013
405,2013
53,2015
402,2017
170,2019
443,2022
348,2023
439,2023
110,2025
126,2026
282,2026
272,2027
39,2033
105,2034
158,2034
373,2062
484,2062
450,2064
214,2066
308,2068
51,2073
27,2074
368,2076
488,2078
72,2079
447,2082
448,2084
426,2087
194,2088
131,2092
399,2101
493,2109
310,2110
414,2114
160,2117
91,2123
212,2142
393,2147
485,2162
345,2163
412,2163
188,2165
25,2165
224,2167
407,2168
70,2168
401,2171
427,2173
199,2173
435,2177
490,2178
330,2179
344,2183
424,2184
270,2186
332,2186
460,2186
287,2187
20,2193
28,2197
56,2199
430,2215
162,2217
21,2217
116,2226
143,2226
302,2229
63,2229
16,2231
233,2231
82,2233
441,2239
363,2239
239,2249
202,2252
369,2252
337,2257
409,2261
164,2264
77,2271
279,2276
196,2278
419,2282
453,2284
429,2285
203,2286
442,2288
84,2290
261,2298
61,2303
387,2313
274,2315
124,2316
133,2317
140,2318
499,2320
168,2321
154,2323
451,2326
500,2327
179,2331
496,2332
92,2332
103,2340
404,2347
408,2347
169,2350
137,2360
33,2363
277,2367
305,2369
258,2371
120,2372
250,2375
62,2385
88,2385
155,2400
343,2405
206,2407
473,2409
498,2410
449,2413
477,2420
410,2420
176,2427
255,2430
4,2431
444,2431
333,2441
304,2442
234,2444
300,2444
380,2445
159,2451
130,2465
13,2465
100,2466
113,2468
320,2472
346,2473
177,2473
415,2477
122,2477
475,2479
201,2479
95,2483
5,2484
204,2485
191,2492
90,2494
497,2494
225,2498
178,2504
446,2506
327,2510
3,2517
35,2519
58,2520
101,2521
237,2522
208,2528
359,2530
245,2532
12,2533
167,2539
268,2539
34,2540
437,2540
425,2548
64,2552
249,2555
476,2557
248,2565
251,2568
317,2568
67,2581
397,2583
48,2598
323,2610
17,2612
319,2620
102,2620
398,2621
290,2623
316,2626
356,2626
231,2631
318,2632
366,2638
83,2640
238,2642
136,2646
325,2654
362,2664
314,2666
416,2678
235,2680
370,2684
413,2689
470,2691
11,2693
186,2697
37,2710
40,2711
431,2714
350,2722
175,2726
445,2729
411,2731
469,2732
276,2734
47,2741
228,2746
109,2753
220,2755
273,2758
247,2764
495,2768
211,2771
281,2771
119,2774
382,2775
257,2785
180,2794
483,2794
392,2798
98,2802
285,2803
197,2804
10,2813
209,2815
69,2821
298,2825
123,2836
292,2837
463,2838
371,2844
229,2859
384,2864
24,2868
198,2877
377,2877
367,2882
334,2886
165,2887
117,2888
354,2890
99,2890
452,2894
222,2898
151,2907
149,2912
104,2920
46,2923
259,2934
76,2940
79,2948
144,2949
14,2952
436,2961
38,2962
474,2963
480,2964
215,2967
241,2978
195,2991
30,2999
342,3006
341,3014
80,3024
269,3024
192,3033
111,3038
358,3040
189,3043
390,3053
438,3063
2,3064
112,3068
73,3069
379,3082
219,3095
65,3097
254,3103
263,3120
23,3122
223,3131
329,3138
132,3144
349,3154
75,3156
331,3163
400,3173
289,3173
49,3180
50,3185
42,3189
217,3192
335,3218
87,3219
265,3222
15,3234
6,3240
142,3241
322,3255
403,3290
32,3296
291,3300
240,3303
97,3306
394,3329
134,3329
462,3335
353,3336
147,3362
150,3365
418,3375
242,3378
227,3404
141,3406
383,3410
59,3423
385,3432
221,3432
260,3476
479,3500
232,3551
468,3559
9,3562
187,3563
152,3568
365,3575
347,3579
355,3581
396,3601
464,3602
299,3623
68,3628
171,3636
486,3640
465,3641
421,3688
181,3701
174,3723
374,3761
218,3766
378,3802
434,3825
244,3828
115,3841
74,3847
301,3860
106,3868
19,3870
26,3905
166,3912
172,3954
125,3955
375,4004
295,4064
246,4068
481,4085
280,4101
96,4114
381,4126
391,4141
114,4143
455,4173
467,4203
456,4207
71,4266
423,4295
43,4339
361,4371
326,4382
388,4412
108,4441
288,4448
364,4517
183,4524
372,4645
182,4657
138,4695
313,4713
296,4719
284,4758
395,4833
193,4901
173,4962
52,4983
145,5036
41,5077
256,5140
297,5155
139,5215
81,5281
252,5374
45,5470
146,5541
271,5606
461,5679
360,5758
243,5909
207,6138

simblock.block.ProofOfWorkBlock@1b3e9fbc:28
21,0
201,411
346,571
226,737
170,817
336,891
453,971
180,974
70,1060
282,1126
91,1129
333,1143
261,1213
61,1235
211,1280
488,1283
410,1295
113,1297
321,1370
428,1374
476,1382
176,1396
148,1434
196,1441
13,1452
432,1457
367,1464
236,1523
475,1528
127,1528
262,1534
401,1535
103,1552
58,1553
168,1594
8,1609
399,1612
29,1620
445,1624
7,1642
190,1676
426,1681
94,1682
369,1687
157,1687
78,1688
28,1689
182,1701
233,1701
128,1705
27,1714
63,1722
473,1749
267,1761
31,1777
287,1777
307,1780
417,1782
136,1785
239,1798
345,1803
392,1832
419,1836
272,1837
337,1841
22,1843
405,1844
283,1848
386,1850
212,1857
155,1858
304,1860
264,1864
483,1872
89,1872
451,1874
120,1877
450,1903
248,1914
303,1925
167,1929
266,1931
203,1934
440,1935
460,1937
330,1938
202,1938
427,1951
294,1952
413,1955
121,1963
64,1973
361,1980
377,1984
368,1989
85,1989
366,1989
387,1999
250,2003
210,2003
84,2006
312,2006
286,2009
92,2011
53,2014
439,2015
186,2017
163,2025
77,2026
194,2027
185,2031
356,2031
55,2045
490,2066
184,2067
499,2083
179,2084
214,2087
328,2089
36,2091
253,2092
351,2092
478,2093
12,2093
493,2094
107,2098
275,2101
129,2105
25,2107
458,2110
274,2116
161,2125
485,2130
72,2130
54,2133
88,2141
302,2141
500,2142
385,2148
278,2153
425,2158
204,2160
491,2164
310,2164
357,2167
438,2169
420,2170
443,2173
156,2176
255,2179
447,2180
60,2182
319,2195
86,2197
442,2200
350,2206
444,2210
3,2224
496,2231
213,2237
95,2242
44,2243
448,2245
308,2246
494,2247
270,2249
281,2249
279,2253
466,2253
16,2255
343,2257
332,2258
66,2261
316,2261
414,2261
140,2265
489,2266
320,2270
143,2277
454,2277
449,2283
51,2285
200,2287
199,2294
327,2294
422,2300
479,2302
93,2303
164,2308
393,2309
348,2313
206,2316
105,2318
122,2325
402,2328
415,2332
178,2332
57,2334
352,2335
408,2338
154,2340
40,2341
18,2349
487,2351
390,2357
117,2358
192,2364
109,2367
381,2374
1,2378
205,2385
20,2387
492,2396
158,2399
459,2402
437,2402
338,2404
339,2406
208,2406
412,2414
130,2416
137,2417
457,2419
472,2421
162,2422
124,2424
325,2433
477,2439
462,2442
403,2443
133,2446
293,2447
315,2460
188,2461
108,2463
407,2464
135,2470
389,2476
149,2480
231,2480
435,2489
471,2492
224,2492
344,2498
230,2499
362,2500
441,2503
373,2511
241,2511
495,2514
238,2517
289,2526
101,2532
209,2533
397,2536
114,2538
153,2538
144,2543
355,2545
50,2547
216,2549
160,2554
484,2559
24,2562
376,2569
234,2569
165,2569
311,2571
81,2578
100,2581
247,2584
434,2584
187,2592
382,2594
258,2595
106,2598
340,2603
2,2604
222,2605
116,2611
482,2618
277,2619
17,2624
404,2628
47,2632
134,2633
244,2634
363,2643
370,2645
82,2645
62,2648
433,2658
59,2665
237,2667
6,2676
342,2680
48,2682
191,2682
181,2686
436,2688
406,2695
249,2697
49,2705
126,2706
430,2707
305,2711
300,2714
159,2728
147,2729
5,2732
349,2742
309,2748
110,2755
416,2757
80,2758
15,2763
306,2763
323,2765
331,2770
452,2770
273,2771
254,2774
73,2779
65,2782
14,2790
98,2798
318,2798
411,2802
90,2808
446,2811
314,2814
469,2835
326,2835
33,2838
198,2840
118,2850
235,2850
269,2855
246,2859
26,2860
151,2861
11,2864
329,2865
111,2877
97,2897
359,2898
189,2898
68,2900
455,2901
317,2905
240,2906
418,2915
125,2920
424,2926
365,2927
259,2927
23,2929
298,2932
229,2947
324,2947
429,2949
166,2954
383,2957
301,2958
32,2966
197,2973
74,2974
87,2981
486,2997
152,3002
409,3010
263,3011
388,3018
375,3020
378,3025
285,3028
39,3041
251,3046
132,3050
225,3057
379,3069
76,3077
220,3077
464,3100
75,3100
364,3107
292,3107
102,3121
284,3121
146,3132
96,3132
131,3135
431,3136
9,3136
227,3139
480,3142
265,3142
175,3164
380,3172
228,3180
37,3182
4,3182
498,3197
83,3199
400,3222
34,3238
394,3270
421,3285
46,3286
150,3295
299,3304
371,3313
30,3338
217,3344
43,3350
280,3352
115,3361
112,3365
183,3368
215,3379
174,3380
290,3394
497,3399
19,3402
372,3422
360,3436
138,3439
169,3440
207,3441
468,3453
481,3480
252,3536
35,3539
374,3540
218,3554
245,3560
395,3563
354,3597
52,3621
358,3632
56,3649
42,3664
465,3674
335,3682
268,3708
123,3720
456,3724
139,3729
341,3752
243,3795
173,3805
313,3820
41,3821
467,3857
38,3862
398,3903
142,3915
104,3918
79,3929
463,3930
256,3941
291,3945
271,3947
384,3990
171,4025
353,4089
391,4089
223,4118
396,4211
119,4256
10,4281
297,4298
322,4306
172,4309
474,4311
276,4324
288,4326
257,4355
242,4409
141,4524
232,4590
470,4621
260,4660
296,4687
193,4691
219,4692
334,4709
99,4723
423,4793
177,4889
45,4921
195,5066
67,5072
145,5076
461,5127
347,5179
71,5186
295,5359
221,5458
69,5623

simblock.block.ProofOfWorkBlock@18fdd9ba:29
216,0
200,410
88,567
441,725
482,816
153,970
282,973
424,1002
459,1126
39,1127
24,1128
8,1217
26,1270
186,1279
278,1281
214,1283
324,1374
262,1376
275,1383
483,1433
264,1442
89,1442
397,1484
466,1527
343,1530
405,1530
148,1537
93,1538
422,1539
151,1541
352,1596
161,1599
7,1619
386,1619
19,1671
427,1682
133,1684
184,1686
162,1689
336,1689
311,1692
211,1692
303,1692
345,1715
14,1748
62,1752
212,1772
185,1773
293,1782
190,1787
468,1822
426,1835
188,1840
476,1842
419,1844
286,1844
155,1845
492,1845
457,1846
477,1851
63,1852
280,1862
64,1865
66,1873
430,1905
407,1925
233,1930
51,1931
490,1932
156,1934
351,1935
149,1938
60,1940
415,1940
401,1941
443,1944
160,1954
249,1975
158,1993
136,1996
18,1997
389,1997
82,2000
124,2000
140,2001
279,2004
94,2004
487,2005
283,2008
86,2014
239,2018
61,2026
431,2028
413,2030
488,2032
315,2058
210,2082
266,2082
460,2085
250,2086
95,2086
128,2091
277,2092
348,2093
500,2094
261,2095
309,2096
127,2096
307,2097
103,2098
77,2100
13,2102
408,2113
425,2120
327,2127
491,2130
159,2134
367,2149
494,2150
137,2151
157,2152
377,2153
74,2153
414,2153
113,2156
154,2156
368,2157
29,2158
27,2158
464,2160
208,2173
199,2174
294,2177
44,2183
433,2184
305,2189
339,2189
340,2195
411,2216
206,2220
16,2238
437,2238
292,2238
399,2239
402,2244
428,2244
205,2248
72,2248
28,2251
105,2252
450,2253
472,2254
236,2255
320,2257
274,2259
203,2261
204,2268
121,2269
176,2274
381,2279
328,2283
58,2291
87,2299
118,2304
230,2305
357,2305
412,2307
272,2308
453,2309
308,2309
180,2310
444,2316
475,2319
410,2333
194,2335
55,2337
331,2339
25,2342
107,2342
248,2345
238,2349
12,2356
110,2357
355,2357
312,2358
175,2361
144,2369
143,2400
135,2401
70,2402
409,2408
306,2409
196,2410
76,2416
255,2420
1,2421
170,2421
92,2422
435,2423
213,2424
473,2427
373,2432
231,2433
455,2436
179,2441
287,2442
346,2445
54,2447
403,2451
344,2458
406,2458
350,2459
310,2461
440,2461
362,2464
387,2466
489,2466
40,2467
485,2471
445,2489
332,2491
80,2493
84,2493
36,2496
78,2498
164,2500
497,2501
289,2504
257,2505
235,2509
484,2510
442,2514
361,2517
3,2518
91,2520
454,2521
222,2522
229,2524
363,2525
281,2529
90,2544
448,2556
21,2560
168,2563
451,2573
392,2578
31,2580
123,2589
316,2592
109,2594
122,2597
463,2598
102,2604
163,2610
439,2617
85,2618
111,2619
321,2620
390,2622
347,2623
201,2623
97,2629
234,2631
167,2633
369,2645
302,2651
130,2681
323,2682
68,2690
47,2691
379,2695
434,2696
120,2699
356,2700
353,2704
5,2709
465,2714
376,2716
226,2716
202,2720
245,2729
366,2733
182,2735
313,2736
241,2742
499,2753
384,2756
254,2759
285,2759
395,2762
57,2762
417,2770
138,2773
349,2774
177,2776
172,2776
479,2776
418,2779
4,2783
224,2785
447,2787
195,2788
100,2790
449,2798
337,2803
178,2809
240,2818
152,2818
126,2831
370,2832
268,2840
252,2843
191,2844
147,2847
189,2848
20,2861
496,2868
304,2882
342,2885
382,2891
330,2894
75,2895
480,2896
96,2897
380,2900
101,2901
142,2907
421,2908
374,2912
436,2914
108,2919
2,2920
253,2921
416,2932
452,2942
319,2944
314,2956
259,2968
394,2970
270,2971
56,2984
220,3000
478,3008
131,3014
432,3022
495,3032
338,3048
166,3051
265,3052
228,3053
393,3067
371,3078
388,3080
378,3085
385,3094
225,3097
73,3097
129,3102
486,3106
335,3110
192,3120
260,3124
43,3145
269,3146
383,3150
37,3156
290,3158
232,3159
106,3161
493,3164
326,3164
35,3168
209,3169
360,3171
420,3172
423,3173
267,3179
132,3180
391,3182
48,3182
333,3184
23,3184
139,3185
114,3192
6,3197
322,3223
429,3241
22,3257
317,3266
271,3275
169,3283
256,3289
456,3299
198,3300
400,3308
53,3328
458,3345
125,3352
301,3360
404,3362
243,3369
247,3371
300,3375
116,3413
215,3421
295,3424
462,3426
165,3434
318,3435
470,3447
273,3447
359,3458
65,3468
471,3484
69,3486
9,3510
244,3518
221,3525
341,3526
398,3531
242,3535
83,3548
71,3569
141,3570
354,3574
258,3633
46,3642
299,3671
99,3676
59,3687
50,3698
438,3698
112,3699
183,3700
251,3700
469,3704
187,3726
193,3739
365,3757
134,3765
145,3777
17,3787
237,3799
117,3818
10,3873
364,3954
358,3960
218,3964
15,3982
291,3995
284,4021
115,4023
119,4032
396,4037
498,4038
227,4054
11,4065
41,4089
38,4091
173,4117
81,4126
296,4130
79,4171
276,4197
52,4226
334,4226
32,4248
329,4262
49,4300
42,4332
207,4342
461,4347
246,4415
217,4470
481,4471
181,4498
223,4567
33,4572
263,4582
325,4598
45,4666
197,4771
34,4793
372,4795
104,4850
446,4870
297,4916
67,4960
150,5036
146,5062
288,5237
467,5241
171,5261
298,5303
474,5343
174,5636
219,5683
30,6065
375,6075
98,6450

simblock.block.ProofOfWorkBlock@79dcde57:29
80,0
15,478
108,673
3,960
464,966
462,1154
436,1155
88,1238
181,1341
101,1348
164,1516
444,1534
6,1534
257,1635
370,1650
14,1705
35,1721
469,1728
266,1793
289,1822
198,1828
381,1831
329,1835
342,1910
486,1934
149,1976
2,2012
446,2013
5,2018
468,2024
117,2030
339,2075
222,2119
102,2198
448,2201
301,2203
379,2206
49,2213
228,2215
318,2252
387,2292
111,2311
336,2312
119,2312
418,2315
122,2363
150,2387
144,2394
74,2415
356,2482
157,2484
191,2498
277,2499
52,2500
134,2503
156,2506
358,2513
163,2579
497,2581
346,2589
325,2605
334,2632
460,2640
406,2666
403,2687
165,2698
42,2699
169,2700
76,2704
459,2763
87,2767
86,2772
478,2787
59,2792
293,2793
281,2800
202,2865
425,2867
249,2875
159,2886
83,2891
167,2950
251,2956
77,2967
197,2979
330,2979
184,2981
421,2981
416,2988
242,2992
394,2996
474,3022
63,3042
262,3052
365,3062
420,3076
206,3077
352,3146
60,3147
20,3169
194,3173
234,3175
337,3182
48,3184
245,3185
132,3189
72,3230
16,3237
94,3246
479,3252
274,3259
278,3261
161,3325
40,3332
139,3350
27,3355
112,3362
492,3363
73,3369
78,3373
268,3376
280,3377
270,3425
264,3425
223,3430
285,3449
205,3453
283,3461
166,3463
70,3466
154,3507
28,3517
93,3532
476,3537
449,3554
109,3561
404,3562
488,3614
199,3627
458,3638
253,3644
304,3650
359,3659
471,3661
36,3665
424,3677
310,3702
24,3705
443,3729
491,3733
369,3739
407,3748
130,3753
368,3789
54,3808
389,3809
89,3816
99,3831
422,3838
216,3842
319,3894
453,3924
457,3930
236,3937
180,3943
461,3944
399,3986
477,3988
414,3990
30,3992
178,4010
34,4013
1,4018
160,4027
12,4029
31,4033
75,4035
107,4070
39,4090
176,4092
373,4098
487,4103
224,4119
343,4120
55,4174
499,4202
490,4209
91,4234
321,4290
110,4300
153,4308
64,4311
265,4337
296,4341
452,4343
391,4344
105,4352
82,4367
405,4369
303,4377
413,4398
125,4425
100,4455
37,4460
408,4479
402,4494
282,4525
472,4536
62,4569
155,4582
496,4590
485,4645
57,4655
395,4670
451,4679
481,4694
290,4695
43,4696
322,4696
374,4700
217,4721
308,4737
186,4757
38,4779
357,4805
314,4849
173,4853
248,4862
179,4867
294,4923
279,4958
426,4961
61,4966
238,5009
295,5014
190,5025
261,5039
172,5048
423,5053
284,5053
371,5074
348,5084
335,5133
366,5144
21,5145
11,5240
320,5242
231,5260
183,5266
124,5310
137,5321
58,5365
193,5381
187,5400
437,5401
360,5403
227,5404
41,5404
189,5430
45,5478
375,5489
212,5540
158,5594
297,5595
287,5603
400,5618
392,5667
498,5716
221,5754
67,5765
298,5788
53,5824
341,5849
92,5876
44,5884
246,5957
256,5970
328,6108
243,6174
409,6219
456,6227
229,6256
104,6313
219,6527
428,6535
115,6601
136,6644
98,6881
68,6955
267,6989
9,7238
417,7415

simblock.block.ProofOfWorkBlock@64eb177c:30
91,0
78,402
70,561
226,717
270,805
206,870
153,957
440,973
312,1033
113,1122
417,1126
351,1131
205,1187
194,1211
236,1275
445,1278
333,1279
493,1287
425,1340
27,1364
350,1374
435,1429
336,1431
414,1437
357,1439
307,1440
399,1497
447,1517
264,1527
420,1533
332,1534
490,1544
13,1583
319,1584
178,1592
164,1592
21,1593
466,1606
410,1630
401,1649
136,1669
186,1680
415,1686
213,1686
95,1687
110,1687
156,1694
393,1705
89,1710
190,1737
338,1738
201,1745
363,1745
412,1747
408,1750
185,1765
392,1781
406,1805
86,1832
61,1837
179,1838
386,1839
430,1839
31,1843
409,1844
210,1845
51,1845
58,1846
356,1847
496,1869
212,1899
248,1900
345,1900
261,1905
129,1908
1,1911
124,1917
278,1924
489,1928
468,1938
477,1940
433,1941
161,1944
162,1949
92,1957
106,1962
160,1992
196,1992
279,1993
340,1993
499,1994
203,1995
184,1997
118,1997
135,1998
122,1999
166,2004
168,2005
419,2007
255,2008
63,2014
321,2016
274,2018
149,2040
155,2040
266,2042
308,2054
320,2056
286,2056
367,2057
167,2058
450,2060
3,2064
449,2070
402,2082
457,2083
478,2090
454,2093
4,2097
57,2099
211,2099
405,2103
476,2106
346,2113
230,2113
328,2116
72,2117
438,2131
12,2139
432,2146
158,2146
413,2147
127,2148
387,2149
16,2153
310,2155
44,2156
180,2157
472,2157
453,2159
8,2160
22,2160
471,2160
77,2160
462,2168
451,2168
294,2172
231,2177
204,2195
54,2197
305,2207
277,2208
293,2208
116,2208
422,2211
458,2214
460,2216
488,2217
214,2223
475,2227
109,2233
7,2240
306,2243
494,2248
85,2249
53,2252
105,2253
473,2255
55,2255
315,2259
128,2265
337,2266
339,2266
439,2266
272,2268
394,2270
483,2277
385,2278
300,2281
208,2297
24,2299
82,2300
262,2302
304,2302
441,2303
36,2305
169,2306
407,2308
428,2308
188,2312
309,2313
143,2313
148,2313
154,2316
94,2318
282,2323
491,2326
40,2332
249,2340
76,2347
253,2350
376,2350
170,2361
165,2361
199,2364
443,2367
137,2369
485,2370
140,2370
427,2378
327,2385
482,2398
103,2402
343,2406
250,2407
411,2407
283,2407
107,2411
100,2412
316,2413
93,2416
157,2418
47,2418
487,2419
302,2420
202,2420
287,2425
244,2432
19,2433
90,2434
318,2443
281,2448
224,2449
389,2450
484,2450
311,2454
18,2458
39,2466
348,2468
62,2468
133,2471
247,2474
500,2478
121,2480
404,2484
97,2489
369,2491
370,2499
479,2501
29,2507
459,2515
147,2520
368,2525
84,2529
267,2537
403,2541
130,2553
330,2565
28,2570
388,2571
64,2573
442,2574
80,2583
418,2586
470,2590
355,2590
273,2596
362,2597
126,2598
182,2602
275,2603
87,2604
492,2610
150,2611
398,2612
176,2622
384,2624
192,2628
437,2629
234,2647
436,2647
60,2650
373,2664
220,2664
198,2666
74,2667
33,2669
238,2673
111,2678
303,2678
256,2682
163,2682
42,2683
480,2685
292,2687
65,2689
6,2692
455,2698
88,2705
131,2710
495,2712
448,2714
26,2716
280,2724
444,2727
200,2736
181,2742
360,2743
209,2747
254,2749
241,2756
469,2758
132,2762
134,2764
416,2766
424,2769
75,2770
342,2783
108,2785
322,2786
377,2791
295,2804
341,2817
120,2828
251,2833
344,2835
364,2839
14,2843
397,2846
237,2848
366,2859
177,2863
222,2872
102,2877
83,2883
216,2884
324,2892
486,2895
197,2898
380,2906
123,2917
191,2917
227,2923
232,2931
446,2940
258,2950
298,2952
331,2953
23,2953
426,2958
151,2962
290,2965
119,2969
11,2976
288,2977
99,2979
381,2981
269,2983
141,2985
207,2989
235,2992
175,2996
383,3007
233,3015
245,3019
174,3027
101,3031
396,3035
37,3037
314,3039
481,3046
56,3053
239,3060
67,3064
223,3071
68,3082
382,3107
301,3112
159,3116
271,3136
52,3145
104,3145
117,3152
429,3162
289,3165
66,3168
317,3190
464,3191
34,3196
43,3208
352,3215
329,3216
349,3218
378,3219
17,3230
365,3238
498,3239
313,3247
73,3251
285,3253
296,3255
240,3258
228,3270
225,3288
5,3307
79,3311
20,3345
217,3363
25,3367
452,3371
49,3377
125,3377
15,3380
115,3383
400,3387
323,3388
48,3427
371,3429
218,3431
268,3435
299,3457
326,3462
35,3481
325,3496
215,3513
379,3523
465,3534
284,3571
434,3573
139,3587
390,3613
187,3632
172,3638
41,3638
361,3642
374,3679
421,3701
112,3731
497,3751
59,3763
142,3766
263,3767
395,3772
144,3781
347,3790
50,3809
81,3817
252,3818
431,3888
69,3896
2,3912
335,3954
260,3955
173,3974
358,3997
353,4004
46,4018
391,4032
246,4070
195,4151
229,4160
359,4178
98,4179
354,4215
259,4217
32,4269
9,4270
96,4285
183,4334
189,4358
242,4379
193,4414
456,4449
114,4450
257,4560
297,4598
138,4660
276,4660
291,4724
152,4743
171,4769
463,4830
372,4851
375,4887
10,5050
334,5109
461,5136
423,5152
221,5233
243,5290
30,5433
38,5492
71,5548
145,5611
265,5832
45,5888
474,5996
146,6283
219,6377
467,6814

simblock.block.ProofOfWorkBlock@7cd5d750:31
37,0
73,490
323,681
463,868
52,981
251,1055
325,1167
257,1167
249,1240
355,1350
247,1353
497,1359
222,1425
130,1471
218,1538
291,1540
455,1551
479,1556
465,1646
301,1654
197,1659
399,1703
150,1724
362,1726
316,1729
97,1737
19,1741
331,1838
381,1839
42,1841
17,1841
446,1844
480,1860
108,1910
298,1912
112,1913
285,1923
349,1925
134,1946
132,1952
304,1987
431,2021
209,2023
111,2026
280,2030
76,2030
438,2033
109,2034
35,2036
59,2039
462,2052
235,2097
397,2099
184,2106
403,2135
6,2139
32,2147
359,2166
337,2202
447,2205
347,2209
429,2210
192,2211
444,2212
470,2214
424,2215
365,2217
74,2219
191,2220
421,2224
131,2224
394,2227
122,2228
26,2245
1,2258
420,2269
370,2289
245,2291
210,2310
384,2319
369,2321
101,2322
144,2322
268,2327
187,2329
181,2338
380,2339
123,2344
13,2394
46,2395
215,2397
119,2398
385,2398
273,2402
281,2405
454,2408
80,2408
468,2409
234,2410
244,2411
96,2413
3,2413
75,2415
56,2415
240,2432
126,2450
411,2479
51,2482
333,2483
495,2503
367,2506
29,2507
469,2509
5,2511
379,2513
317,2516
198,2516
220,2516
329,2517
488,2517
237,2520
230,2521
353,2523
14,2524
269,2525
361,2527
228,2531
84,2546
475,2565
356,2566
458,2570
376,2578
238,2583
149,2588
270,2591
396,2597
102,2600
434,2604
427,2606
105,2607
374,2611
338,2612
182,2613
478,2616
294,2617
318,2620
2,2623
436,2626
63,2655
484,2663
404,2670
328,2675
440,2675
417,2676
433,2678
473,2686
69,2687
178,2687
77,2688
27,2688
409,2690
300,2693
449,2694
177,2695
151,2700
117,2702
48,2705
141,2708
159,2709
33,2712
15,2713
147,2715
254,2718
327,2718
213,2718
275,2718
143,2734
483,2740
155,2740
500,2762
422,2765
156,2773
49,2784
118,2785
18,2786
11,2794
287,2795
258,2799
279,2800
321,2800
200,2800
412,2803
95,2808
383,2809
65,2812
57,2812
264,2812
211,2813
166,2815
137,2819
47,2826
476,2827
260,2835
441,2848
310,2849
153,2865
339,2866
146,2867
272,2868
160,2868
398,2871
459,2871
128,2875
342,2875
20,2879
388,2881
390,2885
430,2886
309,2889
165,2893
492,2893
277,2894
87,2900
162,2900
292,2901
313,2902
94,2904
164,2905
99,2906
205,2909
199,2909
393,2926
255,2927
83,2947
466,2956
366,2966
471,2967
58,2968
377,2969
486,2969
477,2970
100,2972
363,2977
239,2979
401,2984
90,2985
408,2987
89,2989
157,2989
382,2996
413,2996
61,2996
282,3001
418,3005
442,3011
133,3012
326,3016
312,3018
168,3021
490,3040
491,3040
267,3043
391,3043
91,3064
175,3066
407,3066
253,3071
302,3072
489,3078
204,3079
464,3080
85,3081
266,3081
344,3087
120,3087
196,3090
358,3090
92,3091
357,3095
346,3103
226,3106
410,3112
125,3115
135,3117
472,3131
106,3143
453,3146
167,3151
124,3159
169,3161
499,3162
360,3163
334,3165
60,3168
373,3171
4,3171
188,3173
414,3179
113,3179
419,3182
161,3187
278,3188
324,3191
225,3192
129,3194
170,3209
494,3215
217,3219
289,3220
68,3225
227,3227
103,3234
53,3244
24,3245
425,3249
450,3252
219,3255
343,3260
345,3272
293,3273
241,3281
351,3281
207,3286
180,3286
107,3290
352,3297
45,3300
8,3303
114,3305
40,3317
31,3320
171,3343
487,3345
265,3347
305,3349
306,3350
274,3352
72,3356
435,3357
307,3359
315,3363
136,3364
308,3369
110,3369
93,3372
416,3374
336,3380
448,3388
423,3395
22,3422
426,3430
348,3434
236,3438
208,3447
445,3451
311,3457
457,3463
139,3463
206,3466
271,3470
372,3482
461,3492
28,3514
50,3525
64,3526
145,3528
330,3533
183,3533
386,3538
173,3538
78,3560
25,3562
498,3581
152,3585
88,3590
283,3594
378,3596
201,3603
371,3607
104,3609
232,3616
286,3626
406,3630
121,3633
233,3635
194,3641
185,3645
460,3646
127,3648
224,3651
467,3653
456,3654
116,3659
66,3670
432,3678
276,3691
261,3705
186,3713
190,3720
62,3721
163,3728
392,3730
154,3739
39,3741
70,3792
179,3803
248,3812
389,3825
140,3840
415,3886
493,3904
246,3907
158,3919
176,3932
402,3933
387,3935
320,3950
350,3955
221,3957
443,3965
297,3983
38,3984
214,3999
12,4007
115,4049
262,4073
295,4078
21,4086
44,4091
395,4105
405,4105
7,4126
86,4165
437,4181
439,4197
319,4215
231,4217
368,4241
303,4246
223,4255
229,4284
212,4287
256,4289
340,4351
81,4357
496,4370
451,4393
481,4401
16,4409
474,4435
172,4460
259,4488
485,4495
216,4500
243,4511
428,4523
54,4529
252,4545
82,4566
142,4609
203,4629
71,4683
332,4686
242,4711
375,4715
299,4746
36,4772
34,4786
354,4796
314,4811
174,4839
202,4846
296,4873
195,4875
189,4896
55,4908
148,4966
482,5050
30,5068
452,5138
79,5151
43,5181
284,5202
138,5203
9,5230
288,5231
250,5248
400,5249
335,5270
41,5402
290,5419
23,5502
322,5534
193,5581
98,5585
10,5604
263,5625
364,5754
341,5792
67,5943

simblock.block.ProofOfWorkBlock@339b6660:32
264,0
248,445
186,597
88,763
319,916
206,958
420,1002
489,1080
214,1112
478,1158
62,1164
85,1233
185,1264
459,1319
315,1324
413,1326
236,1362
437,1404
113,1424
63,1425
279,1474
282,1476
307,1479
352,1488
78,1519
320,1519
31,1556
1,1562
53,1567
433,1582
339,1584
162,1626
430,1628
57,1637
148,1637
51,1641
445,1668
366,1672
8,1714
453,1722
311,1726
44,1727
306,1728
190,1731
127,1738
412,1742
336,1743
179,1766
216,1783
477,1785
116,1791
60,1794
286,1795
409,1809
163,1821
233,1825
226,1833
54,1838
422,1877
399,1878
368,1880
487,1880
485,1881
482,1882
402,1890
330,1892
428,1893
283,1898
164,1902
407,1904
440,1908
77,1920
344,1922
493,1923
161,1940
499,1943
454,1946
309,1950
202,1967
12,1970
484,1970
472,1970
427,1978
386,1982
443,1985
55,1990
122,1993
205,2000
494,2032
93,2033
255,2034
417,2035
274,2036
293,2039
369,2042
176,2045
154,2046
272,2049
401,2049
80,2050
124,2051
414,2053
28,2055
184,2059
350,2060
94,2063
303,2074
156,2075
103,2075
351,2092
24,2095
121,2099
155,2102
210,2104
27,2122
483,2123
261,2126
118,2128
338,2131
432,2134
321,2138
302,2138
29,2139
61,2139
36,2142
337,2142
324,2145
266,2145
496,2150
135,2152
298,2170
328,2179
188,2185
425,2187
419,2187
310,2188
460,2191
211,2192
490,2192
441,2195
13,2198
39,2201
408,2201
389,2202
157,2204
363,2205
500,2205
327,2207
137,2210
345,2215
153,2216
204,2221
356,2229
304,2229
21,2230
281,2232
92,2233
449,2247
253,2252
95,2257
16,2260
471,2278
25,2282
3,2282
267,2284
332,2285
194,2291
168,2293
373,2295
129,2296
458,2298
305,2300
292,2303
333,2305
426,2306
410,2307
7,2308
450,2308
312,2314
75,2320
198,2322
20,2326
287,2328
225,2329
199,2330
89,2337
262,2337
475,2340
180,2344
160,2345
357,2351
457,2356
343,2358
447,2362
200,2367
385,2368
387,2369
40,2373
476,2374
473,2375
167,2376
308,2379
100,2383
128,2384
22,2385
84,2385
323,2393
149,2393
270,2401
105,2413
348,2414
231,2430
66,2436
203,2438
415,2438
49,2439
451,2440
498,2441
230,2443
178,2451
170,2454
58,2455
418,2457
208,2457
488,2459
250,2460
398,2472
434,2473
159,2474
480,2475
102,2476
439,2487
406,2489
444,2490
201,2493
289,2495
86,2498
492,2499
438,2502
48,2507
72,2515
269,2520
136,2520
275,2533
340,2538
196,2541
424,2544
114,2550
222,2551
224,2553
466,2556
403,2560
112,2565
18,2566
257,2573
254,2575
120,2583
435,2591
285,2591
325,2593
448,2595
416,2595
379,2601
239,2605
143,2607
165,2618
383,2623
436,2626
215,2626
240,2632
111,2633
220,2633
397,2635
358,2642
405,2643
346,2643
329,2648
169,2651
107,2653
140,2653
59,2655
486,2673
377,2687
290,2689
497,2691
70,2693
134,2699
64,2699
249,2722
126,2723
384,2725
11,2736
353,2749
175,2752
91,2753
177,2753
316,2756
491,2758
197,2761
171,2771
463,2772
35,2775
280,2785
14,2789
247,2793
133,2798
110,2805
393,2812
355,2813
76,2815
331,2819
166,2821
83,2824
97,2832
479,2833
192,2833
117,2842
470,2856
212,2858
347,2859
370,2866
147,2867
495,2867
423,2869
243,2877
41,2878
150,2883
235,2883
278,2889
317,2895
237,2896
238,2898
446,2899
90,2899
144,2904
294,2915
380,2916
232,2944
158,2950
390,2964
145,2966
381,2969
396,2986
276,2987
123,2993
74,3003
341,3007
392,3010
394,3017
101,3020
376,3023
228,3025
452,3028
142,3035
5,3037
469,3041
82,3048
23,3049
273,3054
56,3059
213,3067
189,3073
109,3074
251,3085
19,3087
108,3088
359,3101
442,3112
151,3115
378,3125
46,3129
372,3130
431,3133
411,3135
141,3138
50,3139
130,3149
465,3149
9,3150
99,3151
221,3156
139,3168
218,3170
388,3174
181,3176
371,3217
33,3218
367,3220
106,3238
4,3240
299,3249
277,3277
421,3287
47,3293
17,3296
464,3320
187,3323
182,3344
313,3352
241,3354
34,3375
193,3384
87,3393
132,3397
481,3420
2,3423
334,3424
32,3441
342,3443
209,3447
6,3485
349,3490
360,3496
246,3517
288,3518
263,3519
227,3535
354,3537
362,3554
404,3563
382,3566
268,3576
361,3593
173,3598
467,3604
260,3617
52,3621
326,3622
259,3623
296,3628
245,3703
301,3707
462,3718
96,3719
68,3723
318,3759
104,3761
43,3767
229,3797
38,3798
71,3821
455,3841
234,3843
252,3881
73,3886
258,3892
391,3896
364,3897
69,3940
26,3968
15,3975
183,3975
256,3975
131,3986
172,4007
65,4034
219,4102
456,4104
429,4109
191,4116
37,4158
174,4161
314,4178
207,4273
365,4300
461,4311
375,4335
335,4346
284,4354
242,4366
374,4367
119,4374
271,4391
42,4433
98,4483
138,4515
115,4539
244,4643
474,4680
468,4699
30,4745
146,4751
395,4758
322,4774
10,4893
291,4908
297,4924
300,4966
81,5126
152,5139
125,5169
400,5271
79,5286
295,5403
223,5519
67,5520
265,5669
217,5680
195,5899
45,6074

simblock.block.ProofOfWorkBlock@47a7eea0:33
126,0
111,478
285,667
240,853
273,959
402,1132
317,1144
365,1158
495,1337
150,1337
358,1351
210,1409
355,1441
323,1523
257,1524
447,1536
258,1538
281,1626
254,1638
277,1648
294,1697
477,1702
411,1715
468,1721
497,1741
134,1812
275,1816
182,1817
479,1819
362,1826
191,1833
47,1834
458,1858
218,1903
33,1910
463,1925
56,1927
333,1939
128,1970
494,1974
436,2005
465,2006
245,2009
97,2010
117,2019
301,2020
178,2043
158,2089
268,2090
261,2091
417,2104
63,2108
331,2110
19,2110
108,2113
185,2114
353,2133
36,2137
120,2140
151,2195
209,2196
37,2196
230,2196
26,2198
143,2199
130,2204
249,2204
394,2204
381,2207
54,2220
49,2229
188,2243
61,2262
332,2262
339,2267
71,2285
85,2293
35,2295
91,2295
59,2297
166,2299
424,2300
131,2302
238,2309
398,2315
380,2321
112,2322
327,2327
77,2342
196,2349
489,2366
435,2368
60,2372
427,2374
459,2381
262,2386
480,2387
149,2391
455,2391
379,2393
101,2393
397,2395
486,2402
5,2406
316,2406
460,2416
278,2416
349,2419
255,2420
357,2450
205,2457
352,2477
431,2481
437,2485
342,2486
76,2488
82,2488
160,2490
269,2493
90,2493
226,2495
21,2496
351,2497
292,2499
74,2499
198,2507
392,2507
430,2510
266,2515
170,2526
190,2527
429,2532
421,2533
163,2533
422,2540
433,2551
186,2569
57,2569
42,2571
109,2574
267,2575
274,2579
404,2580
302,2580
132,2582
385,2583
78,2583
235,2586
244,2594
298,2600
80,2600
412,2603
127,2606
303,2609
215,2610
94,2613
469,2613
448,2617
140,2619
83,2624
243,2631
64,2639
473,2644
66,2648
440,2650
13,2652
499,2657
7,2659
95,2666
329,2669
113,2670
153,2671
414,2671
426,2671
102,2679
62,2679
356,2681
491,2681
388,2682
18,2683
147,2685
14,2688
370,2690
289,2692
165,2695
280,2695
228,2695
279,2700
12,2703
401,2717
366,2721
270,2723
28,2727
88,2756
233,2763
204,2763
432,2764
343,2765
338,2766
87,2769
156,2770
106,2772
300,2773
53,2773
237,2779
462,2780
457,2781
181,2785
361,2791
177,2794
175,2794
470,2800
446,2802
340,2803
129,2804
123,2809
75,2813
347,2814
282,2821
264,2823
348,2831
328,2834
137,2838
174,2840
253,2856
444,2858
155,2858
315,2858
307,2859
420,2866
65,2866
220,2867
425,2869
346,2869
313,2870
434,2875
250,2882
344,2885
52,2885
187,2886
286,2887
466,2887
377,2888
387,2889
359,2896
22,2906
363,2918
8,2920
4,2925
55,2926
141,2927
161,2936
382,2946
17,2955
105,2956
304,2957
212,2957
443,2959
40,2959
197,2965
133,2965
492,2973
135,2975
369,2975
162,2976
122,2978
89,2980
413,2983
276,2985
416,2989
73,2994
110,3011
442,3012
92,3022
9,3034
58,3038
248,3041
384,3044
216,3044
445,3045
407,3048
39,3048
305,3054
48,3057
350,3061
487,3064
200,3065
199,3066
27,3067
419,3072
119,3073
6,3075
450,3076
324,3077
203,3086
50,3088
164,3096
410,3100
403,3103
41,3106
418,3134
231,3135
118,3138
168,3139
310,3142
84,3144
1,3147
475,3151
232,3165
3,3165
236,3166
367,3174
25,3179
104,3181
146,3191
247,3192
15,3193
169,3193
390,3197
179,3203
318,3203
428,3204
20,3227
438,3234
107,3235
383,3235
321,3237
337,3240
293,3244
371,3246
224,3251
471,3254
496,3254
100,3256
325,3259
464,3263
99,3271
308,3288
46,3289
335,3305
312,3318
239,3321
167,3327
201,3327
246,3331
454,3333
375,3339
32,3340
368,3342
478,3348
136,3352
208,3355
396,3379
79,3401
400,3402
306,3413
121,3419
311,3422
483,3426
326,3427
180,3435
171,3440
124,3447
291,3459
241,3461
206,3463
456,3468
213,3482
207,3487
16,3489
72,3512
24,3516
86,3520
148,3523
395,3527
11,3528
194,3532
376,3532
472,3533
96,3557
34,3562
68,3573
260,3582
31,3595
45,3595
10,3597
409,3600
173,3601
360,3608
287,3608
449,3610
389,3612
336,3620
176,3634
493,3656
372,3676
345,3693
30,3704
309,3706
322,3707
211,3708
217,3720
393,3725
225,3725
223,3731
399,3742
189,3754
272,3768
115,3788
406,3793
234,3795
453,3803
283,3804
29,3813
138,3831
125,3855
334,3869
405,3877
452,3883
202,3884
157,3898
330,3899
139,3906
485,3921
354,3931
256,3949
116,3950
183,3959
184,3987
222,3993
44,3996
373,4006
103,4019
290,4044
391,4057
114,4063
154,4078
500,4086
408,4086
221,4092
481,4120
451,4160
488,4164
70,4179
314,4184
319,4203
474,4221
320,4229
81,4249
229,4251
192,4261
482,4273
195,4284
484,4301
219,4317
251,4329
490,4364
271,4382
374,4432
386,4439
145,4459
265,4483
38,4518
259,4535
214,4550
476,4583
159,4600
227,4603
341,4618
67,4636
43,4643
415,4643
69,4725
284,4783
23,4790
295,4827
93,4831
144,4874
378,4874
439,4874
142,4887
51,4928
152,4960
263,4970
288,5012
172,5021
441,5111
2,5143
299,5162
242,5182
193,5281
364,5400
467,5454
252,5537
498,5544
296,5780
297,5798
423,5902
98,6151
461,6175

simblock.block.ProofOfWorkBlock@75fdd705:34
342,0
436,480
289,669
15,858
102,961
169,1044
159,1151
150,1151
244,1231
6,1340
2,1340
49,1347
215,1422
74,1459
241,1525
464,1529
257,1530
277,1538
486,1632
114,1633
349,1645
357,1700
359,1710
382,1711
35,1715
469,1717
175,1727
365,1818
131,1820
318,1821
411,1827
327,1841
101,1900
108,1903
75,1907
19,1910
47,1917
144,1942
264,1980
332,2007
479,2008
198,2011
166,2013
109,2016
431,2018
380,2032
56,2093
218,2097
200,2097
39,2105
351,2108
42,2118
80,2124
147,2126
117,2137
463,2139
285,2195
197,2197
107,2198
87,2200
301,2203
416,2203
480,2208
403,2208
353,2213
141,2214
149,2230
434,2249
170,2262
413,2265
94,2279
455,2283
224,2284
21,2285
397,2287
300,2300
123,2309
462,2311
111,2312
222,2312
106,2317
192,2322
384,2337
249,2380
468,2382
402,2385
181,2385
457,2386
379,2386
132,2388
32,2388
424,2389
339,2390
5,2393
26,2395
205,2398
119,2399
268,2406
95,2415
185,2417
309,2417
345,2426
234,2436
187,2469
72,2475
209,2481
182,2486
76,2489
127,2491
93,2496
235,2500
225,2502
52,2502
33,2502
151,2503
398,2503
497,2504
482,2506
394,2508
326,2509
121,2512
340,2514
130,2515
128,2531
499,2546
420,2560
113,2560
453,2562
31,2563
303,2571
444,2571
210,2572
298,2574
388,2575
281,2576
483,2579
240,2581
177,2589
448,2589
112,2592
73,2599
233,2605
329,2614
165,2618
373,2621
381,2624
37,2624
214,2658
82,2662
116,2666
470,2667
427,2668
61,2670
203,2672
361,2673
161,2677
16,2677
370,2678
320,2682
460,2686
220,2689
59,2689
291,2691
346,2691
404,2691
237,2694
362,2694
292,2695
312,2696
269,2698
65,2701
442,2703
126,2704
191,2709
83,2710
283,2713
343,2718
477,2731
305,2732
99,2737
293,2749
105,2754
280,2762
140,2774
7,2777
376,2777
97,2778
251,2779
358,2784
89,2784
389,2786
245,2792
253,2793
306,2793
258,2794
48,2799
408,2801
204,2809
355,2811
134,2812
294,2819
255,2821
84,2824
103,2829
46,2837
440,2838
184,2846
51,2853
27,2855
129,2855
228,2858
70,2859
11,2859
17,2866
88,2867
313,2869
319,2869
90,2878
254,2879
118,2893
267,2900
385,2902
261,2903
57,2903
206,2904
60,2905
401,2917
34,2921
337,2921
415,2935
458,2939
377,2946
325,2948
196,2949
302,2950
282,2955
212,2956
199,2956
491,2962
495,2964
433,2966
466,2966
168,2968
317,2969
266,2969
494,2970
4,2971
396,2972
323,2972
136,2972
180,2973
307,2974
163,2975
273,2982
201,2984
367,2985
13,2987
162,2987
143,2988
96,2988
18,2998
316,3000
174,3008
347,3010
85,3020
186,3030
154,3035
23,3045
331,3046
439,3051
275,3057
399,3058
330,3059
493,3064
438,3070
393,3072
178,3073
12,3074
435,3077
496,3086
148,3104
311,3108
247,3113
315,3117
484,3117
188,3123
446,3125
295,3132
14,3136
231,3139
122,3140
478,3142
22,3142
395,3145
92,3150
500,3150
133,3156
465,3161
429,3175
183,3176
8,3182
476,3183
25,3185
378,3186
387,3189
445,3190
430,3199
299,3207
30,3212
321,3218
44,3225
400,3231
208,3233
63,3233
54,3233
449,3237
366,3239
232,3245
471,3247
153,3251
485,3251
310,3256
272,3262
226,3266
432,3267
421,3281
64,3286
383,3290
360,3293
454,3294
43,3296
437,3306
274,3315
368,3316
20,3324
426,3328
467,3334
450,3342
428,3343
418,3343
230,3350
375,3352
193,3352
409,3353
125,3368
50,3370
260,3375
68,3378
176,3397
475,3398
211,3401
369,3412
58,3416
352,3418
160,3420
158,3428
336,3454
115,3459
3,3468
271,3470
407,3474
492,3475
324,3482
9,3488
10,3500
62,3507
157,3510
472,3511
171,3513
278,3515
28,3516
1,3518
216,3535
104,3543
473,3544
328,3544
120,3547
372,3554
238,3557
423,3564
259,3566
265,3569
173,3571
489,3594
390,3599
167,3600
142,3604
287,3606
138,3611
239,3622
392,3632
172,3653
146,3662
79,3665
124,3675
78,3678
425,3678
348,3695
344,3696
40,3708
152,3709
91,3735
338,3750
156,3756
24,3785
333,3789
414,3795
461,3815
135,3815
29,3825
221,3850
243,3857
371,3872
406,3879
487,3887
223,3889
207,3895
164,3918
322,3919
219,3925
354,3946
405,3957
364,3959
412,3963
276,3977
304,3978
488,3993
297,3996
350,4014
481,4040
77,4041
498,4055
443,4065
286,4077
194,4078
270,4093
296,4103
179,4108
441,4169
386,4198
374,4227
236,4236
145,4245
308,4286
66,4294
229,4295
335,4314
217,4320
69,4327
410,4328
363,4354
422,4364
447,4373
334,4422
417,4448
252,4459
490,4476
419,4514
356,4569
284,4582
279,4605
195,4646
155,4647
451,4656
189,4663
391,4691
202,4726
250,4756
474,4775
213,4792
139,4811
262,4847
53,4925
41,4937
242,4961
452,5008
227,5015
71,5042
137,5042
246,5044
86,5126
263,5144
314,5163
248,5210
67,5293
36,5324
341,5359
38,5369
100,5406
459,5490
98,5499
45,5628
190,5685
81,5713
110,5768
288,5857
55,5968
290,5991
256,6120
456,6321

simblock.block.ProofOfWorkBlock@54abf696:34
498,0
246,679
207,953
247,1342
456,1355
423,1628
237,1740
464,1752
299,1901
259,1954
370,2127
117,2141
263,2232
245,2289
219,2506
228,2518
372,2530
434,2678
50,2781
174,2845
468,2909
344,2956
177,3067
284,3127
15,3171
147,3297
160,3382
232,3407
36,3493
431,3559
35,3688
162,3821
289,3823
255,3930
48,3947
106,4079
112,4213
422,4247
119,4336
39,4358
358,4469
398,4601
399,4683
235,4723
24,4794
387,4895
269,4987
8,5110
375,5113
7,5220
279,5321
277,5385
114,5503
352,5543
477,5648
82,5746
326,5772
490,5930
307,5970
201,6077
159,6177
294,6178
118,6358
487,6407
441,6510
280,6567
494,6604
315,6784
408,6853
55,6941
339,7000
84,7034
176,7213
363,7287
31,7367
89,7433
94,7462
93,7650
368,7714
302,7795
406,7869
413,7888
12,8078
450,8295
483,8320
311,8514
22,8725
168,9153

simblock.block.ProofOfWorkBlock@414995e9:34
229,0
479,1300
106,2012
237,2730
495,3450
102,4152
119,4850
132,5558
83,6259
85,7006
414,7754
122,8499
155,9245
18,9989
427,10733
200,11475
472,12217
356,12959
391,13800

simblock.block.ProofOfWorkBlock@2d82c850:35
143,0
94,403
338,566
158,718
1,810
272,876
53,967
499,969
124,1030
155,1120
60,1121
366,1124
118,1213
308,1274
409,1277
447,1279
163,1295
431,1300
484,1370
8,1372
66,1376
437,1430
472,1432
491,1432
282,1432
448,1448
320,1522
478,1522
29,1523
162,1525
212,1526
95,1529
470,1573
351,1582
419,1585
305,1586
107,1586
367,1605
121,1615
311,1675
457,1676
39,1677
319,1678
304,1678
332,1683
473,1684
270,1686
44,1686
185,1700
350,1737
459,1739
435,1740
368,1743
148,1758
471,1770
122,1774
199,1783
283,1785
90,1792
204,1828
275,1829
343,1830
392,1831
188,1832
236,1833
201,1835
36,1836
490,1837
54,1839
57,1839
466,1842
454,1842
240,1845
179,1856
28,1861
7,1898
214,1903
231,1927
422,1927
89,1927
293,1928
70,1929
449,1929
133,1931
443,1931
190,1935
84,1937
439,1939
389,1982
287,1983
339,1984
100,1985
357,1986
88,1987
224,1991
315,1992
430,1992
333,1993
72,1993
291,1993
31,1997
25,1998
13,1999
455,2009
205,2010
105,2010
302,2029
294,2042
412,2050
177,2052
156,2077
420,2080
303,2080
253,2081
344,2082
453,2083
129,2083
250,2084
330,2086
116,2088
328,2089
230,2092
346,2094
136,2097
239,2107
321,2118
166,2120
345,2125
96,2128
202,2136
161,2136
451,2136
352,2140
393,2143
93,2144
405,2144
135,2144
267,2146
402,2148
445,2149
399,2149
203,2151
475,2154
312,2169
241,2169
401,2172
463,2179
63,2181
128,2182
427,2189
281,2190
40,2192
220,2196
307,2198
309,2209
61,2212
324,2229
210,2233
192,2237
408,2237
387,2240
377,2241
336,2242
160,2243
55,2243
215,2244
286,2244
186,2245
413,2245
306,2248
82,2251
14,2254
213,2254
92,2260
355,2266
153,2271
273,2279
488,2279
164,2279
418,2279
410,2289
103,2291
440,2293
301,2294
460,2297
16,2298
489,2298
485,2298
494,2298
373,2299
62,2309
200,2314
274,2321
126,2327
348,2338
113,2338
500,2338
178,2340
432,2341
248,2341
91,2342
403,2348
458,2349
117,2353
261,2366
168,2374
5,2378
216,2390
285,2390
441,2392
137,2395
180,2396
483,2396
51,2397
414,2397
206,2400
127,2405
433,2405
406,2406
310,2406
176,2413
73,2414
106,2418
434,2420
421,2423
65,2427
184,2430
450,2430
388,2432
446,2435
298,2438
77,2450
170,2452
209,2453
211,2456
64,2461
27,2465
462,2465
18,2466
59,2469
397,2469
479,2491
22,2492
85,2492
226,2493
493,2493
244,2494
411,2495
492,2497
280,2499
476,2502
19,2504
138,2522
353,2526
425,2526
383,2530
323,2531
233,2531
102,2531
384,2534
197,2536
251,2544
496,2546
407,2549
24,2550
141,2552
140,2552
426,2555
194,2555
487,2561
3,2562
380,2563
154,2563
6,2564
33,2566
109,2571
497,2578
390,2580
381,2580
361,2581
86,2584
20,2591
108,2604
278,2605
52,2611
112,2612
255,2613
262,2619
245,2634
167,2663
325,2671
147,2672
300,2675
169,2677
150,2678
101,2680
358,2684
32,2685
376,2685
264,2685
442,2686
26,2690
429,2693
354,2698
144,2701
482,2702
238,2705
337,2708
363,2711
37,2715
495,2719
415,2721
417,2721
326,2723
465,2730
56,2736
404,2737
252,2743
416,2744
225,2758
480,2759
468,2763
80,2767
257,2771
12,2773
329,2796
382,2803
444,2805
76,2810
182,2819
228,2819
356,2825
15,2827
436,2828
269,2830
365,2832
461,2832
327,2836
132,2838
78,2842
222,2842
87,2843
254,2843
69,2852
46,2857
386,2857
266,2860
130,2870
48,2878
2,2879
75,2892
424,2895
17,2895
371,2900
452,2910
30,2913
50,2919
41,2922
341,2932
110,2940
370,2943
369,2945
342,2951
289,2953
464,2953
263,2963
276,2967
123,2978
149,2979
292,2991
98,2994
35,2994
235,2996
247,3001
58,3006
340,3012
175,3025
120,3029
4,3034
67,3050
299,3052
219,3057
189,3057
114,3068
295,3069
260,3074
79,3083
111,3088
232,3089
398,3095
360,3098
428,3100
258,3105
334,3106
249,3109
374,3110
331,3113
279,3113
378,3116
396,3133
159,3137
394,3146
391,3156
134,3160
221,3178
364,3211
139,3212
208,3219
119,3226
217,3238
151,3251
21,3253
49,3259
198,3262
469,3264
486,3271
265,3272
385,3277
152,3333
243,3338
11,3366
181,3396
347,3399
288,3407
196,3407
191,3412
193,3414
83,3417
359,3427
172,3432
146,3446
456,3473
474,3487
157,3498
71,3501
498,3503
318,3518
131,3530
438,3549
97,3555
477,3559
23,3605
81,3637
237,3637
38,3646
115,3650
47,3686
481,3780
104,3782
317,3792
165,3797
99,3802
296,3817
45,3818
229,3820
218,3821
234,3825
314,3851
142,3880
297,3941
372,3941
223,3976
68,3996
171,4017
207,4019
349,4067
195,4067
313,4087
362,4108
34,4162
395,4189
322,4197
242,4198
173,4220
174,4248
125,4274
187,4355
277,4378
290,4379
9,4400
183,4429
227,4451
400,4453
246,4543
256,4574
271,4576
316,4642
42,4652
43,4833
74,4908
379,4919
10,4955
375,5012
268,5186
284,5334
467,5453
145,5584
423,5712
259,5986
335,6091

simblock.block.ProofOfWorkBlock@11c2d2cb:35
279,0
255,408
157,562
186,715
154,820
57,868
29,966
414,974
417,1022
333,1119
113,1119
488,1130
487,1174
266,1226
27,1271
339,1272
478,1290
363,1294
426,1376
62,1386
261,1426
447,1429
127,1433
151,1443
88,1443
309,1447
168,1523
188,1528
205,1534
484,1539
430,1581
319,1582
31,1585
477,1596
77,1603
202,1605
441,1633
61,1678
270,1679
345,1685
386,1687
164,1693
338,1696
254,1716
369,1734
432,1737
264,1741
420,1750
373,1779
63,1788
352,1789
402,1830
129,1831
443,1831
410,1837
262,1839
210,1839
377,1847
250,1847
475,1850
326,1870
70,1890
180,1897
161,1904
220,1928
419,1931
236,1942
212,1942
117,1983
92,1985
21,1988
435,1992
53,1994
405,1999
231,2002
344,2004
51,2005
233,2011
95,2043
91,2052
162,2057
185,2089
7,2094
224,2105
411,2113
403,2113
357,2116
286,2142
24,2143
412,2143
190,2145
140,2150
460,2153
84,2155
178,2156
176,2157
226,2163
294,2166
449,2188
107,2204
120,2207
459,2211
351,2241
327,2250
207,2257
415,2258
428,2270
328,2295
337,2299
457,2300
211,2301
392,2307
196,2311
316,2315
366,2317
312,2318
346,2320
124,2321
72,2341
434,2362
436,2379
368,2391
201,2392
340,2394
22,2412
310,2424
36,2458
483,2462
499,2463
39,2470
495,2471
336,2475
244,2478
85,2481
100,2485
408,2497
453,2506
292,2516
232,2545
8,2548
56,2562
321,2564
147,2582
462,2585
144,2591
471,2623
165,2627
332,2630
489,2634
28,2659
184,2674
37,2690
372,2695
315,2700
204,2717
177,2725
384,2728
424,2736
389,2744
431,2745
17,2746
52,2747
370,2766
472,2767
374,2771
13,2783
109,2784
283,2795
463,2822
198,2833
329,2847
19,2852
365,2856
325,2889
440,2898
175,2901
150,2925
248,2951
122,2955
26,2957
46,2966
359,2992
382,3012
385,3012
6,3015
318,3017
131,3017
14,3034
32,3056
258,3061
381,3109
108,3114
296,3118
138,3120
215,3141
59,3155
172,3157
498,3169
80,3173
15,3190
238,3221
30,3221
2,3222
81,3234
367,3235
465,3235
112,3262
429,3280
341,3281
289,3289
476,3292
106,3295
438,3300
249,3324
11,3326
41,3393
263,3396
65,3409
347,3422
388,3447
313,3463
342,3488
145,3492
130,3496
378,3498
169,3508
274,3513
38,3536
47,3538
119,3545
360,3549
76,3555
136,3576
280,3596
259,3615
290,3644
104,3664
474,3684
49,3709
361,3731
383,3754
468,3771
260,3775
423,3787
490,3793
23,3796
362,3798
418,3806
353,3810
227,3828
121,3879
314,3886
219,3927
10,3934
181,3978
285,4000
243,4032
246,4043
245,4048
139,4064
355,4069
348,4073
192,4074
291,4081
242,4132
256,4154
16,4160
98,4182
288,4206
400,4268
191,4344
398,4346
216,4355
69,4368
229,4371
43,4381
456,4422
466,4439
189,4470
276,4474
467,4511
397,4572
297,4589
33,4589
480,4612
455,4620
295,4641
125,4666
305,4717
195,4752
152,4757
335,4764
334,4801
94,4825
394,4888
166,4946
461,4977
40,4995
137,4998
71,5006
97,5044
299,5136
149,5145
79,5271
282,5273
67,5329
470,5337
55,5363
99,5367
163,5402
399,5427
497,5503
171,5533
96,5534
111,5578
193,5628
9,5645
217,5658
183,5672
356,5767
302,5794
358,5920
311,5961
20,6032
101,6043
448,6046
223,6051
206,6193
324,6347
379,6430
45,6457
134,6486
320,6519
496,6589
306,6779
304,6858
66,7047
387,7086
425,7145
267,7209
439,7283
155,7605
278,7647
485,7649
167,7701
252,7797
18,8163
343,8206
78,8244
445,8720

simblock.block.ProofOfWorkBlock@2eaf742d:36
385,0
120,489
468,698
381,884
480,973
403,1081
192,1169
101,1176
327,1268
254,1356
17,1364
141,1376
257,1453
187,1455
301,1544
191,1552
2,1560
317,1562
228,1645
390,1653
316,1660
404,1661
285,1739
90,1747
326,1750
379,1752
164,1825
394,1830
247,1844
147,1845
300,1847
15,1848
365,1861
144,1863
130,1925
446,1933
358,1934
106,1938
424,1938
292,1941
182,2023
6,2023
74,2034
47,2034
108,2037
411,2046
119,2047
175,2051
22,2107
240,2112
386,2122
26,2124
165,2124
465,2124
244,2127
329,2129
5,2129
78,2130
83,2133
472,2141
463,2146
222,2162
280,2212
123,2215
134,2220
150,2221
455,2224
97,2229
220,2231
277,2231
180,2233
383,2237
20,2249
87,2299
331,2309
75,2311
109,2314
215,2316
251,2317
482,2325
73,2326
80,2327
131,2328
442,2334
402,2336
362,2339
349,2349
361,2352
367,2384
307,2386
476,2403
489,2405
126,2406
168,2411
234,2414
392,2416
245,2420
100,2421
313,2422
14,2422
46,2423
181,2423
21,2425
19,2427
249,2428
32,2428
382,2435
125,2436
497,2491
347,2495
268,2497
190,2498
166,2499
224,2500
495,2501
287,2502
318,2505
269,2506
486,2506
250,2512
338,2513
384,2514
438,2514
342,2516
444,2517
112,2528
111,2528
449,2533
42,2534
135,2539
151,2542
434,2544
315,2557
53,2577
212,2602
218,2605
418,2605
281,2609
469,2611
117,2612
479,2613
370,2614
325,2614
149,2616
52,2616
56,2619
355,2619
460,2619
373,2621
483,2633
37,2635
431,2637
398,2662
156,2667
414,2681
132,2682
143,2683
102,2683
153,2686
436,2688
396,2689
64,2689
209,2691
429,2693
198,2693
309,2695
84,2696
194,2697
426,2699
464,2702
417,2704
93,2704
255,2705
8,2712
312,2712
376,2713
11,2716
273,2720
59,2725
275,2727
289,2733
196,2743
270,2771
253,2779
25,2784
475,2786
205,2788
113,2789
335,2790
272,2796
39,2798
35,2801
416,2801
388,2803
454,2804
380,2805
7,2808
298,2809
478,2810
18,2812
450,2819
291,2820
51,2821
238,2824
159,2824
310,2828
235,2847
236,2851
323,2874
241,2874
60,2881
435,2883
237,2883
28,2886
282,2888
160,2889
321,2893
369,2894
133,2894
473,2895
76,2896
177,2898
447,2898
363,2899
95,2903
484,2905
470,2910
421,2911
44,2913
457,2915
496,2917
328,2925
259,2931
500,2940
332,2946
306,2963
279,2963
405,2964
352,2967
412,2970
63,2971
445,2973
199,2975
169,2983
231,2983
49,2983
294,2983
308,2984
471,2985
65,2986
406,2986
140,2991
122,2994
179,2996
33,2997
451,2998
278,3001
377,3004
264,3013
487,3013
115,3025
48,3032
252,3046
55,3052
345,3056
127,3067
61,3067
197,3069
462,3069
162,3070
82,3078
344,3082
12,3087
366,3089
459,3093
13,3093
94,3096
57,3099
3,3100
230,3112
239,3118
208,3125
258,3139
38,3153
389,3163
348,3163
24,3167
213,3168
184,3171
114,3172
494,3176
200,3177
320,3177
359,3182
27,3187
23,3187
397,3188
137,3188
422,3189
121,3191
430,3192
155,3196
305,3198
425,3199
401,3202
375,3203
452,3219
474,3225
314,3235
433,3235
31,3244
410,3246
188,3247
267,3247
161,3249
118,3251
353,3253
4,3253
203,3254
72,3255
71,3257
302,3261
86,3262
415,3263
50,3264
439,3279
158,3282
128,3299
146,3322
183,3329
408,3331
304,3335
276,3338
440,3348
428,3349
154,3350
103,3356
296,3357
92,3364
54,3366
85,3372
204,3375
1,3376
413,3378
351,3379
409,3380
219,3393
441,3397
152,3410
223,3419
189,3436
96,3438
116,3440
29,3441
266,3445
407,3449
139,3452
129,3453
283,3465
499,3469
437,3474
246,3475
346,3481
284,3481
324,3481
356,3492
225,3520
170,3523
393,3526
157,3528
492,3528
207,3531
488,3533
458,3537
334,3538
201,3539
232,3540
448,3544
233,3545
172,3558
265,3559
88,3562
248,3563
104,3594
260,3599
360,3600
420,3612
290,3616
66,3617
357,3634
202,3635
399,3638
286,3648
58,3650
343,3656
372,3682
256,3688
9,3695
337,3719
477,3723
395,3727
167,3728
400,3740
261,3747
185,3749
105,3756
107,3759
340,3770
99,3791
186,3809
339,3825
262,3826
333,3829
330,3845
43,3878
341,3890
378,3890
216,3892
466,3896
350,3914
70,3916
368,3918
443,3926
110,3928
163,4002
427,4005
193,4015
36,4032
45,4055
89,4059
295,4075
77,4089
419,4113
40,4115
490,4140
391,4147
274,4177
210,4178
91,4198
432,4206
178,4206
30,4230
322,4246
226,4280
374,4282
214,4289
485,4312
387,4370
34,4371
173,4405
68,4409
461,4423
481,4428
148,4454
456,4467
336,4476
303,4490
371,4494
299,4505
297,4525
69,4551
211,4558
176,4590
263,4642
242,4724
62,4732
171,4763
229,4774
354,4781
423,4805
16,4838
138,4845
217,4845
136,4867
81,4882
271,4905
227,4995
453,5010
493,5116
98,5136
174,5176
221,5202
293,5289
10,5356
491,5397
67,5487
41,5534
311,5579
319,5681
288,5843
364,5894
498,5933
206,5959
195,6197
124,6238
79,6298
243,6583
467,6927
145,7279
142,7634

simblock.block.ProofOfWorkBlock@3eeb8552:36
8,0
407,409
122,562
482,719
92,812
420,877
63,966
178,966
210,1031
95,1119
419,1119
336,1183
253,1216
248,1272
116,1274
140,1279
483,1338
170,1369
345,1371
488,1372
492,1426
168,1427
128,1434
310,1435
478,1509
250,1523
282,1525
233,1526
308,1527
205,1537
148,1583
85,1586
490,1590
433,1607
437,1668
206,1676
333,1676
93,1681
406,1685
493,1686
368,1687
392,1691
254,1696
199,1739
118,1745
357,1746
422,1760
61,1775
344,1776
386,1822
303,1830
214,1832
487,1833
161,1835
82,1838
343,1840
28,1843
402,1845
427,1845
261,1899
275,1913
160,1914
441,1929
255,1930
201,1943
463,1961
231,1975
51,1982
264,1986
124,1987
89,1988
401,1994
230,1996
309,1996
286,1997
440,1997
20,2008
319,2024
267,2052
36,2066
31,2069
58,2081
346,2083
236,2085
366,2091
22,2092
176,2095
352,2097
102,2114
185,2129
266,2136
445,2140
321,2142
426,2148
459,2149
405,2153
500,2154
16,2154
320,2157
158,2172
24,2177
175,2182
496,2212
151,2226
393,2227
415,2234
453,2236
413,2237
460,2238
430,2242
107,2242
155,2248
25,2249
78,2250
298,2260
66,2263
211,2268
292,2283
471,2285
54,2288
72,2295
270,2300
62,2302
312,2304
272,2307
55,2310
466,2310
18,2311
315,2315
489,2329
365,2350
153,2367
417,2381
150,2386
44,2389
412,2391
367,2392
156,2394
202,2395
306,2396
77,2400
283,2402
103,2404
164,2413
94,2424
307,2429
499,2438
477,2441
495,2448
380,2448
399,2458
29,2458
91,2459
439,2468
88,2471
127,2472
162,2487
464,2494
414,2502
361,2508
21,2519
86,2540
143,2544
389,2545
200,2546
113,2547
39,2548
133,2550
358,2552
157,2554
428,2563
131,2564
167,2568
169,2576
97,2580
64,2582
57,2583
327,2586
398,2587
53,2591
70,2611
332,2613
192,2624
338,2627
484,2640
12,2643
135,2647
191,2655
432,2671
369,2676
302,2686
436,2694
186,2694
243,2698
350,2698
328,2700
6,2706
451,2706
84,2706
337,2710
5,2713
154,2722
147,2734
163,2755
469,2763
294,2765
305,2765
285,2773
139,2785
448,2796
274,2796
105,2800
130,2817
90,2819
410,2825
408,2830
382,2832
289,2833
149,2835
390,2842
262,2851
491,2852
141,2856
397,2861
447,2861
442,2870
126,2891
101,2894
273,2913
13,2919
52,2921
193,2943
348,2948
326,2960
65,2968
271,2969
403,2971
281,2973
11,2977
355,2980
209,2980
409,2982
359,2999
7,3011
134,3021
80,3035
342,3041
26,3044
376,3063
212,3066
129,3075
117,3087
444,3097
435,3100
111,3102
2,3104
237,3108
32,3115
404,3120
325,3124
19,3133
301,3134
226,3134
479,3138
291,3158
234,3162
23,3166
335,3169
249,3189
241,3227
146,3230
83,3235
197,3239
59,3240
49,3244
351,3252
373,3260
166,3267
198,3268
316,3282
371,3298
438,3299
245,3311
431,3316
33,3330
223,3336
119,3342
334,3359
99,3365
96,3369
323,3375
165,3387
123,3391
73,3400
46,3403
137,3404
132,3406
388,3407
385,3429
247,3430
229,3433
481,3487
277,3505
452,3506
108,3509
74,3511
434,3534
144,3539
260,3553
396,3566
81,3571
35,3582
109,3598
173,3604
142,3629
159,3643
421,3654
145,3660
106,3663
465,3668
313,3680
497,3684
222,3698
268,3698
219,3748
395,3760
217,3784
379,3788
42,3791
227,3794
374,3803
256,3814
347,3831
318,3849
322,3867
50,3890
187,3918
480,3923
341,3924
79,3933
353,3945
238,3953
71,3966
225,3969
207,3976
76,4011
98,4013
221,4046
152,4051
259,4054
349,4054
258,4060
30,4077
56,4117
10,4173
67,4185
384,4189
391,4201
34,4210
462,4212
280,4219
474,4257
172,4269
456,4297
37,4333
364,4351
378,4354
375,4404
232,4425
284,4439
458,4445
15,4454
400,4458
257,4477
276,4496
314,4567
195,4577
43,4589
246,4592
300,4599
242,4603
68,4614
228,4643
174,4666
423,4677
411,4685
418,4732
45,4748
461,4748
218,4758
204,4814
38,4818
181,4867
9,4876
104,4977
354,4986
317,5004
470,5025
263,5066
381,5074
183,5102
296,5112
468,5139
297,5188
177,5290
196,5386
467,5429
213,5430
372,5433
288,5492
27,5501
138,5531
180,5866
265,5887
295,5980
69,6327

simblock.block.ProofOfWorkBlock@38773002:37
52,0
446,482
197,667
109,862
181,960
130,1047
403,1146
359,1151
234,1232
416,1337
220,1353
93,1424
421,1443
198,1447
166,1524
32,1532
56,1539
73,1628
90,1628
244,1638
108,1648
389,1707
76,1717
380,1720
298,1748
236,1801
497,1817
165,1820
51,1831
442,1873
144,1904
468,1905
330,1916
64,1923
163,1925
245,1930
486,1938
42,1950
86,1992
35,2002
281,2003
39,2005
75,2010
177,2020
251,2028
83,2059
368,2082
132,2094
363,2116
362,2118
431,2119
119,2119
342,2125
148,2144
6,2147
257,2151
436,2153
383,2187
241,2191
133,2191
127,2198
149,2200
496,2202
202,2205
123,2207
331,2207
160,2207
2,2227
96,2228
63,2233
151,2247
89,2271
269,2281
485,2283
489,2291
28,2297
106,2301
470,2304
187,2314
247,2325
459,2330
230,2332
277,2334
80,2339
147,2355
437,2360
218,2372
355,2385
285,2385
225,2386
491,2387
141,2392
97,2392
136,2397
102,2399
408,2404
441,2412
385,2415
301,2416
495,2418
140,2429
135,2430
370,2432
374,2433
150,2434
329,2437
433,2437
282,2449
480,2467
356,2469
84,2475
280,2483
438,2484
270,2485
117,2487
8,2487
169,2491
211,2491
178,2491
388,2497
455,2504
134,2511
37,2511
233,2518
344,2523
300,2525
191,2532
353,2539
466,2542
401,2555
294,2563
308,2566
262,2570
404,2571
240,2571
33,2578
258,2583
47,2595
22,2598
365,2600
112,2602
348,2602
215,2608
190,2608
156,2609
5,2615
413,2617
228,2625
48,2625
483,2629
235,2629
318,2631
379,2634
122,2636
26,2643
205,2643
13,2646
124,2646
339,2650
411,2667
390,2670
14,2670
384,2672
275,2673
196,2675
381,2676
418,2676
200,2676
482,2681
92,2682
327,2684
44,2693
304,2694
161,2696
479,2697
307,2698
325,2698
345,2701
326,2708
194,2710
500,2712
444,2723
488,2726
110,2747
12,2747
399,2748
237,2757
17,2757
155,2758
415,2759
157,2761
457,2765
414,2769
409,2776
21,2776
395,2782
186,2783
19,2783
268,2784
59,2791
238,2791
464,2792
199,2808
338,2830
492,2834
11,2844
94,2847
15,2856
261,2857
349,2862
273,2867
407,2871
249,2875
126,2877
463,2880
176,2888
425,2890
369,2893
311,2893
422,2897
57,2902
250,2903
120,2903
434,2912
469,2915
392,2917
377,2918
350,2922
406,2923
499,2927
292,2935
435,2937
284,2942
340,2943
87,2946
291,2946
158,2950
397,2953
450,2956
72,2958
283,2959
118,2967
429,2976
351,2978
185,2980
182,2982
201,2982
204,2982
20,2984
305,2989
255,2990
461,2993
3,2993
229,3008
376,3010
286,3025
371,3028
192,3029
410,3034
146,3036
430,3036
302,3037
462,3042
189,3044
264,3047
396,3047
103,3048
7,3049
207,3050
445,3054
494,3055
58,3055
394,3056
293,3061
347,3062
471,3066
419,3071
203,3075
254,3086
210,3088
316,3089
45,3094
222,3103
336,3110
313,3112
398,3115
170,3125
77,3136
101,3136
175,3136
319,3137
306,3156
465,3164
412,3169
154,3174
88,3174
312,3197
287,3199
209,3200
66,3200
168,3220
114,3220
78,3228
239,3229
49,3232
4,3233
357,3238
346,3241
332,3241
74,3250
40,3252
321,3257
253,3263
333,3264
424,3269
36,3272
18,3275
172,3280
67,3285
271,3293
481,3296
246,3298
54,3303
25,3307
173,3310
46,3314
324,3315
55,3318
38,3319
105,3321
95,3327
167,3328
274,3338
31,3338
373,3339
289,3342
128,3347
378,3379
65,3383
27,3387
490,3388
317,3398
82,3413
299,3415
164,3415
453,3415
360,3423
159,3425
323,3430
386,3444
449,3451
113,3460
372,3464
180,3477
439,3490
427,3500
358,3516
208,3519
352,3520
242,3521
121,3534
131,3536
248,3538
315,3550
447,3552
417,3557
195,3559
260,3563
448,3580
104,3583
137,3599
214,3608
115,3609
387,3614
153,3617
213,3622
179,3623
382,3660
171,3663
458,3665
216,3692
278,3697
152,3704
493,3713
473,3721
50,3723
343,3728
162,3737
276,3768
272,3777
85,3783
484,3799
71,3808
100,3815
487,3825
477,3831
267,3852
476,3862
23,3874
143,3880
475,3888
420,3895
145,3895
296,3909
99,3926
263,3927
361,3928
24,3929
478,3947
68,3965
472,3993
451,4006
364,4031
183,4044
79,4053
337,4060
1,4084
265,4085
16,4103
460,4111
354,4121
223,4124
232,4140
62,4143
405,4162
70,4168
60,4176
221,4204
34,4227
111,4229
125,4235
467,4260
41,4266
91,4280
212,4284
341,4290
423,4298
129,4341
454,4364
367,4390
256,4404
498,4412
303,4426
440,4443
297,4446
402,4447
452,4528
53,4571
320,4571
288,4580
69,4585
193,4608
61,4642
391,4650
290,4652
266,4682
314,4698
226,4705
29,4720
206,4739
400,4756
335,4804
231,4848
259,4889
43,4900
116,4921
295,4931
428,4977
456,4993
328,4999
30,5005
432,5005
309,5018
224,5137
142,5249
279,5260
393,5280
227,5282
443,5283
81,5283
366,5304
375,5351
426,5416
188,5544
107,5587
174,5594
252,5628
217,5633
310,5696
138,5943
219,5951
184,5976
10,5979
334,6305
243,6321
322,6333
98,6674
139,6690
474,7026
9,7379

simblock.block.ProofOfWorkBlock@6f629d02:38
465,0
362,483
269,668
257,863
73,973
19,1053
130,1154
429,1158
479,1242
238,1345
403,1347
26,1347
52,1453
428,1519
365,1531
228,1532
480,1533
74,1533
132,1635
247,1640
396,1643
361,1721
281,1721
109,1733
398,1739
454,1811
82,1815
468,1823
2,1828
37,1829
384,1831
280,1839
444,1840
291,1910
215,1913
166,1918
453,1922
59,1924
234,1931
33,2010
102,2010
32,2010
101,2014
120,2014
218,2015
90,2016
327,2037
294,2083
54,2090
424,2102
462,2110
441,2116
131,2117
292,2117
440,2118
174,2119
421,2126
17,2129
46,2139
484,2190
254,2195
117,2196
182,2200
209,2202
404,2203
273,2203
5,2204
298,2206
42,2211
451,2214
435,2223
149,2226
427,2239
222,2242
443,2288
331,2290
240,2295
150,2303
370,2306
191,2306
197,2311
463,2311
411,2315
300,2319
438,2323
83,2326
497,2327
212,2327
237,2329
213,2366
29,2374
95,2378
144,2384
277,2384
394,2386
325,2391
385,2391
175,2392
486,2392
253,2392
449,2394
326,2394
186,2400
56,2401
134,2404
347,2411
241,2413
14,2418
76,2437
69,2463
392,2468
488,2481
358,2482
105,2487
185,2489
251,2490
349,2494
275,2495
87,2495
75,2497
416,2504
383,2508
15,2509
119,2509
249,2509
301,2514
108,2515
306,2518
39,2521
106,2521
278,2524
97,2529
44,2530
490,2534
450,2544
448,2567
123,2571
192,2574
285,2577
329,2581
431,2582
446,2583
330,2583
342,2584
21,2588
220,2589
307,2589
355,2591
353,2597
225,2601
159,2601
272,2603
245,2606
187,2609
84,2612
25,2625
338,2627
426,2642
494,2645
340,2648
343,2651
283,2652
31,2670
436,2671
1,2671
199,2672
380,2676
485,2677
483,2680
47,2681
359,2692
318,2694
381,2695
96,2696
216,2700
406,2700
203,2704
455,2708
214,2716
11,2720
235,2729
188,2758
111,2763
156,2768
397,2770
165,2771
205,2772
155,2778
319,2780
35,2780
86,2781
445,2784
409,2787
236,2788
304,2789
466,2790
157,2794
135,2797
317,2798
339,2798
320,2801
379,2803
161,2805
88,2805
390,2807
61,2811
376,2814
98,2817
204,2817
49,2820
482,2822
472,2828
198,2831
312,2853
148,2858
323,2859
352,2861
226,2863
496,2867
279,2868
437,2870
367,2871
313,2871
337,2871
118,2873
48,2874
103,2877
143,2878
382,2878
346,2883
270,2884
27,2886
407,2888
344,2892
457,2896
410,2902
434,2904
258,2931
469,2933
386,2936
40,2943
16,2950
122,2952
310,2952
470,2955
267,2956
116,2956
377,2956
425,2957
478,2958
345,2959
250,2964
408,2966
158,2970
57,2971
169,2971
136,2971
78,2975
133,2977
321,2982
471,2985
261,2987
388,2988
151,2989
324,2993
80,2994
13,2998
181,3003
163,3007
129,3035
417,3049
164,3051
93,3051
147,3058
401,3059
389,3059
154,3060
6,3065
399,3067
419,3068
177,3069
89,3082
114,3093
153,3094
60,3101
260,3111
230,3116
357,3137
112,3140
500,3140
127,3143
140,3146
189,3147
12,3148
85,3149
24,3149
373,3150
282,3156
168,3158
137,3159
328,3160
363,3165
173,3166
265,3177
464,3180
184,3182
94,3187
433,3188
170,3192
99,3192
20,3199
207,3205
193,3206
366,3216
126,3216
351,3224
255,3230
141,3232
439,3234
227,3235
264,3236
395,3236
487,3239
422,3240
293,3244
481,3250
65,3250
493,3251
495,3255
477,3256
248,3259
224,3260
206,3271
499,3273
200,3273
72,3279
128,3282
176,3291
23,3293
271,3294
297,3313
393,3314
41,3317
299,3326
22,3329
7,3330
124,3338
162,3340
348,3349
284,3371
160,3372
43,3374
402,3389
183,3393
115,3403
315,3424
303,3428
4,3429
233,3429
350,3430
412,3430
64,3430
208,3438
302,3445
334,3450
492,3461
473,3498
289,3499
100,3508
36,3515
201,3520
287,3522
316,3522
415,3529
308,3529
364,3530
55,3531
231,3535
142,3535
180,3539
456,3542
360,3545
276,3548
70,3548
442,3549
3,3564
18,3595
145,3601
459,3607
332,3611
50,3615
63,3618
311,3624
68,3632
335,3639
372,3643
246,3681
259,3693
34,3701
266,3704
387,3708
179,3708
475,3709
432,3710
336,3713
414,3716
405,3723
104,3726
309,3734
8,3750
418,3765
53,3781
244,3793
447,3800
458,3807
369,3807
239,3807
420,3812
51,3817
491,3818
146,3820
107,3825
489,3876
210,3885
498,3898
113,3905
461,3948
295,3962
460,3982
58,3986
110,3987
194,3989
476,3989
368,3995
121,3999
28,4007
262,4031
452,4057
333,4062
268,4068
171,4080
196,4089
274,4097
77,4102
430,4107
71,4122
125,4124
45,4159
413,4164
296,4172
202,4183
223,4194
305,4265
92,4266
190,4269
178,4271
91,4275
286,4275
9,4318
356,4340
252,4357
152,4387
391,4448
79,4449
467,4454
219,4461
10,4461
242,4476
400,4516
30,4526
374,4540
263,4549
211,4549
62,4552
66,4553
375,4614
229,4616
167,4621
322,4672
314,4712
232,4743
371,4812
81,4813
38,4827
354,4865
172,4884
138,4900
221,4907
243,4971
290,4973
139,5065
423,5217
195,5217
341,5251
378,5322
288,5570
256,5595
67,5934
474,5976
217,6354

simblock.block.ProofOfWorkBlock@57b80053:39
218,0
73,480
240,677
215,869
325,959
416,1059
37,1150
411,1161
209,1259
298,1344
268,1347
19,1353
42,1446
149,1446
362,1529
126,1534
497,1538
228,1545
323,1628
35,1637
291,1643
404,1646
247,1714
495,1723
383,1725
342,1733
222,1817
96,1826
301,1828
65,1831
444,1833
465,1835
2,1836
52,1899
365,1909
470,1920
144,1924
5,1928
76,1930
463,2003
238,2010
370,2012
285,2017
379,2021
74,2021
269,2023
111,2023
327,2024
437,2026
257,2094
131,2105
478,2113
197,2113
267,2116
97,2121
26,2122
169,2122
361,2125
438,2134
201,2179
249,2188
429,2196
109,2197
17,2202
384,2205
281,2208
277,2209
317,2213
182,2214
101,2220
15,2220
469,2223
468,2279
210,2294
331,2297
108,2305
48,2309
388,2310
33,2310
280,2311
166,2315
405,2319
479,2319
46,2320
119,2325
83,2330
251,2379
234,2388
150,2390
20,2391
424,2394
304,2396
387,2396
486,2397
286,2399
500,2399
480,2406
177,2407
245,2408
355,2410
56,2410
151,2410
141,2411
396,2414
289,2415
8,2434
422,2457
449,2475
397,2482
386,2483
272,2488
462,2489
316,2494
329,2495
11,2498
6,2499
87,2499
394,2503
347,2505
358,2505
235,2511
403,2516
106,2517
313,2524
233,2531
435,2560
421,2573
294,2575
326,2576
127,2576
254,2576
28,2583
431,2583
282,2585
380,2590
159,2592
158,2593
483,2596
258,2596
359,2597
455,2600
464,2600
54,2602
436,2605
123,2606
427,2611
90,2623
146,2635
348,2659
175,2668
112,2672
414,2673
441,2676
220,2676
337,2677
340,2681
120,2685
118,2687
307,2688
102,2689
274,2689
192,2689
273,2691
179,2693
345,2695
353,2696
85,2696
398,2697
191,2707
80,2712
170,2739
333,2739
409,2745
458,2754
270,2769
130,2772
91,2776
312,2778
300,2781
198,2782
122,2783
167,2783
475,2783
181,2785
174,2787
349,2789
188,2789
244,2791
134,2791
241,2793
382,2797
351,2803
401,2804
466,2805
110,2810
59,2814
390,2829
237,2842
66,2847
407,2847
128,2849
494,2852
7,2855
352,2862
206,2864
132,2864
168,2869
231,2869
117,2876
121,2878
187,2878
160,2878
29,2879
147,2881
70,2893
205,2894
78,2901
385,2902
346,2936
62,2937
113,2943
261,2950
39,2951
439,2956
426,2957
40,2957
203,2959
446,2961
367,2963
412,2965
336,2966
306,2966
493,2967
93,2971
330,2972
135,2974
418,2974
163,2975
373,2977
88,2978
196,2979
338,2979
224,2982
94,2987
9,2989
49,2991
262,2992
199,2992
318,2993
47,2994
303,3001
165,3006
31,3019
443,3022
481,3039
44,3043
148,3046
408,3047
488,3056
368,3059
374,3061
153,3062
419,3063
376,3065
292,3065
129,3066
61,3069
89,3069
305,3070
442,3074
491,3075
27,3077
278,3079
255,3079
176,3080
200,3085
211,3086
75,3087
114,3093
434,3094
226,3121
55,3129
271,3139
69,3139
57,3143
324,3149
77,3152
344,3153
103,3155
79,3156
275,3156
63,3158
309,3162
53,3164
354,3170
4,3174
381,3177
332,3182
243,3200
68,3203
400,3208
299,3210
22,3229
369,3229
356,3234
84,3238
283,3240
190,3243
21,3243
315,3244
184,3245
377,3246
476,3249
350,3250
253,3253
216,3254
60,3255
157,3256
343,3265
293,3267
406,3267
308,3273
137,3276
162,3282
276,3291
447,3297
225,3312
321,3323
32,3323
498,3324
189,3336
186,3339
217,3341
99,3342
392,3343
363,3345
471,3346
485,3346
459,3349
180,3362
264,3366
460,3369
410,3378
183,3384
256,3387
328,3402
482,3411
391,3428
430,3430
357,3432
477,3435
219,3436
92,3444
104,3448
116,3454
454,3455
16,3460
173,3479
98,3494
360,3499
399,3513
492,3515
86,3518
161,3521
440,3523
51,3524
178,3526
72,3528
230,3529
266,3531
195,3533
451,3535
246,3535
389,3535
445,3537
204,3543
461,3557
115,3571
154,3574
45,3583
467,3600
185,3601
260,3605
171,3618
64,3620
393,3622
136,3623
433,3627
496,3629
456,3630
302,3640
221,3650
372,3652
413,3654
279,3657
95,3683
207,3692
213,3692
208,3711
133,3716
425,3727
472,3733
140,3738
14,3777
287,3798
490,3798
239,3802
415,3805
453,3805
58,3806
1,3806
311,3807
378,3811
164,3821
212,3822
450,3880
229,3885
67,3887
489,3901
36,3903
250,3919
499,3932
125,3934
297,3947
428,3988
366,3990
107,4007
320,4016
252,4030
202,4078
457,4079
3,4083
10,4084
310,4086
448,4089
420,4089
18,4100
12,4111
375,4152
100,4158
296,4161
484,4178
319,4180
194,4197
152,4243
25,4273
143,4276
335,4287
23,4300
259,4323
402,4358
13,4361
417,4367
214,4372
139,4384
223,4403
24,4436
371,4439
34,4441
284,4466
156,4482
341,4504
193,4513
41,4531
263,4534
155,4551
138,4627
473,4642
487,4645
124,4650
50,4651
142,4680
395,4707
265,4713
82,4719
105,4762
452,4800
364,4890
232,4905
432,4924
339,4931
71,4952
314,4982
248,5003
172,5059
145,5076
474,5156
236,5210
227,5265
423,5284
30,5357
43,5410
38,5432
295,5564
334,5638
322,5767
81,5919
290,5991
288,6271
242,6625

simblock.block.ProofOfWorkBlock@1b88ff2c:39
14,0
26,488
292,679
35,866
257,969
308,1146
424,1165
384,1167
416,1348
347,1352
444,1354
449,1425
323,1453
149,1541
15,1541
187,1545
343,1550
465,1639
381,1644
383,1648
57,1702
472,1706
327,1729
74,1730
301,1732
353,1830
358,1830
500,1831
19,1832
46,1845
39,1859
280,1916
132,1921
156,1951
55,1981
203,1985
458,2009
94,2012
109,2016
394,2021
397,2024
5,2031
244,2054
430,2104
53,2111
379,2111
27,2113
317,2127
306,2138
475,2164
95,2199
291,2212
436,2213
355,2213
300,2221
385,2251
24,2260
422,2262
3,2263
25,2263
447,2265
62,2286
462,2297
204,2297
182,2312
141,2313
202,2367
7,2391
443,2394
480,2399
130,2401
238,2406
213,2411
427,2413
214,2415
454,2416
303,2417
382,2431
29,2434
82,2449
64,2485
478,2489
160,2494
277,2500
491,2507
101,2512
466,2513
49,2514
161,2520
311,2521
359,2535
489,2536
315,2544
412,2549
433,2555
393,2564
338,2568
174,2568
116,2569
140,2569
107,2569
61,2572
459,2587
240,2590
406,2602
179,2602
318,2604
401,2660
44,2665
176,2672
476,2673
410,2674
278,2679
85,2680
333,2682
59,2686
165,2700
283,2702
281,2707
75,2721
302,2722
286,2722
143,2722
250,2724
293,2727
157,2739
78,2755
487,2767
407,2770
363,2772
450,2774
166,2777
414,2778
331,2791
474,2810
88,2812
387,2815
448,2821
54,2823
468,2824
114,2825
270,2829
435,2830
118,2836
261,2838
451,2838
216,2846
409,2857
60,2874
441,2877
1,2878
494,2880
17,2888
497,2890
325,2894
408,2896
84,2902
83,2910
56,2912
320,2915
98,2920
230,2921
324,2929
110,2933
492,2934
120,2939
253,2940
248,2947
352,2959
86,2961
51,2968
305,2973
205,2974
162,2978
199,2981
185,2982
13,2982
135,2986
22,2993
431,2994
212,2996
163,3001
267,3009
80,3015
155,3033
402,3037
72,3048
399,3049
350,3055
426,3059
8,3063
439,3075
310,3077
483,3083
121,3083
18,3085
151,3092
124,3092
264,3094
147,3095
112,3098
345,3102
464,3103
455,3105
420,3114
417,3121
148,3125
460,3126
272,3126
133,3130
351,3131
167,3134
237,3143
344,3147
63,3152
373,3152
326,3156
158,3158
131,3161
392,3167
419,3177
105,3177
168,3183
298,3185
206,3189
177,3196
223,3205
319,3206
122,3230
389,3233
194,3236
390,3242
437,3242
97,3251
413,3254
6,3263
144,3267
175,3279
178,3282
77,3290
342,3297
241,3305
418,3306
221,3317
137,3322
66,3340
200,3340
279,3342
346,3342
457,3344
411,3350
231,3358
32,3359
349,3368
329,3369
73,3371
153,3372
304,3388
226,3395
234,3395
233,3400
70,3402
224,3409
446,3410
99,3412
125,3421
102,3421
183,3423
191,3428
249,3433
170,3439
477,3449
33,3452
445,3457
58,3459
362,3464
164,3469
470,3470
152,3473
129,3474
20,3474
370,3479
169,3491
307,3504
434,3504
396,3505
289,3517
432,3528
218,3532
127,3555
266,3556
421,3560
429,3572
154,3579
287,3592
184,3601
245,3612
499,3614
336,3617
330,3619
337,3621
481,3623
100,3627
361,3630
258,3632
235,3635
369,3636
332,3642
375,3643
452,3644
68,3646
341,3648
405,3650
47,3654
378,3661
314,3667
42,3680
268,3696
254,3703
366,3708
461,3713
340,3715
198,3719
297,3719
456,3732
282,3736
442,3737
309,3740
186,3752
356,3754
242,3755
438,3759
284,3761
50,3764
208,3767
360,3774
251,3782
90,3798
37,3832
486,3838
316,3842
463,3850
104,3856
274,3857
134,3861
40,3862
181,3893
269,3895
79,3902
188,3903
159,3919
196,3919
335,3920
482,3922
490,3927
428,3928
193,3939
190,3947
220,3948
388,3962
479,3984
376,3985
10,3988
189,3996
38,4004
36,4018
31,4031
423,4031
117,4033
2,4050
209,4065
145,4094
150,4105
313,4111
229,4111
23,4115
106,4128
115,4136
243,4155
52,4164
273,4165
493,4200
16,4208
354,4208
138,4208
4,4211
217,4212
11,4215
368,4215
173,4224
246,4238
256,4282
495,4286
180,4296
471,4315
126,4324
111,4332
290,4341
34,4359
232,4365
219,4368
65,4370
263,4375
215,4393
139,4414
197,4432
372,4469
92,4478
398,4480
211,4501
252,4556
43,4563
146,4564
67,4568
357,4573
262,4593
103,4622
276,4633
108,4638
328,4652
96,4665
334,4697
119,4746
260,4747
453,4757
28,4790
485,4795
76,4797
91,4852
395,4907
30,4915
288,4928
222,4933
374,4944
271,5020
440,5035
312,5081
348,5132
207,5138
265,5145
275,5161
425,5168
403,5199
294,5233
295,5256
322,5272
195,5284
136,5312
236,5366
172,5407
380,5464
498,5491
171,5517
69,5602
484,5602
259,5683
210,5697
285,5731
467,5947
9,5958
365,5998
400,6044
386,6072
488,6134
81,6310
227,6314
371,6667
364,7022

simblock.block.ProofOfWorkBlock@3322eeeb:40
169,0
49,480
47,665
382,851
159,957
42,1047
289,1142
385,1152
175,1234
35,1336
468,1339
141,1341
342,1422
131,1447
5,1527
109,1533
317,1548
123,1609
1,1613
277,1622
147,1630
114,1634
48,1718
215,1722
380,1735
241,1802
93,1808
436,1811
316,1815
462,1815
191,1819
20,1828
491,1891
268,1907
434,1908
244,1908
377,1923
361,1929
497,1989
285,2004
384,2005
381,2008
15,2011
127,2014
31,2017
298,2017
301,2029
140,2087
419,2094
480,2095
144,2096
112,2105
158,2106
300,2117
394,2124
118,2169
84,2185
487,2185
320,2185
87,2191
431,2192
187,2196
132,2199
228,2203
225,2204
72,2206
392,2210
52,2214
411,2220
102,2228
386,2272
325,2283
469,2289
166,2290
251,2291
463,2293
117,2294
358,2298
275,2303
448,2304
182,2305
383,2310
486,2318
399,2321
352,2325
28,2363
441,2374
213,2375
65,2378
130,2379
179,2380
403,2383
444,2384
74,2388
470,2390
220,2400
153,2400
492,2400
404,2414
432,2425
494,2426
75,2445
267,2457
412,2465
264,2471
422,2473
329,2474
396,2477
108,2477
198,2478
401,2478
54,2481
402,2485
292,2485
440,2486
192,2487
479,2492
455,2493
165,2494
96,2496
82,2497
33,2497
119,2501
445,2505
442,2505
309,2508
80,2514
351,2514
51,2516
249,2521
493,2556
6,2563
17,2565
327,2570
78,2570
443,2572
346,2576
234,2579
261,2580
58,2581
416,2583
157,2584
64,2587
257,2588
218,2590
269,2603
430,2610
7,2614
97,2617
57,2622
376,2631
484,2635
21,2654
77,2662
150,2665
409,2666
349,2666
344,2667
86,2669
353,2670
46,2671
427,2676
151,2676
203,2678
330,2680
424,2681
73,2684
8,2686
126,2694
197,2695
222,2700
272,2708
464,2716
328,2720
350,2728
162,2729
12,2733
3,2737
233,2739
190,2743
426,2744
359,2748
194,2751
413,2751
496,2754
101,2755
429,2756
120,2758
476,2766
472,2771
185,2772
281,2772
338,2774
200,2774
178,2775
209,2778
237,2778
103,2779
406,2783
37,2784
483,2784
454,2786
495,2788
94,2790
438,2792
326,2796
283,2799
347,2804
324,2812
355,2815
415,2822
428,2837
276,2837
294,2848
475,2849
106,2851
2,2852
323,2853
375,2854
345,2857
365,2858
310,2859
318,2863
83,2864
44,2871
340,2877
279,2878
121,2882
235,2886
210,2887
207,2891
364,2892
253,2892
304,2900
129,2902
22,2915
255,2921
245,2926
370,2933
211,2933
273,2935
478,2942
240,2945
387,2955
66,2959
4,2962
278,2967
186,2967
181,2967
14,2968
224,2969
24,2970
390,2970
134,2974
214,2976
500,2976
59,2976
397,2978
473,2981
13,2984
306,2984
11,2990
40,2999
296,3015
362,3021
227,3021
204,3029
91,3034
176,3038
124,3042
38,3047
122,3048
265,3049
26,3049
302,3053
168,3054
160,3055
407,3059
61,3062
85,3064
308,3064
307,3065
303,3065
488,3071
90,3073
133,3075
247,3079
485,3081
113,3085
354,3087
446,3093
391,3116
164,3118
56,3119
189,3129
154,3133
451,3137
262,3138
356,3138
343,3140
369,3141
433,3147
280,3154
398,3162
367,3162
331,3164
177,3167
439,3170
172,3191
170,3199
481,3202
238,3215
152,3216
188,3221
34,3224
62,3224
400,3229
458,3240
339,3241
393,3245
312,3246
321,3251
410,3253
291,3263
254,3266
138,3270
395,3272
246,3272
100,3277
139,3288
465,3289
148,3307
195,3307
43,3309
474,3313
499,3315
457,3317
212,3319
76,3319
313,3329
333,3332
199,3335
229,3341
155,3341
379,3341
27,3343
25,3343
201,3348
19,3351
111,3365
239,3395
437,3397
461,3403
297,3407
167,3411
378,3414
336,3415
447,3416
18,3426
231,3429
116,3429
115,3430
173,3430
418,3439
460,3441
295,3450
149,3482
408,3501
236,3504
50,3517
230,3523
107,3526
88,3535
449,3538
68,3542
202,3586
420,3595
16,3597
322,3603
260,3603
286,3610
489,3622
205,3623
348,3626
95,3627
388,3629
161,3630
314,3653
104,3662
335,3666
490,3673
156,3684
135,3696
183,3707
32,3708
125,3713
196,3724
315,3724
99,3733
259,3736
421,3755
193,3757
374,3758
10,3782
453,3786
219,3788
311,3794
450,3815
146,3828
128,3867
368,3873
456,3881
372,3885
337,3887
371,3888
363,3890
248,3901
466,3905
216,3909
143,3909
287,3910
250,3954
435,3961
477,4002
92,4003
258,4021
252,4027
223,4040
67,4050
334,4057
423,4062
274,4073
425,4077
360,4096
299,4098
41,4112
263,4141
471,4158
208,4172
226,4172
417,4187
373,4187
110,4191
70,4191
357,4205
81,4224
23,4235
137,4241
217,4248
174,4268
305,4280
136,4287
270,4354
184,4362
171,4400
452,4409
242,4420
319,4454
414,4472
71,4497
55,4499
30,4513
89,4523
69,4533
232,4549
266,4562
221,4600
293,4639
405,4641
389,4733
39,4753
341,4769
9,4781
282,4787
36,4812
271,4887
332,4927
79,4993
163,5017
63,5037
180,5070
45,5129
288,5279
60,5297
459,5316
105,5348
290,5485
29,5579
366,5602
284,5633
498,5703
482,5857
53,5880
98,5985
206,6148
256,6244
467,6492
145,6847
243,7191
142,7547

simblock.block.ProofOfWorkBlock@5146dc5e:41
429,0
280,500
362,689
396,874
149,982
440,1151
365,1168
35,1168
46,1353
455,1356
238,1365
18,1428
102,1464
497,1546
237,1547
266,1555
465,1556
14,1646
26,1650
33,1653
458,1705
350,1709
301,1733
182,1740
73,1741
412,1832
326,1833
76,1838
244,1840
254,1840
74,1853
70,1868
349,1943
224,1957
415,1983
408,1990
116,2013
333,2019
82,2021
253,2024
218,2024
191,2025
177,2027
285,2030
291,2031
470,2033
281,2052
19,2055
61,2111
154,2111
239,2118
264,2126
327,2129
444,2141
292,2146
278,2147
397,2150
490,2177
323,2210
11,2212
317,2216
495,2219
277,2220
169,2222
52,2229
325,2238
257,2242
478,2256
485,2264
389,2265
124,2270
312,2274
445,2274
233,2292
274,2301
386,2305
8,2306
39,2309
383,2317
380,2319
422,2319
198,2320
359,2323
424,2329
89,2331
117,2337
273,2338
460,2362
110,2389
487,2395
434,2401
249,2403
441,2406
353,2407
150,2410
468,2411
484,2416
471,2419
179,2422
226,2424
15,2424
247,2424
213,2426
188,2427
367,2430
479,2433
16,2438
308,2444
387,2445
85,2461
496,2490
51,2490
436,2506
209,2508
234,2508
56,2509
431,2510
140,2517
134,2519
370,2520
164,2523
153,2526
300,2526
126,2528
88,2531
192,2532
329,2535
93,2541
186,2542
331,2542
205,2548
155,2551
202,2570
343,2570
63,2575
157,2578
95,2582
28,2583
473,2588
368,2590
120,2590
466,2591
203,2592
394,2594
111,2596
457,2601
420,2601
279,2602
469,2603
62,2606
379,2609
37,2611
268,2611
310,2614
83,2626
54,2642
402,2651
330,2668
92,2670
128,2672
363,2673
250,2677
443,2678
491,2679
158,2683
248,2687
267,2688
347,2697
75,2698
464,2698
47,2698
215,2699
27,2700
355,2703
163,2703
382,2704
225,2708
428,2711
499,2714
197,2715
438,2719
289,2719
57,2722
137,2725
303,2727
328,2735
77,2736
168,2737
25,2745
212,2754
72,2768
99,2780
240,2784
131,2786
187,2786
178,2787
103,2788
381,2789
416,2795
401,2796
385,2797
352,2799
494,2803
60,2803
143,2807
135,2811
5,2811
161,2811
442,2813
476,2817
20,2819
311,2825
475,2828
66,2828
118,2829
377,2829
165,2830
414,2831
450,2833
419,2833
294,2847
446,2848
94,2849
44,2852
105,2855
40,2858
84,2868
148,2869
96,2875
500,2880
214,2883
463,2883
133,2883
342,2883
337,2885
366,2885
162,2888
136,2889
258,2889
87,2893
123,2893
425,2898
130,2902
31,2903
407,2903
430,2906
22,2906
208,2912
272,2918
159,2929
324,2935
332,2949
4,2949
403,2952
129,2959
306,2962
358,2964
181,2964
204,2965
449,2968
97,2972
251,2975
6,2976
448,2977
426,2978
309,2981
49,2986
78,2990
454,2991
196,2993
338,2995
411,2996
270,3001
106,3004
230,3013
398,3014
32,3014
318,3016
346,3019
433,3019
59,3039
86,3040
1,3051
17,3051
176,3056
413,3062
320,3067
321,3067
121,3068
399,3069
108,3069
147,3075
156,3077
166,3077
199,3088
305,3088
42,3092
437,3095
488,3100
90,3104
307,3110
222,3113
344,3115
119,3119
439,3120
2,3121
141,3125
195,3136
170,3140
348,3149
184,3153
480,3158
144,3160
255,3163
293,3168
298,3169
405,3169
393,3174
287,3175
132,3177
447,3183
371,3191
174,3192
122,3194
24,3196
390,3206
453,3208
314,3215
451,3240
375,3245
101,3245
283,3251
313,3256
369,3257
286,3258
53,3268
145,3270
275,3271
220,3282
114,3283
113,3295
361,3298
12,3305
175,3327
3,3330
104,3332
109,3337
418,3339
7,3340
43,3344
409,3346
299,3347
486,3348
374,3348
472,3348
79,3349
206,3351
127,3352
67,3353
462,3364
373,3366
322,3374
421,3384
34,3402
45,3407
125,3426
404,3427
435,3430
269,3430
194,3431
138,3442
345,3442
477,3444
211,3446
482,3451
100,3472
151,3472
360,3504
351,3505
391,3505
302,3518
217,3522
50,3525
284,3526
190,3535
221,3541
64,3542
98,3546
146,3557
265,3560
461,3561
115,3565
29,3569
245,3573
228,3597
80,3605
65,3605
432,3614
112,3618
417,3619
107,3625
23,3627
356,3629
36,3644
231,3653
68,3660
235,3696
200,3714
201,3720
262,3721
340,3725
260,3727
319,3731
427,3734
246,3770
242,3779
207,3795
406,3807
236,3820
167,3848
456,3854
376,3875
241,3884
388,3886
69,3891
493,3894
210,3898
392,3904
296,3925
91,3933
259,3935
71,3958
276,3967
261,3998
395,3999
339,3999
336,4006
492,4007
483,4011
185,4013
378,4078
372,4104
10,4131
316,4143
48,4156
189,4163
304,4172
81,4179
459,4182
354,4211
216,4213
474,4270
30,4282
315,4282
489,4285
410,4289
142,4291
183,4301
243,4350
41,4365
271,4379
384,4428
13,4453
193,4464
55,4506
400,4550
229,4558
21,4564
160,4569
173,4585
172,4636
232,4640
288,4651
452,4655
481,4705
364,4716
139,4759
58,4792
38,4805
252,4825
223,4871
297,4900
9,4901
227,4913
341,4924
256,4992
219,5008
357,5076
295,5087
423,5160
171,5205
335,5224
467,5342
282,5359
152,5360
290,5528
263,5582
180,5637
334,5884
498,5994

simblock.block.ProofOfWorkBlock@13fd35fa:42
360,0
171,681
370,1068
462,1457
198,1545
398,1698
298,1731
306,1890
132,1918
117,1936
76,2027
90,2098
220,2105
35,2125
479,2185
19,2210
6,2221
302,2292
5,2313
257,2315
136,2316
222,2370
292,2398
109,2403
119,2413
358,2419
36,2447
249,2500
15,2502
149,2510
1,2529
431,2578
151,2589
73,2592
394,2595
277,2599
454,2602
14,2611
74,2611
89,2649
150,2667
177,2687
380,2690
329,2692
234,2695
472,2714
318,2718
483,2722
475,2751
315,2757
403,2764
33,2781
301,2783
83,2785
240,2793
359,2794
281,2799
165,2802
181,2806
210,2851
59,2852
404,2852
92,2866
424,2880
258,2880
52,2887
466,2890
421,2895
187,2897
111,2904
85,2928
484,2935
97,2949
440,2958
130,2968
425,2969
379,2972
96,2975
57,2979
382,2981
49,2985
342,2986
436,2986
251,2989
486,2993
459,3000
433,3007
397,3007
11,3008
489,3011
153,3018
102,3028
131,3041
37,3042
270,3045
328,3053
268,3063
355,3065
331,3066
362,3070
388,3073
289,3077
42,3079
2,3081
313,3082
192,3090
191,3092
478,3093
347,3097
369,3129
179,3159
285,3161
442,3163
12,3164
300,3166
213,3166
25,3167
211,3170
65,3170
228,3173
123,3173
325,3174
323,3175
464,3175
401,3180
218,3193
161,3212
200,3212
305,3228
465,3236
245,3236
94,3246
500,3247
264,3247
291,3250
44,3254
247,3256
275,3256
215,3258
339,3258
446,3259
273,3263
320,3269
112,3269
28,3274
126,3274
147,3274
244,3275
134,3278
53,3280
444,3281
317,3282
438,3283
20,3283
157,3283
441,3284
144,3285
120,3286
22,3287
78,3295
326,3295
106,3295
237,3311
392,3317
127,3319
386,3327
286,3334
167,3343
116,3344
361,3353
470,3354
266,3357
47,3358
418,3359
101,3362
480,3363
417,3364
280,3366
345,3366
56,3375
239,3383
253,3383
407,3387
29,3390
54,3399
406,3405
233,3414
411,3426
170,3430
8,3437
272,3444
269,3449
402,3451
469,3453
62,3455
497,3458
141,3461
197,3462
159,3465
468,3465
493,3472
448,3474
365,3476
363,3477
230,3477
390,3477
445,3479
107,3480
381,3483
186,3491
18,3499
496,3507
327,3507
412,3513
463,3521
336,3526
100,3532
201,3536
422,3537
110,3543
137,3548
274,3549
166,3549
353,3549
80,3549
333,3550
416,3551
309,3552
75,3555
494,3558
384,3562
17,3562
420,3565
492,3567
178,3568
63,3570
88,3575
457,3575
316,3575
176,3576
175,3581
168,3582
332,3590
229,3595
184,3606
108,3613
84,3628
293,3630
103,3630
405,3634
128,3637
27,3637
460,3637
385,3643
344,3644
196,3645
148,3651
209,3653
495,3655
87,3656
93,3664
64,3666
61,3667
225,3691
193,3691
341,3693
349,3694
429,3713
254,3723
206,3728
204,3728
439,3733
226,3734
46,3734
351,3735
443,3735
26,3739
7,3742
276,3745
410,3745
169,3746
32,3746
205,3748
236,3749
366,3758
487,3761
432,3765
114,3767
21,3769
118,3785
383,3788
81,3798
235,3800
419,3804
367,3805
319,3807
267,3814
399,3814
248,3817
86,3820
143,3821
158,3827
182,3828
373,3829
499,3829
113,3829
51,3829
216,3830
437,3842
224,3860
71,3862
4,3864
199,3869
265,3875
287,3912
140,3917
43,3917
122,3925
311,3929
41,3930
400,3935
396,3940
142,3943
95,3945
294,3945
409,3973
138,3982
48,3983
152,3993
145,4001
241,4012
238,4013
324,4013
312,4015
129,4017
467,4020
155,4022
427,4026
368,4027
121,4038
299,4041
279,4041
203,4048
72,4052
50,4054
232,4055
135,4055
139,4066
482,4069
434,4071
255,4073
34,4073
307,4084
477,4088
447,4092
208,4092
455,4095
185,4096
476,4106
66,4108
488,4111
408,4113
357,4117
435,4120
356,4140
391,4157
259,4168
375,4169
461,4178
162,4206
338,4210
125,4218
188,4223
242,4229
393,4246
79,4268
376,4289
133,4290
337,4296
217,4297
350,4305
16,4321
207,4322
189,4325
146,4330
471,4333
485,4336
256,4336
304,4341
214,4356
310,4365
260,4368
458,4374
194,4377
202,4380
261,4394
23,4394
40,4395
282,4396
164,4403
451,4418
297,4453
430,4468
423,4474
490,4487
154,4501
372,4502
38,4520
271,4574
377,4575
252,4575
428,4586
481,4587
303,4615
473,4623
340,4633
352,4643
321,4652
387,4657
60,4661
378,4668
453,4671
335,4672
70,4677
180,4677
491,4681
308,4683
452,4685
413,4696
371,4750
246,4808
183,4830
374,4849
9,4871
354,4891
31,4897
13,4904
160,4907
69,4917
262,4926
284,4926
395,4928
348,4931
163,4938
55,4959
156,4960
124,4962
343,4974
173,4975
45,4978
10,5103
39,5105
3,5185
24,5209
346,5210
389,5215
105,5236
250,5239
288,5243
498,5249
104,5259
295,5270
449,5276
314,5276
115,5333
364,5339
450,5498
91,5514
99,5523
334,5536
174,5548
278,5556
195,5596
322,5610
263,5611
227,5634
456,5689
82,5785
283,5839
296,5882
67,5948
68,6056
221,6240
223,6383
172,6600
290,6953

simblock.block.ProofOfWorkBlock@483e7cac:42
70,0
422,406
201,564
445,718
443,816
440,871
148,971
39,994
21,1028
22,1119
282,1124
72,1149
417,1181
66,1246
211,1279
419,1280
478,1305
357,1334
482,1372
387,1397
294,1420
453,1432
156,1433
190,1439
213,1457
367,1492
94,1526
250,1526
85,1528
303,1551
332,1552
170,1585
95,1589
113,1592
236,1596
185,1604
420,1610
485,1644
214,1648
368,1680
500,1685
493,1685
487,1686
286,1706
58,1706
210,1737
432,1743
261,1748
312,1752
168,1762
356,1774
311,1780
91,1799
84,1801
253,1804
339,1826
337,1835
88,1837
407,1837
408,1840
426,1840
413,1841
124,1841
361,1852
57,1859
441,1864
399,1890
205,1898
279,1899
118,1905
366,1906
340,1928
154,1929
275,1933
103,1954
212,1954
206,1955
484,1956
121,1978
309,1981
105,1987
475,1991
401,1991
86,1993
186,1993
127,1994
466,1994
82,1998
160,2001
386,2008
308,2020
351,2047
304,2051
430,2052
345,2058
199,2058
226,2063
61,2077
196,2082
8,2086
352,2092
460,2107
53,2110
123,2110
483,2113
449,2116
225,2122
16,2130
159,2133
494,2134
343,2141
233,2145
135,2146
12,2147
262,2151
230,2151
393,2152
266,2153
179,2154
448,2155
31,2161
447,2169
414,2174
313,2196
62,2201
64,2204
157,2206
346,2216
203,2217
191,2226
89,2229
492,2235
328,2238
63,2238
338,2243
18,2245
178,2246
92,2246
306,2262
457,2263
333,2272
44,2286
202,2294
158,2294
264,2299
208,2299
488,2300
122,2305
272,2306
363,2307
24,2309
77,2313
365,2318
239,2323
129,2325
140,2326
255,2332
54,2337
305,2353
315,2359
425,2365
321,2369
267,2371
32,2382
406,2383
427,2387
281,2388
373,2392
7,2394
274,2399
188,2401
209,2401
436,2404
27,2406
49,2414
283,2415
451,2418
402,2418
75,2425
472,2435
428,2439
476,2446
143,2447
310,2455
458,2459
93,2461
473,2464
180,2465
51,2465
437,2467
320,2471
248,2478
109,2495
234,2498
381,2499
287,2502
153,2506
465,2517
396,2519
392,2523
25,2524
204,2531
459,2532
117,2535
107,2536
200,2547
133,2550
184,2550
285,2552
435,2553
293,2562
15,2565
394,2565
307,2570
319,2571
471,2580
151,2584
291,2587
167,2594
42,2598
412,2600
336,2614
278,2618
164,2621
439,2624
450,2625
429,2633
329,2635
163,2642
131,2647
150,2649
169,2653
377,2658
110,2658
495,2658
149,2669
254,2675
244,2675
46,2685
161,2690
165,2691
240,2692
5,2712
344,2717
116,2718
418,2725
176,2725
1,2726
197,2742
235,2747
14,2769
318,2773
112,2774
36,2777
497,2783
219,2784
316,2791
194,2798
379,2800
20,2802
222,2804
438,2811
13,2813
489,2817
47,2819
331,2819
177,2819
301,2824
350,2829
403,2837
218,2839
217,2849
405,2849
65,2852
11,2863
126,2870
100,2870
330,2870
480,2879
33,2881
409,2884
252,2887
147,2892
249,2893
355,2896
132,2899
130,2916
486,2920
182,2923
59,2924
463,2933
424,2942
378,2946
491,2955
198,2959
114,2962
30,2965
469,2968
376,2980
87,2980
388,3003
37,3004
96,3009
341,3014
40,3026
137,3026
152,3028
382,3034
348,3037
106,3039
464,3041
221,3047
323,3048
289,3057
28,3061
374,3066
431,3068
277,3077
187,3081
362,3088
90,3091
383,3106
74,3108
78,3110
398,3129
144,3131
83,3137
421,3138
360,3144
97,3145
238,3146
353,3147
292,3164
98,3165
120,3168
155,3178
136,3183
17,3190
195,3191
290,3198
258,3199
79,3216
370,3224
257,3234
35,3240
101,3248
29,3265
335,3268
43,3275
384,3275
68,3279
139,3299
207,3308
358,3308
138,3314
76,3330
342,3339
259,3351
327,3357
385,3363
245,3373
462,3374
322,3392
325,3395
256,3397
215,3402
175,3417
166,3434
229,3439
260,3445
172,3446
223,3451
371,3466
456,3469
73,3501
19,3502
452,3506
104,3516
349,3540
141,3543
263,3550
67,3556
326,3574
299,3575
280,3598
232,3599
56,3608
404,3613
38,3618
181,3624
347,3638
273,3639
142,3651
317,3661
334,3668
468,3692
146,3695
434,3700
189,3702
300,3774
192,3777
50,3778
474,3781
298,3814
52,3870
268,3874
411,3879
467,3880
115,3884
416,3891
34,3896
111,3906
446,3929
45,3939
391,3958
171,3962
359,3977
108,3984
481,4002
125,4012
269,4059
395,4087
400,4087
295,4138
390,4144
246,4155
479,4160
354,4176
237,4203
397,4214
314,4229
10,4249
145,4277
193,4288
423,4358
297,4440
380,4448
48,4465
288,4467
442,4475
119,4476
9,4523
364,4535
498,4542
375,4573
490,4612
183,4616
499,4641
81,4668
243,4714
242,4741
3,4745
220,4747
271,4855
2,4861
276,4904
284,4913
227,4920
433,5068
71,5136
99,5253
162,5288
174,5307
372,5356
461,5676
173,6113

simblock.block.ProofOfWorkBlock@96e4e67:43
333,0
77,406
63,559
226,713
133,808
157,868
51,977
255,984
451,1023
190,1118
248,1132
236,1136
58,1176
343,1212
336,1271
107,1275
28,1284
454,1303
415,1345
338,1366
161,1384
363,1389
13,1423
155,1429
29,1429
54,1438
393,1463
447,1499
348,1520
413,1523
491,1537
185,1539
414,1543
124,1581
113,1584
279,1586
25,1597
122,1607
344,1616
205,1674
305,1680
16,1680
459,1686
118,1689
478,1689
214,1692
488,1701
167,1710
203,1733
399,1737
180,1745
160,1751
392,1753
293,1769
106,1769
266,1773
328,1778
212,1795
116,1797
304,1829
409,1829
94,1832
208,1832
492,1836
320,1837
278,1838
92,1841
206,1844
430,1844
340,1845
309,1857
493,1873
199,1877
449,1885
91,1890
57,1900
188,1905
110,1910
482,1925
176,1936
499,1938
450,1939
36,1942
475,1949
427,1950
234,1959
267,1981
311,1983
158,1987
315,1991
186,1991
417,1992
163,1993
170,1994
489,1997
471,2000
1,2002
433,2005
95,2011
154,2011
12,2013
198,2017
53,2019
439,2022
457,2026
306,2032
191,2038
367,2039
21,2042
19,2044
270,2062
303,2077
31,2077
352,2084
368,2085
460,2085
319,2089
253,2090
85,2091
435,2092
373,2098
39,2098
312,2101
156,2104
200,2106
422,2113
162,2117
61,2121
148,2134
387,2135
204,2143
286,2145
7,2145
88,2145
184,2148
22,2150
210,2153
483,2156
366,2157
287,2157
440,2160
466,2161
275,2166
458,2175
429,2176
178,2178
441,2179
472,2185
136,2190
72,2192
473,2195
137,2204
70,2212
402,2218
26,2226
264,2230
448,2232
250,2234
310,2236
129,2238
494,2242
105,2243
426,2245
282,2246
103,2249
44,2251
231,2255
302,2255
377,2255
66,2258
224,2259
308,2259
112,2259
463,2265
330,2269
202,2270
254,2276
168,2276
298,2279
8,2289
82,2293
277,2294
135,2296
27,2297
428,2299
412,2301
3,2302
446,2304
425,2304
369,2305
164,2305
346,2307
166,2308
11,2311
93,2314
55,2316
484,2321
401,2328
4,2330
321,2331
292,2334
420,2343
64,2346
445,2347
100,2349
89,2353
37,2357
351,2359
342,2373
127,2384
485,2386
128,2388
408,2390
405,2390
407,2391
262,2396
60,2398
201,2400
211,2400
324,2403
18,2407
272,2409
389,2410
24,2423
332,2424
443,2428
357,2436
359,2436
20,2437
316,2442
496,2445
421,2450
80,2451
350,2453
500,2456
453,2460
487,2460
476,2466
358,2477
40,2481
307,2483
376,2487
432,2490
381,2500
230,2500
274,2512
182,2515
23,2521
283,2524
17,2526
469,2528
5,2530
251,2531
326,2544
111,2546
108,2546
477,2547
222,2548
209,2548
339,2549
216,2552
143,2552
196,2563
370,2569
380,2570
123,2573
130,2577
249,2577
291,2578
455,2579
245,2582
149,2583
384,2585
56,2585
416,2591
410,2598
337,2600
117,2601
388,2602
331,2602
241,2602
79,2605
419,2607
147,2614
285,2614
169,2622
280,2624
42,2646
365,2648
121,2652
192,2657
362,2661
361,2664
300,2665
86,2665
119,2676
329,2684
403,2697
159,2698
132,2699
345,2700
90,2703
75,2704
33,2716
84,2717
243,2718
356,2723
150,2727
411,2729
14,2729
83,2729
464,2729
101,2748
76,2752
490,2753
479,2759
438,2766
220,2772
235,2784
225,2791
325,2793
194,2804
247,2809
495,2814
171,2823
228,2823
318,2826
223,2830
34,2835
434,2836
165,2839
355,2845
404,2846
120,2848
2,2848
131,2852
109,2869
258,2874
144,2875
418,2875
97,2876
35,2880
126,2900
81,2902
452,2906
406,2906
269,2911
30,2912
207,2924
400,2926
195,2926
98,2927
322,2928
238,2931
273,2931
48,2938
397,2944
444,2965
294,2966
74,2968
104,2972
134,2973
394,2976
379,2978
38,2981
99,2981
265,2982
424,2983
227,2996
398,2996
244,3014
481,3021
390,3027
142,3032
498,3033
15,3036
189,3040
87,3050
378,3054
153,3060
59,3061
431,3079
383,3086
151,3091
371,3097
102,3107
442,3109
239,3119
396,3121
385,3131
437,3142
52,3147
276,3150
323,3152
281,3189
497,3199
456,3206
141,3207
261,3215
391,3221
49,3236
486,3239
374,3242
145,3256
360,3257
215,3263
395,3269
78,3273
468,3280
213,3300
480,3303
240,3305
71,3307
364,3322
125,3326
181,3330
375,3338
317,3359
263,3364
114,3378
237,3383
65,3384
465,3386
47,3415
218,3422
386,3426
140,3461
256,3464
187,3474
177,3487
6,3504
139,3509
146,3605
179,3615
334,3624
229,3638
436,3643
68,3644
288,3649
32,3650
259,3652
73,3654
301,3691
474,3704
299,3717
382,3741
467,3742
246,3743
284,3753
462,3762
62,3770
290,3801
219,3843
138,3895
327,3916
233,3923
349,3958
423,4029
314,4030
242,4030
313,4035
232,4049
295,4083
152,4096
217,4125
335,4132
289,4190
45,4198
41,4227
50,4274
67,4295
46,4301
252,4354
341,4407
271,4416
221,4431
96,4461
115,4467
257,4568
260,4605
193,4656
9,4663
10,4675
268,4729
461,4747
175,4749
470,4849
173,4871
197,4999
172,5039
296,5054
372,5067
353,5118
347,5268
43,5422
297,5506
69,5556
354,5672
174,5825
183,6266

simblock.block.ProofOfWorkBlock@22b4e4d7:44
178,0
402,412
426,565
488,717
253,855
483,869
24,967
477,1008
122,1022
346,1120
338,1140
16,1164
392,1182
428,1257
136,1273
255,1283
92,1292
348,1325
205,1340
129,1380
459,1409
186,1412
344,1439
8,1440
492,1447
414,1448
230,1482
91,1522
140,1529
427,1537
472,1542
283,1562
63,1565
85,1566
410,1592
204,1595
210,1608
328,1616
458,1639
307,1663
473,1674
393,1682
22,1692
407,1694
206,1695
77,1698
366,1719
412,1719
440,1719
367,1748
441,1748
93,1750
28,1760
80,1765
127,1792
453,1794
196,1800
52,1803
494,1811
264,1814
203,1816
168,1828
270,1835
53,1844
320,1844
200,1845
321,1849
170,1851
312,1854
363,1860
154,1860
352,1871
387,1878
460,1886
184,1888
339,1903
415,1905
208,1910
386,1915
157,1927
31,1934
25,1941
261,1944
95,1947
447,1958
66,1967
188,1968
454,1970
62,1974
248,1974
148,1979
478,1981
180,1989
267,1999
482,1999
287,2001
194,2002
89,2002
319,2006
262,2007
345,2011
143,2013
279,2019
36,2020
275,2021
469,2035
51,2038
162,2039
337,2040
213,2041
336,2057
466,2057
294,2058
332,2065
150,2070
35,2071
164,2078
304,2083
61,2086
78,2088
128,2093
445,2096
419,2099
301,2101
493,2104
413,2111
163,2112
124,2124
103,2125
308,2125
490,2131
420,2135
57,2136
21,2144
266,2147
185,2152
58,2153
315,2154
155,2155
457,2156
233,2160
7,2161
282,2162
118,2166
305,2172
176,2173
179,2173
285,2182
405,2191
489,2192
190,2196
105,2199
303,2209
107,2212
293,2213
286,2215
292,2217
422,2222
369,2226
443,2227
121,2236
380,2240
401,2243
84,2244
236,2245
86,2251
44,2253
153,2254
199,2255
448,2260
484,2265
12,2281
350,2283
82,2285
135,2287
40,2288
113,2288
73,2290
110,2293
158,2294
450,2297
333,2302
463,2303
272,2305
430,2306
411,2308
409,2310
471,2311
216,2314
302,2314
239,2315
106,2317
479,2317
250,2317
340,2319
278,2319
39,2329
499,2329
249,2335
29,2336
37,2340
18,2345
201,2351
487,2359
444,2359
225,2364
432,2364
54,2365
373,2366
237,2370
64,2370
27,2375
75,2378
13,2380
1,2381
144,2387
417,2387
500,2388
433,2391
55,2391
330,2391
226,2395
476,2397
131,2400
214,2406
491,2410
306,2411
167,2414
94,2422
202,2434
496,2435
224,2441
156,2441
166,2447
15,2448
446,2448
101,2452
19,2457
357,2459
389,2460
439,2472
485,2473
342,2473
351,2474
449,2474
72,2475
231,2480
60,2481
486,2483
130,2487
291,2489
435,2497
240,2505
147,2511
408,2517
451,2522
368,2522
120,2523
20,2525
211,2529
3,2536
246,2543
160,2550
362,2554
14,2558
327,2561
300,2563
70,2563
274,2564
383,2565
464,2570
74,2570
475,2573
418,2580
431,2582
212,2587
218,2588
117,2588
356,2594
132,2595
238,2596
390,2599
191,2601
403,2604
280,2610
88,2612
468,2621
442,2624
378,2627
416,2628
222,2634
437,2634
133,2639
47,2640
90,2640
83,2643
116,2649
100,2650
251,2656
324,2658
182,2658
424,2674
161,2677
349,2694
452,2699
48,2712
299,2714
361,2715
4,2717
331,2718
470,2718
32,2719
425,2721
377,2725
462,2732
228,2739
355,2746
76,2747
175,2757
108,2759
311,2767
245,2777
169,2777
49,2789
343,2809
376,2818
149,2827
310,2829
429,2831
438,2837
151,2839
421,2846
290,2855
235,2858
9,2861
177,2862
436,2877
358,2880
242,2898
289,2900
134,2901
247,2902
359,2905
263,2906
220,2914
317,2916
399,2920
33,2921
111,2923
370,2925
23,2932
142,2960
138,2963
137,2965
241,2978
314,2979
313,2981
309,2983
329,2987
481,2991
269,2993
232,3002
109,3007
341,3025
26,3025
215,3026
379,3042
495,3050
382,3057
227,3076
322,3078
406,3082
65,3084
152,3094
400,3098
254,3104
394,3105
68,3105
87,3105
480,3114
277,3124
189,3128
323,3128
146,3145
102,3159
347,3168
318,3181
192,3188
115,3201
2,3202
59,3233
112,3247
97,3252
46,3264
281,3271
198,3293
209,3312
257,3331
172,3345
397,3349
388,3356
271,3360
79,3361
398,3372
384,3380
41,3387
461,3396
139,3403
360,3403
295,3427
396,3433
123,3453
119,3457
325,3469
243,3493
229,3494
181,3500
165,3519
42,3530
434,3540
297,3543
81,3543
467,3544
56,3560
244,3602
365,3616
404,3624
455,3638
374,3703
50,3723
234,3735
260,3740
197,3768
296,3770
273,3786
96,3799
125,3806
381,3810
193,3835
395,3844
256,3874
268,3881
326,3889
6,3890
353,3904
71,3936
104,3938
114,4000
298,4048
187,4063
497,4065
456,4085
335,4125
465,4151
258,4156
183,4167
17,4177
265,4188
276,4194
174,4206
171,4218
10,4224
34,4261
126,4265
67,4282
30,4326
385,4333
375,4372
5,4420
219,4430
221,4444
43,4506
11,4535
498,4537
45,4571
474,4576
195,4601
99,4601
141,4602
284,4608
69,4634
391,4640
364,4663
316,4694
259,4720
159,4806
207,4810
145,4959
223,4966
371,4985
423,4987
354,5034
217,5075
252,5196
288,5200
334,5379
38,5456
372,5480
98,5575
173,5820

simblock.block.ProofOfWorkBlock@3dfe931f:45
42,0
169,483
48,670
109,855
497,962
329,1040
175,1153
225,1158
144,1244
220,1335
47,1339
179,1436
470,1446
325,1449
52,1520
462,1522
342,1524
289,1632
396,1633
268,1642
313,1651
257,1706
134,1707
440,1714
382,1715
74,1734
442,1814
434,1819
455,1820
380,1821
166,1837
448,1841
83,1893
56,1900
49,1903
234,1922
91,1926
388,1927
73,1931
328,1995
446,1998
436,2003
151,2004
381,2006
117,2007
317,2011
215,2030
456,2065
281,2079
298,2088
241,2091
159,2114
251,2116
429,2117
177,2117
301,2117
253,2117
327,2123
224,2123
86,2149
394,2150
358,2184
438,2186
130,2189
379,2194
5,2195
323,2196
385,2199
39,2204
15,2207
244,2211
19,2214
141,2218
389,2252
54,2275
228,2276
123,2276
277,2302
464,2303
11,2304
35,2304
182,2304
147,2309
350,2310
431,2312
237,2320
78,2331
367,2365
26,2374
421,2375
59,2376
390,2381
370,2384
331,2394
111,2396
275,2399
343,2401
307,2403
102,2407
90,2408
362,2409
312,2411
276,2417
75,2420
70,2430
445,2433
475,2463
205,2479
418,2481
366,2483
58,2484
181,2487
425,2489
191,2489
424,2491
150,2491
176,2494
165,2495
202,2496
46,2498
285,2502
240,2502
226,2503
2,2516
100,2525
411,2527
131,2530
473,2552
36,2558
22,2558
326,2561
480,2562
53,2563
192,2570
353,2571
197,2573
95,2574
336,2581
213,2583
486,2585
304,2588
76,2593
85,2594
309,2598
6,2600
218,2606
300,2607
106,2613
449,2615
479,2615
114,2629
347,2634
279,2649
399,2661
422,2661
363,2662
272,2666
361,2667
32,2673
403,2674
450,2676
435,2677
359,2679
212,2680
210,2685
280,2686
63,2686
444,2688
245,2689
101,2692
316,2693
402,2696
483,2697
112,2697
80,2700
404,2703
338,2708
488,2712
286,2712
209,2716
20,2716
433,2722
105,2723
270,2736
246,2744
465,2759
44,2766
262,2766
27,2766
236,2767
496,2768
441,2771
72,2772
124,2774
172,2775
333,2776
373,2777
487,2780
349,2781
14,2786
365,2787
249,2787
87,2793
149,2798
216,2804
247,2805
494,2807
121,2817
157,2818
132,2820
60,2821
261,2826
489,2833
89,2835
454,2836
437,2842
168,2849
185,2849
21,2851
321,2852
392,2853
269,2861
184,2861
478,2866
77,2871
133,2871
143,2872
274,2878
65,2878
376,2882
199,2884
7,2885
126,2890
203,2891
156,2891
238,2892
408,2897
170,2899
231,2903
397,2904
103,2904
174,2907
200,2913
140,2928
491,2938
485,2945
351,2947
82,2952
40,2962
384,2967
160,2967
201,2971
16,2972
451,2972
33,2973
406,2975
4,2976
190,2977
398,2980
28,2981
61,2984
293,2985
319,2992
387,2993
37,2994
79,2994
88,2995
340,2998
255,3006
416,3017
50,3027
23,3027
97,3038
66,3039
278,3044
264,3044
127,3045
230,3049
154,3049
420,3053
84,3057
8,3063
383,3063
68,3064
303,3066
339,3070
282,3077
481,3079
3,3083
122,3083
128,3085
196,3086
355,3087
113,3098
233,3126
490,3127
92,3128
107,3135
267,3135
24,3135
62,3141
162,3146
13,3149
405,3149
492,3150
415,3151
291,3151
198,3152
206,3155
214,3155
135,3163
187,3164
409,3175
318,3183
161,3188
468,3204
229,3207
477,3209
1,3215
439,3224
294,3231
51,3241
407,3247
163,3250
158,3250
173,3256
482,3263
29,3265
345,3270
254,3272
401,3280
447,3280
452,3282
17,3290
391,3295
273,3303
12,3324
322,3325
93,3329
183,3334
352,3335
471,3335
413,3336
217,3339
167,3340
410,3341
476,3346
292,3349
222,3354
252,3358
204,3363
348,3363
466,3377
271,3382
469,3391
484,3403
67,3407
119,3411
110,3416
108,3417
239,3418
235,3419
31,3420
443,3420
332,3427
414,3430
208,3437
324,3437
354,3460
467,3483
378,3490
459,3493
194,3493
71,3495
129,3502
500,3519
120,3535
302,3544
96,3545
297,3549
18,3551
260,3565
495,3568
125,3577
423,3601
153,3606
368,3617
499,3622
310,3627
330,3632
426,3641
308,3643
180,3655
372,3661
461,3667
356,3677
374,3691
256,3694
64,3698
250,3699
419,3707
430,3715
155,3716
432,3718
171,3740
243,3759
248,3772
266,3772
43,3782
287,3786
371,3799
242,3811
258,3816
306,3822
136,3829
417,3830
299,3843
118,3847
283,3893
457,3896
311,3903
346,3906
57,3910
412,3927
393,3927
195,3947
498,3955
116,3966
178,3977
428,3992
25,3996
211,3997
115,4004
315,4052
232,4062
377,4066
138,4072
463,4096
207,4112
458,4116
94,4122
55,4174
357,4189
364,4202
427,4206
148,4208
99,4215
472,4244
30,4249
104,4261
453,4275
164,4275
344,4286
375,4319
139,4330
460,4334
69,4410
334,4424
152,4426
337,4453
189,4468
41,4474
145,4477
186,4491
320,4529
335,4543
493,4558
81,4560
221,4574
146,4599
34,4604
188,4619
263,4632
341,4673
38,4714
369,4735
314,4763
219,4781
400,4822
296,4832
223,4842
386,4842
474,4856
305,4896
360,4927
227,4957
98,4995
295,5081
284,5092
137,5132
259,5156
10,5185
288,5347
395,5429
45,5445
9,5470
142,5516
193,5782
290,5800
265,5863

simblock.block.ProofOfWorkBlock@9b88ff2:46
408,0
22,406
205,558
194,713
493,808
487,868
54,961
286,969
44,1021
450,1115
84,1116
180,1121
211,1173
116,1218
410,1270
367,1271
419,1271
24,1284
18,1347
340,1364
164,1371
39,1374
185,1423
491,1426
202,1426
336,1434
445,1439
27,1501
1,1519
64,1519
127,1523
348,1525
85,1529
167,1529
270,1577
282,1578
321,1579
95,1583
91,1587
86,1594
484,1627
57,1656
63,1672
233,1675
315,1676
272,1677
483,1677
124,1680
78,1682
457,1687
453,1687
426,1690
82,1732
156,1732
488,1739
7,1748
310,1749
250,1749
422,1779
319,1781
332,1782
386,1785
212,1811
51,1829
377,1830
40,1830
454,1831
89,1831
230,1832
93,1832
155,1832
157,1835
393,1836
346,1842
432,1843
392,1843
136,1844
75,1860
214,1884
405,1887
344,1892
161,1900
266,1901
253,1909
337,1925
399,1925
402,1930
264,1931
485,1932
441,1932
162,1936
160,1937
154,1938
208,1939
440,1983
88,1984
312,1984
58,1984
36,1984
72,1986
121,1987
492,1988
447,1990
387,1992
320,1994
110,1996
118,1997
496,1998
428,1999
401,1999
433,2007
201,2043
339,2044
199,2045
262,2047
278,2053
279,2056
412,2062
459,2064
28,2076
113,2078
478,2079
448,2080
158,2083
308,2084
190,2085
421,2085
343,2089
16,2090
133,2091
210,2091
204,2092
283,2092
135,2093
352,2096
338,2097
327,2098
105,2100
191,2102
351,2105
306,2118
109,2129
311,2134
70,2139
356,2139
8,2140
287,2141
267,2141
275,2142
188,2142
92,2142
407,2143
466,2147
476,2147
203,2152
213,2153
100,2154
500,2154
55,2155
437,2156
255,2158
196,2159
482,2163
409,2172
381,2183
494,2183
413,2189
103,2196
129,2201
294,2206
25,2215
449,2216
373,2223
477,2229
143,2233
451,2234
415,2234
389,2235
94,2236
170,2237
414,2237
293,2238
350,2243
60,2244
236,2245
184,2245
307,2246
329,2249
309,2252
475,2252
62,2255
328,2258
274,2259
473,2259
107,2274
425,2295
163,2299
417,2303
430,2307
369,2307
61,2308
200,2308
186,2309
471,2313
366,2316
460,2317
179,2318
249,2322
406,2329
458,2333
429,2333
443,2337
244,2338
499,2342
326,2343
439,2349
216,2352
192,2353
3,2354
368,2355
292,2356
468,2360
37,2362
53,2367
463,2368
416,2372
333,2382
281,2391
12,2393
305,2396
472,2396
231,2398
396,2399
4,2402
302,2404
20,2408
247,2410
32,2412
489,2412
35,2413
13,2414
83,2416
245,2419
65,2430
304,2449
495,2449
427,2462
357,2462
31,2463
176,2464
330,2468
420,2471
224,2473
14,2481
362,2481
226,2486
175,2493
128,2495
273,2498
258,2506
317,2509
353,2514
268,2515
147,2515
141,2526
300,2526
132,2528
17,2531
436,2533
345,2537
77,2553
324,2567
137,2568
131,2572
234,2577
225,2579
26,2579
19,2579
251,2580
303,2587
444,2588
120,2589
87,2599
235,2600
168,2602
73,2612
480,2617
239,2619
291,2622
102,2626
438,2628
119,2629
209,2633
149,2636
90,2637
298,2647
153,2648
464,2656
455,2662
134,2663
106,2666
474,2671
469,2674
123,2681
394,2682
254,2684
56,2685
383,2686
126,2688
424,2699
354,2702
388,2702
122,2721
38,2728
48,2729
358,2729
397,2735
166,2736
411,2738
323,2740
140,2742
379,2743
370,2748
240,2751
228,2752
363,2755
165,2760
371,2769
423,2771
29,2774
80,2780
316,2780
108,2781
398,2791
355,2797
442,2800
261,2804
6,2808
33,2824
241,2843
218,2857
431,2862
331,2866
269,2871
435,2878
318,2882
81,2885
390,2894
418,2896
178,2898
66,2907
97,2907
112,2912
177,2915
23,2918
259,2929
248,2930
41,2930
360,2932
434,2933
130,2941
486,2949
452,2957
290,2957
21,2964
263,2972
227,2984
284,2994
285,3004
15,3006
246,3007
52,3011
117,3020
215,3030
490,3031
187,3046
220,3059
400,3067
74,3074
221,3078
71,3102
148,3117
144,3138
2,3150
145,3165
382,3169
395,3173
314,3179
404,3180
151,3182
206,3183
384,3191
277,3199
349,3205
465,3209
68,3221
252,3260
380,3271
198,3272
299,3274
197,3278
34,3323
67,3329
182,3333
470,3382
378,3391
139,3405
334,3409
347,3418
159,3447
280,3450
342,3452
49,3455
497,3457
138,3466
479,3472
301,3473
9,3519
101,3540
59,3549
276,3556
10,3560
223,3603
325,3607
335,3640
462,3650
115,3658
289,3690
79,3708
238,3716
359,3717
47,3718
361,3722
5,3739
169,3741
364,3787
104,3791
222,3812
181,3818
50,3865
42,3875
295,3909
229,3911
257,3916
217,3942
99,3949
46,3956
376,3983
114,4002
385,4018
142,4019
173,4039
96,4081
150,4088
242,4095
391,4105
260,4128
446,4141
341,4172
313,4184
43,4250
111,4253
76,4274
271,4324
125,4347
403,4347
467,4348
374,4352
146,4411
11,4413
288,4467
256,4485
152,4513
456,4557
365,4619
172,4641
174,4649
322,4653
237,4681
195,4735
69,4784
30,4850
193,4875
189,4893
498,5034
45,5037
375,5063
171,5068
183,5087
296,5117
297,5220
98,5230
232,5272
372,5312
481,5499
207,5612
265,5666
243,5757
219,5991
461,6061

simblock.block.ProofOfWorkBlock@2ed8da50:47
42,0
169,483
329,675
268,889
382,960
48,1083
497,1152
228,1154
325,1268
47,1340
281,1343
431,1370
5,1443
109,1460
83,1530
49,1532
277,1557
225,1582
141,1630
269,1634
455,1641
144,1647
418,1716
175,1722
444,1742
301,1750
480,1825
317,1825
349,1827
326,1838
151,1853
179,1861
134,1903
123,1915
56,1922
496,1931
230,1934
65,1936
73,1938
257,1939
385,2013
215,2016
390,2016
468,2018
289,2020
291,2042
198,2042
166,2058
313,2071
462,2092
342,2100
403,2116
130,2120
20,2121
35,2125
486,2125
234,2127
220,2128
280,2133
440,2142
380,2201
101,2202
353,2204
111,2205
159,2205
441,2213
165,2216
91,2217
218,2227
33,2229
235,2230
365,2235
438,2253
434,2259
449,2271
241,2289
359,2303
465,2306
285,2309
102,2311
327,2313
52,2319
74,2321
11,2322
46,2322
182,2323
388,2332
64,2340
336,2350
55,2380
59,2387
209,2390
88,2400
323,2401
331,2404
90,2416
492,2416
37,2418
292,2421
26,2422
436,2428
251,2430
350,2430
19,2444
87,2458
44,2482
1,2484
321,2485
393,2492
92,2493
361,2494
426,2494
368,2494
147,2496
276,2497
240,2498
17,2501
75,2503
411,2504
298,2505
191,2509
131,2509
352,2511
383,2517
347,2522
6,2526
76,2530
224,2542
253,2551
379,2557
250,2569
192,2573
404,2577
117,2579
475,2583
416,2588
177,2590
190,2603
319,2603
247,2604
442,2607
397,2608
122,2610
149,2611
108,2612
150,2614
446,2615
32,2620
401,2621
7,2623
14,2624
112,2627
273,2634
12,2664
95,2664
412,2670
419,2677
312,2679
316,2682
500,2684
114,2692
463,2694
258,2695
167,2696
304,2696
54,2705
106,2707
244,2708
66,2709
300,2709
238,2710
370,2715
254,2723
119,2724
222,2727
433,2735
86,2738
358,2759
197,2762
409,2762
248,2763
15,2765
267,2769
308,2770
58,2770
51,2771
420,2772
470,2773
399,2773
202,2774
97,2775
425,2777
18,2777
155,2777
477,2783
62,2784
82,2787
362,2790
479,2792
213,2795
120,2796
429,2805
132,2809
161,2809
421,2813
210,2821
394,2823
445,2845
172,2849
490,2850
203,2856
499,2863
103,2876
126,2883
377,2886
294,2888
94,2888
430,2888
211,2888
355,2890
432,2893
274,2899
328,2899
424,2901
113,2909
216,2909
181,2911
96,2913
410,2915
78,2926
153,2941
237,2948
118,2956
453,2957
77,2957
100,2961
163,2962
396,2964
72,2970
170,2975
402,2980
367,2982
22,2983
187,2987
306,2988
466,2991
494,2991
180,2995
99,3000
271,3006
363,3009
57,3016
384,3019
318,3026
199,3034
8,3039
63,3044
104,3044
310,3048
186,3051
29,3051
448,3053
346,3053
489,3056
275,3060
188,3061
128,3061
98,3065
333,3068
39,3069
344,3069
338,3071
178,3075
21,3076
483,3077
408,3080
473,3080
387,3082
340,3087
61,3090
287,3090
261,3092
303,3092
196,3094
307,3099
50,3101
24,3105
13,3109
2,3133
488,3136
493,3137
80,3146
469,3150
407,3153
121,3165
324,3169
495,3169
417,3169
4,3171
249,3172
415,3178
423,3180
348,3182
154,3187
451,3189
231,3193
456,3204
245,3206
160,3206
278,3221
335,3222
16,3234
60,3240
171,3247
69,3249
464,3256
242,3256
478,3257
339,3260
265,3260
458,3269
454,3269
156,3276
40,3277
481,3277
376,3282
476,3304
207,3308
168,3318
459,3322
173,3322
351,3327
129,3328
162,3329
264,3332
127,3333
427,3335
381,3336
148,3338
332,3339
315,3340
31,3346
357,3351
471,3351
293,3362
3,3366
405,3367
200,3369
214,3369
85,3374
286,3376
398,3396
71,3397
28,3410
89,3421
79,3431
107,3448
345,3448
485,3455
84,3460
270,3470
413,3473
260,3490
68,3491
375,3497
337,3501
330,3511
212,3518
374,3524
157,3538
414,3547
38,3550
406,3550
194,3554
233,3588
246,3592
422,3608
184,3608
262,3610
498,3614
356,3614
391,3617
487,3617
460,3617
93,3621
450,3621
457,3635
208,3636
311,3643
282,3646
467,3662
443,3665
115,3676
164,3700
133,3728
204,3731
185,3736
372,3745
135,3750
125,3768
283,3786
158,3793
226,3799
110,3816
219,3829
435,3832
152,3845
378,3851
309,3872
53,3887
305,3898
205,3899
272,3900
472,3902
322,3904
252,3908
206,3914
366,3920
255,3925
139,3933
229,3960
360,3964
36,4008
138,4012
299,4020
447,4029
136,4029
27,4066
296,4085
334,4087
461,4095
343,4101
302,4110
243,4142
221,4150
437,4151
279,4178
116,4180
140,4180
474,4200
25,4201
70,4204
256,4241
43,4256
400,4265
23,4269
30,4274
428,4289
482,4308
297,4311
284,4314
369,4348
143,4379
491,4388
341,4389
484,4430
41,4436
183,4442
266,4456
320,4459
389,4488
145,4493
236,4497
217,4501
137,4567
176,4595
288,4621
10,4627
314,4630
34,4636
105,4670
195,4698
395,4700
373,4710
81,4731
452,4741
259,4766
124,4793
386,4847
371,4852
364,4952
174,4976
189,4993
392,4995
295,5046
9,5080
223,5086
146,5098
67,5099
239,5125
201,5277
193,5401
142,5441
45,5443
263,5454
227,5455
439,5561
290,5794
232,5840
354,5875

simblock.block.ProofOfWorkBlock@250a87b1:47
476,0
136,437
460,590
156,766
24,852
180,921
305,995
466,1012
40,1148
202,1170
270,1171
168,1196
118,1266
310,1303
393,1324
105,1327
12,1349
287,1407
278,1420
477,1460
343,1480
496,1502
357,1561
427,1575
194,1580
301,1601
135,1622
445,1632
483,1655
155,1728
373,1731
22,1736
78,1740
140,1776
311,1789
237,1872
190,1880
453,1887
250,1888
100,1888
92,1894
117,1922
406,1939
211,1970
338,2037
200,2041
184,2043
430,2046
27,2047
303,2100
25,2135
72,2137
90,2139
31,2186
447,2199
17,2202
439,2204
320,2214
308,2217
337,2290
491,2294
224,2297
379,2306
176,2340
116,2359
448,2367
133,2394
384,2410
487,2448
405,2449
468,2467
316,2469
39,2494
344,2512
356,2522
120,2556
463,2586
95,2611
449,2617
178,2646
431,2659
129,2665
165,2690
147,2713
109,2714
281,2736
97,2738
414,2742
304,2764
206,2777
331,2788
205,2798
319,2822
358,2823
33,2854
413,2898
198,2929
121,2930
236,2953
75,2979
318,2983
137,2987
130,3002
277,3008
245,3049
345,3051
35,3061
341,3073
5,3088
61,3108
123,3122
426,3178
355,3196
429,3202
2,3246
420,3260
412,3274
383,3277
497,3319
436,3328
284,3365
101,3369
152,3389
170,3427
34,3452
150,3458
144,3470
455,3484
314,3501
80,3513
382,3525
247,3544
49,3590
280,3595
327,3640
342,3701
52,3724
220,3753
470,3780
467,3801
30,3834
395,3868
81,3879
376,3907
378,3908
400,3922
96,3967
271,3970
290,3976
197,3996
32,4048
335,4133
360,4226
469,4237
43,4249
181,4263
221,4288
142,4303
38,4351
260,4518
59,4535
456,4620
174,4625
423,4631
461,4684
295,4803
298,4821
299,4896
223,5018
125,5021
372,5069
219,5210
99,5416
288,5591
98,5972
207,6350

simblock.block.ProofOfWorkBlock@4ea0b38f:48
157,0
279,401
127,560
333,712
487,818
31,872
453,963
255,973
29,1025
451,1115
478,1115
186,1130
339,1177
373,1242
63,1267
164,1270
261,1276
417,1290
57,1329
310,1371
154,1381
161,1398
415,1419
85,1428
337,1428
163,1450
264,1482
330,1518
399,1522
212,1525
363,1535
477,1539
254,1555
95,1557
447,1573
202,1580
205,1584
420,1587
60,1604
91,1635
491,1647
51,1671
422,1671
84,1677
201,1677
312,1680
155,1680
70,1695
459,1703
7,1727
226,1728
432,1735
153,1737
27,1738
309,1745
16,1779
484,1793
180,1794
492,1800
326,1804
117,1821
54,1824
93,1825
412,1826
332,1829
356,1831
286,1833
148,1836
160,1838
13,1839
430,1854
88,1859
272,1875
419,1880
58,1883
190,1887
369,1890
294,1892
315,1899
489,1920
213,1924
278,1926
64,1928
441,1933
224,1934
402,1942
107,1946
437,1954
344,1960
308,1964
250,1979
8,1980
188,1981
450,1983
493,1984
439,1984
392,1987
368,1988
348,1989
33,1989
488,1990
86,1994
454,1995
336,1997
162,2015
472,2015
408,2034
77,2037
346,2038
129,2040
319,2047
366,2047
494,2065
44,2066
457,2072
443,2079
184,2080
211,2082
66,2082
500,2086
267,2086
94,2086
448,2088
151,2090
405,2095
445,2101
471,2106
133,2106
196,2113
320,2116
65,2121
387,2131
270,2134
28,2135
407,2137
343,2138
40,2139
178,2142
110,2142
436,2144
135,2146
61,2147
124,2149
433,2149
302,2155
275,2168
113,2172
78,2191
262,2195
137,2195
72,2200
181,2200
118,2201
89,2210
495,2214
476,2215
140,2218
283,2226
490,2231
3,2233
39,2235
351,2236
377,2236
460,2238
167,2240
287,2243
176,2254
442,2255
485,2256
199,2256
144,2256
147,2258
253,2259
455,2266
406,2268
409,2269
282,2273
306,2274
231,2279
404,2280
216,2280
143,2281
55,2284
248,2289
233,2295
230,2295
413,2296
367,2297
426,2300
357,2302
434,2303
203,2304
73,2309
200,2310
100,2324
24,2330
401,2343
414,2347
327,2356
116,2357
449,2361
22,2368
307,2372
251,2375
321,2383
483,2388
168,2388
316,2388
18,2390
458,2394
170,2396
304,2396
376,2400
347,2401
496,2406
340,2409
121,2411
179,2411
440,2411
158,2414
241,2415
470,2416
149,2417
403,2418
293,2423
82,2424
331,2435
338,2438
398,2443
473,2445
208,2449
274,2450
266,2450
21,2456
105,2458
386,2460
324,2462
370,2468
103,2471
96,2475
301,2477
431,2481
444,2485
130,2487
383,2493
92,2500
36,2505
68,2511
479,2521
1,2524
318,2524
169,2527
469,2531
355,2540
136,2540
298,2551
4,2553
97,2554
128,2554
305,2556
101,2563
194,2564
361,2569
175,2569
214,2574
446,2576
466,2577
291,2578
350,2584
235,2585
90,2585
389,2595
427,2604
122,2608
87,2615
352,2617
428,2617
145,2619
269,2624
109,2626
247,2627
14,2632
126,2641
463,2643
425,2652
56,2656
462,2657
435,2658
379,2665
76,2667
108,2668
185,2678
228,2680
323,2681
240,2681
26,2684
390,2689
234,2689
365,2694
258,2698
102,2699
159,2704
429,2710
280,2722
381,2728
410,2729
53,2730
59,2734
349,2738
222,2741
6,2750
499,2750
150,2752
80,2753
238,2758
156,2761
482,2761
62,2769
239,2773
364,2781
281,2792
67,2792
132,2795
273,2796
225,2797
354,2803
38,2805
362,2807
198,2808
209,2821
206,2822
397,2831
210,2833
165,2835
111,2842
465,2847
15,2853
204,2886
452,2896
292,2897
385,2910
345,2915
83,2922
328,2926
23,2926
227,2926
112,2928
486,2933
288,2935
195,2943
391,2947
75,2949
300,2966
378,2973
17,2978
317,2983
237,2985
12,2997
249,3000
197,3004
245,3019
34,3021
416,3022
342,3026
139,3030
187,3039
384,3040
171,3060
120,3068
303,3074
277,3075
393,3081
358,3086
474,3086
257,3089
380,3098
215,3102
396,3115
371,3125
219,3132
134,3158
48,3162
115,3167
290,3171
236,3171
25,3180
400,3183
229,3185
418,3193
411,3200
325,3214
475,3233
142,3235
335,3235
42,3238
244,3246
360,3276
189,3282
421,3290
138,3301
468,3306
98,3315
2,3315
461,3334
74,3341
5,3341
311,3341
35,3356
131,3396
30,3417
268,3433
191,3463
374,3472
456,3490
9,3506
256,3513
424,3515
382,3518
375,3540
284,3549
182,3559
265,3565
289,3572
314,3575
172,3592
146,3602
49,3608
46,3623
313,3626
498,3658
106,3662
423,3683
177,3733
395,3738
220,3781
394,3784
81,3797
20,3829
119,3843
334,3873
497,3888
166,3891
41,3892
11,3934
10,3958
296,3976
193,3988
438,4007
329,4053
218,4094
69,4098
37,4109
276,4117
243,4128
52,4157
79,4164
242,4177
19,4202
104,4253
260,4272
47,4286
271,4362
50,4378
123,4381
285,4427
152,4441
263,4473
99,4511
217,4551
192,4553
232,4609
246,4637
141,4646
114,4696
297,4712
322,4744
43,4757
359,4826
481,4828
174,4875
223,4947
464,4962
221,4988
341,5017
295,5083
480,5093
125,5137
372,5162
183,5193
259,5227
388,5228
32,5370
299,5760
252,5889
71,6155
207,6277
467,6593

simblock.block.ProofOfWorkBlock@55d34b64:49
343,0
427,406
308,558
337,711
230,813
24,863
357,961
128,970
133,1018
95,1113
428,1123
250,1171
352,1218
278,1269
231,1276
94,1286
116,1324
70,1365
185,1372
471,1379
22,1421
348,1422
206,1434
39,1440
430,1477
170,1519
122,1521
402,1524
450,1526
492,1573
100,1574
77,1575
61,1587
475,1598
368,1620
156,1634
399,1673
18,1673
184,1676
487,1678
307,1679
8,1681
214,1691
175,1715
162,1725
387,1727
338,1730
426,1737
283,1745
472,1752
167,1772
239,1779
266,1786
21,1802
62,1826
180,1828
64,1829
320,1832
233,1834
408,1837
294,1837
93,1842
267,1844
143,1847
303,1863
435,1877
310,1880
306,1882
344,1890
355,1900
25,1910
178,1926
440,1927
458,1928
491,1933
103,1937
205,1939
414,1940
485,1955
315,1976
321,1981
380,1984
261,1984
499,1985
333,1987
363,1987
366,1990
53,1991
309,1993
66,1996
234,1997
282,2000
85,2005
179,2009
286,2013
140,2017
15,2022
345,2023
262,2031
196,2033
401,2036
105,2043
137,2047
3,2076
412,2082
477,2082
153,2082
121,2088
92,2090
411,2095
437,2098
202,2098
367,2112
164,2119
482,2129
60,2133
110,2134
40,2136
89,2137
210,2137
454,2140
253,2143
82,2144
7,2146
186,2149
88,2152
204,2154
107,2155
188,2158
198,2169
442,2176
211,2179
493,2185
425,2187
63,2187
208,2189
51,2190
415,2193
215,2200
319,2202
353,2206
190,2211
451,2229
476,2230
392,2235
58,2236
124,2236
31,2241
57,2243
494,2243
157,2244
28,2250
449,2251
160,2253
168,2253
19,2255
158,2258
420,2259
201,2266
26,2268
377,2269
463,2270
151,2273
460,2276
44,2283
119,2285
13,2286
249,2288
161,2291
293,2292
500,2292
351,2293
14,2296
203,2297
406,2297
155,2297
113,2298
36,2301
264,2308
302,2311
1,2311
488,2320
236,2321
54,2338
484,2339
457,2339
176,2339
312,2346
340,2347
394,2351
224,2352
118,2354
304,2362
226,2382
413,2387
289,2390
330,2392
332,2392
386,2394
339,2395
373,2399
27,2399
369,2401
331,2407
199,2411
346,2413
405,2413
407,2414
272,2417
448,2418
445,2418
173,2419
258,2419
72,2421
235,2424
275,2426
473,2431
479,2434
431,2438
287,2440
403,2445
255,2445
418,2445
305,2450
466,2451
311,2453
453,2454
447,2456
104,2474
42,2476
47,2486
496,2493
490,2493
154,2493
291,2501
324,2504
389,2505
6,2516
182,2523
129,2528
270,2531
135,2532
248,2547
80,2547
37,2549
11,2551
218,2551
433,2552
84,2552
279,2553
12,2553
120,2553
396,2556
443,2564
49,2564
4,2565
478,2567
227,2569
130,2573
177,2574
131,2578
16,2579
222,2579
281,2581
241,2582
117,2584
32,2599
459,2607
417,2607
361,2608
274,2610
17,2616
163,2616
76,2618
480,2620
102,2649
172,2649
106,2653
75,2656
126,2658
148,2669
470,2683
191,2683
245,2684
83,2685
376,2687
381,2691
409,2694
429,2696
136,2696
213,2702
432,2703
209,2704
187,2706
144,2706
419,2706
436,2712
327,2712
410,2714
336,2719
388,2719
444,2719
23,2722
5,2725
489,2732
96,2747
74,2757
48,2762
422,2762
112,2764
91,2764
238,2767
441,2782
251,2796
55,2798
469,2813
362,2821
111,2822
300,2824
322,2826
237,2826
335,2829
384,2831
404,2833
468,2840
365,2851
200,2852
79,2853
194,2858
101,2867
166,2872
247,2881
313,2881
73,2881
483,2885
86,2886
192,2890
260,2896
370,2918
356,2919
455,2920
114,2924
263,2932
29,2934
364,2946
46,2952
360,2953
108,2957
142,2962
41,2962
271,2965
269,2972
416,2973
216,2974
374,2976
379,2977
65,2980
382,2986
109,2992
277,3012
486,3030
280,3035
257,3035
350,3042
78,3052
171,3067
189,3067
393,3073
290,3078
456,3085
90,3089
397,3091
325,3092
195,3092
314,3094
395,3098
334,3101
243,3104
50,3106
358,3121
359,3143
134,3158
87,3170
2,3194
141,3200
34,3201
474,3211
99,3214
45,3218
149,3221
212,3227
400,3247
123,3252
159,3252
495,3259
68,3261
97,3296
145,3297
20,3305
462,3307
497,3310
349,3318
299,3339
193,3355
498,3356
398,3357
284,3357
228,3360
127,3379
59,3388
296,3390
147,3409
438,3429
33,3465
423,3476
165,3520
326,3521
244,3525
328,3540
183,3545
285,3578
301,3584
354,3595
390,3604
223,3611
125,3620
317,3626
81,3638
371,3642
181,3654
292,3675
139,3677
439,3693
347,3701
242,3701
378,3738
446,3740
452,3769
169,3813
383,3854
43,3854
56,3870
67,3898
229,3912
298,3919
434,3942
424,3962
252,3974
138,4029
375,4052
146,4071
240,4084
464,4123
71,4135
268,4142
69,4174
197,4186
467,4210
323,4233
288,4234
232,4294
316,4349
273,4390
342,4408
10,4409
297,4410
52,4460
385,4501
115,4574
341,4624
465,4625
421,4656
318,4678
461,4690
150,4726
254,4778
265,4803
132,4957
35,4957
38,5016
225,5044
372,5062
98,5106
329,5327
276,5336
246,5337
256,5397
207,5488
220,5596
221,5731
217,5777
219,5869
481,5981
9,6111
391,6159
30,6253
152,6371
259,6768
174,7164
295,7599

simblock.block.ProofOfWorkBlock@59c5965c:49
263,0
174,611
284,884
456,1163
290,1314
299,1438
232,1713
130,1763
112,2101
5,2220
145,2399
277,2498
362,2664
423,2674
326,2884
172,2948
14,3108
398,3273
396,3335
301,3555
159,3666
268,3725
380,4017
280,4054
69,4114
289,4446
20,4515
422,4565
269,4833
372,4906
63,5108
7,5266
442,5320
118,5657
490,5695
147,5711
339,6134
113,6141
208,6200
168,6563
100,6574
136,6751
450,6997
184,7014
216,7298
406,7435
194,7442
337,7847
22,7869
333,7882
89,8295
427,8308
466,8396
363,8723
239,8942

simblock.block.ProofOfWorkBlock@60394d7e:50
350,0
239,408
352,568
124,725
93,817
179,895
167,969
153,983
406,1050
16,1122
412,1131
425,1138
440,1203
28,1220
275,1274
158,1285
185,1290
328,1301
51,1376
336,1385
208,1387
82,1434
61,1444
419,1445
236,1453
72,1455
411,1496
405,1530
490,1530
64,1538
121,1539
345,1542
294,1545
377,1597
261,1599
110,1603
91,1609
253,1619
488,1624
449,1643
494,1679
107,1685
348,1685
84,1694
203,1700
454,1702
426,1706
324,1707
409,1709
31,1714
489,1756
78,1756
438,1765
496,1775
92,1776
95,1776
477,1785
205,1792
475,1798
129,1805
482,1832
402,1840
435,1851
487,1853
113,1855
176,1855
312,1855
160,1856
57,1860
25,1862
184,1863
415,1863
351,1869
355,1872
206,1880
491,1908
86,1918
459,1929
430,1938
89,1944
214,1946
118,1947
485,1947
116,1948
448,1951
428,1953
439,1958
457,1958
289,1963
211,1969
63,1974
379,1980
210,1985
161,1992
357,2001
188,2004
407,2005
493,2007
401,2007
18,2008
332,2013
302,2014
473,2016
303,2018
387,2018
282,2022
366,2024
178,2026
170,2026
100,2029
194,2032
257,2034
346,2036
500,2049
309,2061
200,2072
460,2086
262,2086
135,2089
414,2090
133,2094
70,2097
330,2100
162,2100
286,2106
451,2110
483,2111
293,2114
24,2114
363,2116
21,2118
420,2120
321,2121
60,2138
215,2140
447,2155
44,2158
270,2164
151,2167
85,2169
339,2169
267,2169
77,2171
315,2172
422,2175
437,2178
392,2179
338,2179
255,2180
458,2180
476,2180
283,2183
248,2188
399,2190
320,2202
308,2202
408,2206
127,2214
7,2215
166,2216
230,2226
19,2232
443,2238
186,2238
281,2246
94,2246
450,2250
266,2250
196,2251
55,2252
340,2258
53,2259
199,2266
103,2268
356,2269
358,2272
373,2273
27,2273
32,2273
212,2273
226,2274
1,2274
333,2274
105,2279
182,2286
88,2295
190,2300
126,2300
417,2312
433,2321
310,2323
466,2325
499,2330
36,2330
156,2331
202,2332
337,2332
427,2333
148,2333
453,2338
29,2341
220,2342
157,2343
343,2347
492,2350
452,2352
204,2355
331,2355
418,2358
240,2359
274,2360
393,2362
484,2363
122,2365
292,2371
143,2373
131,2377
201,2379
278,2386
244,2387
137,2390
54,2403
413,2406
96,2412
400,2415
472,2418
180,2419
164,2421
279,2425
12,2426
362,2426
432,2430
39,2434
369,2436
197,2436
247,2436
155,2442
305,2445
319,2454
13,2470
22,2473
478,2483
52,2484
471,2487
344,2490
445,2493
101,2502
389,2503
40,2505
4,2506
269,2507
306,2509
140,2513
250,2515
37,2516
136,2518
237,2518
26,2520
90,2520
380,2526
398,2526
233,2527
326,2529
231,2534
102,2542
368,2542
424,2543
213,2543
394,2545
431,2551
192,2552
317,2563
83,2569
56,2570
66,2575
287,2576
410,2582
381,2590
165,2593
154,2594
5,2597
258,2600
159,2601
111,2604
277,2605
2,2606
403,2607
42,2618
3,2620
423,2621
134,2624
323,2625
59,2645
75,2654
8,2654
152,2663
365,2672
311,2672
224,2673
218,2678
384,2678
34,2679
73,2693
150,2694
62,2695
307,2699
108,2699
264,2704
23,2724
117,2727
304,2729
249,2739
225,2742
376,2749
404,2749
20,2751
48,2760
234,2771
120,2772
14,2774
254,2781
87,2785
325,2789
109,2795
30,2797
322,2802
367,2810
65,2813
50,2820
465,2821
216,2822
128,2825
144,2830
17,2835
416,2842
353,2849
163,2858
469,2862
468,2862
43,2867
106,2867
335,2868
235,2870
361,2872
114,2875
391,2878
168,2884
463,2887
149,2895
272,2910
222,2914
378,2921
442,2925
395,2931
80,2941
209,2941
112,2944
241,2945
6,2948
67,2948
495,2961
386,2963
115,2964
147,2968
130,2968
474,2982
232,2988
370,2996
138,3000
280,3007
58,3016
479,3017
123,3029
49,3037
242,3040
68,3041
227,3042
33,3042
223,3053
498,3073
207,3076
181,3087
245,3090
229,3096
271,3108
177,3122
327,3127
329,3143
446,3148
396,3150
141,3152
35,3156
299,3174
41,3174
193,3184
441,3197
189,3209
169,3214
429,3215
375,3215
354,3216
285,3230
349,3232
47,3233
455,3244
260,3247
221,3249
119,3273
10,3282
444,3283
74,3283
314,3304
198,3307
372,3318
480,3321
81,3325
436,3356
191,3364
142,3370
470,3403
38,3409
359,3410
382,3420
497,3428
360,3460
486,3488
462,3501
301,3502
11,3510
371,3533
296,3549
175,3550
97,3550
238,3578
172,3590
481,3595
69,3620
291,3625
79,3625
388,3636
183,3653
290,3661
46,3668
217,3670
251,3687
99,3700
104,3703
125,3764
298,3767
300,3783
464,3784
139,3787
334,3790
219,3813
15,3816
397,3819
252,3882
76,3896
364,3908
347,3938
173,3968
341,3968
174,4002
256,4018
390,4053
421,4065
374,4079
434,4086
228,4091
71,4097
318,4162
461,4167
9,4171
45,4183
171,4263
383,4343
316,4357
467,4425
276,4442
456,4461
98,4478
195,4550
146,4580
273,4614
297,4615
342,4626
263,4820
132,4880
385,4896
284,4936
295,5059
313,5162
243,5263
246,5263
265,5335
268,5427
288,5651
187,5693
145,6072
259,6469

simblock.block.ProofOfWorkBlock@561d96c9:51
469,0
497,488
108,674
251,867
455,969
436,1062
191,1155
169,1158
144,1265
80,1342
349,1344
358,1346
280,1453
87,1456
49,1533
444,1540
289,1541
479,1548
241,1637
434,1638
327,1643
379,1644
470,1722
181,1727
102,1732
117,1734
141,1753
42,1825
244,1825
15,1832
463,1834
394,1844
381,1908
222,1914
150,1918
134,1920
127,1922
28,1923
301,1936
65,1942
281,1947
11,2013
159,2015
175,2021
75,2021
83,2024
245,2030
131,2031
323,2103
2,2105
277,2109
3,2110
166,2114
35,2125
385,2126
147,2128
220,2129
225,2132
234,2133
448,2192
206,2200
122,2200
464,2205
218,2210
198,2212
380,2214
59,2217
123,2218
165,2219
20,2245
491,2294
468,2296
257,2297
306,2300
184,2302
53,2306
97,2306
359,2309
106,2311
325,2312
6,2313
24,2316
411,2316
429,2317
316,2317
347,2323
180,2327
74,2330
488,2345
88,2388
424,2393
388,2393
235,2395
446,2399
475,2399
365,2401
26,2402
462,2404
192,2405
47,2411
499,2412
465,2413
346,2419
431,2436
120,2439
5,2445
416,2483
129,2484
466,2485
342,2486
121,2493
37,2493
420,2493
114,2496
92,2497
326,2497
405,2500
329,2500
56,2501
291,2502
101,2502
237,2503
313,2505
300,2507
353,2509
182,2510
421,2512
361,2519
278,2523
414,2571
439,2578
425,2580
317,2582
177,2583
185,2586
404,2586
285,2587
330,2595
268,2595
273,2598
119,2600
272,2601
382,2604
14,2610
18,2611
151,2612
398,2615
52,2617
442,2619
338,2620
384,2623
197,2625
397,2634
262,2637
460,2668
78,2676
396,2677
60,2680
19,2684
57,2688
187,2688
48,2692
149,2693
209,2695
311,2697
495,2700
355,2700
275,2703
390,2703
230,2704
449,2708
203,2715
130,2715
22,2720
132,2722
483,2723
146,2725
383,2735
179,2753
255,2758
178,2763
96,2765
154,2765
66,2772
215,2773
478,2774
409,2774
249,2777
176,2778
196,2781
426,2781
86,2782
492,2783
438,2785
17,2787
258,2788
377,2789
337,2790
344,2793
312,2795
363,2796
370,2797
76,2814
362,2819
298,2821
473,2824
162,2828
401,2828
1,2850
158,2855
213,2859
4,2860
500,2861
454,2862
403,2869
135,2869
12,2871
432,2872
111,2874
407,2875
221,2876
109,2879
318,2881
73,2882
153,2885
490,2889
99,2892
190,2894
357,2896
294,2896
118,2899
417,2899
328,2903
201,2904
170,2909
477,2914
269,2918
480,2928
64,2929
266,2951
315,2953
254,2957
264,2959
157,2962
352,2963
303,2967
435,2973
450,2977
286,2979
310,2981
124,2982
376,2984
228,2986
413,2997
90,3002
238,3006
304,3010
292,3020
25,3041
368,3043
364,3048
27,3052
494,3052
143,3055
46,3055
443,3059
486,3059
128,3060
253,3061
333,3061
279,3064
168,3066
350,3066
408,3067
84,3067
44,3069
224,3069
240,3070
140,3070
40,3075
126,3076
351,3080
13,3109
331,3116
369,3127
451,3133
332,3139
248,3140
38,3141
51,3141
445,3143
447,3151
208,3152
461,3152
471,3157
160,3157
427,3161
216,3165
367,3171
239,3174
31,3180
204,3185
484,3188
152,3200
33,3207
172,3224
112,3232
339,3232
440,3235
340,3239
274,3245
270,3250
261,3252
161,3253
232,3253
437,3258
392,3263
195,3284
430,3288
433,3294
77,3319
105,3327
458,3329
336,3332
148,3338
356,3339
410,3343
62,3348
8,3351
7,3351
441,3352
54,3353
183,3355
100,3357
305,3360
68,3389
360,3401
113,3407
186,3410
173,3417
308,3419
236,3419
482,3420
412,3439
156,3440
210,3443
93,3448
85,3449
496,3449
250,3451
372,3454
260,3455
393,3466
319,3479
136,3487
9,3501
32,3507
373,3522
163,3529
202,3534
375,3544
487,3551
324,3570
276,3575
242,3584
489,3598
415,3614
79,3615
167,3619
199,3632
321,3634
267,3634
55,3636
472,3637
125,3648
50,3649
171,3660
309,3685
322,3690
302,3691
81,3695
453,3696
459,3698
395,3710
389,3720
212,3722
231,3727
457,3727
307,3730
164,3732
94,3756
485,3771
341,3772
418,3778
476,3801
233,3830
95,3834
214,3849
103,3876
452,3885
107,3897
282,3911
116,3917
378,3928
139,3937
23,3971
406,3976
467,3977
211,3977
456,3988
474,3988
155,3995
387,4007
82,4010
29,4012
115,4029
265,4030
345,4034
391,4043
283,4052
200,4108
145,4124
133,4132
297,4145
226,4156
72,4174
71,4177
243,4182
16,4190
320,4199
43,4239
188,4256
110,4277
402,4290
137,4301
343,4312
252,4324
299,4333
334,4340
229,4356
174,4365
295,4373
247,4376
219,4381
21,4386
30,4395
91,4481
138,4482
246,4503
207,4534
284,4536
374,4543
354,4598
296,4667
348,4677
10,4678
314,4685
287,4723
498,4724
423,4750
493,4760
39,4851
104,4854
386,4862
41,4891
288,4892
189,4894
193,5030
400,5033
263,5039
223,5072
481,5075
227,5103
67,5245
371,5248
259,5378
34,5382
335,5394
45,5454
217,5600
142,5731
290,5811
256,6325
271,6554

simblock.block.ProofOfWorkBlock@62373d9d:52
272,0
143,404
367,560
89,720
338,813
448,873
124,969
61,995
163,1027
94,1123
389,1125
185,1149
60,1217
158,1276
312,1278
440,1283
58,1301
148,1316
426,1370
233,1381
427,1401
29,1430
53,1431
492,1435
70,1455
155,1527
135,1533
264,1534
470,1548
248,1554
311,1555
447,1566
8,1584
105,1587
328,1591
205,1607
161,1624
351,1682
282,1684
164,1686
266,1687
54,1688
419,1689
121,1706
458,1708
333,1708
363,1719
482,1719
278,1739
36,1741
200,1744
275,1778
453,1781
231,1786
343,1805
431,1815
409,1836
214,1839
57,1840
253,1841
91,1843
491,1844
62,1855
247,1855
357,1858
64,1862
445,1863
140,1864
225,1875
407,1876
315,1880
206,1885
129,1892
304,1894
345,1896
92,1934
457,1936
186,1937
204,1937
460,1938
441,1939
358,1953
13,1959
433,1959
428,1961
188,1975
366,1990
308,1992
490,1997
373,1998
350,2000
420,2007
471,2009
422,2010
488,2011
72,2015
113,2017
194,2023
466,2024
84,2025
177,2032
321,2035
500,2037
274,2046
472,2048
28,2071
166,2080
24,2086
319,2089
489,2089
454,2090
473,2091
211,2092
202,2093
116,2094
154,2098
307,2100
320,2102
324,2112
439,2113
63,2113
226,2117
25,2118
255,2125
494,2126
486,2127
270,2130
86,2135
151,2141
40,2145
216,2149
51,2149
352,2150
306,2150
437,2153
309,2153
157,2161
478,2162
408,2163
65,2164
356,2167
417,2167
170,2174
1,2175
213,2178
449,2178
443,2178
190,2181
332,2182
122,2188
286,2192
336,2193
179,2200
133,2200
464,2219
459,2223
182,2223
339,2241
402,2242
330,2243
475,2244
236,2247
110,2250
346,2250
22,2251
369,2252
287,2255
387,2256
180,2263
103,2265
156,2268
77,2270
337,2271
405,2271
430,2280
199,2280
293,2281
496,2302
16,2302
153,2304
7,2307
18,2308
12,2309
208,2313
450,2316
483,2316
310,2320
21,2323
128,2327
368,2329
414,2331
294,2332
203,2337
432,2338
392,2340
66,2341
302,2342
240,2346
17,2346
477,2346
401,2348
499,2352
476,2352
331,2355
55,2380
82,2384
88,2394
56,2395
73,2395
178,2400
224,2403
340,2403
210,2403
406,2405
497,2406
410,2408
109,2408
279,2409
160,2411
141,2419
283,2423
39,2424
493,2427
254,2428
196,2433
377,2434
20,2436
136,2437
118,2438
168,2441
117,2449
162,2450
289,2451
404,2455
487,2459
412,2460
291,2466
344,2470
394,2472
495,2474
184,2477
137,2479
107,2483
230,2487
167,2490
485,2493
27,2494
484,2498
119,2498
222,2502
393,2503
305,2504
237,2511
277,2519
102,2532
19,2536
95,2552
150,2554
262,2555
399,2558
267,2559
451,2561
37,2566
384,2571
197,2576
250,2576
329,2577
176,2578
127,2581
209,2591
134,2597
100,2602
390,2607
2,2608
261,2612
228,2613
480,2614
285,2616
33,2625
239,2632
303,2637
101,2638
31,2640
269,2646
348,2650
149,2655
201,2656
435,2658
87,2658
4,2661
238,2662
273,2664
80,2673
44,2674
212,2674
120,2681
14,2683
455,2685
244,2692
300,2696
246,2699
424,2701
469,2702
463,2702
403,2704
380,2717
425,2717
398,2718
325,2721
6,2725
159,2733
323,2747
241,2749
436,2756
362,2756
347,2759
78,2769
96,2771
32,2774
38,2777
132,2783
76,2789
265,2790
386,2792
11,2803
93,2809
111,2819
215,2822
359,2826
280,2826
413,2826
207,2828
152,2832
26,2834
365,2839
48,2840
442,2846
353,2847
364,2857
322,2871
192,2879
147,2882
415,2883
35,2884
126,2894
388,2900
361,2903
50,2903
341,2916
220,2931
462,2933
299,2939
234,2940
49,2942
376,2949
370,2949
258,2951
85,2962
3,2966
411,2974
189,2978
327,2986
169,2988
251,2995
257,2996
416,2998
481,3006
130,3007
115,3012
446,3015
5,3026
379,3032
342,3038
355,3045
296,3047
181,3050
114,3056
23,3056
349,3061
314,3066
79,3082
34,3084
123,3095
106,3097
75,3097
198,3099
381,3102
68,3103
112,3107
382,3113
174,3141
52,3159
191,3166
221,3186
354,3189
438,3201
383,3204
378,3207
219,3208
465,3209
479,3216
468,3228
260,3234
360,3237
131,3259
396,3259
67,3261
42,3262
47,3276
391,3281
144,3294
268,3305
326,3312
298,3328
474,3332
71,3333
456,3356
281,3365
317,3368
292,3373
429,3375
41,3376
69,3377
444,3381
290,3409
98,3431
421,3434
173,3443
138,3443
397,3467
217,3467
165,3478
139,3481
175,3501
249,3525
46,3529
90,3537
467,3537
15,3543
316,3573
301,3596
252,3609
59,3631
318,3638
418,3648
146,3662
498,3673
81,3693
245,3703
125,3726
104,3752
235,3755
171,3762
45,3770
83,3811
108,3811
9,3824
97,3839
374,3860
172,3878
242,3887
452,3904
375,3973
193,3989
461,3991
395,4033
229,4067
218,4084
313,4085
334,4087
385,4113
30,4135
227,4145
223,4255
271,4269
243,4282
335,4374
187,4383
256,4416
295,4427
232,4447
195,4462
276,4475
74,4648
288,4649
183,4691
372,4723
142,4758
284,4798
371,4843
263,4863
297,4869
434,4914
99,5045
10,5178
43,5223
145,5293
423,5559
400,5602
259,5996

simblock.block.ProofOfWorkBlock@12339fcc:53
10,0
193,713
424,1102
461,1321
19,1491
355,1583
284,1598
26,1777
455,1877
354,1882
465,1970
397,1973
297,1985
463,2064
380,2165
381,2167
273,2253
444,2271
326,2271
263,2290
6,2331
331,2356
497,2362
112,2371
337,2448
362,2449
249,2452
257,2459
76,2462
291,2547
215,2548
280,2569
376,2637
479,2637
14,2648
141,2653
47,2653
470,2658
20,2697
216,2731
349,2739
251,2739
386,2741
134,2743
268,2749
11,2757
165,2761
46,2763
106,2781
5,2819
269,2825
464,2827
384,2833
327,2841
130,2841
468,2843
385,2844
475,2851
119,2857
383,2859
71,2862
316,2924
298,2925
238,2935
108,2935
240,2939
370,2939
244,2943
234,2951
232,2969
127,3006
399,3009
198,3010
405,3019
33,3021
352,3022
131,3028
149,3030
379,3030
431,3031
123,3032
277,3042
213,3043
169,3043
429,3053
394,3056
237,3062
388,3083
167,3103
37,3109
281,3114
59,3119
365,3123
218,3126
462,3126
97,3126
434,3132
300,3132
258,3137
382,3140
351,3144
329,3157
212,3158
15,3197
301,3216
403,3219
442,3219
317,3219
209,3220
75,3221
151,3225
486,3229
347,3234
65,3235
456,3243
418,3244
35,3248
56,3249
499,3259
8,3296
409,3297
16,3300
363,3304
292,3305
133,3307
361,3310
328,3310
359,3310
74,3312
83,3313
73,3313
109,3314
150,3316
191,3318
203,3322
70,3324
32,3324
147,3332
285,3350
283,3380
437,3386
190,3398
101,3405
228,3406
1,3411
36,3412
478,3414
58,3415
57,3418
278,3418
126,3419
438,3423
460,3424
86,3427
42,3429
49,3432
96,3435
235,3436
140,3439
125,3443
166,3446
485,3451
488,3453
230,3470
222,3477
161,3480
287,3496
402,3497
155,3499
107,3499
480,3504
132,3512
196,3521
182,3522
500,3523
294,3524
187,3524
435,3531
136,3533
90,3534
87,3538
323,3544
419,3548
78,3565
99,3578
200,3581
239,3582
425,3592
129,3594
158,3595
175,3596
241,3598
458,3600
82,3600
353,3606
483,3606
492,3606
495,3607
410,3609
484,3610
466,3615
264,3615
416,3618
398,3629
274,3631
423,3649
481,3653
428,3657
493,3664
162,3667
467,3668
387,3684
4,3686
208,3690
358,3695
3,3699
415,3702
325,3703
52,3705
369,3707
25,3712
330,3712
120,3712
188,3714
24,3717
17,3722
154,3728
102,3747
430,3751
199,3763
111,3765
427,3769
34,3773
421,3774
272,3776
267,3781
494,3782
128,3783
342,3785
404,3788
197,3792
390,3793
411,3796
271,3798
39,3800
247,3803
137,3804
469,3805
293,3805
233,3809
118,3813
40,3815
408,3818
164,3829
135,3834
144,3839
61,3856
181,3863
289,3865
160,3870
389,3874
302,3875
31,3875
304,3876
224,3879
45,3882
201,3883
266,3884
413,3888
279,3888
262,3896
225,3897
346,3898
310,3909
170,3918
38,3922
27,3935
366,3937
69,3943
91,3949
307,3962
94,3967
345,3968
168,3970
392,3972
357,3972
308,3977
360,3977
143,3982
226,3985
176,3986
426,3986
124,3989
396,3990
312,3990
248,3994
105,3994
172,4026
372,4045
319,4056
339,4060
313,4064
441,4065
309,4066
95,4066
364,4079
457,4086
72,4093
245,4094
348,4094
311,4097
256,4101
183,4138
43,4152
439,4153
451,4155
477,4156
62,4156
446,4168
2,4168
255,4174
103,4177
220,4178
498,4191
178,4194
159,4194
29,4215
192,4216
9,4226
305,4228
445,4249
265,4249
344,4250
336,4251
318,4253
48,4261
85,4268
453,4268
116,4269
303,4271
448,4271
60,4275
100,4276
146,4293
98,4300
374,4303
229,4310
433,4313
242,4346
487,4346
68,4348
412,4351
211,4371
92,4371
174,4374
41,4384
270,4391
139,4403
84,4403
171,4409
406,4434
80,4434
393,4435
333,4436
343,4443
420,4454
340,4454
254,4464
261,4473
246,4479
113,4479
490,4487
219,4491
54,4493
286,4526
44,4528
207,4529
260,4533
153,4549
472,4552
476,4567
334,4582
322,4603
288,4604
30,4629
202,4631
395,4633
177,4642
417,4643
121,4650
114,4652
117,4671
338,4695
186,4714
375,4717
66,4723
250,4735
276,4738
321,4753
391,4756
53,4771
324,4787
50,4789
23,4797
227,4806
449,4808
115,4818
64,4830
259,4831
320,4836
63,4840
452,4847
12,4847
210,4862
7,4922
290,4933
459,4935
341,4959
195,4967
306,4992
231,5000
440,5012
436,5029
473,5049
152,5073
275,5093
21,5123
443,5128
299,5152
474,5176
79,5187
142,5189
414,5232
407,5276
295,5282
28,5293
122,5307
223,5308
67,5318
252,5342
22,5354
447,5373
243,5392
471,5406
221,5430
368,5458
138,5476
314,5528
315,5551
296,5636
335,5651
371,5660
400,5702
180,5707
173,5720
378,5746
89,5785
401,5789
236,5851
373,5888
156,5953
51,5978
145,5996
189,6061
104,6073
454,6139
450,6213
163,6318
217,6349
214,6351
184,6402
77,6404
81,6427
88,6509
350,6564
489,6743
356,6850
204,6914
377,6946
93,6994
194,7056
179,7169
253,7429
491,7492
496,8036

simblock.block.ProofOfWorkBlock@35e64e47:53
68,0
334,678
79,952
391,1227
371,1362
313,1614
271,1643
424,1748
223,1970
119,2011
463,2031
394,2101
234,2135
464,2243
225,2286
139,2339
19,2375
235,2406
317,2421
379,2477
198,2495
125,2527
149,2539
132,2584
341,2613
90,2616
108,2629
112,2703
15,2732
31,2755
141,2762
347,2771
434,2771
52,2804
468,2807
315,2834
335,2879
20,2888
96,2888
322,2892
277,2898
150,2926
470,2932
99,2942
166,2956
480,2958
35,2968
486,2981
144,2993
300,3016
336,3049
130,3068
59,3074
285,3083
431,3086
403,3103
436,3112
182,3146
48,3151
397,3153
220,3154
494,3159
181,3169
259,3193
447,3209
474,3223
342,3225
489,3238
180,3238
353,3253
175,3255
33,3258
301,3268
70,3271
2,3272
222,3273
191,3281
161,3282
109,3289
115,3297
111,3300
227,3303
140,3311
331,3333
328,3334
370,3354
399,3355
365,3376
211,3391
496,3398
462,3414
249,3419
257,3435
291,3439
123,3439
455,3441
210,3442
312,3443
325,3449
344,3449
248,3457
47,3461
421,3461
1,3463
42,3472
73,3475
444,3487
224,3489
384,3498
281,3529
386,3544
500,3545
469,3548
6,3549
18,3556
81,3557
402,3559
251,3563
275,3564
242,3569
80,3580
126,3587
385,3590
260,3605
102,3607
490,3609
479,3612
25,3618
333,3619
89,3620
237,3627
495,3628
120,3633
416,3634
28,3645
51,3646
83,3646
381,3650
22,3653
197,3662
76,3670
488,3673
349,3676
136,3676
192,3691
40,3692
183,3695
492,3696
215,3707
274,3712
147,3715
294,3718
164,3719
8,3719
392,3720
305,3725
287,3740
497,3741
289,3753
37,3762
410,3765
420,3768
262,3772
188,3772
323,3775
5,3778
487,3781
273,3784
369,3795
352,3798
121,3799
387,3812
396,3813
404,3816
228,3820
330,3825
212,3827
160,3833
366,3837
49,3840
303,3856
446,3859
306,3864
63,3866
77,3868
122,3885
75,3889
167,3889
62,3891
244,3892
358,3904
124,3905
432,3917
239,3928
129,3928
338,3930
292,3934
157,3938
268,3943
116,3952
340,3955
165,3956
417,3956
187,3959
156,3959
23,3966
398,3966
491,3968
55,3970
258,3972
476,3981
332,3996
367,4001
194,4005
351,4008
233,4009
208,4009
128,4016
408,4019
433,4020
14,4028
87,4032
200,4034
415,4037
27,4046
477,4057
286,4059
154,4064
382,4070
409,4070
390,4071
169,4077
177,4082
339,4094
143,4096
97,4097
293,4098
127,4098
380,4099
311,4100
186,4100
310,4104
60,4105
7,4111
214,4114
53,4116
204,4120
378,4128
32,4134
485,4138
64,4138
276,4144
295,4145
43,4146
245,4158
146,4171
443,4172
134,4173
445,4182
279,4202
91,4205
377,4208
82,4211
493,4213
46,4214
484,4216
406,4224
135,4225
26,4242
482,4244
11,4244
284,4247
93,4249
94,4250
92,4251
185,4252
103,4266
131,4273
337,4280
236,4280
95,4283
255,4285
74,4287
189,4287
253,4297
282,4306
326,4316
265,4319
428,4319
199,4329
442,4347
419,4355
110,4362
159,4363
316,4366
361,4371
465,4375
393,4378
117,4381
439,4384
483,4385
422,4387
418,4390
435,4394
423,4398
241,4401
430,4401
101,4413
401,4420
178,4424
170,4438
354,4456
321,4462
438,4481
38,4487
218,4491
69,4492
202,4492
425,4492
148,4496
270,4503
172,4505
373,4510
118,4527
133,4531
319,4531
441,4532
114,4533
196,4533
152,4535
168,4537
345,4547
412,4551
201,4558
4,4567
475,4570
217,4572
499,4582
461,4582
36,4584
137,4584
296,4615
288,4631
207,4634
17,4635
71,4636
437,4641
254,4645
66,4648
104,4655
29,4657
376,4658
395,4668
413,4671
266,4672
107,4695
24,4704
247,4712
329,4713
238,4734
56,4734
307,4746
256,4755
30,4756
374,4756
232,4757
471,4772
448,4789
10,4795
388,4802
100,4810
346,4831
368,4843
246,4846
309,4849
452,4856
216,4858
145,4860
327,4861
209,4862
389,4864
348,4865
57,4867
173,4869
297,4874
478,4928
440,4941
86,4952
213,4960
34,4966
50,4970
460,4973
240,4981
41,4990
21,4990
324,4990
267,5012
355,5013
195,5040
61,5081
142,5087
203,5088
190,5100
280,5102
106,5125
466,5141
357,5142
414,5142
44,5150
383,5155
205,5174
299,5187
252,5197
481,5199
67,5211
221,5220
304,5225
467,5226
426,5231
206,5270
58,5272
314,5294
372,5296
226,5301
429,5303
193,5328
458,5359
174,5365
230,5387
105,5421
457,5422
261,5430
450,5432
219,5492
3,5511
184,5514
411,5546
350,5553
263,5566
360,5577
364,5580
138,5621
375,5622
454,5651
427,5681
229,5691
459,5713
250,5735
151,5747
498,5773
155,5785
400,5785
88,5803
113,5815
171,5936
153,5938
290,5981
162,5986
298,5990
453,5991
163,6082
283,6086
12,6173
65,6191
320,6214
39,6276
278,6363
451,6370
269,6434
78,6511
45,6581
13,6598
473,6622
359,6636
231,6648
302,6648
16,6796
449,6926
243,6926
176,6983
363,7026
318,7082
85,7088
343,7203
472,7223
456,7284
179,7451
72,7532
9,7560
158,7628
98,7918
264,8083
405,8179
356,8632
308,9177
272,9722
84,10282
54,10827
407,11371

simblock.block.ProofOfWorkBlock@787143e3:53
149,0
280,482
11,670
26,867
76,1054
102,1251
218,1438
304,1716
432,1998
51,2281
72,2565
493,2851
3,3129
1,3407
184,3687
473,3965
13,4244
38,4598
290,4952
334,5305
423,5664

simblock.block.ProofOfWorkBlock@68b6394e:54
339,0
153,404
118,557
205,712
25,809
264,866
200,968
311,972
366,1018
303,1116
336,1120
51,1137
294,1177
373,1213
124,1271
368,1277
24,1295
352,1303
157,1330
53,1367
214,1372
13,1382
158,1421
489,1423
140,1429
121,1450
466,1459
451,1520
39,1523
482,1528
459,1534
430,1542
267,1543
369,1574
283,1576
16,1580
408,1581
114,1601
443,1611
64,1612
105,1619
176,1674
419,1682
216,1685
435,1689
282,1689
161,1694
210,1694
137,1699
432,1702
86,1724
477,1729
88,1731
57,1734
54,1737
494,1746
162,1768
239,1774
95,1774
487,1783
387,1786
413,1791
437,1826
212,1826
315,1831
420,1833
89,1837
393,1841
414,1846
306,1849
426,1853
409,1856
211,1856
274,1863
307,1868
431,1868
82,1884
333,1886
21,1887
248,1887
367,1890
58,1893
185,1901
129,1922
324,1928
399,1931
422,1932
66,1933
188,1939
363,1948
204,1966
483,1981
499,1982
310,1983
454,1984
405,1987
31,1993
155,1995
93,2000
460,2002
22,2006
92,2010
330,2015
213,2017
194,2018
293,2020
199,2024
320,2029
148,2032
113,2039
377,2039
29,2041
206,2043
178,2043
350,2048
318,2052
44,2058
170,2083
441,2084
1,2084
302,2084
407,2086
332,2087
160,2089
201,2092
338,2094
357,2094
492,2099
417,2102
159,2103
168,2115
128,2120
179,2130
96,2130
351,2137
80,2141
60,2142
402,2143
340,2144
412,2146
447,2148
442,2150
309,2150
491,2160
345,2164
136,2165
84,2171
190,2172
458,2175
425,2177
18,2177
236,2177
312,2179
261,2185
230,2191
127,2193
186,2196
428,2196
122,2197
250,2199
184,2201
163,2205
344,2208
167,2216
70,2234
78,2236
445,2238
286,2238
202,2239
203,2242
493,2244
475,2245
386,2249
133,2253
401,2258
109,2260
389,2262
473,2265
484,2268
328,2274
301,2276
36,2280
433,2283
164,2284
255,2285
75,2286
346,2294
415,2297
83,2298
253,2299
449,2301
61,2305
94,2318
384,2319
343,2319
485,2325
33,2326
472,2331
478,2335
3,2337
406,2341
106,2341
63,2341
55,2346
392,2348
180,2350
356,2353
287,2354
319,2355
355,2359
231,2363
91,2364
143,2370
424,2373
275,2376
337,2387
308,2390
224,2392
72,2394
471,2395
77,2397
476,2400
448,2400
141,2402
370,2406
348,2409
300,2409
209,2410
272,2414
270,2419
208,2424
149,2425
110,2436
135,2438
251,2438
321,2447
292,2449
215,2456
156,2460
444,2461
116,2473
446,2481
427,2486
8,2494
100,2502
279,2502
359,2502
85,2507
453,2510
450,2518
65,2523
233,2524
175,2529
278,2539
169,2539
266,2540
381,2542
500,2547
139,2548
305,2552
404,2561
28,2563
27,2564
222,2564
463,2569
134,2569
438,2570
244,2572
37,2578
217,2589
326,2591
394,2593
40,2598
281,2601
398,2614
56,2616
480,2620
479,2622
245,2625
439,2626
154,2631
376,2633
47,2639
378,2641
360,2644
280,2645
380,2647
226,2648
103,2654
11,2656
107,2657
123,2659
457,2661
455,2668
228,2669
488,2670
218,2673
7,2678
469,2686
62,2692
19,2697
101,2705
189,2708
144,2710
138,2715
390,2715
452,2719
411,2726
76,2728
388,2741
126,2746
486,2748
268,2751
374,2753
2,2775
331,2777
497,2786
254,2796
410,2802
429,2803
365,2803
166,2808
240,2809
249,2812
322,2815
102,2830
247,2834
304,2836
17,2836
241,2839
32,2840
14,2840
108,2846
440,2848
4,2849
396,2859
237,2860
252,2875
48,2878
130,2882
327,2887
59,2892
120,2904
325,2922
195,2923
289,2924
6,2924
276,2925
23,2927
181,2928
111,2934
258,2935
382,2940
182,2951
74,2954
496,2955
354,2957
418,2962
71,2973
423,2979
232,2982
196,2990
26,2994
468,2996
191,3018
229,3039
187,3041
5,3049
87,3050
397,3076
481,3094
165,3106
269,3107
73,3110
132,3114
79,3121
183,3123
192,3126
498,3126
271,3127
173,3127
349,3129
490,3131
400,3131
262,3143
295,3144
117,3152
265,3157
99,3160
298,3161
50,3173
342,3193
119,3195
364,3197
49,3205
172,3212
43,3213
97,3219
147,3221
323,3232
421,3239
9,3267
403,3267
335,3288
12,3297
260,3305
329,3307
221,3314
35,3318
474,3319
284,3361
198,3373
285,3382
436,3395
112,3396
341,3400
347,3405
142,3419
52,3430
462,3459
317,3461
361,3471
67,3471
316,3486
90,3488
68,3491
145,3504
20,3507
434,3545
465,3565
291,3572
296,3593
461,3595
152,3598
10,3614
225,3661
495,3667
257,3675
41,3699
358,3700
125,3714
131,3730
220,3731
375,3754
385,3754
227,3761
416,3781
467,3797
299,3801
42,3835
115,3837
256,3850
371,3871
395,3880
34,3884
197,3926
273,3935
177,3950
334,3954
150,3967
290,3992
238,3997
15,4022
234,4100
171,4111
297,4141
263,4159
151,4202
464,4203
46,4219
193,4233
104,4264
456,4264
383,4271
38,4333
207,4362
235,4367
259,4426
353,4489
174,4553
246,4581
391,4615
379,4635
314,4642
242,4652
146,4732
288,4743
470,4757
277,4917
313,5027
30,5039
243,5052
98,5127
45,5129
362,5185
81,5418
69,5466
372,5492
219,5509
223,5817

simblock.block.ProofOfWorkBlock@1c862b7f:55
227,0
67,677
341,951
151,1339
314,1351
271,1628
243,1729
388,1749
411,1820
335,1906
431,2008
34,2029
247,2123
436,2153
220,2201
75,2231
182,2298
317,2302
50,2304
79,2307
65,2421
216,2478
291,2490
2,2492
259,2518
292,2525
257,2544
276,2580
322,2585
73,2604
470,2607
150,2649
235,2675
109,2678
222,2679
359,2688
244,2719
279,2757
99,2765
396,2779
46,2789
17,2791
301,2795
289,2834
90,2861
139,2862
370,2865
379,2866
200,2881
61,2894
327,2905
353,2912
87,2916
277,2936
131,2964
249,2967
238,2970
68,2979
403,2982
285,2986
438,2994
14,3003
223,3013
469,3024
348,3034
88,3035
358,3038
37,3047
281,3051
83,3053
404,3061
130,3075
215,3092
362,3096
32,3098
365,3135
480,3151
96,3155
347,3158
255,3165
483,3172
197,3175
245,3176
71,3178
441,3187
384,3207
455,3210
475,3221
462,3224
5,3240
434,3242
76,3249
442,3251
429,3262
466,3263
400,3271
270,3271
82,3277
177,3277
349,3283
6,3284
298,3286
352,3287
81,3288
421,3299
72,3303
128,3305
367,3313
57,3318
159,3320
331,3320
486,3322
394,3341
218,3345
234,3348
310,3349
166,3353
459,3361
398,3365
468,3371
59,3391
187,3411
36,3434
42,3435
264,3441
482,3443
18,3443
93,3449
31,3450
127,3452
361,3452
35,3459
183,3462
464,3466
446,3467
423,3467
397,3469
427,3499
293,3500
435,3501
91,3501
33,3505
49,3507
479,3512
111,3518
357,3519
273,3530
269,3531
129,3534
262,3544
211,3545
210,3548
457,3550
414,3553
380,3556
405,3560
9,3565
422,3571
228,3585
254,3587
154,3591
368,3591
206,3593
214,3597
132,3597
278,3599
450,3608
399,3620
312,3627
330,3628
315,3628
123,3632
390,3642
212,3647
497,3653
401,3653
391,3655
239,3657
120,3661
416,3665
106,3665
471,3675
346,3680
27,3681
156,3682
108,3686
175,3693
383,3694
126,3694
11,3694
51,3703
451,3706
440,3713
26,3713
329,3716
477,3718
366,3724
424,3725
15,3725
408,3726
7,3729
149,3729
382,3733
58,3734
134,3739
1,3748
161,3750
22,3753
45,3755
308,3759
242,3760
116,3761
237,3762
437,3764
209,3771
463,3772
489,3779
433,3780
253,3781
428,3782
321,3792
54,3797
77,3799
70,3799
157,3802
64,3808
39,3811
173,3820
402,3823
420,3824
114,3824
272,3828
410,3828
92,3831
476,3833
303,3835
47,3838
121,3843
412,3849
267,3850
52,3852
117,3855
473,3859
84,3870
95,3874
105,3881
80,3889
413,3894
40,3906
444,3907
231,3907
190,3910
230,3915
258,3916
169,3919
12,3924
115,3928
481,3929
415,3934
494,3935
176,3940
165,3955
192,3964
332,3973
158,3975
378,3977
493,3978
146,3986
229,3987
251,3990
140,3995
297,4003
94,4004
491,4014
363,4015
181,4017
141,4017
168,4019
191,4030
100,4044
3,4047
496,4056
313,4056
336,4061
452,4062
89,4066
268,4074
178,4075
454,4079
28,4079
333,4085
167,4087
337,4091
445,4092
19,4100
172,4101
492,4105
138,4107
44,4109
432,4113
324,4122
188,4123
328,4127
203,4129
240,4133
447,4134
236,4140
300,4146
48,4151
103,4152
207,4161
417,4163
407,4164
171,4177
409,4182
498,4187
260,4187
4,4188
389,4188
307,4196
113,4197
418,4206
202,4210
472,4222
386,4229
374,4230
144,4232
241,4235
381,4239
219,4243
453,4254
318,4263
10,4292
286,4293
250,4318
467,4322
66,4342
147,4351
24,4353
153,4364
110,4366
16,4368
287,4373
299,4377
376,4377
246,4378
233,4379
193,4406
282,4408
23,4418
316,4418
372,4425
225,4453
122,4455
232,4456
43,4458
296,4459
102,4461
155,4464
354,4468
306,4468
311,4475
60,4494
283,4500
325,4520
355,4534
419,4539
20,4543
500,4570
41,4581
198,4601
425,4608
360,4625
133,4625
56,4626
443,4630
339,4646
199,4646
426,4652
319,4654
377,4658
484,4660
343,4669
195,4718
55,4726
338,4733
280,4741
179,4746
201,4754
142,4756
350,4758
185,4777
98,4809
152,4819
395,4819
30,4821
21,4823
74,4840
495,4851
478,4893
217,4913
97,4916
224,4924
485,4938
373,4947
164,4981
334,4985
456,5002
449,5004
160,5008
344,5011
8,5054
186,5056
265,5067
385,5074
275,5081
25,5094
295,5098
112,5128
78,5152
284,5160
226,5171
256,5174
263,5174
364,5179
393,5233
326,5238
86,5270
69,5282
194,5286
274,5289
288,5292
148,5318
208,5347
392,5412
145,5423
135,5434
290,5452
213,5484
143,5508
342,5521
204,5523
323,5527
371,5531
184,5574
13,5601
189,5640
266,5674
104,5685
124,5703
162,5729
320,5748
221,5783
369,5793
490,5854
63,5861
101,5923
180,5947
465,5980
174,6078
38,6148
125,6162
302,6177
305,6220
309,6254
170,6287
499,6356
448,6374
345,6388
119,6434
461,6467
375,6514
430,6533
458,6603
118,6649
356,6783
460,6814
474,6895
387,6965
439,7080
85,7523
252,8586

simblock.block.ProofOfWorkBlock@3a424c48:55
23,0
125,598
152,876
223,1164
114,1265
474,1513
372,1652
260,1865
396,1893
56,2043
219,2187
495,2282
318,2324
463,2432
11,2576
380,2669
429,2770
355,2829
198,2971
313,3056
65,3216
76,3231
173,3365
414,3481
377,3644
359,3676
75,3752
319,3920
13,4075
101,4123
249,4141
345,4359
170,4503
243,4528
166,4568
337,4790
150,4931
499,4932
327,5026
419,5215
37,5318
252,5448
151,5473
283,5644
3,5753
405,6026
286,6082
267,6206
103,6507
478,6580
392,6632
194,6934
328,7057
158,7129
121,7361
91,7482
164,7673
457,7788
459,7908
476,8218
136,8225
308,8334
27,8660
184,8771
428,8773
417,9200
57,9637
266,10074

simblock.block.ProofOfWorkBlock@20dd39cb:56
270,0
27,403
136,558
447,715
53,824
92,869
393,963
161,977
78,1022
466,1118
261,1121
410,1130
194,1180
25,1227
476,1272
28,1272
278,1278
57,1283
492,1380
332,1381
77,1390
351,1425
188,1431
140,1437
483,1437
262,1450
277,1454
190,1523
294,1530
487,1533
66,1541
337,1544
155,1572
449,1577
402,1583
84,1591
408,1594
24,1603
91,1603
412,1632
163,1677
274,1680
180,1680
441,1681
29,1683
186,1687
319,1689
62,1696
305,1698
247,1726
338,1737
185,1738
212,1745
392,1748
168,1761
176,1785
454,1798
477,1801
122,1806
386,1827
22,1833
478,1833
485,1834
496,1836
55,1837
129,1839
208,1843
72,1844
51,1849
448,1850
205,1854
457,1855
204,1858
384,1869
396,1882
333,1893
214,1902
432,1925
431,1933
373,1937
443,1941
7,1947
230,1950
255,1952
250,1961
206,1972
407,1974
287,1977
110,1979
306,1980
352,1985
458,1986
213,1990
490,1990
336,1992
82,1993
156,1993
283,1996
468,1998
363,1999
211,2001
459,2005
95,2006
399,2008
39,2009
100,2010
282,2012
434,2015
311,2015
329,2016
264,2039
307,2055
16,2072
275,2082
272,2087
266,2090
167,2094
103,2095
113,2095
427,2096
154,2098
202,2100
343,2103
224,2103
236,2106
353,2122
89,2122
199,2125
309,2129
500,2133
340,2135
237,2135
196,2138
435,2142
248,2142
184,2144
13,2144
460,2145
499,2145
164,2145
488,2150
160,2151
286,2151
377,2152
327,2153
8,2159
406,2160
369,2161
464,2162
61,2165
330,2165
200,2166
450,2171
148,2173
153,2210
54,2221
437,2225
413,2234
36,2236
433,2243
451,2249
162,2253
440,2254
1,2256
310,2256
439,2256
419,2257
133,2259
2,2260
121,2260
489,2261
86,2263
383,2264
303,2264
389,2266
409,2269
315,2277
233,2282
108,2286
58,2287
116,2289
348,2291
143,2294
18,2296
414,2298
417,2299
12,2299
106,2300
93,2303
415,2304
387,2304
491,2306
365,2308
482,2309
304,2313
94,2315
401,2316
405,2318
118,2320
486,2320
279,2320
345,2324
422,2329
420,2329
182,2360
124,2364
88,2385
226,2388
267,2393
257,2394
366,2394
4,2407
356,2408
453,2412
90,2413
339,2414
344,2416
430,2418
105,2421
324,2422
3,2422
350,2423
107,2424
111,2425
376,2431
201,2432
426,2434
158,2441
470,2443
85,2450
64,2452
63,2455
222,2456
179,2457
178,2457
21,2457
445,2459
37,2463
346,2470
425,2472
157,2473
137,2473
44,2475
493,2481
87,2483
210,2495
128,2499
251,2513
268,2517
175,2525
191,2526
244,2527
97,2530
60,2537
325,2543
484,2548
80,2552
494,2555
147,2556
328,2563
234,2566
109,2568
428,2569
17,2569
169,2570
293,2570
381,2570
318,2571
59,2574
359,2585
170,2588
347,2591
149,2594
83,2594
390,2596
40,2607
361,2609
132,2609
31,2609
239,2612
320,2612
70,2623
231,2624
203,2627
101,2637
209,2649
114,2669
285,2672
444,2674
473,2677
165,2678
245,2680
364,2681
495,2685
47,2692
289,2699
378,2703
411,2707
127,2709
73,2710
379,2716
475,2716
326,2723
469,2728
342,2739
368,2741
438,2745
177,2748
273,2748
358,2756
187,2759
357,2761
321,2762
367,2764
172,2770
395,2771
403,2773
41,2777
472,2784
192,2795
291,2797
181,2798
6,2810
218,2818
159,2831
75,2833
102,2837
130,2837
126,2837
362,2837
442,2837
314,2840
292,2842
134,2853
380,2855
138,2859
56,2865
436,2871
298,2877
416,2883
317,2887
463,2888
302,2899
246,2906
258,2907
308,2912
312,2916
391,2930
145,2939
228,2939
290,2941
240,2941
301,2944
115,2955
462,2976
388,2990
424,2991
74,2992
96,2994
76,3006
370,3012
313,3023
269,3027
33,3028
48,3030
52,3034
241,3050
253,3052
335,3061
429,3062
112,3068
215,3086
242,3093
299,3094
479,3099
146,3099
316,3103
11,3104
355,3104
331,3107
123,3112
120,3131
238,3143
79,3159
35,3159
374,3163
216,3165
142,3177
249,3188
397,3204
276,3222
23,3230
284,3241
323,3263
229,3279
81,3289
117,3291
166,3293
446,3293
104,3306
197,3309
43,3314
49,3316
152,3319
360,3324
15,3328
455,3340
394,3342
398,3353
5,3365
498,3371
144,3373
20,3375
19,3381
322,3386
46,3426
135,3442
119,3457
300,3474
385,3528
219,3529
183,3534
195,3546
14,3557
141,3558
281,3558
400,3559
297,3571
150,3579
131,3583
480,3604
9,3626
65,3647
271,3662
371,3667
456,3690
497,3695
30,3702
354,3709
471,3720
280,3725
256,3726
68,3732
260,3751
221,3760
193,3764
252,3764
220,3798
382,3823
198,3850
421,3881
173,3911
50,3914
423,3939
139,3944
207,3958
42,3970
32,3995
10,4030
254,4064
259,4065
372,4067
334,4071
263,4072
34,4081
26,4091
375,4104
465,4118
189,4131
98,4143
38,4144
467,4163
223,4166
295,4173
418,4174
474,4325
71,4332
225,4335
235,4383
67,4412
243,4433
404,4441
341,4461
217,4469
232,4514
45,4538
349,4649
481,4713
288,4827
171,4850
125,4856
461,4909
151,4915
296,5205
452,5233
99,5253
227,5295
265,5598
174,5652
69,6034

simblock.block.ProofOfWorkBlock@16cdba:56
243,0
465,4699
434,5167
46,5627
300,6082
119,6533
198,6988
126,7442
323,7897
385,8353
34,8821
474,9281
227,9747
406,10304
261,10861
205,11424
274,11982
196,12544
294,13104
29,13660
163,14219
204,14782
248,15352

simblock.block.ProofOfWorkBlock@1ad12f4e:56
334,0
68,675
371,962
424,1352
150,1743
149,2132
234,2518
485,2944
3,3381
437,3810
153,4253
487,4685
61,5110
82,5550
451,5976
399,6403
472,6857
16,7287

simblock.block.ProofOfWorkBlock@6ea4908d:57
393,0
77,416
305,571
493,729
344,831
311,885
287,978
293,987
337,1038
460,1131
22,1137
236,1141
148,1206
205,1236
190,1286
156,1289
78,1290
255,1295
420,1358
321,1381
40,1389
24,1396
121,1442
224,1443
116,1452
328,1453
454,1509
136,1512
387,1537
266,1543
233,1545
262,1546
476,1552
488,1557
357,1595
482,1595
164,1609
212,1611
93,1615
339,1645
457,1665
484,1689
445,1696
153,1698
458,1700
206,1701
279,1701
105,1702
320,1709
406,1720
333,1733
309,1750
155,1751
274,1766
422,1768
500,1771
167,1774
44,1785
199,1795
368,1801
76,1803
200,1811
286,1848
432,1850
162,1854
489,1855
414,1856
202,1856
449,1857
439,1863
179,1870
348,1871
133,1890
405,1893
338,1904
61,1905
451,1917
433,1921
483,1921
91,1926
336,1933
36,1938
39,1941
26,1945
389,1948
204,1951
54,1954
28,1961
496,1962
100,1963
250,2000
226,2002
95,2007
154,2009
211,2009
214,2010
401,2013
103,2014
363,2017
25,2018
332,2021
122,2026
160,2027
149,2042
310,2046
324,2058
264,2069
306,2070
8,2074
119,2076
475,2081
201,2086
492,2091
110,2096
441,2100
302,2103
282,2103
373,2104
248,2105
178,2108
210,2113
168,2115
1,2115
487,2115
402,2120
137,2121
443,2126
447,2137
419,2140
408,2154
94,2157
275,2160
170,2160
123,2161
72,2161
307,2167
412,2168
29,2170
109,2171
16,2175
315,2177
84,2178
490,2180
437,2197
198,2197
303,2200
478,2205
53,2206
166,2210
345,2211
13,2212
89,2222
472,2225
157,2233
427,2234
417,2238
85,2240
392,2252
7,2254
415,2255
366,2256
448,2256
66,2257
239,2257
377,2260
301,2264
346,2267
57,2269
304,2271
60,2272
426,2275
350,2278
326,2279
244,2284
151,2285
129,2295
355,2295
58,2306
410,2310
143,2311
97,2312
308,2314
12,2314
294,2321
128,2323
55,2324
283,2327
351,2327
194,2329
18,2330
278,2333
425,2340
240,2342
495,2343
312,2346
188,2348
213,2351
83,2357
140,2359
491,2360
31,2366
163,2372
409,2373
216,2374
17,2386
127,2393
407,2394
186,2401
369,2404
440,2408
184,2408
330,2410
64,2412
253,2418
88,2422
453,2422
51,2425
176,2426
14,2427
358,2429
191,2429
319,2432
470,2446
450,2450
429,2453
280,2453
251,2462
499,2464
245,2468
261,2468
208,2473
147,2475
113,2476
340,2483
86,2486
465,2493
203,2501
62,2504
114,2508
135,2511
82,2514
435,2522
132,2524
161,2525
124,2534
292,2534
356,2545
272,2546
11,2550
277,2551
268,2551
46,2552
386,2560
107,2565
494,2565
352,2568
27,2574
131,2575
134,2576
169,2587
111,2588
365,2601
367,2607
381,2608
397,2613
158,2614
144,2617
444,2617
70,2620
466,2627
298,2630
267,2635
375,2647
180,2648
130,2658
430,2658
209,2664
477,2665
34,2666
37,2667
207,2669
485,2674
436,2677
118,2678
6,2680
416,2683
313,2688
270,2691
273,2692
5,2694
234,2694
442,2695
398,2700
325,2704
74,2704
52,2707
471,2713
463,2713
230,2715
92,2718
238,2719
486,2720
317,2729
269,2744
383,2769
380,2771
182,2776
399,2779
413,2781
47,2781
423,2785
192,2785
235,2800
21,2813
473,2813
175,2817
349,2818
101,2819
464,2822
459,2831
291,2837
185,2846
438,2848
73,2849
497,2852
126,2855
284,2855
404,2859
68,2861
63,2866
343,2868
361,2873
220,2881
150,2897
222,2900
104,2904
120,2916
142,2918
228,2918
117,2923
428,2930
300,2933
2,2936
331,2946
285,2957
446,2960
231,2963
362,2965
229,2967
87,2969
59,2972
455,2985
421,2988
90,2991
112,2996
364,2998
187,3009
115,3027
394,3036
370,3041
390,3045
177,3047
360,3050
479,3057
469,3057
227,3073
400,3073
347,3078
221,3081
480,3089
75,3090
3,3098
468,3101
322,3101
359,3103
258,3116
247,3121
384,3128
102,3130
388,3136
323,3136
49,3139
297,3145
215,3149
252,3166
141,3170
237,3171
249,3187
316,3197
42,3200
80,3202
327,3228
232,3230
23,3249
418,3250
379,3259
396,3266
195,3281
281,3282
299,3296
189,3307
159,3313
20,3314
15,3323
290,3329
79,3339
289,3347
219,3361
376,3362
411,3366
4,3377
241,3386
385,3406
145,3414
225,3416
125,3449
9,3461
181,3467
265,3471
334,3483
395,3484
165,3499
43,3509
474,3520
33,3527
193,3530
106,3533
41,3537
382,3549
71,3567
263,3569
35,3590
341,3591
218,3613
172,3629
342,3631
329,3683
223,3710
260,3721
108,3736
98,3740
391,3743
467,3763
65,3768
146,3807
462,3809
374,3824
56,3858
498,3865
288,3866
45,3876
96,3892
378,3893
314,3907
403,3908
171,3935
254,3951
243,3970
69,3985
99,3988
139,4011
19,4034
353,4083
335,4102
30,4120
257,4127
138,4128
246,4132
197,4160
434,4174
424,4217
271,4246
81,4288
32,4302
452,4315
318,4414
38,4467
371,4519
256,4540
456,4557
152,4596
242,4627
48,4653
296,4681
431,4693
217,4696
481,4901
50,4927
372,4992
259,4992
461,5029
67,5062
276,5091
354,5326
174,5387
10,5441
173,5465
183,5766
295,5822

simblock.block.ProofOfWorkBlock@775599a2:57
457,0
86,413
250,565
162,718
435,814
66,904
196,970
179,974
393,1059
499,1122
492,1124
93,1126
233,1216
264,1233
293,1276
154,1279
110,1280
199,1313
82,1372
328,1376
363,1383
60,1386
352,1433
253,1433
63,1437
443,1470
127,1524
158,1528
392,1530
89,1531
449,1537
402,1538
208,1545
118,1585
482,1587
310,1589
231,1622
84,1623
88,1647
319,1680
311,1680
419,1684
346,1690
448,1690
4,1691
62,1693
315,1698
450,1699
407,1721
186,1740
22,1741
427,1744
283,1778
337,1779
107,1787
44,1788
312,1789
472,1791
248,1802
206,1833
440,1836
8,1838
278,1839
282,1840
54,1846
164,1846
366,1847
236,1848
351,1849
204,1852
321,1860
12,1876
406,1877
343,1897
116,1898
490,1907
214,1930
36,1932
473,1933
27,1935
367,1939
409,1941
447,1943
344,1943
29,1944
95,1945
58,1945
113,1948
339,1954
496,1956
338,1987
188,1992
348,1993
459,1993
16,1994
307,1997
477,1999
266,2000
401,2003
475,2004
336,2009
213,2013
122,2015
194,2026
212,2029
294,2030
433,2051
387,2051
216,2067
53,2084
478,2085
275,2086
445,2088
272,2092
458,2095
143,2095
430,2096
13,2098
91,2098
274,2098
306,2100
485,2103
202,2104
205,2106
483,2109
85,2110
178,2126
384,2129
377,2147
428,2149
100,2149
279,2150
224,2150
128,2152
415,2152
255,2153
333,2153
350,2158
121,2169
161,2172
403,2175
168,2179
203,2184
454,2190
308,2208
261,2208
420,2209
331,2211
135,2211
362,2212
185,2213
453,2239
230,2240
72,2240
70,2245
163,2248
437,2249
413,2249
155,2249
357,2251
488,2251
201,2252
389,2254
500,2255
340,2257
103,2257
92,2257
235,2263
31,2266
49,2272
466,2278
46,2281
176,2282
133,2300
18,2301
200,2302
105,2303
61,2305
239,2306
303,2306
484,2319
24,2325
55,2325
356,2331
5,2334
422,2337
410,2340
40,2348
19,2349
270,2350
489,2350
226,2352
7,2361
302,2363
117,2366
439,2368
56,2378
182,2378
94,2380
190,2392
487,2393
184,2393
11,2398
80,2399
309,2401
332,2410
210,2410
78,2414
369,2417
386,2419
434,2420
399,2425
397,2426
166,2427
286,2435
291,2437
249,2441
476,2447
418,2448
156,2453
460,2458
345,2461
51,2461
358,2468
1,2478
298,2478
405,2478
318,2481
425,2484
167,2486
353,2488
330,2489
491,2490
140,2492
412,2502
25,2507
144,2517
241,2522
417,2522
165,2525
87,2528
280,2533
424,2534
379,2538
480,2538
329,2542
432,2546
471,2546
42,2549
170,2555
320,2567
441,2574
494,2579
244,2587
21,2588
134,2589
97,2600
211,2600
35,2602
130,2604
175,2606
177,2614
39,2617
368,2618
114,2622
15,2630
497,2631
398,2633
64,2637
153,2639
408,2646
380,2647
268,2648
157,2655
289,2664
258,2681
277,2682
149,2683
209,2685
73,2689
342,2691
225,2695
463,2697
273,2699
129,2701
388,2702
108,2703
426,2706
160,2708
404,2710
96,2719
355,2720
57,2721
411,2725
267,2729
74,2730
20,2735
147,2749
187,2749
150,2757
17,2762
33,2763
104,2766
28,2772
444,2774
364,2779
126,2786
455,2788
304,2789
300,2795
65,2799
26,2801
431,2804
101,2810
416,2816
325,2819
465,2820
3,2831
252,2841
220,2843
365,2846
470,2853
349,2856
269,2857
414,2859
109,2866
436,2869
486,2871
75,2878
124,2884
6,2884
192,2893
316,2895
198,2897
83,2899
136,2900
254,2901
421,2912
263,2913
148,2924
181,2928
256,2938
479,2963
119,2963
34,2970
301,2972
218,2974
313,2974
396,2976
48,2977
451,2984
341,2986
423,2986
376,2988
292,3003
370,3012
180,3013
237,3020
222,3026
314,3027
385,3028
394,3029
228,3029
326,3041
151,3055
159,3056
378,3060
240,3067
468,3069
234,3070
347,3093
391,3097
207,3104
221,3108
77,3114
360,3116
247,3120
138,3123
102,3127
373,3133
112,3146
59,3150
469,3159
90,3166
257,3168
323,3171
271,3174
461,3183
285,3183
262,3185
125,3187
287,3191
383,3195
493,3198
446,3202
246,3228
120,3230
442,3242
227,3246
495,3246
260,3248
10,3250
141,3253
14,3262
390,3285
305,3288
317,3292
429,3296
354,3297
215,3321
2,3323
245,3334
43,3352
67,3353
400,3353
189,3366
69,3385
381,3397
481,3410
106,3415
169,3415
395,3421
99,3422
229,3433
41,3446
371,3450
32,3452
464,3454
238,3463
152,3472
111,3486
243,3508
50,3512
327,3518
123,3519
276,3550
171,3553
296,3556
76,3587
37,3602
467,3605
68,3621
172,3627
219,3642
498,3670
79,3680
281,3682
132,3719
438,3723
474,3731
462,3732
259,3749
382,3758
145,3776
52,3787
139,3798
295,3806
232,3812
173,3845
297,3885
375,3914
174,3914
452,3922
322,3932
47,3992
131,3999
23,4000
251,4028
334,4052
98,4060
217,4071
288,4098
137,4125
9,4175
146,4198
372,4214
191,4264
183,4291
361,4297
38,4322
115,4356
30,4381
142,4382
45,4467
359,4532
284,4562
374,4691
197,4725
335,4760
242,4762
299,4913
195,4945
324,4981
456,5070
290,5140
81,5144
71,5325
265,5345
193,5449
223,5546

simblock.block.ProofOfWorkBlock@2eaccd79:58
300,0
384,487
192,676
376,862
331,974
177,1056
316,1155
238,1160
75,1245
120,1342
397,1351
292,1361
33,1432
215,1456
390,1527
237,1543
383,1548
131,1618
449,1641
463,1641
362,1643
235,1687
74,1713
32,1722
470,1732
46,1737
254,1825
464,1829
385,1829
291,1832
14,1849
355,1874
422,1895
134,1905
327,1909
273,1913
483,1921
370,1924
281,1924
342,1942
83,2021
480,2021
424,2024
280,2025
326,2034
347,2043
78,2044
394,2066
388,2095
285,2099
361,2107
318,2109
264,2111
417,2112
37,2121
73,2125
228,2127
96,2165
412,2182
66,2183
102,2197
203,2200
82,2202
44,2208
249,2210
166,2210
301,2211
130,2211
497,2219
396,2220
416,2224
132,2237
56,2253
244,2282
365,2290
159,2295
5,2304
490,2305
15,2308
72,2310
175,2312
465,2320
387,2329
438,2332
26,2335
47,2339
431,2360
204,2362
76,2368
35,2385
106,2389
441,2390
124,2392
59,2393
18,2398
444,2416
20,2421
111,2422
187,2423
220,2428
289,2432
19,2441
351,2451
475,2460
443,2463
406,2464
349,2476
211,2482
8,2483
479,2484
287,2488
315,2489
321,2489
164,2494
208,2499
143,2501
209,2504
353,2505
455,2506
257,2509
457,2514
88,2516
57,2519
269,2520
429,2522
468,2535
430,2537
222,2545
97,2556
494,2569
144,2570
191,2576
323,2579
337,2580
251,2580
357,2584
31,2587
151,2588
425,2594
136,2598
6,2601
13,2605
101,2609
7,2614
214,2614
3,2617
169,2618
213,2618
462,2619
247,2621
410,2638
409,2652
267,2669
182,2669
471,2669
500,2674
91,2675
380,2683
85,2688
218,2691
123,2696
112,2699
4,2699
233,2700
469,2701
270,2701
197,2704
149,2706
162,2711
64,2714
60,2720
403,2726
250,2741
466,2741
25,2746
16,2749
313,2751
109,2752
117,2758
336,2759
294,2766
307,2767
358,2768
150,2768
268,2769
39,2770
70,2771
77,2774
129,2775
226,2777
405,2777
272,2778
359,2781
382,2787
178,2792
277,2793
141,2794
486,2795
293,2795
477,2796
200,2797
414,2799
448,2801
366,2804
80,2808
52,2814
436,2814
435,2824
306,2827
113,2841
305,2847
90,2847
234,2849
242,2856
255,2859
205,2862
61,2868
168,2869
165,2870
493,2876
338,2878
379,2881
103,2884
356,2886
2,2893
399,2903
496,2905
442,2915
381,2919
408,2919
28,2924
94,2925
185,2926
108,2932
240,2935
246,2941
451,2945
476,2947
116,2949
401,2951
29,2952
51,2953
53,2954
317,2955
107,2961
27,2961
446,2963
398,2965
329,2966
303,2968
110,2974
158,2980
58,2983
434,2984
458,2986
348,2986
495,2987
352,2988
487,2989
230,2990
392,2991
140,2992
426,2992
439,2998
248,2999
170,3000
325,3011
11,3013
433,3021
345,3025
87,3029
411,3031
180,3032
420,3032
389,3036
49,3037
450,3039
283,3039
492,3048
377,3051
236,3054
42,3055
160,3057
65,3057
274,3058
156,3059
202,3062
332,3072
118,3073
368,3077
184,3077
485,3080
473,3081
167,3083
225,3085
86,3086
413,3095
133,3102
147,3106
350,3107
229,3119
93,3139
100,3139
278,3141
179,3142
126,3143
334,3149
24,3149
308,3155
445,3156
157,3157
45,3174
374,3175
119,3185
339,3186
241,3194
152,3196
41,3204
10,3208
114,3209
12,3214
245,3217
17,3219
216,3223
271,3228
122,3232
1,3238
428,3239
34,3240
89,3244
461,3246
54,3248
148,3255
84,3266
95,3270
393,3273
309,3278
128,3281
421,3299
210,3306
346,3313
199,3316
63,3319
314,3326
489,3335
367,3336
263,3338
258,3340
154,3340
460,3341
195,3343
459,3350
22,3351
340,3357
386,3358
312,3358
125,3361
266,3364
137,3365
153,3365
40,3366
311,3372
115,3376
265,3379
491,3390
418,3396
288,3396
298,3407
373,3419
181,3423
488,3424
484,3434
498,3474
193,3492
423,3494
343,3511
437,3513
286,3521
67,3526
456,3529
190,3535
21,3538
38,3545
146,3545
232,3549
330,3549
239,3550
201,3551
48,3552
105,3556
276,3581
127,3584
260,3585
372,3591
135,3593
341,3599
404,3609
324,3611
447,3617
99,3619
262,3620
155,3622
319,3639
427,3646
186,3648
328,3650
499,3659
174,3664
163,3668
198,3674
322,3676
71,3678
454,3701
481,3709
400,3712
231,3715
378,3788
419,3801
415,3816
188,3836
161,3840
407,3842
224,3863
171,3866
43,3882
68,3883
23,3885
432,3899
360,3903
30,3905
344,3906
478,3907
176,3942
284,3945
212,3948
243,3978
402,3978
295,3983
196,3992
139,4006
98,4018
221,4038
472,4089
279,4128
189,4169
304,4173
206,4177
395,4188
194,4193
275,4194
482,4229
79,4237
375,4248
320,4256
172,4257
369,4270
138,4296
335,4302
299,4338
217,4339
62,4373
354,4432
261,4455
253,4458
121,4476
36,4479
290,4520
50,4546
310,4547
259,4561
142,4584
296,4611
256,4648
302,4654
391,4692
145,4693
55,4755
252,4779
223,4787
297,4808
440,4826
183,4905
333,4933
207,5000
282,5036
371,5049
92,5116
69,5121
173,5130
363,5211
219,5264
474,5394
453,5396
9,5476
104,5488
452,5621
467,5742
364,5833
81,6093
227,6184

simblock.block.ProofOfWorkBlock@7b92d3ee:58
128,0
61,405
471,559
170,711
309,808
427,866
239,964
118,968
210,1018
137,1116
92,1116
414,1121
124,1210
458,1268
176,1268
328,1277
206,1280
380,1287
188,1363
425,1369
162,1370
201,1421
367,1422
275,1426
266,1430
250,1453
93,1522
270,1523
406,1523
336,1526
274,1527
127,1528
175,1554
357,1574
140,1576
488,1583
29,1589
264,1615
24,1617
213,1673
413,1674
439,1676
110,1677
121,1679
368,1680
422,1680
473,1682
88,1685
312,1686
155,1727
7,1728
36,1739
8,1741
55,1766
261,1768
337,1769
102,1780
84,1795
490,1810
211,1823
12,1826
272,1828
494,1829
153,1830
339,1831
116,1832
255,1832
190,1832
415,1839
319,1839
377,1840
91,1847
310,1861
113,1880
103,1881
179,1889
303,1893
499,1923
392,1929
491,1929
410,1929
283,1931
18,1933
180,1934
136,1935
457,1965
47,1966
148,1978
344,1984
330,1985
60,1985
484,1986
185,1986
1,1989
173,1989
205,1989
293,1990
178,1991
338,1993
224,1995
39,1996
28,1999
277,2007
278,2008
492,2020
100,2029
311,2034
89,2043
233,2053
447,2078
351,2080
58,2082
226,2082
294,2084
348,2085
94,2086
214,2087
157,2088
95,2088
167,2089
27,2089
428,2092
469,2093
135,2099
466,2102
186,2121
451,2130
21,2131
462,2134
346,2136
352,2139
16,2141
402,2143
350,2143
306,2146
248,2146
345,2148
19,2152
443,2155
440,2156
168,2157
405,2161
57,2161
417,2177
196,2186
200,2189
184,2198
64,2204
472,2230
476,2232
401,2235
489,2236
496,2236
324,2237
208,2238
143,2238
304,2241
86,2244
194,2244
343,2248
119,2251
432,2254
431,2254
448,2255
363,2256
139,2260
62,2264
42,2273
333,2285
204,2286
453,2290
54,2299
203,2299
66,2299
388,2301
475,2301
433,2306
441,2308
202,2310
407,2310
460,2314
126,2330
13,2330
373,2337
123,2348
356,2358
301,2358
393,2382
459,2385
307,2389
500,2389
78,2390
4,2392
399,2394
409,2396
403,2398
230,2403
164,2406
315,2408
65,2409
40,2414
285,2415
105,2416
77,2416
112,2418
198,2419
49,2422
254,2428
379,2431
273,2437
305,2438
156,2441
282,2449
236,2451
5,2455
197,2456
435,2457
22,2460
262,2466
449,2466
482,2466
420,2467
129,2478
332,2483
44,2490
487,2495
220,2509
251,2511
468,2511
14,2513
423,2514
450,2514
479,2520
166,2522
141,2529
130,2534
477,2537
353,2541
199,2543
478,2561
231,2565
158,2568
191,2576
33,2582
2,2582
474,2584
416,2584
144,2586
287,2590
323,2591
291,2595
70,2601
386,2606
267,2610
63,2614
302,2621
114,2625
51,2631
50,2638
430,2647
485,2650
20,2651
454,2652
308,2652
408,2653
470,2661
133,2662
249,2674
117,2675
411,2682
218,2684
279,2689
325,2689
286,2691
465,2693
396,2702
149,2706
25,2722
52,2724
419,2727
464,2730
56,2733
209,2737
30,2737
48,2737
31,2758
320,2763
154,2766
280,2766
371,2771
446,2776
383,2777
253,2779
240,2787
59,2787
151,2788
252,2791
398,2793
79,2797
498,2798
96,2811
122,2816
107,2820
438,2826
161,2842
421,2845
378,2846
370,2852
35,2853
134,2855
397,2856
365,2861
361,2867
163,2880
318,2884
76,2891
6,2897
147,2898
87,2898
11,2900
241,2908
387,2911
289,2916
366,2916
212,2924
177,2928
426,2932
429,2943
244,2947
83,2949
215,2950
181,2958
53,2969
436,2969
362,2973
463,2977
497,2978
354,2979
382,2988
358,2992
37,2997
132,3007
424,3009
290,3015
23,3042
329,3053
120,3057
412,3065
106,3068
85,3069
131,3075
316,3083
321,3084
359,3094
327,3113
391,3114
245,3114
67,3115
238,3120
99,3120
225,3126
223,3131
73,3144
217,3151
300,3163
111,3166
375,3167
246,3171
75,3182
341,3183
125,3184
101,3185
257,3194
15,3204
260,3208
298,3209
169,3221
17,3223
263,3231
242,3234
195,3240
349,3247
389,3249
418,3254
115,3281
372,3298
189,3328
68,3332
376,3333
381,3334
74,3336
41,3358
219,3381
104,3393
192,3397
182,3419
228,3435
269,3456
46,3464
9,3473
32,3476
165,3476
150,3477
183,3478
355,3486
71,3487
347,3495
256,3499
159,3522
80,3525
221,3532
322,3554
81,3584
281,3601
434,3602
284,3632
222,3663
495,3699
90,3707
335,3716
109,3724
3,3724
108,3743
480,3745
98,3767
243,3770
360,3777
326,3799
317,3815
288,3854
138,3867
385,3869
481,3871
331,3874
276,3883
299,3884
227,3904
247,3929
292,3992
455,4017
384,4022
444,4070
207,4078
193,4100
395,4110
342,4134
234,4140
82,4144
452,4235
10,4246
334,4263
152,4264
26,4287
216,4294
172,4309
295,4343
442,4349
313,4401
394,4410
265,4415
72,4421
142,4483
314,4499
390,4504
340,4533
45,4541
296,4623
400,4635
171,4650
271,4665
97,4669
404,4677
43,4687
437,4719
229,4743
69,4854
456,4883
187,4937
258,4945
461,5024
364,5070
232,5131
268,5203
486,5210
146,5284
467,5464
297,5508
374,5600
174,5682
145,5983
38,6361
259,6754

simblock.block.ProofOfWorkBlock@6a7ee7e4:59
151,0
411,485
220,670
388,864
222,965
431,1061
83,1148
317,1156
442,1334
490,1339
65,1346
379,1347
108,1455
109,1522
470,1532
2,1536
268,1544
344,1623
390,1629
285,1636
398,1641
370,1707
75,1719
240,1724
281,1731
440,1747
147,1814
444,1814
381,1822
469,1835
37,1836
87,1852
336,1900
338,1900
404,1909
90,1918
111,1943
39,1988
353,1999
380,2001
56,2004
483,2006
301,2013
403,2018
35,2023
464,2026
235,2027
327,2033
363,2053
55,2057
291,2103
192,2113
468,2116
433,2130
80,2131
479,2156
253,2164
274,2181
329,2184
330,2187
257,2189
198,2190
244,2202
166,2204
320,2205
495,2208
116,2211
47,2214
384,2214
497,2214
245,2217
313,2250
439,2268
319,2283
77,2284
277,2289
126,2301
226,2302
328,2303
26,2305
155,2310
385,2316
70,2317
181,2318
73,2321
24,2358
93,2364
298,2377
249,2379
64,2391
361,2395
218,2395
387,2396
119,2397
32,2398
234,2403
215,2405
136,2410
438,2412
475,2417
303,2435
258,2441
261,2455
447,2456
368,2459
267,2465
311,2466
7,2467
496,2470
5,2477
365,2486
182,2495
430,2499
397,2500
436,2505
331,2506
463,2509
74,2509
60,2513
488,2513
96,2514
405,2518
102,2525
305,2527
86,2540
272,2545
308,2560
332,2562
61,2563
499,2563
462,2567
42,2569
79,2570
489,2579
349,2585
206,2588
101,2590
103,2592
97,2592
95,2594
134,2594
135,2595
269,2600
316,2601
19,2603
199,2603
8,2607
412,2608
346,2610
449,2616
493,2617
54,2623
358,2628
465,2634
426,2640
231,2652
205,2667
28,2671
150,2672
406,2673
418,2675
213,2675
480,2677
59,2681
76,2685
225,2686
62,2686
191,2693
251,2694
304,2694
120,2695
14,2697
421,2706
264,2708
473,2712
178,2715
106,2718
445,2719
209,2720
21,2720
94,2724
100,2733
414,2737
417,2742
307,2746
448,2757
132,2759
248,2760
52,2763
339,2765
51,2769
300,2771
137,2773
113,2775
289,2778
275,2783
149,2783
238,2786
177,2790
273,2791
389,2791
18,2795
472,2801
250,2801
247,2803
312,2804
196,2806
409,2824
401,2829
287,2829
266,2841
306,2842
13,2843
33,2859
228,2861
179,2866
25,2869
44,2871
197,2872
369,2873
487,2875
170,2876
491,2878
6,2882
127,2885
486,2886
49,2889
286,2890
214,2890
224,2892
112,2893
3,2899
386,2920
148,2920
457,2921
239,2923
190,2923
189,2928
376,2932
142,2946
117,2949
482,2953
359,2955
133,2958
471,2962
255,2963
402,2967
72,2967
451,2968
254,2969
467,2971
400,2973
453,2973
162,2977
458,2979
326,2985
355,2989
128,2991
63,2997
107,2998
156,2998
161,3003
362,3004
454,3007
443,3010
396,3017
455,3019
425,3023
500,3023
230,3025
283,3027
122,3027
204,3028
276,3034
57,3038
130,3046
357,3047
321,3047
194,3048
282,3058
270,3058
494,3059
450,3063
415,3068
280,3070
333,3072
118,3075
419,3075
163,3076
15,3078
351,3082
413,3111
129,3114
427,3122
31,3124
278,3139
88,3140
22,3142
236,3148
68,3149
92,3151
48,3159
446,3160
407,3162
345,3163
165,3166
340,3170
478,3174
16,3174
144,3175
29,3176
195,3179
152,3194
408,3198
78,3199
434,3209
17,3216
154,3221
432,3227
131,3237
66,3238
302,3244
153,3245
356,3255
292,3256
323,3257
459,3260
416,3263
186,3284
350,3304
184,3306
371,3312
342,3313
40,3314
243,3315
200,3318
422,3323
157,3325
89,3326
460,3327
20,3338
294,3341
382,3343
293,3347
208,3355
121,3357
394,3361
366,3362
175,3366
318,3379
410,3382
354,3385
485,3393
9,3399
85,3403
288,3415
341,3416
299,3419
352,3424
429,3425
11,3425
45,3429
492,3430
124,3431
99,3444
176,3451
420,3453
383,3465
158,3481
372,3486
115,3489
424,3509
193,3515
173,3520
169,3522
466,3525
164,3526
185,3533
441,3536
435,3538
105,3546
203,3569
4,3571
310,3582
348,3585
399,3605
343,3620
315,3623
202,3635
233,3647
347,3650
123,3650
71,3652
334,3661
377,3673
219,3676
229,3678
168,3685
481,3699
241,3701
395,3713
58,3716
474,3718
114,3725
10,3739
27,3743
146,3744
271,3752
1,3759
138,3778
159,3793
207,3803
374,3804
211,3805
262,3807
260,3813
91,3825
174,3844
160,3847
84,3870
364,3873
295,3879
139,3890
223,3901
143,3901
477,3901
23,3907
210,3913
46,3916
484,3925
375,3951
337,3954
172,3961
297,4024
256,4032
322,4038
187,4062
335,4065
246,4077
378,4078
252,4093
242,4095
30,4096
180,4105
296,4115
259,4122
98,4131
217,4157
53,4161
167,4179
82,4190
140,4191
171,4203
41,4203
265,4207
393,4209
34,4232
50,4271
69,4305
360,4306
237,4334
324,4365
232,4394
216,4439
391,4453
110,4464
36,4472
12,4472
43,4486
373,4488
104,4558
145,4585
452,4587
325,4606
498,4661
314,4665
279,4717
212,4750
428,4752
309,4769
456,4819
284,4837
141,4876
38,4936
367,4996
476,5050
188,5069
290,5109
81,5183
263,5259
221,5293
125,5305
201,5338
461,5612
392,5617
423,5646
437,5902
183,5973
67,6332
227,6691

simblock.block.ProofOfWorkBlock@705442c3:59
382,0
169,482
141,668
5,854
175,969
393,1136
20,1148
342,1157
381,1340
431,1344
47,1354
427,1414
434,1447
144,1525
403,1533
77,1539
497,1549
215,1636
244,1639
119,1654
186,1691
457,1695
65,1730
42,1734
16,1803
283,1820
385,1822
289,1823
15,1828
380,1835
383,1848
311,1849
49,1919
384,1922
255,1945
225,1958
230,1975
206,1975
420,2003
234,2005
446,2010
165,2011
436,2013
468,2023
470,2033
88,2083
478,2092
202,2100
450,2104
241,2107
293,2111
370,2115
228,2118
54,2125
75,2127
112,2145
455,2147
24,2152
136,2164
251,2191
379,2200
2,2200
352,2211
329,2212
486,2219
483,2225
161,2252
31,2254
205,2259
454,2263
213,2292
264,2292
123,2299
416,2303
397,2305
343,2305
448,2305
316,2309
462,2310
277,2310
130,2312
305,2321
198,2334
363,2353
492,2362
64,2364
338,2377
74,2379
196,2382
328,2384
90,2385
317,2386
204,2391
109,2402
292,2404
339,2405
477,2405
323,2406
121,2407
433,2408
405,2411
333,2419
368,2431
313,2440
86,2445
231,2466
337,2473
56,2488
62,2491
35,2496
120,2497
76,2498
181,2499
117,2502
28,2504
285,2505
102,2508
414,2510
209,2513
310,2517
421,2519
150,2520
168,2521
401,2527
185,2529
275,2529
386,2563
469,2565
422,2565
118,2568
499,2570
459,2571
344,2571
200,2573
424,2575
490,2577
127,2586
48,2590
60,2599
480,2600
425,2605
111,2605
377,2616
25,2618
249,2628
11,2630
312,2643
270,2643
216,2645
27,2656
238,2659
303,2663
476,2668
487,2669
318,2669
157,2671
479,2672
199,2672
85,2673
359,2673
348,2678
162,2678
340,2682
267,2682
52,2685
1,2688
274,2689
80,2691
357,2692
87,2698
331,2699
399,2702
59,2707
179,2708
107,2709
257,2714
201,2720
160,2722
133,2723
439,2725
279,2733
324,2737
166,2741
66,2756
101,2761
349,2761
321,2769
61,2770
153,2771
254,2778
82,2778
163,2779
72,2782
268,2785
396,2794
463,2796
282,2800
449,2801
51,2810
7,2817
280,2820
376,2821
494,2823
451,2825
415,2826
294,2827
178,2828
346,2831
233,2835
93,2844
222,2850
134,2859
6,2863
413,2863
304,2866
44,2874
8,2875
236,2875
464,2878
164,2881
22,2883
21,2885
240,2890
13,2891
218,2894
78,2897
108,2900
14,2908
208,2913
122,2921
203,2922
301,2925
453,2929
350,2931
237,2940
500,2943
369,2946
412,2947
354,2948
430,2952
409,2954
113,2958
63,2966
489,2968
475,2972
188,2973
351,2974
57,2974
12,2976
447,2980
149,2980
306,2981
192,2982
325,2983
95,2986
39,2989
248,2990
336,2997
353,3003
307,3003
281,3010
33,3013
272,3019
442,3036
309,3038
129,3042
18,3042
155,3045
358,3048
355,3050
485,3057
226,3058
410,3059
387,3060
460,3068
104,3068
432,3070
116,3077
131,3079
97,3093
298,3098
3,3106
170,3106
315,3107
365,3117
140,3121
135,3128
32,3141
124,3141
266,3145
37,3145
58,3153
182,3154
156,3156
262,3159
211,3164
239,3168
252,3170
406,3179
46,3180
299,3181
404,3187
132,3196
177,3198
220,3223
278,3231
484,3232
128,3236
154,3237
498,3243
53,3246
73,3247
214,3249
481,3250
103,3253
361,3263
110,3264
373,3266
390,3272
261,3272
17,3278
269,3281
496,3285
210,3290
83,3294
195,3301
326,3302
197,3310
411,3317
364,3320
360,3323
402,3326
482,3332
29,3342
286,3349
466,3350
273,3361
287,3361
9,3362
356,3366
245,3369
495,3374
242,3384
265,3384
151,3395
96,3398
227,3398
247,3399
183,3400
314,3405
441,3409
395,3411
362,3412
191,3418
176,3420
258,3420
423,3431
435,3434
55,3443
347,3447
184,3449
250,3449
167,3464
465,3464
235,3489
474,3502
34,3506
426,3514
440,3514
114,3515
158,3524
38,3527
70,3527
407,3536
429,3552
147,3555
271,3559
408,3563
438,3567
366,3568
99,3569
224,3570
126,3573
246,3574
143,3574
444,3578
374,3589
256,3599
417,3615
445,3619
300,3629
443,3632
212,3634
391,3641
472,3653
71,3666
19,3690
84,3697
297,3698
308,3699
23,3703
180,3712
89,3728
106,3729
190,3732
332,3735
69,3744
189,3751
372,3756
400,3761
260,3769
388,3786
139,3801
148,3802
330,3805
398,3820
26,3830
253,3841
159,3843
152,3843
471,3845
367,3848
295,3856
138,3874
467,3882
345,3895
4,3897
243,3913
91,3930
43,3947
125,3955
327,3957
50,3980
302,3998
334,4010
419,4012
428,4014
146,4016
488,4018
335,4049
291,4087
187,4099
418,4111
389,4130
221,4159
81,4161
94,4174
392,4175
30,4197
320,4209
219,4233
284,4239
207,4265
491,4276
36,4292
92,4301
67,4337
394,4353
98,4365
173,4451
458,4459
319,4469
115,4475
171,4502
229,4503
217,4512
259,4514
194,4556
137,4571
40,4585
172,4590
473,4601
288,4719
79,4751
322,4818
296,4821
223,4822
68,4829
437,4837
493,4852
371,4863
100,4865
452,4880
461,4897
232,4959
263,5088
105,5118
45,5162
145,5171
142,5175
193,5181
456,5185
375,5301
174,5425
290,5515
341,5523
10,5533
378,5654
41,6005
276,6358

simblock.block.ProofOfWorkBlock@61b67be7:60
306,0
454,422
303,575
449,751
451,826
430,906
103,976
77,981
36,1060
236,1129
489,1139
82,1155
315,1217
333,1228
39,1282
78,1309
363,1311
213,1312
302,1369
155,1380
211,1384
393,1389
460,1440
167,1464
204,1465
433,1469
401,1475
140,1532
121,1538
160,1538
133,1542
60,1548
95,1559
205,1595
472,1618
57,1620
386,1624
127,1627
417,1628
182,1634
447,1634
309,1685
399,1690
387,1691
366,1695
344,1699
264,1706
475,1715
445,1719
210,1749
188,1756
214,1757
199,1770
179,1773
92,1775
31,1776
88,1780
448,1781
94,1783
415,1787
201,1788
337,1793
233,1842
25,1843
286,1843
170,1848
255,1852
476,1855
116,1858
392,1868
208,1868
84,1870
466,1875
86,1876
377,1877
102,1903
44,1910
185,1911
63,1912
54,1923
58,1925
485,1928
343,1933
12,1935
178,1937
278,1939
118,1940
226,1941
282,1944
420,1945
459,1950
29,1954
483,1971
426,1990
62,1995
422,1996
274,2001
129,2006
135,2007
293,2009
253,2012
312,2022
8,2026
294,2027
55,2029
283,2032
432,2035
453,2035
457,2035
279,2037
435,2062
124,2072
402,2077
492,2081
491,2086
203,2087
321,2090
61,2092
3,2093
410,2093
408,2097
157,2098
330,2099
484,2099
148,2099
304,2103
348,2103
24,2104
113,2111
166,2113
161,2114
277,2117
394,2118
22,2128
122,2143
21,2147
308,2150
340,2154
336,2158
413,2160
128,2160
352,2164
499,2176
326,2176
350,2178
28,2178
266,2183
248,2184
272,2186
267,2186
494,2188
450,2188
261,2188
319,2189
143,2190
130,2191
443,2191
33,2193
164,2194
310,2196
216,2197
93,2215
427,2223
91,2225
180,2235
51,2239
320,2239
412,2243
311,2245
176,2245
184,2246
136,2251
368,2253
428,2256
13,2256
16,2256
490,2263
154,2264
373,2265
85,2273
275,2273
442,2275
425,2277
419,2280
496,2285
235,2288
358,2292
404,2293
230,2297
437,2300
414,2303
495,2306
66,2314
239,2320
339,2324
440,2328
196,2330
168,2330
362,2330
328,2331
409,2338
105,2339
70,2342
407,2344
72,2344
190,2346
40,2349
458,2356
18,2359
471,2360
131,2374
249,2378
307,2378
353,2382
349,2384
355,2384
464,2386
110,2388
500,2392
27,2398
1,2398
156,2406
158,2409
305,2411
250,2411
137,2418
473,2419
186,2426
194,2430
356,2433
59,2435
17,2443
487,2449
206,2452
280,2452
398,2456
441,2457
421,2461
132,2461
200,2471
163,2475
488,2476
231,2482
332,2489
262,2490
89,2492
478,2501
126,2504
224,2505
234,2509
406,2512
382,2520
109,2521
381,2522
114,2523
351,2532
331,2539
323,2540
32,2541
141,2543
107,2545
346,2553
436,2559
329,2560
405,2560
38,2563
100,2571
149,2571
287,2572
162,2579
345,2584
290,2588
463,2593
52,2596
222,2597
357,2602
384,2603
15,2604
215,2607
257,2611
469,2612
438,2616
482,2624
56,2625
367,2628
172,2631
338,2644
254,2645
291,2646
5,2652
202,2654
324,2664
37,2666
477,2668
238,2668
416,2679
270,2686
120,2688
383,2694
397,2695
228,2696
313,2700
468,2700
112,2703
455,2709
7,2714
361,2719
64,2723
237,2723
289,2724
251,2724
117,2725
465,2728
189,2728
175,2758
247,2770
374,2780
240,2783
169,2786
26,2789
380,2791
4,2792
444,2794
388,2795
389,2798
53,2801
429,2808
241,2814
65,2817
76,2829
486,2841
493,2843
411,2859
48,2866
317,2869
108,2871
403,2873
316,2877
6,2882
370,2883
369,2886
209,2890
395,2907
396,2912
497,2917
192,2922
295,2928
198,2934
142,2938
212,2950
470,2951
479,2954
174,2955
125,2959
342,2960
276,2960
23,2963
300,2968
191,2969
138,2986
273,2990
461,2992
42,2993
379,2993
218,2996
153,2997
265,3001
391,3008
390,3011
314,3011
144,3023
400,3034
225,3037
439,3039
49,3053
147,3054
285,3063
245,3064
292,3072
260,3083
19,3086
423,3090
87,3094
335,3099
181,3103
193,3107
288,3107
34,3111
134,3113
41,3123
177,3138
151,3149
83,3151
90,3156
242,3165
334,3166
106,3179
68,3194
47,3199
298,3200
424,3217
80,3224
462,3230
20,3236
244,3256
325,3259
101,3262
197,3267
474,3271
227,3285
318,3309
281,3320
74,3322
434,3347
123,3359
431,3369
75,3389
9,3403
150,3410
271,3416
364,3419
365,3423
159,3424
69,3440
11,3445
145,3447
252,3457
372,3467
376,3471
418,3472
360,3480
371,3490
187,3524
119,3526
258,3531
96,3533
98,3542
79,3544
480,3580
456,3582
301,3591
139,3605
341,3606
30,3610
152,3616
446,3635
359,3661
452,3705
73,3715
14,3741
498,3790
220,3795
97,3797
269,3799
347,3802
99,3811
297,3847
111,3848
35,3862
299,3873
165,3902
263,3984
43,3996
223,4009
115,4018
229,4054
268,4076
217,4083
221,4093
46,4113
50,4121
327,4168
81,4179
284,4182
171,4185
207,4262
71,4276
243,4288
246,4371
2,4379
256,4475
232,4477
375,4491
219,4501
67,4556
259,4573
146,4577
378,4643
385,4645
354,4873
173,4913
467,4935
296,4937
195,5032
45,5043
183,5313
10,5329
104,5411
481,5792
322,6182

simblock.block.ProofOfWorkBlock@3e85be52:61
88,0
216,403
459,556
315,714
441,825
186,868
399,977
200,978
206,1025
31,1118
406,1132
161,1189
233,1228
355,1243
420,1270
386,1277
57,1290
264,1351
39,1383
213,1384
214,1393
477,1423
116,1427
357,1444
485,1481
282,1505
251,1511
140,1522
95,1534
1,1536
7,1536
482,1545
162,1578
236,1581
487,1591
163,1600
231,1631
492,1639
430,1662
160,1674
210,1680
443,1686
266,1690
91,1690
351,1693
369,1696
24,1698
463,1726
478,1730
319,1735
16,1751
412,1756
311,1756
101,1782
414,1786
92,1787
458,1791
180,1793
44,1802
62,1815
393,1829
402,1830
25,1833
350,1838
484,1848
29,1848
184,1851
352,1851
170,1857
340,1863
483,1866
279,1882
435,1888
304,1888
437,1906
133,1908
331,1911
93,1913
176,1933
339,1933
426,1937
54,1941
202,1941
55,1942
387,1942
445,1944
489,1947
275,1948
94,1955
63,1982
86,1985
499,1985
179,1986
72,1990
261,1991
479,1994
373,1998
408,2000
153,2005
493,2006
475,2008
488,2016
70,2017
278,2019
28,2031
113,2035
64,2043
363,2045
185,2047
321,2055
277,2058
60,2060
158,2063
368,2065
401,2076
285,2082
61,2085
283,2087
128,2088
203,2089
53,2092
440,2093
118,2094
337,2094
124,2095
466,2098
273,2099
136,2099
107,2100
303,2102
148,2105
413,2109
332,2134
127,2136
8,2138
293,2139
460,2145
77,2152
121,2157
447,2158
490,2160
89,2163
3,2163
13,2164
157,2172
212,2172
305,2181
144,2182
255,2191
168,2192
272,2193
356,2197
164,2197
366,2199
316,2204
250,2208
27,2215
405,2219
453,2221
201,2225
491,2229
205,2238
196,2240
312,2241
457,2242
230,2244
36,2244
472,2244
415,2246
425,2249
84,2249
454,2252
110,2254
308,2255
100,2257
190,2258
328,2259
103,2262
228,2267
410,2276
78,2280
330,2288
359,2289
76,2290
465,2290
422,2290
448,2293
167,2296
394,2301
137,2301
21,2308
18,2310
449,2312
26,2323
451,2324
307,2325
175,2335
348,2340
302,2344
377,2344
40,2347
80,2348
129,2349
476,2351
287,2356
149,2360
143,2367
51,2367
427,2368
381,2371
358,2372
428,2375
419,2381
384,2382
253,2386
349,2390
178,2392
392,2392
333,2393
22,2400
346,2402
418,2404
274,2407
105,2415
450,2416
344,2416
439,2417
286,2419
235,2419
155,2425
199,2425
280,2431
194,2432
345,2432
367,2440
58,2441
208,2443
238,2446
433,2446
473,2446
379,2449
336,2457
257,2457
301,2468
85,2478
249,2479
15,2480
204,2494
496,2497
122,2499
407,2506
342,2507
187,2509
225,2516
226,2516
59,2516
500,2517
135,2521
248,2526
262,2540
47,2549
471,2552
362,2560
306,2561
469,2562
327,2569
432,2572
82,2572
389,2575
323,2577
444,2579
197,2580
294,2582
117,2587
156,2587
151,2588
269,2597
310,2601
416,2606
254,2606
222,2616
198,2618
486,2626
309,2631
245,2641
165,2652
270,2660
361,2661
329,2674
240,2682
267,2683
220,2685
380,2689
83,2689
188,2692
159,2698
209,2699
259,2700
298,2705
154,2706
438,2713
341,2715
211,2717
436,2724
442,2729
74,2731
132,2737
48,2738
404,2746
395,2746
134,2747
324,2747
193,2749
417,2753
56,2758
497,2768
131,2782
125,2784
314,2784
322,2786
281,2786
192,2791
191,2792
12,2793
378,2795
295,2803
271,2813
177,2818
46,2826
320,2836
374,2837
434,2837
353,2845
376,2847
494,2848
343,2853
14,2853
424,2853
130,2854
102,2855
4,2858
120,2876
112,2877
495,2890
5,2894
470,2898
2,2911
480,2926
75,2932
403,2947
97,2949
325,2951
50,2962
96,2965
498,2966
37,2978
69,2982
234,2987
300,2990
66,2991
284,2998
123,3011
173,3015
396,3017
431,3024
411,3024
260,3032
181,3036
462,3048
247,3056
106,3058
19,3062
232,3068
146,3082
169,3092
229,3092
292,3105
290,3112
455,3113
119,3117
227,3128
150,3129
335,3137
318,3139
338,3144
409,3145
87,3148
141,3157
98,3166
34,3188
289,3216
195,3216
446,3220
224,3228
139,3237
90,3237
111,3256
32,3258
390,3259
20,3292
326,3302
481,3312
383,3319
391,3321
370,3326
126,3326
464,3338
398,3380
371,3380
6,3385
452,3401
183,3403
468,3412
268,3418
239,3437
189,3473
299,3474
317,3491
423,3510
147,3524
218,3529
241,3534
288,3538
354,3539
108,3570
99,3584
152,3596
388,3606
219,3624
17,3652
65,3666
9,3673
347,3677
467,3679
38,3690
421,3690
242,3699
296,3705
256,3708
237,3758
11,3790
23,3794
215,3796
182,3807
258,3840
142,3857
166,3882
429,3918
364,3918
49,3938
35,3944
385,3978
221,4053
382,4064
297,4070
109,4073
43,4091
334,4102
42,4118
171,4137
313,4148
263,4170
291,4187
33,4212
461,4315
104,4326
138,4368
114,4419
207,4444
10,4453
244,4454
172,4472
145,4482
397,4493
276,4548
73,4688
41,4706
400,4747
365,4758
79,4835
456,4837
246,4861
372,4881
52,4962
243,4985
217,5087
81,5127
474,5137
68,5216
45,5231
71,5254
252,5357
174,5495
30,5509
67,5519
223,5626
115,5654
360,5736
265,5904
375,5935

simblock.block.ProofOfWorkBlock@5e0ee590:62
19,0
251,481
281,673
465,858
403,966
74,1045
384,1153
97,1155
331,1230
469,1342
362,1343
438,1344
215,1423
90,1446
102,1529
134,1531
431,1532
269,1534
298,1610
5,1632
323,1634
318,1635
235,1715
192,1717
257,1719
329,1722
358,1726
424,1805
497,1820
238,1821
165,1822
258,1823
291,1826
429,1830
355,1902
273,1908
342,1910
277,1912
234,1952
36,1994
366,1998
436,2006
327,2006
292,2008
385,2010
182,2011
151,2014
380,2014
361,2019
130,2021
73,2028
59,2036
175,2096
326,2096
96,2097
479,2099
6,2121
285,2124
60,2181
349,2191
87,2195
300,2197
2,2198
222,2200
268,2201
316,2201
418,2202
247,2205
26,2216
365,2217
111,2218
56,2224
89,2239
124,2276
283,2278
394,2281
218,2281
370,2285
117,2287
381,2287
231,2295
169,2300
129,2301
76,2309
65,2310
106,2312
455,2313
280,2315
463,2319
155,2338
108,2381
46,2383
120,2387
211,2390
149,2391
289,2393
446,2393
33,2394
112,2397
462,2401
83,2406
249,2412
433,2414
206,2426
245,2435
52,2437
188,2461
470,2469
109,2472
144,2473
339,2479
166,2484
160,2484
150,2488
468,2489
57,2490
75,2493
82,2494
495,2497
442,2499
388,2501
187,2507
359,2508
347,2512
132,2516
119,2521
496,2522
404,2526
147,2529
325,2537
167,2558
63,2558
363,2564
390,2572
412,2572
434,2574
383,2574
333,2577
379,2577
1,2579
398,2583
317,2585
240,2587
489,2589
15,2591
72,2592
490,2595
377,2596
275,2596
158,2603
42,2606
126,2611
168,2617
262,2622
191,2624
328,2648
451,2659
209,2663
301,2663
37,2664
475,2669
121,2670
35,2672
49,2674
419,2678
311,2679
352,2681
47,2686
220,2688
17,2688
140,2691
382,2695
254,2701
177,2702
32,2703
14,2705
133,2717
105,2739
94,2746
457,2749
143,2758
141,2764
406,2766
313,2769
346,2771
198,2772
410,2772
101,2774
39,2776
480,2780
244,2780
212,2782
241,2791
237,2797
137,2799
174,2801
340,2803
408,2806
11,2809
319,2813
64,2820
422,2821
488,2827
386,2835
376,2837
389,2837
68,2837
261,2839
200,2847
397,2851
210,2851
266,2854
440,2857
77,2857
282,2857
116,2859
236,2861
396,2861
444,2864
190,2868
18,2869
123,2871
485,2875
411,2876
415,2877
460,2880
80,2882
416,2883
483,2884
55,2887
312,2891
294,2894
159,2894
170,2900
267,2903
70,2904
197,2925
402,2941
3,2947
464,2947
449,2948
103,2950
306,2951
113,2959
4,2959
353,2960
25,2965
270,2971
225,2978
279,2988
286,2989
315,2996
20,3000
401,3009
23,3013
351,3016
181,3017
421,3031
357,3035
131,3038
99,3040
486,3047
448,3049
230,3056
387,3058
91,3064
204,3068
413,3068
414,3081
118,3086
395,3089
163,3091
48,3103
186,3104
205,3107
53,3113
41,3119
399,3126
51,3135
405,3135
264,3136
493,3139
427,3142
69,3143
466,3145
85,3146
439,3148
13,3148
128,3149
344,3156
494,3157
62,3157
40,3159
302,3162
184,3162
22,3163
203,3166
58,3170
293,3175
478,3177
400,3182
407,3185
153,3189
391,3190
295,3192
61,3194
216,3218
34,3219
114,3223
228,3224
207,3224
263,3226
185,3227
445,3228
409,3236
368,3237
115,3240
345,3252
447,3259
360,3263
95,3267
299,3268
104,3268
432,3269
430,3276
43,3300
271,3300
79,3314
232,3317
472,3330
208,3335
276,3336
304,3340
336,3343
499,3349
492,3350
305,3366
256,3380
428,3392
474,3401
122,3415
92,3417
425,3418
255,3423
307,3427
253,3427
373,3427
500,3437
420,3440
164,3442
146,3445
50,3447
145,3448
88,3449
461,3462
278,3469
139,3470
334,3480
265,3490
375,3492
93,3500
100,3505
21,3507
162,3515
178,3516
335,3518
426,3522
250,3530
471,3536
9,3545
303,3555
324,3557
320,3608
343,3612
246,3623
350,3624
252,3625
214,3645
260,3679
356,3680
28,3694
31,3698
310,3701
195,3702
484,3710
337,3719
491,3721
274,3721
27,3756
297,3772
224,3783
459,3784
44,3791
107,3795
172,3798
239,3799
154,3799
183,3811
213,3814
135,3827
226,3832
290,3834
152,3844
498,3846
157,3894
322,3898
8,3905
138,3918
482,3922
473,3961
372,3969
477,3977
199,3979
308,3980
156,3999
86,4002
393,4005
12,4034
29,4062
67,4062
338,4068
458,4068
202,4079
487,4083
7,4092
443,4113
229,4143
110,4188
127,4188
341,4193
423,4200
54,4238
66,4255
196,4257
221,4264
173,4266
176,4271
194,4279
201,4282
219,4288
321,4345
193,4361
417,4365
354,4367
332,4369
125,4377
288,4429
374,4431
272,4468
367,4468
38,4501
454,4515
369,4541
452,4545
242,4558
180,4559
223,4565
309,4571
171,4618
217,4627
348,4630
161,4646
148,4648
284,4733
441,4745
45,4796
136,4831
435,4838
227,4857
243,4859
437,4861
450,4908
371,4923
16,4926
481,4934
287,4936
189,4983
98,5098
453,5114
233,5139
456,5148
24,5189
179,5205
378,5213
84,5222
10,5287
476,5418
364,5450
467,5466
330,5477
78,5494
71,5530
392,5700
248,5757
259,5800
296,5807
81,5823
30,6116
314,6152
142,6511

simblock.block.ProofOfWorkBlock@7a73223b:63
139,0
223,601
259,849
99,1096
125,1164
271,1370
371,1514
456,1562
80,1763
474,1863
335,1866
2,2005
341,2063
434,2074
166,2156
334,2208
23,2213
246,2239
108,2245
115,2293
79,2347
97,2456
436,2502
349,2517
219,2519
88,2524
81,2537
175,2554
260,2565
304,2582
141,2598
322,2629
241,2634
403,2696
444,2730
46,2744
455,2747
227,2757
263,2794
339,2803
9,2813
281,2821
68,2883
291,2901
75,2905
152,2911
486,2915
498,2922
161,2930
225,2938
258,2940
462,2959
466,2974
473,2987
292,2988
289,2989
12,3007
404,3008
101,3010
191,3016
144,3017
215,3035
50,3077
122,3082
20,3082
222,3107
90,3126
366,3142
52,3144
146,3171
102,3176
385,3177
189,3195
411,3197
111,3197
430,3198
112,3203
205,3209
368,3215
26,3216
396,3230
169,3230
244,3232
211,3253
382,3267
234,3273
53,3295
181,3297
249,3301
98,3303
329,3304
372,3307
117,3310
251,3313
51,3336
347,3344
216,3352
266,3360
294,3366
446,3370
274,3376
397,3376
388,3385
257,3385
317,3390
174,3392
238,3393
94,3394
359,3404
409,3404
390,3406
83,3406
228,3417
326,3422
199,3422
179,3433
192,3441
406,3460
429,3460
290,3468
14,3469
464,3470
49,3471
60,3488
63,3488
361,3491
452,3494
42,3496
95,3498
35,3504
282,3506
306,3511
323,3515
412,3516
358,3521
131,3524
190,3528
153,3531
182,3532
453,3545
212,3548
5,3561
218,3561
135,3565
197,3571
185,3576
420,3576
32,3577
400,3577
17,3584
383,3589
147,3595
245,3604
268,3606
491,3611
394,3623
109,3631
421,3633
116,3641
303,3642
280,3643
301,3655
424,3663
299,3666
120,3669
206,3670
210,3671
240,3674
475,3679
173,3688
126,3688
273,3693
196,3700
355,3703
66,3703
336,3705
100,3706
224,3707
438,3708
470,3710
242,3719
346,3721
262,3723
105,3737
160,3739
236,3750
200,3756
96,3757
38,3760
6,3763
401,3763
237,3764
469,3766
156,3767
321,3774
443,3775
468,3779
194,3783
134,3783
353,3785
463,3789
7,3793
92,3796
128,3799
103,3800
479,3804
402,3811
73,3816
492,3824
320,3836
40,3843
300,3852
47,3855
121,3855
203,3856
27,3856
170,3858
431,3859
159,3868
43,3869
427,3884
59,3895
331,3896
220,3897
248,3899
416,3899
65,3906
254,3910
275,3915
130,3923
415,3926
261,3928
232,3939
380,3942
123,3951
285,3952
369,3955
476,3970
370,3970
418,3971
379,3983
433,3987
253,3988
465,3989
500,3991
483,3996
310,4002
193,4003
325,4003
480,4008
410,4008
154,4019
295,4020
419,4029
481,4031
265,4034
467,4039
445,4042
435,4048
316,4049
440,4049
149,4051
256,4060
494,4067
270,4074
45,4074
150,4075
324,4077
489,4079
231,4082
288,4084
497,4087
202,4091
56,4098
330,4105
171,4109
4,4118
188,4134
39,4135
41,4136
432,4161
8,4168
247,4173
441,4185
255,4196
82,4196
230,4206
495,4218
30,4226
447,4231
33,4233
333,4237
351,4240
48,4246
484,4249
348,4261
155,4262
293,4274
177,4275
362,4277
107,4285
365,4286
319,4290
36,4295
229,4300
381,4311
87,4321
398,4327
393,4328
297,4332
384,4344
195,4350
327,4353
140,4354
70,4357
69,4365
442,4367
414,4370
342,4370
67,4373
34,4374
276,4391
312,4392
460,4397
145,4405
129,4417
243,4462
239,4468
21,4478
61,4479
207,4493
64,4518
377,4526
201,4527
269,4534
386,4551
391,4586
364,4597
387,4599
422,4600
31,4611
267,4626
235,4633
180,4635
389,4638
278,4642
360,4642
127,4643
104,4657
209,4674
85,4690
277,4704
363,4717
157,4720
284,4729
132,4755
450,4756
378,4758
165,4760
71,4776
305,4778
221,4779
426,4798
318,4804
373,4816
283,4833
37,4850
55,4893
485,4906
77,4923
332,4930
136,4941
423,4944
376,4977
296,4994
461,5006
375,5020
162,5025
133,5060
163,5064
233,5099
183,5099
18,5110
217,5143
13,5143
74,5143
24,5151
143,5173
168,5182
488,5198
287,5202
413,5205
457,5210
493,5212
11,5249
76,5253
286,5260
399,5335
448,5342
172,5346
354,5405
119,5411
19,5427
408,5453
29,5457
58,5484
148,5484
113,5488
454,5492
213,5492
343,5529
471,5536
187,5540
250,5573
214,5583
89,5609
62,5627
198,5639
1,5653
151,5696
137,5750
437,5765
138,5795
114,5813
374,5841
298,5870
352,5886
337,5891
110,5920
313,5931
340,5955
357,5964
208,6007
449,6012
302,6028
28,6030
22,6039
499,6066
428,6072
477,6086
451,6194
142,6194
15,6200
405,6241
106,6319
16,6347
314,6382
25,6384
176,6424
57,6433
309,6437
279,6439
338,6497
417,6499
178,6514
164,6584
307,6630
472,6636
10,6733
86,6744
344,6774
158,6786
204,6818
458,6867
439,6922
328,6928
482,6947
308,6972
124,6980
487,7067
350,7169
252,7180
345,7250
226,7293
184,7333
367,7347
459,7359
118,7497
167,7530
54,7542
392,7803
395,7809
478,7878
490,7925
78,8074
84,8099
91,8232
315,8354
496,8620
264,8642
311,8793
425,9164
407,9190
93,9219
186,9748
44,10292
356,10838
72,11402
272,11945
3,12490

simblock.block.ProofOfWorkBlock@eac0447:64
98,0
146,602
38,877
322,1151
43,1312
145,1426
50,1565
115,1733
111,1818
271,1832
102,1951
232,2099
400,2109
382,2191
388,2206
456,2242
497,2300
11,2335
285,2339
217,2375
242,2391
380,2447
365,2487
341,2514
314,2527
257,2592
223,2625
87,2636
349,2639
141,2672
358,2677
151,2689
181,2721
411,2726
397,2774
172,2779
325,2779
416,2782
79,2788
150,2827
436,2831
259,2845
169,2860
470,2875
273,2885
65,2913
130,2926
277,2965
468,2974
14,2989
317,3015
5,3049
378,3060
139,3062
276,3066
75,3067
263,3071
126,3076
462,3079
249,3079
268,3080
406,3089
178,3109
47,3114
101,3116
246,3123
347,3125
463,3126
63,3151
175,3152
240,3159
385,3162
74,3166
117,3170
323,3171
220,3175
335,3201
404,3203
33,3208
34,3230
424,3257
73,3257
465,3265
258,3267
197,3283
331,3306
342,3310
19,3311
144,3312
186,3326
479,3328
9,3334
241,3338
254,3345
423,3349
469,3360
134,3362
266,3363
177,3366
39,3372
355,3375
362,3380
306,3389
222,3391
219,3397
346,3398
32,3408
330,3441
215,3443
35,3447
480,3452
344,3454
17,3454
429,3457
104,3460
68,3460
353,3463
390,3467
292,3473
420,3479
202,3486
123,3496
370,3507
95,3511
372,3523
6,3528
238,3528
119,3531
441,3546
300,3547
49,3551
245,3554
442,3556
248,3558
329,3559
37,3561
339,3561
444,3562
281,3568
103,3576
379,3579
185,3590
182,3591
105,3595
228,3605
230,3606
321,3606
316,3614
36,3620
124,3620
97,3620
459,3624
434,3632
42,3634
109,3640
495,3644
61,3647
301,3647
165,3649
192,3649
415,3649
196,3654
83,3662
71,3666
77,3669
125,3675
409,3676
303,3686
120,3693
26,3700
384,3714
51,3714
158,3719
421,3724
367,3732
408,3736
486,3736
290,3737
55,3743
161,3746
251,3748
299,3750
247,3757
57,3759
69,3763
352,3768
60,3772
106,3772
471,3776
431,3788
234,3792
430,3792
59,3808
21,3815
129,3824
291,3826
274,3832
22,3841
237,3845
4,3847
494,3849
361,3850
76,3861
64,3864
28,3867
53,3869
127,3875
224,3883
62,3885
8,3887
140,3888
110,3893
440,3893
403,3899
149,3900
164,3907
112,3910
417,3912
304,3915
29,3916
466,3918
287,3933
31,3933
40,3933
377,3939
66,3940
225,3943
41,3947
435,3953
92,3966
476,3966
157,3969
231,3972
373,3972
383,3976
359,3977
212,3978
354,3982
295,3997
394,3997
131,3999
16,4002
10,4003
488,4003
318,4008
116,4014
366,4020
477,4020
338,4021
445,4022
207,4026
293,4026
156,4030
1,4030
371,4036
201,4036
200,4037
399,4045
439,4046
88,4046
163,4050
128,4058
360,4059
499,4080
94,4088
255,4100
90,4116
253,4120
449,4125
473,4128
244,4131
199,4132
398,4137
396,4155
391,4159
198,4161
82,4164
427,4167
485,4170
180,4171
99,4173
464,4174
419,4179
437,4179
239,4187
7,4192
243,4193
18,4194
418,4197
13,4203
283,4211
483,4214
475,4231
336,4237
80,4240
286,4247
454,4258
422,4270
203,4280
190,4281
492,4283
296,4286
155,4291
279,4298
455,4298
451,4298
356,4307
407,4310
267,4316
58,4324
368,4327
414,4331
2,4332
229,4336
474,4355
174,4363
52,4363
78,4370
93,4399
209,4418
96,4425
226,4438
443,4442
332,4448
308,4450
364,4452
288,4457
260,4459
171,4462
491,4464
413,4470
89,4472
392,4473
369,4474
376,4481
256,4485
319,4497
30,4514
433,4515
357,4518
326,4535
20,4546
170,4551
191,4552
324,4558
453,4560
193,4563
15,4563
348,4578
472,4584
160,4588
133,4599
387,4610
252,4614
363,4631
218,4634
410,4644
81,4658
482,4676
189,4688
446,4689
148,4716
152,4717
132,4724
393,4731
173,4739
179,4752
136,4789
334,4793
45,4801
351,4856
167,4865
195,4870
23,4872
210,4873
461,4886
137,4903
208,4903
496,4915
159,4926
280,4930
147,4938
438,4938
142,4943
375,4955
44,4958
452,4965
250,4972
236,4977
216,4983
278,5014
205,5016
227,5062
221,5075
213,5077
108,5115
270,5117
183,5143
85,5143
265,5169
188,5181
204,5216
484,5283
343,5300
386,5303
297,5307
305,5328
289,5334
389,5338
114,5341
450,5351
100,5363
46,5375
432,5416
135,5417
425,5462
284,5499
381,5502
264,5506
498,5521
500,5527
206,5545
315,5575
458,5590
86,5606
345,5641
467,5655
328,5726
48,5728
91,5771
24,5774
168,5780
113,5792
298,5818
261,5844
67,5861
481,5873
56,5894
70,5936
302,6017
426,6023
320,6040
460,6066
143,6071
235,6114
457,6141
448,6154
294,6200
312,6201
194,6218
269,6263
187,6291
447,6364
154,6469
311,6540
337,6567
122,6584
310,6620
214,6626
27,6635
333,6658
313,6692
107,6700
54,6807
428,6894
307,6968
121,7009
412,7056
327,7082
184,7084
405,7090
493,7170
25,7272
309,7322
272,7366
12,7398
166,7471
402,7481
489,7713
262,7752
176,7830
138,7859
478,7897
3,7911
233,7913
401,8178
490,8255
153,8267
84,8340
374,8428
72,8456
282,8603
487,8687
350,8765
118,8820
275,9034
162,9191
395,9558

simblock.block.ProofOfWorkBlock@6e7728b4:65
379,0
220,480
381,669
313,855
370,979
469,1042
165,1147
109,1170
35,1237
497,1335
394,1350
83,1361
411,1436
177,1464
141,1520
251,1529
225,1537
151,1551
106,1633
56,1651
298,1654
101,1707
14,1718
108,1719
351,1719
442,1753
323,1815
418,1825
147,1832
329,1842
42,1842
249,1849
488,1853
424,1894
144,1906
281,1912
404,1916
237,1944
366,1999
20,2001
396,2002
117,2013
134,2017
166,2021
353,2027
347,2027
439,2034
431,2037
257,2040
5,2045
385,2089
15,2098
87,2098
2,2103
327,2122
262,2124
300,2129
31,2132
73,2133
244,2140
455,2190
175,2193
228,2194
403,2199
26,2200
19,2205
48,2208
97,2218
444,2220
191,2224
388,2224
52,2238
198,2240
380,2241
346,2256
386,2277
317,2278
305,2279
436,2288
74,2290
285,2294
240,2306
129,2316
301,2320
268,2324
112,2331
349,2376
382,2380
355,2381
384,2391
434,2395
292,2395
277,2399
234,2400
233,2405
212,2406
82,2408
390,2408
328,2410
80,2413
480,2413
426,2417
361,2418
178,2428
132,2429
332,2432
137,2447
40,2477
49,2479
46,2484
119,2486
156,2487
222,2495
59,2501
96,2505
291,2507
338,2508
241,2511
235,2515
140,2517
465,2521
397,2524
13,2528
459,2531
65,2536
25,2545
482,2556
368,2560
169,2564
54,2568
304,2569
464,2578
340,2584
479,2587
205,2587
326,2588
415,2590
393,2591
187,2592
337,2593
153,2598
358,2603
181,2604
162,2605
75,2608
457,2610
376,2612
462,2623
218,2630
200,2658
490,2664
280,2667
215,2671
473,2671
201,2673
383,2673
429,2675
308,2675
94,2677
149,2682
494,2683
209,2683
135,2685
446,2686
450,2694
333,2694
336,2696
1,2697
192,2697
321,2699
11,2700
258,2700
90,2701
483,2703
130,2718
123,2720
76,2720
103,2721
6,2724
78,2736
255,2741
197,2745
470,2753
72,2756
150,2762
342,2765
206,2768
230,2773
37,2777
365,2781
303,2784
438,2784
495,2785
344,2785
331,2791
449,2793
102,2796
47,2798
414,2799
33,2801
66,2808
194,2808
427,2812
441,2815
408,2818
352,2822
458,2835
247,2841
122,2847
157,2851
325,2855
289,2861
269,2868
143,2870
307,2870
39,2872
500,2872
196,2873
318,2873
12,2875
463,2880
478,2883
471,2888
213,2898
57,2900
110,2901
359,2916
421,2924
486,2939
160,2941
88,2945
146,2948
253,2949
210,2952
8,2953
302,2954
345,2954
3,2956
32,2957
425,2965
127,2965
126,2966
133,2974
89,2975
202,2976
398,2979
159,2979
310,2979
306,2979
167,2980
182,2981
70,2982
454,2984
155,2984
316,2985
401,2990
131,2990
275,2992
432,2992
273,2992
7,2996
413,3002
107,3015
179,3032
17,3034
261,3040
190,3042
121,3044
416,3046
64,3050
330,3050
63,3055
29,3061
293,3065
238,3066
248,3070
417,3076
387,3077
236,3082
499,3091
239,3093
36,3100
4,3117
447,3118
260,3121
114,3122
468,3127
104,3139
409,3140
148,3145
373,3148
51,3151
282,3151
377,3152
369,3153
420,3161
312,3165
324,3165
245,3166
195,3169
120,3171
496,3171
154,3176
399,3180
21,3204
250,3212
443,3224
363,3230
492,3230
407,3231
410,3231
319,3232
164,3243
44,3243
419,3254
451,3257
61,3260
174,3260
186,3261
448,3264
254,3265
412,3268
484,3273
208,3277
270,3278
124,3282
299,3284
433,3300
45,3301
226,3311
22,3321
111,3322
53,3324
350,3329
50,3330
180,3333
161,3340
231,3343
24,3353
84,3357
71,3359
264,3362
203,3370
315,3377
85,3379
170,3395
452,3395
286,3396
392,3400
128,3425
406,3428
287,3433
86,3435
199,3435
242,3439
400,3440
27,3442
430,3448
60,3452
294,3457
422,3458
489,3462
265,3470
362,3475
435,3490
246,3492
295,3496
79,3502
158,3509
343,3510
372,3519
283,3522
475,3538
476,3555
267,3557
99,3572
467,3578
440,3591
334,3595
173,3597
62,3602
472,3602
311,3608
271,3612
348,3613
93,3623
23,3630
100,3633
274,3634
68,3646
81,3653
168,3657
266,3661
481,3673
445,3677
171,3686
95,3708
405,3716
272,3716
263,3722
214,3729
389,3729
339,3738
491,3767
243,3777
391,3797
204,3797
453,3804
211,3810
395,3820
364,3822
184,3835
113,3841
437,3862
136,3885
493,3886
105,3899
402,3903
185,3912
172,3937
252,3940
477,3943
125,3947
10,3948
290,3950
309,3957
221,3959
118,3991
288,3993
176,3994
152,3999
485,4002
163,4009
456,4010
232,4022
474,4025
18,4079
278,4084
375,4093
296,4130
423,4152
138,4158
320,4163
92,4166
335,4171
357,4183
115,4191
229,4198
354,4208
279,4221
461,4251
30,4263
224,4277
139,4297
98,4307
322,4310
378,4324
34,4345
69,4345
41,4437
116,4440
77,4443
9,4450
58,4462
428,4500
256,4509
219,4545
16,4561
183,4598
43,4661
145,4665
276,4676
314,4698
460,4722
356,4724
216,4752
188,4785
360,4824
28,4842
284,4861
67,4955
487,5002
341,5022
259,5031
91,5034
367,5076
498,5176
374,5190
207,5216
466,5282
227,5310
55,5315
223,5342
38,5536
371,5542
193,5640
142,5697
217,5894
297,5985
189,6246

simblock.block.ProofOfWorkBlock@639b94a2:65
337,0
328,429
156,601
475,756
89,832
427,919
338,985
211,1005
393,1071
184,1137
445,1158
499,1160
274,1229
440,1236
275,1290
202,1312
308,1314
231,1323
127,1384
492,1390
305,1398
103,1410
471,1443
105,1469
399,1475
206,1477
457,1477
230,1537
307,1543
389,1544
185,1561
201,1562
8,1592
426,1598
72,1621
392,1628
493,1629
18,1632
61,1640
352,1640
356,1692
367,1698
278,1701
494,1703
213,1716
110,1717
408,1720
357,1721
158,1744
179,1752
311,1775
401,1780
116,1785
164,1790
321,1794
128,1795
148,1800
253,1802
121,1817
272,1851
29,1851
439,1867
419,1869
40,1870
39,1875
310,1877
1,1877
264,1881
210,1881
315,1882
188,1897
88,1903
473,1906
476,1933
167,1937
267,1937
414,1944
161,1948
428,1950
78,1950
402,1951
420,1952
490,1961
21,1971
135,1972
303,1972
277,1973
386,1973
407,1996
345,2004
447,2021
343,2022
233,2025
57,2025
70,2027
459,2030
95,2031
373,2031
377,2034
204,2035
368,2035
491,2044
140,2047
412,2050
162,2055
248,2058
153,2063
33,2071
282,2089
309,2094
122,2101
485,2101
136,2105
64,2105
31,2108
250,2109
129,2110
155,2110
496,2115
205,2116
454,2119
4,2121
170,2125
163,2125
261,2128
44,2128
409,2146
483,2150
449,2157
200,2158
435,2173
91,2174
313,2177
422,2178
487,2179
13,2180
340,2181
226,2182
430,2182
320,2184
94,2185
27,2187
369,2187
66,2187
484,2188
42,2188
154,2194
482,2200
5,2200
137,2202
500,2203
85,2204
92,2208
100,2210
236,2211
82,2218
258,2238
363,2243
466,2247
84,2255
441,2263
283,2265
453,2265
77,2265
406,2271
54,2271
387,2277
239,2285
224,2287
107,2289
488,2289
124,2300
339,2305
53,2308
361,2309
97,2312
216,2324
133,2326
324,2332
366,2333
332,2333
22,2335
212,2335
451,2335
302,2336
55,2338
12,2338
405,2339
19,2339
208,2340
160,2344
93,2346
51,2356
190,2359
312,2360
433,2360
113,2360
348,2360
196,2362
319,2363
203,2365
411,2372
497,2376
62,2379
141,2381
346,2385
59,2392
448,2400
63,2402
25,2418
432,2418
350,2425
169,2429
351,2432
270,2433
460,2439
306,2442
166,2443
294,2443
431,2449
49,2451
331,2454
353,2456
126,2457
186,2458
425,2462
336,2463
120,2466
240,2468
144,2469
257,2477
143,2479
421,2483
450,2485
3,2488
58,2489
293,2489
86,2494
214,2499
286,2500
52,2506
396,2507
255,2507
7,2512
168,2514
241,2515
458,2515
304,2519
417,2520
477,2520
465,2521
16,2534
26,2536
28,2542
379,2554
180,2571
24,2572
73,2574
455,2576
75,2579
74,2580
443,2583
333,2585
266,2587
344,2591
410,2594
220,2603
381,2606
279,2607
194,2608
182,2609
176,2615
247,2618
237,2621
238,2626
80,2629
291,2632
119,2633
60,2635
118,2638
56,2645
199,2645
463,2653
415,2653
325,2654
292,2659
20,2665
244,2669
489,2688
76,2688
6,2690
117,2694
218,2694
109,2716
15,2717
35,2720
316,2721
36,2724
134,2733
235,2735
390,2743
327,2744
79,2751
165,2755
268,2759
370,2759
198,2774
2,2778
17,2782
192,2783
300,2787
472,2789
114,2790
388,2794
330,2808
147,2810
371,2818
479,2826
474,2827
498,2837
442,2844
469,2846
242,2848
355,2849
112,2857
254,2870
495,2872
251,2875
262,2880
178,2881
271,2883
11,2887
139,2887
228,2892
349,2895
364,2902
342,2912
404,2925
115,2931
468,2935
41,2941
413,2942
273,2953
207,2958
83,2960
437,2964
14,2986
436,2988
101,3013
172,3014
37,3026
99,3033
67,3038
478,3039
149,3043
146,3047
130,3048
46,3048
416,3048
132,3052
108,3053
173,3055
187,3089
209,3093
288,3101
418,3113
193,3116
341,3117
446,3117
34,3119
48,3131
150,3134
106,3140
424,3142
30,3146
102,3153
301,3166
98,3176
434,3186
157,3192
470,3194
249,3195
43,3206
151,3207
50,3212
383,3220
181,3229
90,3230
227,3268
219,3271
358,3280
314,3287
347,3318
318,3318
45,3341
269,3357
245,3359
243,3375
223,3381
326,3385
429,3399
385,3412
145,3417
38,3421
298,3434
138,3442
47,3457
317,3474
9,3480
462,3486
378,3499
215,3499
398,3502
260,3520
81,3530
376,3553
68,3572
177,3584
234,3589
372,3593
281,3624
159,3652
384,3667
191,3722
225,3723
456,3743
123,3748
403,3768
464,3769
131,3776
246,3800
183,3822
125,3842
111,3856
65,3862
297,3880
400,3914
444,3919
486,3933
461,3949
189,3956
142,3959
467,3965
438,3988
329,3993
452,4020
380,4037
287,4088
391,4123
289,4131
395,4141
394,4147
263,4163
334,4183
382,4192
362,4197
354,4235
32,4254
323,4275
397,4305
265,4320
221,4329
252,4329
23,4347
217,4401
480,4413
10,4524
374,4528
359,4528
276,4545
222,4578
229,4586
481,4658
69,4671
290,4740
171,4788
104,4794
96,4848
195,4906
299,4914
284,4916
232,4984
152,5041
365,5114
360,5173
296,5289
423,5308
71,5308
280,5393
259,5440
285,5669
322,5675
335,5708
174,5841
175,5935
256,6086
295,6280
375,6382

simblock.block.ProofOfWorkBlock@730e2a8e:65
69,0
362,1063
191,1516
220,1971
359,2438
292,2901
464,3354
232,3825
92,4382
332,4940
405,5513
287,6072
351,6632
18,7194
184,7757
350,8320
336,8880
279,9437

simblock.block.ProofOfWorkBlock@51646a3:66
15,0
80,479
35,665
101,859
108,964
342,1053
74,1147
6,1239
88,1247
132,1335
468,1337
462,1438
191,1448
280,1520
460,1526
404,1531
244,1536
464,1628
192,1629
444,1634
459,1650
14,1708
228,1718
318,1720
289,1722
186,1802
122,1808
292,1819
497,1820
486,1823
117,1827
49,1894
381,1903
301,1905
448,1907
169,1907
455,1927
257,1932
476,1935
430,1957
130,2004
149,2004
166,2010
240,2012
181,2016
144,2016
56,2031
57,2054
416,2080
305,2087
339,2093
198,2095
215,2096
315,2113
316,2114
218,2114
397,2116
358,2117
329,2119
78,2182
86,2188
429,2189
33,2193
384,2197
385,2204
113,2204
394,2207
361,2207
469,2211
175,2211
133,2212
209,2212
95,2216
359,2218
477,2245
379,2267
62,2272
5,2283
323,2299
300,2301
26,2302
327,2305
147,2311
347,2317
251,2318
272,2324
12,2341
162,2361
306,2362
253,2364
8,2373
164,2376
176,2377
370,2383
237,2383
298,2384
241,2391
424,2393
102,2396
277,2397
405,2397
47,2398
269,2400
336,2401
344,2412
111,2415
411,2417
434,2417
465,2419
75,2419
161,2425
29,2457
156,2463
325,2467
449,2471
53,2477
124,2478
167,2482
380,2482
349,2485
390,2487
76,2488
126,2489
268,2490
197,2491
168,2496
150,2500
446,2500
153,2505
393,2507
279,2513
494,2516
331,2525
51,2527
406,2552
107,2555
383,2559
157,2562
249,2573
123,2580
19,2581
159,2582
77,2583
351,2586
285,2588
131,2589
93,2592
480,2593
64,2595
89,2599
436,2601
73,2601
418,2601
245,2601
376,2604
11,2605
187,2609
72,2613
82,2624
312,2629
151,2642
281,2653
136,2653
39,2654
294,2657
266,2658
264,2659
200,2660
330,2665
52,2671
396,2671
392,2673
188,2675
120,2677
83,2678
238,2679
225,2679
363,2680
346,2682
362,2685
495,2690
304,2691
273,2696
368,2698
483,2700
313,2702
403,2704
303,2709
97,2710
367,2735
307,2738
220,2749
457,2751
293,2758
55,2758
338,2761
42,2765
369,2765
473,2766
317,2770
204,2774
87,2776
387,2777
250,2777
230,2779
174,2780
37,2780
170,2781
179,2782
222,2792
326,2792
442,2797
479,2798
291,2803
496,2806
321,2809
410,2811
163,2832
401,2833
90,2834
340,2848
278,2849
199,2855
127,2861
134,2862
140,2863
46,2864
487,2867
63,2868
96,2869
211,2869
203,2877
471,2878
118,2879
267,2879
160,2880
407,2881
451,2884
337,2885
214,2890
154,2892
355,2896
177,2899
388,2899
112,2905
7,2906
463,2913
255,2919
20,2933
105,2938
233,2939
194,2941
475,2943
324,2951
443,2953
3,2955
320,2955
141,2955
104,2959
432,2959
28,2961
425,2962
4,2962
17,2964
412,2966
409,2967
31,2968
377,2973
454,2976
350,2976
437,2976
201,2978
106,2978
128,2978
44,2980
343,2985
16,2998
235,3008
310,3017
206,3039
100,3041
60,3045
13,3045
438,3048
283,3055
94,3055
433,3058
386,3060
24,3060
155,3060
353,3070
420,3075
247,3086
119,3100
212,3127
491,3140
178,3143
345,3145
441,3146
389,3146
419,3147
415,3156
484,3157
426,3159
461,3160
302,3162
374,3162
129,3164
115,3164
258,3169
428,3173
135,3177
208,3181
48,3184
265,3184
152,3187
254,3190
183,3190
333,3198
68,3201
22,3212
116,3217
421,3219
348,3221
500,3224
422,3225
54,3232
472,3234
427,3236
328,3239
274,3242
447,3247
311,3249
121,3257
99,3269
146,3286
232,3289
299,3292
50,3295
417,3295
242,3310
40,3319
145,3324
202,3324
467,3325
373,3325
482,3335
18,3336
195,3336
382,3336
288,3337
440,3337
375,3338
137,3339
207,3339
27,3355
365,3367
334,3399
231,3414
59,3416
70,3422
66,3423
452,3425
184,3427
196,3437
165,3443
439,3447
213,3454
71,3457
275,3463
260,3470
354,3471
431,3490
295,3492
58,3500
85,3503
286,3509
435,3510
366,3512
143,3519
408,3522
413,3536
492,3538
173,3543
259,3547
378,3549
142,3555
234,3564
43,3578
171,3597
262,3597
246,3599
224,3601
398,3602
445,3603
490,3619
172,3620
110,3621
402,3624
185,3630
478,3632
65,3634
139,3664
493,3700
210,3702
109,3708
236,3713
364,3726
450,3740
114,3760
243,3762
357,3779
352,3788
1,3792
261,3797
400,3799
217,3805
270,3805
499,3814
309,3819
395,3823
9,3845
276,3865
308,3874
314,3875
239,3902
125,3906
458,3914
481,3951
34,3958
284,3962
360,3972
138,3976
32,3977
399,3983
193,3983
332,3990
41,3997
45,3998
67,4013
182,4033
297,4045
36,4062
485,4072
414,4084
21,4085
148,4087
23,4095
84,4101
219,4115
189,4150
356,4153
252,4174
221,4200
470,4252
466,4265
322,4270
38,4293
296,4326
256,4341
180,4342
453,4368
248,4372
223,4391
474,4391
81,4398
229,4420
190,4433
10,4501
2,4533
371,4535
103,4543
216,4620
423,4623
335,4652
205,4658
290,4682
488,4712
79,4726
263,4744
372,4777
226,4823
91,4913
341,4913
227,4975
92,4991
287,5101
282,5199
158,5271
30,5342
489,5378
319,5549
498,5553
61,5658
391,5693
456,5903
69,6283
98,6991

simblock.block.ProofOfWorkBlock@2f7a4db5:67
149,0
11,997
76,1183
280,1372
455,1481
102,1559
258,1662
412,1758
26,1759
198,1849
218,1944
355,2040
63,2040
74,2054
323,2093
425,2160
111,2160
432,2222
234,2230
327,2241
14,2249
191,2283
36,2314
402,2319
486,2332
301,2335
97,2348
349,2426
240,2427
424,2436
477,2446
25,2467
497,2474
184,2501
370,2517
463,2520
167,2520
237,2530
394,2533
37,2588
196,2596
28,2599
436,2612
416,2619
264,2623
417,2630
78,2632
444,2633
56,2640
434,2672
273,2706
277,2711
35,2715
433,2717
52,2718
19,2721
75,2724
230,2730
266,2751
124,2776
292,2776
285,2776
127,2785
304,2786
380,2798
209,2808
84,2809
33,2814
150,2817
257,2826
365,2826
182,2836
332,2850
244,2859
373,2872
406,2875
210,2880
447,2893
331,2895
119,2897
429,2901
90,2904
345,2906
411,2908
192,2910
326,2910
328,2911
462,2912
309,2913
454,2922
381,2927
16,2929
396,2959
73,2993
298,2999
204,3002
488,3003
460,3006
147,3007
220,3009
313,3013
126,3015
153,3027
113,3028
12,3034
95,3037
351,3044
32,3052
55,3053
415,3053
122,3060
13,3063
307,3065
208,3074
222,3081
392,3082
181,3083
176,3090
251,3091
287,3092
144,3095
106,3096
383,3098
224,3104
64,3133
470,3145
302,3151
333,3153
92,3156
346,3156
114,3160
471,3168
405,3172
225,3172
31,3179
291,3179
419,3180
435,3182
475,3183
317,3186
457,3189
368,3190
66,3191
164,3191
483,3192
491,3193
480,3198
132,3200
446,3201
289,3204
134,3206
388,3207
108,3207
15,3210
248,3218
160,3219
168,3224
352,3229
353,3232
478,3242
47,3275
117,3281
6,3281
197,3283
437,3283
128,3289
385,3289
443,3291
312,3295
163,3308
338,3313
362,3313
495,3318
22,3321
199,3329
469,3331
89,3331
427,3332
57,3333
337,3333
350,3337
161,3337
46,3340
72,3341
129,3343
359,3343
85,3349
321,3352
178,3361
215,3366
21,3369
453,3370
249,3372
7,3374
303,3376
59,3377
377,3378
101,3381
216,3381
154,3382
347,3384
65,3387
235,3389
177,3389
404,3391
421,3391
166,3392
403,3396
379,3398
294,3400
329,3400
275,3403
255,3404
205,3410
390,3411
141,3411
2,3425
384,3426
439,3428
203,3430
8,3441
459,3446
39,3447
386,3453
487,3456
110,3460
442,3461
420,3471
202,3472
428,3479
268,3479
382,3486
188,3487
87,3489
27,3491
4,3492
262,3496
99,3497
363,3497
254,3498
170,3503
157,3504
135,3521
476,3530
464,3533
54,3535
330,3546
401,3557
88,3559
398,3565
20,3565
305,3566
120,3572
494,3572
340,3573
5,3575
281,3575
165,3575
272,3575
82,3585
358,3585
80,3587
130,3590
201,3593
42,3595
259,3597
18,3600
162,3601
137,3601
94,3602
83,3609
308,3610
40,3613
320,3616
169,3618
493,3621
221,3633
286,3643
121,3643
123,3651
146,3652
241,3652
48,3652
213,3654
414,3656
62,3659
369,3660
318,3666
24,3673
282,3676
245,3680
125,3680
357,3682
482,3688
445,3689
159,3694
451,3706
341,3710
452,3726
389,3735
247,3736
499,3740
67,3741
484,3744
324,3747
274,3749
361,3752
265,3753
348,3754
492,3757
267,3758
143,3759
100,3761
187,3762
131,3771
344,3772
295,3792
269,3830
112,3840
408,3842
356,3843
29,3846
250,3847
180,3852
461,3854
145,3860
60,3861
93,3868
104,3870
151,3882
171,3884
238,3890
490,3896
51,3900
139,3917
115,3918
375,3920
409,3922
395,3924
441,3924
438,3925
270,3934
367,3936
133,3938
465,3940
325,3950
496,3953
256,3955
450,3961
217,3970
276,3984
322,3986
458,3991
407,4000
152,4007
206,4024
194,4024
397,4026
91,4032
271,4033
279,4034
233,4035
371,4052
34,4082
299,4092
96,4110
283,4124
440,4130
260,4143
43,4148
109,4156
30,4158
44,4158
391,4159
246,4165
71,4167
500,4175
1,4188
68,4193
418,4195
17,4196
79,4199
431,4205
107,4207
239,4210
179,4212
393,4223
319,4238
232,4260
360,4271
186,4271
49,4272
481,4278
479,4292
430,4301
311,4302
200,4314
156,4316
284,4384
195,4386
426,4401
155,4408
118,4435
23,4448
473,4468
336,4488
140,4492
474,4500
354,4512
136,4516
296,4533
207,4536
456,4546
158,4552
228,4561
50,4574
366,4581
468,4583
387,4595
372,4597
261,4597
498,4627
138,4665
310,4682
211,4713
3,4747
339,4767
148,4779
472,4800
300,4831
306,4832
229,4861
70,4864
293,4869
77,4873
116,4874
378,4920
413,4964
253,4992
172,5044
236,5048
485,5080
342,5098
290,5100
374,5129
315,5143
58,5150
489,5152
410,5158
252,5181
227,5212
422,5243
45,5313
190,5331
467,5340
316,5363
185,5364
193,5423
105,5432
226,5432
423,5452
142,5481
53,5531
400,5533
448,5610
175,5641
297,5685
466,5717
364,5720
223,5737
38,5804
212,5809
174,5819
314,5833
214,5888
10,5889
376,5907
103,5994
41,6071
335,6090
343,6096
334,6164
81,6240
189,6240
183,6263
399,6274
98,6286
449,6376
263,6446
61,6554
242,6605
278,6653
173,6736
69,6896
86,6932
288,6957
231,7211
243,7556
9,7911
219,8262

simblock.block.ProofOfWorkBlock@18bce5ff:68
468,0
285,489
101,675
47,862
33,974
240,1058
228,1153
323,1161
191,1244
404,1340
169,1342
126,1354
130,1433
301,1459
380,1531
381,1532
317,1542
257,1544
87,1621
480,1631
97,1639
397,1648
15,1718
358,1725
411,1730
365,1733
127,1808
385,1815
166,1821
269,1821
175,1825
455,1827
132,1835
111,1840
327,1913
32,1917
495,1918
150,1921
187,1940
78,1999
17,2000
222,2006
486,2007
424,2013
382,2013
442,2015
37,2016
300,2023
277,2024
462,2025
448,2098
108,2101
469,2101
52,2104
268,2108
394,2111
258,2121
210,2126
298,2128
376,2153
497,2193
361,2199
102,2203
49,2203
312,2206
165,2206
80,2207
117,2210
109,2213
329,2214
2,2215
254,2216
273,2222
180,2227
224,2278
65,2291
218,2294
182,2297
283,2301
237,2302
316,2302
82,2306
291,2308
289,2310
251,2313
370,2315
434,2324
325,2326
464,2339
432,2381
44,2388
489,2390
19,2392
326,2392
35,2393
123,2394
379,2394
134,2395
414,2395
209,2399
151,2400
351,2401
362,2402
479,2408
294,2415
26,2416
147,2476
492,2477
420,2482
488,2487
403,2489
235,2490
247,2490
225,2490
463,2496
220,2497
56,2498
198,2498
459,2500
105,2504
11,2510
353,2511
292,2513
384,2517
355,2526
5,2526
8,2530
129,2549
153,2554
156,2557
213,2576
190,2576
342,2579
337,2581
245,2581
106,2583
444,2584
215,2585
338,2586
446,2588
18,2592
144,2593
204,2594
313,2595
85,2599
76,2602
465,2602
214,2603
405,2621
84,2631
22,2635
96,2643
53,2658
54,2662
61,2669
471,2670
236,2670
100,2673
416,2673
141,2676
230,2679
201,2681
197,2683
73,2683
417,2684
90,2685
321,2685
266,2687
398,2689
149,2696
431,2698
275,2699
244,2700
249,2701
262,2702
131,2705
119,2707
34,2742
346,2753
483,2755
62,2761
42,2765
388,2771
29,2772
181,2773
168,2775
264,2780
234,2780
320,2781
155,2784
267,2788
46,2790
436,2790
88,2792
75,2797
205,2805
200,2805
74,2816
377,2821
304,2823
340,2827
206,2842
233,2852
66,2853
157,2855
349,2859
211,2860
24,2862
118,2862
344,2865
40,2866
39,2866
487,2871
122,2871
281,2872
188,2872
14,2873
59,2876
253,2881
196,2885
383,2887
120,2888
272,2899
429,2904
367,2911
133,2911
30,2921
450,2928
476,2941
128,2947
287,2947
261,2949
241,2951
158,2953
458,2955
307,2958
229,2959
413,2961
324,2963
72,2965
421,2965
437,2965
124,2966
343,2969
63,2970
57,2971
208,2973
255,2977
339,2977
348,2978
409,2979
451,2979
184,2980
48,2981
369,2982
238,2984
473,2985
422,2986
318,3001
331,3002
94,3008
478,3016
92,3033
334,3036
148,3041
470,3045
27,3051
163,3053
146,3057
477,3058
13,3059
433,3062
278,3064
357,3069
203,3071
430,3074
31,3076
410,3077
280,3078
427,3082
363,3085
457,3085
83,3098
161,3115
110,3137
482,3137
160,3140
412,3140
260,3141
125,3147
86,3149
302,3149
170,3151
199,3151
484,3154
93,3161
1,3163
426,3172
20,3179
347,3187
248,3206
303,3222
103,3224
401,3224
189,3225
107,3228
89,3229
315,3231
396,3234
310,3236
445,3240
308,3243
496,3243
295,3243
162,3247
3,3256
16,3257
135,3257
173,3259
333,3261
186,3261
461,3262
6,3265
43,3279
177,3284
114,3295
207,3302
309,3314
227,3317
270,3323
284,3324
246,3327
395,3332
256,3336
499,3338
391,3339
491,3345
425,3347
454,3347
352,3356
91,3358
279,3359
159,3366
474,3389
400,3414
50,3414
435,3416
475,3418
407,3420
500,3427
282,3432
393,3439
265,3445
441,3448
113,3465
68,3475
171,3480
286,3501
335,3504
25,3505
116,3512
4,3518
263,3519
21,3521
460,3521
386,3525
154,3526
390,3527
81,3532
366,3535
306,3542
140,3543
223,3550
438,3552
136,3562
375,3580
330,3597
456,3597
371,3599
311,3602
104,3612
212,3624
373,3628
143,3636
387,3637
350,3640
99,3672
232,3694
428,3695
356,3708
28,3719
276,3760
374,3766
23,3769
481,3771
12,3781
178,3788
392,3795
297,3796
142,3798
419,3798
115,3807
239,3807
64,3808
192,3818
406,3820
194,3821
345,3823
185,3840
121,3875
453,3886
449,3908
202,3920
336,3922
152,3940
217,3952
467,3967
415,3989
328,4000
372,4017
172,4024
138,4052
443,4061
399,4077
359,4084
164,4086
439,4097
447,4099
179,4104
319,4120
242,4125
145,4147
55,4176
231,4190
58,4199
368,4200
490,4275
95,4283
221,4293
418,4358
226,4360
174,4366
137,4375
360,4376
7,4382
176,4409
314,4411
252,4445
274,4466
494,4471
423,4481
322,4505
354,4505
51,4553
38,4559
440,4563
493,4638
112,4649
250,4653
389,4659
472,4688
341,4717
408,4743
36,4749
67,4858
243,4904
378,4913
466,4916
139,4931
167,4941
45,4963
485,4970
299,5032
293,5033
402,5034
70,5212
332,5218
288,5220
296,5258
10,5286
216,5312
290,5314
305,5320
364,5323
77,5491
195,5572
60,5599
9,5610
79,5668
41,5675
69,5835
71,5903
193,5963
498,6021
98,6187
259,6211
271,6548
183,6559
452,6913
219,7266

simblock.block.ProofOfWorkBlock@40368a38:69
33,0
301,4588
365,4780
273,4971
292,5073
285,5160
362,5261
298,5274
300,5346
240,5450
6,5460
134,5462
132,5538
384,5565
254,5640
187,5648
323,5657
355,5657
397,5740
238,5742
14,5751
370,5751
150,5831
376,5840
468,5844
325,5845
281,5852
465,5928
257,5928
109,5939
347,5939
358,5941
5,5956
36,6017
35,6018
192,6028
120,6030
277,6030
126,6031
383,6043
73,6116
218,6119
438,6128
96,6131
385,6131
424,6140
97,6140
198,6142
473,6149
111,6216
317,6216
131,6218
215,6224
330,6226
291,6227
130,6227
462,6231
26,6237
331,6238
402,6296
429,6307
31,6314
479,6318
329,6321
19,6322
244,6323
42,6323
87,6325
495,6327
76,6327
166,6330
15,6330
37,6338
255,6395
249,6404
464,6409
394,6414
177,6415
480,6416
220,6417
269,6418
491,6422
158,6426
46,6426
245,6427
52,6429
353,6435
416,6443
417,6501
49,6502
390,6508
436,6508
251,6508
441,6509
426,6511
47,6511
268,6512
463,6513
289,6515
318,6516
144,6525
455,6526
57,6529
135,6561
454,6574
433,6576
366,6586
20,6588
280,6590
58,6601
224,6602
24,6602
75,6606
124,6606
361,6607
381,6611
235,6611
457,6612
247,6615
117,6616
56,6617
90,6618
209,6621
119,6628
359,6629
262,6671
337,6674
287,6686
379,6687
486,6693
339,6694
167,6695
101,6696
368,6697
228,6701
159,6701
500,6701
470,6702
316,6703
411,6703
369,6706
108,6710
112,6710
497,6712
32,6712
4,6713
431,6713
328,6716
230,6719
307,6721
332,6725
127,6737
7,6782
116,6789
279,6792
409,6793
22,6794
396,6795
294,6798
83,6798
398,6801
149,6806
182,6807
327,6809
48,6810
3,6810
469,6811
154,6814
181,6815
199,6817
80,6818
403,6819
234,6820
222,6822
225,6823
499,6836
430,6837
305,6854
82,6867
74,6876
176,6881
100,6881
191,6883
156,6884
420,6884
143,6885
59,6887
28,6890
478,6890
306,6891
405,6892
175,6894
315,6897
200,6898
70,6902
442,6904
261,6905
123,6906
326,6907
380,6910
421,6921
72,6932
29,6959
107,6969
141,6971
399,6972
178,6972
333,6973
77,6976
357,6977
419,6985
253,6986
418,6987
475,6988
93,6989
338,6989
16,6991
310,6993
351,6993
186,6994
184,6994
147,6995
349,6995
55,6996
258,6998
86,7002
133,7004
425,7005
236,7006
434,7006
103,7007
203,7010
382,7013
197,7014
204,7019
427,7023
102,7029
145,7040
448,7044
114,7047
25,7058
413,7062
377,7073
264,7074
188,7075
17,7077
342,7079
343,7080
226,7081
445,7083
190,7087
151,7091
444,7095
157,7096
165,7097
221,7099
21,7100
446,7106
496,7111
449,7133
386,7145
282,7156
136,7161
412,7164
267,7165
248,7165
312,7166
163,7168
387,7172
129,7173
140,7175
304,7175
344,7176
363,7176
160,7179
113,7179
162,7181
61,7185
303,7188
110,7194
13,7195
12,7196
65,7207
237,7208
340,7209
401,7222
122,7237
404,7244
54,7251
443,7252
350,7261
89,7262
27,7264
121,7267
85,7267
466,7269
272,7272
92,7273
212,7273
435,7278
471,7279
78,7280
51,7280
211,7288
205,7291
94,7291
170,7296
456,7310
375,7314
11,7317
313,7331
189,7351
18,7351
210,7352
1,7353
408,7354
64,7355
50,7357
487,7357
115,7361
286,7370
239,7370
392,7372
161,7376
217,7397
246,7398
256,7399
241,7402
320,7411
106,7436
152,7440
348,7442
422,7442
155,7443
472,7450
488,7451
153,7452
477,7452
284,7453
39,7456
367,7458
169,7461
34,7467
432,7474
302,7485
232,7494
276,7496
98,7497
265,7499
10,7529
53,7532
336,7542
118,7547
489,7551
206,7551
410,7553
196,7555
415,7558
428,7560
335,7577
68,7587
296,7589
2,7589
324,7593
388,7598
334,7604
171,7612
229,7614
297,7614
202,7632
263,7632
407,7634
274,7634
374,7635
84,7640
476,7650
214,7651
216,7656
63,7657
146,7658
372,7659
125,7659
128,7671
498,7680
494,7696
458,7720
8,7725
485,7728
88,7728
406,7730
194,7732
490,7737
483,7737
414,7739
290,7750
180,7768
271,7811
91,7820
179,7834
493,7835
356,7835
207,7840
242,7856
66,7858
137,7873
260,7900
62,7920
233,7927
95,7927
451,7941
474,7960
461,7966
322,7968
373,7975
341,7983
400,7985
142,7994
321,8002
168,8005
346,8012
319,8012
172,8014
492,8016
266,8018
208,8019
393,8023
360,8031
250,8050
38,8089
352,8113
308,8115
40,8140
213,8157
288,8174
148,8197
309,8211
423,8214
389,8219
139,8224
354,8239
45,8245
459,8254
44,8280
185,8290
460,8296
275,8302
164,8331
9,8338
99,8340
467,8354
43,8389
453,8402
378,8440
481,8468
311,8479
201,8499
138,8508
193,8512
195,8527
278,8535
450,8557
283,8570
23,8571
345,8585
395,8595
105,8610
484,8680
243,8687
270,8770
437,8783
60,8813
482,8849
223,8862
447,8864
314,8872
67,8880
252,8945
440,8968
299,9051
293,9051
439,9064
231,9090
174,9154
30,9214
173,9218
69,9288
81,9321
259,9398
79,9405
391,9412
41,9508
104,9575
295,9630
71,9705
364,9859
227,9983
183,10051
371,10344
219,10406
452,10759

simblock.block.ProofOfWorkBlock@53f6557c:70
231,0
363,406
427,560
233,716
255,809
8,872
430,961
428,963
389,1114
107,1123
24,1124
182,1146
279,1215
499,1269
478,1277
202,1278
250,1280
307,1366
414,1368
306,1372
251,1419
344,1422
471,1429
210,1433
61,1434
366,1520
89,1520
154,1523
491,1529
129,1531
315,1534
196,1575
343,1587
92,1593
122,1593
487,1623
97,1630
77,1675
60,1678
188,1680
110,1683
457,1683
88,1683
33,1686
62,1686
16,1690
127,1698
118,1704
475,1728
337,1739
336,1746
124,1754
121,1770
449,1775
176,1776
57,1777
394,1818
320,1826
135,1831
162,1833
488,1833
310,1835
417,1836
40,1836
328,1840
94,1843
357,1845
412,1851
239,1851
450,1856
22,1857
338,1886
25,1891
483,1900
277,1900
441,1909
164,1924
272,1925
454,1927
186,1930
377,1932
369,1932
261,1934
211,1937
44,1939
198,1956
205,1981
346,1982
266,1983
309,1985
51,1988
63,1988
158,1989
156,1989
133,1993
204,1995
178,2001
275,2005
1,2005
353,2006
29,2009
368,2012
311,2012
200,2013
484,2018
453,2018
408,2029
312,2039
230,2044
386,2057
236,2064
440,2078
333,2078
78,2079
472,2082
103,2084
303,2086
415,2087
37,2087
208,2088
352,2090
373,2091
86,2092
264,2094
180,2098
405,2100
249,2113
432,2117
443,2118
399,2134
330,2141
82,2143
492,2146
401,2148
308,2149
287,2150
226,2155
157,2156
448,2157
95,2158
422,2159
85,2159
58,2165
7,2166
273,2167
168,2168
136,2169
203,2178
72,2181
413,2182
161,2182
500,2185
480,2191
212,2192
128,2197
49,2202
151,2205
53,2217
267,2217
19,2224
293,2231
31,2233
199,2239
36,2239
460,2241
13,2242
304,2244
155,2246
70,2249
274,2252
425,2255
342,2255
282,2256
351,2260
445,2261
213,2267
254,2268
190,2271
348,2275
214,2281
42,2286
179,2288
469,2290
18,2295
55,2296
56,2300
451,2302
387,2305
409,2307
28,2314
143,2318
170,2320
91,2322
319,2322
476,2322
11,2323
27,2335
54,2340
84,2345
294,2345
132,2352
83,2355
419,2355
206,2356
220,2360
113,2371
185,2379
184,2386
321,2386
393,2389
317,2395
473,2397
12,2397
105,2401
489,2404
4,2413
431,2414
376,2415
286,2420
66,2421
434,2423
331,2424
96,2426
80,2430
192,2431
324,2431
234,2438
76,2442
228,2446
167,2447
447,2450
496,2462
160,2470
117,2471
340,2472
479,2475
100,2475
458,2475
350,2475
270,2476
258,2486
384,2494
433,2496
253,2501
329,2507
17,2507
26,2508
283,2508
435,2527
14,2527
141,2531
163,2532
406,2538
359,2541
3,2543
300,2550
485,2557
285,2564
64,2570
73,2573
112,2573
361,2579
152,2590
35,2591
108,2592
466,2599
370,2603
459,2603
424,2610
166,2612
490,2616
313,2620
260,2627
6,2627
137,2628
140,2631
269,2632
68,2642
207,2648
123,2655
144,2661
9,2666
497,2670
71,2674
194,2679
420,2686
429,2687
120,2688
46,2689
464,2689
114,2690
318,2690
446,2694
323,2699
247,2699
378,2702
463,2705
111,2714
21,2733
381,2737
301,2743
87,2743
292,2745
165,2748
149,2755
39,2759
465,2772
153,2773
382,2775
349,2779
468,2780
367,2783
278,2783
455,2788
106,2793
238,2802
379,2806
177,2811
241,2827
383,2831
48,2833
365,2834
486,2838
437,2840
395,2841
390,2857
75,2858
187,2869
104,2875
131,2877
477,2885
65,2892
237,2917
252,2923
223,2928
248,2930
439,2937
224,2938
189,2939
79,2958
102,2958
74,2960
291,2970
171,2970
332,2977
284,2981
407,3000
138,3010
327,3012
404,3017
193,3022
494,3026
195,3033
23,3035
262,3038
67,3039
201,3039
316,3044
159,3047
388,3048
452,3049
2,3051
416,3068
280,3069
99,3069
371,3075
411,3082
47,3083
410,3085
372,3089
41,3091
116,3094
403,3106
174,3108
325,3125
173,3130
243,3138
20,3143
482,3152
398,3161
50,3181
242,3189
392,3191
10,3207
227,3219
93,3221
436,3223
358,3227
146,3237
126,3238
400,3241
426,3249
139,3256
148,3262
15,3293
305,3306
421,3317
380,3317
302,3318
326,3320
130,3322
59,3338
245,3350
462,3356
101,3379
498,3398
297,3409
335,3414
289,3417
396,3419
90,3429
362,3460
481,3461
32,3493
402,3503
172,3508
181,3517
493,3540
418,3586
240,3586
191,3599
360,3600
356,3603
314,3606
281,3607
209,3623
364,3623
218,3628
246,3642
215,3645
265,3688
134,3703
235,3725
355,3770
52,3782
216,3784
221,3798
69,3845
259,3850
268,3856
442,3859
339,3881
147,3893
470,3901
296,3904
175,3910
347,3972
142,3987
334,3987
43,4004
263,4024
115,4044
222,4046
150,4056
354,4090
169,4122
444,4125
225,4164
397,4177
345,4179
45,4191
438,4241
271,4282
385,4316
197,4328
98,4366
276,4375
257,4391
229,4517
295,4523
374,4556
119,4582
298,4594
34,4621
375,4631
109,4657
299,4669
341,4877
232,4899
5,4929
456,4934
81,4961
30,4973
322,5048
467,5058
244,5196
290,5236
461,5300
145,5344
219,5356
125,5444
495,5463
288,5736
183,5779
217,5846
474,6224
423,6608
38,6991
256,7376
391,7756

simblock.block.ProofOfWorkBlock@54484126:71
390,0
192,493
83,679
357,969
120,973
74,1161
220,1163
168,1253
316,1347
444,1349
308,1373
480,1466
351,1526
490,1534
300,1538
353,1539
109,1642
144,1646
92,1659
254,1664
422,1690
134,1726
329,1735
472,1779
406,1814
463,1828
84,1830
117,1834
370,1835
281,1836
305,1849
385,1853
110,1931
94,1931
409,1943
228,1944
346,1983
170,2002
253,2006
89,2018
33,2019
379,2021
347,2022
108,2026
394,2035
301,2041
233,2068
78,2085
343,2089
64,2094
336,2096
213,2097
415,2114
234,2124
52,2129
130,2130
113,2142
365,2144
62,2156
25,2182
131,2206
59,2210
442,2212
218,2215
368,2222
462,2222
273,2234
425,2234
350,2241
116,2242
28,2249
443,2253
102,2256
393,2258
66,2283
310,2303
407,2308
291,2314
95,2317
249,2317
164,2320
166,2320
251,2322
468,2331
42,2333
107,2334
182,2336
86,2342
473,2348
338,2351
14,2354
309,2375
376,2391
412,2392
312,2393
307,2393
196,2394
386,2396
277,2397
151,2401
26,2403
55,2404
72,2406
489,2413
176,2414
418,2414
358,2422
200,2424
269,2431
100,2437
19,2442
276,2448
70,2469
236,2472
143,2487
387,2494
397,2497
37,2500
410,2501
230,2503
132,2504
411,2504
292,2506
191,2507
53,2507
469,2507
185,2509
137,2510
457,2510
326,2516
331,2516
298,2519
403,2521
13,2521
317,2524
333,2529
270,2531
430,2535
123,2540
356,2549
262,2551
180,2552
264,2556
405,2558
154,2562
210,2562
494,2564
435,2567
128,2569
328,2584
177,2585
451,2585
303,2590
129,2591
226,2602
90,2603
380,2612
438,2613
197,2618
49,2620
459,2624
441,2626
101,2627
240,2628
239,2648
348,2648
214,2648
179,2652
366,2655
496,2656
294,2657
436,2660
77,2663
458,2664
450,2664
449,2667
302,2678
432,2681
485,2681
471,2684
91,2685
133,2689
361,2690
313,2692
60,2693
80,2694
5,2695
278,2696
349,2698
363,2701
340,2704
479,2704
355,2705
97,2705
285,2706
488,2706
327,2707
440,2712
149,2713
419,2716
29,2716
88,2717
500,2717
36,2720
280,2721
61,2722
478,2724
82,2732
135,2735
157,2738
492,2745
433,2748
75,2777
261,2777
231,2780
414,2785
484,2796
279,2797
167,2798
470,2798
296,2801
32,2802
401,2803
1,2804
238,2804
205,2814
150,2814
476,2816
445,2816
48,2816
495,2817
311,2817
112,2819
209,2819
203,2820
190,2821
447,2822
119,2835
250,2842
426,2843
475,2844
454,2846
17,2848
158,2856
429,2859
93,2866
321,2869
453,2870
105,2871
330,2875
111,2881
384,2886
22,2886
487,2890
324,2891
103,2893
388,2894
47,2897
178,2898
424,2900
416,2900
6,2908
465,2913
44,2916
483,2919
11,2926
399,2935
258,2939
282,2957
206,2959
202,2961
377,2963
21,2967
427,2968
215,2968
85,2968
208,2968
339,2972
199,2972
225,2976
27,2976
402,2977
87,2979
248,2981
121,2982
46,2992
122,2995
24,2995
437,2998
96,2998
362,3000
124,3001
383,3003
486,3006
464,3014
235,3015
352,3022
162,3022
398,3024
306,3025
30,3032
335,3045
106,3046
115,3049
219,3060
216,3064
181,3066
373,3074
315,3076
155,3076
54,3081
244,3085
420,3086
147,3087
247,3094
160,3103
40,3106
211,3108
161,3108
165,3112
3,3112
224,3122
497,3122
293,3128
126,3137
275,3148
175,3151
184,3152
15,3153
274,3153
9,3155
125,3161
332,3168
344,3173
51,3182
481,3185
136,3190
263,3195
257,3201
172,3210
171,3218
434,3230
241,3231
232,3235
455,3235
31,3236
423,3237
396,3238
287,3243
138,3243
428,3245
341,3250
499,3251
204,3257
153,3260
222,3263
73,3268
50,3272
381,3276
7,3278
389,3280
255,3282
493,3284
118,3284
325,3288
245,3288
65,3291
360,3324
289,3353
194,3355
217,3356
8,3363
201,3373
43,3374
16,3378
421,3386
148,3400
345,3402
260,3402
408,3406
400,3417
98,3426
452,3428
382,3430
57,3434
267,3439
156,3449
146,3450
35,3472
378,3478
461,3479
45,3489
446,3498
334,3501
207,3502
271,3506
76,3506
186,3514
252,3515
39,3524
417,3530
198,3535
18,3535
12,3551
323,3554
482,3557
63,3558
2,3558
413,3565
286,3572
193,3589
152,3593
195,3598
371,3615
67,3619
477,3632
139,3653
404,3653
392,3673
498,3678
68,3682
58,3685
99,3686
466,3688
467,3707
320,3712
448,3716
367,3727
242,3738
56,3738
114,3774
337,3806
474,3817
169,3820
319,3823
212,3834
283,3837
227,3869
290,3881
259,3891
295,3905
188,3913
284,3928
372,3933
304,3966
4,3973
268,4006
256,4010
243,4029
288,4032
38,4034
71,4034
359,4049
104,4064
229,4073
439,4089
159,4091
173,4093
491,4113
369,4119
10,4179
460,4195
354,4200
223,4216
189,4233
127,4250
342,4271
322,4271
246,4309
374,4321
141,4358
272,4374
391,4380
163,4407
265,4428
183,4456
395,4472
140,4477
34,4531
318,4538
23,4553
297,4606
237,4627
375,4655
364,4688
69,4727
299,4735
266,4758
142,4761
20,4803
41,4886
187,4894
79,4914
81,4972
431,5068
314,5082
174,5085
145,5141
456,5288
221,5446

simblock.block.ProofOfWorkBlock@7b7d1bb8:72
34,0
314,691
47,1079
276,1377
243,1466
380,1562
67,1652
468,1749
144,1866
50,1928
317,1938
71,1986
442,2046
385,2124
285,2233
123,2237
56,2263
242,2268
169,2311
97,2322
141,2349
497,2419
411,2420
102,2422
46,2532
147,2535
251,2543
423,2547
127,2591
101,2605
456,2606
187,2606
130,2610
301,2612
37,2653
388,2672
249,2713
480,2719
365,2720
281,2731
177,2746
403,2794
19,2795
49,2796
17,2799
381,2799
258,2806
168,2813
38,2880
297,2887
448,2892
222,2897
416,2901
149,2902
150,2909
234,2919
20,2933
244,2935
378,2950
327,2983
175,2983
191,2984
300,2984
90,2993
478,2999
179,3010
291,3024
117,3029
42,3041
277,3058
309,3082
379,3083
39,3085
52,3091
15,3092
292,3093
486,3094
166,3101
397,3101
74,3109
427,3116
330,3116
5,3121
463,3144
241,3171
129,3172
87,3172
75,3173
316,3176
58,3177
394,3181
31,3189
370,3195
409,3196
273,3208
254,3208
384,3216
479,3217
84,3228
207,3230
237,3246
65,3268
446,3275
424,3278
228,3278
2,3280
247,3286
419,3288
6,3289
269,3291
470,3292
289,3293
219,3294
393,3294
349,3297
105,3299
111,3315
76,3318
414,3324
73,3330
33,3335
48,3337
218,3344
342,3356
128,3366
153,3370
82,3373
346,3382
11,3383
398,3384
197,3389
13,3394
362,3395
431,3399
158,3400
326,3401
182,3401
412,3410
86,3414
434,3437
436,3449
266,3451
53,3452
270,3453
16,3455
106,3463
44,3464
404,3466
131,3467
488,3470
298,3474
165,3474
8,3475
4,3477
306,3478
132,3480
159,3481
190,3483
469,3484
458,3485
455,3489
325,3491
203,3494
231,3497
109,3504
195,3512
238,3513
462,3515
199,3525
64,3538
382,3543
353,3546
113,3550
51,3561
313,3564
328,3566
156,3566
445,3567
186,3570
245,3571
383,3578
421,3579
95,3580
28,3580
367,3583
444,3584
225,3586
14,3587
494,3596
263,3604
348,3611
355,3625
157,3636
81,3641
377,3642
471,3644
255,3646
338,3654
376,3655
331,3656
188,3658
268,3658
473,3661
32,3671
24,3673
280,3676
430,3677
499,3677
396,3677
250,3678
413,3679
492,3682
336,3684
103,3694
407,3703
347,3707
83,3718
483,3728
390,3731
337,3733
62,3735
429,3737
318,3739
466,3740
350,3743
368,3752
475,3755
121,3756
352,3759
1,3759
181,3763
345,3765
496,3767
22,3767
120,3778
93,3778
272,3782
35,3789
435,3789
57,3792
200,3799
363,3803
36,3821
451,3828
151,3838
477,3841
495,3843
100,3849
92,3855
440,3856
339,3864
373,3864
209,3872
21,3873
125,3875
256,3876
240,3880
441,3891
126,3892
96,3900
246,3907
122,3907
260,3922
202,3924
344,3930
3,3939
432,3941
415,3943
489,3944
279,3954
283,3954
91,3955
133,3955
210,3957
7,3958
99,3964
302,3972
329,3974
422,3976
12,3981
189,4009
211,4012
216,4017
401,4018
230,4024
146,4027
162,4031
25,4035
110,4037
217,4041
308,4042
88,4043
26,4044
18,4051
161,4054
232,4054
450,4059
354,4062
183,4075
253,4098
490,4101
173,4118
66,4122
358,4125
115,4126
40,4132
27,4141
454,4143
104,4145
164,4159
304,4172
360,4173
428,4204
418,4209
395,4212
72,4216
387,4224
160,4224
257,4225
215,4226
139,4234
214,4234
78,4237
410,4240
185,4247
320,4248
461,4256
233,4258
372,4258
54,4260
457,4262
220,4273
433,4276
124,4291
235,4294
408,4294
108,4301
154,4308
400,4309
307,4314
287,4319
391,4319
312,4321
366,4321
172,4323
417,4331
426,4337
136,4344
323,4347
239,4379
371,4402
333,4402
229,4410
322,4417
284,4427
282,4453
63,4470
171,4476
359,4479
460,4503
335,4510
80,4512
174,4512
167,4517
356,4527
452,4528
176,4528
476,4540
201,4545
68,4546
184,4556
60,4568
453,4572
334,4573
61,4584
30,4589
194,4601
310,4609
343,4613
332,4619
351,4653
134,4659
9,4663
137,4664
69,4664
464,4686
59,4689
192,4747
224,4775
294,4779
98,4782
140,4795
472,4805
485,4806
198,4807
303,4822
226,4849
293,4854
375,4868
295,4871
402,4895
135,4896
361,4898
252,4903
265,4916
43,4942
45,4970
288,4972
438,5016
357,5019
271,5019
114,5074
213,5077
459,5082
118,5097
443,5105
324,5115
482,5129
148,5137
364,5160
94,5179
152,5220
223,5227
481,5256
465,5261
112,5282
399,5320
447,5323
23,5323
290,5324
449,5328
259,5382
286,5392
55,5418
493,5422
406,5447
487,5500
275,5512
369,5523
296,5533
267,5543
221,5571
299,5665
420,5699
212,5705
119,5714
155,5748
341,5755
500,5763
70,5886
89,5886
41,5889
315,5939
143,5939
305,5954
484,5971
311,5980
206,5994
138,6102
116,6174
474,6179
170,6189
193,6245
389,6274
392,6311
79,6334
386,6367
425,6400
208,6412
405,6440
10,6598
340,6601
236,6615
467,6618
227,6649
498,6685
77,6805
107,6841
145,6970
321,6985
264,7026
196,7212
180,7234
85,7276
142,7321
178,7529
319,7666
439,7709
274,7772
491,8075
29,8341
278,8629
248,8898
437,9173
261,9465
262,9720
374,10331
163,10583
204,11141

simblock.block.ProofOfWorkBlock@22253dbb:72
426,0
414,401
92,557
178,715
51,806
328,871
471,964
368,980
402,1027
127,1117
392,1123
309,1133
24,1179
161,1209
377,1269
337,1275
483,1277
168,1312
95,1343
489,1361
8,1368
16,1393
312,1429
458,1434
205,1435
275,1437
262,1465
453,1496
29,1523
475,1526
491,1531
94,1546
439,1582
176,1584
184,1591
122,1594
348,1604
91,1618
492,1619
338,1649
266,1675
393,1677
401,1679
415,1680
466,1686
160,1687
352,1708
345,1738
129,1738
140,1751
230,1751
406,1751
253,1771
121,1773
88,1785
447,1795
128,1828
21,1832
274,1835
476,1839
84,1840
93,1841
482,1844
336,1847
261,1856
211,1862
105,1900
344,1902
488,1903
255,1904
89,1904
320,1907
198,1916
57,1926
454,1928
407,1930
499,1931
487,1939
373,1942
196,1949
1,1987
118,1993
412,1995
212,1995
494,1997
307,2002
387,2005
408,2005
27,2009
164,2009
282,2018
425,2035
62,2053
137,2057
308,2061
188,2061
473,2062
157,2080
264,2082
302,2083
399,2083
340,2089
333,2090
186,2093
124,2097
413,2101
277,2106
429,2109
143,2141
356,2147
190,2150
12,2156
430,2157
367,2159
167,2161
366,2161
64,2164
410,2165
72,2166
102,2173
56,2182
78,2190
216,2195
135,2205
278,2210
417,2215
39,2216
163,2234
170,2236
315,2240
236,2241
18,2242
437,2246
496,2249
179,2249
44,2251
110,2251
86,2254
294,2266
405,2268
257,2287
155,2296
156,2301
210,2303
389,2310
25,2311
204,2315
448,2316
369,2317
63,2318
460,2320
450,2332
46,2340
419,2344
80,2347
394,2348
250,2351
70,2352
201,2359
22,2375
220,2375
251,2375
96,2377
185,2388
53,2390
451,2393
103,2394
76,2397
199,2400
267,2406
60,2408
148,2408
180,2410
154,2411
28,2415
31,2419
175,2451
214,2459
239,2464
191,2465
363,2469
272,2469
477,2472
283,2472
286,2474
213,2474
339,2487
3,2488
347,2489
113,2489
351,2492
202,2497
58,2500
206,2505
32,2506
411,2512
313,2518
428,2523
470,2524
435,2526
116,2530
495,2536
73,2543
420,2551
357,2551
194,2554
349,2556
485,2558
311,2562
493,2565
254,2570
270,2571
13,2573
304,2573
370,2582
36,2585
342,2587
83,2607
107,2614
192,2616
440,2622
443,2623
208,2625
459,2627
177,2627
303,2641
380,2643
457,2643
306,2648
61,2649
279,2651
409,2655
463,2656
445,2657
158,2657
346,2661
159,2662
111,2663
321,2675
330,2675
310,2678
6,2680
136,2684
67,2685
82,2706
130,2712
7,2714
292,2720
52,2732
34,2735
19,2738
281,2745
233,2752
23,2756
59,2758
108,2759
280,2772
441,2779
350,2783
462,2790
166,2790
248,2796
54,2796
386,2814
226,2815
197,2821
75,2821
222,2824
490,2827
424,2836
100,2838
120,2840
5,2854
301,2856
231,2861
132,2885
446,2889
169,2890
285,2897
79,2898
431,2901
362,2910
42,2913
465,2921
242,2923
74,2928
364,2930
114,2932
332,2933
123,2944
398,2946
85,2953
217,2956
183,2965
147,2972
117,2978
215,2986
240,2988
427,2990
232,2990
109,2999
358,3002
218,3003
195,3008
269,3010
384,3017
325,3035
244,3039
341,3040
390,3052
378,3055
382,3069
416,3079
403,3089
497,3091
182,3092
209,3093
329,3103
106,3108
134,3109
469,3124
224,3142
343,3144
354,3150
131,3156
241,3158
486,3164
43,3171
97,3198
2,3201
258,3201
353,3203
37,3216
383,3219
464,3225
335,3242
359,3248
90,3256
291,3259
149,3268
150,3270
381,3277
421,3283
50,3293
200,3297
181,3301
374,3310
138,3313
273,3315
300,3319
139,3332
371,3334
112,3345
235,3358
35,3358
151,3361
397,3368
385,3376
66,3387
322,3389
125,3390
172,3398
334,3419
449,3420
318,3429
141,3432
319,3450
391,3457
268,3464
376,3468
316,3470
126,3471
238,3484
468,3488
395,3500
456,3504
115,3505
323,3537
249,3540
474,3551
438,3552
418,3553
17,3567
187,3580
271,3582
455,3589
68,3605
396,3630
355,3634
30,3639
153,3691
41,3693
314,3698
422,3707
227,3715
298,3719
33,3737
65,3740
221,3753
119,3753
481,3765
173,3775
360,3809
15,3818
49,3836
193,3836
361,3849
9,3851
260,3883
225,3897
223,3898
10,3918
81,3938
145,3938
263,3970
203,3972
317,3979
234,4003
388,4008
104,4018
289,4019
295,4048
423,4072
404,4087
207,4101
174,4162
436,4166
256,4230
452,4233
229,4238
11,4269
243,4273
99,4288
290,4297
276,4325
71,4333
480,4352
498,4386
133,4405
259,4411
326,4456
219,4480
144,4538
146,4628
152,4628
461,4634
165,4651
45,4695
379,4723
375,4769
372,4778
252,4935
434,4989
299,5011
288,5031
77,5063
467,5072
98,5317
38,5369
171,5391
296,5414
432,5490
284,5748
265,5816
297,5838
246,6130
69,6257

simblock.block.ProofOfWorkBlock@418c9922:72
293,0
77,403
162,555
262,712
236,811
121,866
186,958
454,966
401,1025
253,1111
44,1119
255,1119
40,1177
206,1213
499,1266
185,1270
494,1274
344,1278
458,1338
420,1362
179,1366
167,1381
118,1418
439,1426
475,1427
92,1428
133,1431
161,1515
440,1516
140,1521
408,1524
488,1526
472,1534
457,1570
412,1579
330,1581
286,1589
202,1590
393,1591
191,1604
267,1619
428,1669
158,1672
78,1674
363,1678
477,1678
430,1682
491,1683
199,1687
275,1688
205,1690
490,1726
282,1736
311,1743
333,1744
302,1745
460,1746
310,1771
320,1774
208,1819
387,1822
339,1826
188,1826
8,1826
137,1830
279,1831
414,1831
7,1836
348,1837
54,1839
422,1846
213,1846
24,1852
46,1871
116,1880
180,1888
307,1895
148,1898
278,1898
70,1920
39,1924
86,1925
319,1926
212,1929
308,1939
493,1971
450,1973
100,1975
194,1982
337,1982
443,1985
154,1985
113,1985
214,1992
451,1994
156,1994
62,1999
287,2004
203,2007
123,2018
31,2040
274,2042
110,2054
489,2055
343,2062
496,2072
176,2077
417,2078
487,2081
338,2085
342,2094
60,2104
126,2114
153,2117
283,2128
28,2128
250,2128
211,2134
51,2137
101,2137
478,2138
367,2139
201,2143
1,2145
155,2150
403,2150
305,2151
160,2152
352,2153
306,2159
369,2159
323,2174
500,2176
226,2180
294,2208
377,2212
459,2216
483,2225
266,2227
405,2230
484,2230
433,2233
168,2235
66,2238
57,2245
254,2255
25,2256
399,2258
151,2269
93,2281
402,2281
304,2287
32,2287
122,2288
264,2290
346,2291
449,2293
445,2294
129,2297
64,2301
184,2302
312,2305
419,2308
309,2308
321,2310
135,2310
453,2312
272,2314
324,2320
357,2326
105,2331
447,2332
26,2333
280,2335
413,2349
434,2362
134,2366
340,2368
351,2368
103,2369
190,2380
89,2382
178,2386
410,2392
248,2395
22,2398
325,2399
200,2405
244,2415
418,2419
316,2419
465,2432
435,2434
409,2434
95,2443
88,2446
466,2446
164,2451
336,2451
386,2452
441,2453
21,2463
82,2463
224,2464
485,2466
392,2469
482,2472
407,2474
16,2483
157,2484
432,2489
498,2495
258,2499
182,2499
389,2513
91,2522
326,2525
245,2529
204,2534
464,2535
497,2535
350,2537
61,2538
84,2544
427,2548
27,2552
170,2557
446,2558
416,2565
345,2569
318,2572
12,2586
18,2587
380,2600
471,2604
55,2605
29,2611
375,2614
303,2615
53,2617
94,2618
124,2623
85,2623
13,2625
83,2631
102,2635
315,2637
379,2639
261,2641
476,2648
56,2649
63,2655
144,2681
468,2691
169,2702
366,2704
421,2709
281,2714
492,2720
119,2720
329,2727
149,2728
150,2732
210,2732
480,2740
198,2751
290,2754
20,2764
437,2767
368,2774
241,2774
239,2774
270,2776
332,2784
49,2796
249,2801
384,2802
406,2802
109,2805
58,2808
252,2812
234,2814
355,2814
277,2816
165,2830
479,2837
431,2841
251,2849
115,2853
192,2853
127,2856
285,2866
228,2869
36,2874
390,2876
177,2893
463,2893
361,2896
238,2900
411,2904
360,2905
404,2911
359,2912
362,2914
207,2916
209,2916
481,2923
233,2923
120,2928
163,2928
132,2929
364,2930
242,2939
145,2941
388,2948
415,2962
240,2972
6,2976
33,2978
220,2982
17,2989
269,2990
273,3040
14,3043
139,3043
300,3044
35,3046
80,3067
117,3069
131,3073
166,3075
385,3081
219,3082
230,3082
41,3089
65,3095
189,3113
97,3123
397,3132
142,3132
90,3141
271,3143
112,3148
141,3151
159,3163
130,3170
73,3171
111,3177
225,3185
473,3192
218,3194
246,3200
227,3224
11,3227
438,3231
495,3240
195,3246
331,3248
291,3255
391,3302
104,3307
37,3313
469,3318
2,3332
486,3346
297,3347
372,3351
301,3355
371,3360
327,3364
76,3393
215,3397
467,3406
147,3406
187,3416
353,3419
276,3424
376,3434
288,3435
75,3446
268,3461
81,3463
98,3464
229,3472
356,3480
68,3515
5,3520
247,3523
398,3527
99,3538
69,3540
474,3565
374,3578
322,3580
108,3587
470,3597
9,3607
232,3608
48,3618
349,3623
171,3624
442,3632
299,3636
436,3661
175,3674
52,3677
237,3682
106,3685
47,3700
284,3705
197,3728
59,3731
193,3752
424,3780
257,3793
394,3800
395,3806
243,3825
400,3847
181,3854
334,3857
335,3897
19,3903
370,3909
358,3927
365,3943
423,3945
462,3952
298,3970
381,3973
341,3977
96,3997
221,3999
461,4016
260,4019
263,4065
429,4080
43,4113
42,4123
314,4188
373,4205
222,4212
396,4221
30,4232
216,4234
292,4242
23,4283
289,4288
10,4288
259,4321
172,4348
455,4348
173,4439
295,4456
15,4493
378,4494
347,4557
456,4568
382,4622
138,4627
296,4676
152,4874
38,4874
256,4937
174,4962
79,5007
265,5021
67,5055
71,5267
50,5316
146,5366
217,5405
354,5712
45,5806
183,6147
223,6204

simblock.block.ProofOfWorkBlock@394f4d39:72
108,0
436,482
469,668
222,853
191,1042
181,1237
80,1422
444,1608
486,1798
111,1984
27,2278
420,2556
478,2836
458,3127
448,3410
30,3767
423,4119
322,4472
391,4823
227,5176

simblock.block.ProofOfWorkBlock@34691fcc:73
183,0
361,1058
446,1511
269,1544
131,1743
404,1930
151,1963
181,2004
291,2056
438,2117
52,2191
159,2223
228,2241
403,2395
488,2403
215,2408
101,2414
130,2427
416,2429
220,2471
108,2487
218,2542
247,2596
222,2599
300,2607
465,2617
431,2657
197,2673
198,2679
39,2681
201,2682
114,2702
329,2725
238,2728
281,2782
166,2786
182,2803
255,2813
109,2859
385,2872
32,2888
331,2892
289,2893
381,2897
484,2898
132,2911
209,2911
347,2919
497,2931
417,2938
83,2954
82,2961
205,2965
453,2967
444,2968
420,2970
134,2975
411,2977
479,2997
240,3025
234,3054
165,3061
397,3078
49,3083
17,3083
376,3089
37,3090
15,3091
486,3096
468,3097
463,3104
422,3111
362,3114
35,3124
386,3128
277,3141
379,3145
469,3158
119,3166
393,3177
359,3201
462,3213
149,3213
344,3216
278,3239
73,3243
489,3243
5,3249
414,3253
437,3253
492,3258
19,3265
326,3267
308,3268
192,3276
235,3277
28,3281
225,3282
380,3283
480,3284
46,3289
89,3291
97,3296
257,3309
383,3311
137,3312
268,3328
298,3338
388,3342
370,3343
80,3345
76,3351
120,3359
427,3360
435,3364
408,3370
224,3371
433,3378
424,3381
355,3387
292,3396
42,3410
349,3411
140,3422
90,3442
390,3444
144,3453
470,3456
18,3458
59,3460
384,3462
398,3463
199,3465
241,3472
26,3477
107,3482
396,3483
36,3489
267,3492
184,3495
126,3506
485,3518
93,3522
56,3524
31,3524
450,3525
352,3526
350,3530
111,3531
442,3531
6,3536
309,3537
24,3540
47,3545
313,3546
254,3556
106,3557
303,3560
464,3565
208,3569
186,3573
118,3574
141,3576
87,3584
428,3589
249,3591
418,3598
429,3600
339,3605
323,3605
110,3608
14,3609
112,3623
2,3631
394,3640
402,3643
164,3644
342,3649
245,3651
156,3652
425,3654
75,3659
105,3665
358,3667
307,3668
495,3675
85,3675
312,3678
244,3682
20,3682
317,3688
102,3693
365,3697
191,3716
258,3720
65,3734
321,3734
230,3745
187,3746
129,3749
95,3754
301,3754
117,3760
66,3764
96,3765
190,3769
116,3772
216,3773
123,3776
382,3791
455,3797
280,3800
496,3802
94,3807
304,3808
221,3808
324,3810
337,3811
413,3813
460,3813
92,3815
202,3819
150,3819
251,3822
273,3826
432,3839
175,3841
248,3844
177,3845
275,3845
250,3852
210,3854
412,3855
100,3855
286,3855
4,3858
148,3864
61,3866
353,3878
399,3880
283,3881
340,3886
55,3886
143,3889
242,3889
135,3901
436,3906
200,3921
261,3926
176,3930
78,3933
212,3937
332,3939
316,3940
318,3944
475,3953
168,3955
325,3958
7,3959
253,3962
457,3969
169,3983
3,3991
74,3993
50,4017
392,4029
459,4032
405,4033
282,4047
334,4049
279,4054
128,4057
1,4059
372,4077
178,4082
214,4085
294,4085
285,4086
439,4089
133,4091
194,4092
346,4092
297,4092
25,4093
121,4094
163,4099
449,4099
162,4100
185,4102
54,4119
217,4120
16,4126
22,4127
487,4127
233,4128
447,4128
180,4130
147,4132
64,4132
333,4137
158,4138
445,4139
409,4154
407,4157
345,4158
454,4158
265,4159
157,4167
91,4168
471,4180
27,4185
72,4199
206,4212
262,4212
360,4215
500,4233
213,4233
196,4233
155,4234
237,4237
34,4239
395,4241
410,4248
499,4252
423,4257
320,4262
33,4268
13,4271
284,4288
189,4292
195,4306
188,4310
440,4313
136,4326
327,4330
348,4334
434,4351
179,4361
51,4366
127,4371
44,4372
146,4373
305,4374
70,4375
311,4377
231,4378
77,4379
387,4384
443,4399
239,4404
406,4407
369,4413
373,4413
152,4413
472,4417
371,4431
271,4432
69,4433
160,4436
29,4439
357,4444
232,4449
478,4462
79,4472
23,4473
377,4476
104,4482
103,4487
293,4489
11,4504
498,4518
193,4520
246,4561
229,4580
328,4594
115,4595
491,4608
466,4608
481,4611
223,4618
368,4619
204,4633
21,4644
124,4645
57,4649
430,4652
113,4654
477,4655
330,4657
451,4666
270,4668
476,4680
287,4686
448,4692
264,4695
99,4712
306,4717
473,4717
172,4724
343,4725
256,4730
341,4730
41,4740
458,4744
354,4780
276,4786
314,4793
38,4849
260,4855
142,4876
171,4884
319,4888
40,4897
84,4905
441,4926
154,4932
266,4937
336,4941
252,4942
483,4946
310,4950
68,4951
167,4952
12,4957
161,4966
426,4970
53,4976
263,4984
375,4990
366,4997
315,4998
45,5032
243,5074
391,5097
400,5098
173,5123
211,5167
421,5182
367,5196
8,5205
335,5206
226,5238
86,5242
58,5254
153,5260
207,5264
71,5274
356,5274
374,5281
295,5288
452,5312
139,5315
30,5348
456,5391
299,5428
322,5449
482,5460
401,5470
219,5475
338,5477
88,5520
302,5534
174,5543
296,5566
259,5576
378,5627
288,5643
43,5666
10,5667
290,5702
236,5739
493,5743
122,5778
62,5822
9,5873
138,5891
364,5917
81,6000
490,6060
467,6087
419,6107
474,6239
98,6269
415,6297
125,6375
363,6387
145,6440
461,6683
272,6858
227,7035
67,7387
274,7417
203,7974
60,8534

simblock.block.ProofOfWorkBlock@7bc82750:73
315,0
306,402
110,556
88,710
454,819
489,863
351,962
36,979
31,1022
459,1114
202,1116
430,1135
180,1174
77,1221
51,1267
239,1269
282,1271
302,1304
492,1328
332,1366
213,1375
210,1392
352,1419
401,1422
494,1426
62,1429
449,1456
485,1483
78,1520
133,1520
330,1525
167,1528
363,1538
448,1548
253,1571
4,1578
307,1579
206,1581
164,1582
303,1609
333,1624
386,1636
158,1675
57,1675
419,1676
153,1677
472,1681
477,1682
18,1684
236,1691
412,1701
92,1711
157,1731
250,1734
116,1735
86,1736
161,1736
476,1737
345,1768
457,1779
211,1789
275,1796
377,1824
286,1827
357,1828
428,1831
425,1832
54,1833
294,1834
188,1835
201,1837
366,1840
433,1857
466,1858
320,1858
417,1877
17,1878
1,1884
122,1889
415,1889
22,1890
64,1890
264,1891
121,1901
344,1905
493,1921
483,1922
458,1931
348,1931
208,1936
135,1936
107,1941
128,1948
105,1959
231,1970
402,1972
16,1978
148,1981
61,1985
310,1985
199,1985
184,1986
267,1986
399,1993
437,1993
94,1994
262,1997
491,2010
63,2011
500,2013
103,2013
343,2031
226,2032
261,2037
356,2042
89,2043
266,2044
346,2044
387,2048
186,2050
60,2055
393,2058
131,2063
124,2074
72,2076
27,2079
338,2084
445,2085
143,2086
336,2086
308,2086
478,2088
407,2088
274,2095
21,2098
488,2106
176,2107
272,2113
170,2114
100,2125
84,2129
200,2135
91,2136
427,2138
319,2139
350,2140
24,2140
453,2140
451,2143
450,2145
368,2148
7,2150
340,2152
496,2154
102,2159
321,2168
460,2169
414,2169
58,2170
432,2178
406,2183
447,2187
25,2190
70,2198
278,2201
216,2205
293,2210
439,2215
190,2216
270,2228
369,2232
53,2232
305,2232
392,2235
435,2240
324,2244
443,2244
409,2253
160,2255
8,2261
155,2265
168,2267
76,2275
55,2279
162,2279
66,2294
82,2294
389,2295
154,2295
487,2297
113,2297
137,2298
482,2303
136,2307
475,2307
178,2308
404,2310
287,2311
480,2314
205,2322
93,2323
441,2326
179,2327
381,2327
269,2328
127,2329
144,2329
20,2329
473,2336
311,2349
304,2351
129,2351
147,2357
234,2362
255,2363
163,2366
328,2368
382,2378
413,2379
438,2380
279,2384
95,2387
214,2390
373,2395
339,2397
422,2398
44,2399
3,2401
479,2405
218,2405
465,2408
224,2410
471,2411
379,2418
367,2418
28,2422
395,2422
455,2426
463,2428
254,2430
337,2435
283,2435
440,2449
484,2450
11,2454
13,2454
444,2457
40,2457
499,2460
394,2468
285,2474
39,2481
12,2486
204,2489
309,2501
347,2503
410,2505
248,2519
405,2521
498,2522
225,2526
197,2530
42,2532
194,2532
177,2535
436,2541
408,2541
75,2573
249,2576
426,2576
281,2577
277,2587
149,2591
431,2592
244,2595
230,2602
490,2604
233,2610
59,2611
237,2613
429,2616
358,2623
151,2624
196,2627
123,2631
182,2631
349,2640
203,2646
46,2650
258,2656
420,2660
47,2661
329,2663
240,2664
257,2664
470,2666
112,2676
421,2684
326,2691
235,2694
29,2695
497,2703
111,2703
276,2708
400,2710
245,2719
300,2732
251,2733
5,2735
141,2749
134,2750
142,2756
169,2760
156,2769
56,2770
152,2771
41,2779
312,2781
268,2785
87,2789
126,2792
365,2793
374,2798
416,2798
299,2800
90,2801
140,2816
227,2817
322,2822
232,2833
317,2840
469,2841
384,2843
325,2846
486,2858
418,2860
462,2869
341,2872
280,2875
331,2877
220,2882
411,2889
442,2898
32,2905
217,2912
298,2913
362,2916
145,2921
354,2925
23,2931
259,2935
118,2935
390,2935
83,2936
355,2941
212,2949
33,2951
85,2973
370,2974
223,2975
2,2994
316,2999
295,3011
198,3015
314,3020
376,3027
81,3039
242,3044
120,3049
385,3056
291,3059
6,3065
9,3073
423,3081
171,3089
48,3091
260,3096
229,3098
271,3101
396,3117
79,3122
434,3124
185,3127
323,3128
71,3129
187,3141
132,3142
398,3154
117,3155
446,3164
241,3171
67,3181
391,3182
14,3184
159,3203
181,3203
221,3212
424,3215
38,3219
150,3260
228,3271
495,3281
189,3296
238,3298
34,3300
97,3318
247,3326
481,3326
193,3330
119,3336
49,3392
73,3399
273,3417
292,3422
383,3425
327,3430
109,3441
138,3446
15,3470
222,3474
360,3482
125,3489
99,3499
452,3500
172,3502
290,3506
26,3526
334,3533
342,3538
80,3558
50,3563
301,3565
263,3594
192,3597
289,3606
65,3610
69,3625
173,3648
19,3669
361,3683
209,3688
165,3703
174,3721
108,3736
243,3737
403,3746
371,3774
130,3801
246,3820
68,3826
30,3827
74,3834
318,3879
98,3919
467,3925
166,3936
288,3939
191,3949
359,3955
372,3974
139,3976
43,3999
215,4013
183,4061
37,4068
296,4083
35,4099
195,4119
353,4202
10,4218
265,4231
297,4249
474,4272
397,4285
364,4323
104,4334
256,4334
468,4365
114,4470
207,4484
380,4558
456,4597
284,4717
461,4717
313,4741
335,4745
106,4824
378,4871
388,5008
115,5035
96,5092
146,5111
219,5251
52,5280
175,5358
464,5560
101,5624
45,5649
252,5952
375,6065

simblock.block.ProofOfWorkBlock@30ded81c:74
65,0
268,489
388,675
5,863
240,975
87,1050
470,1157
486,1161
433,1329
151,1346
382,1357
277,1381
218,1455
469,1529
75,1542
6,1545
444,1604
459,1607
126,1640
464,1641
198,1642
147,1715
248,1732
416,1746
42,1791
266,1825
468,1826
497,1828
150,1829
169,1838
220,1842
317,1872
36,1886
89,1892
73,1936
56,1936
431,1981
346,1994
133,2010
495,2013
215,2013
228,2014
318,2026
349,2027
141,2029
420,2038
144,2045
289,2057
83,2092
31,2114
403,2124
209,2126
119,2127
397,2127
285,2129
407,2136
184,2141
253,2163
327,2168
417,2169
86,2192
394,2193
108,2199
411,2200
177,2204
15,2212
300,2214
197,2226
436,2231
154,2239
112,2247
281,2277
48,2287
185,2288
306,2291
130,2306
230,2307
396,2308
384,2309
249,2310
291,2312
181,2314
111,2318
175,2327
406,2328
345,2349
400,2351
7,2352
385,2378
257,2389
319,2392
22,2401
473,2402
32,2402
301,2405
352,2406
134,2412
383,2413
379,2418
348,2419
97,2423
247,2428
264,2442
12,2443
8,2444
458,2447
155,2448
353,2450
26,2466
235,2467
325,2479
440,2481
188,2483
359,2494
19,2495
381,2499
479,2500
182,2502
149,2502
328,2503
480,2504
101,2508
123,2512
76,2513
20,2515
1,2518
102,2525
234,2537
159,2538
92,2538
450,2554
442,2565
321,2569
365,2580
390,2582
427,2584
100,2586
430,2588
244,2589
210,2595
485,2598
127,2600
35,2607
59,2608
331,2614
37,2617
446,2617
424,2628
251,2640
57,2640
106,2650
484,2656
492,2656
109,2670
61,2670
85,2673
222,2677
132,2682
370,2683
404,2685
466,2686
237,2687
455,2687
245,2689
63,2690
460,2690
269,2690
419,2692
191,2694
78,2695
342,2697
54,2697
279,2699
192,2701
303,2703
21,2706
463,2711
298,2711
389,2725
206,2726
64,2728
475,2732
290,2734
162,2739
412,2746
110,2759
273,2761
167,2763
72,2766
414,2768
225,2770
443,2777
487,2778
51,2782
211,2788
258,2788
422,2792
494,2797
2,2797
380,2801
165,2804
200,2810
429,2811
434,2815
52,2815
255,2816
425,2821
409,2821
94,2825
261,2828
153,2831
29,2848
330,2850
500,2850
454,2857
170,2857
329,2860
386,2867
187,2867
160,2868
168,2869
55,2869
347,2869
294,2873
465,2875
377,2875
74,2876
323,2878
47,2880
387,2885
241,2888
489,2896
332,2896
280,2897
46,2902
58,2903
451,2920
316,2940
410,2943
14,2947
96,2947
158,2949
292,2958
437,2963
179,2966
70,2967
161,2969
305,2970
45,2976
367,2979
176,2982
40,2983
350,2983
421,2983
326,2992
401,2997
355,2998
362,3002
107,3003
25,3007
265,3008
103,3011
304,3012
99,3017
315,3022
196,3022
432,3024
392,3042
18,3049
358,3054
488,3057
286,3061
309,3061
202,3062
254,3064
17,3066
136,3066
3,3069
398,3076
11,3079
226,3079
113,3082
343,3091
128,3101
405,3102
172,3103
120,3104
204,3107
145,3129
373,3135
91,3140
478,3145
238,3148
402,3151
482,3151
205,3158
116,3158
340,3162
363,3165
287,3165
137,3166
361,3171
297,3171
275,3174
256,3197
418,3198
447,3201
351,3201
299,3205
423,3208
180,3241
445,3244
157,3246
336,3251
311,3255
4,3255
13,3257
38,3260
80,3261
16,3261
84,3261
499,3262
477,3270
333,3281
435,3291
462,3292
203,3292
357,3296
114,3300
69,3312
324,3319
476,3320
260,3329
138,3335
178,3337
312,3339
214,3340
369,3344
148,3346
117,3350
60,3351
283,3388
104,3402
163,3415
27,3415
376,3418
129,3422
496,3424
195,3428
66,3429
493,3435
441,3444
337,3450
71,3455
41,3458
471,3482
375,3483
173,3496
395,3515
250,3522
322,3527
271,3531
415,3531
216,3542
44,3550
139,3550
438,3557
224,3559
201,3561
399,3568
166,3569
77,3571
428,3575
229,3596
233,3599
313,3622
239,3622
82,3623
272,3624
453,3626
456,3665
310,3678
98,3690
39,3701
307,3705
121,3712
213,3714
262,3722
472,3723
296,3728
308,3729
439,3730
270,3765
378,3800
302,3800
193,3812
171,3813
53,3820
483,3848
354,3851
208,3853
28,3856
88,3874
90,3891
24,3902
408,3906
68,3912
221,3921
339,3923
152,3951
426,3957
252,3967
457,3978
95,3988
372,3995
143,3997
186,4007
320,4008
246,4019
135,4045
43,4047
474,4063
194,4079
274,4098
124,4130
282,4135
49,4144
131,4160
125,4161
207,4185
293,4186
10,4202
448,4205
278,4235
334,4255
115,4256
118,4266
93,4295
223,4312
30,4330
314,4351
360,4351
164,4362
391,4375
490,4377
183,4400
452,4400
344,4408
33,4412
199,4416
467,4431
62,4472
190,4483
50,4517
212,4524
276,4557
242,4564
140,4580
142,4620
259,4623
156,4642
338,4660
34,4681
236,4687
481,4726
81,4752
284,4752
267,4762
374,4768
449,4802
364,4802
79,4831
23,4869
393,4872
491,4921
122,4938
366,4965
498,4973
356,5084
295,5109
263,5117
67,5120
371,5124
368,5217
105,5219
146,5273
335,5326
413,5363
288,5461
341,5470
217,5476
461,5526
174,5529
227,5626
231,5642
189,5829
243,5987
232,5992
219,6344
9,6708

simblock.block.ProofOfWorkBlock@783b8c92:75
351,0
110,403
340,556
158,719
401,806
262,877
160,962
86,976
357,1030
54,1118
499,1123
239,1129
332,1183
430,1211
212,1270
459,1280
415,1283
494,1289
386,1339
148,1367
451,1370
457,1378
103,1424
437,1434
305,1434
202,1436
204,1443
116,1495
440,1526
483,1527
100,1528
302,1529
350,1533
22,1535
445,1579
308,1586
124,1591
345,1595
387,1595
417,1616
92,1639
453,1679
205,1679
188,1680
253,1684
293,1684
185,1686
435,1696
78,1697
458,1697
267,1706
392,1706
143,1746
164,1749
95,1750
488,1751
315,1754
393,1771
343,1774
450,1784
155,1785
180,1791
211,1829
319,1832
29,1833
460,1835
63,1836
377,1836
161,1837
406,1838
153,1840
233,1841
416,1844
283,1845
7,1851
333,1859
420,1859
294,1869
484,1896
409,1904
72,1906
261,1910
4,1911
51,1932
272,1932
178,1935
60,1938
278,1939
89,1943
330,1951
472,1954
379,1964
338,1984
266,1988
287,1988
199,1988
121,1989
94,1990
419,1993
425,1995
309,1995
412,1998
405,1999
176,1999
487,2001
482,2007
13,2010
236,2018
279,2030
270,2042
107,2047
366,2057
477,2058
1,2062
24,2068
310,2081
339,2083
55,2083
476,2088
367,2092
62,2096
496,2097
88,2101
312,2102
402,2103
282,2104
407,2105
307,2112
213,2114
77,2116
112,2118
277,2121
429,2129
21,2133
363,2136
126,2139
274,2141
25,2143
39,2144
61,2148
475,2149
190,2150
58,2153
473,2154
186,2156
346,2157
320,2159
154,2159
93,2159
485,2170
49,2176
427,2178
432,2185
156,2188
168,2195
495,2197
157,2201
449,2203
356,2206
53,2211
454,2215
137,2221
447,2235
344,2236
471,2239
428,2239
16,2242
413,2245
248,2246
113,2248
210,2250
491,2256
31,2256
336,2257
64,2258
226,2263
466,2264
17,2268
66,2271
167,2271
254,2274
136,2275
131,2283
411,2289
443,2289
182,2290
8,2293
27,2293
303,2296
249,2296
337,2298
91,2302
368,2307
224,2308
57,2310
255,2313
84,2317
179,2320
439,2322
241,2327
383,2327
492,2328
118,2340
187,2342
448,2344
256,2346
328,2346
28,2350
321,2355
275,2368
478,2371
384,2372
489,2376
140,2390
82,2390
46,2390
135,2391
316,2394
389,2397
231,2401
12,2401
196,2402
70,2403
36,2407
44,2409
14,2410
85,2410
306,2410
203,2412
230,2416
169,2417
373,2419
313,2420
200,2420
304,2423
250,2424
369,2429
244,2438
434,2441
111,2444
162,2446
240,2446
194,2450
83,2451
151,2457
150,2458
286,2459
414,2461
133,2463
281,2476
352,2479
97,2481
381,2485
40,2493
147,2494
426,2502
216,2509
184,2510
197,2515
374,2518
498,2518
245,2527
122,2533
298,2540
394,2540
362,2543
105,2544
128,2553
129,2555
191,2561
170,2561
235,2565
201,2565
102,2567
127,2568
109,2574
2,2575
324,2575
264,2579
159,2580
251,2581
436,2582
80,2582
11,2588
359,2588
410,2589
141,2593
464,2608
327,2608
408,2609
214,2613
19,2616
446,2621
433,2631
469,2638
166,2638
163,2644
18,2645
331,2656
470,2659
90,2661
149,2666
193,2667
207,2667
144,2669
247,2677
349,2683
263,2684
493,2687
74,2689
117,2694
215,2695
52,2699
431,2706
399,2715
134,2718
500,2723
442,2725
26,2725
423,2726
208,2732
444,2740
120,2748
317,2748
76,2751
209,2756
441,2765
418,2772
311,2800
395,2801
37,2810
326,2819
361,2823
59,2831
41,2832
353,2835
370,2836
456,2837
75,2837
348,2840
123,2840
360,2840
177,2841
291,2841
79,2842
300,2847
225,2848
220,2853
388,2854
229,2857
455,2858
260,2864
422,2868
452,2869
479,2876
192,2880
146,2890
47,2901
323,2904
237,2905
130,2907
48,2907
87,2909
334,2911
280,2917
232,2919
292,2927
30,2929
98,2937
301,2948
132,2963
355,2972
486,2972
138,2978
73,2985
119,2990
108,2991
490,2992
468,2994
34,2999
42,3002
421,3013
228,3019
5,3024
385,3031
341,3039
400,3053
33,3066
145,3084
382,3085
378,3088
396,3102
398,3104
165,3108
243,3109
114,3115
404,3120
299,3126
273,3126
284,3129
219,3131
20,3134
206,3154
296,3154
198,3172
465,3176
3,3180
181,3183
227,3192
269,3199
391,3207
45,3209
43,3211
10,3216
38,3222
234,3240
218,3241
217,3258
175,3267
325,3270
354,3271
347,3279
172,3294
438,3296
252,3297
467,3301
372,3315
222,3323
6,3335
50,3357
106,3369
424,3370
139,3373
335,3374
463,3384
15,3392
376,3393
329,3400
56,3402
497,3419
380,3452
242,3452
288,3465
259,3486
67,3506
480,3511
171,3553
265,3554
289,3562
223,3571
365,3604
481,3623
462,3645
295,3648
271,3648
358,3652
258,3657
152,3660
342,3668
81,3681
238,3686
195,3706
403,3719
23,3762
314,3764
322,3831
189,3855
397,3871
371,3893
96,3919
32,3921
268,3936
69,3942
285,3996
174,4018
173,4018
474,4040
99,4042
115,4101
65,4137
68,4142
390,4205
104,4210
101,4264
246,4305
71,4323
297,4329
183,4382
142,4422
461,4439
257,4474
364,4517
290,4521
375,4541
35,4740
125,4822
318,5007
221,5397
276,5776
9,6164

simblock.block.ProofOfWorkBlock@be4cff9:76
22,0
86,409
408,563
286,722
179,819
266,875
194,967
93,971
493,1027
482,1126
392,1128
27,1130
278,1179
350,1221
386,1280
369,1283
205,1285
116,1286
250,1334
236,1373
28,1375
270,1376
39,1437
44,1438
393,1446
7,1461
440,1466
24,1489
328,1525
8,1528
84,1531
178,1533
53,1536
490,1545
64,1587
211,1592
85,1593
78,1601
352,1614
471,1618
406,1627
445,1645
448,1677
275,1681
466,1685
351,1686
410,1688
140,1688
367,1691
319,1692
282,1697
483,1712
492,1736
447,1739
401,1746
57,1746
167,1759
62,1777
124,1779
415,1782
136,1783
478,1784
457,1795
180,1798
200,1833
475,1834
488,1841
82,1842
377,1842
129,1843
137,1844
161,1845
185,1846
368,1851
305,1859
422,1871
61,1873
496,1877
163,1892
439,1893
18,1900
203,1912
164,1915
230,1929
160,1931
210,1931
363,1935
472,1937
92,1946
110,1948
196,1955
389,1956
409,1974
311,1990
485,1993
449,1995
344,1997
201,1998
340,1999
294,1999
206,2000
21,2002
264,2002
239,2011
337,2014
307,2020
128,2023
55,2025
414,2027
253,2030
325,2030
443,2033
426,2045
257,2046
212,2062
184,2063
453,2067
120,2070
473,2083
231,2084
272,2086
356,2089
158,2089
94,2091
233,2097
413,2098
88,2104
387,2108
433,2109
176,2110
283,2114
147,2115
63,2115
396,2115
383,2135
333,2141
214,2143
58,2146
302,2149
157,2149
491,2151
315,2153
274,2153
402,2154
31,2159
156,2160
54,2161
454,2162
148,2172
308,2183
412,2185
13,2186
405,2186
460,2187
70,2188
186,2190
384,2194
60,2196
100,2197
346,2203
165,2213
29,2215
487,2221
338,2237
407,2239
36,2241
168,2241
255,2243
357,2243
95,2249
399,2254
345,2256
248,2256
430,2259
427,2260
420,2261
287,2265
216,2265
476,2267
123,2267
321,2268
187,2284
390,2294
261,2294
113,2297
279,2302
293,2303
291,2303
1,2304
489,2305
202,2306
309,2308
16,2312
366,2313
411,2316
103,2318
330,2318
348,2325
135,2326
339,2327
267,2334
130,2334
428,2340
459,2342
249,2343
89,2344
143,2346
127,2349
494,2349
4,2353
118,2356
258,2361
285,2364
316,2366
40,2368
108,2380
499,2393
306,2400
5,2402
105,2402
332,2402
66,2404
226,2405
247,2406
324,2408
121,2412
381,2417
435,2417
213,2421
208,2421
310,2423
192,2428
441,2429
225,2437
144,2439
327,2440
188,2449
35,2450
220,2451
170,2453
359,2454
497,2459
204,2465
199,2468
122,2472
51,2477
153,2478
469,2479
336,2480
451,2487
119,2489
72,2498
107,2502
313,2503
190,2504
379,2508
155,2520
477,2527
12,2530
470,2535
97,2536
26,2549
25,2555
304,2557
500,2564
117,2568
177,2571
373,2571
77,2573
154,2581
362,2582
132,2583
424,2586
234,2587
417,2591
318,2591
6,2593
131,2602
245,2605
87,2611
429,2611
222,2612
20,2616
74,2619
150,2622
343,2627
101,2627
458,2630
353,2632
91,2632
419,2633
464,2633
331,2639
329,2649
403,2649
133,2655
134,2658
3,2659
83,2671
181,2673
432,2674
479,2675
90,2683
15,2685
112,2689
254,2689
65,2689
126,2692
400,2695
394,2698
418,2698
138,2699
431,2712
312,2715
320,2716
397,2721
365,2722
317,2723
263,2723
73,2725
437,2725
224,2733
385,2734
269,2737
292,2743
416,2745
421,2754
300,2766
209,2769
56,2780
484,2781
141,2785
450,2787
375,2792
175,2796
273,2803
235,2822
19,2833
14,2835
47,2837
355,2852
442,2854
480,2859
360,2862
452,2864
37,2873
241,2877
425,2877
341,2879
463,2881
43,2885
59,2889
79,2892
462,2901
111,2902
380,2902
244,2903
217,2929
162,2934
303,2939
106,2942
228,2946
23,2949
347,2952
486,2957
323,2964
68,2976
297,2985
237,2989
334,2990
289,2999
149,3000
109,3004
371,3005
438,3005
468,3028
436,3044
104,3044
142,3053
33,3058
48,3068
299,3090
335,3092
262,3094
174,3098
349,3100
370,3100
298,3108
395,3112
17,3121
2,3128
69,3135
215,3146
358,3154
218,3156
251,3167
290,3210
434,3211
444,3219
240,3221
221,3228
198,3231
41,3241
229,3252
398,3262
197,3264
252,3268
169,3268
388,3271
99,3273
281,3291
173,3303
455,3316
391,3318
495,3337
238,3362
159,3385
465,3388
259,3402
246,3414
151,3416
361,3437
423,3438
34,3440
314,3475
277,3478
301,3500
296,3509
182,3528
96,3532
219,3536
191,3537
326,3538
152,3540
102,3560
52,3607
322,3613
280,3627
271,3632
376,3653
46,3661
125,3677
114,3695
256,3704
446,3734
49,3763
42,3794
268,3798
378,3804
80,3807
71,3835
467,3877
166,3878
81,3880
481,3889
30,3917
404,3922
146,3933
145,3959
76,3964
171,3996
242,4011
10,4015
382,4028
75,4028
67,4041
32,4063
11,4071
243,4149
364,4182
288,4189
342,4233
284,4256
115,4271
98,4296
172,4300
276,4350
38,4377
189,4407
374,4419
50,4441
207,4450
474,4572
498,4615
9,4645
223,4702
260,4785
372,4788
193,4801
354,4835
227,4951
139,5027
45,5097
232,5163
456,5182
183,5277
295,5393
195,5406
461,5561
265,5804

simblock.block.ProofOfWorkBlock@5a7eb634:76
391,0
68,683
300,1072
79,1360
464,1470
192,1556
334,1636
384,1742
108,1858
131,1927
15,1948
119,2024
271,2041
134,2046
376,2116
397,2137
74,2231
122,2286
33,2314
371,2326
470,2333
181,2339
182,2410
313,2415
316,2417
35,2427
468,2429
75,2500
273,2531
469,2535
479,2596
390,2603
304,2610
101,2614
249,2625
177,2687
428,2713
150,2718
59,2722
341,2723
111,2728
361,2783
120,2794
365,2797
235,2807
462,2809
301,2814
317,2818
156,2873
97,2899
466,2900
358,2908
87,2911
436,2914
215,2968
412,2968
349,2980
285,2987
139,2997
6,3003
345,3072
396,3086
287,3094
251,3099
17,3105
234,3111
80,3114
307,3141
159,3155
367,3161
388,3166
352,3178
132,3183
342,3188
463,3207
485,3234
420,3257
353,3275
269,3276
329,3284
130,3294
325,3299
191,3299
66,3351
327,3353
19,3354
272,3371
76,3385
286,3434
405,3443
394,3461
404,3462
305,3465
70,3468
438,3470
262,3473
385,3481
280,3488
222,3492
149,3504
16,3534
205,3568
244,3571
127,3631
230,3632
459,3649
480,3651
161,3663
187,3674
444,3677
240,3677
289,3678
419,3713
36,3726
489,3747
168,3750
356,3751
402,3752
447,3752
32,3760
292,3761
422,3812
320,3813
495,3858
298,3861
169,3864
486,3868
497,3868
164,3871
198,3877
424,3901
253,3908
202,3927
344,3994
44,4006
363,4009
166,4013
8,4027
92,4029
494,4032
93,4036
121,4040
224,4040
47,4054
186,4058
355,4065
274,4090
406,4097
339,4135
136,4145
266,4149
141,4151
27,4156
357,4163
210,4197
148,4240
258,4254
145,4280
449,4287
89,4293
124,4306
155,4312
31,4317
373,4319
282,4325
61,4332
270,4336
346,4377
242,4395
482,4423
201,4424
88,4430
448,4442
413,4444
250,4445
475,4477
213,4484
229,4511
267,4518
167,4537
275,4567
58,4571
78,4577
190,4584
454,4600
216,4614
194,4619
296,4633
467,4663
85,4668
295,4674
99,4689
283,4701
389,4703
84,4723
458,4724
82,4761
297,4819
21,4821
483,4845
60,4851
100,4867
170,4880
278,4881
453,4893
188,4899
488,4912
499,4973
160,4983
176,4985
217,4991
478,5002
163,5005
314,5019
69,5024
243,5039
335,5080
125,5128
208,5130
55,5146
223,5152
231,5159
81,5172
460,5184
293,5185
437,5187
306,5270
185,5272
107,5307
113,5339
290,5343
30,5355
481,5380
299,5398
315,5413
53,5418
40,5433
110,5436
408,5464
129,5465
259,5473
284,5487
173,5496
39,5556
174,5577
399,5621
264,5697
227,5706
319,5710
179,5736
359,5738
456,5739
311,5769
180,5773
71,5780
474,5817
104,5847
364,5932
62,5975
158,5992
451,6048
423,6060
246,6097
183,6124
498,6125
57,6162
189,6169
11,6192
133,6200
333,6257
86,6275
41,6283
322,6414
472,6473
452,6487
302,6534
308,6554
12,6592
37,6654
219,6842
487,6900
226,7018
218,7113
3,7328
13,7445
337,7672
153,7757
395,7962
348,8229
443,8787

simblock.block.ProofOfWorkBlock@1ba7f9a8:76
473,0
304,414
346,571
135,723
485,819
328,878
84,971
345,1031
448,1125
409,1183
13,1311
149,1451
439,1464
366,1622
362,1722
464,1888
273,1989
37,2153
465,2254
438,2428
252,2648
325,2694
65,2962
192,3230
335,3622
139,4001
371,4390

simblock.block.ProofOfWorkBlock@59361a6b:77
156,0
337,411
343,565
202,719
356,815
105,872
91,973
24,977
311,1033
487,1122
274,1127
133,1141
72,1187
84,1221
453,1276
450,1276
439,1279
250,1326
445,1339
485,1376
205,1378
136,1387
18,1429
184,1429
230,1433
31,1443
430,1481
476,1500
408,1525
267,1530
206,1531
426,1547
348,1549
330,1584
373,1585
328,1588
57,1593
482,1596
363,1623
116,1635
465,1641
211,1654
161,1677
286,1679
213,1680
399,1683
315,1690
77,1704
200,1707
63,1729
340,1742
110,1744
155,1748
475,1751
422,1752
448,1773
164,1775
368,1781
282,1782
308,1789
270,1799
7,1831
307,1834
85,1834
488,1836
428,1837
401,1839
466,1844
262,1846
352,1851
338,1859
319,1866
387,1882
51,1883
185,1898
121,1903
180,1904
118,1906
58,1908
90,1912
427,1917
5,1920
310,1926
44,1928
304,1930
367,1934
204,1936
248,1939
483,1951
93,1953
414,1961
419,1984
478,1987
201,1988
457,1990
412,1991
92,1991
471,1992
103,1997
25,1999
148,2005
402,2006
344,2023
281,2024
255,2029
196,2034
306,2035
447,2035
490,2039
431,2055
460,2056
366,2061
405,2066
212,2079
320,2080
16,2081
27,2082
39,2082
66,2083
160,2088
454,2089
332,2089
13,2090
357,2090
107,2097
333,2108
153,2114
336,2116
479,2120
347,2121
26,2127
345,2133
95,2138
62,2140
78,2144
473,2144
253,2149
239,2152
214,2165
381,2167
94,2168
137,2177
234,2177
277,2181
499,2183
443,2184
376,2187
154,2187
417,2190
449,2191
351,2192
272,2198
12,2202
496,2209
237,2217
40,2219
472,2226
60,2234
392,2235
458,2241
324,2243
194,2246
433,2247
264,2247
199,2252
190,2253
440,2253
3,2253
393,2254
245,2259
117,2262
386,2263
293,2263
216,2267
413,2267
294,2271
191,2285
429,2290
266,2291
279,2292
291,2295
135,2296
339,2298
425,2298
89,2298
4,2305
362,2309
163,2309
8,2317
355,2322
128,2326
287,2326
147,2328
278,2333
389,2336
224,2337
492,2340
409,2341
321,2342
236,2342
493,2345
29,2345
36,2351
33,2352
149,2355
238,2360
208,2360
436,2361
420,2362
176,2371
437,2378
203,2387
186,2388
21,2390
446,2395
61,2396
377,2399
480,2401
441,2404
302,2407
127,2407
82,2410
451,2413
269,2422
143,2422
495,2435
28,2444
15,2448
275,2450
54,2451
346,2452
83,2454
101,2457
415,2461
158,2473
410,2478
17,2484
100,2485
231,2488
500,2495
491,2497
484,2499
192,2505
416,2505
369,2506
172,2508
326,2513
300,2514
1,2515
80,2524
56,2527
432,2527
111,2528
379,2529
109,2529
233,2534
188,2537
469,2538
383,2547
65,2547
309,2549
64,2553
455,2557
165,2558
350,2563
141,2564
292,2565
32,2572
124,2579
240,2585
198,2588
53,2589
404,2596
407,2597
34,2597
179,2603
140,2606
226,2606
112,2615
113,2622
134,2625
159,2630
108,2630
170,2633
35,2634
187,2635
129,2650
6,2654
228,2654
102,2656
489,2661
398,2665
444,2667
88,2668
177,2668
261,2668
325,2677
220,2677
394,2680
235,2694
318,2701
317,2701
168,2709
435,2711
497,2727
120,2727
251,2739
284,2741
20,2747
126,2749
477,2751
55,2753
131,2755
303,2759
249,2763
312,2765
316,2775
438,2777
305,2785
142,2795
349,2795
390,2796
241,2800
22,2802
244,2802
470,2803
215,2805
87,2808
86,2814
442,2816
247,2816
210,2822
462,2828
384,2832
232,2836
268,2843
144,2854
209,2864
459,2866
173,2869
167,2880
97,2882
79,2887
218,2897
47,2897
331,2904
178,2914
263,2915
276,2923
217,2925
157,2935
132,2936
314,2937
104,2940
329,2945
2,2949
162,2970
494,2975
360,2976
313,2977
114,2980
327,3001
182,3008
11,3016
48,3016
130,3045
370,3048
75,3051
227,3054
151,3069
52,3070
71,3074
175,3087
406,3088
452,3097
9,3097
273,3097
119,3115
421,3119
122,3122
468,3133
169,3149
283,3160
38,3177
23,3187
67,3197
301,3208
49,3209
225,3211
171,3221
354,3231
353,3242
70,3242
115,3244
395,3246
76,3246
358,3277
371,3278
37,3279
290,3288
74,3288
189,3300
14,3317
299,3318
246,3319
374,3340
59,3346
106,3355
41,3364
99,3374
418,3380
411,3405
486,3419
271,3436
138,3468
378,3476
382,3476
254,3485
81,3499
242,3501
166,3509
257,3510
359,3513
197,3619
365,3625
288,3631
123,3647
221,3658
50,3667
229,3672
342,3678
334,3699
296,3734
361,3742
424,3756
125,3772
19,3775
258,3775
396,3790
139,3799
68,3850
400,3877
150,3888
280,3896
289,3914
69,3924
434,3945
423,4009
323,4023
463,4045
73,4049
461,4052
335,4068
195,4112
391,4124
298,4154
96,4164
193,4174
146,4193
183,4285
265,4285
385,4296
388,4318
42,4323
45,4323
456,4334
341,4390
297,4393
181,4430
260,4450
256,4503
98,4536
322,4569
464,4584
46,4590
481,4675
397,4697
243,4721
43,4775
10,4834
207,4920
498,4950
145,4970
252,4977
152,5072
372,5211
364,5212
403,5243
30,5303
219,5354
259,5467
285,5511
223,5632
474,5742
222,5776
174,5871
467,6177
375,6222
295,6308

simblock.block.ProofOfWorkBlock@185f8c36:78
128,0
61,404
170,557
471,718
113,810
427,870
367,962
176,963
210,1023
239,1115
201,1119
118,1126
168,1218
7,1270
92,1272
328,1280
428,1280
380,1296
12,1374
89,1375
186,1382
137,1423
103,1425
36,1431
414,1433
283,1435
282,1521
110,1521
70,1528
443,1534
413,1542
129,1552
175,1564
155,1581
458,1582
29,1586
250,1602
303,1602
84,1623
433,1672
262,1674
350,1676
211,1677
473,1681
272,1686
203,1695
412,1696
226,1699
121,1705
140,1734
357,1734
8,1744
230,1757
275,1757
476,1778
500,1778
440,1781
459,1787
123,1794
86,1828
426,1828
93,1829
116,1830
21,1832
179,1834
491,1836
274,1839
483,1840
377,1840
185,1842
345,1848
307,1849
233,1851
51,1868
311,1889
266,1898
343,1911
31,1911
415,1923
94,1926
422,1930
190,1933
212,1939
402,1949
208,1954
478,1955
492,1977
19,1979
55,1981
91,1982
148,1984
484,1985
338,1989
153,1990
293,1991
157,1991
321,1991
188,1992
340,1996
196,1996
58,1998
366,2005
264,2005
278,2007
63,2009
173,2017
339,2021
460,2025
304,2029
434,2049
337,2071
248,2077
351,2078
419,2078
85,2080
369,2083
346,2083
330,2083
199,2085
135,2088
445,2092
309,2094
352,2095
143,2098
13,2101
214,2103
267,2103
399,2107
163,2108
161,2109
489,2112
469,2119
50,2120
200,2130
487,2134
406,2137
453,2138
425,2142
184,2142
308,2142
253,2145
312,2145
57,2146
127,2147
499,2148
205,2151
66,2153
494,2155
410,2160
54,2161
457,2163
178,2163
316,2164
294,2165
47,2170
202,2176
236,2179
363,2181
496,2183
136,2188
133,2218
206,2224
4,2233
485,2235
348,2235
180,2235
141,2235
408,2236
488,2238
373,2240
435,2242
409,2242
160,2245
407,2246
392,2248
78,2254
53,2255
16,2259
432,2259
261,2262
477,2262
466,2262
417,2263
20,2264
333,2265
403,2270
389,2284
439,2290
393,2291
44,2291
319,2292
95,2295
368,2297
39,2299
448,2300
60,2302
150,2303
437,2305
204,2307
213,2308
224,2310
305,2315
27,2315
154,2319
62,2321
1,2332
64,2336
490,2341
72,2342
329,2357
447,2357
102,2358
191,2362
231,2377
315,2386
167,2387
301,2388
158,2390
156,2391
475,2393
472,2395
430,2395
493,2396
332,2398
450,2401
82,2403
449,2407
313,2409
73,2410
18,2412
420,2415
215,2417
109,2418
100,2422
273,2426
289,2426
40,2430
277,2432
438,2432
324,2443
405,2446
302,2451
306,2454
255,2456
331,2468
22,2471
320,2472
336,2486
356,2490
32,2500
139,2509
362,2511
386,2512
365,2517
132,2527
454,2527
358,2529
25,2532
220,2533
401,2538
394,2541
216,2542
3,2547
130,2547
105,2550
398,2552
59,2555
77,2565
251,2569
198,2572
292,2573
249,2574
88,2574
344,2575
52,2580
258,2586
446,2593
209,2594
387,2598
87,2599
144,2602
270,2603
268,2604
48,2615
451,2624
310,2626
349,2628
421,2636
162,2638
194,2643
342,2657
6,2658
424,2659
75,2660
122,2665
470,2665
318,2666
280,2668
285,2671
390,2671
498,2673
182,2675
166,2680
300,2681
80,2682
370,2685
218,2685
24,2686
376,2687
397,2696
42,2699
138,2700
411,2700
74,2721
181,2726
279,2735
14,2737
237,2744
416,2744
317,2750
441,2752
187,2753
101,2755
28,2759
383,2761
290,2770
462,2772
37,2775
235,2777
287,2780
436,2785
222,2797
464,2797
164,2798
149,2799
269,2800
234,2808
117,2821
107,2834
254,2840
67,2840
106,2850
468,2853
381,2854
379,2870
465,2870
241,2881
23,2890
99,2901
111,2905
245,2906
124,2913
232,2930
81,2933
46,2933
284,2937
497,2938
495,2942
134,2942
112,2950
11,2951
197,2951
120,2955
56,2962
96,2964
444,2965
259,2969
260,2975
238,2990
325,2993
119,3006
404,3031
456,3041
34,3043
360,3055
482,3065
76,3067
126,3069
227,3076
400,3078
125,3080
189,3082
486,3082
65,3089
463,3106
177,3115
298,3130
240,3138
372,3152
228,3170
242,3175
354,3176
375,3179
388,3183
2,3204
361,3208
355,3219
286,3219
431,3221
353,3230
68,3233
418,3234
347,3258
49,3263
115,3266
455,3286
480,3302
79,3310
341,3313
263,3321
98,3329
183,3331
114,3336
291,3340
10,3357
131,3361
385,3372
323,3389
108,3395
257,3404
246,3423
30,3436
147,3439
371,3465
281,3473
169,3486
97,3487
225,3493
442,3506
295,3518
221,3531
33,3536
429,3552
276,3569
165,3570
374,3594
396,3601
296,3608
192,3624
83,3627
299,3637
26,3665
5,3671
90,3710
145,3716
71,3731
359,3755
41,3757
151,3772
382,3773
35,3803
17,3818
223,3838
384,3838
207,3855
481,3866
247,3892
152,3894
244,3939
334,3957
195,3972
322,3980
452,3994
171,4020
326,4039
271,4054
479,4055
327,4089
395,4105
15,4105
378,4187
243,4201
174,4266
364,4270
159,4308
38,4321
256,4344
104,4360
9,4373
252,4472
314,4484
45,4484
265,4511
219,4570
43,4648
229,4700
474,4701
288,4756
193,4851
146,4880
69,4950
172,5028
391,5083
461,5156
142,5231
217,5461
297,5467
467,5592
335,5610
423,5842

simblock.block.ProofOfWorkBlock@7c68e77e:79
476,0
136,404
180,557
483,711
24,825
168,864
22,960
466,979
460,1016
8,1114
270,1132
157,1133
156,1169
343,1233
92,1265
332,1275
315,1287
393,1293
12,1326
445,1364
190,1381
427,1388
303,1421
422,1421
283,1431
278,1440
496,1479
86,1517
231,1521
274,1533
116,1541
339,1542
447,1544
165,1560
84,1573
202,1575
441,1585
405,1589
346,1598
308,1635
266,1669
336,1678
345,1685
78,1687
492,1689
302,1692
118,1695
77,1697
29,1697
27,1699
407,1728
337,1735
176,1738
410,1738
40,1742
164,1752
117,1754
356,1772
275,1786
61,1791
430,1806
63,1826
250,1829
237,1830
420,1834
494,1836
66,1838
51,1840
309,1848
148,1849
261,1849
264,1849
489,1850
344,1851
18,1853
194,1877
450,1882
72,1888
440,1891
369,1892
224,1894
500,1896
262,1908
340,1924
7,1924
363,1928
448,1938
484,1940
206,1946
188,1947
162,1947
133,1959
294,1964
236,1979
304,1982
408,1983
437,1987
443,1988
204,1990
330,1990
153,1993
170,2001
279,2001
457,2002
439,2003
321,2005
473,2006
110,2009
216,2009
351,2013
17,2022
459,2024
113,2038
94,2039
403,2047
477,2047
366,2048
211,2049
160,2052
127,2061
179,2078
409,2084
89,2088
154,2088
449,2091
70,2093
267,2093
432,2094
128,2099
490,2099
384,2103
454,2103
338,2104
1,2106
161,2107
401,2116
60,2118
205,2132
377,2135
185,2139
357,2140
493,2141
412,2144
97,2144
196,2145
328,2146
213,2146
107,2153
233,2154
137,2155
155,2157
487,2157
488,2160
88,2161
212,2169
16,2177
54,2191
472,2195
367,2200
140,2201
311,2202
178,2204
36,2205
417,2211
387,2215
42,2226
355,2227
435,2230
415,2240
414,2241
214,2245
74,2245
413,2246
419,2246
186,2248
348,2254
230,2256
293,2256
272,2257
402,2257
320,2264
203,2265
166,2267
13,2267
248,2269
251,2270
56,2280
39,2285
425,2288
210,2291
286,2293
114,2297
350,2300
53,2302
134,2304
130,2306
91,2309
28,2309
64,2310
306,2316
129,2316
44,2316
58,2318
55,2328
282,2345
491,2346
475,2348
239,2353
105,2354
82,2356
135,2358
208,2359
244,2362
199,2364
90,2373
93,2382
167,2382
124,2397
158,2403
389,2403
226,2404
46,2407
324,2408
255,2408
25,2411
238,2413
383,2413
287,2417
4,2417
85,2418
201,2419
462,2426
365,2431
103,2437
325,2440
37,2441
209,2443
143,2444
254,2444
228,2448
312,2448
95,2454
455,2455
108,2460
368,2461
57,2461
451,2463
352,2464
453,2469
100,2473
122,2473
292,2479
399,2492
35,2492
220,2494
169,2497
144,2497
458,2506
305,2510
106,2519
280,2521
373,2525
382,2532
353,2534
19,2536
433,2537
289,2553
21,2557
307,2559
120,2562
416,2564
428,2568
316,2575
390,2577
182,2589
149,2590
240,2596
119,2599
235,2600
273,2603
485,2608
126,2608
14,2613
31,2613
253,2616
184,2617
259,2621
163,2625
101,2626
200,2626
11,2627
121,2628
151,2629
434,2630
96,2633
301,2639
404,2640
436,2645
132,2650
291,2651
48,2656
406,2662
123,2673
300,2674
468,2678
83,2681
177,2683
268,2688
331,2691
87,2701
398,2704
285,2704
469,2708
385,2712
342,2715
131,2722
362,2751
411,2753
198,2764
333,2765
5,2768
379,2773
392,2774
245,2776
426,2778
189,2779
225,2780
386,2785
313,2785
227,2785
497,2786
257,2800
310,2814
147,2816
479,2824
249,2837
444,2840
102,2842
442,2843
20,2843
281,2852
241,2857
314,2858
317,2863
429,2868
361,2872
421,2882
276,2882
446,2884
349,2895
111,2895
327,2895
329,2903
65,2905
62,2906
322,2916
319,2931
371,2938
49,2939
277,2944
47,2950
465,2952
3,2962
478,2963
215,2969
290,2975
463,2981
359,2982
474,3002
50,3011
299,3029
341,3030
495,3037
191,3043
252,3046
394,3047
424,3060
391,3067
381,3070
80,3085
374,3085
26,3086
145,3088
218,3092
23,3094
271,3104
173,3105
159,3107
354,3110
482,3124
234,3126
418,3152
395,3155
334,3159
33,3163
242,3171
388,3174
222,3174
181,3198
73,3207
247,3219
295,3222
323,3222
263,3228
152,3232
380,3235
378,3246
76,3251
335,3264
146,3267
221,3278
499,3279
138,3287
38,3298
192,3308
431,3311
486,3314
195,3330
318,3339
187,3354
109,3363
45,3377
34,3409
15,3418
141,3432
471,3437
481,3440
258,3443
197,3463
370,3473
81,3480
229,3502
397,3506
10,3509
43,3534
139,3569
112,3576
6,3584
400,3599
269,3621
71,3624
9,3625
470,3635
223,3646
461,3671
480,3685
193,3693
376,3710
438,3714
183,3726
298,3734
175,3791
30,3799
464,3855
284,3863
232,3881
456,3889
75,3901
423,3933
41,3962
326,3978
142,3979
396,4000
452,4002
52,4013
79,4071
296,4077
2,4121
32,4167
243,4168
360,4177
375,4229
364,4247
68,4272
347,4287
150,4290
260,4342
498,4357
171,4398
67,4459
265,4472
256,4503
358,4561
125,4579
104,4670
115,4708
217,4778
372,4780
59,4835
172,4839
69,4912
467,4940
174,4973
246,5055
288,5215
297,5219
99,5366
207,5607
98,5992
219,6380

simblock.block.ProofOfWorkBlock@1c3e9458:80
238,0
362,486
291,678
384,866
429,971
449,1147
465,1157
269,1162
365,1342
46,1348
383,1353
264,1426
280,1468
73,1532
218,1534
292,1547
306,1551
403,1640
257,1644
396,1655
78,1704
441,1705
347,1738
318,1744
366,1810
361,1828
19,1832
248,1833
254,1848
20,1849
203,1909
431,1925
5,1931
458,1935
303,1957
149,1962
1,1985
412,1986
52,2011
228,2018
444,2021
479,2029
416,2034
150,2035
132,2040
179,2065
473,2090
91,2105
430,2110
278,2111
300,2116
466,2119
436,2124
463,2125
165,2131
88,2143
237,2148
497,2159
37,2199
130,2204
215,2208
485,2212
103,2213
277,2220
353,2221
326,2224
58,2226
6,2227
187,2238
433,2247
116,2263
483,2265
302,2265
351,2273
85,2300
356,2308
438,2311
281,2313
309,2315
380,2315
2,2317
404,2320
480,2326
301,2335
120,2341
494,2341
119,2346
460,2365
158,2366
386,2368
57,2382
336,2384
247,2387
94,2390
176,2392
63,2399
209,2401
151,2408
240,2409
394,2413
65,2413
216,2418
315,2420
307,2435
410,2439
76,2447
457,2453
443,2469
86,2477
392,2490
197,2490
213,2493
409,2495
331,2498
108,2498
74,2501
385,2503
475,2507
270,2508
226,2508
415,2509
323,2512
279,2517
100,2518
59,2518
363,2519
35,2522
22,2523
274,2530
141,2533
486,2539
44,2542
500,2544
16,2544
161,2547
283,2552
266,2571
325,2574
29,2586
185,2588
369,2591
111,2596
56,2602
75,2603
488,2604
355,2607
157,2610
289,2612
122,2619
13,2622
170,2622
106,2624
328,2630
11,2638
468,2641
402,2648
135,2649
82,2653
406,2661
55,2668
293,2668
477,2670
476,2671
137,2674
155,2675
421,2676
286,2680
222,2685
83,2686
343,2687
312,2690
446,2690
424,2691
32,2691
182,2693
121,2696
320,2697
118,2701
62,2702
148,2703
455,2709
117,2711
26,2713
327,2716
84,2717
317,2723
39,2724
329,2725
244,2726
15,2739
294,2745
113,2763
499,2769
188,2774
140,2778
285,2783
338,2784
18,2788
136,2788
352,2790
359,2791
349,2792
144,2792
134,2793
442,2796
95,2797
177,2799
408,2801
469,2802
411,2802
346,2803
61,2803
387,2813
70,2814
470,2828
321,2828
160,2829
36,2830
304,2832
204,2850
25,2852
399,2854
241,2854
282,2857
31,2860
54,2864
450,2866
191,2870
210,2871
212,2877
90,2878
93,2883
375,2885
398,2887
313,2897
337,2898
275,2898
87,2902
126,2902
123,2903
109,2904
490,2909
487,2910
319,2916
224,2934
432,2936
211,2952
345,2955
496,2955
27,2961
102,2963
427,2964
401,2966
367,2968
425,2968
332,2968
174,2970
220,2975
51,2975
287,2975
370,2980
471,2982
47,2982
40,2984
192,2986
12,2987
230,2992
389,2994
194,2998
233,2998
451,3001
169,3015
405,3018
199,3019
474,3031
265,3031
322,3032
393,3059
7,3060
251,3064
305,3070
249,3070
445,3071
310,3073
377,3075
124,3075
107,3079
147,3082
272,3082
168,3083
330,3084
354,3095
245,3095
166,3095
253,3100
159,3105
388,3111
316,3120
267,3120
376,3121
97,3123
80,3134
464,3139
447,3139
428,3141
163,3141
206,3141
114,3152
167,3153
382,3153
138,3153
205,3162
344,3164
273,3172
229,3174
472,3175
225,3179
89,3181
452,3187
390,3189
28,3189
72,3219
339,3231
178,3232
96,3234
171,3234
17,3237
41,3242
208,3245
77,3245
422,3247
414,3250
434,3260
190,3260
180,3261
128,3262
420,3270
492,3275
71,3280
358,3288
261,3291
24,3297
69,3313
461,3324
418,3337
413,3339
489,3339
154,3343
196,3350
189,3351
3,3351
439,3354
68,3355
127,3359
407,3365
43,3376
498,3382
419,3388
101,3388
314,3391
298,3396
175,3397
268,3410
112,3420
454,3420
201,3420
23,3422
146,3427
48,3437
186,3438
195,3449
255,3458
181,3497
104,3506
183,3509
110,3527
4,3528
297,3531
207,3533
184,3534
133,3534
214,3540
156,3540
34,3541
262,3557
246,3561
66,3578
200,3579
99,3585
38,3586
341,3586
381,3605
276,3606
145,3613
423,3618
129,3620
162,3628
202,3632
60,3633
308,3634
258,3658
125,3659
397,3663
98,3671
42,3679
14,3681
260,3688
53,3701
495,3704
395,3714
64,3718
142,3735
115,3749
462,3765
217,3772
79,3780
30,3786
482,3806
143,3808
340,3811
236,3819
437,3823
8,3836
357,3855
21,3858
193,3885
368,3906
459,3912
373,3914
92,3920
223,3929
334,3938
391,3943
379,3945
198,3947
372,3980
139,3985
333,3996
360,3997
242,4010
342,4030
243,4046
364,4071
478,4086
173,4100
250,4102
239,4103
45,4113
350,4132
348,4135
296,4142
252,4160
311,4185
417,4191
256,4197
484,4209
235,4214
33,4226
284,4270
263,4281
448,4294
299,4294
290,4295
131,4295
271,4363
10,4367
378,4402
435,4415
227,4426
491,4433
295,4464
456,4466
234,4484
67,4487
440,4493
172,4494
481,4524
374,4533
232,4551
400,4573
153,4583
50,4604
105,4695
164,4717
324,4749
49,4750
231,4776
371,4777
288,4816
426,4871
152,4907
9,4929
219,4982
335,5048
493,5061
259,5177
453,5339
221,5535
467,5687
81,6039

simblock.block.ProofOfWorkBlock@5f53389a:80
105,0
448,405
356,560
156,713
36,810
310,877
304,962
84,966
373,1030
476,1115
274,1115
337,1118
453,1183
412,1247
312,1268
445,1271
311,1279
420,1287
184,1345
473,1367
168,1372
321,1402
389,1422
485,1427
25,1436
224,1440
211,1485
320,1515
315,1520
136,1521
439,1522
328,1524
233,1525
127,1566
53,1574
286,1587
487,1590
18,1592
343,1648
466,1673
167,1673
213,1675
363,1678
180,1682
13,1683
427,1684
435,1686
437,1689
182,1695
491,1719
179,1727
135,1740
250,1744
399,1749
280,1780
407,1782
72,1802
44,1807
22,1828
261,1829
309,1829
194,1830
60,1831
483,1834
366,1837
118,1841
305,1844
475,1845
86,1851
176,1853
318,1860
12,1874
272,1879
369,1889
278,1903
500,1909
488,1922
95,1925
124,1927
137,1938
202,1955
266,1959
225,1961
340,1980
332,1983
432,1985
164,1986
89,1986
116,1989
414,1989
496,1992
31,1994
393,1998
451,2011
210,2028
408,2041
331,2050
417,2063
307,2071
454,2078
231,2084
344,2086
201,2088
113,2091
82,2091
161,2092
387,2103
287,2111
325,2115
157,2137
70,2138
66,2140
443,2142
203,2144
147,2145
438,2145
103,2145
482,2147
457,2148
430,2151
230,2151
153,2164
46,2172
306,2182
199,2189
26,2192
7,2194
160,2216
57,2218
376,2221
234,2228
62,2231
29,2235
441,2238
493,2238
24,2239
92,2244
336,2246
426,2247
158,2247
338,2255
17,2260
222,2262
492,2263
190,2292
458,2294
377,2296
94,2297
419,2297
267,2299
324,2301
154,2301
212,2304
51,2307
5,2317
472,2320
433,2335
148,2343
368,2346
330,2361
8,2368
406,2371
460,2387
54,2387
65,2388
489,2389
206,2390
447,2399
450,2399
428,2400
196,2410
281,2412
21,2415
83,2421
208,2425
394,2429
129,2445
425,2449
185,2450
27,2452
277,2452
61,2458
251,2459
91,2461
63,2465
279,2467
275,2468
409,2482
101,2487
198,2493
248,2496
282,2503
429,2508
40,2514
186,2524
58,2527
316,2530
446,2535
16,2539
351,2540
236,2543
283,2544
357,2551
346,2552
486,2562
253,2564
111,2564
339,2567
352,2578
405,2578
436,2584
200,2587
191,2588
64,2607
301,2611
459,2615
478,2617
170,2649
178,2651
149,2655
123,2666
110,2670
422,2677
117,2693
15,2694
214,2696
386,2699
107,2701
52,2705
349,2717
239,2720
495,2720
469,2724
220,2727
144,2730
294,2731
209,2751
345,2753
37,2758
358,2759
20,2766
155,2770
262,2770
2,2771
122,2772
455,2786
355,2802
28,2805
172,2807
402,2809
462,2816
134,2818
392,2819
379,2830
140,2830
258,2832
19,2835
232,2836
240,2839
150,2843
30,2846
35,2853
401,2862
268,2865
396,2872
78,2876
49,2882
205,2909
152,2912
464,2921
121,2924
471,2924
217,2934
289,2935
397,2936
257,2962
159,2963
270,2964
59,2967
226,2973
6,2979
131,2983
133,2984
313,2987
80,2997
254,3001
431,3003
463,3021
1,3022
497,3025
120,3026
302,3032
292,3037
177,3038
112,3041
93,3063
97,3075
423,3076
499,3078
56,3080
442,3086
411,3086
285,3096
42,3097
468,3108
298,3114
173,3117
350,3125
416,3134
151,3139
33,3152
474,3160
370,3166
299,3168
79,3187
192,3187
434,3198
418,3204
380,3207
41,3219
360,3223
47,3228
290,3233
163,3237
421,3238
398,3239
341,3255
165,3257
381,3266
329,3274
353,3278
90,3291
327,3293
187,3317
480,3328
32,3341
197,3345
142,3346
384,3352
347,3362
390,3362
300,3363
75,3365
244,3377
237,3381
359,3405
334,3407
169,3419
413,3452
403,3464
284,3465
119,3477
365,3479
130,3496
404,3511
235,3522
242,3522
106,3536
424,3542
314,3549
465,3557
139,3567
23,3605
96,3610
354,3618
34,3619
249,3626
326,3630
308,3639
114,3672
395,3675
221,3675
115,3692
74,3695
38,3696
374,3725
246,3729
449,3734
263,3740
98,3744
175,3748
271,3750
141,3754
291,3762
138,3770
385,3809
323,3824
297,3843
48,3844
456,3850
288,3890
241,3899
467,3902
227,3905
39,3923
215,3941
333,3965
238,3967
81,3988
88,4014
125,4014
146,4030
108,4034
319,4047
276,4065
461,4078
104,4122
71,4134
68,4154
181,4167
375,4187
481,4188
342,4207
229,4216
109,4233
256,4275
265,4288
372,4290
218,4300
145,4366
9,4369
100,4391
69,4455
99,4469
76,4472
296,4504
174,4583
183,4590
260,4604
378,4624
400,4687
73,4693
322,4859
364,4991
207,5012
295,5022
243,5026
269,5080
43,5080
477,5123
193,5240
10,5371
219,5390
67,5461
188,5511
264,5552
498,5623
335,5755
45,5784
195,5840
223,6151
371,6219
259,6626

simblock.block.ProofOfWorkBlock@6917e7b1:81
48,0
42,482
225,672
179,950
109,967
329,1170
434,1172
440,1228
86,1355
313,1359
325,1361
257,1446
475,1508
166,1544
169,1547
276,1591
70,1634
56,1635
418,1649
328,1660
175,1663
144,1742
433,1762
54,1787
236,1814
367,1826
298,1827
134,1837
394,1838
35,1840
455,1851
363,1909
480,1927
268,1931
172,1942
116,1952
448,1967
490,2012
52,2013
379,2024
83,2026
301,2026
47,2027
21,2039
2,2040
282,2061
230,2067
224,2105
93,2109
465,2113
177,2114
449,2125
95,2131
165,2143
289,2146
248,2173
71,2186
352,2193
417,2194
205,2200
220,2202
366,2209
308,2213
382,2215
281,2216
206,2219
275,2220
73,2223
469,2224
237,2229
58,2231
482,2266
350,2293
5,2300
488,2303
19,2309
456,2310
389,2312
240,2313
416,2318
347,2321
59,2324
11,2336
215,2340
485,2346
253,2346
1,2356
351,2357
167,2368
338,2372
213,2376
356,2382
185,2384
53,2385
49,2401
462,2402
327,2409
487,2415
349,2415
197,2416
127,2421
409,2421
435,2423
190,2445
242,2461
84,2464
419,2467
64,2473
460,2482
496,2487
244,2489
96,2495
212,2499
421,2502
381,2505
353,2506
280,2507
304,2508
340,2508
397,2509
385,2509
310,2509
489,2510
438,2511
358,2512
89,2513
147,2514
401,2523
437,2528
57,2532
141,2534
415,2541
119,2545
473,2569
97,2571
22,2576
264,2580
336,2580
228,2595
269,2597
346,2597
497,2600
251,2603
377,2603
404,2606
408,2608
300,2608
277,2608
432,2612
344,2620
306,2622
106,2626
232,2629
103,2631
88,2631
72,2636
422,2653
376,2654
201,2660
63,2661
262,2664
399,2676
370,2682
160,2686
500,2687
331,2689
446,2690
14,2692
124,2693
380,2695
33,2695
60,2696
4,2696
26,2697
411,2697
458,2699
37,2703
470,2704
182,2704
108,2715
184,2723
87,2723
403,2731
407,2733
423,2735
261,2752
7,2752
442,2755
16,2756
339,2764
477,2766
294,2771
91,2772
312,2774
387,2776
118,2777
112,2778
413,2781
362,2784
478,2786
342,2790
444,2793
129,2798
74,2805
111,2811
117,2813
148,2813
149,2818
163,2818
161,2820
274,2821
454,2821
13,2825
495,2836
157,2836
209,2837
430,2838
320,2840
491,2848
101,2859
27,2872
359,2874
426,2881
6,2882
468,2882
436,2884
135,2887
214,2888
361,2891
247,2896
445,2900
158,2902
461,2904
463,2904
75,2907
200,2911
120,2920
255,2928
464,2929
293,2930
459,2930
425,2931
164,2938
44,2960
192,2964
365,2966
450,2967
178,2969
311,2971
105,2971
235,2973
92,2977
122,2979
441,2981
159,2983
211,2985
155,2989
180,2989
85,2989
373,2991
245,2997
15,3022
316,3023
494,3023
78,3024
287,3036
170,3036
259,3038
90,3044
241,3044
62,3052
279,3053
39,3054
355,3060
333,3061
156,3062
150,3063
402,3064
250,3068
317,3070
25,3070
249,3072
133,3074
3,3080
196,3080
443,3086
286,3086
130,3087
143,3089
18,3089
483,3091
40,3091
412,3094
102,3095
258,3102
273,3102
390,3126
484,3133
181,3145
79,3147
229,3152
55,3152
357,3162
199,3165
126,3167
410,3175
447,3176
285,3177
31,3181
203,3181
431,3185
388,3194
191,3194
451,3197
303,3205
396,3222
337,3225
217,3227
65,3232
231,3237
82,3241
80,3241
392,3249
291,3251
272,3252
216,3255
46,3259
330,3259
267,3270
476,3272
187,3272
474,3275
198,3287
481,3289
391,3293
76,3295
113,3305
384,3310
375,3320
457,3334
194,3335
222,3335
270,3340
297,3343
492,3345
374,3345
137,3350
114,3353
309,3361
29,3369
121,3371
343,3372
146,3375
123,3377
17,3377
128,3383
69,3386
238,3404
254,3407
378,3416
334,3429
153,3433
383,3443
479,3451
66,3453
326,3471
292,3474
439,3474
424,3504
154,3506
234,3507
20,3513
77,3518
138,3518
321,3519
210,3520
110,3527
173,3528
208,3533
221,3535
68,3535
168,3548
323,3572
429,3576
398,3577
186,3583
162,3584
452,3598
498,3611
36,3614
420,3616
493,3629
371,3631
414,3643
302,3650
345,3650
204,3662
233,3671
341,3671
145,3713
283,3718
151,3722
227,3726
372,3732
176,3751
354,3758
9,3765
131,3779
318,3785
348,3796
271,3803
307,3804
499,3807
332,3825
400,3827
8,3830
486,3845
466,3863
51,3868
324,3874
152,3894
368,3894
266,3896
386,3921
319,3928
226,3929
32,3938
202,3940
61,3944
260,3964
43,3997
12,4000
136,4030
132,4056
24,4074
335,4100
107,4101
67,4111
38,4144
453,4147
322,4156
246,4157
471,4173
315,4175
23,4177
189,4180
467,4188
218,4204
115,4205
28,4206
94,4211
239,4213
252,4235
278,4281
81,4292
472,4311
100,4352
314,4355
406,4370
99,4413
427,4431
104,4435
188,4460
288,4463
142,4482
405,4495
45,4521
195,4524
34,4525
299,4540
263,4545
219,4559
369,4566
296,4566
50,4593
171,4614
174,4616
223,4656
140,4739
243,4760
393,4785
98,4815
360,4816
290,4877
30,4883
284,4904
395,4919
364,4974
256,4984
428,5020
125,5096
41,5116
295,5262
139,5292
305,5299
183,5451
10,5467
207,5473
193,5622
265,5687

simblock.block.ProofOfWorkBlock@16444c84:82
68,0
334,685
391,963
79,1242
371,1358
235,1629
149,1749
271,1927
223,1952
464,1991
119,2023
222,2109
424,2140
102,2228
431,2297
463,2318
397,2372
300,2378
313,2410
76,2425
96,2485
198,2506
15,2510
150,2528
125,2534
398,2591
341,2603
280,2619
355,2625
331,2671
20,2695
470,2697
317,2706
436,2709
108,2767
292,2770
404,2777
90,2777
381,2814
218,2817
316,2818
315,2840
215,2854
75,2859
322,2876
2,2881
335,2886
74,2899
379,2899
234,2927
18,2954
258,2956
291,2968
37,2982
447,2987
6,2989
342,2995
11,3008
479,3011
249,3040
192,3045
59,3078
394,3084
349,3089
468,3092
200,3094
286,3098
429,3110
273,3116
56,3160
141,3164
268,3168
245,3168
486,3175
134,3177
383,3182
101,3185
26,3194
257,3194
47,3197
122,3198
285,3203
33,3226
384,3231
474,3231
435,3232
21,3239
139,3239
492,3247
28,3248
444,3250
14,3252
421,3266
267,3268
403,3268
390,3270
466,3270
327,3276
225,3277
361,3292
73,3295
385,3318
237,3319
175,3338
244,3348
203,3352
281,3357
82,3360
370,3362
388,3368
216,3371
80,3375
289,3379
91,3385
117,3385
220,3385
365,3389
386,3393
270,3400
211,3401
301,3420
131,3421
111,3437
439,3440
187,3441
210,3449
438,3452
112,3456
97,3457
380,3466
251,3471
240,3481
103,3481
1,3481
338,3492
465,3495
169,3498
22,3503
455,3504
165,3506
180,3517
160,3517
228,3525
239,3529
120,3537
32,3539
277,3546
181,3552
333,3555
400,3557
469,3561
70,3561
480,3565
35,3565
353,3568
328,3570
144,3571
483,3571
417,3572
17,3579
260,3580
396,3600
177,3608
182,3616
8,3621
307,3625
347,3628
303,3630
238,3641
201,3642
415,3645
337,3652
42,3654
490,3654
7,3656
382,3657
191,3658
115,3663
312,3663
368,3663
323,3665
495,3665
29,3665
62,3667
250,3668
241,3671
209,3678
326,3678
126,3682
491,3682
430,3684
329,3690
412,3698
161,3703
57,3708
196,3715
188,3719
39,3733
212,3735
151,3735
27,3743
83,3745
446,3747
392,3748
462,3751
358,3755
199,3756
434,3760
496,3761
473,3764
87,3769
387,3778
311,3778
16,3786
348,3787
362,3787
4,3789
425,3792
266,3796
226,3798
53,3801
247,3803
93,3808
309,3809
401,3812
132,3818
282,3820
66,3828
426,3830
71,3834
375,3837
352,3839
185,3847
36,3849
159,3850
336,3854
414,3858
128,3859
476,3859
402,3861
416,3863
179,3883
49,3886
406,3893
94,3896
147,3909
5,3921
450,3923
460,3925
369,3931
109,3938
363,3940
351,3942
154,3943
305,3944
186,3944
321,3945
48,3945
442,3946
19,3948
123,3951
393,3952
254,3952
58,3954
156,3958
324,3968
168,3970
405,3984
104,3984
418,3985
494,3990
43,4000
484,4004
183,4006
202,4013
408,4013
146,4015
427,4023
318,4026
294,4028
452,4028
86,4030
121,4033
77,4033
314,4034
118,4038
13,4042
293,4048
193,4049
205,4051
461,4063
233,4066
395,4066
433,4066
377,4068
457,4069
195,4073
366,4082
236,4090
458,4092
30,4097
194,4099
95,4100
174,4102
127,4106
376,4107
88,4115
224,4117
114,4127
63,4128
485,4131
124,4136
207,4150
441,4155
419,4163
420,4175
467,4180
339,4198
275,4205
61,4212
443,4224
256,4230
140,4233
206,4248
259,4249
265,4256
248,4260
319,4261
373,4273
242,4276
10,4292
41,4299
208,4302
44,4310
92,4311
178,4313
482,4316
410,4320
135,4320
493,4321
171,4337
106,4338
360,4346
440,4349
214,4367
116,4369
170,4369
133,4370
110,4376
34,4381
279,4384
129,4384
130,4392
31,4399
498,4402
231,4411
89,4414
50,4419
500,4421
374,4431
197,4434
477,4442
346,4452
372,4456
297,4460
65,4473
167,4478
344,4481
332,4485
24,4504
288,4515
320,4519
475,4526
378,4533
298,4550
499,4576
12,4582
261,4590
107,4592
100,4595
184,4598
23,4600
145,4613
142,4614
399,4644
471,4645
9,4648
67,4651
330,4662
364,4667
489,4669
310,4690
263,4691
445,4694
255,4722
325,4726
422,4730
69,4744
157,4757
52,4787
456,4802
113,4804
163,4805
60,4863
287,4870
190,4876
72,4879
409,4880
138,4880
276,4890
428,4915
359,4917
64,4940
105,4950
302,4954
217,4966
449,4968
221,4998
274,5001
411,5009
173,5013
99,5034
367,5044
152,5046
487,5075
295,5086
453,5148
350,5153
51,5157
306,5159
158,5160
340,5212
284,5216
230,5231
232,5244
283,5247
78,5254
252,5289
296,5318
343,5327
166,5361
85,5379
299,5389
253,5425
229,5429
432,5435
481,5440
40,5443
269,5453
354,5464
3,5501
413,5525
162,5579
172,5604
143,5617
25,5639
213,5661
304,5688
459,5704
55,5724
423,5787
246,5799
278,5802
478,5804
189,5816
357,5899
497,5906
164,5906
437,5958
389,5986
262,6010
345,6073
488,6087
454,6116
290,6143
98,6156
227,6171
148,6236
81,6253
137,6266
46,6360
153,6389
136,6454
38,6499
204,6501
219,6511
448,6545
45,6573
155,6667
472,6825
356,6907
243,6915
451,7256
176,7460
308,8003
54,8547
84,9099
264,10209

simblock.block.ProofOfWorkBlock@6ccf522e:82
324,0
153,419
311,571
336,821
234,842
339,974
239,1130
217,1227
25,1290
78,1442
423,1605
466,1607
31,1698
200,1768
412,1851
64,1932
472,2004
467,2051
352,2086
373,2162
302,2242
276,2277
176,2314
60,2409
53,2467
2,2507
232,2554
188,2563
451,2620
308,2726
413,2727
359,2773
427,2774
207,2829
454,2884
140,2888
212,2927
160,3025
187,3041
414,3044
195,3104
94,3142
249,3153
155,3180
345,3196
268,3214
475,3304
329,3319
170,3351
333,3356
497,3422
357,3459
191,3483
361,3492
399,3511
12,3512
114,3593
39,3611
131,3696
95,3765
342,3782
455,3782
291,3863
341,3868
358,3886
301,3961
277,4047
469,4048
49,4048
254,4227
38,4245
108,4275
115,4309
355,4313
384,4315
456,4433
382,4584
198,4590
229,4620
334,4623
59,4668
30,4813
15,4858
374,4982
45,5022
149,5057
14,5126
223,5225
146,5419
96,5445
474,5509
443,5872
375,5951
70,6320
338,6748
343,7177
490,7604
351,8033
306,8459
29,8888
417,9314
428,9744
484,10174
425,10601
278,11030
267,11459

simblock.block.ProofOfWorkBlock@57ae14bb:83
30,0
221,677
238,1066
142,1359
108,1457
362,1571
90,1751
384,1766
42,1847
469,1941
429,2050
441,2056
486,2132
96,2138
52,2234
465,2237
431,2247
5,2256
444,2317
109,2334
116,2335
147,2374
365,2422
251,2427
46,2445
403,2456
483,2467
191,2505
325,2526
396,2536
269,2543
267,2616
87,2618
150,2620
298,2621
235,2621
278,2626
292,2635
234,2642
80,2690
82,2702
479,2714
268,2715
130,2727
416,2733
280,2736
151,2739
343,2741
385,2768
212,2779
379,2803
83,2807
198,2817
300,2829
220,2852
442,2853
8,2869
181,2879
348,2894
1,2897
240,2900
257,2903
358,2906
169,2907
389,2908
356,2925
74,2930
446,2931
326,2935
359,2936
266,2939
2,2940
277,2943
366,2982
468,2994
26,2995
35,3006
187,3009
281,3014
186,3016
182,3020
476,3022
361,3025
204,3027
40,3030
394,3043
435,3047
111,3072
282,3087
254,3090
7,3093
117,3095
19,3099
272,3099
44,3108
249,3115
421,3120
48,3126
165,3126
14,3127
6,3128
76,3138
140,3142
133,3146
228,3154
283,3175
15,3176
160,3186
363,3187
410,3188
327,3191
301,3192
59,3197
352,3200
86,3200
331,3201
118,3206
480,3212
422,3212
208,3221
237,3238
216,3245
316,3259
386,3262
222,3263
33,3276
134,3282
432,3286
313,3288
390,3295
337,3299
119,3301
129,3305
415,3306
329,3311
192,3313
84,3314
197,3315
135,3315
94,3316
65,3319
132,3319
406,3321
73,3323
445,3332
387,3340
408,3340
63,3353
490,3359
321,3360
16,3372
455,3377
29,3379
312,3379
248,3381
17,3384
346,3384
175,3386
131,3386
383,3390
62,3393
323,3393
245,3393
495,3393
32,3404
113,3406
102,3410
107,3416
161,3418
244,3420
477,3423
112,3423
149,3427
24,3437
120,3444
436,3450
317,3451
430,3452
36,3457
88,3457
253,3461
285,3461
202,3471
304,3471
124,3476
424,3481
353,3482
101,3484
89,3486
336,3492
332,3493
201,3494
487,3499
157,3499
75,3501
338,3503
347,3504
56,3505
273,3507
382,3510
144,3511
148,3512
489,3512
22,3513
473,3541
497,3554
402,3566
412,3567
241,3571
398,3572
318,3577
166,3580
126,3580
451,3585
392,3591
485,3591
397,3597
58,3598
95,3607
289,3609
51,3611
106,3612
168,3614
68,3615
230,3636
265,3645
419,3646
494,3650
381,3651
433,3653
209,3655
103,3656
250,3656
405,3656
428,3659
100,3660
447,3666
256,3669
488,3671
137,3673
286,3683
464,3684
311,3687
370,3693
255,3694
324,3695
225,3696
153,3698
294,3709
261,3710
411,3711
315,3716
177,3718
355,3718
328,3723
420,3733
449,3736
463,3745
459,3746
309,3751
492,3752
3,3754
342,3757
258,3759
344,3764
340,3767
184,3775
218,3777
407,3781
339,3782
205,3795
457,3796
345,3797
418,3803
20,3803
461,3808
275,3819
470,3827
297,3827
162,3828
99,3834
121,3835
427,3844
47,3844
93,3849
320,3851
452,3855
174,3857
55,3857
11,3857
425,3859
85,3862
247,3864
472,3866
350,3867
491,3869
231,3870
377,3875
64,3881
159,3882
195,3890
373,3892
401,3892
78,3908
349,3922
70,3939
53,3939
155,3939
97,3941
54,3942
185,3943
263,3943
170,3946
49,3947
443,3956
246,3959
303,3962
475,3973
164,3973
306,3974
154,3974
50,3976
79,3976
351,3981
4,3983
460,3999
259,4003
448,4011
152,4021
417,4026
239,4028
404,4029
414,4035
146,4042
434,4044
37,4051
214,4054
211,4056
143,4059
71,4060
114,4067
368,4074
260,4079
288,4097
462,4098
139,4109
295,4124
284,4124
57,4129
60,4129
123,4134
262,4135
276,4138
190,4141
41,4142
66,4143
18,4152
193,4155
354,4155
179,4160
308,4163
67,4167
128,4168
393,4169
203,4183
38,4187
299,4192
69,4200
110,4217
226,4219
167,4220
122,4222
450,4224
105,4254
279,4276
274,4288
264,4295
478,4299
413,4307
388,4307
236,4308
334,4310
23,4313
215,4316
293,4334
104,4337
496,4342
219,4351
471,4357
45,4368
367,4371
395,4386
172,4395
213,4423
439,4435
31,4438
484,4443
330,4446
145,4481
380,4485
399,4498
28,4501
180,4503
454,4504
229,4507
115,4510
437,4532
98,4555
360,4556
458,4577
438,4584
12,4586
210,4590
376,4592
305,4620
500,4635
39,4641
474,4662
456,4721
178,4725
319,4728
307,4728
92,4736
43,4738
296,4747
125,4749
127,4777
199,4780
158,4798
302,4811
138,4853
243,4854
27,4856
163,4867
141,4873
287,4903
223,4944
400,4947
207,4964
34,4993
21,5007
440,5015
25,5054
224,5060
335,5084
314,5092
194,5094
10,5110
136,5156
482,5185
378,5212
391,5215
200,5228
291,5262
453,5294
252,5295
9,5302
61,5332
375,5351
372,5399
374,5408
498,5443
242,5466
173,5534
227,5573
369,5579
206,5581
466,5610
481,5650
183,5655
499,5657
290,5702
217,5763
232,5797
310,5860
364,5890
77,5890
322,5925
409,6011
341,6053
188,6084
233,6088
371,6121
493,6138
271,6243
171,6244
423,6283
196,6417
176,6438
189,6473
72,6517
270,6520
467,6759
426,6875
81,7114

simblock.block.ProofOfWorkBlock@702a9ec9:84
425,0
84,406
345,558
412,710
356,809
91,863
363,968
414,988
239,1019
124,1113
304,1125
89,1142
337,1222
25,1266
399,1267
289,1285
66,1288
332,1296
231,1371
105,1374
471,1391
401,1419
121,1422
153,1423
168,1440
7,1516
338,1527
485,1527
366,1538
272,1544
188,1544
19,1554
16,1576
185,1583
226,1587
377,1593
432,1597
230,1630
184,1670
309,1673
451,1673
445,1680
430,1687
439,1692
199,1696
39,1698
351,1698
328,1704
203,1729
61,1736
346,1740
64,1748
214,1757
8,1774
159,1775
393,1786
310,1795
118,1803
293,1825
1,1827
311,1827
462,1829
472,1834
158,1839
389,1841
476,1845
448,1847
443,1852
51,1853
200,1859
483,1882
264,1882
93,1891
92,1892
233,1900
368,1909
305,1929
282,1933
44,1936
274,1947
320,1948
100,1953
266,1956
234,1959
82,1961
436,1961
489,1979
357,1980
373,1989
333,1990
386,1991
419,1992
286,1992
137,1997
212,1998
13,2005
339,2006
457,2006
417,2007
367,2011
127,2013
402,2016
281,2035
18,2035
72,2039
205,2044
350,2045
312,2055
95,2058
176,2071
160,2079
447,2083
315,2089
482,2092
330,2093
22,2095
24,2096
278,2097
156,2099
88,2102
140,2102
453,2103
179,2111
128,2113
484,2114
33,2126
213,2132
307,2135
449,2140
31,2143
148,2144
248,2144
180,2144
58,2147
190,2147
170,2147
392,2151
277,2151
450,2154
475,2154
116,2156
283,2160
466,2164
492,2167
426,2169
161,2178
94,2180
122,2180
477,2191
136,2193
267,2195
110,2199
250,2202
164,2209
70,2210
129,2210
423,2212
473,2224
298,2224
15,2225
155,2242
133,2245
135,2249
343,2254
441,2256
306,2262
303,2263
275,2265
40,2267
216,2272
464,2277
178,2285
3,2285
409,2288
273,2289
103,2290
269,2291
54,2293
496,2295
253,2296
415,2297
488,2297
458,2299
186,2300
261,2300
302,2300
369,2303
29,2305
344,2307
113,2307
53,2316
352,2319
440,2320
107,2332
437,2335
201,2336
287,2338
478,2349
493,2349
321,2349
301,2355
406,2362
194,2362
162,2363
224,2364
495,2366
280,2369
411,2376
63,2379
154,2394
413,2397
251,2401
427,2406
454,2406
349,2411
387,2411
166,2414
308,2415
204,2417
279,2417
245,2417
240,2425
59,2435
405,2437
410,2438
459,2440
294,2449
28,2450
319,2452
57,2452
348,2453
143,2455
340,2455
428,2455
421,2462
196,2464
218,2465
336,2472
422,2474
167,2474
85,2485
420,2489
198,2496
77,2501
36,2502
326,2503
408,2506
206,2515
62,2517
431,2524
52,2529
27,2532
438,2547
177,2548
494,2549
60,2550
247,2556
490,2557
109,2558
87,2563
238,2571
380,2571
388,2572
86,2576
403,2582
241,2585
101,2586
398,2588
358,2597
208,2597
4,2603
47,2604
259,2606
150,2607
270,2607
262,2607
418,2609
491,2610
499,2618
285,2618
147,2620
429,2622
324,2624
76,2627
407,2632
32,2638
210,2648
382,2650
192,2651
331,2652
99,2668
197,2668
384,2669
500,2670
455,2674
23,2677
157,2679
254,2683
237,2683
130,2687
470,2687
381,2689
181,2702
435,2708
80,2709
370,2711
75,2715
21,2715
383,2719
361,2720
120,2727
433,2730
169,2733
73,2747
138,2749
469,2753
115,2756
12,2760
163,2763
225,2766
416,2767
316,2767
126,2772
209,2772
255,2779
227,2783
314,2790
67,2796
149,2815
6,2817
252,2819
486,2822
20,2824
460,2825
78,2831
38,2834
353,2840
327,2845
468,2850
117,2854
244,2856
48,2871
480,2872
108,2874
222,2875
55,2883
14,2885
456,2890
2,2891
215,2896
134,2897
132,2904
26,2905
202,2913
182,2918
5,2920
119,2949
220,2950
81,2953
41,2955
142,2964
347,2973
404,2981
106,2983
317,2986
56,2994
236,2994
112,3007
141,3021
217,3023
79,3029
187,3030
300,3034
34,3035
37,3036
487,3044
424,3049
104,3051
271,3069
65,3081
354,3081
292,3089
258,3104
249,3110
242,3110
375,3115
83,3125
232,3127
391,3138
291,3156
114,3163
390,3165
446,3172
379,3181
376,3187
243,3209
374,3214
360,3216
296,3220
49,3242
111,3248
191,3248
318,3251
400,3254
50,3264
265,3270
355,3275
211,3290
313,3300
290,3302
465,3305
397,3307
365,3311
131,3316
463,3377
295,3389
69,3433
442,3435
359,3436
362,3447
144,3452
371,3460
30,3488
17,3508
276,3514
394,3515
102,3518
125,3520
123,3526
68,3550
45,3550
385,3566
497,3582
444,3582
452,3607
195,3633
257,3643
284,3643
183,3649
481,3657
207,3694
263,3694
342,3701
235,3713
97,3726
325,3779
165,3791
434,3831
90,3850
11,3851
256,3899
42,3909
395,3921
146,3949
151,3974
372,3986
9,3990
288,3998
174,4055
246,4073
74,4100
152,4108
479,4119
323,4128
299,4167
43,4170
96,4177
396,4259
334,4281
268,4369
461,4383
175,4385
46,4447
139,4455
172,4491
229,4541
171,4547
378,4558
193,4642
228,4652
71,4676
35,4727
189,4869
10,4929
297,4987
329,5011
498,5021
98,5033
341,5247
335,5310
219,5402
322,5404
173,5472
260,5699
474,5786
223,5805
364,6078
145,6188
221,6570
467,7006

simblock.block.ProofOfWorkBlock@3b41dbc6:85
463,0
291,480
355,665
349,854
431,962
37,1054
331,1146
238,1152
316,1275
347,1338
144,1338
273,1339
281,1461
46,1523
424,1525
102,1526
249,1537
91,1556
56,1629
362,1643
277,1654
269,1710
76,1710
75,1717
73,1731
192,1759
353,1819
134,1819
394,1822
234,1826
305,1835
5,1850
218,1899
497,1913
323,1920
449,1923
166,1939
385,1955
205,1959
386,1997
396,2004
327,2006
292,2006
111,2008
397,2015
74,2015
384,2016
301,2030
268,2036
438,2085
251,2106
406,2113
29,2114
109,2115
365,2126
329,2134
198,2139
380,2192
368,2193
33,2194
141,2200
26,2202
283,2203
19,2213
97,2216
300,2220
235,2229
298,2231
361,2235
390,2240
224,2240
412,2242
425,2270
409,2277
293,2285
332,2288
222,2296
132,2301
59,2301
177,2302
182,2303
465,2314
444,2323
317,2325
359,2329
320,2335
54,2374
186,2374
149,2383
42,2387
381,2387
190,2394
122,2394
486,2395
209,2402
215,2403
112,2403
285,2405
388,2410
266,2411
247,2417
404,2420
403,2421
151,2424
120,2430
226,2435
47,2443
84,2470
53,2474
158,2474
264,2484
14,2485
480,2490
83,2490
203,2493
358,2495
108,2497
464,2497
117,2498
191,2501
244,2501
318,2501
280,2508
326,2511
289,2511
429,2513
278,2517
21,2523
443,2531
408,2531
338,2547
382,2558
414,2567
351,2567
340,2569
216,2571
436,2574
469,2575
453,2583
324,2587
337,2587
468,2590
32,2598
220,2604
150,2604
427,2605
2,2606
479,2606
240,2607
254,2609
130,2610
90,2617
52,2619
181,2620
187,2629
462,2639
58,2656
210,2659
160,2671
442,2673
313,2675
439,2680
493,2681
126,2683
175,2684
13,2684
213,2685
303,2687
383,2687
106,2687
40,2688
162,2691
470,2695
376,2701
155,2703
35,2709
475,2712
131,2716
78,2744
65,2746
179,2752
287,2752
185,2753
483,2760
410,2764
36,2766
262,2768
411,2775
275,2779
330,2780
161,2780
63,2786
495,2788
194,2788
370,2790
366,2794
228,2795
169,2796
476,2801
241,2805
176,2807
432,2808
119,2809
325,2810
57,2811
25,2811
154,2832
17,2834
307,2847
211,2847
418,2848
184,2854
164,2855
488,2857
389,2860
348,2860
178,2860
147,2864
48,2871
20,2873
133,2875
460,2877
499,2883
51,2889
377,2892
477,2900
346,2901
413,2902
163,2906
208,2909
446,2912
6,2934
294,2935
487,2937
153,2939
363,2950
434,2951
494,2958
105,2959
18,2960
93,2962
398,2962
136,2966
490,2968
123,2970
279,2970
255,2973
128,2974
148,2975
168,2975
202,2979
484,2988
100,2988
466,2989
455,2990
342,2994
230,2997
237,2999
350,3000
101,3001
159,3006
140,3011
421,3033
489,3039
302,3045
1,3051
70,3055
99,3057
407,3060
125,3061
199,3062
103,3068
39,3068
87,3070
261,3071
85,3073
270,3074
450,3074
124,3080
82,3080
31,3088
88,3090
129,3098
152,3115
170,3122
4,3128
27,3129
416,3132
319,3136
405,3137
500,3137
306,3141
3,3144
180,3144
245,3147
62,3150
15,3152
80,3152
214,3155
496,3155
72,3161
445,3164
282,3168
61,3168
7,3180
433,3182
49,3185
225,3188
311,3191
212,3191
423,3195
157,3198
206,3211
68,3212
333,3216
114,3225
200,3229
437,3238
242,3242
454,3242
188,3243
274,3248
308,3249
165,3255
89,3258
77,3262
461,3264
86,3265
248,3266
233,3266
253,3279
419,3287
378,3306
352,3317
459,3318
375,3319
217,3330
267,3330
265,3330
246,3336
492,3348
447,3357
471,3360
92,3365
197,3381
335,3389
174,3390
374,3393
391,3401
12,3407
498,3408
271,3414
402,3415
371,3415
207,3417
8,3418
435,3418
121,3422
422,3427
113,3428
288,3434
239,3436
356,3436
430,3446
344,3453
232,3467
367,3485
104,3487
167,3493
173,3494
286,3516
401,3518
43,3520
60,3521
379,3524
196,3527
118,3533
142,3541
321,3543
387,3544
393,3550
71,3550
66,3560
11,3583
334,3589
272,3596
116,3611
260,3626
360,3628
22,3630
415,3638
135,3649
171,3657
328,3662
195,3669
482,3696
156,3696
204,3697
107,3702
343,3719
315,3724
441,3734
223,3735
69,3737
284,3768
143,3769
364,3774
64,3780
96,3784
322,3795
309,3808
231,3811
44,3813
256,3823
259,3823
24,3826
373,3830
372,3840
127,3868
16,3876
183,3903
472,3912
417,3915
55,3926
146,3928
9,3941
440,3962
276,3962
491,3974
485,3975
94,3976
451,3996
420,4026
229,4051
257,4054
339,4059
426,4071
138,4074
98,4089
252,4092
392,4107
395,4156
473,4156
354,4183
458,4194
428,4195
297,4213
95,4239
336,4260
250,4263
345,4265
263,4277
172,4282
304,4304
258,4324
357,4337
299,4347
369,4358
201,4387
38,4406
243,4442
310,4471
481,4512
50,4517
137,4519
312,4537
23,4544
290,4551
399,4583
110,4615
41,4619
341,4628
30,4635
448,4640
219,4703
227,4757
28,4798
115,4815
457,4815
79,4898
189,4911
45,4921
295,4926
193,4979
67,4980
296,4995
221,4998
145,5083
478,5094
139,5153
314,5167
456,5278
34,5291
10,5336
236,5371
467,5520
81,5633
474,5646
400,5723
452,5997

simblock.block.ProofOfWorkBlock@11bacef7:85
240,0
495,480
365,667
218,856
468,1048
126,1241
411,1430
257,1625
268,1829
323,2102
428,2108
166,2291
143,2386
26,2494
213,2663
358,2681
465,2869
66,2944
109,3057
435,3224
436,3248
462,3453
482,3502
480,3640
55,3781
336,3918
138,4137
357,4196
91,4475
314,4493
368,4756
350,5035
354,5358
67,5715
98,6076
195,6437
288,6789

simblock.block.ProofOfWorkBlock@3a261270:86
253,0
435,408
283,561
440,714
196,813
489,867
233,966
483,972
18,1020
350,1117
338,1119
66,1124
162,1174
366,1219
352,1270
206,1272
315,1275
427,1277
92,1333
441,1372
363,1376
476,1378
496,1424
311,1424
454,1428
85,1428
264,1434
387,1501
84,1526
413,1527
346,1528
369,1532
406,1533
443,1535
86,1579
310,1581
186,1584
89,1588
204,1594
121,1596
64,1626
402,1657
16,1673
210,1678
499,1679
88,1682
160,1685
239,1687
24,1690
199,1691
485,1692
250,1722
116,1733
278,1734
407,1738
118,1740
51,1755
54,1765
158,1778
39,1779
312,1783
156,1804
100,1812
482,1828
447,1832
62,1835
348,1836
91,1836
451,1836
236,1837
336,1837
157,1837
25,1842
211,1847
8,1847
179,1848
214,1852
106,1860
412,1887
213,1888
293,1899
28,1900
484,1907
60,1907
70,1921
450,1931
339,1931
356,1932
216,1933
190,1937
307,1939
203,1944
57,1944
389,1947
428,1969
460,1971
393,1982
305,1986
279,1988
77,1989
93,1989
107,1990
11,1992
320,1993
286,1995
224,1995
409,1998
367,1999
337,2005
457,2006
332,2010
368,2011
386,2014
330,2035
127,2040
408,2042
170,2053
439,2054
287,2062
458,2062
490,2075
405,2081
103,2085
473,2086
36,2088
176,2090
137,2091
194,2093
282,2094
340,2094
344,2099
129,2100
188,2101
466,2101
294,2102
7,2104
401,2111
257,2113
329,2126
459,2128
154,2131
29,2135
324,2136
133,2139
161,2141
419,2145
267,2145
148,2148
105,2148
433,2148
493,2150
345,2152
449,2154
1,2156
53,2159
319,2159
418,2164
128,2164
410,2166
180,2168
275,2169
205,2170
187,2173
52,2177
437,2184
414,2187
140,2188
58,2188
181,2190
82,2193
448,2197
274,2204
445,2211
270,2217
266,2234
78,2240
477,2240
17,2240
488,2243
95,2243
333,2246
226,2248
357,2250
164,2251
201,2252
33,2258
94,2260
255,2261
40,2264
258,2266
422,2267
291,2278
63,2286
184,2290
328,2293
13,2293
113,2300
453,2301
420,2301
22,2302
272,2304
471,2310
122,2312
248,2316
343,2316
136,2319
110,2320
200,2322
416,2340
308,2342
417,2347
102,2350
261,2360
365,2362
37,2370
309,2370
135,2373
491,2373
411,2383
373,2390
392,2392
399,2393
111,2394
72,2397
323,2397
415,2399
432,2401
303,2404
487,2405
425,2405
251,2411
44,2412
430,2416
479,2417
175,2423
97,2423
19,2424
403,2431
80,2432
358,2435
96,2441
191,2442
163,2445
355,2446
472,2447
27,2448
446,2450
90,2451
231,2453
155,2455
478,2455
292,2457
500,2457
235,2464
351,2465
494,2467
61,2469
185,2469
377,2474
208,2476
463,2479
55,2483
31,2485
117,2505
300,2509
48,2509
20,2514
302,2524
469,2531
150,2533
325,2547
21,2547
120,2559
254,2566
475,2573
228,2575
242,2579
169,2583
35,2584
431,2587
381,2587
73,2592
289,2594
426,2599
321,2601
26,2601
124,2606
327,2606
237,2610
134,2611
75,2615
167,2628
397,2634
178,2635
492,2637
218,2640
149,2644
371,2646
378,2648
438,2658
192,2662
198,2662
436,2664
46,2668
247,2670
331,2673
126,2677
359,2678
168,2678
56,2683
38,2687
209,2688
398,2691
114,2694
370,2695
141,2697
197,2701
212,2702
74,2705
244,2712
14,2715
380,2716
220,2716
394,2722
83,2725
497,2730
342,2731
65,2735
442,2736
353,2736
144,2748
202,2767
349,2767
143,2767
290,2770
130,2775
384,2776
4,2778
87,2781
306,2789
230,2789
47,2789
6,2800
341,2803
246,2810
3,2812
108,2832
424,2840
481,2843
259,2850
313,2853
262,2854
174,2856
474,2864
245,2870
388,2903
215,2917
189,2918
374,2918
145,2926
119,2928
238,2928
299,2930
470,2933
222,2935
147,2936
221,2938
480,2943
153,2943
396,2948
2,2950
260,2972
223,2974
50,2974
298,2976
347,2983
32,2983
104,2991
249,2992
71,2994
43,2997
5,3001
159,3003
468,3005
227,3005
385,3007
12,3008
391,3031
317,3036
59,3040
400,3043
486,3044
316,3045
182,3058
360,3074
271,3076
334,3077
243,3083
67,3093
79,3104
99,3115
131,3117
229,3142
23,3149
304,3163
404,3169
465,3194
225,3204
390,3210
462,3213
165,3214
76,3221
269,3258
125,3259
280,3269
382,3275
434,3277
101,3280
207,3301
318,3302
193,3313
281,3313
109,3324
166,3326
375,3355
219,3371
354,3375
34,3375
322,3424
376,3443
49,3444
217,3457
421,3463
464,3480
15,3485
139,3495
45,3498
455,3500
173,3516
361,3527
9,3530
240,3534
444,3551
123,3568
172,3588
429,3596
138,3672
195,3695
142,3700
456,3702
326,3709
268,3719
301,3730
372,3738
383,3753
295,3791
273,3800
183,3824
151,3836
314,3841
296,3864
112,3867
276,3880
263,3884
41,3914
232,3931
467,3972
364,3975
277,3985
177,3997
285,4026
81,4056
171,4077
498,4088
68,4090
98,4090
241,4146
256,4178
395,4227
362,4271
495,4291
461,4324
452,4376
69,4409
30,4446
115,4528
42,4539
252,4551
132,4556
284,4557
10,4611
152,4765
234,4805
265,4841
297,4856
288,4939
146,4956
423,4989
379,5079
335,5369

simblock.block.ProofOfWorkBlock@6045b3b6:87
489,0
264,2458
121,2611
454,2763
88,2876
315,2952
457,3031
294,3084
253,3105
77,3166
248,3193
311,3237
60,3257
206,3298
451,3324
186,3346
31,3360
185,3389
51,3411
66,3436
459,3451
306,3476
428,3488
157,3501
180,3513
18,3522
439,3549
352,3564
333,3570
450,3598
433,3598
282,3614
167,3635
61,3643
494,3645
412,3656
389,3665
492,3670
402,3674
118,3702
91,3703
116,3717
236,3725
399,3727
279,3751
250,3751
336,3762
210,3763
216,3768
230,3794
156,3795
443,3799
113,3809
93,3817
199,3819
275,3820
110,3823
92,3827
53,3842
293,3855
158,3855
427,3867
133,3879
25,3881
303,3884
203,3893
208,3905
63,3914
478,3915
476,3916
1,3917
127,3918
430,3924
408,3928
78,3948
261,3952
24,3953
13,3958
339,3963
200,3969
466,3971
29,3974
226,3977
211,3981
54,3985
435,3986
32,3993
84,3994
348,4003
188,4007
307,4012
201,4016
55,4020
233,4020
344,4033
160,4034
302,4038
493,4040
453,4045
458,4047
86,4059
422,4062
425,4065
214,4066
278,4070
266,4072
62,4077
140,4079
477,4080
122,4081
310,4087
178,4088
239,4103
16,4105
471,4106
401,4109
137,4109
484,4123
414,4123
155,4124
124,4124
350,4126
338,4127
447,4130
437,4132
485,4137
213,4138
100,4139
57,4159
148,4166
103,4166
154,4167
419,4168
184,4170
168,4172
267,4173
487,4173
488,4174
441,4175
255,4187
312,4194
449,4196
64,4196
72,4199
7,4200
162,4215
176,4219
407,4222
22,4224
190,4227
448,4227
40,4228
270,4229
161,4229
4,4231
420,4233
202,4241
12,4241
196,4242
28,4247
321,4255
273,4259
129,4259
44,4259
431,4261
70,4266
240,4266
332,4267
231,4270
337,4271
499,4272
367,4274
490,4279
309,4280
415,4283
283,4284
21,4287
39,4289
386,4290
377,4291
387,4292
472,4292
277,4299
286,4302
373,4302
483,4308
316,4313
406,4313
410,4321
3,4323
330,4326
205,4328
417,4334
366,4339
136,4340
475,4341
345,4344
328,4348
36,4350
105,4351
128,4353
204,4370
135,4379
164,4382
212,4383
369,4387
413,4394
340,4396
323,4397
331,4397
262,4397
89,4410
356,4411
27,4420
304,4425
143,4426
8,4431
351,4433
324,4434
58,4436
165,4441
287,4442
153,4444
440,4445
460,4447
179,4449
65,4456
319,4458
76,4460
274,4465
357,4467
409,4474
224,4475
376,4486
500,4490
320,4493
94,4494
112,4497
198,4499
170,4506
49,4506
235,4506
394,4512
247,4524
26,4525
393,4525
191,4528
147,4529
257,4531
305,4532
258,4532
363,4532
126,4535
346,4538
426,4548
130,4553
465,4558
95,4578
455,4578
169,4578
343,4586
384,4589
482,4590
163,4592
272,4593
37,4594
245,4595
480,4595
82,4596
292,4607
85,4611
120,4616
107,4620
326,4620
405,4623
432,4626
41,4650
108,4659
52,4665
438,4667
222,4669
149,4669
249,4682
308,4696
11,4702
392,4702
119,4712
102,4712
123,4724
97,4726
197,4727
237,4732
20,4732
354,4735
445,4745
473,4750
368,4753
209,4753
300,4758
469,4761
215,4762
353,4765
495,4770
14,4770
144,4771
298,4774
429,4781
46,4792
244,4794
329,4798
381,4798
225,4800
96,4800
486,4803
90,4804
446,4805
150,4825
33,4826
496,4840
355,4844
281,4847
83,4850
380,4850
403,4858
15,4859
56,4862
317,4869
424,4869
254,4877
342,4877
139,4877
134,4879
276,4888
182,4888
397,4890
491,4903
359,4934
87,4937
142,4940
318,4942
73,4945
227,4947
418,4947
390,4951
467,4970
251,4976
396,4977
111,4978
341,4980
192,4989
442,4992
436,4993
289,4994
423,4999
416,5000
379,5020
132,5027
219,5029
268,5031
99,5035
80,5036
463,5039
228,5039
23,5045
322,5048
382,5050
362,5054
194,5057
187,5061
452,5062
497,5064
347,5065
35,5069
74,5073
421,5092
220,5113
470,5121
5,5125
468,5133
151,5143
370,5147
383,5149
365,5156
234,5158
104,5183
48,5197
47,5203
385,5210
464,5215
218,5215
395,5220
189,5244
159,5244
106,5246
374,5248
59,5250
358,5258
19,5260
101,5300
141,5305
175,5307
398,5324
349,5326
361,5330
325,5335
125,5338
195,5373
50,5379
177,5391
260,5410
246,5411
117,5412
411,5413
238,5418
109,5425
6,5425
229,5438
172,5453
271,5457
371,5470
166,5480
299,5504
38,5508
2,5513
404,5516
327,5532
71,5548
498,5564
285,5577
444,5577
481,5589
290,5594
301,5595
17,5595
280,5596
42,5615
174,5617
263,5624
334,5633
221,5650
259,5653
434,5681
131,5684
241,5691
400,5710
313,5746
171,5753
75,5782
474,5805
9,5818
479,5848
193,5849
269,5862
291,5866
314,5884
391,5901
296,5921
145,5942
181,5954
364,5955
114,6012
183,6028
295,6030
232,6031
375,6055
68,6078
138,6101
372,6127
43,6172
462,6222
98,6232
284,6241
217,6244
69,6257
335,6273
388,6279
67,6300
34,6320
288,6345
173,6463
297,6465
10,6468
265,6521
378,6551
242,6608
256,6620
79,6626
252,6671
461,6745
243,6758
456,6856
152,6932
81,6996
146,7020
45,7024
207,7051
115,7295
30,7378
360,7432
223,7775

simblock.block.ProofOfWorkBlock@7ef84be3:88
453,0
62,419
212,571
310,741
88,824
286,900
25,973
53,978
127,1062
267,1126
357,1142
420,1146
428,1214
459,1230
441,1279
352,1297
18,1304
401,1305
426,1373
373,1378
448,1380
430,1388
29,1433
500,1457
85,1458
13,1468
414,1471
135,1529
94,1536
176,1536
282,1542
233,1545
433,1549
399,1573
199,1597
460,1610
392,1610
154,1621
450,1621
202,1627
406,1638
278,1683
105,1685
451,1689
27,1698
160,1699
216,1700
393,1701
82,1702
293,1709
308,1726
337,1750
7,1764
236,1773
24,1775
253,1777
487,1781
129,1781
224,1790
179,1790
405,1799
306,1801
483,1835
201,1840
66,1851
186,1854
200,1854
427,1858
417,1859
12,1861
204,1864
348,1867
91,1868
422,1878
471,1888
255,1888
226,1890
54,1902
22,1921
402,1928
294,1930
473,1934
36,1935
413,1938
143,1940
272,1944
211,1945
16,1948
113,1950
343,1954
55,1956
188,1963
3,1975
488,1993
95,2004
40,2004
489,2006
315,2008
140,2012
449,2013
477,2014
491,2016
415,2017
31,2018
309,2020
110,2020
205,2026
484,2030
261,2031
150,2040
137,2042
345,2042
60,2044
118,2049
409,2051
429,2056
340,2058
39,2075
107,2086
447,2087
92,2088
320,2094
180,2095
155,2099
485,2100
304,2100
215,2100
307,2102
333,2106
248,2108
231,2109
270,2111
136,2120
51,2122
163,2125
184,2127
162,2128
281,2129
230,2158
443,2160
264,2161
437,2164
476,2167
336,2169
21,2170
8,2171
482,2173
412,2175
439,2181
100,2182
148,2182
351,2183
457,2185
279,2186
208,2192
316,2196
185,2196
72,2203
387,2204
156,2204
283,2204
408,2211
490,2212
203,2238
330,2241
64,2242
356,2247
338,2251
93,2253
1,2256
312,2257
84,2263
37,2263
250,2264
410,2267
128,2268
196,2273
493,2275
190,2276
425,2276
494,2277
323,2279
121,2281
213,2282
96,2283
89,2290
442,2303
26,2309
347,2311
86,2316
161,2318
350,2321
466,2324
153,2328
269,2328
116,2334
475,2336
170,2337
346,2339
303,2341
339,2342
61,2345
103,2348
274,2350
454,2354
363,2364
382,2367
367,2369
445,2373
436,2380
499,2381
147,2395
321,2397
369,2406
419,2408
389,2409
28,2409
234,2410
122,2412
214,2412
178,2416
124,2418
58,2420
492,2420
4,2423
63,2425
77,2427
78,2428
311,2430
432,2432
355,2435
458,2436
381,2439
358,2441
317,2448
251,2464
169,2468
455,2469
149,2470
206,2473
332,2477
377,2478
14,2478
472,2484
403,2484
319,2489
302,2489
210,2494
168,2498
220,2502
407,2506
277,2507
287,2512
70,2517
331,2519
468,2529
411,2533
376,2534
486,2537
46,2546
301,2551
209,2557
370,2560
396,2561
386,2562
479,2569
48,2569
328,2570
2,2575
388,2582
57,2583
59,2585
478,2585
258,2585
239,2585
228,2586
361,2591
496,2591
144,2596
444,2603
327,2604
114,2604
238,2616
470,2620
120,2632
111,2634
44,2635
97,2640
344,2642
275,2643
305,2647
117,2661
329,2669
75,2674
218,2674
446,2678
354,2678
15,2680
126,2681
106,2685
74,2686
266,2689
497,2694
247,2698
434,2704
187,2707
362,2721
182,2721
254,2732
158,2738
80,2738
244,2738
11,2741
324,2743
101,2750
262,2750
172,2761
191,2762
225,2772
298,2774
418,2797
395,2801
416,2802
167,2802
249,2803
90,2806
469,2818
174,2826
237,2833
398,2837
394,2837
313,2838
175,2842
130,2848
194,2855
81,2858
42,2858
404,2864
325,2864
379,2866
360,2868
353,2872
19,2873
17,2884
87,2885
133,2893
465,2902
435,2902
197,2907
20,2914
50,2927
76,2940
463,2944
280,2950
159,2954
440,2958
125,2966
265,2969
296,2970
102,2973
232,2987
229,2992
166,3002
109,3007
495,3011
207,3013
99,3020
34,3021
366,3025
268,3028
322,3035
183,3041
290,3050
242,3053
481,3054
164,3059
141,3065
374,3068
462,3069
252,3072
452,3087
291,3107
368,3113
165,3115
424,3124
181,3127
260,3139
134,3151
173,3162
33,3162
349,3173
189,3173
52,3174
318,3189
456,3198
157,3213
10,3215
139,3239
171,3247
79,3278
5,3280
285,3280
198,3293
142,3330
123,3331
83,3336
152,3339
43,3340
193,3371
292,3376
132,3380
41,3381
245,3390
108,3395
341,3410
73,3422
397,3432
284,3434
235,3440
498,3448
372,3457
431,3461
112,3479
145,3505
263,3554
240,3555
219,3556
385,3577
271,3595
384,3597
223,3598
23,3623
421,3646
364,3659
326,3662
131,3673
6,3701
98,3712
400,3723
342,3726
49,3728
146,3729
177,3747
378,3751
30,3754
474,3802
243,3816
380,3823
115,3848
222,3852
289,3867
334,3887
383,3918
300,3932
65,3976
314,3982
151,3994
257,3997
192,4017
288,4043
335,4063
375,4072
259,4117
119,4134
104,4147
68,4186
69,4188
273,4196
38,4208
195,4239
365,4244
56,4262
241,4262
32,4286
138,4330
461,4439
464,4467
45,4527
390,4528
480,4553
423,4566
391,4587
297,4624
67,4636
227,4641
35,4803
47,4823
246,4851
371,4955
295,4972
256,4981
359,5089
276,5202
438,5355
217,5368
221,5583
299,5736
9,5962
71,6130
467,6572

simblock.block.ProofOfWorkBlock@3ab04b10:89
202,0
366,409
156,562
450,739
369,813
437,895
477,965
337,966
110,1049
339,1118
72,1119
457,1142
18,1203
483,1221
211,1271
196,1276
348,1298
409,1304
40,1364
274,1372
402,1373
286,1376
311,1424
100,1432
205,1451
161,1460
315,1461
487,1517
419,1523
157,1528
57,1530
186,1531
475,1546
66,1553
105,1579
212,1586
213,1605
278,1609
236,1613
401,1616
441,1625
118,1672
406,1680
153,1680
282,1680
435,1681
51,1685
439,1700
162,1706
490,1714
93,1715
343,1737
262,1740
168,1759
408,1764
8,1767
351,1768
178,1777
413,1778
203,1780
267,1780
199,1782
291,1795
155,1828
330,1829
201,1832
58,1833
363,1833
294,1833
499,1841
328,1852
405,1854
367,1863
306,1864
208,1865
116,1867
473,1868
88,1876
103,1893
445,1899
253,1917
346,1920
420,1920
95,1924
387,1924
407,1925
283,1930
293,1934
333,1936
113,1940
426,1944
319,1947
179,1950
466,1954
214,1977
22,1980
31,1980
7,1984
233,1986
264,1986
24,1993
25,1994
320,2003
230,2004
332,2007
185,2010
422,2012
489,2016
129,2016
204,2020
13,2022
430,2023
352,2025
492,2029
77,2034
133,2037
304,2046
476,2051
216,2056
85,2071
325,2071
373,2076
471,2076
307,2083
160,2084
124,2085
78,2088
82,2088
29,2090
478,2093
414,2095
11,2100
86,2101
449,2101
399,2106
309,2107
447,2109
28,2119
84,2129
94,2132
39,2133
324,2135
368,2136
127,2142
340,2147
494,2149
184,2156
91,2156
454,2162
63,2164
303,2168
180,2169
231,2169
250,2172
357,2173
336,2177
321,2177
190,2182
298,2188
209,2195
484,2196
12,2199
377,2199
15,2200
27,2201
412,2225
1,2232
287,2233
350,2236
170,2236
279,2237
261,2245
188,2249
338,2251
114,2252
491,2252
239,2253
410,2253
275,2256
255,2262
16,2262
167,2262
448,2265
135,2267
272,2274
440,2274
62,2275
493,2277
496,2278
149,2278
36,2282
345,2284
200,2286
121,2289
453,2292
44,2301
53,2305
266,2306
427,2308
151,2313
376,2319
488,2321
122,2322
460,2326
60,2327
163,2331
248,2333
485,2334
417,2334
176,2335
329,2338
226,2343
123,2350
148,2352
433,2354
119,2363
14,2368
310,2380
206,2382
305,2385
238,2394
137,2398
472,2399
2,2405
136,2406
415,2407
89,2409
397,2410
164,2411
458,2417
312,2418
331,2423
308,2423
75,2427
55,2427
97,2432
61,2444
355,2447
56,2454
70,2462
418,2462
393,2463
438,2465
443,2466
398,2468
140,2473
210,2478
107,2492
92,2492
128,2493
270,2496
228,2499
302,2507
500,2507
143,2509
134,2515
3,2517
416,2518
191,2520
232,2521
244,2532
73,2532
21,2536
451,2537
197,2546
165,2547
432,2550
359,2552
425,2554
4,2560
130,2561
389,2572
243,2572
37,2579
292,2582
327,2584
154,2592
47,2592
462,2593
347,2595
482,2599
166,2600
446,2602
384,2604
59,2613
356,2615
479,2615
246,2619
260,2620
497,2620
194,2621
344,2626
273,2626
394,2630
386,2647
144,2650
300,2663
87,2667
108,2667
381,2672
289,2672
280,2675
313,2678
388,2678
301,2681
64,2693
48,2696
469,2699
169,2700
192,2702
33,2704
245,2721
224,2723
102,2723
281,2734
240,2736
383,2738
464,2741
459,2752
474,2752
396,2758
349,2767
90,2769
54,2780
442,2783
20,2785
52,2785
26,2787
335,2789
316,2792
83,2797
468,2800
290,2803
242,2811
159,2816
187,2822
434,2826
131,2827
43,2829
317,2844
35,2845
428,2846
74,2848
358,2857
326,2861
46,2862
364,2864
67,2867
141,2870
34,2870
424,2881
38,2886
76,2891
198,2899
17,2900
429,2915
32,2921
50,2924
271,2927
390,2929
142,2929
318,2939
145,2939
404,2944
175,2948
237,2965
251,2970
470,2978
132,2979
171,2997
341,2998
158,3001
219,3002
125,3002
257,3009
138,3009
99,3010
495,3011
444,3011
6,3011
227,3014
411,3022
247,3022
112,3025
147,3039
382,3045
150,3050
80,3057
452,3062
172,3064
117,3068
284,3080
436,3085
480,3092
30,3107
189,3115
120,3125
109,3129
139,3138
385,3150
392,3166
353,3169
269,3184
241,3196
177,3206
288,3207
285,3213
258,3219
173,3220
126,3245
423,3265
463,3277
342,3289
115,3301
276,3310
361,3320
218,3322
354,3323
23,3324
249,3331
400,3341
486,3358
360,3372
299,3395
5,3398
19,3405
254,3417
395,3430
268,3436
455,3439
68,3447
265,3473
223,3478
111,3487
181,3492
65,3494
263,3496
229,3575
10,3577
370,3599
431,3633
252,3637
334,3663
456,3673
225,3686
391,3698
277,3704
222,3757
378,3773
221,3779
41,3785
217,3819
146,3823
421,3867
374,3883
183,3884
498,3886
323,3953
9,3956
234,3970
371,4016
98,4025
101,4039
81,4043
256,4080
372,4111
182,4136
314,4155
207,4163
461,4183
79,4200
220,4224
49,4252
296,4262
365,4310
193,4341
71,4438
42,4521
380,4576
45,4599
481,4605
322,4643
467,4782
235,4786
106,4848
297,4877
152,4988
195,5026
465,5053
403,5119
69,5220
362,5320
174,5384
215,5395
104,5409
379,5585
96,5679
259,5781
375,6118
295,6229

simblock.block.ProofOfWorkBlock@2d17b86c:89
378,0
217,671
242,947
112,1340
145,1350
9,1635
465,1728
421,2025
20,2120
269,2219
335,2307
19,2405
244,2414
285,2507
452,2581
257,2596
479,2783
114,2803
18,2932
390,2967
362,2968
209,3191
386,3249
132,3356
408,3358
73,3470
366,3530
397,3585
238,3659
370,3752
196,3810
54,3815
429,3848
469,3979
356,4105
82,4132
59,4139
121,4237
141,4365
473,4385
174,4437
323,4535
36,4663
454,4664
69,4785
261,4791
74,4935
333,4950
140,5094
98,5140
283,5229
432,5246
365,5336
29,5507
369,5521
324,5687
198,5728
167,5787
53,6065
428,6118
424,6123
243,6408
292,6517
216,6544
471,6946
186,6976
163,7377
393,7405
179,7803
85,7833
387,8229
357,8675
204,9100
1,9527

simblock.block.ProofOfWorkBlock@5f0b47d5:90
72,0
58,405
406,558
419,724
124,811
57,879
459,961
203,966
422,1035
460,1115
487,1128
333,1149
156,1188
412,1219
95,1271
29,1284
282,1285
449,1302
332,1345
133,1367
13,1368
491,1374
443,1428
27,1436
93,1437
478,1439
367,1454
224,1518
253,1520
261,1529
161,1539
53,1554
63,1558
213,1582
407,1589
70,1591
343,1591
447,1593
64,1607
159,1610
176,1622
494,1677
426,1680
163,1681
477,1682
278,1688
202,1696
368,1700
500,1712
286,1713
77,1718
445,1741
420,1744
211,1745
319,1746
351,1748
409,1771
338,1773
121,1775
275,1776
336,1813
186,1831
294,1836
135,1836
466,1837
490,1838
270,1839
212,1841
1,1842
233,1844
373,1849
201,1857
89,1863
179,1865
428,1870
480,1873
415,1875
436,1889
39,1897
105,1899
164,1901
369,1913
489,1924
348,1926
304,1927
36,1928
44,1929
266,1935
21,1939
437,1950
448,1957
482,1963
350,1970
458,1984
357,1987
239,1990
476,1990
230,1991
113,1991
410,1992
309,1996
28,1996
60,1998
24,2000
123,2007
485,2010
61,2017
204,2018
451,2028
12,2031
168,2051
337,2060
483,2062
157,2066
283,2084
18,2085
366,2087
430,2089
129,2094
352,2095
492,2102
472,2114
54,2116
175,2118
401,2119
387,2121
307,2122
393,2129
454,2136
398,2136
188,2140
40,2143
35,2144
392,2144
308,2147
7,2149
103,2150
127,2151
356,2153
185,2154
340,2155
312,2155
149,2157
499,2157
94,2163
433,2169
306,2171
205,2171
473,2179
226,2182
190,2184
328,2184
413,2189
234,2199
345,2218
279,2219
496,2219
389,2239
425,2243
274,2243
51,2245
435,2246
31,2247
231,2247
180,2248
194,2248
167,2250
55,2252
427,2255
484,2265
192,2267
110,2270
329,2274
62,2274
453,2275
289,2278
137,2278
248,2286
450,2289
310,2295
88,2296
148,2298
78,2302
330,2304
315,2305
344,2306
417,2307
386,2308
206,2309
471,2309
199,2313
493,2315
73,2316
475,2321
160,2323
272,2324
101,2335
363,2336
210,2337
214,2341
170,2341
346,2351
20,2353
277,2356
394,2366
153,2374
377,2375
235,2382
408,2382
215,2387
107,2393
136,2397
84,2401
402,2401
339,2403
488,2404
441,2405
112,2409
52,2411
267,2414
116,2415
128,2423
126,2424
106,2427
91,2430
196,2436
238,2437
250,2441
222,2443
379,2445
457,2445
291,2447
140,2448
462,2448
262,2448
8,2457
122,2460
86,2462
118,2465
26,2466
255,2467
132,2468
143,2474
178,2475
154,2478
421,2488
495,2490
414,2494
85,2497
280,2517
59,2525
432,2528
287,2529
464,2533
102,2536
380,2537
442,2540
108,2550
32,2550
162,2556
321,2567
25,2570
177,2571
388,2575
254,2576
429,2577
302,2580
198,2583
169,2585
37,2589
225,2592
383,2596
469,2597
327,2601
303,2601
317,2602
236,2603
399,2606
182,2611
90,2617
66,2618
48,2619
293,2619
68,2622
439,2624
30,2626
158,2632
416,2634
208,2646
220,2652
349,2655
200,2655
117,2657
237,2662
331,2665
281,2667
269,2668
384,2674
114,2675
191,2677
355,2683
165,2697
76,2700
298,2706
390,2707
209,2709
440,2710
197,2712
181,2712
396,2714
325,2723
16,2725
382,2727
323,2736
486,2738
411,2746
184,2750
347,2754
305,2756
134,2758
381,2759
96,2759
405,2762
104,2769
245,2779
82,2779
249,2782
353,2794
404,2794
264,2794
403,2802
498,2803
424,2816
43,2826
362,2833
251,2844
207,2845
46,2849
17,2850
258,2856
79,2857
247,2861
151,2862
92,2863
120,2866
326,2869
244,2874
83,2883
130,2885
4,2889
273,2892
497,2900
155,2906
3,2912
216,2916
311,2917
81,2919
241,2925
438,2926
34,2928
152,2934
320,2938
131,2942
391,2951
144,2960
324,2975
11,2977
257,2978
361,2992
19,2993
444,2993
10,3010
100,3021
470,3022
56,3025
301,3027
71,3039
314,3057
74,3062
22,3063
221,3081
50,3084
452,3085
371,3091
271,3102
87,3109
418,3115
290,3115
183,3122
468,3123
431,3131
358,3140
240,3142
260,3144
456,3152
217,3162
150,3163
229,3167
378,3174
360,3175
318,3189
14,3194
292,3212
47,3212
246,3230
172,3242
400,3244
42,3248
38,3253
455,3253
446,3260
228,3260
465,3262
109,3287
265,3288
23,3298
227,3305
97,3329
141,3331
395,3353
463,3390
195,3401
376,3412
354,3432
49,3457
69,3462
370,3463
9,3472
223,3476
359,3479
285,3479
219,3487
296,3487
252,3522
146,3522
256,3523
111,3525
479,3526
334,3533
300,3537
189,3545
80,3556
385,3598
284,3624
481,3640
232,3648
5,3689
6,3726
375,3734
288,3736
166,3753
115,3770
138,3785
171,3789
147,3812
2,3828
474,3843
316,3863
322,3878
335,3902
242,3904
98,3905
374,3918
295,3981
119,3992
174,4022
297,4078
461,4084
173,4085
75,4097
313,4134
41,4167
372,4177
263,4193
139,4222
299,4259
65,4269
142,4282
193,4297
218,4403
341,4483
365,4534
423,4548
276,4574
125,4656
467,4661
15,4670
33,4799
99,4884
187,4939
45,4946
243,5010
397,5068
268,5206
67,5450
342,5478
434,5746
364,5835
145,6125
259,6523

simblock.block.ProofOfWorkBlock@c769376:90
377,0
414,415
84,567
401,721
255,816
392,876
188,969
168,970
352,1053
345,1121
110,1122
64,1124
309,1217
91,1274
426,1275
66,1277
415,1280
220,1323
459,1372
113,1373
488,1375
194,1429
51,1430
302,1437
178,1438
350,1454
137,1525
214,1525
499,1526
154,1527
202,1528
58,1528
127,1583
164,1583
466,1590
293,1591
159,1597
62,1609
386,1624
206,1678
472,1679
476,1679
77,1681
330,1681
63,1682
333,1683
239,1686
443,1686
95,1691
363,1736
312,1738
286,1744
93,1749
86,1768
264,1782
236,1783
28,1788
83,1806
78,1833
485,1834
279,1835
270,1835
92,1835
89,1838
53,1841
351,1842
306,1842
55,1842
118,1844
140,1845
266,1848
328,1850
179,1861
429,1862
304,1889
39,1893
199,1896
402,1901
16,1929
44,1929
100,1929
116,1931
250,1931
186,1935
61,1936
407,1987
157,1988
478,1989
370,1992
432,1994
447,1994
283,1995
122,1997
4,1998
458,1998
24,2006
477,2011
88,2012
212,2020
344,2034
233,2041
176,2046
430,2053
366,2056
153,2082
413,2082
8,2083
484,2084
320,2085
60,2087
203,2094
135,2096
291,2105
326,2109
323,2113
389,2140
346,2143
190,2144
82,2147
332,2147
315,2150
261,2153
457,2153
40,2154
483,2154
161,2163
338,2167
428,2174
22,2175
410,2178
379,2179
166,2183
303,2186
210,2187
337,2188
425,2194
412,2198
471,2198
411,2199
403,2203
340,2205
27,2210
248,2235
200,2236
158,2238
267,2239
487,2240
308,2241
493,2241
23,2243
490,2245
124,2247
170,2252
460,2257
169,2275
1,2286
231,2294
450,2295
180,2297
387,2303
473,2304
348,2306
448,2306
121,2308
12,2308
444,2308
491,2315
453,2320
357,2326
294,2331
343,2333
433,2337
399,2341
160,2341
356,2346
408,2346
339,2351
280,2352
475,2363
244,2364
21,2370
52,2372
362,2373
254,2375
470,2388
94,2389
427,2391
57,2392
489,2393
449,2396
25,2396
155,2400
253,2404
405,2412
109,2412
249,2423
319,2425
147,2426
19,2428
435,2449
336,2450
422,2454
15,2454
196,2454
455,2454
439,2459
49,2465
13,2483
107,2489
70,2493
213,2494
420,2496
185,2500
105,2515
148,2517
204,2528
492,2542
417,2544
230,2547
307,2549
454,2551
482,2551
274,2555
182,2571
480,2576
101,2581
232,2583
162,2586
321,2588
175,2590
149,2590
445,2604
103,2611
14,2612
76,2612
36,2612
238,2620
436,2635
216,2637
354,2638
18,2640
355,2642
409,2643
6,2644
437,2646
251,2647
226,2647
7,2649
316,2653
268,2658
310,2660
384,2677
292,2679
446,2691
317,2691
298,2694
358,2696
240,2696
225,2698
275,2701
228,2718
85,2721
131,2721
424,2724
150,2729
181,2732
442,2733
80,2738
129,2744
207,2753
300,2757
106,2765
262,2766
481,2789
143,2795
108,2797
438,2798
205,2804
451,2805
327,2812
241,2816
301,2818
111,2828
192,2836
234,2844
468,2851
278,2854
418,2856
119,2863
388,2866
500,2867
184,2869
73,2870
198,2873
282,2874
31,2874
222,2881
237,2885
359,2892
360,2908
469,2912
11,2913
74,2913
87,2915
197,2916
465,2924
26,2927
385,2934
120,2944
378,2945
398,2946
125,2953
117,2959
305,2959
20,2965
191,2969
406,2978
353,2986
313,2995
242,2998
284,2998
325,2999
9,3000
440,3007
390,3010
272,3022
311,3026
479,3033
112,3037
365,3055
296,3058
381,3064
90,3093
183,3094
217,3095
97,3104
486,3110
395,3110
139,3116
391,3119
218,3126
56,3140
318,3146
368,3159
114,3163
29,3165
367,3177
33,3187
372,3189
2,3193
373,3193
382,3196
334,3204
243,3210
141,3225
331,3231
227,3237
257,3243
68,3245
423,3255
65,3264
59,3265
361,3265
134,3276
38,3290
50,3298
245,3298
287,3301
32,3304
167,3314
5,3314
138,3327
269,3333
295,3347
364,3348
81,3348
209,3358
271,3368
3,3369
144,3375
431,3381
208,3423
215,3430
393,3446
156,3459
126,3462
37,3467
456,3492
34,3498
289,3502
10,3506
42,3515
104,3520
347,3532
394,3566
177,3573
67,3578
277,3579
495,3580
441,3591
281,3602
142,3623
376,3643
69,3645
260,3646
263,3655
397,3672
256,3680
163,3702
396,3703
165,3735
98,3736
400,3748
371,3759
187,3768
46,3783
375,3784
17,3803
416,3819
115,3821
47,3840
258,3845
462,3851
252,3855
211,3875
290,3891
174,3898
30,3903
434,3904
195,3934
342,3971
265,3975
494,3980
314,3999
130,4009
341,4024
43,4028
75,4034
463,4049
71,4051
123,4081
380,4114
421,4117
99,4144
102,4172
229,4199
136,4232
151,4244
146,4297
35,4327
461,4369
404,4383
324,4385
285,4393
189,4408
221,4412
335,4417
474,4553
152,4581
497,4598
193,4626
96,4654
383,4668
369,4762
172,4791
79,4797
45,4807
329,4864
41,4883
276,4941
273,4944
171,4964
498,5015
374,5046
349,5119
132,5209
219,5247
145,5329
299,5356
322,5399
259,5440
464,5483
467,5687
223,5794
297,5795
246,5862
173,5877
288,6247
496,6737
452,7351

simblock.block.ProofOfWorkBlock@3bb528ef:91
89,0
440,401
492,556
328,709
352,813
200,861
122,961
350,969
337,1112
272,1112
250,1119
54,1129
338,1267
345,1267
161,1272
482,1278
490,1291
8,1372
406,1373
471,1420
315,1427
389,1428
216,1443
496,1451
148,1515
393,1518
22,1520
63,1526
124,1526
1,1538
321,1580
367,1581
473,1587
214,1603
266,1603
448,1667
196,1674
27,1675
356,1676
447,1676
239,1679
311,1685
95,1689
336,1694
205,1696
426,1742
24,1757
253,1760
386,1774
143,1820
128,1825
343,1826
186,1828
31,1829
472,1834
475,1835
7,1840
135,1841
116,1846
441,1847
162,1847
249,1849
454,1850
90,1854
476,1856
179,1898
70,1915
201,1917
493,1924
136,1925
477,1931
210,1933
484,1942
411,1949
163,1972
88,1980
154,1980
110,1984
36,1987
61,1989
439,1990
346,1993
178,1999
435,2001
137,2002
405,2002
340,2004
118,2009
208,2009
415,2016
424,2025
66,2029
184,2058
77,2078
500,2081
402,2081
445,2085
303,2086
478,2087
357,2091
188,2092
94,2094
270,2096
13,2101
450,2102
226,2104
301,2111
141,2120
117,2126
437,2134
21,2139
304,2146
212,2148
453,2154
310,2156
100,2161
72,2161
29,2162
332,2163
428,2165
133,2165
485,2166
486,2180
351,2183
224,2183
74,2186
101,2187
275,2210
409,2211
438,2216
204,2235
430,2238
282,2239
85,2239
170,2240
408,2241
397,2241
53,2242
157,2242
302,2245
44,2246
248,2247
410,2248
308,2249
433,2249
293,2251
39,2253
129,2254
113,2255
348,2256
330,2256
451,2261
155,2266
463,2269
20,2270
52,2285
287,2292
487,2294
267,2294
159,2295
156,2300
168,2305
387,2309
236,2310
92,2311
319,2318
414,2318
107,2319
413,2325
18,2328
479,2331
422,2331
459,2334
370,2336
190,2352
382,2352
230,2364
93,2366
209,2369
381,2382
401,2391
283,2391
325,2392
131,2392
286,2395
255,2397
185,2397
494,2399
333,2400
399,2402
140,2408
164,2409
417,2412
279,2413
199,2414
488,2418
362,2419
324,2419
4,2422
379,2429
73,2429
84,2436
112,2446
51,2448
388,2452
427,2453
353,2453
32,2454
468,2462
449,2468
457,2471
180,2471
176,2477
363,2483
257,2487
460,2488
194,2505
203,2505
247,2509
55,2521
37,2523
151,2536
130,2536
17,2541
483,2553
366,2553
12,2557
298,2559
177,2561
280,2564
320,2566
344,2571
392,2580
294,2581
105,2584
121,2586
103,2588
365,2588
198,2588
181,2590
418,2591
202,2601
431,2607
497,2614
2,2614
211,2623
269,2625
425,2631
91,2631
307,2643
111,2648
60,2652
480,2658
120,2662
83,2663
49,2666
40,2667
404,2667
165,2669
258,2669
28,2673
191,2676
394,2679
33,2681
126,2695
407,2706
429,2711
215,2714
96,2719
358,2719
466,2722
339,2726
297,2727
5,2737
331,2739
35,2739
57,2739
102,2742
235,2744
289,2748
245,2749
98,2749
474,2750
87,2753
25,2762
228,2765
349,2770
64,2772
220,2776
306,2779
432,2790
274,2791
213,2795
160,2800
458,2801
465,2802
80,2803
499,2804
369,2809
46,2827
150,2827
227,2837
442,2838
195,2846
59,2855
403,2859
420,2863
291,2866
400,2873
312,2878
373,2893
76,2900
240,2916
262,2917
265,2918
67,2922
281,2924
360,2924
175,2927
313,2934
327,2935
149,2937
378,2939
390,2939
443,2947
244,2951
127,2952
229,2958
206,2968
6,2983
166,2984
380,2991
326,2994
38,2995
334,2998
14,2999
361,2999
292,3000
97,3003
26,3005
108,3006
47,3012
231,3017
75,3020
56,3048
416,3057
371,3059
138,3059
109,3066
376,3069
125,3072
254,3073
260,3073
470,3093
305,3122
197,3124
43,3130
219,3131
106,3143
314,3153
290,3167
347,3182
498,3184
114,3192
396,3201
65,3204
223,3204
444,3207
237,3208
238,3208
23,3212
455,3213
323,3223
71,3230
30,3249
384,3249
232,3251
42,3258
355,3263
359,3268
221,3272
193,3273
251,3279
134,3283
271,3313
79,3330
234,3335
182,3338
469,3340
299,3345
68,3361
139,3381
318,3391
50,3441
374,3444
19,3458
169,3469
187,3473
11,3485
329,3489
207,3502
158,3507
241,3516
316,3527
222,3528
364,3561
3,3568
452,3593
144,3611
153,3616
173,3639
322,3652
261,3659
123,3660
104,3661
217,3666
242,3692
34,3725
45,3726
256,3730
398,3739
300,3757
225,3763
115,3770
86,3772
146,3774
48,3785
119,3793
277,3793
233,3812
456,3851
183,3881
192,3887
377,3927
317,3930
461,3962
58,3964
385,4029
436,4030
41,4046
446,4068
62,4083
99,4087
69,4088
467,4099
391,4107
142,4109
263,4124
412,4126
296,4177
252,4180
82,4235
341,4265
309,4285
147,4297
395,4321
81,4341
368,4393
481,4409
419,4439
145,4447
375,4481
354,4503
276,4512
16,4546
171,4561
9,4564
78,4592
189,4649
278,4700
335,4701
243,4736
491,4746
152,4794
489,4852
264,4906
372,4942
167,5017
172,5043
423,5080
342,5180
174,5189
464,5283
434,5453
10,5459
462,5549
259,5582
268,5720
495,5816
284,5843
218,6000
295,6017
383,6086
15,6273
421,6355
273,6623
285,6893
132,7170
288,7549
246,7932

simblock.block.ProofOfWorkBlock@20f975fa:91
356,0
445,411
485,568
105,722
419,816
337,875
466,969
185,973
84,1027
315,1126
340,1135
448,1136
407,1220
64,1284
156,1288
320,1294
90,1300
51,1372
124,1373
29,1377
304,1439
213,1446
184,1450
392,1525
93,1527
206,1530
401,1539
179,1542
497,1574
282,1591
453,1602
22,1604
148,1624
274,1677
163,1683
72,1683
330,1690
311,1691
103,1692
36,1696
449,1696
373,1756
70,1757
161,1774
92,1776
57,1782
431,1789
95,1832
31,1839
37,1841
278,1844
487,1845
351,1846
211,1849
272,1852
344,1852
439,1854
399,1855
328,1859
301,1881
310,1909
430,1926
199,1928
348,1930
261,1935
116,1935
475,1945
97,1974
8,1995
201,1996
366,1996
160,2001
476,2004
389,2005
458,2007
473,2008
155,2009
153,2009
135,2022
106,2027
486,2060
489,2078
63,2080
18,2082
490,2082
471,2087
319,2087
332,2088
293,2098
307,2101
170,2102
15,2108
478,2111
131,2113
500,2116
16,2148
121,2148
262,2151
212,2153
343,2157
429,2158
236,2160
403,2160
78,2161
25,2162
13,2172
127,2176
35,2176
447,2187
270,2188
204,2231
477,2232
86,2234
309,2235
60,2242
470,2247
180,2250
303,2254
110,2257
77,2261
427,2269
7,2269
218,2272
451,2272
235,2277
117,2280
306,2280
58,2302
248,2302
94,2307
54,2307
495,2308
53,2314
450,2318
222,2328
428,2330
202,2330
484,2333
253,2340
408,2341
417,2345
292,2350
234,2375
123,2380
21,2384
414,2385
28,2387
277,2388
157,2394
158,2403
40,2408
302,2411
324,2411
483,2413
205,2414
405,2422
88,2422
1,2426
220,2427
169,2434
82,2434
494,2436
325,2438
209,2440
5,2442
482,2455
194,2456
56,2467
435,2473
264,2483
62,2484
190,2488
443,2490
279,2497
129,2502
59,2519
249,2519
178,2538
368,2541
83,2543
33,2546
44,2556
143,2557
85,2558
91,2563
196,2563
200,2567
52,2570
176,2574
75,2574
318,2574
3,2578
24,2580
416,2580
338,2581
61,2588
203,2595
376,2595
239,2608
480,2609
432,2619
358,2621
111,2622
454,2626
136,2640
433,2641
488,2641
465,2644
459,2650
258,2653
32,2655
12,2658
336,2658
19,2660
418,2661
177,2690
347,2692
286,2693
164,2694
65,2705
436,2707
404,2708
107,2710
73,2715
100,2718
226,2733
388,2733
214,2734
441,2735
267,2736
96,2743
345,2751
294,2761
444,2767
188,2781
422,2781
283,2789
426,2795
409,2810
382,2810
49,2813
455,2815
159,2816
167,2836
390,2836
187,2837
369,2839
273,2841
381,2841
284,2844
402,2846
46,2847
479,2848
425,2849
150,2859
238,2863
101,2865
412,2867
144,2871
365,2872
20,2886
357,2889
352,2896
241,2913
464,2914
323,2914
367,2916
113,2918
289,2921
134,2921
462,2921
6,2927
149,2928
166,2928
457,2934
387,2937
175,2937
183,2939
440,2940
109,2949
391,2951
132,2958
499,2963
280,2975
147,2976
362,2992
296,2992
420,2997
415,2999
468,3000
268,3003
233,3005
118,3012
140,3029
17,3030
217,3038
360,3044
285,3052
317,3066
197,3066
321,3067
333,3067
386,3069
384,3069
139,3084
108,3084
397,3087
406,3087
255,3090
245,3092
361,3095
370,3106
313,3108
210,3110
437,3115
339,3119
26,3126
14,3129
120,3134
300,3136
133,3154
27,3158
424,3160
198,3182
192,3185
363,3187
469,3189
460,3198
154,3203
87,3204
254,3210
481,3216
137,3217
230,3224
104,3225
181,3228
186,3228
275,3232
146,3232
446,3241
411,3243
331,3244
379,3259
353,3268
257,3287
299,3290
89,3298
152,3301
250,3313
355,3320
45,3321
227,3323
80,3325
9,3326
141,3336
312,3343
329,3348
452,3348
216,3350
438,3350
326,3353
380,3358
224,3369
288,3371
491,3378
375,3386
208,3396
327,3401
231,3414
434,3427
232,3428
98,3430
182,3450
237,3458
4,3472
493,3475
251,3478
271,3485
374,3487
162,3489
383,3499
377,3500
219,3512
395,3523
42,3530
398,3532
126,3534
421,3536
246,3538
467,3545
305,3577
23,3583
393,3596
341,3603
119,3604
11,3609
291,3615
244,3620
290,3627
55,3631
298,3643
168,3652
314,3673
102,3700
34,3702
378,3718
225,3719
99,3719
394,3724
463,3745
71,3746
472,3755
66,3806
354,3829
39,3835
287,3857
456,3869
38,3873
316,3880
130,3881
50,3892
240,3892
172,3907
349,3908
334,3911
81,3921
269,3971
263,3987
242,3989
191,3993
385,4010
76,4073
122,4101
142,4107
229,4110
496,4136
47,4147
228,4149
115,4183
189,4192
125,4224
281,4247
2,4259
79,4282
68,4293
252,4306
30,4313
151,4338
138,4405
207,4411
173,4487
74,4489
260,4495
266,4499
112,4527
400,4552
114,4608
145,4627
69,4664
461,4704
265,4709
372,4728
308,4771
423,4786
165,4795
221,4840
364,4875
342,4882
346,4934
48,4934
67,4941
474,5007
297,5144
359,5148
41,5165
256,5175
171,5194
335,5265
195,5323
276,5390
215,5416
174,5571
295,5580
243,5605
10,5643
396,5686
43,5707
223,6037
322,6068
371,6092
498,6446
259,6492
193,6839

simblock.block.ProofOfWorkBlock@67d61801:91
74,0
35,482
394,668
192,853
15,965
102,1045
379,1150
480,1153
19,1250
120,1332
462,1335
147,1340
144,1436
464,1453
316,1518
280,1524
97,1528
380,1528
117,1624
123,1633
6,1646
390,1703
49,1713
327,1713
313,1717
251,1735
87,1819
329,1820
101,1835
130,1836
300,1892
281,1902
389,1903
436,1904
331,1908
234,1919
215,1921
470,1939
463,2002
385,2004
370,2007
228,2024
47,2026
80,2054
134,2079
149,2090
325,2096
347,2101
141,2104
298,2107
397,2127
63,2183
486,2202
403,2214
257,2238
342,2245
349,2276
476,2281
14,2283
346,2288
358,2289
469,2290
465,2298
128,2305
83,2306
304,2367
376,2371
442,2394
37,2400
344,2407
36,2462
182,2475
42,2476
132,2481
424,2486
418,2492
468,2492
488,2525
211,2529
306,2555
75,2559
415,2568
264,2583
202,2586
277,2588
210,2646
416,2670
27,2674
381,2677
122,2685
169,2725
124,2740
33,2748
309,2753
402,2758
77,2768
278,2771
479,2776
110,2806
308,2809
178,2843
428,2846
336,2862
187,2869
174,2892
244,2910
253,2925
131,2934
91,2948
118,2958
70,2976
113,3030
164,3035
31,3048
12,3049
29,3056
295,3083
148,3087
262,3094
289,3096
412,3126
384,3129
392,3133
352,3139
212,3151
127,3205
375,3234
55,3236
393,3240
447,3264
475,3314
177,3315
204,3316
477,3325
283,3328
93,3336
92,3374
4,3374
311,3376
471,3408
409,3411
310,3418
491,3431
322,3436
66,3487
307,3520
357,3521
161,3542
152,3585
263,3590
16,3595
399,3602
153,3606
231,3609
343,3613
413,3659
356,3675
121,3692
21,3698
482,3712
374,3725
99,3727
224,3767
9,3788
330,3798
105,3827
420,3873
186,3883
69,3884
337,3886
51,3888
18,3892
499,3937
190,3953
107,3974
206,3996
345,4046
5,4047
360,4078
373,4089
58,4105
359,4145
221,4149
422,4150
466,4164
369,4166
333,4168
94,4170
84,4219
100,4235
246,4239
493,4273
354,4282
406,4372
282,4382
297,4389
296,4436
417,4449
425,4450
362,4490
243,4497
176,4509
115,4509
86,4512
395,4523
163,4557
481,4593
11,4600
229,4630
143,4653
348,4665
81,4740
223,4757
172,4793
34,4809
319,4814
60,4840
299,4855
219,4873
301,4936
95,4939
180,4944
391,4959
227,4989
218,5059
158,5092
10,5116
226,5118
290,5148
193,5164
216,5225
232,5295
38,5348
448,5371
467,5460
371,5468
339,5482
292,5511
41,5516
498,5579
335,5652
40,5663
189,5705
145,5820
142,6007
456,6022
136,6025
266,6068
208,6581
320,6627
239,7126
185,7187
453,7745
443,8305

simblock.block.ProofOfWorkBlock@3fd54534:92
382,0
141,496
169,690
5,877
144,988
140,1165
49,1170
381,1177
241,1356
370,1356
20,1363
427,1443
74,1475
403,1541
342,1545
175,1550
420,1569
35,1653
379,1669
469,1672
176,1721
186,1726
416,1732
497,1740
330,1830
159,1839
220,1841
166,1847
128,1847
281,1858
317,1860
119,1872
236,1905
384,1918
42,1927
19,1961
8,1975
337,1999
93,2007
198,2026
15,2027
2,2029
434,2030
289,2032
424,2046
349,2047
383,2058
39,2060
65,2105
47,2117
492,2124
440,2126
477,2132
170,2134
280,2138
102,2148
433,2149
25,2151
87,2155
313,2162
405,2213
436,2213
197,2214
269,2215
462,2222
486,2223
165,2233
234,2235
64,2249
471,2253
386,2284
279,2285
12,2288
56,2292
123,2305
24,2309
412,2309
320,2312
131,2320
257,2327
14,2328
117,2333
151,2334
273,2337
62,2338
407,2340
310,2342
285,2346
411,2350
59,2353
460,2370
163,2376
244,2399
218,2399
238,2405
262,2405
278,2406
210,2406
274,2408
132,2409
78,2413
48,2414
90,2415
385,2418
251,2421
419,2428
161,2437
28,2437
111,2440
465,2451
231,2463
286,2479
359,2481
21,2492
86,2496
114,2508
76,2511
80,2514
237,2515
83,2520
394,2521
329,2522
61,2530
185,2532
463,2535
26,2536
112,2539
350,2539
277,2540
325,2541
321,2545
332,2550
301,2553
135,2557
127,2561
7,2562
205,2565
415,2580
215,2587
426,2587
46,2591
478,2592
249,2594
36,2596
414,2598
446,2601
388,2601
268,2605
101,2608
283,2616
149,2621
307,2627
323,2628
213,2645
160,2650
357,2665
431,2666
387,2678
336,2684
178,2685
16,2685
380,2689
157,2693
70,2693
315,2694
150,2695
228,2695
204,2700
404,2704
52,2705
438,2709
192,2712
464,2713
212,2714
118,2716
500,2718
106,2722
224,2723
397,2726
75,2727
421,2729
203,2732
425,2739
13,2741
168,2762
331,2777
377,2785
153,2786
206,2786
177,2788
107,2795
77,2798
272,2801
480,2803
182,2807
240,2807
470,2814
447,2817
33,2817
293,2817
338,2820
184,2822
358,2824
96,2829
270,2831
365,2833
483,2836
27,2837
222,2839
85,2840
60,2842
255,2846
266,2846
361,2847
308,2848
479,2848
6,2852
429,2859
348,2859
487,2866
264,2868
344,2875
137,2875
304,2881
73,2884
267,2884
130,2885
445,2886
311,2887
496,2888
225,2891
401,2892
459,2892
120,2898
489,2901
409,2903
351,2907
355,2911
191,2919
468,2919
346,2920
294,2941
54,2946
340,2962
432,2963
453,2965
318,2966
179,2967
475,2973
494,2974
298,2975
167,2976
18,2977
254,2980
376,2982
484,2988
389,2989
31,2991
40,2992
214,2993
390,2998
352,3000
396,3000
199,3005
261,3010
316,3011
66,3017
22,3028
126,3029
362,3032
450,3052
418,3055
245,3060
200,3063
466,3063
11,3081
129,3085
3,3090
292,3093
451,3100
99,3102
367,3105
82,3106
410,3109
233,3120
134,3121
441,3125
443,3130
17,3132
473,3132
437,3133
58,3137
148,3145
499,3147
235,3148
493,3156
457,3166
154,3166
458,3167
247,3172
95,3173
422,3183
121,3185
300,3186
455,3186
305,3186
195,3189
297,3191
363,3192
456,3207
454,3216
452,3222
188,3225
92,3245
88,3248
23,3251
187,3253
399,3255
406,3256
109,3258
345,3262
124,3268
100,3272
430,3273
133,3277
400,3283
373,3287
122,3288
253,3294
333,3299
183,3312
288,3327
275,3330
423,3340
442,3341
211,3347
448,3347
147,3362
439,3371
152,3372
449,3382
242,3388
364,3392
398,3400
393,3407
194,3413
216,3425
303,3427
495,3434
271,3439
164,3439
413,3440
143,3451
37,3452
207,3454
482,3459
202,3460
171,3460
306,3462
53,3462
356,3464
265,3493
246,3499
81,3504
103,3511
97,3525
158,3529
136,3533
57,3538
402,3539
334,3546
190,3554
43,3554
324,3564
201,3568
408,3574
51,3579
260,3585
30,3586
326,3607
208,3611
67,3615
295,3616
44,3637
209,3639
189,3642
71,3648
299,3650
391,3653
287,3657
327,3670
481,3682
230,3688
32,3694
180,3694
91,3706
258,3717
250,3717
328,3728
474,3736
4,3740
84,3744
472,3750
162,3753
155,3756
312,3806
196,3810
227,3814
94,3817
339,3826
488,3842
395,3846
476,3847
467,3868
444,3877
372,3879
378,3912
72,3923
115,3929
485,3934
353,3938
347,3962
55,3985
435,3987
181,3987
89,3999
146,4001
29,4009
392,4017
104,4020
248,4033
368,4034
116,4036
490,4088
369,4089
335,4095
98,4100
319,4104
375,4174
291,4206
172,4225
354,4240
108,4254
282,4265
302,4273
229,4274
243,4276
69,4277
239,4278
226,4287
309,4296
63,4310
113,4320
50,4343
223,4351
417,4382
221,4440
360,4528
156,4554
428,4557
232,4577
173,4584
110,4590
79,4590
125,4600
314,4633
68,4639
138,4646
341,4651
259,4658
343,4665
374,4670
461,4671
371,4810
105,4834
45,4865
366,4870
498,4883
276,4933
219,4936
252,4951
142,5012
145,5014
193,5029
491,5117
1,5148
217,5163
290,5220
9,5236
284,5288
263,5294
139,5317
322,5369
296,5384
174,5427
256,5499
38,5588
41,5737
34,6093
10,6446

simblock.block.ProofOfWorkBlock@23926423:93
94,0
143,403
282,566
1,740
338,834
308,893
124,987
211,1023
155,1047
158,1142
118,1143
93,1183
368,1204
447,1239
357,1294
44,1296
272,1296
475,1336
107,1372
233,1390
499,1397
439,1433
311,1450
39,1452
484,1453
262,1493
214,1527
58,1542
459,1546
328,1554
24,1555
166,1563
405,1598
239,1600
95,1605
278,1613
352,1617
399,1617
333,1642
419,1648
264,1696
210,1698
437,1699
294,1702
53,1704
89,1705
60,1706
162,1709
179,1748
392,1752
369,1759
343,1760
451,1766
54,1771
205,1780
157,1785
113,1792
270,1795
201,1800
319,1816
431,1835
344,1837
350,1848
409,1853
140,1854
62,1855
13,1856
367,1859
413,1859
129,1867
190,1871
82,1873
180,1898
28,1905
337,1907
315,1917
320,1921
31,1925
200,1935
92,1936
135,1940
449,1947
253,1951
57,1953
88,1956
275,1959
427,1963
84,1964
100,1969
241,1971
78,2000
137,2000
477,2003
286,2007
351,2009
185,2009
61,2009
422,2010
122,2010
448,2011
206,2011
29,2018
226,2021
121,2026
321,2026
489,2030
14,2032
116,2034
127,2051
63,2051
401,2061
445,2069
204,2073
408,2078
86,2084
66,2087
16,2089
478,2096
203,2100
488,2102
420,2102
186,2105
492,2108
470,2109
473,2111
188,2112
457,2113
136,2118
332,2120
8,2121
236,2122
485,2138
428,2154
261,2154
304,2155
460,2157
21,2158
425,2162
70,2163
366,2163
250,2163
393,2163
417,2164
305,2164
454,2174
91,2174
212,2180
377,2185
450,2185
339,2187
40,2189
199,2194
483,2195
279,2197
168,2198
194,2198
330,2203
77,2205
414,2208
453,2210
102,2213
167,2216
307,2219
407,2223
156,2234
410,2237
348,2240
345,2242
144,2247
248,2249
64,2254
389,2261
402,2265
161,2265
85,2266
406,2267
283,2268
230,2271
25,2272
176,2272
310,2274
231,2274
56,2276
208,2279
22,2286
432,2293
47,2295
384,2297
491,2306
274,2313
110,2314
324,2316
466,2318
178,2319
435,2322
430,2326
476,2328
3,2328
160,2329
302,2332
340,2335
105,2337
440,2338
216,2339
386,2340
443,2340
18,2344
154,2349
500,2351
387,2360
421,2364
147,2375
312,2377
287,2391
103,2391
148,2392
494,2400
442,2403
493,2404
165,2405
72,2407
36,2418
429,2422
244,2423
27,2426
458,2429
20,2430
266,2433
441,2433
141,2436
12,2455
418,2462
7,2462
153,2466
482,2469
356,2469
291,2472
363,2475
184,2476
213,2480
114,2481
164,2482
196,2482
65,2485
306,2493
48,2494
487,2497
433,2497
202,2498
255,2507
225,2509
303,2518
446,2523
376,2530
463,2536
33,2536
209,2537
117,2546
490,2546
170,2548
438,2551
358,2553
298,2563
15,2565
293,2566
128,2571
301,2572
381,2590
224,2590
267,2590
245,2603
120,2603
495,2604
130,2607
55,2611
198,2614
412,2617
269,2621
362,2624
133,2628
346,2635
258,2637
240,2648
51,2652
289,2662
131,2674
35,2679
497,2682
373,2687
235,2693
390,2697
496,2699
331,2699
415,2705
455,2708
80,2710
76,2715
444,2715
4,2721
411,2735
169,2735
465,2737
254,2737
152,2739
101,2746
424,2749
380,2750
300,2755
192,2755
108,2767
163,2770
292,2772
436,2780
472,2783
325,2788
34,2794
290,2794
6,2802
464,2804
5,2807
336,2808
96,2812
83,2815
397,2816
150,2820
112,2831
159,2832
486,2837
388,2837
175,2841
382,2841
126,2845
138,2845
43,2856
69,2859
87,2861
106,2861
249,2864
327,2866
341,2867
479,2868
26,2872
41,2876
79,2877
391,2880
329,2880
383,2882
400,2885
265,2890
49,2915
309,2923
285,2925
374,2928
371,2928
480,2929
426,2937
191,2939
469,2954
416,2956
354,2964
471,2966
252,2973
251,2976
273,2981
452,2990
215,3001
19,3002
323,3004
468,3004
370,3019
234,3021
50,3031
42,3051
237,3057
73,3071
227,3075
365,3077
220,3083
299,3084
181,3086
276,3087
32,3097
119,3098
359,3105
222,3118
139,3130
59,3130
17,3132
109,3136
23,3172
238,3182
219,3191
189,3191
187,3193
46,3195
317,3203
263,3209
52,3215
75,3229
474,3230
243,3230
378,3232
228,3239
361,3247
99,3253
355,3266
37,3285
394,3286
67,3307
498,3309
277,3322
182,3323
142,3360
462,3367
247,3369
134,3377
232,3383
404,3386
281,3399
295,3440
149,3451
364,3458
111,3460
260,3462
434,3463
221,3469
318,3470
288,3473
90,3505
326,3508
461,3512
217,3514
68,3553
132,3558
115,3566
379,3589
11,3599
223,3630
353,3632
193,3634
280,3672
334,3675
146,3700
2,3727
74,3737
151,3741
372,3746
125,3757
172,3766
229,3771
183,3804
173,3820
9,3829
30,3855
403,3861
398,3864
456,3886
38,3888
360,3944
268,4002
347,4004
123,4007
71,4027
98,4051
375,4066
197,4126
271,4152
45,4163
171,4213
207,4249
314,4267
342,4268
177,4270
481,4274
257,4392
395,4408
242,4532
316,4538
81,4596
195,4658
349,4659
174,4661
297,4720
423,4788
97,4808
396,4930
467,4970
296,5038
313,5078
335,5171
246,5312
218,5343
104,5417
256,5559
385,5610
322,5798
10,5938
145,5990
284,6330
259,6399

simblock.block.ProofOfWorkBlock@4c22e578:94
107,0
315,406
16,560
135,714
110,809
233,870
274,962
309,963
94,1022
489,1114
402,1121
473,1122
204,1175
415,1219
386,1271
310,1274
113,1277
453,1279
157,1332
448,1372
351,1372
61,1373
53,1424
88,1426
412,1429
267,1431
389,1438
51,1520
477,1524
18,1525
346,1526
422,1527
401,1528
457,1578
405,1581
210,1583
1,1584
211,1593
330,1595
234,1599
266,1623
488,1675
121,1677
250,1678
4,1680
103,1680
345,1681
426,1681
188,1683
105,1685
226,1715
262,1734
64,1734
124,1735
57,1736
214,1742
485,1747
164,1748
332,1776
367,1777
272,1778
93,1778
27,1827
176,1830
60,1830
116,1833
340,1833
413,1834
328,1835
459,1835
307,1835
86,1838
160,1838
155,1840
363,1844
127,1855
443,1869
434,1880
449,1889
435,1890
279,1891
352,1893
143,1895
180,1903
460,1904
118,1926
213,1930
179,1930
333,1930
278,1932
128,1934
475,1936
21,1936
366,1947
158,1960
25,1979
208,1983
425,1985
275,1986
185,1986
430,1988
484,1988
304,1989
420,1990
458,1990
337,1990
491,1992
203,1992
264,1993
202,1994
321,1995
89,1996
369,2000
286,2008
168,2027
440,2033
283,2042
161,2046
91,2049
231,2049
282,2052
306,2057
28,2081
414,2081
343,2083
24,2084
36,2085
408,2085
7,2087
82,2087
302,2089
52,2092
63,2100
356,2100
72,2103
357,2116
432,2122
13,2127
8,2138
44,2139
58,2139
419,2139
478,2141
466,2142
162,2143
409,2143
303,2143
336,2144
348,2146
216,2146
102,2147
239,2147
255,2148
248,2149
224,2149
490,2150
156,2154
54,2155
212,2165
493,2166
454,2171
319,2173
177,2175
186,2185
22,2187
483,2191
470,2199
368,2200
441,2205
29,2205
308,2206
31,2215
205,2233
410,2236
445,2237
499,2240
312,2240
406,2244
12,2244
122,2245
338,2245
293,2247
305,2249
433,2255
494,2256
129,2260
427,2262
74,2266
373,2270
78,2271
90,2278
87,2278
190,2280
350,2291
153,2291
66,2295
167,2299
387,2299
500,2303
311,2304
482,2305
439,2306
399,2307
175,2309
417,2310
40,2316
447,2321
428,2323
476,2337
450,2338
147,2341
471,2348
19,2351
77,2355
294,2356
236,2357
100,2357
455,2364
463,2368
339,2372
492,2374
437,2378
344,2385
194,2388
496,2389
55,2392
287,2404
169,2405
465,2408
151,2408
247,2409
70,2410
199,2413
80,2413
376,2414
436,2416
170,2417
166,2418
270,2418
73,2425
184,2428
112,2428
407,2433
5,2437
269,2438
277,2442
163,2444
472,2448
403,2451
62,2459
200,2461
487,2462
323,2466
196,2474
144,2475
201,2478
76,2478
353,2480
14,2483
136,2490
393,2494
398,2494
438,2509
56,2510
85,2510
154,2520
84,2530
379,2539
222,2542
120,2545
451,2562
39,2564
480,2565
390,2565
148,2566
140,2572
318,2573
394,2577
320,2580
497,2581
181,2587
65,2591
197,2593
416,2594
424,2594
261,2596
95,2605
132,2610
207,2627
253,2627
464,2636
495,2637
109,2641
150,2655
326,2674
244,2675
285,2678
225,2680
206,2682
149,2682
444,2683
240,2684
114,2685
9,2689
48,2690
209,2692
20,2694
134,2695
191,2703
329,2704
3,2711
377,2718
137,2725
462,2731
429,2733
327,2734
290,2737
26,2738
101,2741
446,2742
418,2750
396,2750
133,2758
237,2759
229,2761
301,2762
347,2769
130,2775
97,2779
221,2781
392,2782
215,2784
442,2786
257,2796
358,2814
50,2824
370,2832
49,2833
92,2834
395,2834
232,2837
317,2838
35,2845
381,2853
235,2872
292,2876
268,2882
6,2903
223,2906
241,2907
383,2918
423,2918
313,2920
391,2926
230,2936
17,2940
111,2944
263,2946
192,2947
362,2949
380,2952
322,2956
75,2958
342,2958
238,2963
242,2965
361,2971
271,2974
388,2991
411,2998
316,2999
254,3000
123,3019
220,3029
324,3035
42,3037
15,3045
187,3047
364,3059
341,3073
265,3085
178,3089
360,3098
59,3104
486,3107
331,3118
452,3124
498,3129
298,3141
349,3147
354,3154
193,3165
30,3176
182,3176
81,3199
382,3209
468,3209
246,3212
217,3217
79,3219
365,3223
23,3223
228,3224
34,3225
99,3237
421,3263
83,3266
37,3284
260,3285
335,3299
299,3300
218,3314
469,3322
314,3334
481,3335
104,3338
252,3340
474,3341
284,3355
325,3363
431,3374
171,3378
404,3387
359,3406
281,3412
152,3415
131,3424
32,3444
461,3452
355,3475
117,3475
479,3499
384,3538
378,3545
289,3549
372,3568
291,3589
165,3593
174,3609
172,3627
126,3632
276,3653
245,3657
219,3664
106,3678
139,3713
125,3733
69,3736
256,3743
46,3746
258,3756
397,3770
227,3803
198,3806
297,3814
119,3820
456,3827
375,3851
47,3856
273,3858
2,3901
96,3923
280,3946
296,4007
41,4042
249,4075
300,4124
71,4129
108,4130
288,4134
146,4144
138,4152
115,4156
11,4169
10,4206
45,4217
374,4315
98,4326
141,4398
33,4435
43,4513
189,4514
68,4585
243,4590
295,4659
385,4666
38,4703
142,4709
159,4709
400,4899
67,4907
251,4977
183,5029
371,5058
145,5086
195,5292
334,5441
259,5483
467,5880
173,6333

simblock.block.ProofOfWorkBlock@6f88b04c:95
286,0
22,401
203,557
401,712
278,802
453,867
86,954
58,960
39,1021
340,1119
445,1122
53,1130
85,1188
18,1205
426,1271
148,1272
408,1275
428,1294
7,1340
93,1358
184,1359
333,1364
377,1428
140,1432
180,1433
412,1451
62,1471
392,1496
155,1512
435,1513
124,1520
156,1524
386,1529
466,1533
303,1584
266,1586
31,1592
91,1599
449,1604
274,1613
127,1625
369,1650
116,1666
40,1669
336,1675
70,1677
92,1678
351,1681
72,1685
211,1686
27,1689
450,1696
387,1737
264,1745
55,1749
302,1751
13,1757
239,1762
493,1770
157,1772
253,1774
230,1776
201,1780
457,1819
352,1821
213,1830
272,1830
328,1831
84,1831
460,1835
164,1836
367,1842
94,1843
160,1843
487,1845
427,1849
425,1859
154,1875
422,1889
348,1897
61,1904
21,1906
293,1906
309,1916
305,1917
196,1917
218,1918
282,1919
63,1925
24,1926
158,1928
399,1928
337,1929
202,1930
135,1937
190,1962
321,1973
179,1975
178,1985
407,1985
236,1988
389,1991
476,1991
356,1996
8,1996
306,1997
205,1997
103,1997
494,2003
307,2008
406,2010
357,2027
129,2032
36,2040
308,2042
210,2053
483,2055
405,2058
204,2061
430,2063
443,2069
82,2069
51,2071
250,2078
451,2081
137,2081
270,2081
343,2084
409,2085
350,2087
417,2089
287,2093
161,2094
105,2094
191,2108
485,2115
420,2131
163,2137
439,2139
393,2143
176,2144
402,2145
471,2146
185,2148
283,2148
194,2149
315,2151
54,2155
188,2159
1,2160
304,2164
312,2166
366,2170
167,2172
159,2172
88,2180
459,2183
107,2186
432,2187
130,2187
149,2194
332,2196
267,2198
429,2199
16,2209
475,2216
60,2222
206,2224
415,2227
275,2234
484,2235
168,2235
226,2235
89,2237
454,2237
118,2239
363,2242
310,2246
311,2248
473,2250
477,2251
128,2252
373,2254
214,2261
414,2263
345,2265
153,2267
17,2276
255,2280
491,2282
482,2284
500,2297
338,2297
57,2302
262,2303
64,2307
133,2307
113,2308
419,2310
12,2313
440,2318
294,2322
359,2324
330,2331
437,2332
114,2339
117,2340
100,2342
281,2342
3,2344
120,2345
14,2349
44,2350
121,2354
358,2356
279,2364
199,2371
413,2377
52,2378
492,2379
208,2379
233,2381
77,2390
200,2391
162,2391
490,2391
458,2395
248,2397
212,2404
209,2404
231,2408
170,2410
46,2421
379,2426
234,2430
96,2432
433,2436
344,2442
136,2445
108,2448
245,2448
78,2448
131,2453
436,2455
346,2455
177,2457
339,2461
447,2465
396,2466
269,2469
442,2477
224,2484
181,2488
499,2489
455,2497
448,2502
404,2513
478,2513
110,2525
237,2528
411,2536
355,2542
225,2544
28,2544
319,2547
23,2550
496,2553
488,2557
175,2565
320,2569
291,2569
421,2569
247,2576
353,2578
76,2581
216,2588
424,2589
169,2590
365,2592
318,2594
261,2603
102,2611
249,2612
186,2613
238,2615
398,2615
403,2623
327,2627
431,2630
441,2634
370,2638
480,2646
280,2648
273,2656
25,2658
73,2659
331,2668
324,2673
197,2676
469,2680
222,2686
90,2689
254,2691
497,2698
489,2699
368,2699
15,2712
26,2716
68,2716
192,2716
147,2720
48,2721
410,2721
463,2721
394,2726
32,2732
277,2734
144,2737
132,2742
80,2755
143,2756
126,2762
390,2770
20,2772
301,2781
481,2783
397,2795
29,2796
42,2802
362,2810
462,2821
95,2828
119,2829
97,2832
292,2836
284,2838
139,2842
166,2848
223,2849
122,2860
268,2860
106,2867
498,2870
383,2882
434,2882
101,2893
112,2896
296,2902
6,2905
298,2906
38,2906
146,2912
35,2912
65,2913
19,2927
142,2929
4,2931
43,2933
334,2939
59,2942
364,2952
416,2954
382,2964
150,2981
66,2981
464,2982
75,2987
263,2990
323,2991
486,2993
258,3005
479,3012
388,3022
74,3023
342,3060
446,3062
326,3079
325,3083
219,3085
347,3087
37,3096
34,3100
215,3102
152,3105
299,3110
240,3127
472,3133
378,3133
381,3134
400,3151
438,3151
243,3163
195,3163
290,3172
371,3175
47,3180
87,3219
395,3224
251,3237
252,3247
452,3248
2,3252
81,3262
134,3272
83,3273
41,3291
385,3295
50,3297
360,3299
265,3307
221,3315
376,3329
341,3332
183,3338
246,3340
198,3341
220,3349
470,3355
384,3361
322,3369
79,3373
56,3376
174,3379
244,3396
495,3400
229,3407
241,3410
285,3450
189,3458
111,3505
193,3514
145,3533
187,3564
444,3597
288,3602
33,3609
49,3616
123,3629
335,3630
138,3665
313,3670
165,3680
109,3705
375,3711
104,3717
297,3740
171,3751
67,3755
30,3775
361,3775
271,3785
228,3864
141,3876
11,3886
289,3900
9,3904
276,3913
465,3950
380,3974
99,3996
232,4045
260,4050
242,4098
300,4129
172,4141
329,4152
317,4160
374,4166
10,4168
418,4170
259,4174
349,4216
257,4253
69,4344
372,4355
461,4401
182,4428
354,4447
468,4448
151,4481
467,4489
98,4510
316,4519
456,4547
423,4558
217,4562
235,4747
5,4788
207,4811
173,4838
125,4843
45,4848
314,4945
71,4965
227,5125
474,5167
295,5285
115,5413
391,5547
256,5928

simblock.block.ProofOfWorkBlock@432c06b1:96
445,0
70,404
340,556
356,709
21,809
213,861
212,961
401,967
185,1015
417,1113
337,1121
160,1121
156,1168
236,1215
406,1264
84,1274
103,1283
201,1289
22,1340
453,1363
377,1370
190,1390
450,1422
105,1427
351,1436
485,1441
294,1467
419,1493
420,1518
475,1523
199,1523
451,1527
127,1527
346,1542
202,1572
399,1575
357,1597
386,1598
206,1623
309,1624
432,1670
460,1671
302,1676
29,1677
483,1680
393,1684
304,1686
170,1691
392,1696
198,1703
282,1712
72,1724
466,1729
24,1745
54,1755
381,1758
422,1764
135,1765
303,1776
414,1776
31,1778
279,1825
307,1826
148,1828
205,1829
408,1831
305,1836
448,1838
64,1840
336,1849
315,1851
343,1853
158,1864
311,1878
454,1883
86,1899
487,1904
426,1917
91,1919
433,1920
352,1929
129,1930
155,1930
233,1931
230,1931
40,1934
167,1943
424,1945
15,1969
196,1978
1,1979
330,1981
95,1982
348,1983
459,1984
25,1985
320,1990
164,1993
275,2002
321,2004
328,2006
210,2010
116,2018
338,2026
318,2026
211,2032
90,2033
430,2037
188,2038
361,2038
435,2040
493,2054
20,2064
124,2066
428,2071
440,2072
186,2073
345,2078
224,2079
333,2082
472,2082
157,2083
62,2084
410,2084
57,2085
136,2089
13,2096
8,2099
27,2101
176,2101
308,2112
94,2118
51,2132
3,2132
473,2137
350,2140
441,2142
58,2146
18,2147
66,2147
100,2153
208,2154
373,2157
63,2161
274,2165
366,2166
389,2170
319,2179
494,2179
332,2182
486,2185
476,2191
446,2192
458,2192
429,2198
203,2199
180,2208
293,2213
93,2219
488,2224
367,2225
96,2225
405,2233
369,2236
471,2237
272,2237
287,2244
36,2245
437,2247
44,2248
65,2248
225,2249
128,2254
133,2254
402,2257
78,2257
317,2258
245,2259
153,2261
339,2263
499,2266
489,2267
409,2269
368,2270
143,2271
6,2276
324,2285
313,2292
53,2294
267,2296
168,2299
137,2304
344,2306
484,2307
161,2308
118,2308
184,2316
46,2318
261,2319
7,2321
427,2321
73,2322
107,2323
55,2327
59,2330
262,2335
82,2339
42,2341
113,2342
17,2342
39,2344
431,2345
457,2349
277,2349
92,2352
250,2361
110,2368
407,2372
477,2386
310,2386
60,2390
482,2390
283,2391
122,2393
370,2398
412,2398
253,2401
478,2404
77,2406
204,2410
154,2410
89,2411
491,2413
462,2414
149,2416
306,2419
492,2423
490,2429
162,2429
269,2433
88,2438
325,2441
447,2449
425,2453
443,2458
266,2458
413,2459
200,2460
231,2462
132,2462
120,2463
159,2464
264,2469
226,2471
439,2473
214,2486
234,2491
75,2492
270,2500
85,2508
37,2515
278,2516
151,2516
286,2523
56,2532
19,2533
117,2536
4,2536
241,2545
178,2546
179,2558
177,2559
237,2563
415,2564
163,2565
500,2566
495,2571
292,2571
403,2577
33,2580
35,2581
28,2586
83,2586
496,2589
209,2591
281,2593
181,2607
416,2607
379,2607
312,2609
49,2609
12,2611
244,2614
355,2616
169,2618
194,2621
273,2627
257,2633
384,2652
131,2655
2,2657
251,2659
387,2661
47,2670
228,2671
383,2678
87,2680
444,2682
134,2685
166,2686
187,2703
216,2703
353,2704
43,2711
140,2711
121,2722
390,2724
150,2726
238,2728
327,2730
254,2739
449,2742
316,2742
126,2754
464,2757
235,2757
363,2773
145,2779
249,2781
497,2785
111,2787
144,2788
16,2813
388,2814
394,2818
48,2823
74,2824
469,2825
139,2827
102,2830
14,2833
106,2836
285,2845
442,2845
334,2847
331,2850
291,2852
23,2855
411,2863
258,2873
248,2875
342,2879
480,2880
362,2884
97,2895
38,2905
189,2913
378,2917
119,2919
470,2931
463,2935
192,2935
130,2948
395,2959
314,2961
255,2965
421,2970
26,2976
207,2978
268,2986
341,2987
67,2988
11,2990
284,2992
376,2996
142,3005
374,3006
296,3007
220,3009
9,3015
52,3020
326,3024
247,3026
239,3028
232,3048
222,3048
215,3055
182,3060
271,3065
434,3095
219,3096
115,3108
380,3115
227,3129
61,3135
108,3138
246,3145
359,3147
479,3151
240,3160
382,3175
34,3183
146,3185
418,3186
80,3197
438,3206
371,3207
260,3218
68,3227
290,3238
391,3243
347,3252
455,3259
5,3261
329,3275
360,3283
76,3286
191,3304
349,3305
385,3314
41,3317
323,3327
217,3331
365,3342
81,3351
452,3360
299,3366
104,3368
175,3380
125,3401
172,3409
114,3414
404,3440
98,3449
468,3455
165,3462
101,3528
138,3529
147,3533
218,3536
256,3543
288,3553
398,3557
112,3578
301,3580
465,3592
456,3622
397,3647
467,3656
481,3657
372,3669
396,3685
195,3710
297,3721
474,3721
109,3729
141,3731
30,3732
322,3752
197,3805
436,3807
69,3817
280,3837
358,3843
298,3847
173,3879
221,3908
79,3921
229,3982
123,3998
152,4041
300,4072
32,4077
498,4083
375,4088
289,4103
99,4122
265,4128
242,4222
252,4271
10,4362
45,4396
259,4435
263,4452
50,4456
193,4466
400,4508
423,4600
461,4664
364,4742
174,4832
276,4833
354,4860
171,4984
295,5101
335,5130
243,5269
183,5297
71,5377
223,5528

simblock.block.ProofOfWorkBlock@76567691:96
126,0
111,484
240,670
285,863
56,964
294,1141
495,1153
166,1153
108,1341
411,1342
317,1349
402,1420
109,1456
358,1527
468,1529
33,1541
443,1551
237,1633
182,1633
244,1647
494,1701
167,1704
497,1713
268,1716
323,1745
245,1818
2,1821
379,1822
477,1822
444,1824
381,1835
177,1835
185,1857
273,1899
257,1908
150,1931
298,1935
199,1955
447,1976
210,1979
209,2005
281,2006
261,2009
222,2010
101,2010
331,2020
486,2020
47,2026
132,2030
251,2044
258,2087
218,2095
113,2108
480,2115
42,2121
280,2121
342,2129
413,2129
16,2165
225,2192
262,2193
385,2196
431,2196
151,2196
169,2198
58,2209
181,2212
397,2216
5,2217
301,2221
134,2233
51,2235
37,2238
422,2274
365,2274
445,2284
230,2284
71,2292
131,2301
83,2304
52,2306
35,2307
119,2308
455,2323
339,2325
370,2328
333,2379
241,2381
87,2382
327,2382
355,2387
416,2389
321,2399
63,2399
462,2400
436,2403
97,2404
300,2407
55,2408
277,2412
479,2418
13,2426
406,2427
394,2427
458,2442
73,2450
307,2474
329,2485
228,2486
396,2486
398,2491
15,2492
26,2492
220,2493
313,2499
488,2500
380,2510
403,2510
187,2514
292,2521
57,2533
190,2536
500,2544
366,2551
211,2556
179,2563
64,2567
197,2569
76,2571
470,2576
65,2577
149,2578
203,2579
130,2579
417,2581
465,2587
80,2592
309,2596
178,2596
446,2597
123,2600
336,2610
429,2612
289,2613
117,2615
249,2621
243,2637
96,2641
438,2671
215,2675
490,2678
4,2679
388,2680
353,2682
235,2683
208,2683
454,2685
382,2685
316,2689
428,2692
338,2693
176,2693
198,2699
359,2700
424,2709
6,2712
463,2719
192,2726
129,2734
161,2737
196,2750
350,2757
404,2758
49,2762
291,2764
362,2770
279,2772
17,2772
412,2778
202,2780
351,2780
105,2782
361,2785
224,2785
120,2788
153,2792
376,2799
469,2799
85,2805
434,2806
112,2811
390,2813
19,2819
283,2832
274,2837
201,2843
319,2847
483,2854
384,2857
25,2858
421,2870
61,2876
175,2882
102,2883
21,2887
75,2888
107,2891
135,2894
499,2894
354,2894
90,2894
160,2895
348,2903
200,2907
59,2917
74,2919
100,2920
147,2947
349,2947
136,2955
158,2958
356,2960
122,2960
275,2962
163,2964
46,2965
254,2967
418,2967
82,2971
435,2971
60,2972
14,2972
387,2977
474,2980
442,2990
276,2991
180,2992
191,2994
20,2997
304,3000
375,3019
311,3038
286,3048
29,3050
216,3052
460,3054
427,3056
392,3057
352,3057
368,3060
363,3063
269,3067
464,3067
496,3069
78,3073
106,3073
110,3075
174,3077
451,3084
475,3086
326,3087
347,3109
415,3113
432,3125
44,3132
50,3134
1,3135
476,3137
206,3139
32,3155
141,3158
346,3160
247,3160
164,3161
154,3166
84,3173
24,3174
127,3184
8,3194
248,3197
72,3203
491,3224
472,3227
207,3228
473,3237
345,3240
272,3241
12,3247
303,3247
7,3249
67,3249
39,3250
466,3254
66,3254
369,3254
133,3254
414,3256
99,3262
263,3262
498,3266
449,3268
53,3269
27,3276
377,3276
128,3277
399,3280
310,3318
239,3328
137,3328
293,3330
194,3331
11,3332
334,3335
419,3342
31,3344
68,3349
54,3350
92,3354
492,3354
3,3361
485,3367
425,3376
337,3400
157,3407
395,3408
184,3412
121,3414
484,3415
124,3429
165,3430
386,3439
186,3444
487,3444
308,3445
407,3451
264,3458
81,3466
168,3474
493,3504
306,3522
357,3523
212,3531
213,3535
284,3543
320,3546
471,3557
271,3563
478,3563
461,3583
103,3588
330,3598
171,3599
234,3599
400,3600
189,3604
195,3605
328,3606
267,3607
36,3608
408,3610
43,3612
69,3624
410,3633
104,3655
88,3662
40,3679
253,3696
439,3697
456,3700
374,3701
344,3713
250,3717
489,3724
205,3727
287,3733
70,3734
335,3762
116,3785
426,3802
371,3812
143,3814
459,3824
299,3838
448,3841
41,3845
144,3865
340,3866
341,3874
95,3885
383,3885
140,3888
62,3893
256,3899
265,3906
77,3912
312,3942
246,3949
79,3957
86,3963
482,3975
233,3978
89,3996
236,3998
437,4013
48,4014
156,4016
204,4020
145,4041
115,4047
91,4063
217,4076
332,4081
373,4108
420,4118
114,4138
138,4168
270,4170
302,4183
305,4191
223,4215
290,4234
173,4248
441,4277
155,4278
170,4280
360,4282
378,4294
389,4296
45,4301
9,4316
229,4362
450,4370
231,4386
159,4404
457,4408
22,4408
142,4416
94,4421
433,4428
364,4448
148,4449
226,4468
315,4469
423,4480
314,4521
118,4556
221,4573
146,4589
372,4621
295,4641
38,4646
278,4663
325,4670
193,4677
227,4713
23,4722
453,4726
393,4746
367,4753
93,4835
391,4842
232,4941
259,4987
242,4998
28,5033
296,5038
188,5041
152,5067
288,5076
214,5116
30,5195
440,5316
266,5323
452,5340
481,5350
322,5435
297,5467
405,5596
183,5684
34,5788
467,5819
125,5902
219,6044
98,6172
252,6253
10,6615
139,6966

simblock.block.ProofOfWorkBlock@3764dfa0:97
77,0
133,406
293,591
236,763
343,812
344,917
338,964
121,1000
255,1070
348,1120
262,1156
427,1215
393,1224
459,1276
458,1316
320,1319
447,1368
116,1369
454,1378
103,1454
401,1469
287,1483
279,1498
93,1523
305,1525
337,1527
333,1532
234,1541
92,1558
118,1612
162,1623
136,1627
25,1628
363,1644
414,1652
85,1675
413,1677
250,1680
163,1690
366,1718
312,1723
95,1730
185,1769
261,1772
319,1773
40,1776
420,1779
231,1781
199,1782
32,1798
439,1798
26,1813
154,1817
328,1833
402,1834
57,1843
170,1861
44,1871
475,1874
105,1882
387,1892
156,1893
157,1911
190,1930
278,1931
457,1933
61,1933
451,1934
58,1941
484,1943
488,1951
412,1955
28,1964
407,1971
357,1997
450,2005
340,2014
76,2021
494,2023
443,2023
286,2026
483,2032
449,2036
373,2036
435,2038
101,2043
321,2045
24,2050
84,2052
345,2056
455,2063
19,2065
417,2067
210,2083
270,2084
326,2084
230,2085
167,2086
460,2087
148,2092
492,2093
63,2094
137,2097
29,2103
205,2107
311,2108
368,2119
64,2125
168,2127
82,2144
448,2149
186,2151
211,2167
180,2175
129,2178
332,2187
302,2189
53,2190
155,2191
433,2193
172,2195
66,2203
389,2205
308,2205
39,2210
472,2214
476,2215
52,2215
487,2220
266,2228
473,2238
306,2240
224,2241
18,2242
493,2244
310,2246
415,2246
408,2247
86,2250
124,2258
294,2261
128,2268
239,2272
37,2277
130,2279
201,2280
7,2285
304,2288
149,2296
164,2302
188,2303
46,2308
495,2316
453,2326
441,2333
150,2334
327,2335
113,2339
377,2341
13,2342
351,2343
176,2344
471,2345
277,2352
208,2352
254,2353
346,2354
196,2360
203,2361
426,2368
466,2372
376,2374
403,2375
384,2392
275,2392
264,2396
54,2397
27,2399
226,2399
122,2405
90,2406
307,2415
283,2420
8,2420
392,2426
342,2432
356,2432
410,2439
422,2447
369,2451
20,2453
200,2455
245,2458
399,2463
355,2473
359,2482
14,2482
325,2484
352,2487
109,2488
110,2496
153,2497
135,2497
339,2498
482,2501
330,2501
161,2502
463,2508
500,2509
267,2515
169,2517
382,2518
60,2521
94,2525
388,2525
469,2532
485,2537
298,2544
182,2544
89,2544
178,2548
16,2550
331,2551
72,2552
490,2559
74,2562
436,2564
383,2572
272,2572
141,2572
468,2574
428,2574
489,2577
432,2578
79,2580
220,2581
212,2586
419,2589
381,2599
191,2600
477,2606
55,2608
394,2622
73,2625
47,2628
496,2628
237,2645
409,2646
358,2648
416,2651
75,2654
440,2654
202,2654
91,2658
127,2658
465,2663
11,2666
350,2667
480,2669
36,2670
257,2671
499,2676
70,2688
194,2701
158,2705
184,2708
241,2715
274,2717
117,2723
207,2734
144,2739
263,2741
51,2741
434,2747
380,2749
181,2751
56,2753
292,2758
100,2758
252,2770
470,2775
240,2785
187,2786
97,2789
83,2798
177,2799
336,2807
280,2810
31,2811
479,2816
438,2818
143,2829
425,2831
80,2837
411,2837
244,2839
247,2841
404,2846
126,2846
444,2847
215,2847
222,2848
285,2852
78,2853
329,2855
88,2857
123,2865
249,2865
192,2888
134,2900
301,2911
12,2912
195,2918
151,2920
4,2920
104,2923
120,2926
115,2934
131,2934
260,2943
23,2946
140,2948
216,2948
1,2960
282,2969
290,2969
107,2970
313,2979
209,2979
258,2980
478,2984
421,2985
497,2996
273,2999
367,3005
253,3012
251,3012
17,3019
390,3020
431,3020
276,3021
223,3022
227,3032
360,3037
193,3044
400,3052
5,3055
147,3055
379,3057
3,3059
375,3061
265,3066
35,3079
398,3081
370,3086
189,3089
317,3095
430,3101
87,3111
159,3114
59,3119
204,3121
114,3126
486,3133
323,3134
498,3138
65,3139
322,3151
386,3157
405,3168
142,3169
464,3186
145,3199
291,3200
22,3211
48,3213
9,3227
41,3228
228,3228
98,3233
42,3235
175,3249
324,3250
300,3253
179,3253
238,3254
68,3263
361,3278
198,3286
34,3295
248,3310
406,3320
269,3329
132,3348
318,3372
418,3381
271,3382
111,3387
2,3392
15,3397
299,3397
108,3401
424,3404
62,3406
446,3408
45,3425
81,3440
491,3463
297,3486
235,3514
316,3514
295,3520
315,3530
467,3532
21,3558
246,3565
221,3582
119,3587
281,3601
146,3624
445,3627
242,3633
456,3657
353,3662
102,3662
243,3664
69,3668
429,3670
385,3670
165,3674
30,3675
395,3708
213,3749
335,3762
229,3778
362,3784
214,3810
314,3826
49,3869
166,3872
233,3901
349,3902
106,3934
225,3936
481,3955
442,3956
173,4019
152,4041
139,4053
437,4054
374,4068
125,4071
423,4093
6,4137
284,4145
232,4158
138,4159
396,4203
160,4207
171,4250
391,4334
174,4342
67,4342
206,4362
397,4404
378,4427
99,4467
341,4471
112,4480
334,4512
303,4514
461,4551
452,4637
309,4668
365,4669
371,4724
10,4725
259,4736
462,4746
43,4850
219,4864
218,4933
33,4936
217,5026
296,5116
38,5126
197,5207
288,5230
364,5317
268,5473
71,5519
372,5666
474,5699
347,5739
289,6009
96,6276
50,6655
256,7044
354,7439
183,7888

simblock.block.ProofOfWorkBlock@7ae0b7dc:97
129,0
127,420
261,573
24,734
414,824
205,897
435,976
208,1053
157,1131
163,1209
453,1286
118,1403
190,1442
478,1598
83,1674
180,1754
164,1907
269,1941
202,2060
75,2210
36,2212
262,2367
220,2479
337,2520
432,2676
481,2866
480,2941
418,3209
191,3475
438,3747
32,4012
112,4284
47,4551
192,4820
177,5093
359,5360
299,5752
71,6158
467,6603

simblock.block.ProofOfWorkBlock@bc2fca8:97
21,0
226,403
392,563
321,716
201,873
236,1030
346,1184
366,1336
336,1488
190,1643
70,1796
261,1949
318,2216
280,2493
398,2784
76,3049
52,3315
316,3580
289,3859
260,4238
10,4621

simblock.block.ProofOfWorkBlock@71bd508f:98
362,0
365,493
73,690
465,875
277,991
238,1064
52,1175
285,1181
429,1259
150,1370
269,1370
37,1373
431,1474
366,1537
384,1545
33,1556
257,1559
298,1568
446,1651
289,1668
468,1677
291,1733
396,1741
19,1746
240,1750
325,1757
386,1815
109,1837
436,1852
361,1854
112,1854
463,1866
323,1871
280,1930
479,1936
254,1938
247,1943
196,1943
5,1956
441,2015
130,2027
331,2030
26,2038
273,2039
228,2040
353,2041
486,2049
222,2053
370,2059
126,2060
82,2095
369,2097
111,2125
218,2132
181,2142
235,2143
175,2152
17,2159
186,2208
197,2213
53,2214
347,2219
380,2222
8,2224
132,2225
462,2227
46,2231
182,2233
198,2234
495,2235
35,2239
249,2241
403,2241
96,2245
206,2249
116,2292
220,2314
321,2326
151,2329
2,2332
119,2339
131,2339
488,2342
342,2342
363,2347
455,2350
349,2355
191,2356
315,2378
473,2381
421,2402
477,2402
413,2405
74,2408
438,2409
397,2411
480,2413
31,2414
318,2416
77,2419
233,2421
317,2421
411,2421
237,2424
120,2424
416,2439
59,2441
440,2488
454,2501
56,2502
57,2503
204,2505
95,2505
410,2516
394,2517
134,2518
490,2518
108,2519
489,2519
32,2520
90,2523
185,2524
14,2526
404,2527
159,2528
329,2529
348,2534
340,2535
97,2538
147,2538
83,2539
177,2541
355,2541
245,2548
87,2552
158,2554
1,2572
483,2579
234,2589
301,2598
424,2598
166,2600
300,2604
149,2610
62,2611
162,2613
251,2613
28,2619
88,2619
27,2623
65,2625
398,2628
407,2632
338,2662
434,2664
346,2666
202,2686
153,2687
174,2688
309,2691
333,2693
435,2700
93,2701
472,2702
117,2705
102,2706
272,2706
262,2706
137,2707
123,2708
281,2710
209,2715
76,2715
327,2718
287,2731
316,2732
101,2755
430,2756
165,2759
18,2767
161,2768
344,2770
167,2778
25,2780
460,2785
358,2785
409,2789
499,2794
84,2796
478,2797
4,2798
432,2801
215,2801
248,2803
205,2807
304,2811
63,2811
392,2811
359,2812
268,2814
292,2816
155,2817
425,2819
319,2820
337,2820
20,2822
163,2826
388,2836
144,2842
36,2849
141,2849
266,2855
100,2863
58,2867
60,2877
443,2891
464,2892
253,2893
469,2893
15,2895
442,2897
124,2898
261,2898
352,2899
192,2899
160,2904
444,2904
250,2905
412,2910
199,2911
230,2918
306,2918
113,2921
381,2930
258,2935
401,2944
328,2948
47,2953
210,2965
426,2966
201,2971
427,2973
78,2976
482,2979
39,2980
475,2985
343,2987
255,2988
118,2992
345,3003
445,3004
351,3008
470,3008
22,3010
122,3010
418,3013
339,3015
13,3016
6,3016
383,3017
282,3023
80,3029
176,3032
69,3034
390,3041
360,3044
75,3044
439,3046
241,3047
29,3055
227,3060
336,3063
279,3063
16,3075
226,3078
376,3079
51,3079
457,3079
450,3080
453,3088
393,3089
187,3089
492,3089
313,3094
324,3095
225,3096
40,3100
89,3103
213,3105
194,3111
207,3113
487,3128
449,3128
497,3138
178,3146
61,3148
373,3159
114,3162
423,3162
105,3171
103,3172
200,3176
143,3177
214,3180
3,3180
70,3182
106,3184
299,3184
133,3185
461,3186
244,3188
387,3192
252,3200
11,3205
99,3208
48,3230
417,3244
474,3246
422,3253
68,3257
448,3260
294,3263
357,3266
275,3267
260,3270
382,3277
168,3287
286,3292
310,3298
246,3308
265,3312
164,3321
385,3324
212,3324
377,3326
428,3333
140,3340
350,3342
138,3346
115,3352
414,3357
44,3359
303,3361
399,3365
129,3371
86,3378
170,3385
405,3386
98,3386
433,3390
364,3399
264,3406
128,3407
184,3412
64,3424
481,3430
371,3433
145,3436
139,3440
232,3444
154,3448
320,3448
224,3462
121,3463
239,3464
312,3472
85,3473
173,3480
12,3480
391,3497
271,3502
459,3526
389,3541
326,3543
267,3543
110,3546
372,3550
217,3567
437,3571
92,3581
334,3601
491,3602
408,3606
54,3612
415,3616
66,3630
330,3636
476,3640
420,3645
484,3648
500,3657
142,3664
211,3669
270,3690
104,3699
496,3701
314,3704
395,3711
146,3716
278,3725
72,3733
466,3745
379,3747
190,3755
152,3797
7,3803
276,3809
297,3809
169,3809
50,3816
94,3821
447,3822
157,3825
38,3831
171,3833
231,3866
156,3885
293,3887
356,3896
485,3897
91,3920
188,3926
23,3930
332,3949
368,3968
179,3980
295,3995
305,4008
406,4015
49,4015
203,4022
307,4042
322,4063
172,4073
367,4108
9,4157
493,4161
148,4164
180,4165
283,4176
221,4176
458,4177
189,4190
256,4192
354,4228
419,4231
223,4232
451,4247
24,4257
42,4280
494,4287
127,4303
107,4309
34,4346
208,4386
229,4391
43,4419
30,4427
302,4444
274,4444
308,4449
125,4482
400,4508
236,4516
243,4519
55,4536
402,4566
21,4573
288,4582
193,4659
374,4667
45,4693
311,4723
136,4735
296,4786
216,4825
10,4835
71,4871
284,4871
378,4876
375,4923
195,4952
335,5014
41,5018
456,5045
498,5076
467,5091
471,5103
259,5177
242,5187
290,5275
135,5384
79,5429
183,5525
263,5747
219,5878
452,6101
67,6454
341,6808
81,7166

simblock.block.ProofOfWorkBlock@9ee1bd1:98
105,0
448,410
373,563
320,715
312,824
184,867
25,966
304,980
356,1020
487,1118
344,1121
53,1147
310,1173
261,1230
278,1274
449,1276
491,1277
274,1301
156,1326
31,1371
91,1383
13,1396
155,1429
328,1429
445,1431
389,1453
453,1487
419,1522
451,1531
77,1534
414,1535
366,1550
318,1557
500,1577
206,1581
337,1585
230,1587
179,1612
447,1639
161,1674
441,1681
44,1681
58,1681
205,1686
458,1691
412,1691
473,1705
315,1706
343,1737
307,1740
95,1744
16,1749
5,1754
272,1765
226,1790
124,1792
409,1803
281,1824
279,1833
22,1834
89,1834
430,1837
82,1838
287,1838
340,1838
164,1843
305,1844
212,1848
465,1852
485,1857
135,1862
309,1870
72,1889
399,1900
224,1902
127,1904
36,1917
407,1928
160,1935
406,1942
21,1944
345,1948
387,1955
148,1982
163,1988
202,1988
338,1988
213,1990
488,1990
185,1991
57,1992
176,2000
443,2001
439,2009
245,2010
86,2014
266,2016
436,2020
103,2025
94,2032
402,2047
420,2055
286,2061
476,2063
333,2088
262,2088
33,2091
93,2091
293,2095
92,2097
29,2097
377,2113
182,2120
12,2134
408,2141
471,2144
24,2144
306,2145
40,2145
275,2146
319,2146
153,2154
167,2165
60,2169
198,2170
350,2184
170,2189
116,2190
159,2192
18,2210
270,2215
211,2217
442,2225
428,2225
214,2241
454,2244
282,2247
425,2251
494,2251
336,2251
154,2253
393,2256
381,2256
188,2265
330,2267
54,2267
37,2278
49,2283
331,2286
422,2299
267,2299
7,2299
426,2299
203,2299
459,2303
427,2307
432,2307
363,2317
64,2319
121,2320
236,2342
410,2354
147,2358
137,2363
62,2363
392,2364
466,2372
311,2372
201,2377
225,2385
85,2386
132,2400
61,2403
493,2406
129,2408
1,2411
190,2414
107,2419
75,2420
194,2420
39,2420
457,2424
308,2434
346,2438
355,2439
149,2444
51,2452
3,2456
204,2457
8,2459
196,2459
83,2460
472,2463
435,2469
84,2471
136,2472
180,2473
73,2480
162,2500
28,2508
475,2510
131,2513
455,2515
250,2516
495,2522
482,2542
325,2544
200,2546
497,2548
280,2560
294,2566
175,2570
128,2570
199,2572
255,2575
166,2575
433,2579
479,2588
401,2590
368,2595
23,2603
78,2609
301,2611
348,2612
140,2618
405,2621
134,2621
478,2622
168,2625
321,2626
117,2630
120,2638
27,2647
123,2647
468,2650
323,2650
251,2661
233,2662
150,2669
460,2670
55,2673
353,2673
109,2682
316,2688
390,2688
376,2692
177,2697
100,2699
222,2706
151,2716
385,2719
417,2719
370,2722
191,2729
110,2733
218,2733
141,2747
143,2754
413,2767
437,2773
369,2774
48,2779
352,2787
496,2788
324,2790
106,2793
65,2814
302,2821
35,2826
499,2828
434,2837
303,2838
313,2840
17,2841
118,2852
209,2855
357,2871
238,2875
220,2879
359,2888
152,2892
480,2892
380,2898
374,2905
327,2908
418,2915
253,2920
111,2920
90,2924
186,2925
469,2930
271,2934
26,2934
249,2937
144,2944
483,2947
470,2950
76,2953
11,2954
404,2965
383,2966
326,2977
81,2982
258,2984
394,2989
268,2998
108,3004
284,3009
292,3012
285,3012
332,3023
241,3028
273,3046
63,3049
329,3060
365,3062
477,3073
288,3082
490,3085
192,3087
481,3087
421,3089
187,3095
30,3099
165,3102
181,3108
322,3116
197,3118
342,3125
237,3125
14,3142
398,3147
112,3160
102,3170
101,3176
382,3185
244,3190
234,3197
429,3201
290,3205
169,3213
411,3213
300,3224
178,3226
378,3233
74,3243
247,3247
277,3252
424,3256
242,3267
452,3277
291,3279
486,3285
119,3289
45,3310
52,3313
38,3322
446,3327
314,3328
248,3329
172,3344
349,3347
464,3355
20,3362
215,3369
59,3374
341,3378
423,3389
403,3390
498,3406
298,3413
375,3424
240,3438
358,3449
391,3468
80,3478
462,3480
296,3490
2,3492
207,3498
97,3517
173,3520
174,3523
46,3524
438,3545
32,3554
379,3555
34,3560
79,3565
68,3570
395,3591
263,3603
229,3609
142,3626
269,3628
256,3640
9,3691
71,3720
335,3735
384,3747
246,3753
299,3757
114,3761
295,3785
289,3790
50,3792
130,3810
347,3823
115,3825
467,3826
221,3829
276,3856
297,3868
217,3933
193,3943
260,3988
431,4008
183,4012
388,4026
126,4039
396,4059
227,4068
15,4076
265,4091
56,4105
139,4116
334,4133
146,4144
171,4147
219,4175
98,4204
235,4211
372,4221
461,4231
397,4231
99,4272
361,4288
47,4342
10,4366
243,4371
492,4410
252,4429
228,4430
264,4444
138,4451
489,4463
70,4486
104,4516
88,4530
317,4583
157,4641
371,4728
339,4740
364,4755
360,4837
283,4840
189,4886
456,4898
96,4913
386,4957
133,5008
416,5094
43,5110
223,5149
450,5165
463,5189
232,5218
216,5393
113,5441
257,5454
67,5490
354,5616
351,5658
42,5721
208,5825
400,5868
125,6012
145,6099
415,6216
195,6247
69,6449
474,6477
259,6641

simblock.block.ProofOfWorkBlock@2dd68ebb:99
54,0
275,405
440,562
1,715
60,808
454,869
491,961
490,973
212,1024
399,1118
482,1121
266,1132
340,1177
472,1212
31,1272
306,1275
328,1287
496,1287
205,1330
338,1367
267,1368
55,1393
199,1428
25,1428
190,1440
70,1441
478,1447
63,1482
389,1520
430,1520
184,1521
148,1524
471,1538
409,1546
401,1585
77,1588
408,1591
352,1593
350,1595
484,1601
53,1621
51,1674
12,1675
8,1679
457,1684
3,1686
208,1689
303,1692
230,1692
224,1692
162,1698
344,1732
160,1738
167,1741
366,1743
210,1751
465,1752
44,1754
253,1755
447,1773
412,1779
308,1788
433,1804
176,1830
86,1831
407,1832
307,1832
124,1834
161,1836
459,1842
127,1843
449,1844
476,1846
417,1846
386,1846
330,1850
116,1853
473,1853
339,1884
351,1894
453,1895
477,1896
213,1900
94,1910
89,1912
133,1925
236,1927
393,1929
278,1930
233,1931
448,1939
302,1941
494,1948
158,1951
128,1956
311,1987
185,1988
153,1989
443,1989
489,1990
377,1991
57,1996
293,1998
422,2000
466,2000
22,2000
186,2003
387,2004
405,2006
239,2007
426,2009
91,2013
315,2015
20,2021
450,2037
95,2045
445,2047
194,2050
451,2052
62,2056
345,2058
118,2063
413,2078
105,2082
272,2083
163,2092
188,2094
460,2097
264,2099
39,2101
437,2104
64,2107
414,2110
102,2111
42,2113
135,2114
88,2121
14,2136
439,2139
7,2139
29,2142
294,2144
373,2144
286,2144
427,2147
18,2148
40,2149
255,2150
304,2150
204,2150
154,2152
432,2155
485,2155
406,2160
93,2160
179,2161
92,2161
137,2163
226,2165
85,2173
486,2185
121,2186
367,2190
270,2191
332,2198
337,2205
16,2209
103,2209
122,2214
56,2215
362,2230
305,2230
500,2237
319,2238
170,2239
419,2240
180,2244
231,2245
58,2246
279,2248
492,2248
310,2251
136,2257
13,2258
402,2262
346,2263
108,2269
343,2274
348,2274
130,2287
24,2293
36,2297
200,2298
110,2298
312,2299
66,2302
274,2303
415,2306
392,2308
201,2310
27,2311
28,2313
458,2315
283,2318
107,2322
261,2328
49,2329
475,2333
113,2336
425,2340
488,2343
203,2351
396,2356
363,2358
497,2366
333,2368
82,2372
61,2379
380,2379
446,2388
206,2388
324,2390
78,2392
168,2393
182,2395
15,2403
156,2410
268,2416
442,2417
385,2421
479,2421
72,2423
418,2425
257,2426
483,2427
281,2433
117,2437
371,2440
431,2441
320,2449
403,2451
112,2451
410,2454
493,2454
428,2460
321,2461
211,2463
21,2466
336,2467
282,2475
416,2477
140,2484
357,2486
376,2487
178,2495
126,2500
214,2504
175,2504
84,2506
47,2507
259,2508
441,2511
26,2520
248,2522
356,2524
216,2536
43,2539
499,2547
164,2550
469,2556
177,2569
134,2569
5,2576
434,2595
238,2595
215,2597
359,2598
287,2603
144,2611
397,2612
487,2617
349,2618
289,2622
202,2622
155,2627
280,2629
249,2632
244,2644
129,2647
462,2647
309,2648
172,2649
119,2653
316,2655
292,2659
17,2661
250,2678
197,2684
480,2690
331,2697
75,2699
143,2702
398,2703
438,2704
269,2707
327,2711
59,2712
291,2723
166,2723
159,2732
2,2737
150,2740
234,2740
220,2741
109,2743
46,2749
106,2753
4,2759
463,2762
120,2762
139,2766
247,2768
369,2774
404,2778
381,2782
79,2785
152,2790
368,2802
420,2803
192,2804
198,2806
34,2809
290,2814
245,2817
193,2818
6,2838
218,2853
115,2855
470,2855
435,2856
67,2866
258,2867
444,2882
235,2883
99,2899
254,2905
132,2926
100,2927
189,2932
455,2939
11,2948
219,2951
30,2956
97,2957
157,2957
223,2958
297,2959
329,2964
33,2971
411,2973
165,2979
41,2989
429,2989
76,2994
378,2998
276,2999
151,3001
498,3006
388,3008
232,3009
358,3011
87,3011
217,3014
142,3018
37,3021
296,3029
365,3036
452,3036
240,3051
298,3058
225,3072
382,3075
196,3083
209,3083
314,3099
262,3116
83,3120
23,3122
123,3126
467,3132
260,3133
421,3136
146,3141
221,3144
341,3150
300,3156
265,3177
195,3188
273,3192
74,3224
375,3230
32,3231
181,3237
468,3238
38,3246
65,3247
384,3259
436,3260
390,3266
80,3290
229,3300
424,3302
111,3319
360,3325
361,3341
251,3350
147,3351
379,3353
354,3357
400,3359
285,3383
173,3394
317,3396
149,3401
271,3408
342,3425
383,3457
69,3458
68,3502
96,3502
277,3505
222,3516
242,3528
241,3533
187,3535
326,3557
370,3571
495,3585
138,3619
101,3620
313,3650
228,3706
391,3731
374,3746
71,3763
355,3772
35,3773
335,3780
81,3789
299,3789
48,3803
325,3807
131,3820
394,3837
90,3855
104,3910
114,3920
227,3939
50,3999
318,4086
98,4088
237,4094
191,4115
347,4125
372,4170
395,4177
73,4186
125,4192
9,4197
252,4200
322,4294
288,4327
169,4360
174,4394
301,4394
52,4457
481,4494
246,4496
10,4560
171,4579
243,4609
141,4629
474,4707
19,4725
364,4773
256,4877
323,4897
183,4929
284,4939
464,4996
295,5155
461,5169
145,5263
353,5263
456,5278
207,5641
334,5642
263,5661
423,6044
45,6057

simblock.block.ProofOfWorkBlock@6bd2d5b8:100
160,0
451,403
420,558
236,713
454,808
267,866
399,966
393,968
340,1018
179,1118
417,1120
333,1138
483,1172
199,1234
204,1269
433,1274
233,1275
25,1291
457,1373
54,1391
310,1428
386,1432
430,1436
491,1437
235,1444
155,1446
350,1521
261,1523
305,1525
306,1544
58,1545
91,1560
332,1578
86,1584
77,1589
274,1589
445,1591
443,1639
70,1675
7,1679
148,1682
448,1683
392,1683
435,1684
53,1696
472,1697
157,1704
198,1712
96,1714
184,1716
186,1736
283,1736
206,1741
336,1742
351,1752
60,1778
40,1792
275,1800
432,1827
105,1831
36,1835
315,1835
337,1836
51,1837
124,1839
449,1839
44,1844
409,1846
427,1849
320,1851
167,1851
63,1858
3,1871
422,1888
178,1890
213,1895
212,1900
401,1904
222,1924
294,1929
352,1930
450,1930
190,1937
484,1944
72,1950
440,1952
302,1961
425,1964
355,1977
95,1980
75,1982
164,1983
55,1988
136,1990
185,1990
113,1992
18,1992
328,1993
116,1993
363,1993
255,1995
356,1998
262,2002
466,2002
489,2006
415,2012
153,2021
475,2023
118,2040
31,2041
208,2044
303,2052
103,2056
412,2064
201,2077
29,2082
162,2083
272,2086
61,2086
239,2089
377,2091
338,2092
389,2092
287,2097
127,2100
64,2102
188,2104
12,2104
205,2105
180,2106
331,2111
78,2116
230,2131
477,2136
279,2137
311,2143
248,2143
210,2145
500,2145
88,2146
161,2148
266,2150
133,2152
482,2153
496,2155
419,2156
196,2157
319,2161
158,2163
447,2167
373,2175
226,2176
49,2183
140,2195
387,2196
76,2197
298,2197
494,2205
309,2207
264,2236
211,2238
129,2239
85,2240
143,2242
406,2245
439,2245
485,2246
414,2247
277,2247
473,2250
170,2251
428,2252
253,2252
27,2254
367,2255
408,2256
304,2257
492,2257
66,2260
52,2264
122,2264
308,2270
339,2270
346,2275
33,2278
182,2281
102,2288
345,2294
168,2294
493,2300
431,2300
453,2301
488,2304
478,2305
93,2305
202,2306
490,2309
156,2311
107,2312
344,2313
194,2315
343,2317
90,2322
1,2329
121,2332
176,2334
368,2334
348,2341
117,2346
8,2347
137,2347
476,2349
89,2356
17,2363
463,2367
21,2369
20,2372
135,2388
13,2392
458,2393
150,2394
250,2397
487,2397
151,2403
82,2405
286,2407
24,2407
321,2408
94,2412
203,2415
282,2416
499,2417
57,2425
407,2428
245,2429
291,2437
349,2441
324,2448
39,2450
385,2450
224,2453
84,2460
22,2463
270,2464
293,2467
413,2478
149,2480
471,2482
357,2484
200,2490
101,2490
437,2500
154,2500
369,2511
464,2511
257,2511
455,2516
62,2522
159,2523
290,2526
97,2536
301,2543
312,2544
358,2548
329,2548
421,2549
405,2551
128,2560
56,2563
187,2570
402,2571
353,2572
330,2573
278,2573
444,2574
362,2576
74,2578
366,2580
175,2582
318,2583
220,2587
46,2589
342,2591
234,2591
14,2594
418,2603
436,2608
307,2613
231,2613
111,2614
80,2621
110,2621
470,2636
130,2637
83,2644
459,2647
100,2660
325,2663
441,2664
365,2670
126,2684
480,2685
240,2685
479,2692
177,2696
396,2703
5,2730
327,2736
403,2739
2,2746
237,2749
292,2751
426,2756
383,2757
216,2762
361,2765
300,2765
163,2766
460,2768
115,2771
92,2772
114,2774
380,2776
438,2779
32,2787
228,2791
48,2806
119,2809
99,2813
397,2814
398,2816
410,2817
497,2817
465,2818
254,2821
120,2829
434,2836
26,2839
429,2839
299,2841
317,2843
247,2844
169,2845
381,2849
359,2850
390,2850
416,2854
251,2864
225,2866
481,2867
125,2877
244,2883
15,2886
141,2899
43,2903
374,2907
109,2911
394,2914
16,2923
238,2924
461,2931
456,2933
172,2933
207,2936
316,2947
35,2951
469,2962
378,2969
131,2973
364,2974
395,2990
192,3011
442,3014
243,3019
87,3020
4,3029
132,3029
258,3031
223,3033
59,3037
214,3045
252,3045
152,3054
218,3059
34,3069
123,3073
41,3076
424,3084
388,3085
335,3097
166,3105
30,3110
23,3117
486,3118
313,3123
112,3131
400,3161
323,3177
165,3182
370,3187
73,3192
219,3196
384,3202

simblock.block.ProofOfWorkBlock@7d3d6efa:100
22,0
250,404
445,564
493,727
310,810
408,881
387,963
278,1036
343,1117
167,1131
86,1189
196,1269
78,1285
266,1358
154,1422
116,1440
163,1444
24,1513
457,1574
184,1596
393,1608
286,1668


simblock.block.ProofOfWorkBlock@c769376:90
simblock.block.ProofOfWorkBlock@730e2a8e:65
simblock.block.ProofOfWorkBlock@20f975fa:91
simblock.block.ProofOfWorkBlock@76567691:96
simblock.block.ProofOfWorkBlock@7d3d6efa:100
simblock.block.ProofOfWorkBlock@5f53389a:80
simblock.block.ProofOfWorkBlock@11c2d2cb:35
simblock.block.ProofOfWorkBlock@3a424c48:55
simblock.block.ProofOfWorkBlock@5a7eb634:76
simblock.block.ProofOfWorkBlock@79dcde57:29
simblock.block.ProofOfWorkBlock@b377cba:20
simblock.block.ProofOfWorkBlock@11bacef7:85
simblock.block.ProofOfWorkBlock@3b0f5940:20
simblock.block.ProofOfWorkBlock@1ba7f9a8:76
simblock.block.ProofOfWorkBlock@483e7cac:42
simblock.block.ProofOfWorkBlock@787143e3:53
simblock.block.ProofOfWorkBlock@8020711:4
simblock.block.ProofOfWorkBlock@705442c3:59
simblock.block.ProofOfWorkBlock@67d61801:91
simblock.block.ProofOfWorkBlock@7bc82750:73
simblock.block.ProofOfWorkBlock@59c5965c:49
simblock.block.ProofOfWorkBlock@22253dbb:72
simblock.block.ProofOfWorkBlock@1ad12f4e:56
simblock.block.ProofOfWorkBlock@636d740d:23
simblock.block.ProofOfWorkBlock@414995e9:34
simblock.block.ProofOfWorkBlock@35e64e47:53
simblock.block.ProofOfWorkBlock@6ccf522e:82
simblock.block.ProofOfWorkBlock@1b88ff2c:39
simblock.block.ProofOfWorkBlock@745589f2:5
simblock.block.ProofOfWorkBlock@6ea4908d:57
simblock.block.ProofOfWorkBlock@bc2fca8:97
simblock.block.ProofOfWorkBlock@6bd2d5b8:100
simblock.block.ProofOfWorkBlock@16cdba:56
simblock.block.ProofOfWorkBlock@418c9922:72
simblock.block.ProofOfWorkBlock@5bb732c6:19
simblock.block.ProofOfWorkBlock@394f4d39:72
simblock.block.ProofOfWorkBlock@639b94a2:65
simblock.block.ProofOfWorkBlock@3eeb8552:36
simblock.block.ProofOfWorkBlock@36b0d10:9
simblock.block.ProofOfWorkBlock@2d17b86c:89
simblock.block.ProofOfWorkBlock@250a87b1:47
simblock.block.ProofOfWorkBlock@7b92d3ee:58
simblock.block.ProofOfWorkBlock@7ae0b7dc:97
simblock.block.ProofOfWorkBlock@54abf696:34
simblock.block.ProofOfWorkBlock@7b10472e:1
simblock.block.ProofOfWorkBlock@9ee1bd1:98
25
19646

BUILD SUCCESSFUL in 25s
2 actionable tasks: 1 executed, 1 up-to-date
