> Task :simulator:compileJava UP-TO-DATE
> Task :simulator:processResources NO-SOURCE
> Task :simulator:classes UP-TO-DATE

> Task :simulator:run
simblock.block.ProofOfWorkBlock@1b2c6ec2:0
123,0
169,349
380,482
480,621
497,706
442,840
241,842
453,849
394,970
19,975
42,978
469,1059
338,1085
182,1105
102,1110
175,1126
135,1131
470,1199
166,1202
147,1214
62,1235
130,1248
228,1256
342,1259
179,1311
358,1325
74,1325
48,1328
468,1336
488,1345
220,1349
363,1377
120,1390
382,1393
330,1411
87,1412
286,1450
313,1458
251,1458
327,1463
353,1471
416,1471
128,1474
420,1477
144,1480
434,1482
413,1482
473,1519
236,1520
257,1523
49,1535
77,1540
237,1551
134,1551
105,1557
379,1560
85,1580
385,1581
133,1590
132,1594
32,1599
350,1602
149,1602
486,1606
215,1610
325,1621
209,1621
346,1624
389,1625
131,1633
154,1641
244,1641
201,1664
312,1665
192,1675
245,1683
2,1684
464,1685
285,1686
47,1687
64,1690
436,1693
53,1702
370,1706
107,1707
86,1708
331,1727
369,1729
210,1730
460,1730
301,1741
465,1745
455,1745
357,1746
5,1750
4,1750
52,1750
109,1754
101,1755
412,1756
170,1761
433,1763
212,1768
402,1769
495,1769
430,1770
15,1774
206,1775
65,1777
305,1789
262,1797
304,1801
21,1806
35,1811
168,1812
479,1813
448,1818
177,1819
191,1819
326,1819
218,1821
17,1824
454,1824
108,1829
225,1830
234,1837
392,1838
7,1838
344,1839
184,1844
83,1846
59,1848
352,1851
307,1861
61,1866
347,1867
422,1868
459,1870
310,1872
319,1876
84,1876
254,1877
424,1878
381,1880
328,1881
462,1883
159,1893
329,1895
269,1896
438,1904
450,1907
280,1909
266,1909
233,1910
89,1912
478,1918
449,1922
78,1930
316,1932
471,1934
22,1943
205,1945
261,1946
403,1947
277,1952
484,1954
33,1954
388,1955
383,1960
88,1960
117,1960
75,1961
240,1962
197,1964
76,1965
397,1969
278,1970
343,1975
426,1978
8,1979
196,1982
190,1982
204,1984
60,1985
214,1985
44,1986
73,1989
157,1995
56,1996
264,2001
281,2002
306,2002
265,2007
57,2012
419,2014
298,2015
40,2016
213,2016
349,2017
275,2019
230,2020
268,2033
390,2034
427,2038
222,2039
126,2042
70,2047
255,2050
203,2051
458,2052
253,2053
103,2054
224,2062
185,2062
249,2064
187,2065
409,2065
153,2074
485,2078
355,2081
140,2084
348,2087
494,2088
25,2091
27,2092
435,2094
106,2095
445,2096
404,2098
11,2105
332,2106
451,2107
6,2109
483,2117
431,2125
443,2126
80,2130
18,2132
82,2133
97,2136
359,2136
194,2141
273,2142
362,2142
250,2144
323,2151
401,2160
315,2164
14,2166
202,2167
155,2170
150,2179
421,2179
446,2180
415,2182
444,2183
136,2183
172,2184
247,2185
267,2187
437,2188
63,2189
270,2189
90,2194
351,2195
340,2195
398,2198
418,2198
46,2199
365,2203
110,2210
143,2213
487,2215
235,2219
302,2230
311,2231
489,2232
96,2233
500,2236
66,2242
294,2245
200,2246
161,2248
441,2256
368,2259
499,2266
400,2266
361,2269
208,2270
429,2275
167,2287
396,2288
50,2290
199,2293
417,2296
121,2297
482,2300
287,2306
81,2315
447,2319
291,2319
410,2321
406,2323
29,2324
72,2333
367,2342
162,2344
246,2348
114,2352
12,2352
113,2363
292,2363
386,2369
283,2371
20,2376
67,2378
463,2380
376,2380
309,2392
94,2392
99,2398
68,2401
26,2402
491,2402
321,2414
141,2415
336,2416
274,2418
100,2419
198,2421
112,2421
111,2422
41,2432
148,2439
188,2445
124,2457
345,2460
477,2467
324,2479
195,2479
467,2481
308,2484
183,2486
366,2488
456,2489
9,2499
364,2499
13,2502
297,2503
156,2514
28,2518
258,2519
178,2524
163,2526
377,2534
151,2538
271,2542
391,2544
387,2548
373,2551
378,2552
95,2559
360,2560
238,2562
3,2569
476,2578
411,2584
399,2590
493,2594
71,2601
260,2604
296,2617
173,2622
158,2632
23,2633
1,2633
37,2638
165,2645
293,2645
174,2647
116,2658
171,2669
211,2671
98,2683
263,2683
339,2685
51,2695
207,2698
242,2716
457,2718
193,2735
300,2739
93,2739
461,2739
282,2750
24,2750
372,2755
129,2768
318,2773
492,2777
118,2779
393,2785
299,2787
276,2789
354,2794
474,2800
322,2804
303,2807
452,2809
180,2818
145,2827
239,2834
384,2858
248,2863
440,2863
216,2874
334,2881
472,2889
58,2901
160,2916
104,2918
31,2929
43,2936
375,2942
496,2943
181,2958
122,2976
407,2977
243,2988
317,2993
146,2998
279,3003
439,3003
55,3012
432,3033
186,3043
36,3064
289,3076
498,3084
229,3088
414,3089
408,3105
232,3106
356,3116
127,3141
333,3165
481,3167
39,3168
405,3202
337,3230
226,3242
221,3248
341,3254
466,3269
137,3292
119,3296
138,3327
395,3332
320,3343
92,3370
227,3391
425,3406
79,3406
16,3434
288,3466
34,3474
272,3481
125,3496
428,3532
152,3559
115,3568
91,3586
475,3601
231,3645
54,3659
423,3664
295,3686
38,3694
164,3760
30,3778
69,3784
252,3802
259,3842
219,3869
176,3889
374,3895
371,3944
490,3987
284,3999
223,4101
139,4107
217,4190
10,4246
45,4260
256,4335
142,4400
314,4409
189,4492
290,4560
335,4667

simblock.block.ProofOfWorkBlock@1de08775:1
261,0
332,280
21,384
129,493
72,560
124,602
190,671
351,672
29,707
24,772
226,775
53,795
13,828
406,840
163,876
491,891
477,901
357,938
419,944
413,952
366,953
340,954
205,982
157,987
233,998
164,1021
312,1047
136,1050
422,1052
484,1059
236,1060
113,1060
203,1073
110,1073
118,1086
471,1092
158,1102
387,1113
459,1122
345,1128
417,1154
137,1157
28,1160
346,1164
58,1164
91,1165
12,1166
373,1170
51,1180
27,1180
262,1182
127,1190
185,1198
264,1213
311,1218
210,1221
487,1221
213,1226
369,1230
176,1234
401,1236
483,1258
336,1259
450,1263
272,1264
279,1266
156,1268
399,1269
201,1270
466,1271
36,1274
231,1277
66,1284
402,1287
116,1290
208,1294
493,1302
278,1303
78,1318
319,1323
304,1324
282,1331
307,1331
170,1333
478,1333
393,1335
202,1340
77,1340
103,1341
363,1342
61,1348
1,1350
239,1355
214,1356
121,1367
107,1370
57,1372
294,1373
333,1373
328,1375
321,1376
275,1376
178,1376
449,1379
92,1383
430,1383
62,1389
499,1394
386,1395
186,1397
133,1405
253,1406
60,1407
425,1416
135,1419
7,1425
343,1430
409,1432
168,1438
443,1442
308,1442
196,1444
337,1449
490,1449
458,1450
500,1452
105,1453
86,1460
199,1460
410,1461
489,1462
437,1463
204,1463
338,1464
54,1465
453,1472
407,1475
180,1475
162,1477
70,1480
230,1483
266,1485
368,1485
286,1487
31,1491
441,1494
421,1494
8,1494
305,1496
283,1496
270,1498
222,1500
482,1503
405,1504
454,1508
88,1510
287,1511
211,1512
212,1514
148,1515
269,1519
89,1524
267,1524
154,1527
412,1532
22,1539
153,1540
494,1548
64,1549
460,1550
255,1550
451,1552
167,1555
433,1558
315,1564
293,1567
179,1568
16,1569
160,1571
348,1575
122,1575
93,1580
161,1584
392,1585
128,1589
248,1591
130,1591
367,1591
436,1594
447,1596
352,1596
85,1600
94,1601
476,1602
432,1602
84,1606
63,1609
155,1609
310,1615
188,1616
250,1616
485,1618
379,1623
302,1626
389,1627
274,1628
473,1629
143,1637
100,1646
414,1660
82,1662
496,1663
442,1663
306,1665
4,1670
330,1672
35,1674
339,1675
365,1681
445,1684
492,1692
6,1694
394,1695
488,1697
194,1698
440,1701
184,1702
44,1708
114,1708
111,1709
435,1711
457,1712
324,1718
96,1720
289,1720
18,1729
39,1731
475,1733
55,1736
254,1736
273,1738
75,1739
356,1739
309,1741
5,1744
80,1749
427,1757
455,1770
320,1770
224,1772
215,1777
428,1779
216,1779
469,1787
415,1792
329,1795
112,1796
117,1802
47,1802
87,1803
52,1804
108,1806
303,1807
380,1808
177,1809
448,1813
191,1815
3,1816
323,1819
149,1820
301,1821
280,1826
479,1831
65,1833
109,1834
327,1834
420,1835
40,1837
175,1846
247,1847
240,1848
350,1850
377,1851
325,1859
376,1861
344,1865
206,1885
404,1889
141,1891
396,1891
257,1894
245,1895
123,1902
2,1902
470,1902
292,1906
101,1915
408,1917
95,1918
495,1921
403,1926
228,1929
238,1930
468,1936
281,1938
347,1940
423,1953
209,1955
83,1958
251,1958
258,1959
26,1963
169,1970
426,1974
355,1984
147,1987
23,1996
102,2001
14,2008
498,2017
416,2018
429,2019
497,2019
17,2020
318,2022
438,2023
140,2023
472,2025
50,2033
37,2034
359,2036
106,2040
384,2041
331,2048
480,2050
9,2051
326,2052
119,2052
73,2063
33,2063
126,2068
385,2071
244,2072
134,2073
446,2075
381,2081
439,2082
317,2082
132,2091
354,2092
182,2095
234,2105
388,2109
285,2112
431,2118
464,2127
25,2134
296,2138
290,2142
139,2147
444,2151
411,2157
56,2158
383,2163
252,2172
463,2175
220,2181
200,2187
144,2189
334,2191
48,2195
378,2204
300,2215
374,2223
38,2223
152,2232
316,2239
46,2239
382,2246
424,2252
237,2259
456,2260
165,2260
232,2266
32,2269
19,2271
142,2276
397,2281
299,2283
291,2285
370,2285
187,2289
335,2294
474,2297
195,2308
171,2309
271,2310
277,2323
81,2327
192,2327
486,2333
20,2339
198,2362
68,2370
97,2375
284,2382
265,2390
465,2400
298,2405
353,2407
467,2437
390,2438
71,2445
398,2458
90,2463
361,2466
400,2466
115,2469
159,2479
452,2479
43,2486
249,2487
462,2491
173,2493
481,2515
268,2519
229,2539
362,2552
295,2561
349,2581
34,2591
314,2592
120,2595
79,2601
256,2619
364,2621
166,2621
150,2630
225,2632
172,2663
11,2666
76,2681
371,2714
375,2720
434,2740
42,2779
104,2794
49,2802
391,2803
221,2814
217,2817
418,2840
461,2841
59,2853
360,2924
146,2937
67,2953
246,2957
218,2966
395,2968
297,2992
189,2994
263,2997
260,3016
131,3019
358,3081
372,3104
193,3135
341,3137
223,3160
138,3177
313,3183
243,3208
241,3236
174,3287
197,3303
99,3318
276,3328
183,3342
10,3350
69,3380
74,3404
235,3457
322,3468
181,3522
41,3540
15,3622
125,3665
151,3676
242,3800
342,3843
288,3856
45,3887
227,4014
30,4186
145,4191
207,4522
259,4540
98,4853
219,5186

simblock.block.ProofOfWorkBlock@aad1270:2
436,0
289,363
150,502
469,638
49,718
342,777
277,854
479,856
108,910
365,991
159,997
87,999
2,1047
35,1074
285,1126
175,1132
15,1135
379,1142
257,1180
465,1209
169,1213
317,1215
486,1261
181,1265
215,1269
251,1282
102,1316
131,1343
240,1347
468,1350
112,1353
332,1360
114,1368
249,1395
119,1398
111,1402
244,1403
144,1416
14,1431
36,1439
59,1479
65,1484
362,1484
323,1485
198,1489
141,1492
464,1493
220,1496
358,1531
403,1532
191,1537
105,1545
497,1549
123,1565
19,1566
462,1572
301,1576
236,1586
228,1611
398,1613
446,1619
126,1619
254,1621
331,1621
458,1622
431,1626
427,1629
434,1630
84,1631
134,1634
101,1634
381,1637
147,1638
261,1645
366,1666
380,1668
411,1669
109,1670
80,1674
361,1692
42,1701
17,1708
74,1708
269,1709
495,1714
433,1720
56,1752
421,1754
33,1756
477,1757
258,1758
218,1766
6,1767
268,1768
167,1771
370,1772
117,1773
313,1775
234,1781
28,1782
292,1794
26,1803
349,1804
222,1809
166,1810
213,1815
12,1824
182,1826
76,1839
429,1839
241,1840
387,1842
132,1843
373,1843
130,1845
143,1850
24,1851
338,1853
490,1855
5,1860
83,1861
483,1862
148,1863
346,1864
140,1870
413,1871
165,1889
440,1889
455,1891
20,1891
273,1896
163,1897
397,1900
394,1901
353,1902
414,1904
37,1906
230,1909
494,1911
396,1912
168,1917
298,1919
13,1924
329,1927
454,1934
149,1939
444,1945
156,1953
127,1956
300,1961
345,1967
52,1974
235,1974
303,1975
340,1979
435,1979
480,1980
385,1981
73,1981
196,1983
325,1985
417,1986
404,1988
192,1989
225,1992
291,1994
72,1997
47,1997
319,1997
388,1998
151,1998
351,2000
224,2009
339,2010
25,2014
61,2016
64,2022
294,2031
75,2031
90,2032
209,2033
492,2037
460,2038
245,2040
97,2045
343,2054
424,2060
21,2061
48,2064
307,2071
82,2077
449,2078
247,2078
312,2078
327,2081
402,2083
206,2084
369,2088
124,2096
204,2103
450,2104
355,2108
177,2113
272,2114
278,2117
146,2117
500,2117
238,2117
253,2117
416,2119
60,2122
438,2123
318,2127
330,2129
248,2130
214,2131
382,2131
133,2132
270,2136
442,2138
401,2144
410,2147
79,2153
344,2156
187,2166
237,2168
470,2168
473,2173
226,2173
463,2175
376,2178
27,2179
116,2179
120,2186
77,2188
472,2199
274,2207
482,2208
66,2208
103,2208
7,2215
185,2216
475,2223
158,2226
406,2226
305,2226
390,2233
328,2238
54,2244
326,2247
384,2247
106,2252
11,2253
280,2253
383,2258
279,2258
95,2259
157,2260
113,2262
310,2263
407,2265
4,2266
466,2272
393,2273
93,2273
78,2281
46,2285
94,2285
99,2286
453,2291
233,2294
190,2298
170,2299
359,2301
266,2303
88,2303
3,2304
121,2306
178,2307
377,2311
23,2318
457,2327
264,2327
487,2330
201,2330
476,2336
484,2337
337,2343
212,2345
309,2348
267,2348
389,2350
316,2351
493,2358
39,2361
118,2363
432,2367
485,2371
135,2373
441,2393
275,2393
437,2398
281,2401
399,2403
283,2404
347,2405
324,2417
448,2417
43,2424
221,2429
223,2432
203,2436
208,2437
408,2439
350,2439
210,2442
304,2449
183,2452
356,2452
368,2453
136,2453
295,2455
171,2464
122,2475
162,2488
255,2488
265,2492
418,2496
231,2499
22,2499
445,2499
179,2503
207,2509
153,2509
314,2510
18,2511
419,2518
85,2526
489,2527
375,2529
315,2530
57,2530
352,2532
409,2532
321,2533
44,2537
412,2559
426,2562
242,2566
496,2570
415,2571
8,2577
232,2584
139,2585
239,2588
360,2590
1,2590
439,2604
451,2617
430,2621
161,2625
29,2638
348,2639
252,2641
260,2643
138,2644
420,2645
68,2653
302,2664
336,2664
293,2672
202,2678
100,2678
297,2680
154,2680
70,2684
125,2703
271,2703
16,2709
160,2737
142,2746
425,2746
276,2755
186,2757
31,2761
367,2761
259,2762
246,2762
443,2763
392,2764
200,2764
104,2767
174,2785
395,2787
128,2790
69,2796
51,2797
311,2797
115,2803
145,2814
296,2814
89,2815
63,2817
152,2829
129,2831
461,2843
287,2859
333,2864
471,2866
91,2867
478,2874
299,2886
172,2889
286,2893
428,2896
262,2908
107,2918
282,2935
96,2957
188,2976
467,2977
372,2977
400,2980
193,2984
62,2994
306,2994
50,3005
499,3022
354,3032
137,3044
53,3047
364,3060
378,3060
229,3067
55,3092
180,3097
386,3101
481,3103
71,3112
10,3116
363,3119
92,3142
199,3160
391,3176
32,3187
195,3196
184,3201
488,3220
374,3226
357,3249
164,3271
194,3272
9,3281
447,3320
173,3325
58,3327
38,3364
86,3368
176,3390
243,3394
197,3404
34,3423
211,3433
227,3478
110,3510
250,3521
474,3524
284,3527
216,3545
335,3552
40,3596
219,3627
498,3627
405,3659
189,3696
155,3740
30,3778
290,3824
334,3829
67,3838
452,3846
456,3896
491,3971
263,3973
371,4005
322,4092
41,4142
81,4148
422,4200
288,4274
217,4304
423,4391
205,4429
341,4448
98,4576
459,4661
320,4892
308,5127
45,5389
256,5696

simblock.block.ProofOfWorkBlock@792b2318:3
360,0
171,550
370,878
462,1201
132,1228
220,1366
398,1424
298,1500
15,1557
430,1563
292,1577
249,1639
35,1690
442,1722
394,1724
90,1751
5,1772
222,1780
257,1829
363,1842
73,1850
33,1857
379,1858
198,1908
101,1912
479,1913
31,1927
14,1932
329,1964
417,1968
151,1991
96,1992
130,1998
97,2002
177,2042
6,2055
325,2056
384,2068
491,2074
480,2078
147,2088
117,2107
431,2108
84,2120
440,2121
83,2127
382,2129
404,2131
19,2135
37,2140
160,2147
166,2185
88,2186
281,2191
342,2196
140,2207
285,2208
247,2209
187,2212
331,2214
381,2215
485,2223
338,2231
380,2232
432,2252
109,2261
65,2263
108,2267
57,2268
468,2272
112,2273
301,2274
76,2274
251,2283
184,2293
51,2300
307,2315
465,2322
74,2327
418,2329
312,2335
273,2341
80,2341
218,2343
477,2345
358,2349
469,2350
258,2358
388,2358
347,2361
275,2365
32,2369
21,2374
118,2378
403,2396
237,2397
411,2401
304,2402
236,2406
266,2408
318,2410
228,2412
150,2413
486,2417
131,2417
420,2420
383,2423
483,2430
120,2432
385,2442
85,2448
212,2456
165,2459
323,2459
280,2460
168,2463
42,2465
268,2468
464,2475
300,2475
182,2482
70,2484
205,2490
129,2493
339,2493
141,2493
444,2496
361,2499
449,2503
269,2503
233,2508
133,2510
343,2512
463,2515
52,2522
157,2526
359,2532
470,2533
225,2536
289,2545
397,2547
59,2551
119,2556
29,2557
46,2562
196,2562
17,2566
245,2569
3,2571
438,2573
123,2574
366,2576
87,2578
489,2578
352,2579
497,2581
317,2581
102,2585
64,2587
26,2593
61,2596
49,2598
89,2600
144,2602
291,2603
365,2609
355,2611
482,2613
134,2614
328,2616
313,2616
471,2622
191,2622
274,2624
213,2628
494,2633
390,2634
169,2637
149,2650
206,2658
362,2663
162,2663
136,2664
389,2666
56,2670
408,2673
330,2673
197,2676
244,2682
192,2689
478,2690
63,2692
8,2698
277,2699
154,2700
77,2702
473,2704
55,2704
326,2710
238,2714
235,2715
460,2716
410,2718
439,2720
47,2721
399,2721
436,2728
44,2730
443,2730
416,2733
126,2735
234,2736
18,2737
25,2744
396,2746
209,2751
48,2754
211,2764
121,2770
231,2771
294,2772
261,2772
159,2775
72,2779
75,2779
412,2781
204,2784
254,2788
327,2800
4,2802
351,2802
20,2803
143,2803
264,2804
495,2805
116,2807
2,2817
407,2823
203,2826
455,2827
106,2828
215,2828
181,2834
496,2840
466,2843
446,2844
27,2844
445,2845
175,2846
414,2847
239,2848
490,2850
311,2855
493,2861
402,2865
240,2866
230,2867
170,2877
255,2878
349,2880
421,2884
333,2888
78,2889
433,2896
500,2898
434,2899
156,2903
103,2911
457,2915
13,2928
190,2931
297,2940
60,2941
392,2943
453,2947
107,2947
422,2956
450,2956
111,2956
272,2960
91,2963
315,2963
429,2974
54,2979
344,2983
376,2985
34,2994
135,2997
10,2997
492,3000
11,3002
387,3011
419,3022
110,3029
406,3029
475,3030
346,3032
155,3047
426,3053
316,3053
303,3055
265,3055
283,3062
378,3063
113,3069
369,3070
340,3072
50,3078
28,3081
122,3085
148,3089
459,3091
66,3093
241,3095
386,3095
487,3095
200,3103
267,3117
391,3120
224,3121
79,3130
41,3141
271,3141
437,3144
145,3151
92,3158
484,3172
163,3173
427,3173
114,3186
337,3187
248,3187
229,3190
128,3193
242,3195
334,3196
36,3196
286,3206
23,3207
424,3207
86,3208
400,3215
43,3215
409,3216
189,3216
217,3217
472,3227
127,3233
94,3234
367,3237
375,3266
310,3268
95,3278
186,3280
413,3291
214,3299
309,3303
153,3304
176,3307
270,3315
368,3319
454,3325
441,3326
137,3329
461,3339
201,3344
293,3348
260,3353
335,3358
299,3363
324,3373
194,3375
448,3387
401,3396
202,3398
353,3404
499,3411
458,3421
357,3424
287,3426
226,3436
178,3455
199,3460
467,3467
152,3498
319,3501
188,3508
161,3510
305,3527
53,3529
68,3531
179,3542
246,3546
373,3551
93,3553
350,3555
276,3571
1,3571
498,3572
447,3575
219,3602
193,3603
125,3603
423,3609
308,3617
12,3623
302,3624
105,3649
377,3652
82,3656
62,3661
405,3687
22,3695
232,3720
336,3726
207,3737
354,3761
451,3764
279,3765
81,3770
7,3773
320,3784
263,3809
146,3812
173,3825
158,3843
210,3849
164,3853
195,3858
322,3878
180,3882
139,3889
476,3891
348,3898
372,3921
393,3936
69,3945
262,3952
256,3986
167,3998
115,4002
278,4013
243,4061
395,4070
124,4072
208,4077
250,4080
45,4092
216,4110
104,4110
100,4124
306,4127
98,4158
425,4179
38,4182
138,4189
16,4226
314,4245
71,4282
39,4298
356,4299
474,4301
428,4307
282,4341
321,4353
252,4362
284,4383
99,4433
345,4452
288,4462
9,4488
341,4505
40,4527
435,4535
259,4539
58,4569
185,4580
481,4602
295,4657
415,4662
332,4681
290,4749
67,4766
488,4768
174,4789
24,4806
183,4830
227,4957
374,4975
253,5023
296,5049
223,5077
456,5087
452,5140
364,5260
142,5279
172,5350
30,5381
371,5564
221,5659

simblock.block.ProofOfWorkBlock@680b9a12:4
456,0
259,455
263,668
50,879
335,976
246,1089
174,1139
139,1230
219,1299
232,1349
38,1418
223,1436
284,1563
463,1580
99,1619
498,1625
375,1631
314,1631
290,1679
271,1766
299,1772
189,1833
341,1835
125,1875
145,1894
347,1928
316,1940
15,1953
117,1963
98,1963
331,1969
14,2026
474,2045
81,2047
37,2082
326,2095
193,2100
423,2103
166,2113
371,2137
207,2163
67,2166
355,2223
9,2257
33,2273
48,2276
353,2292
385,2293
372,2294
26,2303
285,2307
172,2315
41,2316
251,2318
322,2321
6,2328
215,2333
349,2361
394,2373
227,2375
276,2375
301,2379
260,2381
359,2420
398,2425
292,2426
192,2426
217,2432
80,2437
222,2442
74,2456
323,2456
281,2464
115,2465
241,2466
56,2467
146,2473
358,2498
52,2544
182,2554
461,2560
342,2583
273,2585
437,2586
73,2590
256,2591
34,2596
383,2597
319,2599
197,2607
431,2607
384,2607
2,2621
65,2628
132,2629
102,2629
42,2631
195,2640
403,2646
69,2647
83,2652
415,2655
211,2657
8,2660
191,2660
479,2676
334,2676
327,2678
274,2685
209,2701
381,2707
234,2714
480,2728
130,2738
257,2741
289,2748
127,2761
365,2767
76,2768
300,2774
10,2774
187,2779
244,2781
57,2801
46,2810
122,2813
441,2818
158,2825
255,2826
106,2827
109,2830
60,2833
131,2838
451,2855
438,2862
313,2863
169,2877
482,2885
111,2886
392,2892
476,2892
101,2905
120,2914
303,2915
150,2916
242,2916
325,2925
218,2931
455,2935
235,2942
224,2947
149,2953
199,2964
378,2965
497,2967
470,2973
442,2975
96,2975
390,2983
231,2993
135,2996
43,2998
472,3008
185,3008
404,3019
160,3021
151,3023
141,3029
183,3029
198,3038
245,3040
18,3043
47,3052
92,3053
348,3053
210,3062
477,3065
159,3078
90,3086
362,3086
388,3091
409,3093
475,3099
329,3099
417,3118
4,3118
462,3122
351,3122
330,3146
298,3154
35,3156
77,3158
13,3168
225,3169
161,3190
238,3194
424,3209
287,3210
68,3218
283,3234
53,3240
243,3243
233,3245
421,3248
134,3250
147,3251
71,3253
17,3255
389,3255
123,3257
357,3258
317,3259
366,3261
254,3265
29,3277
190,3278
370,3279
453,3279
212,3286
114,3290
213,3298
108,3298
66,3304
20,3305
492,3308
435,3310
97,3311
221,3315
382,3343
412,3345
478,3346
485,3346
449,3361
429,3367
61,3374
368,3386
288,3388
155,3393
157,3399
340,3400
328,3400
16,3403
39,3405
280,3410
436,3415
144,3421
261,3435
380,3436
465,3441
297,3442
434,3470
419,3470
446,3477
468,3480
200,3483
19,3500
420,3504
286,3505
346,3508
491,3511
258,3520
70,3529
364,3535
156,3536
397,3537
226,3544
293,3553
30,3561
133,3566
495,3571
336,3572
21,3572
165,3575
173,3578
249,3578
175,3583
45,3585
75,3597
402,3615
119,3616
27,3617
445,3619
59,3623
28,3628
268,3628
188,3643
291,3663
88,3672
87,3690
500,3725
493,3733
269,3734
473,3736
318,3739
408,3749
306,3756
296,3760
214,3761
110,3767
410,3769
137,3770
201,3771
5,3782
229,3790
454,3791
471,3798
49,3800
432,3800
295,3802
228,3803
467,3806
312,3815
405,3819
411,3846
414,3851
31,3861
443,3881
181,3881
138,3891
379,3899
51,3901
220,3901
11,3912
107,3913
460,3915
469,3923
32,3937
464,3945
1,3945
430,3946
361,3946
396,3953
305,3958
486,3978
266,3983
86,4021
332,4043
116,4053
104,4069
112,4070
177,4072
374,4081
440,4086
63,4088
142,4107
452,4109
448,4110
344,4110
444,4114
237,4126
279,4129
345,4132
310,4152
350,4161
121,4166
376,4193
354,4211
136,4227
240,4230
103,4249
338,4260
433,4269
459,4274
458,4285
386,4287
416,4301
278,4309
307,4309
206,4310
143,4312
100,4319
400,4348
202,4359
164,4381
428,4383
277,4393
489,4440
247,4450
236,4450
162,4478
91,4494
204,4494
23,4517
205,4524
95,4539
496,4556
369,4593
265,4615
488,4624
3,4640
105,4644
250,4646
267,4648
118,4672
239,4674
484,4676
194,4681
262,4747
7,4759
393,4764
203,4772
128,4805
163,4808
294,4811
170,4812
79,4816
178,4831
148,4831
399,4844
24,4856
25,4859
253,4886
85,4974
439,5003
426,5006
179,5008
490,5035
324,5039
333,5049
54,5096
282,5111
168,5122
466,5128
55,5171
82,5179
422,5206
36,5220
343,5223
180,5248
302,5279
457,5305
304,5378
311,5397
427,5416
124,5455
395,5457
320,5475
363,5485
373,5534
308,5550
387,5554
352,5569
208,5576
62,5742
12,5773
40,5778
113,5780
153,5837
406,5848
309,5901
94,5915
84,5997
216,6021
499,6108
93,6145
184,6148
154,6202
450,6211
494,6280
425,6350
264,6446
356,6481
315,6508
401,6569
22,6573
413,6643
78,6801
367,6850
176,6874
72,6901
275,6938
339,6940
483,7007
487,7239
337,7260
252,7300
89,7304
186,7346
167,7708
407,7799
272,8247
44,8694

simblock.block.ProofOfWorkBlock@477b324e:4
51,0
477,278
63,383
161,491
366,561
93,596
333,664
402,666
489,700
122,768
88,769
186,772
466,810
206,840
54,873
332,879
86,880
16,890
414,916
58,944
428,948
426,951
121,978
460,984
248,986
239,990
27,995
430,1025
262,1054
95,1055
458,1056
451,1058
216,1060
459,1068
315,1082
405,1088
28,1091
490,1096
274,1098
492,1099
66,1123
118,1133
340,1156
72,1157
433,1158
392,1160
447,1161
8,1162
62,1164
157,1177
113,1178
309,1179
454,1191
176,1196
487,1203
407,1204
153,1204
348,1207
453,1227
124,1228
236,1229
491,1238
328,1241
293,1256
205,1262
164,1264
305,1266
100,1266
110,1266
230,1267
350,1270
214,1273
408,1275
478,1286
107,1287
77,1296
116,1298
471,1300
363,1304
136,1308
437,1308
462,1310
303,1314
148,1314
307,1332
449,1335
204,1336
82,1338
233,1342
441,1347
399,1349
311,1361
133,1363
386,1364
1,1366
351,1368
196,1371
7,1371
92,1374
61,1374
488,1374
409,1377
448,1379
270,1380
336,1380
413,1381
321,1382
40,1384
89,1385
151,1391
495,1392
162,1392
85,1395
226,1400
264,1402
199,1406
377,1407
190,1412
60,1413
306,1413
266,1420
419,1423
450,1439
278,1439
44,1441
203,1441
129,1442
357,1442
156,1443
36,1444
475,1444
154,1445
445,1445
499,1448
320,1452
155,1454
218,1457
200,1458
387,1463
29,1464
439,1466
211,1470
163,1470
167,1471
261,1472
275,1473
170,1475
22,1476
103,1478
168,1481
55,1481
24,1484
57,1484
373,1486
253,1486
140,1489
302,1489
337,1492
425,1494
279,1497
201,1507
352,1511
312,1515
401,1518
184,1520
250,1526
78,1527
109,1530
368,1531
344,1545
443,1545
294,1546
393,1547
308,1547
493,1549
143,1549
180,1549
422,1550
367,1553
231,1555
319,1556
194,1557
286,1559
4,1560
94,1561
160,1561
472,1576
483,1576
137,1579
128,1579
440,1582
64,1582
410,1589
178,1591
135,1593
324,1594
272,1596
389,1596
457,1600
18,1600
420,1603
105,1615
396,1621
13,1623
127,1624
285,1625
473,1626
254,1627
3,1629
298,1629
213,1631
282,1636
464,1637
345,1642
310,1650
287,1652
283,1652
31,1653
343,1659
432,1660
210,1662
185,1663
25,1668
257,1672
370,1676
149,1677
346,1681
484,1683
468,1687
26,1689
158,1689
208,1692
397,1693
404,1699
500,1700
224,1702
175,1706
179,1709
177,1712
241,1713
96,1719
390,1723
356,1727
273,1729
255,1729
53,1737
70,1740
388,1743
415,1743
482,1746
326,1755
412,1756
84,1757
228,1757
417,1763
494,1763
496,1765
434,1768
91,1769
480,1770
436,1782
46,1783
281,1786
202,1793
289,1795
403,1800
331,1807
476,1807
33,1813
431,1815
108,1816
20,1820
258,1826
444,1826
455,1831
342,1832
73,1842
485,1842
37,1843
358,1845
188,1847
469,1848
313,1853
80,1858
197,1860
398,1860
330,1869
123,1871
338,1873
220,1883
225,1887
438,1888
5,1889
411,1890
212,1899
19,1901
318,1908
406,1912
365,1914
486,1916
75,1919
238,1922
292,1924
209,1929
15,1930
355,1937
182,1937
442,1941
39,1951
191,1951
479,1955
222,1960
446,1962
14,1964
6,1968
300,1979
267,1981
90,1983
52,1989
166,1993
383,2003
83,2004
369,2006
416,2008
132,2012
347,2015
147,2034
159,2035
130,2041
353,2052
117,2053
237,2060
131,2063
87,2065
463,2065
301,2065
245,2068
263,2070
452,2071
141,2075
41,2087
384,2090
215,2099
76,2100
395,2100
435,2102
12,2110
240,2110
134,2110
243,2117
418,2118
242,2121
424,2130
470,2132
150,2133
276,2133
497,2142
102,2145
349,2148
260,2148
376,2152
296,2169
244,2170
59,2172
11,2185
317,2190
111,2191
48,2200
47,2208
359,2212
339,2215
427,2217
247,2222
71,2224
97,2237
67,2248
104,2257
2,2259
171,2260
329,2261
481,2269
9,2270
17,2272
291,2283
112,2291
198,2294
142,2303
334,2311
314,2322
304,2325
189,2327
115,2328
323,2340
316,2342
195,2344
249,2353
23,2371
181,2392
229,2402
49,2409
335,2410
251,2410
81,2419
32,2421
35,2425
21,2430
227,2430
68,2432
421,2434
246,2441
341,2462
56,2469
378,2478
114,2478
219,2492
106,2502
125,2504
429,2506
375,2517
165,2521
498,2529
169,2560
65,2577
322,2592
145,2595
259,2610
364,2627
361,2628
74,2636
269,2639
371,2643
235,2650
385,2672
290,2684
120,2688
126,2697
152,2724
327,2729
391,2733
207,2751
192,2758
360,2761
380,2782
381,2801
99,2818
295,2832
232,2841
382,2845
187,2857
362,2872
101,2891
144,2914
38,2924
119,2947
288,2958
138,2972
10,3044
299,3055
34,3066
69,3076
280,3083
234,3095
423,3128
271,3131
325,3132
467,3155
221,3172
394,3175
374,3187
400,3236
461,3304
193,3308
277,3317
45,3389
284,3416
354,3421
474,3460
297,3463
139,3478
252,3484
79,3506
456,3519
379,3535
173,3563
30,3568
50,3645
256,3749
268,3762
372,3813
98,3823
217,3844
265,3917
43,3976
465,3984
146,4098
223,4195
42,4203
172,4310
174,4659
183,5046

simblock.block.ProofOfWorkBlock@506fecad:5
7,0
286,280
405,392
44,496
85,578
211,601
453,685
16,690
482,708
214,778
39,795
459,797
441,813
18,856
53,885
201,885
22,900
140,904
487,918
309,962
127,968
352,973
63,987
1,991
439,992
369,1005
490,1010
61,1025
248,1060
148,1067
62,1072
422,1078
64,1082
357,1085
275,1091
278,1095
294,1097
282,1097
203,1111
460,1122
387,1130
274,1138
78,1173
21,1174
250,1181
308,1182
205,1183
95,1185
31,1189
188,1190
402,1198
233,1199
311,1201
156,1203
491,1211
373,1212
401,1228
321,1230
86,1240
202,1245
330,1247
435,1247
489,1251
344,1269
407,1271
54,1272
66,1279
170,1280
488,1281
24,1285
414,1286
178,1287
25,1289
186,1294
409,1294
210,1295
8,1306
412,1306
216,1307
103,1310
366,1315
128,1315
82,1316
419,1317
392,1333
206,1339
433,1347
255,1352
164,1353
272,1353
477,1354
153,1361
168,1362
485,1363
305,1372
29,1373
328,1374
13,1376
339,1378
118,1378
51,1382
137,1383
345,1383
70,1387
475,1388
303,1390
449,1392
236,1392
180,1392
426,1393
27,1394
116,1399
399,1401
264,1401
483,1414
107,1414
224,1416
368,1418
239,1420
267,1420
200,1421
279,1422
287,1425
262,1426
185,1444
307,1452
124,1455
92,1459
157,1464
346,1467
450,1468
343,1468
500,1469
12,1474
213,1474
58,1475
320,1477
235,1478
261,1480
492,1480
499,1480
230,1481
60,1482
184,1483
154,1487
324,1487
122,1489
304,1489
413,1491
430,1494
176,1497
231,1498
212,1499
484,1500
466,1500
253,1506
336,1507
302,1508
348,1510
161,1522
476,1523
315,1523
338,1529
266,1530
179,1534
110,1534
427,1535
408,1535
454,1539
77,1550
437,1553
463,1554
55,1559
283,1560
91,1561
319,1568
471,1569
386,1570
209,1574
393,1574
473,1574
451,1576
129,1578
84,1579
443,1586
196,1589
40,1590
417,1591
226,1593
121,1594
333,1595
425,1598
351,1598
420,1601
281,1604
472,1605
310,1607
220,1608
162,1611
133,1616
377,1619
199,1621
415,1630
143,1631
329,1632
458,1639
240,1639
175,1641
356,1641
493,1647
363,1654
270,1669
160,1674
155,1674
312,1675
136,1676
306,1678
204,1678
3,1685
410,1687
190,1689
429,1695
72,1699
28,1699
457,1701
150,1713
447,1716
234,1717
105,1718
93,1719
158,1721
167,1723
149,1724
126,1725
340,1726
194,1734
89,1735
479,1739
114,1739
165,1742
113,1746
445,1752
470,1752
215,1752
404,1753
327,1755
117,1760
94,1761
389,1769
480,1772
130,1775
359,1780
100,1782
496,1787
36,1793
75,1797
15,1800
292,1805
19,1808
59,1813
147,1816
208,1816
280,1816
4,1818
455,1819
268,1820
225,1821
109,1823
406,1825
317,1826
428,1828
106,1829
403,1829
358,1829
293,1830
251,1831
440,1831
291,1850
495,1857
434,1858
367,1862
332,1866
222,1874
101,1887
83,1888
331,1899
432,1905
269,1913
5,1921
247,1923
17,1924
370,1926
74,1926
102,1928
57,1933
26,1933
96,1934
390,1936
396,1936
277,1937
362,1943
228,1944
135,1945
379,1947
350,1953
442,1961
273,1962
80,1970
238,1970
181,1973
119,1978
120,1979
448,1984
254,1985
218,1994
347,1999
97,2001
197,2009
478,2010
395,2019
244,2020
14,2021
52,2022
497,2024
108,2024
76,2034
73,2038
494,2040
35,2042
353,2044
325,2044
411,2049
436,2050
34,2063
90,2078
388,2081
87,2103
258,2116
337,2117
68,2120
144,2130
163,2146
391,2149
335,2151
326,2151
134,2154
169,2154
424,2158
444,2161
48,2161
418,2164
132,2179
285,2181
142,2182
300,2183
290,2185
30,2185
341,2188
416,2192
111,2195
382,2197
249,2197
243,2202
151,2204
41,2211
131,2214
365,2219
318,2221
469,2239
115,2245
23,2248
79,2248
88,2250
139,2254
361,2258
284,2260
138,2262
56,2262
313,2263
182,2264
316,2264
381,2297
400,2310
245,2335
191,2338
189,2344
242,2351
323,2377
468,2395
498,2396
398,2398
421,2399
375,2408
276,2413
438,2423
241,2423
47,2424
385,2445
232,2447
452,2458
355,2459
6,2469
20,2481
98,2482
11,2482
260,2486
9,2486
301,2518
371,2518
456,2520
354,2532
152,2546
263,2553
394,2560
32,2571
146,2600
50,2606
252,2611
141,2613
462,2618
159,2642
198,2644
46,2663
265,2665
289,2677
33,2697
237,2699
342,2699
99,2706
423,2708
229,2737
256,2750
380,2781
112,2789
372,2812
378,2820
219,2822
384,2835
464,2843
364,2848
334,2850
246,2851
298,2863
465,2864
2,2883
207,2888
166,2896
65,2916
446,2921
257,2927
43,2939
360,2945
486,2998
192,3011
37,3053
271,3067
383,3071
349,3081
187,3119
49,3136
42,3150
431,3152
193,3178
172,3194
297,3214
374,3220
173,3250
123,3275
174,3294
38,3329
299,3342
376,3342
217,3398
288,3402
227,3414
474,3470
221,3485
171,3488
461,3530
45,3549
481,3559
177,3567
467,3644
295,3665
259,3679
183,3693
314,3730
397,3791
67,3801
223,3895
296,3899
10,4064
81,4129
322,4241
145,4460
195,4571
104,4800
125,5148
71,5494
69,5884

simblock.block.ProofOfWorkBlock@70d6281e:6
97,0
251,351
249,487
56,622
134,711
258,760
150,844
469,876
323,896
331,974
112,984
117,1011
394,1031
59,1064
111,1113
301,1117
358,1151
182,1165
76,1193
470,1197
285,1211
379,1234
5,1249
257,1256
370,1279
277,1290
90,1301
384,1329
273,1332
119,1339
486,1344
165,1366
497,1369
281,1384
177,1388
455,1401
274,1422
479,1425
397,1427
353,1432
235,1466
438,1467
33,1474
365,1481
126,1489
462,1501
87,1506
191,1507
480,1517
396,1520
109,1522
345,1528
464,1553
198,1558
468,1563
19,1567
220,1588
359,1600
329,1601
215,1609
187,1611
436,1615
440,1620
26,1624
166,1625
415,1633
74,1636
108,1640
268,1648
420,1650
245,1651
458,1654
244,1657
131,1659
347,1662
388,1686
300,1686
20,1692
149,1696
233,1700
448,1703
144,1709
106,1716
49,1721
228,1723
35,1724
382,1735
192,1740
317,1744
326,1751
7,1753
240,1757
434,1757
355,1762
237,1768
376,1785
398,1785
289,1788
83,1794
147,1800
432,1809
116,1809
495,1810
361,1821
238,1826
2,1827
96,1828
202,1839
37,1843
103,1845
82,1846
234,1849
254,1851
418,1853
214,1857
381,1858
86,1862
327,1868
123,1868
405,1872
349,1873
279,1874
15,1875
431,1876
120,1878
429,1878
1,1879
450,1884
472,1884
42,1887
444,1887
465,1890
11,1892
160,1900
336,1912
17,1917
422,1917
380,1919
266,1919
18,1920
425,1922
424,1927
433,1929
181,1929
496,1931
121,1932
313,1941
442,1952
218,1957
291,1959
473,1961
197,1962
421,1964
222,1964
318,1967
155,1967
404,1976
14,1977
110,1980
270,1980
236,1981
403,1982
102,1983
411,1995
188,1999
362,2002
130,2003
80,2004
169,2007
416,2010
135,2016
159,2017
52,2023
63,2027
6,2033
286,2038
75,2038
306,2039
141,2045
101,2051
387,2053
206,2068
269,2072
132,2074
24,2076
31,2076
262,2078
53,2079
44,2084
107,2085
21,2087
162,2088
209,2091
476,2101
283,2101
247,2104
483,2104
178,2110
278,2110
225,2111
392,2112
46,2113
463,2114
357,2114
406,2118
282,2121
66,2121
390,2123
407,2129
294,2132
61,2133
264,2134
305,2138
170,2139
151,2141
200,2148
65,2152
410,2153
157,2157
414,2165
292,2173
161,2182
489,2186
343,2189
385,2192
499,2192
348,2193
8,2196
73,2207
250,2208
375,2208
231,2209
146,2220
351,2224
105,2227
342,2227
95,2228
173,2229
417,2233
153,2235
129,2237
451,2247
241,2250
256,2255
154,2257
223,2261
201,2266
48,2267
138,2273
316,2273
478,2275
133,2279
190,2282
383,2284
145,2289
401,2289
419,2290
446,2296
457,2298
312,2303
186,2305
77,2306
340,2307
298,2316
287,2321
443,2322
57,2326
500,2327
304,2329
47,2330
3,2331
449,2336
393,2338
309,2338
204,2339
310,2339
275,2340
253,2340
205,2349
445,2352
350,2354
477,2361
156,2361
226,2361
230,2364
143,2365
122,2367
227,2369
175,2373
164,2379
386,2379
338,2379
114,2383
333,2384
137,2399
409,2405
344,2414
252,2417
4,2418
212,2418
267,2422
459,2429
32,2433
402,2438
213,2444
280,2450
413,2460
377,2463
60,2463
27,2463
368,2465
163,2465
30,2467
328,2476
430,2477
471,2477
100,2482
39,2496
360,2511
367,2513
369,2514
363,2516
72,2531
180,2532
70,2533
171,2535
352,2535
276,2545
62,2548
84,2548
128,2551
40,2553
330,2554
346,2557
207,2557
311,2558
13,2560
492,2565
208,2567
184,2567
94,2572
494,2573
248,2576
482,2582
325,2586
293,2588
54,2593
427,2594
64,2596
460,2596
255,2607
461,2608
437,2608
99,2615
265,2617
168,2656
408,2658
67,2666
493,2669
216,2679
210,2686
232,2687
439,2690
307,2690
12,2693
423,2702
447,2708
324,2709
391,2714
302,2726
92,2740
412,2744
399,2760
88,2761
487,2763
466,2765
43,2768
321,2776
373,2779
139,2782
260,2785
22,2791
272,2793
51,2798
125,2801
454,2803
118,2808
485,2812
25,2816
158,2818
176,2818
435,2835
221,2840
79,2859
16,2895
10,2896
224,2905
45,2920
172,2920
498,2924
366,2925
467,2952
339,2960
85,2977
308,2980
395,2986
152,2991
239,2992
475,2996
488,3004
58,3008
452,3010
303,3023
356,3026
426,3029
261,3035
36,3038
211,3050
196,3051
71,3059
28,3060
194,3062
69,3111
271,3118
124,3120
29,3136
372,3184
315,3187
453,3213
203,3219
229,3219
113,3226
242,3227
337,3253
320,3256
299,3257
185,3263
91,3283
199,3286
441,3286
428,3287
50,3296
334,3305
38,3308
81,3316
115,3330
23,3332
140,3351
183,3357
93,3365
484,3439
127,3453
490,3478
89,3482
136,3489
295,3492
491,3513
456,3518
219,3533
148,3577
195,3582
98,3587
217,3588
354,3627
474,3630
322,3638
55,3680
319,3716
243,3768
297,3773
290,3792
332,3803
68,3827
371,3892
481,3934
34,3939
174,3969
284,3986
78,4032
193,4068
246,4075
341,4091
189,4198
288,4249
389,4258
364,4278
263,4288
296,4368
104,4380
179,4483
41,4577
335,4590
9,4667
378,4893
259,4977
400,5195
374,5276
314,5577

simblock.block.ProofOfWorkBlock@5b8d5c44:7
321,0
405,278
44,391
278,497
16,559
36,604
477,664
53,677
266,711
490,773
441,776
262,781
21,817
368,837
211,879
40,880
306,887
408,895
492,921
51,951
402,953
466,958
352,984
459,985
154,991
1,1000
12,1007
287,1027
336,1057
309,1057
233,1060
332,1060
25,1065
282,1071
460,1092
389,1095
236,1102
82,1111
448,1113
345,1117
64,1133
412,1163
116,1163
202,1167
303,1168
366,1169
216,1170
156,1170
62,1172
330,1176
57,1184
440,1200
122,1201
7,1206
70,1209
214,1215
433,1219
205,1223
153,1241
426,1241
118,1242
184,1244
150,1245
399,1263
86,1268
310,1270
255,1271
199,1271
449,1273
186,1274
103,1276
55,1280
92,1281
478,1281
483,1281
176,1296
27,1296
487,1304
250,1306
387,1307
140,1311
415,1314
392,1318
491,1319
210,1324
124,1335
267,1336
113,1339
72,1343
451,1346
414,1348
475,1353
163,1355
230,1355
485,1356
357,1368
135,1373
167,1374
107,1376
484,1376
430,1377
63,1378
363,1380
160,1380
204,1387
39,1388
162,1390
439,1393
105,1394
473,1398
476,1400
203,1400
54,1401
89,1410
344,1411
194,1412
58,1418
471,1419
346,1423
127,1428
294,1428
137,1448
339,1449
248,1449
435,1451
427,1451
489,1453
445,1454
121,1455
225,1455
13,1457
419,1457
110,1458
83,1462
413,1466
274,1468
133,1473
22,1474
61,1478
200,1480
157,1482
161,1482
302,1483
77,1485
482,1487
164,1487
60,1488
91,1489
494,1493
409,1495
272,1498
369,1498
420,1504
500,1505
425,1505
8,1513
338,1519
305,1519
307,1522
261,1528
166,1528
212,1529
3,1545
493,1552
457,1554
373,1555
84,1556
428,1557
170,1559
443,1559
264,1561
453,1562
488,1563
450,1564
432,1568
337,1568
208,1568
168,1572
78,1573
155,1581
158,1581
320,1584
422,1585
275,1586
279,1586
85,1586
253,1587
437,1589
454,1590
286,1594
479,1596
351,1600
19,1600
315,1603
367,1604
37,1606
93,1606
304,1607
66,1618
333,1620
128,1621
185,1622
143,1622
258,1624
249,1629
328,1629
421,1634
386,1635
129,1636
226,1639
499,1640
119,1648
238,1656
319,1657
356,1659
231,1660
100,1664
401,1664
379,1672
283,1672
149,1672
410,1673
213,1681
340,1682
270,1682
188,1685
24,1686
56,1688
196,1692
179,1694
377,1695
237,1698
417,1709
28,1710
312,1713
31,1724
472,1729
358,1731
96,1734
317,1737
224,1740
220,1743
190,1744
239,1747
177,1750
308,1752
343,1764
393,1769
292,1769
268,1779
136,1786
444,1787
406,1790
175,1792
29,1792
26,1796
359,1798
407,1801
206,1801
101,1802
5,1803
350,1804
117,1805
17,1810
14,1811
273,1815
380,1818
254,1821
496,1822
2,1823
326,1824
218,1824
293,1828
178,1830
48,1834
94,1836
327,1850
468,1852
201,1862
404,1867
109,1882
4,1889
418,1890
311,1899
20,1902
18,1904
240,1906
120,1914
298,1916
277,1921
323,1928
148,1929
416,1929
108,1931
458,1938
95,1942
269,1942
247,1954
222,1955
362,1958
388,1958
134,1962
171,1969
90,1970
355,1970
497,1991
431,1996
228,2005
192,2006
88,2009
180,2014
181,2016
411,2017
375,2019
424,2019
59,2024
132,2025
182,2030
370,2033
486,2035
385,2035
462,2044
463,2045
46,2046
348,2046
429,2052
15,2052
382,2053
87,2053
50,2068
398,2083
189,2084
442,2085
47,2088
123,2088
361,2088
49,2102
99,2107
341,2116
447,2120
42,2138
335,2140
470,2148
390,2149
221,2150
291,2150
131,2168
130,2172
452,2183
80,2183
73,2183
364,2186
376,2193
138,2213
30,2217
290,2222
342,2228
147,2238
191,2239
183,2240
299,2240
285,2242
65,2242
381,2252
79,2253
97,2260
71,2264
144,2266
455,2266
384,2274
396,2275
215,2275
276,2281
347,2283
265,2287
498,2289
146,2291
297,2303
316,2305
111,2306
9,2307
242,2322
301,2329
395,2329
141,2338
193,2339
217,2352
314,2356
142,2363
313,2365
403,2365
325,2372
41,2374
229,2381
151,2388
75,2411
152,2416
23,2419
6,2460
464,2462
495,2465
281,2472
165,2477
43,2483
243,2486
102,2488
114,2491
32,2497
438,2501
480,2505
139,2513
288,2522
461,2523
68,2526
280,2529
159,2541
232,2545
35,2547
33,2560
271,2579
434,2587
465,2611
354,2614
209,2636
365,2678
394,2681
383,2685
331,2696
300,2696
263,2702
234,2711
34,2720
106,2721
52,2748
74,2768
198,2787
257,2811
400,2815
360,2824
241,2835
374,2846
474,2854
187,2854
223,2889
372,2889
245,2914
11,2939
353,2943
76,2965
169,2989
467,3001
446,3006
67,3009
256,3015
371,3026
197,3030
456,3044
391,3050
349,3053
469,3073
251,3158
112,3164
195,3182
318,3183
329,3231
172,3231
295,3249
436,3255
235,3272
259,3276
397,3311
378,3321
324,3354
174,3361
334,3362
126,3378
38,3496
322,3513
260,3521
244,3529
423,3575
45,3578
246,3590
227,3605
219,3652
252,3716
289,3749
173,3764
10,3852
296,3868
284,3925
115,3964
207,3990
98,4053
81,4079
481,4202
145,4414
104,4746
125,5092
69,5483

simblock.block.ProofOfWorkBlock@418616cd:7
339,0
118,283
153,392
294,504
121,574
205,609
25,670
336,679
366,714
16,783
64,784
471,784
264,818
412,857
494,887
239,889
344,889
311,891
157,923
293,965
367,994
24,995
185,997
352,998
266,1064
103,1071
113,1096
129,1099
428,1102
302,1112
178,1118
218,1141
458,1167
435,1169
93,1174
307,1187
333,1204
44,1207
248,1210
1,1211
91,1225
29,1227
200,1230
40,1244
155,1273
272,1275
136,1276
459,1280
61,1281
491,1286
489,1296
180,1312
167,1312
124,1315
450,1331
466,1334
162,1339
77,1355
20,1367
208,1378
58,1380
309,1383
422,1385
426,1387
350,1389
194,1390
483,1401
439,1403
261,1416
127,1418
186,1419
368,1437
324,1439
202,1445
312,1452
401,1461
328,1473
393,1488
31,1490
89,1491
22,1492
445,1494
149,1495
60,1511
110,1516
392,1521
107,1523
457,1524
140,1546
78,1549
443,1550
8,1578
370,1585
164,1593
262,1596
156,1598
100,1599
230,1601
70,1612
212,1617
425,1623
75,1627
57,1628
88,1628
240,1630
402,1632
126,1641
51,1656
54,1659
244,1681
128,1685
275,1702
482,1703
278,1704
476,1709
141,1720
269,1721
279,1739
319,1746
122,1759
444,1766
2,1767
408,1776
455,1790
414,1795
431,1803
343,1811
315,1813
13,1813
109,1834
206,1843
404,1844
169,1849
385,1850
85,1855
446,1861
119,1864
147,1878
488,1884
73,1901
191,1903
116,1917
33,1921
346,1924
83,1939
213,1947
495,1959
283,1959
388,1985
249,1988
187,1990
303,1993
285,2000
429,2008
277,2012
416,2022
387,2029
434,2035
209,2036
56,2036
137,2038
163,2053
479,2056
165,2064
234,2067
251,2068
112,2077
144,2078
357,2090
90,2099
32,2120
46,2127
427,2145
386,2158
220,2162
6,2176
181,2180
498,2192
123,2200
382,2210
175,2220
359,2225
353,2236
26,2246
80,2247
468,2254
35,2255
190,2263
300,2265
365,2275
120,2275
59,2284
210,2285
215,2295
465,2298
274,2315
407,2316
111,2323
101,2345
71,2353
292,2363
298,2372
349,2375
327,2399
217,2402
397,2410
47,2411
131,2411
469,2418
76,2421
49,2430
291,2444
316,2454
453,2457
108,2463
182,2470
403,2472
5,2479
214,2492
376,2495
39,2495
102,2501
41,2509
355,2516
463,2516
145,2539
154,2542
228,2545
188,2545
273,2546
241,2549
19,2555
301,2594
358,2596
347,2600
460,2625
238,2634
361,2656
499,2662
329,2663
437,2668
96,2680
65,2682
132,2682
158,2685
421,2687
497,2690
411,2692
394,2698
97,2701
430,2701
203,2712
389,2723
151,2723
267,2724
166,2739
375,2744
464,2766
87,2770
258,2790
52,2814
117,2837
43,2841
364,2842
322,2845
284,2846
219,2849
481,2851
383,2852
55,2862
104,2870
95,2896
424,2899
395,2902
380,2907
381,2907
231,2907
114,2910
436,2912
330,2914
250,2923
198,2925
252,2930
340,2941
225,2941
475,2941
441,2950
254,2959
485,2961
134,2975
391,2991
334,2997
53,3009
281,3019
79,3028
150,3036
379,3049
374,3053
462,3071
478,3087
37,3110
487,3123
486,3125
287,3127
305,3133
42,3140
492,3141
276,3147
493,3149
21,3157
440,3167
133,3172
378,3174
236,3179
260,3186
82,3187
34,3216
456,3233
263,3241
197,3263
142,3279
199,3285
337,3287
342,3292
138,3294
160,3315
193,3322
38,3335
295,3342
216,3343
418,3354
227,3357
67,3358
320,3359
490,3375
36,3381
99,3382
84,3387
28,3397
356,3398
286,3406
94,3420
232,3453
296,3473
152,3510
369,3512
176,3516
27,3532
405,3543
297,3573
314,3577
454,3585
174,3592
98,3595
354,3599
243,3605
335,3612
81,3625
423,3628
448,3634
125,3642
45,3682
290,3686
371,3687
271,3688
183,3713
372,3713
289,3719
313,3720
159,3734
12,3746
398,3754
282,3777
452,3804
449,3813
224,3826
256,3845
348,3857
399,3893
146,3927
207,3943
242,3955
221,3987
400,4019
139,4020
373,4043
222,4044
74,4048
189,4081
473,4114
500,4117
288,4135
30,4288
259,4307
172,4354
177,4369
106,4372
474,4381
9,4466
223,4647
318,4692
442,4696
184,4759
23,4782
461,4816
325,5021
179,5056
467,5207
338,5419
211,5747

simblock.block.ProofOfWorkBlock@a06f16e:8
299,0
41,537
207,759
263,973
498,1300
134,1301
144,1419
174,1441
423,1511
300,1630
358,1649
232,1652
20,1743
349,1771
438,1782
177,1834
246,1839
456,1862
281,1906
251,1915
355,1957
290,1967
75,1981
191,2003
329,2049
276,2049
234,2050
434,2068
284,2080
383,2103
33,2115
102,2130
111,2137
291,2147
245,2160
247,2180
42,2186
56,2193
145,2193
192,2196
119,2238
131,2249
19,2261
497,2264
195,2271
257,2282
479,2283
259,2315
14,2316
200,2319
469,2319
470,2331
327,2336
455,2353
376,2385
436,2395
166,2395
463,2398
462,2398
277,2404
172,2405
76,2413
175,2416
117,2416
37,2421
448,2423
141,2461
132,2465
357,2467
244,2470
416,2471
135,2472
273,2477
258,2486
370,2503
372,2509
495,2511
71,2515
384,2519
50,2524
431,2528
325,2539
83,2546
225,2550
394,2550
331,2551
17,2556
97,2557
90,2558
96,2595
74,2595
198,2596
285,2600
215,2606
388,2606
486,2612
465,2616
126,2620
59,2623
240,2634
206,2635
53,2636
421,2647
437,2651
150,2657
5,2662
444,2665
379,2668
109,2681
418,2682
127,2682
73,2692
403,2692
103,2695
336,2698
292,2701
52,2704
464,2717
301,2719
326,2726
396,2728
11,2730
2,2731
219,2734
270,2735
365,2739
217,2743
32,2745
323,2747
170,2750
420,2750
342,2754
298,2754
404,2756
317,2764
26,2771
409,2775
95,2779
165,2781
330,2781
87,2801
187,2830
332,2830
218,2830
18,2832
424,2842
237,2844
482,2846
335,2850
8,2852
382,2853
185,2862
249,2863
58,2865
209,2868
201,2871
46,2871
62,2873
397,2874
472,2876
304,2879
49,2889
241,2893
476,2904
480,2908
313,2909
91,2914
457,2915
353,2916
210,2919
224,2920
190,2924
283,2924
390,2925
54,2925
361,2926
110,2930
104,2943
308,2952
453,2960
359,2963
65,2968
282,2970
143,2972
346,2980
458,2983
66,2984
318,2992
264,2997
220,3002
238,3007
499,3008
380,3010
167,3014
72,3022
122,3029
381,3031
447,3033
310,3039
369,3046
69,3050
303,3050
280,3050
128,3053
446,3055
426,3057
197,3058
235,3062
164,3070
385,3073
229,3075
253,3079
287,3080
307,3080
267,3081
429,3089
368,3091
6,3093
254,3095
449,3099
139,3101
492,3103
286,3104
489,3105
485,3108
272,3108
151,3113
196,3113
340,3113
101,3116
27,3141
309,3142
445,3144
471,3146
44,3149
231,3149
188,3151
367,3154
214,3159
182,3166
106,3170
3,3178
250,3184
261,3186
213,3192
129,3195
415,3198
386,3199
412,3207
158,3219
67,3232
31,3233
124,3235
223,3238
92,3245
407,3247
108,3249
146,3252
161,3257
28,3258
473,3259
154,3261
341,3264
116,3269
262,3269
212,3281
202,3286
275,3287
328,3290
417,3298
274,3306
155,3308
47,3310
88,3329
459,3330
120,3331
173,3334
57,3338
21,3338
419,3340
77,3348
266,3351
1,3353
410,3355
179,3358
130,3358
496,3372
432,3373
211,3375
38,3376
153,3376
93,3380
289,3381
268,3381
85,3383
48,3384
233,3385
366,3387
411,3396
180,3398
43,3403
171,3413
140,3417
9,3423
460,3424
186,3425
478,3431
16,3432
375,3442
487,3442
157,3445
451,3449
347,3450
389,3476
222,3495
35,3496
260,3500
148,3514
440,3522
236,3526
402,3544
488,3546
371,3549
374,3552
312,3558
320,3568
360,3569
350,3571
293,3575
142,3576
149,3579
23,3587
64,3591
255,3599
297,3600
199,3603
467,3603
393,3611
133,3616
81,3637
121,3650
137,3657
395,3673
152,3678
227,3683
30,3685
99,3687
442,3705
362,3706
112,3707
114,3713
160,3714
163,3723
377,3725
205,3737
400,3758
378,3758
319,3770
125,3775
321,3777
414,3798
392,3798
226,3802
162,3803
454,3806
29,3808
169,3819
228,3820
405,3839
107,3845
354,3865
221,3877
78,3897
322,3910
314,3914
45,3915
156,3942
425,3943
474,3955
230,3959
7,3968
243,3980
80,3984
343,4001
493,4032
15,4037
159,4040
60,4041
430,4073
184,4075
364,4098
138,4139
316,4143
468,4145
136,4156
351,4166
178,4168
344,4170
216,4173
115,4207
288,4209
345,4226
491,4228
189,4254
61,4261
305,4269
181,4277
391,4283
475,4303
278,4306
24,4330
13,4346
269,4363
401,4372
315,4402
98,4411
265,4432
256,4439
113,4447
204,4452
147,4472
25,4488
68,4510
433,4512
439,4529
356,4532
435,4537
408,4540
183,4561
63,4604
443,4673
40,4674
398,4686
39,4691
295,4729
86,4738
193,4763
311,4767
271,4789
100,4816
334,4834
82,4841
452,4862
500,4874
477,4900
352,4901
481,5029
428,5036
490,5049
55,5052
337,5058
34,5066
176,5129
248,5198
387,5224
105,5244
399,5270
242,5330
252,5356
296,5369
373,5399
441,5413
363,5416
466,5508
333,5552
51,5610
10,5670
306,5763
302,5775
339,5783
208,5964
36,6137

simblock.block.ProofOfWorkBlock@56d33874:8
458,0
213,1061
293,1172
402,1277
450,1340
61,1383
77,1450
422,1451
312,1488
262,1555
435,1556
447,1558
494,1594
428,1620
401,1659
413,1663
185,1664
170,1670
348,1731
420,1735
344,1737
178,1767
164,1767
121,1771
236,1773
140,1779
298,1818
346,1835
31,1837
270,1838
478,1842
82,1843
133,1848
230,1872
294,1873
448,1875
40,1876
399,1882
427,1885
62,1901
340,1940
202,1942
459,1942
278,1943
319,1945
70,1948
78,1949
86,1951
255,1959
155,1961
275,1978
16,1978
162,1981
414,1983
457,1988
311,1992
453,2011
320,2018
85,2020
437,2025
150,2035
148,2044
168,2047
282,2050
332,2050
163,2054
118,2056
233,2056
39,2059
460,2060
21,2061
483,2061
103,2067
393,2069
176,2069
338,2075
196,2083
363,2087
485,2096
239,2099
473,2114
307,2115
315,2121
352,2122
136,2127
343,2134
310,2134
287,2135
93,2136
430,2150
339,2151
205,2152
337,2152
204,2155
274,2157
248,2160
489,2161
3,2163
27,2164
135,2164
122,2166
179,2170
206,2171
201,2171
333,2174
250,2177
88,2179
57,2179
214,2181
96,2183
253,2188
261,2191
128,2203
191,2205
212,2220
22,2221
18,2221
406,2222
210,2226
72,2227
264,2227
95,2229
482,2233
203,2236
417,2238
410,2240
439,2241
279,2242
158,2248
153,2250
65,2252
440,2253
302,2256
116,2259
161,2260
471,2263
60,2264
29,2264
64,2265
53,2265
412,2266
208,2267
154,2268
28,2272
405,2272
226,2272
490,2275
303,2275
324,2281
188,2284
13,2285
190,2285
392,2292
91,2299
231,2301
409,2306
309,2314
407,2324
54,2324
476,2325
466,2329
487,2329
357,2332
419,2332
1,2332
441,2334
449,2336
267,2340
129,2342
160,2344
24,2346
224,2350
499,2350
308,2350
124,2360
472,2360
94,2362
377,2362
37,2363
330,2366
345,2367
194,2369
184,2370
56,2370
105,2371
66,2373
368,2373
493,2374
451,2376
425,2381
356,2384
436,2390
5,2398
426,2398
306,2402
200,2403
165,2404
358,2407
369,2409
84,2413
283,2416
7,2423
101,2427
336,2430
415,2430
408,2433
156,2435
211,2437
445,2441
443,2443
63,2446
186,2449
488,2450
25,2452
387,2456
321,2457
383,2462
58,2465
316,2466
216,2467
87,2467
305,2468
143,2472
51,2473
92,2473
8,2474
389,2475
328,2475
486,2478
107,2484
59,2488
382,2493
218,2495
350,2499
477,2502
464,2504
266,2504
342,2508
492,2510
323,2522
167,2523
479,2524
131,2526
113,2537
89,2539
500,2542
454,2545
484,2548
362,2554
433,2554
12,2556
498,2563
397,2563
329,2563
385,2572
432,2578
386,2578
351,2580
151,2582
416,2583
254,2587
55,2590
225,2591
424,2593
245,2594
304,2596
373,2612
446,2622
110,2628
280,2628
23,2633
444,2635
102,2635
384,2636
434,2638
497,2640
496,2644
281,2645
468,2647
175,2654
137,2654
157,2660
398,2662
370,2663
75,2668
390,2676
147,2678
495,2683
247,2684
491,2685
470,2686
180,2686
76,2690
220,2691
100,2694
438,2695
411,2695
17,2697
249,2700
269,2700
272,2701
469,2701
20,2701
359,2702
404,2708
197,2715
126,2719
365,2728
376,2729
199,2736
149,2739
355,2743
141,2747
480,2760
367,2767
431,2768
361,2772
42,2775
317,2776
240,2777
318,2786
48,2790
44,2792
14,2794
35,2806
90,2807
120,2808
36,2809
394,2812
322,2814
145,2830
192,2832
19,2842
286,2845
235,2849
52,2856
117,2858
292,2858
331,2859
238,2862
463,2863
46,2866
403,2873
335,2879
166,2880
132,2882
198,2886
366,2896
228,2897
301,2903
268,2906
237,2914
171,2915
26,2918
134,2920
4,2923
273,2923
374,2928
189,2931
111,2932
251,2936
223,2950
475,2951
277,2962
50,2963
379,2965
456,2969
229,2973
388,2986
258,2993
177,2994
97,2998
371,2999
119,3009
193,3010
127,3015
80,3026
400,3028
9,3029
130,3030
221,3036
452,3052
68,3063
354,3065
442,3075
115,3075
209,3081
81,3084
74,3093
372,3094
288,3095
313,3097
215,3098
300,3105
227,3115
349,3127
465,3128
182,3133
481,3137
299,3146
381,3147
219,3150
187,3151
341,3158
144,3161
34,3164
265,3181
69,3182
285,3189
41,3191
421,3208
181,3211
314,3215
289,3215
222,3216
6,3229
353,3236
375,3246
30,3250
291,3251
146,3259
43,3262
263,3266
360,3285
123,3293
232,3306
49,3324
290,3331
109,3346
183,3351
142,3358
108,3368
260,3373
159,3388
347,3409
207,3430
241,3440
326,3457
112,3464
461,3480
47,3486
104,3501
32,3513
73,3546
276,3551
169,3563
418,3587
152,3604
325,3616
297,3673
244,3680
106,3690
83,3704
125,3720
327,3738
173,3745
45,3778
380,3787
429,3808
138,3811
2,3836
295,3875
364,3877
334,3888
243,3891
15,3907
378,3935
257,4017
242,4017
455,4033
195,4035
33,4054
10,4071
99,4075
396,4126
284,4220
11,4272
462,4347
256,4348
391,4372
259,4380
395,4385
67,4405
467,4463
114,4498
246,4550
38,4681
79,4682
474,4702
234,4715
271,4718
296,4740
174,4908
71,5030
217,5035
139,5051
252,5078
423,5365
172,5388
98,5414

simblock.block.ProofOfWorkBlock@7a385640:8
316,0
463,358
385,494
192,627
355,709
47,847
291,860
417,861
147,981
74,997
37,997
76,1058
412,1091
327,1119
349,1131
390,1137
261,1141
424,1195
317,1210
347,1227
187,1252
134,1275
471,1319
273,1328
87,1335
169,1344
249,1349
19,1355
437,1361
431,1363
121,1374
120,1391
300,1408
234,1413
279,1423
129,1425
331,1467
442,1468
106,1472
380,1478
478,1479
73,1482
83,1497
238,1497
102,1500
381,1525
31,1535
70,1539
124,1546
198,1553
285,1572
353,1582
25,1585
91,1587
8,1605
326,1608
486,1613
251,1617
244,1618
46,1633
117,1633
224,1634
430,1643
13,1647
468,1661
281,1677
469,1686
149,1689
267,1690
405,1692
241,1706
277,1709
44,1710
97,1711
487,1711
414,1716
205,1717
235,1720
292,1722
75,1742
394,1749
222,1751
95,1752
312,1752
254,1752
35,1769
269,1773
428,1774
490,1784
264,1795
403,1807
305,1813
111,1818
220,1819
328,1820
208,1822
258,1824
200,1827
57,1830
309,1830
384,1833
165,1835
49,1844
411,1848
370,1851
5,1854
298,1855
329,1857
127,1860
130,1860
294,1862
432,1871
191,1877
141,1879
53,1880
480,1886
188,1887
323,1889
407,1898
36,1902
218,1907
181,1915
451,1922
266,1925
24,1931
182,1932
255,1936
78,1938
448,1941
126,1948
485,1950
33,1954
383,1966
336,1967
108,1968
56,1971
346,1975
420,1976
406,1977
301,1983
123,1983
150,1984
247,1988
90,1989
63,1995
408,2000
185,2002
476,2003
176,2008
396,2008
26,2010
168,2011
240,2016
379,2018
128,2029
491,2040
157,2040
122,2041
438,2043
350,2043
6,2052
363,2054
166,2057
287,2061
447,2072
132,2074
59,2077
66,2096
199,2100
245,2109
425,2112
489,2115
453,2115
85,2118
231,2121
112,2121
362,2122
382,2123
321,2125
416,2126
107,2129
116,2133
465,2134
71,2138
268,2144
17,2150
233,2150
239,2152
101,2154
58,2173
457,2178
332,2179
473,2182
433,2183
144,2195
488,2201
439,2205
2,2208
14,2208
338,2215
373,2217
367,2220
203,2222
289,2222
483,2227
146,2230
213,2237
21,2240
404,2243
440,2243
96,2246
257,2250
109,2258
7,2259
52,2261
60,2267
462,2267
500,2267
153,2273
497,2274
493,2274
361,2275
446,2275
160,2279
278,2280
84,2286
357,2288
495,2294
302,2302
295,2307
296,2314
3,2319
466,2324
283,2326
436,2327
315,2334
159,2337
399,2344
427,2348
458,2351
184,2356
1,2358
366,2364
492,2372
398,2379
270,2379
174,2384
216,2385
392,2387
100,2392
325,2397
4,2406
318,2412
42,2412
179,2413
30,2414
65,2416
419,2416
105,2434
131,2440
82,2440
393,2446
377,2448
342,2451
80,2463
282,2464
415,2468
155,2469
320,2473
339,2474
34,2474
230,2478
303,2490
340,2495
167,2500
484,2505
29,2505
413,2506
280,2506
38,2507
226,2509
92,2525
125,2540
51,2545
210,2555
94,2562
177,2562
445,2564
104,2567
62,2575
472,2576
499,2578
10,2579
288,2586
364,2589
435,2590
449,2590
219,2593
387,2603
274,2604
374,2604
322,2607
409,2613
12,2623
201,2624
276,2625
434,2633
236,2641
365,2642
272,2645
137,2645
39,2668
444,2669
118,2673
375,2676
161,2682
341,2687
214,2692
180,2697
110,2702
114,2702
43,2713
54,2717
248,2722
293,2724
395,2726
64,2727
18,2730
119,2732
389,2734
265,2736
86,2739
28,2749
190,2757
344,2773
290,2775
345,2783
262,2792
22,2804
378,2809
356,2811
77,2834
386,2841
391,2841
311,2842
284,2844
313,2856
151,2866
422,2866
250,2870
334,2879
158,2879
175,2886
68,2891
172,2892
371,2893
246,2897
330,2903
9,2909
227,2911
207,2911
368,2921
360,2930
461,2936
443,2943
400,2944
308,2949
45,2955
286,2956
32,2957
369,2959
482,2962
88,2966
402,2966
103,2975
152,2980
223,2983
138,2992
253,3012
202,3018
50,3033
209,3034
178,3036
441,3050
410,3060
260,3067
148,3068
343,3069
15,3073
189,3076
215,3094
164,3097
376,3104
352,3106
27,3132
271,3154
477,3155
459,3176
333,3186
16,3189
464,3208
354,3215
72,3246
475,3248
456,3259
310,3272
348,3280
252,3283
193,3284
156,3285
217,3293
55,3293
69,3321
228,3322
89,3324
307,3358
299,3368
306,3386
186,3412
212,3417
481,3418
136,3421
429,3424
423,3425
455,3455
259,3469
194,3472
304,3475
256,3478
397,3555
115,3565
359,3571
452,3580
143,3592
242,3593
426,3639
337,3653
263,3686
139,3705
474,3760
229,3764
23,3769
297,3771
479,3775
470,3782
314,3872
61,3880
211,3889
498,3895
358,3935
221,3938
11,3999
388,4054
79,4072
81,4075
163,4122
335,4204
98,4336
206,4349
162,4466
232,4506
319,4579
173,4730
467,4870
99,5113
243,5169
145,5471
142,5771
41,5785

simblock.block.ProofOfWorkBlock@61f7b534:9
313,0
225,356
379,492
394,625
48,716
35,848
434,850
336,857
469,988
182,990
166,994
42,1076
328,1088
220,1122
480,1123
8,1135
15,1210
455,1215
164,1219
148,1245
411,1256
97,1259
445,1322
87,1341
131,1342
462,1346
205,1349
175,1351
179,1352
2,1353
473,1369
381,1390
347,1398
482,1416
268,1430
368,1445
118,1459
251,1475
396,1476
228,1476
370,1478
14,1483
426,1485
237,1498
135,1499
401,1523
386,1527
147,1539
31,1550
21,1566
464,1566
11,1568
329,1573
194,1577
440,1577
184,1594
156,1602
493,1603
436,1609
495,1610
56,1612
130,1612
317,1612
325,1617
83,1622
305,1624
500,1628
241,1631
449,1632
163,1632
344,1634
346,1657
496,1670
356,1674
331,1674
200,1696
191,1702
65,1703
289,1705
119,1707
109,1708
154,1711
70,1713
300,1715
117,1717
342,1721
275,1725
94,1733
93,1734
236,1737
53,1738
450,1739
165,1740
108,1743
123,1746
222,1747
291,1749
90,1749
49,1758
202,1758
304,1762
111,1764
453,1765
151,1775
488,1777
267,1784
444,1787
430,1804
63,1806
499,1809
332,1816
281,1817
22,1821
266,1824
19,1826
198,1830
12,1832
429,1834
231,1835
26,1836
338,1837
244,1838
209,1838
141,1841
350,1841
478,1842
169,1844
178,1844
403,1845
352,1847
85,1850
215,1852
80,1856
321,1857
212,1862
443,1864
253,1870
414,1871
497,1877
172,1877
366,1880
240,1881
120,1881
292,1882
343,1883
258,1886
406,1889
116,1890
416,1891
424,1892
404,1898
210,1902
278,1908
442,1908
214,1912
293,1913
320,1914
459,1923
84,1925
77,1926
397,1927
340,1930
486,1930
494,1940
230,1941
196,1942
418,1943
185,1947
303,1951
74,1952
298,1964
245,1965
285,1970
1,1970
390,1971
477,1972
323,1973
73,1976
102,1978
380,1984
269,1985
479,1987
72,1988
149,1989
6,1991
417,1997
226,1997
255,2004
491,2013
239,2017
144,2017
89,2019
249,2019
203,2019
44,2023
235,2024
280,2026
233,2026
385,2029
419,2035
392,2035
197,2039
13,2044
157,2045
18,2046
168,2048
471,2050
420,2055
37,2058
421,2058
52,2059
146,2061
315,2063
274,2065
140,2065
460,2070
468,2071
204,2071
431,2074
24,2076
192,2080
457,2080
326,2083
132,2086
476,2092
234,2104
47,2106
312,2107
484,2108
310,2109
3,2110
441,2113
150,2116
126,2117
413,2118
190,2119
427,2120
82,2124
159,2126
101,2126
415,2127
66,2127
367,2129
410,2129
301,2133
492,2135
136,2136
439,2141
213,2144
5,2145
17,2156
483,2165
387,2170
408,2170
276,2180
162,2183
316,2187
20,2191
187,2194
458,2198
57,2200
161,2201
369,2204
425,2204
112,2208
277,2209
362,2210
75,2210
294,2219
358,2220
454,2224
133,2226
463,2230
88,2237
248,2238
7,2247
124,2249
254,2250
96,2251
33,2253
357,2257
176,2260
383,2263
388,2264
365,2264
393,2268
361,2271
437,2271
107,2275
273,2277
160,2292
402,2296
121,2296
349,2302
128,2306
354,2311
376,2323
59,2324
188,2325
435,2331
247,2333
330,2336
61,2337
351,2339
359,2341
238,2344
279,2346
127,2349
153,2349
327,2349
448,2351
307,2357
318,2361
106,2367
377,2368
446,2371
174,2375
407,2378
355,2379
30,2380
373,2381
474,2381
64,2382
382,2392
242,2403
76,2405
51,2406
451,2426
283,2429
465,2431
447,2432
422,2433
138,2437
229,2441
475,2452
384,2453
432,2454
23,2463
50,2465
79,2469
181,2470
167,2472
297,2473
364,2474
456,2480
105,2485
54,2487
143,2493
114,2499
363,2500
311,2500
360,2512
389,2517
412,2533
170,2546
322,2548
433,2556
409,2563
103,2566
263,2571
92,2579
319,2580
299,2581
201,2584
32,2586
25,2592
272,2595
265,2596
423,2599
134,2599
223,2602
284,2608
27,2608
183,2610
398,2624
261,2676
98,2678
34,2679
186,2681
250,2698
67,2711
43,2715
216,2716
16,2718
137,2719
256,2722
71,2723
375,2726
208,2727
487,2733
400,2735
288,2735
481,2736
339,2747
334,2749
324,2753
490,2782
171,2785
489,2793
4,2806
40,2809
337,2818
155,2818
438,2819
296,2821
485,2825
378,2828
81,2835
45,2845
152,2859
395,2888
399,2906
38,2912
260,2924
452,2925
270,2926
195,2940
199,2943
302,2946
264,2953
348,2962
110,2964
306,2974
177,3001
86,3038
211,3039
224,3047
206,3050
129,3050
193,3055
271,3065
180,3139
78,3154
68,3159
122,3168
104,3173
29,3185
55,3188
333,3192
95,3194
335,3198
345,3201
145,3211
218,3219
158,3264
9,3280
428,3280
287,3288
113,3378
391,3393
28,3394
461,3412
259,3412
91,3417
472,3423
39,3430
125,3438
46,3439
99,3451
100,3490
246,3508
221,3512
227,3590
309,3604
405,3634
36,3651
62,3652
353,3659
142,3719
308,3720
295,3720
252,3734
243,3744
372,3791
173,3809
466,3833
58,3877
60,3880
470,3881
232,3894
467,3903
374,3926
262,3946
290,4020
10,4045
41,4051
257,4102
282,4103
286,4109
115,4127
371,4233
341,4327
139,4344
207,4355
498,4405
219,4427
69,4489
217,4535
314,4647
189,4837

simblock.block.ProofOfWorkBlock@5094d147:9
142,0
221,542
385,875
30,1097
147,1198
291,1424
497,1528
269,1746
97,1858
141,2077
228,2201
96,2406
270,2563
462,2744
367,2926
90,3070
200,3288
380,3394
233,3651
183,3720
499,4017
411,4043
74,4378
158,4379
73,4722
188,5085
13,5447
357,5819
72,6183
91,6557
333,6934
156,7296

simblock.block.ProofOfWorkBlock@783c6882:10
57,0
72,279
408,386
447,491
406,558
279,597
212,666
58,671
29,702
205,771
332,775
278,777
27,807
336,837
255,879
422,881
194,882
338,882
369,922
350,942
266,946
64,959
186,984
60,988
333,988
487,989
156,993
449,1033
460,1047
25,1055
321,1059
450,1063
203,1065
351,1069
161,1092
211,1094
417,1095
402,1097
419,1097
163,1112
226,1129
459,1139
443,1152
363,1160
77,1160
478,1164
84,1166
129,1168
483,1175
352,1175
305,1176
367,1176
392,1196
22,1199
261,1204
286,1212
185,1217
386,1228
118,1240
239,1242
485,1243
319,1246
137,1258
414,1264
451,1266
489,1267
199,1268
343,1271
494,1271
202,1272
162,1273
178,1274
124,1281
53,1283
180,1295
143,1298
410,1303
18,1305
270,1308
82,1314
106,1315
292,1316
471,1327
310,1331
389,1333
176,1339
21,1344
348,1347
440,1347
330,1349
157,1351
412,1351
262,1352
154,1369
51,1370
267,1373
201,1374
105,1376
95,1377
88,1377
39,1378
457,1379
344,1379
196,1384
430,1386
93,1386
345,1388
373,1396
28,1398
184,1401
472,1405
492,1413
399,1414
188,1416
44,1420
405,1439
294,1440
293,1442
204,1444
224,1444
127,1448
432,1449
231,1449
427,1451
356,1451
179,1452
1,1452
89,1460
86,1462
16,1462
136,1465
158,1470
346,1476
103,1478
340,1479
437,1480
91,1481
250,1482
311,1483
264,1484
339,1485
466,1486
309,1489
407,1490
401,1494
253,1496
477,1496
428,1496
491,1498
285,1499
275,1503
479,1505
155,1506
7,1506
272,1506
190,1519
108,1521
36,1521
165,1533
413,1541
418,1545
66,1545
151,1547
236,1547
484,1547
12,1548
291,1548
306,1549
135,1552
63,1552
122,1553
490,1555
31,1557
208,1558
61,1564
425,1565
62,1568
117,1568
94,1569
283,1571
475,1573
230,1575
213,1585
116,1585
70,1586
274,1587
282,1587
92,1588
113,1589
488,1589
493,1590
326,1590
357,1595
308,1596
85,1599
476,1600
164,1601
458,1601
13,1602
121,1604
128,1613
24,1613
19,1617
287,1626
421,1640
393,1651
107,1652
170,1652
206,1656
376,1658
415,1658
312,1658
500,1658
8,1660
216,1664
214,1671
167,1672
411,1673
187,1673
448,1677
160,1680
366,1691
55,1694
307,1694
302,1696
315,1697
140,1698
304,1699
245,1702
445,1704
3,1708
110,1711
191,1717
65,1718
168,1719
40,1720
215,1723
5,1723
331,1726
6,1732
96,1741
433,1745
130,1754
436,1756
454,1756
463,1763
133,1764
254,1765
409,1766
325,1766
78,1767
397,1770
32,1774
473,1777
200,1777
387,1786
210,1787
324,1788
424,1793
268,1795
225,1796
90,1799
438,1800
439,1801
337,1801
303,1804
398,1809
233,1810
220,1810
234,1819
281,1820
97,1823
112,1824
249,1825
301,1837
150,1846
280,1849
482,1853
169,1856
420,1856
152,1858
119,1858
228,1859
320,1871
15,1872
148,1874
277,1875
80,1881
426,1883
100,1893
380,1896
469,1899
59,1905
74,1906
453,1908
368,1910
147,1912
486,1918
235,1919
481,1920
403,1921
358,1921
240,1923
207,1923
379,1930
377,1938
35,1938
141,1943
175,1943
181,1944
396,1944
365,1953
247,1953
182,1971
48,1974
42,1975
442,1977
149,1978
496,1979
444,1981
465,1984
327,1985
209,1985
384,1986
37,1988
323,1994
4,1996
2,1997
435,2000
258,2004
495,2006
134,2008
322,2012
54,2014
431,2018
14,2020
111,2020
269,2035
102,2039
497,2040
114,2041
289,2042
144,2043
20,2043
349,2056
394,2059
192,2060
68,2063
26,2070
371,2072
237,2073
468,2075
355,2080
153,2088
298,2091
73,2092
43,2097
87,2101
388,2102
328,2106
416,2117
49,2129
173,2130
441,2132
11,2132
101,2139
241,2141
271,2141
81,2145
52,2157
359,2164
446,2164
197,2168
75,2168
316,2170
290,2185
284,2188
248,2193
145,2196
159,2198
251,2203
109,2215
499,2216
30,2221
404,2221
132,2224
370,2238
229,2243
146,2246
381,2257
67,2262
120,2265
126,2269
334,2275
17,2289
259,2290
83,2292
375,2297
362,2297
452,2311
464,2315
299,2316
38,2323
238,2327
183,2335
400,2343
361,2348
455,2350
99,2351
142,2352
385,2354
374,2356
131,2376
33,2381
76,2393
434,2405
246,2412
470,2416
166,2420
34,2422
9,2424
227,2432
123,2442
273,2443
172,2471
56,2485
244,2507
221,2530
174,2533
219,2556
23,2566
382,2567
390,2569
139,2574
222,2578
171,2578
480,2600
329,2603
252,2605
341,2606
342,2612
177,2635
354,2639
242,2646
314,2659
50,2659
318,2661
383,2663
296,2692
347,2703
429,2727
364,2747
138,2756
260,2762
288,2765
300,2800
198,2812
47,2817
125,2835
313,2853
223,2877
317,2880
360,2887
193,2902
474,2905
104,2947
98,2952
71,2954
217,3063
218,3071
378,3083
297,3092
41,3093
232,3098
276,3135
195,3143
295,3162
395,3222
498,3226
391,3234
456,3285
467,3295
353,3300
115,3347
79,3397
423,3429
189,3440
263,3472
46,3520
335,3554
256,3564
69,3619
462,3741
45,3776
265,3785
243,3869
10,3892
372,3955
461,4131

simblock.block.ProofOfWorkBlock@5df42da0:11
202,0
18,281
366,388
127,494
85,563
118,599
253,677
339,678
110,704
36,773
278,782
477,784
40,813
286,848
51,878
453,878
310,891
304,895
330,919
31,953
402,958
205,961
471,984
415,984
274,997
212,1007
487,1035
433,1051
129,1058
283,1062
63,1062
348,1064
294,1068
121,1089
86,1097
199,1102
408,1106
100,1112
203,1130
156,1149
448,1156
105,1158
432,1163
405,1168
430,1170
459,1170
148,1170
485,1174
420,1174
153,1176
1,1200
239,1203
293,1209
412,1212
428,1218
7,1240
230,1246
261,1246
233,1254
135,1263
321,1264
333,1266
337,1271
332,1273
8,1275
440,1275
267,1279
13,1280
224,1281
16,1281
311,1306
93,1307
4,1308
12,1323
248,1342
66,1342
39,1345
44,1348
345,1349
133,1349
494,1352
208,1352
413,1352
450,1364
426,1367
266,1371
491,1379
435,1379
460,1380
116,1383
264,1386
439,1386
211,1388
457,1391
484,1392
128,1392
500,1392
114,1397
499,1404
387,1404
58,1409
162,1410
466,1416
363,1422
21,1427
315,1430
463,1430
320,1439
343,1439
389,1440
417,1442
323,1445
204,1447
55,1448
188,1449
88,1450
490,1451
28,1453
282,1453
458,1456
25,1458
393,1459
422,1464
167,1468
200,1468
62,1474
437,1478
186,1485
306,1486
157,1486
94,1486
425,1488
309,1491
27,1492
176,1493
179,1496
84,1497
328,1498
307,1500
454,1503
449,1514
92,1516
336,1516
70,1526
77,1526
161,1527
196,1531
351,1537
231,1537
476,1543
356,1544
272,1546
117,1549
89,1555
492,1555
357,1558
475,1558
407,1559
236,1559
213,1559
226,1560
427,1562
140,1563
373,1566
160,1568
409,1568
131,1569
305,1574
78,1575
201,1579
386,1583
180,1591
61,1593
210,1597
124,1600
473,1601
250,1604
470,1617
53,1618
416,1619
214,1621
443,1622
57,1623
489,1625
244,1626
275,1631
340,1632
308,1633
447,1634
338,1635
158,1637
82,1642
319,1642
401,1642
168,1650
312,1651
154,1651
429,1654
445,1662
496,1662
287,1662
399,1663
482,1663
493,1664
451,1666
185,1670
419,1671
483,1671
165,1678
60,1681
170,1681
2,1681
220,1681
302,1686
488,1688
113,1692
414,1696
175,1702
19,1702
169,1707
136,1710
255,1710
350,1718
316,1719
102,1724
469,1726
24,1727
254,1738
22,1739
472,1742
392,1742
216,1743
149,1746
194,1751
346,1756
298,1767
72,1767
122,1770
137,1770
410,1771
279,1775
143,1776
377,1780
97,1787
444,1788
130,1789
436,1791
349,1792
355,1792
324,1792
406,1792
455,1797
478,1802
347,1805
107,1807
300,1811
398,1815
325,1823
83,1826
46,1832
20,1837
155,1843
240,1844
342,1845
64,1847
258,1848
119,1853
434,1859
108,1868
270,1878
95,1884
150,1885
144,1889
424,1891
313,1892
396,1896
15,1896
48,1900
126,1900
26,1904
75,1906
164,1907
468,1908
17,1909
134,1914
273,1914
56,1915
301,1924
326,1926
96,1927
381,1932
497,1942
59,1945
184,1947
3,1948
228,1954
262,1958
317,1967
385,1974
197,1979
120,1984
358,1985
6,1990
245,2004
495,2005
331,2009
318,2010
187,2012
383,2013
190,2015
281,2028
241,2029
34,2036
442,2038
65,2040
394,2047
76,2048
296,2052
352,2054
218,2056
411,2056
257,2066
322,2069
354,2069
369,2070
364,2071
290,2077
486,2078
87,2078
232,2079
390,2079
151,2081
14,2082
291,2086
225,2110
237,2111
235,2113
183,2122
152,2125
52,2125
289,2125
159,2126
242,2137
462,2143
227,2149
285,2152
376,2159
441,2165
111,2174
103,2179
247,2186
195,2189
292,2204
125,2204
79,2206
327,2208
341,2217
178,2233
481,2238
23,2241
32,2248
479,2257
464,2261
374,2265
249,2274
29,2282
370,2283
206,2284
189,2319
50,2326
30,2331
269,2337
474,2340
11,2345
54,2347
353,2349
384,2353
260,2359
142,2361
223,2363
145,2372
222,2378
288,2383
238,2385
163,2394
90,2397
38,2403
371,2411
138,2417
284,2419
400,2421
209,2423
5,2428
368,2467
177,2473
132,2476
81,2479
99,2487
268,2502
265,2503
421,2507
276,2514
171,2521
246,2548
251,2564
166,2569
344,2571
37,2575
380,2596
139,2597
35,2616
198,2616
147,2617
404,2649
43,2658
367,2684
229,2686
192,2696
498,2707
452,2719
49,2720
182,2725
68,2749
221,2759
67,2762
388,2789
123,2792
303,2805
41,2809
403,2814
10,2822
33,2834
109,2836
173,2878
334,2880
252,2906
91,2910
480,2917
335,2934
80,2946
234,2948
395,2959
104,2979
172,2991
73,3013
9,3022
397,3033
74,3055
141,3059
461,3066
259,3113
361,3134
191,3140
217,3155
431,3168
42,3169
295,3181
98,3240
215,3252
446,3277
456,3293
360,3344
382,3352
193,3355
112,3363
207,3389
277,3396
181,3471
271,3499
263,3501
329,3508
418,3582
362,3615
146,3644
101,3689
378,3696
391,3707
219,3723
438,3803
314,3840
465,3841
423,3849
280,3907
174,3990
359,4021
256,4046
297,4086
45,4088
365,4125
115,4238
106,4345
372,4441
69,4473
299,4577
375,4740
243,4833
467,4869
71,4928

simblock.block.ProofOfWorkBlock@1096d580:12
442,0
147,357
220,494
380,639
394,721
83,849
385,855
85,865
87,992
379,996
123,997
97,1076
168,1090
486,1126
151,1129
47,1137
148,1164
329,1201
281,1209
468,1214
370,1267
102,1274
210,1294
427,1316
390,1339
331,1345
169,1347
65,1350
118,1353
411,1353
120,1354
407,1368
286,1403
130,1416
109,1416
249,1427
93,1445
476,1472
353,1473
132,1478
108,1479
388,1480
469,1483
35,1488
403,1494
317,1500
264,1510
499,1541
201,1552
462,1556
19,1557
90,1561
273,1565
101,1569
233,1574
422,1577
27,1582
61,1600
444,1606
313,1612
16,1615
268,1616
431,1618
177,1621
327,1630
149,1635
51,1635
419,1640
63,1647
337,1650
401,1656
8,1678
84,1684
203,1684
418,1689
323,1695
438,1698
355,1698
192,1700
342,1702
285,1706
254,1707
25,1707
404,1708
312,1715
31,1719
28,1724
146,1737
162,1743
182,1747
497,1752
496,1754
298,1756
248,1756
336,1760
316,1763
436,1768
52,1770
77,1772
397,1779
44,1779
32,1780
303,1784
202,1789
457,1790
346,1791
22,1794
406,1812
24,1813
100,1823
348,1826
282,1828
33,1832
251,1832
448,1832
166,1833
215,1834
470,1835
277,1837
80,1839
42,1839
240,1840
70,1840
49,1841
14,1841
367,1843
2,1843
165,1845
301,1848
1,1850
494,1858
460,1859
441,1859
199,1862
410,1865
500,1865
338,1870
39,1877
358,1883
357,1889
150,1891
5,1892
157,1898
187,1898
402,1899
349,1903
450,1908
257,1909
117,1910
112,1913
424,1916
343,1919
430,1919
445,1922
333,1926
158,1927
86,1932
18,1933
269,1939
368,1943
340,1943
328,1943
170,1949
339,1954
185,1961
234,1964
236,1964
72,1965
26,1966
235,1969
64,1970
161,1970
136,1970
59,1971
382,1974
191,1974
416,1974
181,1974
75,1976
237,1976
449,1981
459,1982
258,1982
144,1983
222,1984
446,1989
76,1990
488,1994
13,1998
294,2005
127,2006
451,2007
88,2010
92,2013
471,2016
253,2022
231,2024
198,2026
218,2027
347,2029
414,2030
106,2030
381,2034
239,2037
363,2037
393,2037
487,2038
400,2046
356,2047
205,2048
465,2050
255,2054
37,2054
21,2057
443,2058
289,2058
283,2065
103,2065
216,2070
40,2071
321,2072
196,2074
204,2074
164,2075
455,2079
292,2079
478,2085
175,2090
200,2095
179,2096
36,2100
287,2104
396,2108
241,2109
405,2110
94,2110
300,2113
56,2116
280,2116
57,2118
137,2119
352,2120
17,2122
384,2124
489,2124
116,2128
11,2128
230,2129
82,2130
197,2135
194,2135
306,2138
96,2142
415,2142
464,2148
447,2153
479,2155
133,2162
308,2164
121,2169
432,2169
351,2170
228,2188
244,2192
188,2196
4,2197
48,2197
74,2198
262,2199
214,2200
426,2201
425,2202
275,2204
209,2208
435,2208
154,2218
350,2221
58,2232
412,2232
245,2240
309,2243
141,2244
131,2246
15,2252
119,2257
326,2259
208,2262
307,2262
163,2264
387,2268
276,2273
6,2273
454,2275
73,2276
66,2276
472,2281
376,2283
190,2295
274,2299
20,2299
369,2303
46,2305
267,2306
156,2308
114,2311
359,2311
232,2311
453,2324
423,2327
386,2335
377,2336
284,2338
135,2340
480,2341
224,2341
7,2342
134,2342
159,2349
311,2350
3,2356
315,2364
178,2366
361,2367
160,2377
398,2377
111,2386
325,2387
54,2396
362,2403
366,2405
320,2409
9,2419
155,2419
288,2421
473,2422
105,2423
413,2423
247,2425
302,2427
483,2434
383,2449
421,2457
463,2465
107,2472
434,2474
223,2477
484,2485
482,2491
143,2491
495,2495
318,2495
171,2517
492,2518
34,2531
122,2535
89,2536
153,2537
299,2557
378,2558
429,2560
129,2564
176,2567
475,2568
250,2574
293,2576
45,2589
266,2595
409,2595
324,2604
322,2612
41,2624
305,2630
30,2632
81,2634
104,2638
98,2638
365,2643
256,2646
246,2652
304,2662
252,2667
110,2667
238,2670
334,2671
263,2674
139,2693
341,2695
452,2699
428,2704
271,2708
437,2714
456,2716
360,2718
226,2719
373,2719
50,2727
242,2751
261,2756
417,2761
184,2764
278,2767
272,2791
195,2799
78,2800
113,2800
420,2802
68,2812
477,2824
207,2830
225,2864
371,2867
260,2879
265,2884
290,2888
433,2889
440,2894
38,2899
372,2927
128,2930
391,2933
296,2936
389,2946
95,2946
392,2956
490,2991
310,2994
91,2994
193,3004
439,3023
345,3026
186,3027
62,3029
217,3052
474,3055
126,3083
99,3097
458,3121
124,3173
330,3175
395,3183
174,3185
189,3200
23,3200
354,3208
279,3219
55,3237
485,3251
408,3255
167,3256
466,3261
229,3286
291,3321
71,3349
481,3357
10,3383
491,3411
138,3414
53,3445
12,3462
335,3481
213,3484
375,3488
180,3488
173,3490
69,3543
79,3557
297,3576
211,3642
172,3668
344,3670
140,3710
399,3713
295,3755
498,3782
152,3789
314,3843
319,3869
461,3931
332,3944
115,4005
43,4007
142,4082
221,4089
493,4118
270,4170
125,4189
219,4316
364,4338
60,4345
259,4428
183,4499
212,4572
374,4731
227,4803
29,4803
206,5035
67,5109
467,5338
243,5641
145,5947

simblock.block.ProofOfWorkBlock@40afd925:13
44,0
1,281
321,385
262,491
31,562
294,609
36,665
118,671
214,713
116,770
287,773
399,778
491,822
309,841
293,874
21,878
167,896
7,926
85,945
433,948
94,948
336,950
459,980
266,983
345,990
428,1002
53,1030
122,1048
261,1050
412,1053
155,1054
51,1054
54,1056
226,1059
282,1085
492,1088
413,1096
124,1106
339,1107
386,1120
82,1134
137,1155
458,1157
210,1158
344,1158
70,1159
484,1163
475,1164
471,1168
306,1171
494,1189
405,1192
312,1194
55,1206
275,1215
482,1218
121,1219
422,1224
264,1227
368,1242
408,1245
57,1260
205,1262
401,1262
387,1263
319,1264
346,1264
478,1268
425,1268
389,1270
185,1272
129,1273
448,1278
450,1284
184,1286
351,1293
278,1296
454,1300
27,1309
441,1316
16,1324
248,1324
373,1330
188,1331
477,1334
29,1336
148,1337
178,1337
320,1346
340,1348
333,1349
107,1353
485,1367
305,1367
253,1369
201,1371
250,1371
63,1372
432,1373
274,1373
77,1374
420,1376
212,1378
24,1383
350,1384
213,1393
180,1403
488,1406
338,1410
352,1412
449,1420
211,1422
95,1423
453,1427
200,1429
443,1429
267,1435
61,1435
168,1438
161,1439
363,1443
128,1444
18,1446
417,1446
328,1447
367,1448
170,1451
499,1451
13,1455
308,1459
302,1460
298,1464
419,1473
133,1474
392,1478
460,1478
496,1478
84,1478
40,1481
157,1481
154,1483
58,1489
206,1489
421,1490
202,1491
60,1496
3,1498
103,1500
169,1502
457,1508
204,1508
414,1509
72,1510
402,1514
199,1514
150,1515
194,1526
487,1527
472,1531
62,1533
78,1533
208,1537
255,1541
430,1543
196,1546
439,1547
110,1547
303,1548
93,1550
28,1553
279,1554
230,1557
337,1558
447,1559
445,1559
135,1562
483,1562
113,1562
143,1564
105,1564
65,1581
164,1586
64,1586
495,1589
22,1589
270,1592
163,1595
233,1597
162,1598
190,1599
490,1601
25,1603
216,1609
357,1609
310,1613
366,1613
283,1614
39,1614
89,1616
410,1617
407,1617
160,1628
500,1629
426,1629
466,1635
427,1640
66,1641
236,1645
286,1647
100,1650
446,1650
377,1651
356,1659
239,1661
369,1663
442,1666
272,1669
254,1671
437,1676
136,1676
444,1677
179,1677
20,1679
75,1682
111,1682
476,1682
440,1694
88,1700
244,1703
258,1707
315,1707
86,1709
156,1711
141,1714
451,1714
330,1717
301,1722
406,1724
231,1729
176,1733
83,1734
416,1735
393,1735
382,1745
203,1751
97,1757
385,1761
317,1762
323,1771
304,1774
455,1774
241,1783
120,1783
247,1785
42,1788
59,1789
249,1790
269,1790
102,1803
158,1806
76,1812
435,1814
415,1817
90,1818
140,1819
91,1820
127,1823
187,1826
329,1830
379,1833
153,1835
398,1836
56,1838
332,1838
4,1850
383,1853
235,1857
240,1858
326,1858
126,1868
359,1868
403,1868
438,1881
132,1887
361,1891
469,1892
87,1894
480,1895
130,1900
300,1901
134,1901
159,1901
290,1912
348,1919
46,1923
224,1926
238,1927
325,1932
92,1933
186,1933
307,1935
473,1944
109,1947
273,1948
237,1958
292,1959
17,1962
8,1964
251,1965
436,1976
222,1982
5,1988
123,1994
429,1995
418,1996
384,2007
411,2008
331,2008
144,2009
225,2010
277,2019
493,2024
191,2029
37,2037
228,2038
311,2040
2,2049
14,2050
434,2051
316,2059
481,2059
390,2066
209,2075
409,2076
349,2078
197,2088
365,2089
268,2097
117,2104
479,2110
463,2110
139,2117
47,2121
342,2124
324,2125
489,2129
101,2141
149,2144
80,2148
106,2150
327,2151
6,2156
12,2165
33,2166
192,2169
193,2182
355,2182
465,2194
145,2199
125,2207
26,2221
486,2225
138,2233
299,2233
343,2233
195,2236
400,2242
215,2248
147,2256
461,2258
394,2265
318,2276
221,2297
234,2297
347,2298
151,2308
371,2312
71,2313
30,2322
375,2322
48,2322
68,2329
50,2338
376,2342
175,2342
296,2350
468,2361
335,2364
49,2365
99,2367
79,2368
462,2369
284,2382
74,2384
388,2386
182,2396
372,2398
276,2402
142,2406
23,2409
183,2410
358,2412
362,2414
423,2431
115,2434
263,2440
108,2440
43,2445
229,2449
280,2450
381,2452
397,2466
288,2479
424,2489
265,2500
452,2502
289,2503
67,2505
470,2516
96,2519
165,2529
34,2530
11,2560
404,2564
322,2565
232,2569
15,2588
314,2591
35,2603
73,2610
181,2631
354,2660
245,2674
497,2675
220,2686
9,2702
370,2707
341,2727
257,2733
218,2745
198,2750
391,2768
217,2785
119,2797
227,2810
32,2824
260,2833
19,2833
474,2846
291,2855
104,2862
281,2924
395,2927
378,2954
131,2971
242,3013
41,3020
177,3020
171,3038
256,3043
112,3043
467,3048
313,3058
152,3064
431,3074
98,3075
271,3127
380,3155
10,3170
364,3177
498,3198
295,3208
456,3258
353,3264
285,3277
219,3288
172,3350
246,3377
81,3377
189,3409
69,3414
297,3466
396,3483
374,3492
52,3496
243,3588
174,3604
45,3708
334,3718
114,3719
38,3829
259,3838
464,3941
146,3952
223,4068
166,4162
173,4227
252,4514
360,4854
207,5185

simblock.block.ProofOfWorkBlock@46dd7c14:13
398,0
479,356
222,491
131,707
89,716
108,840
465,849
186,951
37,981
59,984
300,1078
404,1115
150,1129
85,1180
444,1194
361,1215
411,1248
251,1262
181,1334
215,1367
235,1394
39,1413
111,1471
166,1472
182,1501
412,1502
245,1528
469,1605
101,1606
303,1638
159,1644
436,1739
367,1743
208,1759
225,1826
492,1836
161,1868
486,1872
302,1878
197,1961
190,1977
389,1992
191,2007
92,2063
21,2094
2,2095
264,2114
80,2141
307,2206
82,2220
257,2230
330,2293
203,2323
286,2346
237,2363
27,2366
387,2432
60,2445
241,2498
121,2519
160,2559
419,2583
458,2592
281,2633
194,2657
202,2673
483,2748
485,2786
333,2809
478,2818
28,2864
210,2905
229,2958
309,2982
472,3038
420,3047
104,3087
55,3096
12,3136
44,3213
363,3263
448,3274
143,3327
163,3369
263,3387
62,3496
179,3557
30,3576
212,3602
171,3693
53,3738
95,3786
423,3878
284,3903
58,3964
440,4013
227,4187
290,4206
31,4239
137,4467
322,4486
226,4695
391,4789
393,4920
328,5162
405,5389
29,5616
125,5885
252,6181
139,6499
314,6807
10,7107

simblock.block.ProofOfWorkBlock@5bb5c878:14
35,0
14,350
280,485
281,620
292,710
462,753
455,842
26,880
49,893
444,971
301,979
15,1029
347,1063
257,1108
3,1109
326,1112
237,1113
325,1163
187,1198
434,1203
327,1235
429,1248
431,1252
117,1256
169,1259
416,1297
218,1322
120,1332
497,1337
308,1337
424,1374
329,1386
149,1387
370,1392
399,1395
159,1399
464,1413
291,1427
279,1429
132,1441
108,1462
465,1463
33,1473
177,1477
46,1485
244,1488
73,1518
438,1533
289,1534
80,1550
353,1561
225,1564
106,1583
449,1583
379,1583
268,1595
362,1601
133,1604
151,1605
436,1606
165,1611
6,1611
241,1614
346,1617
94,1618
11,1625
202,1626
383,1631
42,1652
197,1653
330,1656
384,1669
209,1678
184,1687
486,1689
192,1689
101,1695
175,1697
74,1719
385,1719
417,1721
475,1723
83,1731
355,1734
396,1736
220,1743
90,1746
228,1746
298,1746
251,1746
318,1748
321,1748
47,1749
114,1750
109,1757
323,1759
422,1764
76,1767
463,1788
332,1791
130,1792
226,1793
57,1808
19,1813
215,1813
181,1817
479,1822
254,1825
343,1827
56,1829
111,1831
342,1831
62,1833
365,1834
405,1842
352,1847
102,1854
233,1856
386,1859
78,1862
247,1872
359,1874
198,1881
277,1882
492,1884
123,1885
426,1885
418,1888
361,1889
240,1891
191,1892
338,1900
168,1906
118,1908
249,1915
59,1916
48,1922
107,1924
340,1932
131,1934
269,1937
222,1951
394,1953
150,1958
411,1959
55,1962
427,1964
440,1964
388,1966
179,1970
303,1971
328,1972
403,1974
20,1980
470,1981
65,1983
300,1986
75,1989
490,1991
39,1994
430,2003
337,2006
52,2008
401,2013
450,2014
473,2018
312,2020
5,2021
37,2022
382,2022
358,2024
134,2028
287,2039
331,2040
447,2041
441,2042
443,2043
147,2050
182,2051
22,2052
495,2053
390,2053
397,2055
404,2055
313,2056
488,2060
174,2060
224,2061
345,2070
153,2071
310,2072
141,2075
238,2075
85,2075
113,2075
230,2077
82,2078
334,2082
21,2084
166,2089
29,2091
408,2092
420,2103
2,2103
442,2107
188,2113
97,2114
293,2116
127,2118
196,2118
369,2119
468,2121
158,2122
258,2124
7,2125
285,2126
275,2138
311,2151
235,2154
480,2158
32,2160
44,2161
453,2165
272,2173
178,2176
413,2181
398,2185
460,2186
126,2187
316,2189
203,2190
180,2190
317,2193
162,2194
274,2197
18,2198
432,2205
103,2215
375,2215
77,2216
1,2220
466,2222
144,2223
234,2230
17,2230
183,2231
351,2232
160,2235
445,2236
84,2236
25,2239
140,2240
446,2243
61,2243
112,2246
72,2247
121,2249
250,2250
119,2251
96,2252
278,2253
433,2253
349,2256
4,2256
315,2259
270,2270
161,2273
471,2280
307,2282
267,2283
24,2291
190,2292
204,2295
387,2297
319,2299
210,2301
496,2305
71,2307
500,2308
261,2310
148,2324
454,2325
389,2328
294,2333
95,2338
87,2340
135,2344
302,2351
304,2352
163,2354
324,2356
494,2356
273,2357
154,2361
129,2363
98,2364
145,2367
50,2370
409,2373
93,2376
487,2382
66,2385
157,2392
419,2393
469,2402
474,2417
253,2417
88,2418
357,2423
485,2425
89,2427
415,2436
412,2438
421,2441
459,2449
245,2455
173,2455
410,2457
363,2460
380,2470
13,2477
27,2478
478,2484
265,2485
28,2485
137,2487
461,2491
467,2498
146,2501
206,2506
31,2507
170,2511
376,2513
38,2514
286,2514
229,2515
264,2525
333,2526
16,2532
381,2537
481,2539
124,2540
128,2551
213,2553
54,2555
116,2556
407,2568
79,2570
199,2570
402,2578
406,2582
484,2583
212,2583
60,2586
152,2596
171,2601
34,2606
499,2613
368,2619
271,2620
367,2622
68,2636
341,2647
105,2648
176,2657
217,2662
377,2667
156,2687
110,2689
299,2690
12,2706
457,2718
139,2719
297,2722
239,2732
344,2737
115,2737
51,2740
372,2749
262,2751
219,2762
100,2771
423,2778
214,2784
489,2784
276,2789
64,2795
374,2800
458,2807
232,2808
393,2814
305,2822
30,2832
428,2845
142,2846
339,2853
378,2862
138,2872
216,2878
314,2878
283,2886
243,2911
194,2917
125,2940
8,2945
493,2958
122,2963
477,2991
448,2998
23,3000
193,3007
200,3014
483,3015
246,3021
260,3037
306,3041
231,3048
476,3072
350,3074
208,3082
252,3088
36,3104
482,3120
63,3142
284,3172
211,3173
322,3178
164,3183
207,3211
356,3231
336,3231
242,3242
435,3243
266,3244
391,3266
451,3280
439,3298
167,3310
104,3322
58,3340
452,3347
185,3350
155,3372
195,3378
395,3380
236,3405
40,3462
425,3463
70,3469
43,3481
186,3507
223,3508
437,3532
143,3542
91,3569
472,3579
53,3621
259,3659
69,3672
288,3682
92,3694
255,3700
99,3715
309,3762
348,3800
400,3807
136,3808
263,3811
81,3843
248,3870
86,3920
227,3978
67,3982
373,3998
221,4015
282,4025
491,4103
41,4107
10,4110
335,4111
456,4222
201,4228
295,4290
296,4321
414,4335
498,4338
189,4418
392,4454
320,4561
9,4598
290,4621
354,4706
205,4788
371,4898
172,4926
366,5013
364,5210
360,5225
45,5268
256,5569

simblock.block.ProofOfWorkBlock@24744905:14
208,0
167,293
496,397
190,506
294,577
129,629
312,681
457,733
352,791
454,896
376,952
493,1005
475,1112
268,1175
76,1340
222,1404
181,1557
431,1623
318,1774
131,1856
436,1991
56,2074
291,2216
59,2292
483,2398
358,2439
97,2659
288,2748
465,2876
314,3078
259,3225
139,3414
99,3764
174,4115

simblock.block.ProofOfWorkBlock@1b744053:15
297,0
71,736
192,1103
276,1256
111,1466
134,1468
120,1605
74,1607
316,1744
251,1819
314,1820
258,1820
165,1833
300,1888
33,1952
56,1954
35,1960
480,1960
329,1962
390,2024
423,2035
273,2089
59,2098
102,2100
463,2101
301,2110
469,2172
97,2173
117,2197
106,2197
108,2222
394,2233
438,2248
75,2250
242,2251
254,2251
345,2261
126,2298
5,2305
37,2309
76,2309
257,2314
280,2314
228,2316
285,2320
381,2335
50,2355
365,2355
144,2375
470,2382
417,2387
384,2391
385,2398
244,2439
403,2444
281,2448
42,2450
355,2453
182,2460
291,2461
397,2461
298,2467
418,2469
380,2473
353,2484
475,2490
166,2491
19,2521
323,2525
131,2531
87,2534
158,2538
368,2542
83,2562
67,2565
331,2573
207,2577
479,2577
48,2578
444,2579
349,2594
132,2595
130,2598
187,2603
247,2604
313,2607
462,2607
388,2609
8,2610
149,2610
476,2616
367,2629
119,2629
497,2630
432,2648
215,2651
370,2661
64,2661
90,2661
376,2665
95,2666
198,2667
465,2668
269,2671
429,2671
73,2671
337,2680
468,2685
141,2688
28,2697
362,2712
80,2712
277,2716
109,2717
253,2717
473,2718
123,2733
317,2737
464,2740
147,2742
14,2743
32,2744
238,2746
436,2747
389,2750
47,2756
358,2765
483,2768
261,2771
34,2774
308,2776
232,2789
378,2790
342,2792
359,2795
177,2801
446,2803
26,2804
209,2804
326,2807
234,2808
495,2811
455,2811
199,2813
169,2815
150,2822
205,2823
442,2823
459,2823
424,2824
286,2827
445,2828
366,2829
57,2829
267,2835
21,2842
222,2847
197,2849
226,2858
24,2864
6,2872
430,2875
347,2883
327,2884
490,2886
159,2886
318,2886
255,2889
407,2892
456,2893
379,2895
499,2898
20,2902
12,2905
7,2910
350,2910
398,2931
235,2933
16,2935
101,2937
294,2938
2,2938
356,2940
65,2941
489,2943
450,2943
396,2945
66,2945
216,2946
230,2946
193,2949
237,2953
268,2959
52,2961
58,2966
160,2981
11,2981
191,2981
112,2984
124,2985
404,2990
118,2997
413,2998
363,3006
292,3006
175,3012
17,3014
196,3023
94,3023
383,3024
422,3028
206,3030
416,3031
287,3039
54,3041
336,3043
312,3049
320,3053
194,3054
303,3056
410,3057
122,3058
155,3070
293,3070
289,3072
431,3078
471,3080
156,3087
411,3091
103,3091
248,3094
239,3094
405,3098
151,3102
393,3103
240,3104
133,3104
128,3108
96,3112
486,3115
409,3116
100,3116
203,3117
186,3118
421,3119
241,3124
51,3127
218,3130
55,3132
167,3136
477,3156
86,3156
46,3164
49,3165
40,3166
453,3167
311,3170
352,3173
339,3176
434,3178
231,3178
116,3181
466,3181
426,3184
39,3185
145,3188
265,3190
148,3195
296,3196
63,3210
382,3212
344,3213
387,3214
172,3224
44,3228
472,3231
266,3240
146,3244
181,3248
114,3249
309,3250
346,3256
225,3259
3,3262
406,3263
163,3271
84,3272
449,3279
202,3280
161,3281
88,3282
330,3290
493,3291
154,3296
400,3297
412,3306
377,3311
325,3317
492,3319
82,3319
137,3322
10,3323
451,3323
201,3332
371,3340
306,3342
22,3344
500,3347
408,3350
427,3355
113,3356
27,3357
270,3367
299,3369
440,3395
179,3399
162,3403
460,3406
29,3407
304,3410
457,3411
275,3414
200,3416
4,3420
401,3420
220,3427
315,3428
36,3437
138,3437
361,3441
129,3442
307,3443
435,3447
15,3452
375,3456
482,3457
485,3463
68,3466
372,3468
360,3472
448,3475
184,3477
271,3496
328,3498
212,3498
45,3508
60,3510
99,3511
333,3512
488,3517
279,3519
171,3524
125,3525
428,3531
69,3543
386,3548
278,3550
188,3553
341,3557
334,3572
283,3585
250,3592
79,3594
25,3601
310,3624
164,3627
77,3634
402,3634
229,3637
217,3641
272,3643
190,3645
115,3654
223,3672
256,3675
302,3675
180,3678
93,3689
176,3692
481,3699
458,3704
170,3712
420,3713
81,3716
295,3728
419,3738
474,3742
454,3743
143,3750
249,3751
415,3764
233,3792
252,3794
245,3796
243,3802
351,3803
260,3804
340,3818
153,3820
213,3820
284,3824
104,3828
53,3883
152,3888
354,3889
332,3903
348,3905
319,3924
441,3925
478,3931
38,3938
78,3943
23,3948
373,3971
31,3976
263,3984
461,3991
127,3997
61,4001
221,4036
140,4050
290,4065
236,4075
139,4098
391,4102
62,4116
208,4118
246,4130
395,4132
105,4136
211,4152
484,4168
1,4168
174,4177
447,4181
494,4199
30,4232
227,4239
288,4249
173,4298
322,4340
136,4356
89,4362
189,4368
142,4369
210,4373
121,4381
91,4396
135,4439
259,4451
262,4455
498,4471
364,4478
107,4479
338,4530
264,4549
487,4589
43,4600
274,4612
9,4652
195,4706
357,4731
183,4742
41,4782
92,4816
157,4840
439,4844
343,4902
467,4903
168,4904
452,5043
305,5043
392,5097
98,5204
369,5207
425,5265
72,5270
110,5309
321,5355
219,5356
85,5568
335,5570
443,5632
433,5782
70,5803
324,5994
178,6252
437,6254
224,6699
214,6721
374,8121

simblock.block.ProofOfWorkBlock@d0abf86:15
498,0
246,548
207,761
456,1083
35,1086
370,1418
372,1423
358,1742
117,1753
147,2072
464,2083
228,2397
487,2446
106,2726
419,2726
363,2808
95,2833
373,2951
202,3058
247,3061
161,3162
162,3174
7,3268
237,3385
165,3489
160,3539
175,3709
468,3714
352,3905
215,3942
94,4075
434,4159
368,4274
483,4436
104,4492
408,4640
279,4798
334,4840
8,5007
494,5169
341,5171
399,5371
387,5533
307,5736
84,5896
422,6097
294,6259
344,6463
413,6628
82,6993

simblock.block.ProofOfWorkBlock@1ce68c00:16
133,0
77,279
348,385
459,490
393,558
338,596
333,662
450,667
343,710
262,769
255,771
85,777
148,839
293,877
405,879
206,880
93,883
26,931
63,948
136,955
213,956
236,983
88,987
116,988
156,988
426,996
92,1050
58,1052
154,1056
457,1061
264,1062
168,1062
344,1091
427,1092
402,1098
186,1099
363,1101
500,1119
234,1151
282,1155
248,1160
239,1162
420,1165
18,1166
279,1166
205,1167
140,1171
451,1173
458,1176
430,1196
454,1201
357,1205
447,1214
407,1225
266,1230
483,1234
422,1237
44,1260
62,1263
368,1268
216,1268
31,1271
488,1271
320,1272
305,1273
428,1274
105,1275
95,1275
321,1276
121,1282
274,1282
149,1289
308,1300
226,1302
188,1312
35,1316
499,1318
482,1329
124,1333
303,1334
302,1336
339,1341
208,1343
466,1343
445,1352
164,1355
84,1360
127,1366
287,1373
21,1373
419,1374
25,1374
478,1380
7,1380
233,1380
72,1380
414,1380
389,1380
202,1383
178,1383
40,1387
137,1387
315,1390
337,1395
250,1404
16,1405
415,1406
12,1408
196,1411
399,1418
327,1420
257,1422
328,1423
272,1434
203,1437
214,1441
170,1441
110,1445
476,1448
113,1449
94,1450
278,1452
417,1452
27,1454
485,1456
408,1459
122,1462
487,1463
351,1471
155,1473
491,1474
439,1478
392,1480
172,1483
179,1484
312,1485
477,1485
185,1485
61,1486
346,1487
309,1489
484,1493
70,1495
161,1496
306,1498
162,1501
453,1502
493,1504
76,1507
440,1509
157,1510
310,1514
286,1516
369,1516
24,1517
230,1517
494,1524
413,1527
298,1533
443,1538
367,1541
336,1545
13,1545
433,1546
307,1551
448,1552
200,1553
153,1553
283,1554
270,1555
444,1555
190,1558
36,1561
8,1562
129,1563
82,1563
54,1567
103,1569
176,1570
204,1575
28,1585
212,1589
267,1591
231,1592
460,1593
437,1594
55,1597
489,1599
261,1602
199,1603
358,1606
100,1609
275,1613
78,1620
210,1621
332,1622
441,1623
496,1633
143,1633
135,1637
165,1646
64,1650
401,1651
340,1651
352,1651
102,1652
373,1656
350,1657
412,1662
492,1666
304,1667
432,1668
345,1673
240,1674
404,1675
39,1676
379,1677
118,1678
180,1681
1,1681
436,1682
134,1687
89,1689
86,1690
163,1692
14,1694
475,1694
42,1695
319,1696
211,1699
160,1700
128,1704
245,1705
326,1707
167,1711
80,1714
464,1719
429,1721
281,1722
387,1726
22,1727
4,1733
131,1736
435,1737
198,1740
114,1742
215,1747
323,1749
37,1751
46,1751
29,1754
201,1758
449,1759
184,1760
425,1773
324,1779
90,1780
300,1786
109,1788
330,1788
463,1792
406,1796
381,1797
53,1800
91,1801
490,1805
51,1806
79,1814
277,1816
416,1817
497,1817
5,1827
424,1827
377,1833
471,1833
410,1834
20,1836
409,1837
472,1842
398,1856
19,1869
370,1873
383,1882
434,1890
418,1894
130,1894
74,1897
316,1898
366,1899
403,1901
311,1903
294,1906
359,1906
390,1907
470,1907
83,1909
313,1910
66,1910
325,1916
473,1919
159,1923
254,1927
59,1928
56,1930
347,1933
285,1934
194,1941
394,1944
187,1944
386,1952
73,1953
60,1954
182,1959
126,1962
222,1962
144,1963
292,1966
192,1967
151,1970
101,1971
331,1978
47,1978
175,1999
169,2000
301,2001
438,2003
258,2004
117,2007
253,2009
220,2009
356,2011
235,2014
486,2021
251,2024
329,2024
244,2024
273,2026
238,2044
371,2050
224,2054
120,2056
247,2063
479,2076
139,2078
290,2081
123,2093
228,2098
181,2101
48,2105
87,2113
225,2113
57,2113
380,2118
421,2129
462,2131
411,2142
3,2144
141,2151
197,2155
227,2160
147,2165
455,2169
11,2173
388,2173
317,2176
276,2180
2,2182
362,2188
431,2190
280,2191
52,2198
97,2216
158,2217
241,2221
237,2225
41,2228
260,2240
174,2244
249,2248
111,2249
177,2250
107,2251
68,2253
207,2261
152,2264
189,2270
195,2276
23,2278
297,2292
132,2300
243,2303
32,2311
259,2318
342,2319
349,2333
322,2335
498,2342
385,2346
9,2346
353,2350
50,2354
299,2362
495,2371
96,2377
166,2385
246,2387
17,2390
291,2401
355,2410
397,2435
480,2436
146,2441
108,2444
384,2444
361,2466
150,2468
289,2472
395,2515
252,2522
481,2523
442,2529
219,2562
268,2565
15,2569
218,2594
263,2601
382,2605
142,2609
396,2619
183,2636
229,2637
468,2654
375,2655
49,2669
223,2672
378,2682
209,2703
391,2720
45,2739
341,2741
65,2746
34,2783
112,2792
374,2805
269,2825
465,2837
423,2845
98,2853
334,2861
33,2893
138,2908
295,2912
376,2923
354,2940
446,2963
314,2974
242,2992
115,3051
106,3061
43,3071
467,3076
318,3112
360,3113
38,3128
456,3137
75,3143
452,3174
256,3180
191,3184
30,3245
271,3315
99,3338
119,3344
469,3364
221,3392
288,3408
193,3469
71,3481
217,3504
284,3510
296,3519
6,3566
81,3602
461,3692
104,3695
232,3724
365,3784
372,3801
335,3842
171,3843
67,3851
400,3933
145,4025
474,4119
173,4128
10,4199
265,4285
125,4374
364,4460
69,4764

simblock.block.ProofOfWorkBlock@4664f8dd:16
322,0
400,546
271,762
242,973
288,1099
98,1189
79,1304
372,1423
108,1511
341,1519
378,1535
146,1652
139,1736
276,1745
347,1762
370,1855
145,1864
436,1869
289,1983
181,2038
335,2056
191,2058
217,2072
361,2076
38,2078
365,2086
444,2173
187,2182
227,2266
469,2307
257,2322
232,2345
390,2385
362,2405
465,2407
470,2407
446,2412
468,2414
254,2440
486,2442
327,2507
259,2508
222,2576
240,2576
182,2590
50,2621
241,2660
144,2664
489,2685
223,2691
76,2710
150,2715
207,2719
20,2729
14,2737
429,2738
385,2740
455,2743
251,2799
420,2801
442,2835
33,2858
99,2875
263,2879
178,2912
277,2914
497,2939
209,2953
149,2958
115,2986
27,3026
285,3057
397,3062
388,3063
218,3068
112,3069
320,3074
81,3086
413,3087
246,3091
172,3096
77,3138
74,3160
199,3182
183,3241
102,3284
141,3292
9,3296
417,3321
423,3340
216,3350
493,3364
411,3385
111,3386
80,3391
87,3396
16,3408
268,3419
140,3420
85,3441
23,3463
106,3487
7,3565
359,3566
226,3595
342,3620
244,3622
30,3640
28,3644
179,3647
88,3713
198,3713
358,3716
399,3748
396,3753
448,3761
196,3781
459,3795
381,3810
458,3815
103,3828
224,3872
130,3892
157,3933
391,3941
114,3948
165,3949
202,4026
153,4031
438,4036
375,4052
61,4056
343,4082
176,4101
309,4116
184,4120
302,4123
325,4136
18,4145
148,4180
52,4216
210,4256
421,4271
379,4274
58,4281
54,4335
368,4400
233,4402
205,4404
116,4422
352,4451
313,4464
405,4480
270,4486
427,4487
466,4508
121,4516
155,4551
136,4578
147,4598
261,4633
189,4640
293,4734
275,4765
412,4780
213,4785
2,4791
24,4816
124,4844
100,4863
206,4870
94,4876
408,4882
280,4926
371,4943
204,4948
287,4964
428,4995
166,5122
262,5133
312,5147
447,5149
471,5181
127,5192
389,5210
113,5227
369,5244
101,5259
137,5319
346,5353
324,5358
56,5449
69,5484
154,5496
214,5512
264,5515
92,5545
91,5573
333,5589
36,5610
304,5620
25,5681
186,5724
225,5771
387,5832
401,5858
402,5873
70,5878
266,5908
294,5937
194,5955
499,5981
345,6043
432,6086
132,6101
282,6227
386,6270
163,6305
374,6337
62,6345
487,6406
393,6458
340,6462
188,6589
208,6632
488,6708
460,6767
441,6782
84,6828
395,7045
367,7082
478,7190
122,7275
356,7444
350,7556
485,7745
439,7810
162,7918
338,8174
255,8213
86,8283
252,8634
211,8647
311,8685
392,9155

simblock.block.ProofOfWorkBlock@ffaa371:17
59,0
134,350
353,484
479,618
470,705
119,760
273,838
182,842
150,971
358,973
277,977
137,987
388,1056
465,1107
438,1109
20,1114
83,1123
495,1190
215,1190
111,1193
188,1213
329,1244
131,1247
112,1248
347,1262
484,1273
117,1323
436,1325
33,1327
268,1328
97,1330
497,1334
251,1380
398,1380
116,1381
421,1382
75,1411
121,1445
269,1463
245,1464
317,1466
141,1467
247,1470
396,1470
355,1470
177,1475
390,1479
285,1486
186,1489
309,1493
406,1494
192,1517
2,1520
397,1541
209,1546
258,1547
65,1549
154,1584
159,1595
418,1598
439,1599
19,1601
472,1601
257,1602
383,1603
431,1604
480,1605
281,1608
464,1610
412,1614
444,1614
486,1620
292,1621
291,1622
198,1656
435,1663
175,1675
165,1678
327,1678
151,1682
126,1682
240,1682
90,1686
132,1687
1,1688
49,1690
103,1693
61,1703
302,1714
294,1726
102,1729
300,1733
362,1734
191,1736
37,1738
42,1742
222,1744
8,1745
394,1748
220,1748
289,1749
361,1755
365,1758
244,1764
422,1774
122,1775
52,1781
95,1783
420,1783
199,1797
331,1811
74,1818
323,1820
76,1820
411,1820
108,1821
73,1822
130,1823
382,1826
455,1828
301,1828
237,1830
54,1830
429,1831
489,1834
143,1838
187,1840
293,1844
85,1848
469,1866
120,1871
440,1878
343,1880
253,1882
403,1883
255,1884
308,1886
477,1889
485,1892
176,1893
462,1894
249,1904
32,1907
88,1908
5,1910
376,1916
266,1921
24,1921
169,1926
164,1941
196,1946
228,1949
311,1949
424,1956
114,1957
47,1957
363,1961
17,1961
124,1962
326,1962
35,1963
407,1965
56,1965
381,1966
283,1969
370,1969
168,1973
46,1978
201,1981
350,1981
235,1982
170,1983
14,1985
298,1985
490,1985
451,1986
26,1986
94,1987
123,1987
89,1987
92,1990
128,1990
15,1992
113,1993
401,1999
425,2000
316,2005
21,2010
384,2014
144,2016
6,2022
385,2028
106,2038
434,2039
87,2045
476,2046
163,2046
78,2051
185,2059
109,2059
158,2062
63,2063
373,2065
460,2066
230,2067
357,2072
307,2079
342,2085
463,2092
149,2092
348,2093
399,2094
427,2094
105,2095
18,2098
450,2101
325,2103
416,2104
379,2107
459,2108
203,2109
64,2112
313,2124
369,2124
359,2124
332,2125
147,2126
275,2129
458,2133
282,2133
445,2136
197,2139
414,2150
319,2154
181,2156
430,2162
166,2164
471,2171
338,2182
100,2182
210,2187
264,2190
156,2193
454,2194
25,2196
155,2198
493,2203
22,2203
492,2205
274,2205
315,2207
304,2208
380,2211
447,2213
310,2215
200,2225
80,2225
254,2231
324,2231
218,2232
475,2236
48,2238
217,2239
224,2242
442,2242
110,2243
180,2249
51,2249
468,2251
328,2264
133,2269
446,2275
433,2275
279,2277
404,2281
140,2282
305,2292
494,2293
4,2293
194,2305
351,2309
171,2313
500,2314
136,2314
204,2315
409,2318
205,2318
72,2324
371,2325
393,2328
13,2336
496,2337
453,2337
28,2340
11,2345
12,2350
405,2359
375,2362
226,2366
236,2372
62,2372
432,2374
208,2375
3,2376
483,2381
413,2382
349,2389
322,2391
221,2392
318,2394
31,2397
207,2400
461,2405
330,2418
241,2420
86,2421
29,2422
60,2422
344,2423
267,2425
271,2425
195,2425
234,2429
410,2435
69,2437
214,2437
437,2438
160,2441
135,2444
252,2447
129,2447
174,2449
99,2452
377,2456
417,2457
66,2467
101,2473
79,2482
288,2483
145,2498
213,2508
303,2508
77,2509
415,2518
473,2518
36,2518
162,2526
387,2531
40,2540
260,2546
248,2547
107,2557
499,2564
340,2570
225,2579
34,2598
27,2599
178,2600
233,2601
312,2603
30,2609
212,2609
23,2618
157,2619
336,2628
223,2641
167,2645
96,2650
53,2653
58,2653
172,2661
346,2663
306,2666
482,2668
184,2670
189,2672
146,2677
202,2686
138,2688
467,2721
38,2724
7,2735
256,2736
391,2738
272,2743
449,2744
173,2746
238,2748
360,2750
297,2756
367,2758
320,2762
125,2765
491,2773
354,2778
261,2793
250,2798
488,2827
337,2829
478,2845
262,2856
70,2873
286,2882
333,2884
448,2889
356,2892
374,2894
270,2901
211,2904
372,2913
239,2917
152,2926
139,2943
148,2960
232,2966
402,2973
280,2979
183,2981
352,2981
190,2983
389,3020
299,3023
466,3026
91,3054
82,3059
50,3064
104,3064
457,3075
206,3081
10,3088
419,3107
428,3112
57,3115
231,3118
265,3130
368,3130
93,3142
487,3142
9,3194
179,3209
44,3250
142,3261
276,3270
219,3276
278,3280
229,3283
443,3285
284,3286
314,3324
259,3329
335,3333
386,3339
441,3340
345,3347
216,3356
246,3366
118,3368
161,3368
227,3387
242,3404
498,3432
16,3437
39,3478
423,3495
321,3511
153,3511
127,3566
41,3572
339,3573
55,3586
43,3591
426,3601
400,3632
378,3644
408,3716
481,3737
392,3799
334,3814
366,3816
395,3821
84,3829
295,3870
98,3890
287,3951
71,4095
296,4103
81,4117
474,4121
193,4125
290,4171
45,4205
364,4407
263,4420
341,4481
115,4496
67,4723
243,4787
452,5029
456,5086
68,5390

simblock.block.ProofOfWorkBlock@6066255:18
144,0
349,351
141,490
251,625
497,714
42,758
382,845
75,854
281,899
403,975
20,988
463,1004
74,1044
455,1067
329,1110
19,1114
102,1140
381,1147
469,1177
5,1203
327,1206
111,1213
109,1248
97,1249
431,1274
175,1282
234,1310
165,1328
119,1338
244,1341
49,1349
291,1362
53,1377
479,1382
48,1393
192,1410
273,1412
191,1423
465,1464
418,1464
383,1471
90,1473
186,1474
300,1475
323,1484
317,1501
436,1501
316,1502
330,1514
277,1518
325,1529
164,1536
87,1540
384,1556
11,1560
65,1562
106,1563
126,1564
462,1597
257,1601
185,1604
298,1606
269,1609
249,1617
388,1618
470,1620
149,1634
379,1636
235,1637
355,1639
289,1655
37,1656
62,1659
268,1666
76,1671
36,1677
108,1687
444,1696
357,1697
421,1697
359,1698
441,1699
26,1699
258,1700
342,1702
159,1706
434,1707
218,1719
398,1736
52,1736
228,1736
2,1745
453,1747
380,1749
182,1750
225,1750
32,1753
161,1763
448,1764
319,1766
390,1771
151,1771
101,1772
33,1773
468,1790
358,1790
262,1793
84,1816
362,1821
368,1830
35,1830
59,1832
365,1834
177,1835
370,1836
187,1836
280,1840
285,1843
347,1855
411,1857
107,1860
122,1864
83,1869
131,1870
25,1870
220,1875
385,1879
73,1880
239,1883
264,1888
39,1891
331,1895
135,1897
147,1900
353,1903
63,1904
120,1908
318,1911
426,1911
117,1923
339,1924
416,1926
279,1926
240,1927
393,1928
28,1931
430,1938
310,1940
15,1950
136,1959
480,1960
361,1961
433,1961
394,1964
96,1966
112,1966
376,1970
492,1974
8,1975
56,1976
397,1977
464,1978
213,1979
170,1980
155,1983
1,1984
212,1988
238,1989
294,1989
402,1995
445,1998
222,1999
157,2001
150,2004
301,2005
446,2013
440,2024
313,2027
215,2030
488,2037
181,2039
13,2045
352,2046
60,2049
292,2050
245,2055
14,2056
197,2058
57,2059
226,2060
169,2062
134,2063
321,2066
211,2066
458,2068
489,2069
114,2071
351,2084
203,2085
409,2086
99,2089
130,2096
286,2098
326,2098
168,2100
315,2101
198,2102
340,2105
27,2105
429,2106
495,2108
123,2111
500,2113
6,2114
163,2115
454,2117
366,2119
46,2127
304,2135
128,2137
47,2138
209,2140
124,2143
184,2149
176,2156
21,2157
308,2158
387,2159
236,2161
413,2163
206,2164
54,2166
424,2171
80,2175
40,2186
466,2189
494,2190
328,2190
237,2190
483,2192
196,2192
254,2195
346,2196
419,2197
490,2199
396,2200
255,2204
148,2205
363,2207
248,2210
405,2215
417,2224
482,2224
401,2231
166,2232
190,2234
208,2234
154,2239
450,2246
247,2248
442,2251
336,2257
22,2257
3,2266
272,2271
443,2275
274,2294
29,2296
451,2296
293,2299
399,2303
95,2311
178,2324
305,2324
17,2325
195,2326
12,2331
89,2332
367,2334
287,2337
486,2338
275,2339
415,2340
156,2340
377,2348
210,2355
265,2356
67,2361
338,2363
412,2365
127,2365
438,2367
404,2368
389,2369
485,2370
471,2371
199,2383
267,2384
447,2386
410,2388
43,2389
475,2389
140,2390
302,2392
66,2398
92,2416
88,2425
179,2432
422,2439
71,2442
121,2443
4,2449
204,2449
461,2451
360,2451
183,2458
85,2460
143,2461
290,2464
348,2471
113,2478
350,2486
432,2491
473,2497
299,2497
50,2499
260,2508
44,2523
406,2524
93,2524
241,2528
58,2532
337,2556
207,2556
266,2560
499,2563
86,2569
116,2570
250,2572
64,2587
132,2589
82,2590
200,2592
487,2592
309,2595
303,2596
420,2597
364,2601
152,2614
133,2614
407,2618
229,2618
230,2626
79,2627
173,2628
333,2630
125,2642
72,2643
16,2654
167,2661
295,2661
344,2671
414,2672
345,2677
110,2687
307,2688
452,2690
24,2704
311,2706
145,2748
231,2752
214,2754
306,2754
61,2759
498,2763
153,2784
423,2794
481,2797
391,2797
288,2798
435,2800
320,2801
137,2801
246,2804
439,2822
496,2828
372,2837
139,2845
103,2846
70,2850
205,2852
77,2858
7,2888
312,2894
160,2898
94,2911
104,2919
227,2924
171,2928
100,2930
202,2931
23,2933
335,2943
242,2943
45,2945
9,2962
256,2976
224,2978
253,2981
263,2995
369,3016
493,3026
428,3031
261,3032
252,3046
341,3047
233,3048
69,3051
457,3053
324,3085
477,3086
427,3088
270,3114
158,3121
129,3124
375,3136
18,3143
449,3155
162,3157
216,3205
118,3207
38,3225
283,3247
472,3253
81,3255
322,3269
180,3270
484,3273
408,3281
51,3312
386,3315
78,3343
400,3348
278,3354
478,3354
30,3357
271,3358
343,3369
138,3381
378,3435
374,3453
354,3471
91,3478
491,3499
297,3499
373,3502
459,3516
425,3543
395,3547
456,3555
332,3571
146,3574
282,3582
217,3659
34,3669
334,3682
356,3705
105,3725
392,3729
232,3738
31,3771
55,3808
115,3812
98,3828
314,3873
437,3955
259,3957
221,3962
193,3972
174,3981
219,3984
467,4028
188,4034
243,4107
476,4184
223,4209
194,4260
371,4264
41,4276
284,4328
68,4408
201,4411
460,4486
142,4528
296,4585
172,4640
189,4786
10,4888
276,4941
474,5085

simblock.block.ProofOfWorkBlock@5f7df51e:19
120,0
480,351
301,484
254,618
123,707
385,753
249,838
130,841
192,897
298,971
394,974
365,975
380,1067
468,1106
257,1108
6,1108
22,1125
37,1195
269,1201
169,1202
33,1242
228,1243
147,1243
390,1249
100,1249
281,1326
277,1327
73,1330
97,1330
32,1339
156,1358
397,1378
316,1379
182,1395
300,1398
250,1407
102,1422
453,1433
358,1459
15,1461
166,1463
109,1464
87,1464
285,1471
112,1471
52,1473
255,1474
278,1512
187,1516
403,1522
134,1536
366,1537
222,1554
42,1554
442,1556
291,1572
226,1588
347,1593
198,1594
17,1598
209,1599
19,1599
323,1602
362,1605
83,1607
273,1608
370,1609
445,1622
132,1622
190,1627
72,1639
499,1646
280,1656
179,1658
47,1659
74,1673
384,1675
258,1683
342,1688
353,1688
463,1692
75,1694
154,1697
122,1703
218,1704
361,1711
135,1712
86,1727
318,1729
313,1731
101,1733
96,1734
424,1736
111,1740
329,1740
131,1748
343,1749
396,1750
465,1752
150,1761
414,1768
349,1774
471,1783
155,1791
381,1793
196,1804
292,1805
80,1812
225,1814
65,1815
332,1816
369,1816
90,1817
245,1820
431,1821
382,1821
488,1822
438,1822
119,1823
126,1828
446,1830
220,1834
251,1834
408,1835
247,1845
12,1848
105,1854
475,1861
191,1866
13,1868
494,1871
376,1872
331,1873
215,1873
143,1874
240,1874
244,1874
363,1875
168,1885
305,1886
5,1886
462,1886
495,1888
165,1891
470,1895
40,1895
345,1898
177,1904
48,1905
457,1909
411,1910
149,1913
275,1920
57,1923
158,1924
46,1925
279,1929
426,1929
327,1929
8,1935
325,1939
392,1942
266,1943
181,1946
469,1949
237,1951
56,1952
268,1954
117,1956
355,1958
262,1963
175,1963
450,1964
429,1965
421,1965
326,1968
455,1988
473,1994
116,1997
497,1999
93,2005
352,2005
415,2005
310,2006
486,2008
428,2013
427,2014
464,2018
436,2024
59,2029
383,2029
477,2031
208,2031
430,2031
164,2041
398,2046
356,2060
238,2060
204,2069
317,2073
31,2074
416,2074
54,2075
377,2078
76,2080
2,2087
58,2088
289,2089
308,2094
49,2097
186,2098
320,2098
203,2098
351,2099
417,2099
234,2099
406,2100
205,2101
88,2105
35,2109
433,2112
161,2112
419,2113
64,2119
339,2122
66,2123
487,2124
387,2133
346,2135
103,2137
409,2138
133,2139
294,2150
401,2150
162,2151
337,2156
418,2156
153,2157
26,2158
14,2159
163,2165
188,2171
170,2174
213,2178
235,2180
70,2187
315,2188
20,2189
24,2193
85,2196
146,2212
197,2222
500,2228
435,2229
359,2230
241,2230
214,2230
51,2235
261,2236
412,2240
55,2240
144,2242
478,2242
107,2244
21,2247
405,2252
159,2263
434,2266
106,2266
479,2267
367,2270
263,2274
410,2283
441,2286
200,2292
388,2299
447,2303
283,2304
1,2310
53,2310
443,2311
108,2314
194,2317
4,2319
496,2325
309,2325
264,2326
231,2327
202,2331
118,2332
312,2335
338,2339
151,2339
340,2347
302,2350
224,2356
379,2357
404,2365
157,2367
141,2375
444,2376
121,2377
29,2382
357,2387
94,2388
3,2392
99,2397
18,2397
60,2399
456,2403
167,2404
82,2418
407,2420
276,2421
236,2422
207,2435
324,2441
69,2444
61,2449
11,2449
230,2456
43,2458
492,2461
89,2462
425,2463
360,2468
128,2469
260,2470
139,2473
420,2477
272,2481
25,2492
265,2494
71,2523
344,2528
472,2536
432,2538
267,2538
184,2546
189,2547
454,2552
180,2553
395,2554
84,2555
127,2557
413,2558
95,2562
483,2562
295,2578
440,2579
77,2581
210,2583
160,2586
28,2592
63,2595
23,2610
334,2610
233,2614
368,2614
206,2627
78,2634
378,2635
489,2639
248,2645
173,2652
460,2658
50,2674
229,2677
256,2679
296,2682
172,2688
171,2688
239,2688
178,2690
114,2701
299,2702
274,2705
287,2709
423,2722
271,2724
104,2743
375,2765
282,2766
476,2767
333,2768
185,2768
451,2777
92,2783
402,2783
113,2783
7,2787
307,2789
246,2790
304,2809
39,2814
328,2817
372,2825
199,2828
201,2844
336,2844
16,2858
140,2860
393,2865
449,2875
34,2879
284,2882
81,2883
458,2920
137,2925
216,2939
68,2941
252,2954
38,2976
303,2995
422,2995
485,2996
399,3008
391,3012
371,3013
211,3014
27,3016
373,3018
459,3032
242,3038
466,3047
306,3051
125,3070
439,3071
221,3071
91,3072
461,3085
124,3097
484,3107
321,3110
386,3153
311,3165
193,3183
452,3184
115,3212
286,3233
319,3238
110,3240
259,3271
253,3274
227,3278
437,3302
350,3303
217,3314
219,3318
232,3318
491,3324
330,3336
9,3338
129,3340
322,3375
152,3375
490,3383
270,3392
62,3463
148,3469
176,3473
481,3515
389,3550
354,3558
183,3562
297,3567
348,3571
335,3620
293,3625
45,3637
400,3641
10,3679
448,3690
136,3704
493,3776
374,3778
44,3800
474,3815
288,3858
79,3932
36,3939
290,3943
138,3984
212,4003
223,4057
314,4114
98,4160
482,4167
498,4240
341,4288
467,4294
30,4357
174,4419
195,4460
243,4585
41,4718
67,4765
142,4888
364,5018
145,5189

simblock.block.ProofOfWorkBlock@37d61e1f:20
22,0
278,280
408,387
180,495
18,558
493,600
64,665
212,680
24,705
127,776
352,779
194,788
86,809
85,838
116,880
387,881
155,893
487,893
266,925
274,943
16,949
340,959
439,987
167,990
315,994
40,999
27,1002
286,1029
412,1048
478,1055
82,1061
267,1067
270,1070
230,1077
7,1093
426,1093
164,1098
393,1101
184,1106
211,1107
148,1128
250,1134
310,1153
351,1158
414,1161
483,1162
94,1172
275,1173
453,1173
373,1181
58,1182
420,1200
157,1202
185,1204
100,1204
78,1206
205,1212
321,1215
103,1225
63,1228
405,1231
348,1232
445,1240
160,1240
202,1263
490,1265
190,1267
13,1269
88,1272
121,1273
208,1277
62,1277
170,1277
25,1277
53,1282
460,1284
84,1287
95,1288
476,1311
203,1312
427,1316
457,1319
57,1321
29,1328
176,1329
448,1330
154,1332
410,1337
294,1339
422,1340
188,1342
401,1345
31,1346
233,1349
92,1351
328,1360
206,1370
36,1371
338,1373
287,1374
61,1377
253,1377
307,1379
350,1382
201,1384
204,1384
77,1385
399,1386
54,1389
140,1389
312,1390
366,1392
293,1393
306,1393
161,1393
304,1402
500,1408
346,1415
369,1416
118,1421
97,1423
44,1429
93,1430
124,1434
466,1435
386,1439
402,1443
255,1445
8,1446
163,1446
449,1450
308,1453
283,1454
494,1455
120,1458
488,1458
264,1464
336,1464
367,1464
357,1464
196,1469
435,1476
437,1479
178,1480
55,1482
122,1482
135,1486
91,1486
368,1487
39,1487
499,1489
320,1489
339,1492
282,1492
392,1493
303,1493
105,1494
70,1494
279,1497
330,1497
492,1501
21,1501
239,1504
459,1512
133,1513
272,1513
262,1520
477,1520
319,1525
356,1528
475,1534
236,1536
425,1538
179,1541
415,1543
409,1549
413,1549
107,1549
51,1549
441,1551
479,1555
128,1557
430,1558
214,1560
496,1560
472,1564
428,1564
28,1565
406,1566
309,1569
72,1569
66,1570
158,1572
491,1576
46,1583
162,1587
417,1589
60,1591
443,1594
429,1596
311,1596
156,1597
377,1597
199,1599
168,1599
231,1600
153,1601
419,1604
450,1604
332,1606
248,1608
432,1610
220,1619
407,1619
200,1630
302,1632
454,1640
191,1642
89,1642
113,1646
130,1650
468,1650
345,1653
389,1655
433,1659
226,1661
12,1662
447,1662
258,1662
216,1665
143,1667
458,1667
3,1668
1,1673
249,1681
333,1682
362,1682
210,1683
247,1690
484,1693
382,1695
440,1702
337,1704
305,1704
416,1705
485,1711
147,1713
213,1713
365,1717
234,1719
26,1733
56,1740
289,1740
486,1742
343,1743
473,1746
316,1756
224,1763
110,1763
261,1767
469,1768
49,1781
186,1783
404,1788
379,1789
17,1794
37,1801
90,1801
451,1808
489,1808
463,1814
2,1815
225,1824
42,1824
192,1827
165,1827
6,1828
254,1835
101,1836
331,1837
237,1838
209,1849
20,1850
129,1857
74,1857
361,1858
424,1860
465,1863
385,1864
119,1867
381,1868
218,1871
471,1873
482,1873
151,1881
141,1882
324,1884
380,1890
159,1890
398,1902
317,1903
102,1906
114,1910
470,1912
411,1915
280,1916
245,1921
187,1924
222,1925
390,1933
108,1934
349,1934
182,1936
14,1939
166,1954
137,1961
126,1965
251,1969
19,1971
5,1971
444,1977
300,1989
347,2002
396,2004
257,2005
65,2006
263,2016
123,2020
73,2022
462,2025
142,2032
134,2036
235,2043
4,2043
359,2047
353,2048
215,2048
455,2055
87,2059
344,2069
360,2074
355,2076
76,2080
149,2084
421,2087
96,2089
131,2090
326,2092
313,2096
323,2096
33,2102
240,2105
403,2113
139,2113
244,2119
442,2124
327,2144
284,2146
238,2146
256,2148
291,2151
374,2157
241,2158
370,2159
41,2161
301,2164
81,2166
136,2176
48,2176
391,2188
35,2188
376,2196
50,2197
43,2201
434,2221
325,2221
23,2240
83,2241
132,2251
145,2265
269,2265
175,2268
268,2271
195,2274
112,2276
281,2280
452,2292
431,2298
34,2313
384,2314
15,2316
329,2321
80,2322
371,2328
223,2338
117,2347
45,2366
400,2367
292,2376
363,2379
395,2383
358,2396
394,2405
364,2418
397,2423
354,2425
277,2441
217,2457
495,2469
227,2476
290,2477
242,2478
144,2483
32,2495
252,2505
436,2516
497,2531
446,2540
174,2543
388,2543
111,2564
296,2567
221,2582
52,2601
456,2602
335,2610
228,2650
322,2650
197,2652
375,2658
109,2665
273,2694
173,2720
276,2721
480,2721
318,2734
172,2740
378,2753
169,2757
198,2768
314,2788
498,2809
229,2829
11,2869
474,2875
59,2875
138,2901
75,2906
125,2914
383,2929
334,2932
481,2942
177,2944
38,2982
99,3068
193,3076
259,3081
246,3084
342,3087
298,3096
423,3099
146,3103
271,3125
106,3132
464,3147
438,3166
9,3169
372,3205
68,3242
341,3264
295,3272
171,3317
181,3333
285,3367
418,3383
67,3412
71,3454
10,3463
152,3463
150,3556
467,3558
104,3597
47,3617
243,3633
79,3745
189,3794
115,3843
98,3887
299,3949
69,3954
183,4021
232,4128
219,4219
297,4342
260,4460
30,4562
265,4809
207,4896
461,5169
288,5232

simblock.block.ProofOfWorkBlock@198611a6:21
395,0
416,1061
5,1424
35,1591
379,1594
218,1724
359,1776
497,1857
6,1923
14,1945
381,1955
383,1996
403,2056
149,2077
220,2090
74,2091
331,2119
244,2154
56,2201
470,2210
291,2212
339,2222
313,2223
462,2227
198,2280
26,2298
385,2303
431,2340
468,2344
240,2349
20,2352
411,2358
15,2362
127,2405
318,2414
2,2421
102,2434
394,2445
387,2447
317,2448
83,2459
235,2474
384,2477
73,2484
111,2485
326,2487
469,2492
281,2500
342,2509
294,2520
301,2550
97,2554
269,2560
464,2563
238,2568
76,2569
57,2580
257,2581
101,2581
192,2585
225,2593
442,2594
355,2609
382,2612
209,2622
169,2627
330,2631
132,2634
205,2634
277,2635
197,2644
327,2648
187,2648
316,2655
340,2672
453,2682
177,2689
251,2698
134,2698
463,2702
11,2702
365,2702
285,2702
268,2707
404,2712
264,2717
307,2717
141,2720
151,2728
484,2734
19,2738
370,2754
215,2760
323,2764
49,2770
181,2770
436,2773
157,2778
75,2786
414,2787
380,2795
147,2796
358,2801
443,2801
449,2805
353,2811
446,2831
388,2832
96,2834
362,2836
438,2836
188,2837
87,2838
258,2838
300,2838
253,2839
126,2840
222,2846
182,2852
328,2852
424,2854
477,2855
279,2858
289,2861
109,2862
7,2872
144,2872
65,2891
478,2891
444,2893
349,2900
280,2903
397,2906
119,2906
121,2908
135,2913
465,2914
140,2914
332,2915
166,2923
432,2927
62,2936
480,2937
120,2938
234,2941
352,2942
390,2946
312,2947
48,2955
483,2958
90,2964
183,2965
247,2969
27,2970
46,2970
110,2972
495,2973
273,2975
191,2980
241,2984
165,2987
407,2987
401,2991
100,2993
248,3007
459,3007
406,3012
185,3013
117,3013
137,3015
344,3018
405,3021
106,3021
3,3030
21,3040
33,3041
455,3042
59,3050
150,3053
143,3061
107,3062
60,3064
47,3071
237,3072
230,3073
89,3078
203,3078
114,3079
228,3079
346,3083
82,3084
129,3088
434,3089
204,3098
95,3099
18,3104
52,3110
108,3112
457,3112
196,3113
347,3114
130,3114
180,3117
418,3119
42,3119
122,3120
261,3121
159,3122
303,3122
427,3122
336,3125
131,3129
282,3132
476,3135
413,3135
208,3142
487,3143
466,3149
61,3152
412,3153
245,3156
473,3157
133,3161
399,3163
270,3170
321,3173
249,3175
486,3177
351,3179
292,3183
345,3186
479,3186
254,3188
202,3192
66,3203
367,3204
429,3205
376,3208
54,3212
4,3212
361,3212
398,3213
92,3219
200,3223
168,3228
494,3228
363,3233
199,3238
389,3240
37,3246
293,3247
17,3250
433,3257
175,3259
481,3264
308,3265
471,3265
500,3268
373,3270
24,3279
410,3280
460,3287
417,3293
350,3299
306,3299
421,3301
488,3303
211,3305
425,3312
396,3314
272,3315
160,3330
153,3336
8,3336
112,3337
93,3338
333,3342
435,3345
386,3347
136,3348
176,3348
236,3350
44,3354
212,3361
233,3363
50,3364
426,3368
25,3375
357,3376
402,3376
298,3380
499,3383
189,3385
393,3393
184,3396
123,3400
305,3405
78,3412
30,3416
246,3416
154,3418
146,3428
67,3434
170,3434
392,3438
128,3439
271,3444
158,3445
103,3446
115,3454
85,3457
297,3467
63,3469
45,3471
12,3474
94,3475
408,3478
274,3479
315,3493
475,3497
419,3499
138,3501
43,3514
415,3515
492,3519
80,3521
409,3530
16,3532
31,3532
310,3537
493,3539
9,3541
207,3544
485,3551
400,3556
32,3557
454,3562
452,3564
84,3565
167,3568
302,3571
98,3571
22,3574
266,3574
440,3576
441,3580
372,3581
324,3585
53,3589
28,3590
450,3598
496,3600
193,3600
216,3606
447,3608
13,3622
490,3631
366,3634
179,3641
311,3649
309,3668
40,3671
77,3686
104,3687
354,3689
161,3699
489,3704
420,3713
391,3716
329,3718
375,3743
260,3743
171,3747
206,3758
252,3758
178,3764
472,3772
262,3779
456,3783
439,3787
155,3794
64,3796
70,3800
124,3806
105,3809
10,3815
278,3817
275,3833
58,3833
201,3836
152,3836
221,3848
368,3860
72,3863
263,3873
162,3876
371,3890
173,3893
299,3894
445,3898
213,3929
256,3932
461,3956
226,3984
195,3993
320,3997
79,4014
337,4014
369,4021
255,4025
448,4035
428,4038
88,4043
378,4048
99,4048
229,4062
91,4064
172,4085
304,4092
113,4107
265,4113
34,4136
482,4137
68,4142
186,4162
163,4212
116,4225
287,4240
71,4244
325,4246
210,4250
267,4268
231,4272
250,4274
348,4291
125,4304
1,4321
284,4348
227,4362
360,4386
374,4407
335,4430
23,4436
322,4439
29,4440
356,4452
364,4466
377,4467
214,4493
437,4500
86,4502
55,4517
69,4595
423,4620
41,4650
296,4692
39,4694
259,4709
286,4722
156,4727
283,4728
467,4734
145,4749
36,4754
217,4770
148,4814
341,4896
334,4930
276,4950
190,4951
224,4957
223,4961
194,4965
314,5003
498,5058
422,5183
51,5186
491,5190
290,5242
232,5250
142,5263
338,5387
451,5411
239,5414
174,5445
243,5702
295,5706
319,5955
288,6011
474,6012
219,6312
81,6322
343,6525
242,6631
118,7101
430,7671
164,8242
458,8817
139,9487
38,10168

simblock.block.ProofOfWorkBlock@183a6a6d:22
457,0
450,293
162,410
264,519
348,571
60,623
202,677
116,689
66,732
168,785
499,795
319,798
204,838
133,849
346,893
186,900
472,902
157,909
208,950
110,956
402,956
206,969
428,999
490,1006
389,1011
84,1013
489,1018
156,1060
93,1061
476,1065
393,1072
475,1078
413,1082
435,1084
118,1110
205,1113
338,1116
199,1118
155,1119
77,1128
113,1131
233,1166
422,1173
488,1174
86,1177
454,1185
478,1185
363,1187
333,1193
57,1198
262,1199
293,1214
275,1221
214,1223
107,1226
167,1231
459,1234
415,1239
178,1239
339,1239
185,1249
330,1272
453,1277
91,1282
37,1283
250,1288
440,1288
420,1289
266,1290
188,1291
308,1291
407,1293
121,1301
307,1303
356,1305
31,1305
484,1306
253,1326
53,1328
29,1328
449,1334
496,1335
337,1340
245,1340
387,1343
426,1344
124,1345
460,1347
148,1354
399,1360
427,1365
176,1368
40,1380
203,1382
82,1391
28,1392
367,1393
448,1395
213,1395
302,1397
8,1397
180,1398
143,1398
279,1399
92,1404
1,1404
164,1410
278,1412
226,1414
352,1414
351,1415
212,1419
305,1426
255,1427
443,1432
161,1435
392,1442
441,1447
211,1448
85,1449
458,1451
482,1455
401,1456
70,1457
12,1459
368,1459
190,1462
386,1463
179,1467
320,1469
306,1471
430,1474
63,1478
44,1479
437,1484
234,1486
294,1489
140,1498
78,1501
21,1502
25,1502
151,1503
336,1506
471,1511
477,1513
89,1513
64,1515
61,1519
24,1520
287,1521
406,1521
51,1522
32,1524
6,1534
491,1539
158,1544
403,1545
328,1547
231,1553
105,1555
201,1555
447,1557
153,1559
56,1560
4,1561
7,1561
282,1565
88,1566
154,1567
39,1572
129,1572
95,1575
236,1580
414,1581
58,1582
485,1584
224,1584
103,1585
184,1586
350,1587
417,1587
487,1588
136,1590
62,1594
261,1596
473,1609
54,1610
347,1612
345,1612
405,1613
500,1614
332,1615
135,1620
312,1620
94,1626
134,1630
196,1631
493,1632
272,1636
3,1640
100,1650
128,1651
192,1653
13,1654
318,1656
210,1657
230,1661
463,1662
72,1664
310,1665
315,1666
419,1669
248,1672
492,1673
494,1677
483,1677
36,1678
27,1679
22,1679
439,1690
160,1692
340,1695
321,1695
281,1695
127,1697
132,1701
26,1704
198,1710
344,1714
280,1720
200,1723
249,1723
194,1725
235,1729
455,1730
466,1731
309,1733
343,1737
228,1737
409,1737
177,1742
187,1742
216,1743
15,1743
270,1745
55,1752
432,1755
431,1760
418,1764
317,1766
16,1766
445,1768
239,1772
286,1774
283,1776
298,1778
165,1781
433,1783
369,1784
373,1791
357,1794
191,1797
424,1805
150,1808
18,1809
130,1811
108,1811
316,1817
303,1820
300,1827
304,1830
112,1832
325,1834
267,1842
324,1844
137,1844
410,1845
468,1848
326,1851
436,1856
20,1861
52,1862
442,1864
240,1871
119,1873
311,1873
385,1875
412,1881
470,1884
349,1885
111,1886
411,1897
59,1897
48,1910
147,1912
366,1915
329,1915
241,1924
408,1924
225,1931
464,1933
425,1935
35,1941
218,1947
274,1948
353,1950
451,1951
254,1955
220,1959
469,1960
90,1961
269,1963
301,1966
237,1971
495,1979
11,1987
384,1991
49,1995
123,1996
444,2006
14,2010
370,2014
149,2028
313,2029
117,2032
362,2033
83,2036
79,2036
5,2037
377,2045
87,2049
122,2056
42,2056
170,2058
381,2069
97,2070
102,2075
390,2091
80,2092
120,2093
19,2093
277,2094
434,2097
222,2099
252,2100
232,2101
181,2101
189,2110
296,2115
268,2122
34,2132
292,2134
138,2136
166,2140
365,2140
65,2142
258,2145
379,2148
209,2164
299,2164
9,2174
382,2185
388,2190
207,2193
323,2194
2,2207
273,2209
289,2210
486,2212
73,2232
47,2255
169,2255
259,2255
378,2258
247,2260
227,2261
438,2268
396,2271
497,2274
75,2276
46,2277
481,2292
50,2295
355,2295
229,2305
257,2310
197,2311
416,2313
219,2313
331,2318
383,2320
376,2339
404,2353
106,2358
43,2360
479,2367
172,2374
276,2384
144,2409
394,2409
141,2418
193,2423
361,2426
251,2427
322,2431
480,2434
263,2442
68,2444
221,2445
400,2467
465,2472
104,2474
171,2481
421,2499
76,2502
341,2508
125,2511
446,2514
114,2531
33,2535
69,2537
238,2542
354,2557
364,2566
96,2578
271,2606
152,2613
327,2627
260,2644
159,2645
334,2646
372,2656
139,2674
295,2685
109,2691
163,2702
359,2721
182,2731
395,2751
456,2753
284,2759
246,2764
371,2769
71,2770
131,2771
290,2775
461,2793
175,2798
10,2804
360,2805
452,2818
291,2845
126,2870
297,2899
467,2920
173,2924
358,2948
41,2989
462,2993
314,3005
375,3011
380,3021
391,3024
498,3060
17,3064
374,3095
335,3106
146,3108
265,3150
74,3172
98,3203
342,3220
285,3250
244,3286
243,3288
183,3315
256,3327
288,3341
474,3363
115,3400
142,3436
67,3437
397,3469
145,3503
398,3508
81,3561
101,3687
99,3690
38,3698
429,3726
23,3769
195,3770
242,3894
215,3907
423,4029
174,4036
217,4072
30,4238
45,4419
223,4587

simblock.block.ProofOfWorkBlock@38a5af03:22
306,0
302,280
454,405
449,515
401,563
303,619
92,675
36,724
153,781
315,842
472,887
63,898
430,951
205,1010
210,1118
182,1171
39,1222
460,1327
455,1394
103,1433
396,1522
236,1538
102,1627
5,1648
495,1668
398,1756
394,1802
17,1850
131,1872
97,1935
130,1974
326,2074
480,2094
20,2101
479,2114
117,2197
468,2215
222,2251
353,2320
247,2349
423,2404
166,2542
232,2942
276,3370
295,3993
271,4212
400,4763
207,5101
99,5450

simblock.block.ProofOfWorkBlock@53456e6a:23
302,0
153,512
401,619
306,725
78,792
92,832
239,897
148,898
472,946
466,1006
430,1033
351,1070
170,1112
352,1113
110,1137
185,1175
350,1177
85,1179
262,1218
336,1219
60,1230
377,1245
214,1280
95,1284
61,1285
393,1289
88,1317
368,1324
308,1336
25,1345
116,1350
286,1350
307,1388
136,1389
86,1391
128,1393
201,1394
93,1397
387,1416
417,1423
407,1436
64,1450
188,1452
332,1455
179,1455
91,1456
264,1457
445,1466
274,1493
278,1495
366,1496
493,1499
155,1500
226,1501
425,1503
272,1508
414,1524
202,1527
343,1527
28,1546
53,1556
339,1559
386,1560
66,1562
439,1563
348,1564
199,1564
406,1571
77,1571
31,1572
140,1585
216,1602
489,1602
180,1605
124,1608
213,1610
176,1611
211,1611
39,1615
482,1616
261,1620
453,1628
84,1630
363,1632
4,1634
373,1638
24,1643
338,1662
200,1665
487,1667
270,1667
158,1668
18,1668
164,1669
413,1670
340,1670
483,1671
471,1673
419,1675
337,1676
433,1682
137,1692
70,1692
13,1697
279,1704
167,1708
190,1715
186,1716
103,1716
500,1721
63,1721
127,1723
294,1724
355,1724
432,1726
499,1732
203,1733
157,1734
236,1736
72,1741
212,1743
448,1745
415,1748
156,1751
319,1753
324,1770
58,1771
210,1772
122,1772
309,1772
293,1775
441,1776
428,1776
476,1776
357,1778
12,1780
420,1783
333,1789
345,1789
113,1799
250,1802
411,1802
89,1814
255,1814
275,1820
133,1821
389,1826
282,1828
248,1829
97,1829
496,1832
485,1833
447,1838
22,1839
27,1839
491,1840
312,1841
344,1844
478,1845
477,1846
266,1846
402,1848
443,1850
451,1851
328,1853
460,1860
1,1861
356,1863
435,1864
220,1869
178,1869
320,1876
426,1877
184,1880
301,1886
40,1888
422,1890
196,1890
311,1890
475,1894
94,1902
458,1905
408,1906
129,1913
135,1914
231,1916
287,1919
143,1923
230,1924
105,1931
367,1934
198,1936
161,1939
51,1943
96,1943
175,1944
459,1944
55,1945
403,1946
369,1947
154,1947
21,1949
160,1953
399,1954
488,1955
14,1957
412,1957
208,1960
434,1966
162,1970
405,1975
253,1982
310,1989
321,1992
442,1992
100,1994
305,1995
329,1996
57,2007
379,2007
427,2009
323,2014
380,2014
73,2015
257,2019
251,2020
107,2023
82,2031
457,2044
365,2044
241,2046
330,2048
194,2051
392,2051
492,2052
205,2055
54,2059
346,2061
234,2062
358,2062
484,2074
56,2076
390,2077
50,2077
473,2083
48,2085
429,2087
233,2091
292,2102
304,2103
381,2107
254,2111
117,2114
7,2116
149,2124
19,2124
224,2129
209,2130
134,2133
327,2137
397,2140
16,2144
204,2153
121,2155
80,2157
325,2157
267,2161
468,2162
59,2164
218,2164
197,2170
469,2174
130,2174
268,2182
486,2183
370,2186
240,2187
11,2191
6,2193
168,2197
291,2215
269,2219
479,2220
74,2228
37,2228
361,2232
360,2235
3,2238
438,2239
317,2241
424,2242
446,2242
76,2251
150,2262
331,2264
494,2265
490,2266
65,2266
101,2267
440,2270
464,2270
8,2275
166,2276
35,2282
289,2294
238,2295
123,2302
159,2304
376,2306
474,2308
52,2309
465,2329
497,2332
244,2332
245,2335
30,2345
67,2346
90,2348
126,2350
47,2351
449,2354
416,2356
228,2357
374,2358
444,2359
247,2367
44,2369
410,2370
62,2374
108,2376
141,2377
163,2386
277,2387
75,2388
227,2392
463,2393
169,2396
431,2400
23,2413
300,2416
450,2420
418,2422
2,2435
281,2439
398,2441
260,2441
36,2459
119,2472
118,2475
43,2475
222,2483
258,2485
144,2486
29,2491
395,2503
237,2506
5,2509
120,2512
280,2513
437,2524
341,2526
189,2527
263,2529
335,2530
378,2544
235,2546
249,2551
388,2562
303,2565
111,2566
79,2571
41,2573
193,2575
409,2584
396,2592
462,2593
206,2597
83,2598
109,2606
225,2607
290,2613
145,2615
49,2620
112,2622
297,2630
142,2636
195,2637
404,2644
354,2651
114,2653
223,2654
147,2657
138,2668
454,2670
299,2678
34,2679
87,2689
456,2691
9,2691
33,2703
364,2709
316,2716
192,2725
131,2729
152,2731
139,2747
232,2750
315,2774
314,2775
362,2777
470,2803
32,2811
81,2823
298,2826
436,2828
495,2833
242,2835
215,2840
480,2861
187,2870
382,2876
229,2891
276,2893
172,2902
104,2903
219,2904
115,2917
322,2918
181,2928
221,2937
191,2943
182,2946
17,2991
68,3007
125,3025
498,3029
177,3029
106,3032
391,3033
375,3041
349,3046
151,3047
132,3056
183,3065
421,3083
359,3092
26,3093
283,3102
217,3115
385,3151
371,3158
394,3160
20,3172
481,3177
461,3181
326,3208
98,3236
347,3260
42,3267
273,3275
384,3303
342,3323
318,3368
71,3382
252,3385
353,3391
243,3398
372,3416
171,3425
38,3426
102,3433
10,3446
46,3490
383,3492
256,3493
259,3506
174,3527
165,3542
173,3569
284,3598
313,3711
285,3713
452,3755
334,3759
15,3762
423,3764
295,3775
467,3880
455,3946
246,4054
296,4100
146,4108
288,4432
45,4453
265,4780
69,5171
207,5300

simblock.block.ProofOfWorkBlock@736be9b0:24
140,0
39,287
460,401
236,522
422,566
420,629
303,672
310,689
405,735
441,779
476,796
179,799
61,839
72,848
387,892
40,901
437,904
8,920
176,944
306,956
357,959
453,972
414,1001
406,1009
309,1009
459,1016
86,1025
31,1050
103,1061
478,1064
500,1077
212,1077
12,1081
308,1105
475,1106
477,1115
206,1117
239,1120
321,1122
186,1129
57,1130
205,1156
210,1171
168,1176
13,1180
483,1181
250,1183
199,1183
409,1185
136,1186
185,1202
286,1209
448,1216
224,1222
413,1223
490,1229
160,1229
137,1231
393,1233
419,1237
351,1241
428,1249
178,1264
63,1280
443,1282
454,1282
255,1284
110,1286
85,1287
278,1288
202,1288
158,1291
18,1292
91,1293
496,1294
88,1299
435,1304
499,1313
135,1326
345,1327
77,1334
350,1336
7,1336
417,1338
58,1342
121,1343
128,1345
261,1348
28,1354
363,1357
426,1358
1,1360
148,1360
190,1374
27,1375
167,1383
70,1387
312,1388
36,1389
287,1392
343,1392
266,1393
293,1395
124,1396
156,1398
161,1398
402,1399
105,1403
262,1406
492,1407
425,1408
447,1409
320,1409
93,1410
162,1413
163,1420
237,1428
305,1430
25,1433
344,1440
449,1441
433,1443
211,1443
430,1446
340,1447
332,1449
113,1451
275,1458
84,1458
399,1458
208,1459
196,1463
29,1465
24,1466
473,1473
304,1477
294,1490
282,1491
302,1494
389,1495
494,1496
216,1497
484,1498
94,1500
274,1500
201,1501
180,1504
214,1505
117,1505
307,1508
133,1510
451,1510
44,1511
51,1512
55,1512
248,1514
487,1515
439,1519
493,1520
369,1521
116,1522
279,1523
482,1525
153,1527
412,1540
16,1548
328,1548
62,1553
311,1556
129,1559
366,1560
410,1564
333,1566
54,1569
489,1569
184,1570
466,1575
118,1575
4,1576
154,1581
346,1581
143,1583
204,1584
226,1585
82,1589
382,1595
445,1595
272,1600
401,1601
253,1602
164,1604
330,1604
488,1605
100,1607
472,1608
95,1610
432,1612
15,1615
440,1616
463,1617
315,1618
188,1618
66,1623
457,1626
53,1629
377,1630
264,1632
147,1636
348,1639
119,1650
75,1652
21,1661
170,1661
37,1663
283,1669
159,1670
339,1672
64,1674
313,1675
60,1678
415,1681
270,1687
356,1691
485,1695
230,1704
329,1705
392,1706
203,1708
267,1709
127,1710
132,1710
107,1711
46,1715
89,1717
215,1722
130,1723
319,1729
411,1730
352,1731
231,1733
281,1734
3,1742
200,1745
298,1752
169,1752
342,1759
123,1766
213,1771
187,1772
427,1776
368,1776
112,1780
442,1798
247,1800
78,1809
155,1812
373,1812
109,1814
194,1818
416,1828
14,1829
20,1830
338,1833
323,1833
22,1837
33,1837
131,1841
455,1841
26,1842
386,1843
5,1847
291,1850
59,1851
47,1852
424,1857
269,1866
317,1871
470,1872
151,1875
465,1876
379,1877
468,1881
233,1882
458,1884
19,1893
450,1893
149,1898
90,1905
74,1911
175,1912
491,1913
497,1914
92,1916
144,1916
434,1920
408,1923
192,1925
254,1928
418,1931
198,1933
438,1939
277,1946
83,1949
316,1954
407,1955
359,1959
263,1966
324,1972
150,1976
301,1980
48,1984
292,1988
367,1990
177,1991
87,2007
76,2009
225,2019
271,2028
337,2029
97,2033
290,2044
327,2049
35,2050
101,2059
65,2059
120,2061
102,2061
251,2061
429,2067
471,2070
235,2074
41,2087
2,2089
481,2094
181,2099
362,2100
268,2100
240,2105
43,2111
464,2111
361,2112
398,2115
106,2117
403,2129
349,2133
380,2139
480,2151
300,2152
23,2153
141,2156
111,2156
444,2173
122,2178
462,2188
371,2190
229,2191
17,2191
322,2195
495,2202
191,2207
355,2209
452,2219
375,2222
126,2242
297,2245
189,2245
222,2247
142,2255
288,2259
314,2260
383,2260
219,2265
56,2268
479,2268
6,2277
335,2280
336,2283
358,2293
165,2309
395,2310
30,2312
218,2317
241,2323
285,2331
182,2332
436,2342
280,2349
404,2356
296,2358
98,2359
243,2364
378,2370
73,2370
238,2380
228,2393
400,2395
79,2399
423,2405
249,2416
52,2421
115,2425
397,2426
232,2439
421,2444
391,2451
385,2472
257,2485
260,2491
365,2502
396,2504
152,2522
299,2522
45,2529
32,2533
289,2535
258,2543
49,2549
353,2550
381,2585
461,2588
370,2588
227,2602
68,2611
384,2638
273,2639
242,2640
456,2647
209,2664
388,2666
221,2682
172,2694
431,2703
134,2724
10,2727
217,2730
360,2737
80,2753
108,2760
347,2762
114,2770
42,2773
372,2776
193,2782
234,2807
67,2834
245,2890
244,2891
390,2921
364,2922
498,2940
38,2971
326,2977
197,2980
146,2987
11,2993
486,3028
223,3029
34,3059
341,3084
252,3105
376,3119
318,3139
474,3169
96,3200
446,3215
334,3223
157,3224
331,3245
246,3253
139,3310
138,3312
469,3338
99,3430
325,3435
467,3449
394,3479
50,3531
166,3558
276,3565
284,3586
9,3644
220,3656
295,3699
374,3828
256,3863
145,3894
174,3932
195,3974
207,3990
259,4175
354,4210
104,4249
265,4324
171,4334
173,4564
81,4581
183,4599
125,4931
71,5277
69,5666

simblock.block.ProofOfWorkBlock@4368ffe6:25
313,0
394,373
379,509
225,643
132,737
488,870
182,872
381,890
48,1000
358,1010
411,1028
370,1103
31,1103
434,1137
480,1150
346,1152
35,1162
396,1228
292,1236
385,1243
28,1256
166,1274
347,1283
220,1298
336,1330
257,1359
344,1361
131,1362
42,1362
165,1377
222,1378
130,1380
261,1383
97,1432
469,1434
196,1439
5,1456
453,1468
245,1492
262,1494
337,1502
495,1507
175,1513
2,1513
14,1514
228,1515
424,1520
33,1531
168,1545
89,1556
74,1568
178,1577
46,1584
249,1590
384,1591
163,1595
468,1596
157,1604
410,1610
179,1626
237,1629
251,1634
291,1636
320,1639
353,1641
416,1648
91,1650
123,1650
83,1651
240,1651
141,1655
455,1655
129,1660
312,1662
386,1696
92,1702
331,1705
185,1708
465,1713
329,1715
479,1717
429,1718
250,1721
118,1723
301,1724
198,1728
108,1729
316,1732
106,1735
269,1738
164,1742
439,1744
286,1749
500,1760
21,1761
197,1762
332,1764
111,1772
44,1775
124,1782
442,1784
280,1784
151,1786
258,1786
120,1791
343,1792
317,1793
431,1808
25,1813
255,1814
93,1823
435,1827
8,1830
200,1835
421,1845
436,1846
77,1848
215,1852
440,1852
281,1854
169,1855
135,1856
483,1857
187,1858
473,1865
177,1866
37,1866
209,1869
418,1872
47,1873
13,1873
345,1874
380,1876
278,1878
289,1878
486,1879
459,1880
397,1883
365,1891
110,1891
307,1893
427,1897
155,1897
241,1898
449,1906
134,1909
236,1916
109,1917
1,1917
205,1919
49,1920
404,1920
102,1923
90,1924
101,1927
425,1932
490,1934
204,1938
153,1939
383,1942
382,1943
492,1949
326,1953
363,1954
17,1954
210,1968
450,1969
26,1979
266,1979
233,1981
159,1985
85,1986
293,1989
277,1989
147,1992
239,1992
144,1995
447,1997
398,2000
274,2001
154,2002
27,2003
298,2006
162,2006
126,2007
244,2009
328,2009
327,2010
59,2011
86,2012
20,2017
444,2017
32,2017
355,2018
190,2022
494,2023
463,2025
273,2026
203,2034
401,2036
304,2036
63,2040
191,2046
402,2047
432,2051
477,2054
56,2059
325,2059
214,2059
497,2060
362,2063
122,2067
192,2070
133,2072
318,2075
80,2081
170,2085
65,2086
287,2088
64,2090
116,2095
136,2098
294,2101
387,2107
306,2111
51,2113
76,2114
487,2122
143,2124
368,2126
61,2129
268,2129
323,2131
311,2131
235,2136
149,2138
462,2139
88,2139
441,2140
377,2143
403,2147
150,2147
412,2148
230,2150
478,2151
415,2152
414,2153
172,2158
128,2161
283,2165
308,2166
267,2168
430,2177
390,2179
333,2181
117,2182
300,2188
224,2194
253,2194
94,2195
342,2200
417,2205
53,2211
238,2214
340,2216
330,2216
22,2217
254,2223
6,2227
324,2228
113,2230
12,2235
408,2239
161,2239
181,2242
54,2245
127,2248
445,2249
373,2254
275,2257
406,2275
234,2280
321,2281
103,2283
158,2283
451,2283
338,2284
36,2285
458,2294
270,2296
199,2300
433,2304
247,2308
376,2315
279,2317
72,2329
349,2331
140,2340
107,2349
302,2354
137,2355
18,2355
351,2357
66,2358
82,2362
471,2365
359,2367
112,2370
361,2371
422,2372
310,2376
272,2377
60,2379
413,2381
489,2384
11,2386
248,2386
334,2391
457,2391
3,2407
87,2408
84,2411
407,2414
119,2422
356,2429
62,2439
420,2444
369,2446
461,2452
446,2455
276,2458
352,2459
399,2460
81,2467
303,2470
211,2476
454,2481
496,2499
474,2517
4,2519
357,2521
263,2522
78,2522
176,2527
75,2533
426,2546
152,2552
40,2556
499,2575
160,2579
50,2580
428,2584
393,2586
285,2589
296,2592
366,2592
202,2593
96,2596
437,2597
271,2598
226,2609
350,2611
493,2618
57,2620
438,2630
156,2640
184,2642
259,2647
100,2652
19,2663
367,2666
419,2666
34,2667
484,2672
475,2687
485,2687
448,2701
148,2708
299,2714
409,2716
378,2723
104,2726
146,2735
71,2737
173,2744
282,2747
392,2748
7,2748
456,2761
217,2766
188,2776
460,2783
15,2811
95,2811
405,2812
231,2815
305,2820
23,2829
189,2835
171,2837
322,2855
29,2858
223,2865
246,2868
70,2870
388,2881
195,2886
201,2893
284,2894
208,2896
186,2918
452,2926
375,2926
476,2927
470,2939
58,2945
400,2949
256,2953
30,2970
348,2974
213,2983
482,2984
229,2986
121,3014
372,3018
183,3028
354,3028
39,3040
194,3042
125,3065
265,3075
491,3085
73,3100
24,3107
472,3125
43,3141
466,3150
443,3155
68,3159
218,3160
221,3164
98,3187
391,3199
55,3200
360,3232
374,3237
232,3263
339,3267
9,3287
145,3287
99,3301
206,3311
297,3313
52,3322
69,3325
167,3342
264,3362
10,3365
395,3368
309,3376
174,3415
105,3426
38,3466
79,3473
67,3489
389,3497
464,3543
319,3561
243,3592
180,3606
193,3620
364,3628
423,3643
216,3653
314,3666
335,3671
138,3710
315,3722
114,3765
288,3795
16,3797
260,3804
207,3893
115,3898
371,3930
481,3947
139,3969
212,4022
295,4023
252,4101
219,4201
41,4209
227,4242
242,4246
467,4314
341,4326
45,4450
498,4545
142,4614
290,4625

simblock.block.ProofOfWorkBlock@10b0d0a4:26
488,0
453,280
346,385
205,491
201,558
386,637
180,664
105,674
255,743
129,770
62,778
450,803
170,838
210,853
368,877
127,884
91,908
315,917
70,942
387,943
156,959
178,970
54,981
286,1005
196,1016
309,1022
279,1026
208,1048
22,1048
148,1056
356,1063
88,1068
344,1078
348,1082
408,1088
426,1109
103,1118
21,1121
351,1131
36,1133
363,1133
93,1156
211,1161
262,1161
432,1163
261,1164
184,1171
236,1172
28,1182
425,1188
213,1188
303,1193
107,1201
135,1220
445,1223
483,1223
168,1225
155,1228
8,1236
77,1237
85,1238
343,1243
392,1250
282,1265
345,1266
278,1266
435,1267
63,1268
118,1269
13,1277
203,1287
202,1295
448,1296
206,1296
366,1301
124,1302
306,1306
367,1309
57,1313
86,1325
428,1326
484,1331
128,1335
496,1339
417,1340
393,1340
266,1342
414,1344
233,1348
84,1348
311,1348
264,1351
473,1352
402,1358
116,1362
44,1365
164,1372
337,1372
163,1373
454,1374
357,1382
328,1387
16,1392
369,1396
439,1401
457,1403
321,1404
320,1405
150,1407
283,1407
188,1412
339,1413
499,1413
485,1415
399,1415
158,1418
186,1422
491,1425
493,1429
121,1429
250,1435
310,1437
92,1441
272,1444
29,1444
167,1445
422,1446
340,1448
31,1452
437,1453
230,1454
72,1455
430,1455
239,1457
405,1459
133,1467
412,1470
458,1470
18,1472
122,1472
293,1478
1,1479
476,1479
478,1481
182,1483
24,1483
154,1488
95,1493
94,1503
460,1508
410,1510
373,1511
305,1511
420,1513
137,1514
204,1517
336,1520
492,1521
427,1523
389,1524
330,1526
487,1528
433,1535
333,1535
332,1535
7,1543
377,1543
406,1544
212,1545
214,1548
176,1550
294,1551
440,1551
248,1552
407,1553
64,1554
185,1554
443,1555
459,1559
179,1559
307,1559
415,1561
304,1561
275,1561
82,1563
449,1565
254,1570
466,1575
194,1577
267,1579
494,1582
87,1585
143,1585
157,1586
190,1587
53,1593
302,1593
100,1601
338,1613
441,1615
471,1618
113,1619
224,1622
451,1622
56,1623
199,1624
489,1625
66,1626
308,1627
140,1629
475,1629
313,1638
324,1639
12,1640
39,1648
218,1648
61,1655
89,1657
482,1657
312,1658
477,1658
40,1659
447,1661
160,1664
490,1665
409,1668
162,1670
431,1671
58,1672
413,1672
472,1677
376,1679
27,1692
319,1692
3,1694
216,1696
20,1700
352,1700
220,1702
153,1704
102,1705
73,1712
55,1714
350,1716
90,1717
136,1720
42,1723
270,1728
280,1730
25,1732
274,1732
11,1736
231,1739
398,1743
117,1745
110,1752
401,1762
500,1762
289,1763
200,1763
381,1767
419,1771
358,1772
362,1779
347,1781
60,1782
247,1787
149,1791
161,1801
106,1803
486,1804
191,1806
19,1809
166,1810
240,1811
300,1814
114,1829
215,1834
298,1842
49,1847
390,1852
287,1857
134,1858
15,1858
301,1859
132,1862
226,1872
51,1886
228,1889
144,1897
59,1897
235,1897
101,1908
6,1909
421,1912
245,1918
397,1918
469,1921
159,1926
75,1927
52,1933
342,1935
65,1938
281,1939
323,1939
14,1942
455,1944
234,1950
436,1950
424,1957
434,1961
316,1961
253,1963
292,1963
325,1971
411,1972
383,1976
78,1978
97,1980
380,1987
139,1987
152,1989
464,1990
273,1991
418,2000
169,2000
385,2005
126,2007
444,2013
198,2019
353,2022
359,2023
429,2023
5,2023
237,2027
4,2032
438,2036
244,2038
371,2044
382,2066
378,2066
442,2073
209,2080
33,2080
285,2093
147,2113
268,2115
138,2117
446,2120
120,2131
470,2133
131,2140
83,2145
108,2146
452,2154
225,2158
388,2165
30,2165
370,2166
109,2168
331,2169
249,2171
48,2176
76,2179
263,2179
354,2182
317,2182
181,2186
257,2188
497,2198
34,2202
404,2205
175,2205
341,2209
46,2222
37,2222
192,2226
276,2231
80,2236
41,2238
47,2240
394,2241
252,2250
462,2255
334,2266
223,2275
229,2275
360,2295
238,2302
361,2311
265,2319
50,2320
98,2322
171,2323
195,2337
251,2339
217,2353
2,2359
269,2369
495,2379
241,2387
318,2406
403,2410
391,2415
258,2419
479,2427
465,2440
119,2442
365,2444
232,2448
112,2458
35,2460
146,2461
314,2466
400,2485
104,2502
81,2504
290,2509
74,2519
395,2541
374,2542
111,2564
130,2581
142,2585
349,2637
96,2637
43,2641
416,2650
23,2654
355,2657
467,2658
468,2664
423,2665
322,2670
291,2670
480,2684
69,2696
481,2702
207,2714
456,2720
193,2746
125,2795
172,2798
165,2799
99,2818
463,2863
379,2869
271,2872
384,2881
187,2884
326,2892
222,2892
375,2895
32,2907
259,2908
335,2976
242,3008
26,3017
173,3044
372,3047
10,3051
329,3082
256,3084
197,3086
141,3099
327,3111
17,3113
177,3133
174,3166
364,3223
79,3311
123,3321
396,3324
68,3385
221,3415
227,3441
183,3441
288,3448
299,3464
243,3471
151,3545
296,3559
260,3650
45,3669
145,3753
277,3763
115,3778
9,3778
189,3784
71,3809
461,3908
295,4057
474,4095
38,4095
498,4109
67,4115
297,4296
219,4451

simblock.block.ProofOfWorkBlock@b520106:27
499,0
162,279
158,388
363,497
118,558
319,601
457,667
366,673
100,705
293,775
255,776
409,778
188,809
51,835
312,880
413,884
143,885
116,888
8,918
443,939
250,945
262,953
344,985
124,995
57,999
253,1008
475,1025
129,1044
393,1049
488,1056
77,1058
13,1059
369,1059
212,1091
82,1093
351,1110
186,1114
307,1117
63,1122
121,1152
66,1154
261,1160
309,1161
40,1162
176,1163
21,1169
94,1170
473,1172
274,1173
338,1192
389,1198
55,1199
53,1205
406,1217
490,1218
459,1227
466,1227
22,1230
206,1231
44,1232
86,1262
448,1264
320,1264
414,1270
471,1270
401,1271
12,1274
272,1278
350,1278
190,1278
435,1282
18,1301
308,1304
84,1307
483,1310
472,1319
422,1322
298,1333
148,1334
226,1336
491,1337
437,1337
264,1338
72,1340
333,1341
127,1342
286,1356
208,1367
91,1368
287,1369
266,1371
387,1373
154,1374
458,1375
352,1378
202,1378
103,1384
7,1386
402,1387
122,1390
110,1392
184,1400
355,1401
248,1404
88,1405
283,1408
434,1412
399,1412
196,1413
478,1415
447,1424
199,1434
418,1435
62,1441
136,1442
85,1443
161,1444
408,1445
92,1447
236,1448
170,1448
321,1449
107,1452
417,1454
278,1458
328,1460
211,1465
167,1474
194,1475
427,1482
95,1482
60,1482
89,1483
311,1483
279,1485
477,1489
426,1489
214,1491
419,1491
433,1494
493,1495
332,1497
405,1498
439,1501
315,1505
445,1512
440,1513
345,1515
166,1516
179,1516
430,1517
485,1518
420,1520
203,1538
105,1544
155,1547
36,1549
157,1550
254,1551
140,1554
397,1555
302,1555
454,1555
258,1555
476,1555
432,1556
368,1557
128,1557
93,1558
367,1558
305,1559
201,1561
330,1561
460,1563
377,1563
239,1564
135,1565
164,1580
340,1581
492,1586
1,1587
425,1588
160,1591
450,1593
64,1593
468,1596
357,1601
137,1602
233,1603
168,1605
205,1611
415,1620
102,1620
373,1621
231,1621
337,1622
303,1623
482,1625
156,1627
442,1642
292,1643
113,1651
496,1652
453,1653
27,1655
224,1655
230,1659
275,1660
489,1664
403,1664
500,1665
133,1666
39,1667
16,1669
4,1673
153,1675
180,1680
83,1681
487,1681
73,1682
291,1683
216,1684
267,1686
310,1690
356,1692
3,1692
339,1694
410,1697
204,1697
304,1697
326,1703
78,1709
270,1710
365,1714
317,1722
451,1724
192,1730
163,1731
431,1735
429,1740
225,1742
343,1755
28,1760
449,1760
200,1764
144,1773
61,1776
273,1776
175,1777
114,1783
249,1787
324,1789
26,1790
306,1794
25,1794
76,1795
31,1797
486,1798
294,1799
24,1799
469,1802
213,1802
392,1806
58,1815
35,1818
191,1819
349,1825
358,1831
159,1838
407,1838
376,1840
131,1840
11,1842
300,1856
47,1858
342,1860
484,1860
120,1862
394,1862
20,1863
29,1866
346,1866
33,1869
197,1877
218,1882
232,1884
123,1885
108,1890
2,1895
220,1898
181,1899
494,1905
56,1906
384,1907
169,1910
336,1912
428,1913
441,1922
412,1924
463,1928
198,1936
359,1936
177,1940
386,1943
240,1954
398,1959
245,1964
495,1964
348,1965
383,1967
178,1972
87,1975
462,1992
380,2001
252,2001
80,2004
257,2007
251,2008
281,2009
282,2013
52,2013
241,2016
150,2018
285,2023
70,2027
46,2031
37,2033
244,2040
207,2044
185,2047
237,2056
151,2058
193,2060
424,2061
182,2062
436,2074
6,2076
331,2080
318,2081
119,2086
117,2091
256,2099
323,2100
446,2102
444,2112
247,2123
329,2124
379,2131
228,2132
112,2132
54,2136
316,2142
48,2144
210,2152
215,2153
99,2155
284,2155
222,2158
470,2172
227,2174
17,2183
479,2183
238,2184
361,2191
297,2200
364,2200
400,2201
385,2213
126,2226
382,2227
416,2228
404,2233
15,2235
353,2237
229,2238
130,2238
271,2241
9,2242
42,2254
101,2260
41,2265
81,2270
464,2284
390,2300
243,2301
132,2304
109,2305
14,2309
149,2324
327,2331
246,2336
90,2351
98,2353
5,2355
354,2360
74,2361
268,2362
438,2369
263,2392
171,2392
209,2401
497,2403
172,2407
142,2419
341,2421
372,2434
388,2438
106,2454
299,2459
381,2460
141,2461
325,2471
183,2489
334,2493
79,2521
75,2524
223,2529
370,2531
65,2533
265,2547
19,2547
165,2548
452,2560
97,2573
138,2573
288,2577
313,2581
147,2583
49,2583
134,2593
498,2601
371,2614
411,2621
280,2623
276,2634
322,2667
32,2671
219,2678
96,2679
347,2694
455,2702
139,2726
187,2743
50,2745
480,2751
290,2758
378,2793
111,2801
465,2803
71,2804
396,2814
421,2844
43,2874
10,2880
296,2881
69,2886
301,2890
217,2891
189,2905
145,2915
461,2923
481,2945
269,2970
235,3031
474,3040
173,3074
115,3085
360,3087
68,3094
395,3143
34,3145
242,3175
59,3189
260,3207
423,3237
234,3254
374,3262
259,3269
391,3286
125,3387
289,3407
335,3426
375,3473
314,3476
104,3478
362,3481
67,3593
295,3626
277,3704
38,3738
23,3757
456,3811
467,3867
30,3933
221,4073
174,4159
152,4267
45,4419
146,4507
195,4601

simblock.block.ProofOfWorkBlock@343543b2:28
8,0
471,279
437,384
53,489
118,560
185,597
328,665
158,668
478,718
25,769
266,771
161,774
407,824
162,842
62,873
29,875
230,882
409,886
499,929
179,944
366,948
121,952
466,978
414,980
213,986
236,991
412,1020
386,1036
451,1048
63,1050
184,1051
143,1053
487,1054
51,1064
332,1083
128,1084
239,1094
202,1096
419,1112
490,1127
330,1129
420,1145
13,1153
261,1155
275,1155
373,1156
440,1157
124,1158
88,1158
352,1163
24,1181
204,1185
66,1195
188,1208
491,1215
168,1217
350,1228
307,1233
12,1233
457,1237
422,1243
483,1253
312,1258
357,1258
278,1259
492,1262
485,1264
427,1266
473,1266
399,1267
402,1268
140,1273
351,1275
224,1282
339,1291
96,1303
267,1303
94,1307
363,1313
315,1320
281,1321
31,1321
199,1324
449,1334
54,1337
103,1338
489,1338
253,1343
272,1345
105,1345
333,1358
163,1361
127,1361
93,1361
57,1364
453,1364
72,1365
170,1366
16,1369
345,1370
153,1371
274,1371
406,1372
426,1374
64,1376
279,1378
459,1379
110,1382
212,1386
430,1387
156,1388
282,1394
1,1404
264,1409
27,1412
55,1415
319,1419
135,1422
433,1427
148,1429
488,1435
226,1436
86,1438
496,1438
494,1438
250,1441
58,1443
439,1443
216,1449
447,1451
82,1454
262,1457
293,1459
343,1465
28,1465
107,1465
206,1466
336,1466
155,1466
157,1469
310,1470
176,1475
84,1475
255,1478
61,1481
89,1482
164,1482
60,1484
7,1487
190,1488
309,1493
40,1495
476,1497
441,1497
435,1500
311,1512
500,1513
18,1513
102,1516
208,1519
405,1520
42,1523
475,1524
95,1527
410,1532
92,1536
393,1536
340,1539
5,1540
180,1542
70,1543
305,1543
3,1548
356,1551
413,1558
205,1562
91,1562
392,1562
116,1565
460,1568
445,1570
231,1571
186,1572
344,1574
283,1575
428,1575
200,1582
377,1586
214,1590
338,1593
136,1594
258,1596
160,1597
382,1600
387,1600
346,1601
22,1603
401,1604
85,1607
211,1609
425,1617
320,1618
408,1619
450,1622
100,1629
129,1640
178,1641
417,1645
432,1647
201,1648
286,1653
97,1655
324,1656
308,1656
348,1663
133,1666
59,1668
44,1669
196,1670
4,1670
149,1671
74,1672
78,1675
210,1682
285,1685
137,1686
368,1688
35,1692
254,1693
39,1693
268,1693
270,1695
337,1697
323,1698
233,1703
321,1707
484,1708
113,1708
120,1710
215,1712
306,1714
36,1721
454,1727
101,1728
355,1739
316,1741
443,1744
287,1751
359,1754
390,1755
358,1755
169,1760
302,1762
493,1762
209,1770
304,1776
294,1779
33,1780
448,1786
403,1786
482,1788
108,1791
486,1791
167,1793
249,1794
37,1801
303,1809
389,1812
144,1812
273,1814
257,1817
411,1817
329,1825
112,1826
458,1833
331,1844
442,1846
370,1865
225,1872
52,1875
65,1877
446,1882
424,1885
404,1886
83,1888
126,1890
327,1892
477,1892
122,1893
248,1894
203,1896
220,1898
431,1908
251,1911
181,1911
469,1913
191,1915
19,1916
77,1917
154,1918
416,1924
313,1926
421,1929
238,1941
398,1941
397,1947
365,1950
177,1956
277,1960
111,1961
14,1964
436,1972
187,1972
247,1973
117,1974
291,1979
292,1979
46,1980
480,1984
361,1986
463,1989
374,1994
21,1996
367,1998
318,1999
418,2004
472,2006
384,2009
325,2009
462,2012
2,2018
415,2028
455,2032
114,2036
237,2046
240,2051
434,2064
269,2069
481,2073
30,2082
317,2083
73,2092
76,2102
369,2102
123,2105
194,2108
396,2113
221,2123
217,2124
17,2128
385,2130
145,2136
364,2137
470,2138
197,2139
182,2142
207,2146
166,2147
79,2149
381,2156
56,2158
464,2161
222,2174
444,2178
228,2183
497,2183
353,2184
159,2191
132,2193
400,2193
20,2198
391,2206
495,2208
47,2212
498,2221
378,2224
87,2226
429,2228
165,2229
276,2236
245,2236
383,2236
75,2241
232,2244
15,2249
10,2251
341,2251
388,2252
394,2263
289,2269
371,2273
119,2281
189,2311
234,2321
48,2325
301,2326
32,2356
347,2357
6,2380
106,2391
376,2395
372,2396
147,2401
260,2406
380,2406
99,2435
235,2450
229,2465
468,2467
141,2469
109,2471
138,2474
43,2477
192,2484
219,2484
259,2486
244,2492
342,2502
263,2527
193,2535
379,2540
81,2540
152,2555
298,2565
299,2571
360,2575
218,2576
438,2579
280,2609
479,2617
90,2620
67,2645
115,2651
284,2658
241,2667
326,2690
26,2693
68,2718
9,2742
362,2764
171,2795
134,2797
142,2801
423,2813
290,2835
175,2837
242,2841
334,2872
151,2884
256,2892
223,2893
252,2900
322,2903
50,2909
150,2917
80,2918
395,2955
69,2962
195,2992
375,3001
300,3073
452,3075
131,3120
246,3128
474,3131
130,3136
41,3158
23,3167
71,3218
172,3239
354,3257
456,3287
11,3292
295,3312
38,3323
349,3338
296,3422
34,3461
335,3471
125,3483
45,3504
465,3557
271,3572
297,3605
314,3621
98,3625
183,3646
139,3655
288,3757
49,3775
104,3795
243,3895
174,3970
198,3997
265,4007
173,4019
461,4111
467,4190
146,4319
227,4331

simblock.block.ProofOfWorkBlock@20b65c71:28
318,0
384,360
6,501
46,720
211,734
331,853
301,863
3,961
281,988
198,1003
5,1123
15,1139
60,1188
238,1257
277,1364
157,1370
300,1398
167,1416
181,1499
292,1537
199,1595
76,1632
21,1646
383,1679
177,1751
370,1766
161,1823
357,1875
131,1884
486,1903
493,1911
33,2025
119,2040
63,2048
338,2101
440,2137
75,2171
224,2266
461,2306
192,2313
445,2328
308,2372
376,2461
53,2491
475,2553
453,2611
354,2688
346,2695
278,2717
459,2779
369,2839
412,2926
193,2944
451,2947
373,3009
484,3070
406,3160
184,3186
216,3239
310,3295
151,3301
16,3386
283,3414
125,3494
196,3522
420,3616
343,3641
106,3651
92,3759
296,3796
422,3869
99,3870
136,3986
194,4096
284,4096
356,4104
299,4171
231,4217
86,4345
391,4474
467,4509
210,4547
413,4573
449,4799
81,4811
185,4999
212,5028
88,5255
148,5447
426,5488
243,5792
482,5894
98,6093
471,6339
9,6402
474,6704
433,6790
219,7006
427,7238
156,7689

simblock.block.ProofOfWorkBlock@2ef67406:29
333,0
226,285
447,390
157,503
21,565
77,613
91,670
402,675
58,719
13,776
261,782
31,787
415,828
236,856
399,883
278,889
133,892
279,893
451,933
425,949
178,953
366,962
113,994
270,994
344,997
127,999
449,1011
63,1038
337,1055
311,1060
458,1061
357,1064
12,1070
201,1093
57,1100
336,1101
293,1105
339,1111
93,1111
72,1120
437,1138
312,1161
477,1167
22,1169
387,1175
140,1176
459,1176
487,1176
321,1197
294,1205
190,1205
188,1209
255,1212
110,1219
180,1225
64,1226
239,1231
212,1243
160,1244
488,1249
396,1257
343,1258
92,1268
443,1272
439,1278
155,1279
3,1280
25,1280
194,1280
414,1281
409,1284
186,1288
500,1289
348,1298
392,1303
417,1311
250,1318
338,1318
454,1319
266,1324
264,1331
203,1333
274,1335
345,1341
305,1344
118,1345
369,1355
483,1367
199,1368
148,1377
430,1379
410,1380
408,1383
315,1384
352,1385
475,1387
86,1388
27,1388
320,1388
478,1395
162,1400
61,1404
346,1414
332,1415
62,1418
205,1418
413,1420
191,1426
393,1426
407,1427
161,1429
29,1436
204,1442
412,1446
167,1447
405,1448
156,1450
170,1452
324,1455
286,1456
373,1459
103,1460
367,1460
39,1461
476,1473
7,1477
122,1479
44,1480
211,1484
213,1487
11,1487
55,1488
40,1490
490,1490
420,1490
88,1493
136,1494
208,1495
154,1498
319,1498
432,1499
4,1500
363,1501
485,1504
419,1506
350,1512
168,1513
292,1518
70,1519
129,1522
304,1524
401,1526
253,1527
51,1531
26,1533
340,1536
116,1540
107,1542
470,1542
82,1547
84,1550
460,1552
427,1554
448,1554
351,1557
455,1558
66,1559
277,1560
445,1561
121,1562
302,1562
386,1562
124,1565
377,1565
137,1568
202,1570
473,1570
310,1572
176,1579
450,1580
94,1584
484,1587
492,1587
282,1592
303,1592
53,1596
1,1596
8,1596
489,1601
440,1602
466,1602
143,1603
36,1604
37,1604
18,1605
499,1607
287,1608
330,1613
368,1617
457,1622
214,1630
78,1635
482,1635
230,1638
283,1639
120,1648
65,1650
306,1652
272,1658
328,1660
491,1661
95,1664
200,1666
493,1681
471,1685
428,1688
105,1688
128,1692
179,1697
358,1697
381,1699
433,1700
307,1701
496,1705
389,1707
60,1709
106,1711
472,1712
97,1712
441,1712
275,1713
435,1722
244,1726
403,1732
416,1733
398,1738
249,1741
149,1741
109,1742
196,1745
248,1746
406,1746
89,1747
436,1756
429,1759
431,1759
356,1764
462,1767
308,1768
355,1777
209,1779
216,1779
231,1782
47,1783
376,1783
411,1786
100,1792
326,1797
365,1802
233,1802
479,1805
175,1806
222,1810
262,1812
224,1812
267,1812
24,1816
83,1816
361,1822
370,1823
164,1827
75,1835
382,1837
135,1845
16,1850
54,1851
206,1854
169,1861
166,1865
172,1865
14,1871
422,1873
327,1874
301,1888
444,1897
384,1902
153,1916
102,1916
132,1916
185,1916
158,1919
486,1923
134,1923
17,1930
15,1932
163,1933
73,1935
269,1944
383,1947
317,1949
101,1951
421,1952
453,1954
426,1955
316,1957
119,1961
28,1966
90,1968
117,1971
147,1973
323,1977
495,1981
220,1990
469,1995
5,1996
464,2008
342,2008
480,2010
245,2013
241,2017
494,2021
268,2022
187,2022
273,2023
397,2024
87,2037
215,2038
184,2039
424,2041
281,2042
237,2043
111,2065
497,2071
81,2075
385,2083
56,2090
238,2091
446,2092
374,2112
259,2114
404,2120
240,2121
309,2125
223,2131
150,2138
108,2140
378,2141
49,2143
131,2153
468,2166
59,2167
380,2169
80,2171
144,2174
438,2174
481,2176
76,2178
34,2179
74,2183
254,2188
79,2198
228,2198
6,2203
335,2208
225,2209
288,2218
195,2220
48,2226
349,2230
85,2231
434,2232
314,2235
285,2236
218,2241
189,2245
30,2248
300,2258
229,2259
394,2259
198,2265
290,2267
182,2267
461,2282
99,2288
284,2289
35,2296
217,2297
68,2297
130,2303
390,2309
442,2312
171,2314
298,2323
210,2338
322,2349
242,2350
227,2354
362,2362
104,2369
364,2376
291,2377
181,2384
331,2386
452,2389
418,2392
159,2395
289,2398
125,2401
23,2411
151,2414
197,2461
265,2465
395,2476
141,2493
263,2502
371,2512
138,2518
46,2530
20,2531
256,2534
32,2534
152,2548
388,2558
456,2570
235,2579
246,2592
247,2605
465,2611
146,2615
126,2619
52,2621
359,2621
43,2644
347,2678
243,2684
341,2699
183,2701
38,2731
498,2747
165,2753
96,2757
313,2778
375,2798
379,2799
271,2811
423,2828
19,2830
2,2837
318,2839
192,2842
391,2848
193,2858
9,2866
219,2871
334,2927
400,2936
295,2937
123,2971
139,2976
258,2994
353,2995
50,3010
325,3057
177,3065
280,3076
69,3138
221,3164
174,3203
260,3206
276,3207
115,3220
463,3222
71,3274
142,3280
33,3283
112,3287
296,3320
360,3328
354,3358
10,3416
329,3440
251,3502
232,3504
41,3536
299,3623
67,3651
257,3657
207,3659
114,3722
42,3877
173,3893
372,3929
234,3940
45,4011
145,4208
252,4280
297,4329
474,4538
98,4617
467,4927

simblock.block.ProofOfWorkBlock@617a78a4:30
350,0
440,282
239,388
179,496
253,563
124,613
490,669
93,672
406,717
54,774
86,774
110,776
352,821
387,855
70,878
236,879
153,881
264,895
28,950
51,957
283,960
266,982
475,983
185,986
213,999
233,1000
438,1043
454,1052
420,1054
409,1055
435,1066
282,1067
351,1073
89,1092
449,1092
16,1101
425,1102
7,1106
72,1119
287,1135
457,1158
21,1159
417,1159
55,1161
339,1168
92,1172
148,1172
205,1173
248,1174
4,1181
328,1201
496,1204
61,1207
82,1212
58,1216
91,1225
118,1238
180,1246
478,1248
196,1254
257,1260
363,1263
386,1264
206,1265
422,1265
116,1270
121,1270
22,1273
324,1275
100,1276
340,1278
84,1281
392,1283
458,1286
157,1289
202,1291
448,1306
200,1316
163,1321
307,1331
310,1333
306,1335
161,1345
94,1348
311,1350
332,1352
66,1358
473,1360
488,1361
337,1367
13,1367
201,1369
471,1370
320,1370
272,1371
194,1377
336,1379
482,1381
402,1381
64,1382
63,1385
345,1388
368,1388
303,1389
450,1391
487,1393
401,1396
281,1397
186,1402
210,1403
156,1412
166,1421
344,1422
412,1425
169,1426
60,1439
443,1440
199,1442
432,1443
188,1444
393,1444
226,1445
407,1453
262,1453
338,1460
270,1462
477,1463
427,1467
214,1467
129,1470
441,1475
500,1475
399,1476
411,1480
250,1480
8,1482
405,1483
367,1484
428,1488
302,1488
128,1488
184,1490
492,1491
1,1492
348,1494
230,1495
430,1496
44,1498
476,1498
433,1499
333,1500
315,1500
85,1508
312,1511
231,1513
24,1518
97,1525
305,1527
134,1530
330,1533
78,1539
95,1545
208,1545
279,1547
472,1549
274,1550
164,1550
494,1553
366,1555
356,1561
211,1567
426,1568
127,1568
255,1569
414,1569
204,1573
408,1574
389,1581
499,1588
485,1588
31,1588
18,1593
466,1593
203,1595
484,1596
212,1597
62,1599
103,1604
216,1605
165,1608
160,1609
415,1609
286,1610
27,1612
88,1614
107,1618
26,1623
453,1627
240,1628
112,1643
143,1646
155,1648
460,1651
96,1652
451,1653
135,1657
40,1659
190,1660
53,1660
413,1661
343,1662
410,1669
168,1672
176,1675
102,1675
373,1676
247,1677
178,1678
42,1682
224,1694
308,1696
294,1697
25,1698
445,1698
162,1699
57,1699
141,1702
483,1702
275,1703
377,1705
293,1709
140,1714
198,1716
379,1717
319,1718
117,1720
431,1721
136,1726
267,1729
12,1743
273,1757
419,1758
137,1764
3,1764
105,1770
493,1772
133,1776
447,1777
444,1777
144,1782
5,1785
177,1791
149,1792
46,1794
175,1798
75,1798
154,1800
277,1800
370,1801
357,1802
459,1804
170,1805
39,1807
381,1809
29,1811
167,1814
439,1817
77,1819
400,1820
251,1826
245,1829
365,1832
317,1834
369,1839
113,1843
497,1847
47,1851
244,1852
241,1862
355,1872
33,1874
228,1875
261,1875
397,1876
122,1877
17,1881
101,1886
36,1890
424,1894
120,1895
73,1899
468,1901
346,1905
321,1906
254,1909
489,1910
403,1913
318,1915
6,1918
14,1919
278,1919
269,1921
437,1923
130,1923
396,1926
159,1928
2,1928
234,1940
452,1942
59,1949
90,1950
225,1966
56,1978
123,1979
309,1980
455,1982
442,1991
470,2004
292,2006
235,2014
35,2015
19,2017
126,2018
182,2021
106,2021
358,2021
181,2025
349,2028
404,2033
446,2049
362,2053
299,2059
238,2061
331,2063
463,2064
221,2077
486,2079
218,2091
220,2093
158,2098
353,2103
260,2119
108,2125
388,2126
119,2128
249,2129
394,2134
380,2135
132,2137
304,2139
20,2142
395,2143
289,2144
390,2148
376,2151
391,2151
114,2153
193,2156
49,2161
207,2168
398,2170
280,2177
43,2178
209,2186
495,2197
79,2198
436,2200
172,2207
491,2208
314,2216
189,2228
378,2240
341,2241
301,2241
418,2243
191,2247
217,2248
298,2251
327,2252
232,2253
467,2266
125,2271
382,2271
229,2272
150,2273
131,2281
375,2287
48,2297
76,2310
215,2311
68,2320
23,2330
335,2332
111,2346
37,2346
80,2349
41,2353
465,2359
347,2361
65,2364
421,2367
237,2368
329,2375
480,2394
67,2402
83,2403
52,2414
11,2422
74,2432
98,2439
34,2445
326,2466
416,2475
271,2478
219,2481
322,2488
361,2491
222,2494
142,2510
429,2516
192,2563
258,2566
109,2567
152,2574
469,2578
10,2583
464,2586
151,2587
32,2588
291,2596
461,2608
147,2641
481,2642
81,2647
187,2657
115,2676
87,2698
104,2698
479,2699
371,2728
384,2739
364,2744
9,2765
242,2800
383,2809
323,2809
197,2810
359,2814
99,2826
374,2828
300,2859
69,2879
385,2880
474,2898
138,2909
290,2920
223,2923
30,2977
174,2993
295,2995
360,3033
325,3033
462,3039
498,3045
296,3046
252,3080
139,3096
434,3112
297,3119
71,3145
334,3151
256,3158
276,3198
285,3260
173,3329
316,3332
456,3363
227,3376
171,3413
284,3427
45,3499
50,3501
313,3551
246,3599
243,3605
263,3696
38,3758
372,3766
268,3769
354,3851
146,3853
288,3936
15,3996
423,4029
195,4093
342,4214
183,4255
265,4448
145,4554
259,4905

simblock.block.ProofOfWorkBlock@2b6d394b:30
17,0
247,348
468,482
476,708
438,709
285,837
73,849
267,934
385,973
496,990
270,1079
483,1094
130,1108
386,1174
33,1194
218,1201
180,1206
160,1230
497,1241
210,1307
12,1317
327,1322
365,1328
298,1340
233,1343
208,1372
87,1376
186,1404
168,1428
212,1454
380,1460
317,1467
37,1473
120,1473
369,1483
191,1510
272,1532
156,1534
273,1553
444,1555
412,1560
387,1587
132,1598
323,1600
169,1601
362,1607
381,1608
306,1632
136,1642
47,1643
204,1665
75,1676
149,1691
301,1694
410,1695
109,1697
32,1735
150,1740
111,1742
52,1745
187,1746
460,1748
206,1776
240,1779
8,1809
106,1812
123,1823
291,1827
222,1827
227,1832
300,1832
370,1834
414,1862
469,1876
126,1876
480,1878
336,1880
403,1880
325,1887
108,1895
283,1915
101,1922
268,1945
442,1960
117,1967
416,1968
257,1970
397,1971
19,1972
249,1982
491,1992
470,2010
346,2011
269,2014
147,2014
178,2020
358,2030
220,2055
26,2081
421,2100
209,2102
244,2102
488,2104
97,2104
96,2106
166,2113
333,2118
463,2125
441,2127
498,2138
455,2143
62,2149
260,2164
411,2177
431,2180
56,2192
281,2194
449,2197
131,2198
428,2200
102,2215
238,2217
144,2230
332,2232
35,2236
292,2242
443,2243
215,2243
319,2246
446,2250
287,2256
251,2259
146,2271
486,2276
277,2306
46,2314
245,2320
42,2329
177,2331
86,2334
458,2335
422,2343
202,2344
419,2363
436,2365
93,2372
274,2375
394,2383
234,2389
67,2390
49,2412
316,2412
471,2425
278,2425
134,2438
279,2443
326,2451
347,2454
235,2455
384,2464
393,2469
163,2471
239,2476
286,2476
399,2487
25,2494
379,2500
457,2521
197,2526
396,2549
367,2556
415,2560
44,2565
447,2569
88,2570
400,2572
344,2583
262,2590
398,2592
192,2605
253,2608
408,2613
27,2643
36,2651
107,2654
83,2658
65,2669
246,2671
492,2680
426,2683
349,2685
226,2696
153,2698
448,2707
353,2714
304,2717
214,2724
127,2726
224,2727
152,2742
64,2751
478,2755
315,2782
490,2795
352,2796
185,2797
201,2799
366,2811
164,2820
406,2832
121,2834
55,2864
307,2873
454,2876
207,2881
128,2883
376,2897
284,2903
77,2906
167,2912
472,2912
124,2921
405,2929
432,2937
339,2950
176,2959
70,2963
39,2984
474,2989
21,2990
115,3001
34,3016
266,3018
500,3025
248,3025
58,3027
357,3043
495,3049
417,3053
118,3061
261,3070
99,3093
95,3099
305,3105
420,3105
309,3108
404,3115
221,3116
116,3137
29,3148
125,3163
303,3168
236,3178
61,3190
122,3195
228,3203
456,3209
179,3219
43,3228
477,3245
40,3251
24,3252
31,3253
395,3276
155,3285
423,3320
293,3331
459,3334
258,3345
382,3348
297,3355
91,3364
151,3375
389,3375
252,3377
335,3398
391,3400
54,3405
375,3408
51,3413
28,3421
489,3423
322,3465
140,3477
312,3482
82,3485
290,3520
237,3531
296,3561
388,3563
320,3563
464,3564
453,3567
314,3579
356,3589
232,3590
16,3602
190,3645
282,3649
466,3653
371,3655
174,3659
383,3692
299,3700
188,3706
143,3712
348,3716
53,3740
373,3788
148,3793
211,3828
223,3850
193,3862
276,3862
103,3879
172,3880
199,3885
372,3887
294,3896
295,3937
194,3940
321,3948
138,3953
68,3988
402,4014
38,4021
311,4030
493,4056
195,4071
430,4112
250,4150
9,4165
330,4173
69,4174
374,4178
231,4241
81,4243
368,4250
216,4260
341,4262
94,4263
482,4284
378,4327
59,4395
100,4402
494,4469
98,4475
217,4477
337,4537
242,4557
79,4567
310,4598
413,4639
450,4640
487,4667
361,4723
71,4727
60,4765
189,4780
271,4787
288,4863
30,4939
259,4982
84,5002
162,5029
467,5060
343,5090
183,5273
243,5355
363,5391
425,5451
219,5580
142,5658
484,5815
452,5879
145,5958
324,6195
338,6561
351,6931

simblock.block.ProofOfWorkBlock@7091b55b:31
460,0
406,299
224,411
477,518
95,579
476,625
137,684
310,730
350,788
186,801
40,835
417,867
213,901
402,905
496,907
266,913
140,941
24,974
439,985
443,1006
51,1010
500,1010
136,1013
405,1049
124,1072
116,1079
426,1096
88,1107
307,1112
453,1114
332,1117
12,1118
202,1122
469,1139
432,1148
135,1153
236,1181
239,1182
61,1187
471,1192
178,1196
308,1201
208,1212
72,1219
264,1219
31,1222
250,1223
180,1225
63,1233
199,1251
430,1253
319,1256
303,1258
337,1266
440,1286
414,1289
312,1289
422,1290
148,1292
484,1295
270,1300
441,1302
447,1304
230,1314
478,1325
490,1329
16,1332
459,1332
168,1335
366,1340
176,1340
143,1355
225,1357
293,1357
274,1358
70,1359
305,1362
118,1366
304,1371
328,1377
352,1391
315,1392
127,1395
203,1396
489,1396
457,1399
345,1399
393,1405
389,1407
253,1408
449,1409
190,1411
164,1411
110,1411
279,1431
7,1433
320,1433
91,1436
420,1438
483,1440
205,1450
77,1459
163,1459
473,1464
493,1465
261,1465
425,1466
278,1467
211,1475
343,1476
367,1482
92,1482
475,1484
379,1490
167,1494
282,1496
29,1498
294,1501
491,1501
286,1501
25,1503
492,1508
157,1508
57,1509
346,1509
179,1510
392,1513
119,1515
330,1515
184,1515
482,1519
386,1523
36,1535
161,1536
103,1539
306,1540
336,1540
90,1541
466,1544
156,1549
18,1550
356,1554
27,1557
19,1559
401,1561
499,1562
158,1564
21,1564
107,1568
351,1570
153,1572
84,1573
458,1574
377,1577
89,1578
464,1579
129,1580
121,1581
272,1586
338,1592
170,1592
194,1598
8,1602
93,1605
66,1607
1,1607
216,1611
64,1612
488,1612
387,1613
472,1615
283,1616
413,1618
133,1618
470,1621
87,1623
428,1625
437,1625
54,1627
46,1630
415,1632
301,1635
369,1636
162,1641
55,1646
363,1647
267,1652
122,1653
275,1656
62,1657
13,1660
39,1665
355,1668
58,1673
160,1673
262,1675
399,1678
60,1679
255,1684
214,1685
344,1686
65,1686
323,1692
204,1693
4,1697
128,1697
226,1703
448,1707
155,1716
48,1718
201,1719
94,1719
196,1722
44,1722
433,1724
248,1724
368,1727
257,1729
410,1729
407,1732
169,1734
212,1736
347,1740
210,1742
113,1747
409,1754
222,1757
487,1760
52,1760
11,1762
302,1763
108,1763
408,1767
444,1778
281,1779
412,1780
86,1780
185,1783
373,1784
326,1787
105,1793
188,1794
100,1799
198,1802
112,1803
340,1805
311,1807
277,1807
175,1809
102,1818
220,1819
287,1822
348,1827
149,1827
339,1828
141,1835
431,1838
32,1839
28,1840
479,1843
106,1844
321,1844
132,1847
85,1851
237,1852
381,1853
324,1856
35,1857
5,1860
20,1867
357,1875
231,1884
309,1885
206,1886
451,1888
485,1892
254,1900
209,1902
200,1903
497,1907
15,1910
144,1911
370,1912
247,1921
480,1922
241,1922
269,1923
14,1938
111,1942
333,1945
438,1949
22,1950
318,1955
494,1956
120,1957
134,1960
123,1960
3,1961
59,1962
138,1963
235,1969
291,1972
329,1974
42,1977
273,1981
82,1981
390,1982
228,1982
258,1990
450,1997
117,1998
378,1998
233,1999
462,2004
317,2007
427,2010
83,2013
182,2016
361,2018
47,2021
101,2022
56,2030
446,2031
191,2036
331,2037
463,2041
383,2047
218,2047
154,2054
495,2055
131,2057
234,2060
403,2062
404,2062
245,2063
75,2075
486,2079
53,2090
421,2104
419,2104
445,2104
76,2121
187,2123
424,2125
151,2129
396,2138
334,2148
296,2151
49,2157
481,2163
6,2168
349,2173
73,2175
37,2177
442,2178
104,2179
34,2183
221,2188
465,2189
172,2190
96,2192
244,2195
374,2200
454,2209
354,2209
436,2213
78,2215
265,2215
395,2217
316,2217
195,2223
411,2231
229,2234
150,2239
416,2244
284,2248
376,2252
171,2256
271,2269
418,2270
142,2271
285,2273
388,2275
325,2278
380,2288
322,2290
145,2293
80,2294
189,2296
375,2304
434,2309
435,2321
259,2322
280,2323
68,2330
41,2334
397,2345
365,2359
299,2378
391,2393
468,2394
38,2400
498,2406
362,2409
394,2425
17,2438
372,2443
385,2443
147,2445
249,2452
197,2470
26,2474
232,2476
114,2496
452,2497
371,2505
290,2510
165,2515
360,2518
43,2519
67,2522
115,2524
139,2524
359,2526
23,2529
289,2538
238,2544
177,2563
215,2582
183,2599
10,2605
364,2605
288,2613
193,2622
173,2656
398,2660
130,2664
313,2666
455,2668
81,2671
384,2671
181,2690
192,2697
260,2708
297,2709
126,2714
246,2730
2,2736
166,2747
240,2756
9,2830
50,2851
174,2868
429,2885
300,2887
268,2888
298,2910
251,2914
423,2915
159,2938
227,2944
400,2953
461,2953
109,2963
292,2966
97,2989
152,3001
207,3007
146,3023
314,3040
456,3064
327,3110
342,3118
358,3128
33,3157
125,3213
263,3217
467,3221
474,3246
71,3264
341,3293
256,3323
353,3328
295,3332
69,3345
74,3358
335,3370
30,3471
252,3493
382,3547
276,3551
99,3650
242,3679
219,3807
98,3824
217,3879
243,3939
79,4210
223,4559
45,4907

simblock.block.ProofOfWorkBlock@3b423d8:32
78,0
270,286
153,391
449,498
194,565
124,606
27,675
239,676
307,711
500,777
92,785
200,787
466,817
410,842
179,882
491,885
136,892
25,917
493,923
212,947
392,955
61,956
158,989
319,990
320,993
447,997
302,1023
91,1027
148,1056
161,1060
110,1062
168,1065
216,1068
84,1076
264,1093
51,1096
57,1100
164,1107
483,1125
339,1128
351,1133
328,1160
12,1163
44,1164
140,1164
482,1172
393,1173
425,1178
408,1180
426,1184
274,1200
451,1201
204,1204
167,1205
310,1214
181,1219
54,1227
352,1232
155,1233
458,1235
185,1238
178,1239
419,1239
499,1268
236,1269
275,1270
413,1271
53,1273
344,1275
24,1276
476,1280
333,1283
93,1284
262,1290
401,1304
176,1305
95,1307
58,1309
226,1309
22,1310
70,1332
184,1334
60,1338
64,1342
4,1342
85,1342
214,1346
137,1348
415,1349
422,1349
7,1349
304,1355
248,1372
448,1374
36,1375
206,1375
409,1377
72,1379
477,1380
105,1380
180,1389
188,1391
407,1396
49,1401
8,1402
132,1406
213,1411
427,1411
312,1414
357,1417
306,1417
294,1424
116,1427
453,1437
31,1440
405,1442
247,1442
471,1442
487,1445
201,1447
1,1447
336,1452
311,1452
233,1454
402,1454
387,1454
77,1456
66,1460
450,1462
18,1465
327,1468
267,1480
459,1481
345,1483
489,1483
454,1484
279,1484
196,1490
414,1490
103,1493
424,1493
278,1496
147,1501
368,1501
355,1507
86,1507
160,1508
154,1508
440,1509
494,1515
287,1516
485,1517
445,1519
205,1520
282,1522
386,1524
203,1524
472,1526
122,1527
62,1542
90,1546
199,1547
420,1547
473,1549
210,1550
162,1550
272,1551
406,1552
492,1553
324,1557
439,1558
143,1558
367,1559
129,1560
305,1561
303,1564
258,1565
356,1565
286,1566
496,1567
446,1570
490,1570
321,1577
437,1587
430,1588
211,1589
369,1589
457,1591
417,1593
13,1602
118,1604
170,1606
397,1608
338,1609
107,1611
475,1611
332,1612
208,1612
117,1619
389,1620
434,1621
293,1621
94,1626
46,1628
82,1628
190,1631
488,1632
55,1633
202,1633
478,1635
484,1636
497,1645
131,1647
39,1652
337,1652
330,1654
121,1657
186,1657
100,1657
277,1661
309,1663
230,1665
343,1668
128,1670
224,1671
156,1672
21,1674
348,1675
346,1676
26,1690
373,1692
231,1694
442,1697
283,1699
308,1701
253,1712
159,1714
63,1715
135,1717
108,1727
133,1737
315,1738
443,1739
433,1741
112,1745
432,1750
435,1750
416,1754
29,1759
460,1759
428,1761
88,1763
301,1767
163,1768
175,1769
113,1775
329,1776
377,1779
76,1783
130,1788
97,1789
250,1789
40,1792
47,1798
240,1804
141,1805
56,1805
370,1811
289,1813
399,1814
127,1824
28,1826
32,1827
73,1827
326,1833
495,1833
244,1841
255,1842
396,1845
14,1846
469,1850
237,1851
436,1854
323,1859
150,1859
87,1859
149,1862
366,1863
349,1865
285,1869
353,1869
16,1870
412,1875
383,1883
59,1894
235,1894
197,1898
365,1902
403,1903
11,1907
17,1913
361,1913
151,1914
157,1918
134,1918
280,1932
19,1941
431,1956
169,1962
331,1966
266,1967
271,1968
470,1974
382,1976
225,1978
350,1982
37,1982
300,1993
388,1995
114,1996
438,1999
101,2010
83,2013
317,2014
119,2015
30,2023
455,2029
292,2034
120,2042
421,2043
462,2046
126,2047
65,2053
48,2058
89,2059
444,2064
238,2064
380,2066
464,2069
358,2071
340,2072
75,2075
115,2075
463,2079
182,2086
429,2087
261,2087
398,2093
423,2100
360,2105
468,2112
322,2114
254,2127
171,2131
3,2131
43,2133
347,2135
390,2136
364,2139
257,2144
362,2152
220,2159
242,2160
138,2176
441,2178
234,2182
215,2184
290,2193
245,2201
252,2202
325,2206
173,2214
269,2216
241,2228
228,2228
2,2232
23,2235
111,2237
249,2237
227,2256
404,2261
80,2261
144,2264
98,2264
10,2273
123,2276
376,2281
363,2285
192,2288
465,2295
479,2300
20,2307
314,2307
218,2308
378,2313
6,2318
276,2329
79,2353
295,2358
251,2358
42,2361
354,2379
229,2397
96,2402
486,2405
379,2420
281,2433
34,2440
498,2448
142,2450
177,2456
291,2457
452,2463
263,2466
183,2488
418,2488
52,2504
198,2504
191,2506
104,2523
109,2526
74,2532
222,2541
371,2559
243,2573
335,2581
35,2591
318,2598
395,2602
411,2639
207,2641
68,2649
381,2650
187,2682
480,2708
394,2724
33,2725
273,2727
71,2730
256,2733
481,2740
5,2745
268,2752
341,2773
400,2783
172,2796
193,2796
297,2797
223,2801
209,2860
102,2868
81,2889
359,2902
221,2925
384,2927
217,2929
67,2935
298,2943
166,2953
313,2970
106,2979
299,3070
174,3086
467,3113
125,3119
165,3150
342,3196
374,3196
474,3233
334,3235
259,3239
41,3275
50,3282
139,3284
189,3312
316,3413
99,3465
296,3487
456,3531
38,3567
284,3616
219,3617
372,3623
15,3635
260,3649
288,3820
391,3864
385,3865
146,3917
195,3946
152,3982
69,4207
145,4207
45,4265
232,4314
265,4679

simblock.block.ProofOfWorkBlock@5d8facfd:33
366,0
477,282
339,393
21,500
460,561
12,610
405,668
294,673
196,717
51,773
205,779
336,781
305,843
428,868
63,881
118,883
70,895
176,899
211,946
135,948
443,954
64,973
153,989
402,996
250,1000
236,1001
31,1005
16,1054
121,1058
344,1059
410,1059
40,1064
489,1064
392,1079
264,1096
186,1104
363,1105
201,1107
500,1111
338,1123
453,1147
7,1159
28,1162
1,1164
267,1164
54,1165
185,1167
303,1169
417,1172
414,1173
202,1185
157,1207
412,1208
283,1210
332,1216
36,1216
261,1219
287,1229
330,1230
315,1232
66,1240
84,1254
407,1266
203,1266
311,1268
459,1268
148,1270
450,1271
406,1273
426,1276
440,1278
491,1280
179,1282
343,1285
85,1285
158,1292
167,1292
204,1314
25,1314
321,1324
199,1324
156,1336
473,1336
483,1337
155,1340
293,1341
312,1344
60,1344
320,1353
230,1360
24,1372
482,1374
490,1374
62,1374
432,1375
224,1378
124,1378
367,1380
485,1382
458,1382
430,1384
231,1384
77,1386
279,1390
154,1391
449,1392
100,1397
44,1399
309,1413
435,1418
170,1419
416,1425
472,1432
226,1432
326,1433
105,1436
441,1438
439,1440
389,1441
27,1443
340,1444
399,1446
386,1448
357,1448
163,1456
274,1456
113,1456
95,1457
116,1465
278,1466
188,1468
39,1470
471,1476
110,1480
307,1480
266,1481
248,1482
310,1486
88,1487
445,1488
178,1489
499,1490
348,1491
180,1491
437,1495
457,1496
478,1497
425,1498
53,1499
466,1504
369,1505
494,1508
210,1517
448,1519
13,1521
214,1522
413,1525
346,1537
133,1537
127,1540
282,1544
107,1546
130,1546
55,1546
356,1547
194,1548
275,1549
94,1550
393,1552
29,1553
137,1553
350,1559
373,1559
419,1560
337,1567
58,1571
454,1571
92,1573
306,1575
208,1576
162,1582
253,1586
409,1589
345,1591
18,1592
476,1592
319,1593
129,1593
255,1594
447,1596
451,1596
57,1597
387,1600
209,1602
233,1603
72,1604
272,1604
103,1610
422,1613
93,1619
136,1619
420,1632
11,1638
328,1644
421,1645
190,1646
184,1646
164,1651
168,1653
433,1655
484,1660
462,1660
150,1673
308,1675
493,1681
141,1681
102,1681
151,1684
15,1690
8,1693
427,1693
122,1699
89,1702
140,1704
408,1704
128,1705
213,1707
351,1711
401,1712
492,1714
262,1714
82,1723
161,1724
446,1727
415,1730
394,1730
270,1730
132,1734
3,1735
301,1742
216,1748
143,1752
225,1754
4,1759
61,1763
480,1764
396,1765
329,1767
33,1771
37,1776
497,1785
292,1788
298,1788
269,1790
83,1794
117,1799
496,1801
147,1801
65,1803
488,1809
383,1810
175,1810
159,1817
355,1819
333,1819
304,1820
22,1823
358,1832
479,1835
377,1836
424,1836
35,1836
198,1842
285,1850
411,1853
384,1858
431,1863
241,1864
398,1864
86,1869
220,1870
192,1871
160,1875
109,1879
249,1879
273,1898
59,1900
245,1903
442,1904
495,1914
91,1918
206,1925
470,1929
436,1935
120,1940
286,1940
237,1946
149,1946
455,1948
126,1950
342,1963
331,1967
317,1970
487,1973
327,1986
385,1987
96,1988
468,1994
26,2002
108,2006
390,2006
463,2007
349,2011
14,2013
134,2016
46,2018
189,2021
111,2022
368,2023
215,2024
403,2027
212,2029
254,2030
246,2032
181,2035
74,2036
187,2037
47,2039
486,2044
325,2046
475,2046
444,2058
464,2061
388,2068
114,2083
258,2084
316,2089
197,2093
19,2105
300,2117
284,2122
404,2124
452,2137
9,2137
240,2138
247,2140
229,2143
32,2149
56,2158
418,2165
219,2167
87,2174
429,2176
365,2192
222,2206
291,2226
364,2227
90,2227
228,2241
382,2241
257,2244
106,2246
271,2249
42,2249
166,2256
6,2256
238,2261
142,2262
144,2263
97,2265
281,2266
112,2284
145,2285
73,2288
259,2291
30,2293
335,2300
52,2309
20,2310
221,2313
374,2327
227,2345
380,2357
68,2358
115,2365
232,2368
2,2369
324,2371
461,2374
323,2384
23,2389
17,2394
375,2410
378,2416
207,2436
354,2440
371,2449
123,2452
152,2456
313,2461
361,2464
101,2468
49,2468
299,2474
177,2476
302,2478
131,2481
251,2486
400,2490
438,2492
48,2497
191,2502
318,2527
370,2529
456,2538
67,2571
395,2578
5,2578
288,2586
75,2587
138,2592
78,2605
498,2616
360,2621
119,2624
223,2646
195,2665
353,2688
268,2693
376,2702
239,2709
434,2710
290,2715
76,2747
80,2750
297,2763
41,2778
314,2786
295,2798
169,2802
256,2804
165,2810
352,2815
252,2828
171,2834
467,2837
265,2846
139,2876
347,2908
465,2913
397,2922
146,2925
200,2927
43,2927
381,2939
34,2950
79,2965
280,2967
182,2976
481,2996
45,3062
81,3108
423,3134
391,3137
235,3138
341,3142
244,3144
359,3145
242,3165
98,3173
289,3190
218,3195
173,3230
172,3260
276,3269
296,3326
243,3344
379,3359
469,3371
38,3464
193,3478
334,3480
99,3490
10,3524
263,3525
362,3576
50,3592
322,3664
104,3702
474,3798
234,3820
260,3858
372,3866
174,3877
183,3980
277,4046
71,4047
217,4137
125,4396
69,4788

simblock.block.ProofOfWorkBlock@6ef2fdbf:34
234,0
52,360
144,498
76,635
421,713
90,772
109,848
74,848
349,985
258,991
197,992
133,1003
119,1068
355,1124
73,1127
141,1128
403,1134
117,1198
298,1201
245,1202
324,1231
149,1260
251,1262
446,1263
431,1268
338,1282
192,1332
56,1342
463,1347
416,1348
111,1365
77,1386
130,1397
42,1398
97,1403
198,1407
20,1421
408,1428
70,1459
19,1467
273,1476
220,1479
325,1482
359,1485
381,1487
5,1488
459,1491
281,1537
311,1544
75,1545
462,1550
2,1556
301,1560
222,1560
426,1562
394,1600
348,1607
181,1613
257,1613
424,1617
247,1618
166,1619
184,1621
496,1622
385,1622
11,1624
175,1626
151,1628
277,1628
305,1631
287,1634
153,1652
61,1657
393,1671
435,1672
469,1677
497,1680
315,1685
358,1686
59,1690
370,1698
495,1699
316,1702
22,1711
383,1715
244,1717
126,1721
35,1740
380,1750
331,1751
329,1753
445,1757
280,1758
382,1759
218,1760
6,1766
291,1766
323,1766
134,1767
269,1768
494,1771
363,1777
255,1781
487,1818
112,1827
26,1829
96,1831
215,1833
83,1837
367,1839
120,1841
101,1843
236,1846
414,1847
179,1848
156,1849
420,1851
33,1852
177,1854
118,1859
108,1860
440,1862
167,1863
384,1867
102,1874
399,1877
480,1883
143,1883
438,1887
484,1889
344,1892
48,1892
37,1896
93,1897
388,1899
486,1900
268,1900
182,1901
479,1902
85,1904
165,1904
53,1907
15,1907
345,1909
320,1912
356,1912
292,1913
230,1916
336,1916
190,1919
404,1920
27,1922
436,1926
450,1931
200,1941
95,1951
313,1953
465,1967
379,1970
237,1974
17,1976
451,1977
300,1979
240,1981
47,1982
434,1983
432,1984
353,1986
262,1988
278,1989
437,1989
455,1994
472,1994
365,1994
293,1999
387,2009
32,2021
326,2021
362,2033
211,2034
249,2034
169,2035
235,2036
470,2037
87,2037
25,2046
302,2048
187,2049
44,2056
411,2056
458,2061
209,2062
21,2077
477,2077
285,2079
464,2080
275,2084
274,2086
147,2089
340,2089
84,2091
14,2095
406,2096
413,2098
63,2102
161,2105
228,2109
352,2115
225,2115
4,2117
478,2119
390,2119
429,2120
491,2121
289,2127
29,2128
392,2129
238,2129
162,2130
86,2130
361,2133
366,2139
485,2139
185,2139
433,2139
212,2140
57,2140
319,2153
444,2158
468,2159
374,2161
62,2162
396,2171
79,2173
342,2177
346,2180
160,2182
397,2185
398,2192
425,2197
129,2199
163,2204
60,2206
419,2209
239,2212
473,2212
286,2215
442,2216
80,2218
492,2219
441,2220
131,2220
254,2222
488,2235
347,2236
205,2244
8,2244
418,2246
241,2249
350,2251
150,2258
46,2259
357,2263
270,2263
457,2264
128,2267
106,2267
447,2269
114,2275
103,2282
155,2284
499,2287
82,2287
132,2301
266,2302
24,2305
199,2310
481,2310
328,2311
158,2311
272,2316
89,2321
36,2330
489,2342
125,2344
415,2347
461,2347
92,2348
105,2349
369,2351
224,2354
135,2354
202,2357
210,2357
310,2360
467,2361
107,2364
476,2370
368,2379
204,2380
233,2386
307,2387
265,2398
168,2399
500,2399
427,2400
264,2408
55,2416
176,2420
242,2422
377,2432
49,2432
145,2434
65,2435
304,2439
386,2440
122,2442
312,2444
121,2447
146,2449
256,2451
452,2460
395,2463
376,2474
498,2479
28,2480
157,2490
213,2496
159,2497
172,2504
471,2505
412,2505
306,2505
422,2506
407,2507
321,2514
453,2515
443,2527
123,2531
140,2532
31,2534
91,2543
482,2550
124,2562
1,2574
180,2580
152,2582
66,2584
154,2589
475,2592
373,2595
231,2597
351,2602
417,2606
50,2611
288,2616
40,2627
308,2634
99,2635
284,2646
282,2653
43,2654
191,2655
263,2657
474,2659
337,2660
51,2666
216,2667
372,2682
16,2682
207,2692
259,2694
360,2716
391,2720
208,2720
250,2722
333,2733
100,2741
261,2742
400,2752
317,2753
98,2756
54,2762
428,2766
71,2768
178,2772
483,2772
252,2776
136,2776
389,2794
332,2802
410,2806
232,2811
113,2818
303,2820
127,2822
203,2824
309,2824
260,2835
18,2837
354,2852
327,2881
439,2891
405,2893
13,2893
330,2915
271,2949
7,2953
189,2962
267,2965
449,2966
253,2968
318,2983
12,2989
188,2993
196,2998
58,2999
81,3022
466,3049
430,3053
283,3065
164,3066
139,3079
171,3083
295,3088
276,3115
409,3120
297,3122
493,3132
88,3150
69,3181
248,3191
148,3191
201,3193
186,3204
226,3214
460,3218
78,3223
67,3226
64,3243
402,3279
339,3293
343,3296
335,3314
72,3365
173,3374
322,3397
490,3406
23,3421
378,3423
246,3425
137,3438
279,3445
223,3445
448,3448
314,3495
206,3509
454,3518
195,3523
94,3526
375,3538
3,3593
39,3669
364,3674
194,3675
174,3700
9,3701
371,3706
104,3724
299,3732
110,3737
294,3754
142,3801
34,3825
290,3841
423,3893
45,3922
214,3964
221,3973
116,3984
170,4084
41,4127
341,4146
38,4199
229,4215
138,4259
183,4291
401,4358
193,4428
30,4447
115,4505
334,4561
227,4592
296,4741
243,4804
219,4866
217,4896
10,5042
456,5105
68,5404

simblock.block.ProofOfWorkBlock@7932c372:34
107,0
16,280
315,393
94,498
309,560
157,606
412,669
386,682
204,717
64,774
143,781
88,791
135,822
236,842
85,878
1,886
333,887
110,896
233,933
255,948
121,950
340,963
405,985
91,992
306,1000
155,1001
283,1037
387,1053
176,1055
272,1060
8,1069
186,1071
58,1079
310,1095
339,1097
180,1104
389,1105
53,1107
303,1121
203,1158
267,1162
158,1166
114,1168
451,1168
54,1169
4,1177
62,1177
185,1180
230,1183
148,1186
196,1191
279,1201
352,1209
460,1210
274,1213
214,1216
435,1220
437,1226
307,1229
363,1238
445,1245
477,1267
25,1269
338,1270
406,1271
226,1274
484,1278
61,1280
302,1283
170,1283
266,1284
239,1290
210,1293
409,1300
84,1304
459,1312
473,1314
161,1318
308,1320
483,1322
127,1324
489,1324
77,1331
231,1331
39,1333
12,1334
103,1338
448,1339
414,1342
212,1352
499,1357
162,1359
321,1373
205,1376
415,1380
425,1381
500,1385
472,1386
72,1387
188,1388
351,1388
399,1389
22,1389
320,1390
454,1394
60,1396
380,1400
286,1408
449,1410
401,1414
216,1416
164,1418
153,1420
282,1425
368,1425
264,1429
31,1430
427,1430
441,1437
428,1440
13,1442
160,1442
163,1444
154,1446
491,1449
413,1453
357,1461
293,1461
248,1462
275,1463
482,1465
184,1467
93,1470
490,1479
417,1487
377,1488
40,1489
63,1490
27,1491
488,1492
105,1492
422,1493
147,1493
70,1494
44,1494
116,1495
476,1495
287,1496
478,1499
319,1511
348,1515
392,1516
475,1520
206,1521
159,1521
86,1522
278,1525
356,1529
402,1529
453,1531
29,1533
66,1535
492,1537
113,1545
250,1547
443,1547
179,1548
51,1550
89,1553
137,1556
373,1559
458,1559
190,1567
194,1567
440,1569
336,1570
328,1572
345,1573
201,1579
112,1582
304,1587
7,1590
167,1592
487,1593
447,1594
466,1595
224,1596
118,1598
439,1598
410,1600
92,1601
178,1602
36,1604
343,1604
432,1605
78,1607
262,1620
426,1624
202,1627
430,1627
455,1628
436,1631
366,1633
419,1635
100,1636
294,1639
57,1640
211,1641
144,1649
253,1649
21,1652
408,1657
367,1658
128,1663
344,1666
254,1666
55,1668
24,1670
450,1670
3,1671
122,1677
393,1683
199,1684
429,1692
168,1694
200,1697
332,1701
47,1703
136,1707
311,1708
18,1709
305,1710
312,1712
129,1712
362,1715
470,1716
494,1726
222,1731
261,1731
132,1733
156,1739
457,1740
20,1744
485,1748
277,1751
5,1754
28,1755
130,1757
123,1758
433,1759
59,1766
181,1767
213,1769
496,1775
493,1775
270,1787
15,1793
420,1794
95,1806
298,1807
244,1809
82,1810
26,1816
384,1816
111,1816
416,1817
208,1817
238,1825
73,1827
80,1845
330,1846
480,1846
87,1849
379,1851
434,1852
65,1853
385,1856
346,1856
390,1857
6,1865
323,1875
446,1877
140,1883
133,1885
438,1886
424,1888
407,1899
269,1908
388,1910
126,1915
350,1916
120,1917
353,1919
369,1924
76,1924
215,1928
17,1932
191,1932
359,1934
285,1936
316,1937
14,1938
418,1949
317,1954
358,1955
33,1956
313,1957
361,1960
423,1961
442,1961
108,1965
370,1967
109,1969
124,1970
177,1970
337,1973
117,1982
280,1984
403,1986
327,1987
207,2002
471,2006
23,2023
30,2024
151,2026
209,2033
468,2033
411,2034
90,2035
75,2037
101,2041
149,2043
131,2044
198,2062
52,2074
341,2075
225,2075
141,2075
102,2076
193,2086
495,2086
301,2103
347,2104
56,2107
464,2134
119,2138
365,2143
395,2143
252,2146
355,2150
166,2154
175,2158
134,2159
138,2164
74,2172
237,2174
318,2175
398,2179
251,2180
32,2187
48,2187
329,2190
394,2198
374,2215
276,2241
235,2245
150,2250
400,2256
249,2261
49,2267
106,2268
299,2289
292,2292
234,2294
360,2294
300,2297
195,2303
263,2305
431,2308
284,2311
50,2312
227,2317
142,2318
220,2324
197,2326
290,2333
246,2339
192,2363
383,2363
169,2367
104,2368
240,2375
397,2376
223,2379
43,2382
125,2384
325,2392
364,2393
391,2405
182,2407
257,2409
9,2411
172,2417
452,2436
486,2441
349,2465
79,2469
37,2470
83,2478
19,2488
421,2489
99,2490
291,2518
187,2521
229,2524
295,2536
265,2536
247,2544
375,2547
268,2549
498,2551
382,2590
444,2595
314,2627
241,2637
41,2639
497,2645
174,2652
281,2659
34,2679
2,2692
462,2696
296,2697
396,2706
378,2713
242,2718
146,2721
71,2731
273,2739
461,2742
218,2768
243,2798
46,2810
45,2816
81,2831
11,2835
481,2849
217,2859
35,2867
331,2886
372,2947
324,2956
97,2959
219,2972
139,2975
10,2978
289,2988
335,3024
465,3029
232,3042
322,3048
152,3055
228,3059
42,3086
96,3107
69,3119
171,3165
469,3181
271,3191
326,3247
479,3277
463,3305
260,3312
68,3314
381,3327
354,3337
115,3364
221,3373
165,3404
376,3499
258,3546
189,3577
474,3636
456,3645
256,3676
342,3717
183,3728
371,3739
245,3764
67,3909
404,3982
98,4050
297,4069
334,4071
288,4241
145,4314
173,4473
38,4649
467,4860
259,4999

simblock.block.ProofOfWorkBlock@71db5079:35
356,0
485,280
84,385
105,499
466,560
445,603
282,666
312,670
337,720
315,772
453,777
377,781
190,843
304,884
168,889
448,890
419,891
182,941
78,950
261,955
475,964
213,992
340,995
373,998
393,1001
194,1002
153,1055
62,1056
489,1057
167,1061
352,1069
93,1071
64,1100
22,1101
156,1103
363,1107
305,1136
230,1146
135,1160
473,1167
443,1168
110,1170
401,1173
179,1173
113,1173
51,1176
94,1176
72,1177
37,1180
70,1204
185,1209
320,1210
66,1212
214,1231
332,1235
308,1243
21,1249
212,1254
286,1265
366,1272
458,1275
386,1275
491,1277
54,1277
457,1281
148,1281
392,1282
487,1283
36,1290
410,1290
262,1295
353,1299
137,1312
310,1315
425,1327
239,1334
493,1336
357,1339
121,1342
154,1346
399,1348
82,1349
415,1354
343,1359
208,1370
426,1372
13,1377
414,1379
492,1380
103,1382
25,1382
330,1385
202,1385
266,1386
95,1388
77,1393
236,1393
124,1395
408,1399
389,1400
159,1401
368,1402
224,1414
90,1414
407,1416
220,1421
313,1428
97,1433
233,1433
402,1434
184,1438
339,1442
449,1442
336,1445
116,1446
86,1454
161,1455
499,1457
143,1458
409,1458
490,1459
4,1459
118,1459
328,1468
293,1469
12,1476
57,1477
91,1484
306,1485
428,1486
367,1488
8,1489
160,1490
58,1490
274,1492
24,1493
430,1494
420,1499
435,1504
272,1509
186,1518
155,1519
482,1520
483,1520
472,1529
222,1534
283,1535
346,1536
441,1537
321,1541
164,1542
270,1550
253,1551
29,1551
494,1554
309,1556
100,1556
324,1557
440,1558
205,1560
500,1561
1,1562
7,1562
387,1563
348,1564
178,1564
203,1566
162,1568
477,1569
131,1572
199,1573
279,1579
432,1583
488,1591
427,1594
31,1594
163,1595
438,1597
18,1597
53,1598
196,1599
412,1608
450,1610
250,1612
117,1619
434,1623
61,1623
44,1625
460,1626
188,1631
170,1631
201,1635
198,1638
301,1639
459,1640
333,1641
381,1649
496,1654
422,1656
307,1657
129,1658
264,1658
89,1659
59,1660
158,1662
350,1663
200,1664
303,1667
463,1667
436,1667
85,1670
204,1675
27,1675
63,1676
140,1676
267,1676
358,1678
478,1680
245,1681
413,1689
180,1700
379,1701
127,1701
248,1701
28,1702
136,1704
344,1707
46,1708
133,1712
433,1713
471,1716
454,1718
40,1718
292,1726
376,1728
319,1731
287,1731
291,1734
55,1737
157,1739
211,1746
23,1748
3,1750
60,1762
417,1763
351,1763
122,1764
396,1765
278,1768
411,1771
369,1775
370,1783
226,1793
302,1800
476,1800
439,1805
144,1807
311,1808
206,1809
362,1809
177,1811
48,1812
338,1815
210,1817
149,1817
73,1819
176,1821
406,1823
437,1825
418,1828
120,1830
107,1831
405,1841
33,1841
49,1842
403,1846
257,1847
216,1848
88,1850
56,1858
398,1859
451,1860
96,1862
14,1862
234,1869
294,1870
106,1871
16,1873
128,1876
316,1876
331,1893
268,1895
175,1898
355,1900
431,1900
275,1901
19,1901
150,1902
455,1903
20,1908
92,1908
486,1918
255,1922
300,1924
360,1924
394,1925
416,1926
251,1935
102,1936
52,1946
470,1948
130,1953
327,1954
404,1965
447,1975
317,1981
361,1982
258,1984
151,1992
484,2006
197,2014
388,2020
187,2026
424,2027
231,2027
349,2029
325,2035
74,2039
240,2043
380,2044
468,2047
241,2050
147,2060
277,2061
11,2064
146,2068
75,2068
132,2076
209,2082
228,2083
6,2087
318,2094
354,2094
462,2094
323,2101
138,2112
42,2113
17,2117
35,2122
34,2123
390,2126
181,2132
247,2139
141,2140
9,2142
252,2144
50,2149
2,2150
111,2158
87,2159
227,2165
271,2174
47,2183
249,2194
273,2204
359,2210
101,2211
479,2223
172,2238
80,2240
395,2240
26,2243
30,2249
254,2250
444,2251
65,2252
298,2255
104,2257
244,2264
238,2268
119,2268
39,2270
145,2271
32,2273
365,2277
314,2280
142,2286
221,2286
429,2294
469,2294
126,2313
383,2317
495,2320
15,2321
169,2334
299,2335
235,2338
280,2340
442,2345
296,2365
285,2365
69,2366
192,2375
108,2402
284,2402
232,2410
219,2412
173,2413
474,2424
215,2427
480,2441
125,2443
391,2448
329,2467
382,2469
41,2480
384,2488
183,2493
374,2494
397,2495
109,2497
345,2498
375,2507
326,2513
347,2513
217,2525
421,2536
225,2541
81,2555
134,2564
5,2571
139,2583
99,2599
165,2601
378,2601
79,2602
276,2611
83,2619
342,2646
218,2665
385,2686
281,2688
98,2697
289,2709
423,2737
446,2746
189,2760
497,2767
341,2800
112,2819
456,2831
38,2844
76,2864
288,2866
290,2914
263,2915
243,2917
269,2917
123,2928
242,2937
207,2938
371,2949
465,2993
152,3024
237,3041
334,3077
114,3083
265,3112
166,3134
481,3176
246,3202
115,3219
464,3263
71,3270
45,3274
43,3284
229,3332
259,3370
68,3414
193,3414
461,3462
452,3471
191,3482
297,3565
195,3616
260,3665
498,3749
295,3760
372,3804
171,3806
256,3820
67,3952
335,4000
322,4079
174,4167
400,4312
364,4332
467,4577
10,4666

simblock.block.ProofOfWorkBlock@2ebf318c:36
146,0
98,535
43,787
145,1077
115,1113
322,1291
383,1461
38,1515
217,1628
187,1665
382,1811
384,1821
223,1831
271,1833
232,1840
438,1845
326,1963
181,1990
244,2020
242,2046
50,2053
20,2101
87,2157
292,2160
257,2167
378,2177
411,2178
5,2182
281,2184
119,2194
361,2200
416,2235
125,2274
400,2295
301,2300
325,2314
169,2315
331,2320
247,2333
446,2344
79,2366
75,2368
172,2373
9,2387
149,2392
300,2458
270,2460
291,2469
191,2490
359,2502
268,2503
397,2504
65,2513
347,2515
436,2527
151,2528
16,2531
431,2533
140,2541
335,2542
273,2542
131,2553
112,2557
394,2577
341,2582
276,2585
423,2585
483,2591
318,2591
197,2593
314,2598
134,2602
167,2617
56,2628
455,2637
11,2638
468,2654
120,2654
379,2663
240,2666
175,2669
355,2672
403,2672
35,2677
73,2682
17,2689
264,2694
59,2698
52,2709
114,2720
101,2722
46,2724
339,2733
78,2747
490,2758
32,2760
441,2768
330,2787
342,2792
33,2795
371,2797
23,2798
263,2800
404,2803
123,2805
6,2805
480,2809
177,2810
362,2814
144,2814
215,2815
456,2816
161,2819
255,2820
31,2823
381,2831
437,2841
163,2842
238,2856
277,2856
464,2864
353,2870
208,2880
220,2884
90,2887
150,2890
349,2899
475,2905
390,2906
479,2917
80,2918
352,2921
178,2929
317,2937
253,2938
290,2942
241,2942
192,2944
249,2945
462,2948
329,2948
235,2951
492,2951
132,2952
484,2953
357,2958
251,2963
94,2971
248,2971
410,2986
486,2989
393,2991
259,2994
427,2996
328,3000
434,3000
254,3005
424,3008
426,3012
454,3015
130,3018
293,3025
185,3028
15,3028
61,3034
180,3034
421,3043
102,3045
420,3045
139,3049
182,3050
474,3051
351,3054
212,3056
71,3059
183,3067
346,3069
222,3075
42,3080
88,3082
409,3085
414,3085
444,3086
228,3087
97,3088
332,3091
26,3099
51,3107
481,3118
12,3118
58,3123
69,3124
160,3125
7,3130
207,3131
198,3139
433,3140
34,3141
104,3152
4,3154
348,3158
385,3158
165,3162
190,3164
459,3165
380,3165
367,3167
36,3169
422,3170
234,3172
237,3173
473,3175
354,3178
99,3179
453,3179
365,3181
337,3187
159,3187
28,3190
135,3191
498,3196
82,3197
209,3204
377,3207
366,3215
49,3220
308,3223
21,3226
387,3227
494,3228
76,3235
168,3240
375,3241
323,3243
321,3243
83,3246
463,3247
64,3252
41,3257
156,3262
274,3262
283,3266
477,3270
451,3276
450,3277
442,3281
496,3290
22,3293
316,3298
311,3300
128,3303
260,3304
272,3307
60,3310
258,3312
305,3312
201,3313
40,3318
288,3318
200,3329
47,3353
224,3355
460,3356
466,3357
152,3357
448,3363
469,3365
246,3367
417,3369
285,3375
358,3377
1,3380
430,3381
338,3389
37,3389
39,3394
157,3397
406,3398
245,3400
19,3401
92,3414
62,3414
117,3418
203,3419
142,3421
413,3425
77,3426
219,3427
398,3442
199,3442
205,3449
396,3450
445,3460
111,3465
267,3468
495,3470
48,3478
96,3480
195,3480
95,3485
491,3489
485,3498
334,3498
266,3506
465,3514
137,3524
307,3526
30,3527
487,3528
476,3538
202,3543
8,3545
206,3546
18,3546
449,3554
284,3557
218,3564
89,3580
55,3583
302,3598
166,3604
133,3610
53,3617
110,3624
287,3638
418,3639
231,3642
286,3644
109,3648
303,3648
489,3651
93,3675
141,3687
391,3707
435,3716
319,3724
193,3727
256,3727
121,3727
279,3734
213,3735
171,3740
275,3740
204,3742
497,3747
158,3758
373,3769
304,3774
265,3785
107,3786
147,3787
388,3789
360,3795
13,3796
239,3806
344,3818
345,3842
452,3845
29,3845
126,3867
408,3869
461,3870
336,3873
196,3875
419,3880
470,3886
27,3888
173,3889
386,3902
170,3918
74,3931
105,3944
482,3950
458,3962
306,3964
297,3994
57,4000
439,4005
299,4006
252,4031
216,4048
129,4056
221,4085
269,4091
499,4096
500,4097
66,4101
188,4103
369,4104
343,4104
471,4109
372,4110
363,4110
14,4117
230,4128
164,4176
472,4176
70,4193
429,4209
425,4211
127,4227
399,4251
315,4254
2,4256
236,4282
415,4286
295,4325
148,4326
440,4331
45,4358
67,4405
186,4412
174,4430
376,4436
289,4449
282,4470
113,4472
122,4477
10,4498
364,4528
250,4544
136,4567
443,4572
116,4573
313,4580
392,4613
229,4651
155,4689
457,4727
85,4779
280,4780
106,4794
227,4799
296,4828
154,4835
194,4840
63,4841
467,4857
327,4909
243,4943
447,4947
389,4975
493,4991
189,5109
298,5137
261,5144
402,5156
81,5162
25,5194
179,5199
333,5202
488,5204
370,5235
68,5245
309,5341
118,5438
324,5506
214,5519
108,5558
320,5562
184,5564
226,5578
72,5588
278,5664
294,5704
432,5868
153,5883
233,5890
100,5925
368,5933
210,5942
176,6035
91,6066
138,6160
478,6250
24,6252
262,6297
103,6304
143,6346
44,6487
211,6611
412,6614
428,6663
405,6791
3,6936
84,6977
312,6988
374,7438
395,7482

simblock.block.ProofOfWorkBlock@1ae3aae5:36
218,0
149,350
73,487
291,627
102,710
444,762
52,836
76,847
416,896
325,978
269,983
26,984
209,1031
380,1060
247,1111
281,1115
438,1118
11,1121
240,1164
130,1187
436,1194
198,1212
298,1244
108,1263
238,1263
280,1264
215,1305
234,1321
74,1331
361,1341
258,1350
14,1357
37,1377
495,1392
431,1397
83,1399
19,1425
446,1467
327,1468
465,1474
455,1485
355,1488
257,1491
13,1497
362,1522
365,1522
268,1537
286,1539
46,1543
32,1548
277,1566
442,1567
301,1600
197,1603
403,1611
349,1613
191,1615
237,1618
384,1626
424,1636
331,1657
307,1660
468,1661
463,1678
480,1683
144,1683
192,1690
370,1700
47,1701
292,1708
97,1711
72,1722
287,1723
249,1728
109,1736
96,1738
245,1741
228,1745
353,1750
35,1751
31,1755
406,1756
412,1762
80,1765
190,1767
387,1780
175,1790
126,1800
347,1814
132,1816
401,1817
90,1818
385,1820
394,1823
119,1835
178,1839
123,1840
479,1842
251,1862
393,1864
254,1873
421,1874
182,1875
220,1886
405,1887
429,1888
264,1900
311,1901
111,1902
147,1921
85,1932
342,1940
411,1944
3,1948
319,1948
75,1953
84,1954
348,1968
486,1972
188,1973
166,1975
117,1980
427,1988
201,1991
57,1995
274,1996
381,2003
155,2004
323,2005
332,2005
150,2009
124,2009
402,2010
203,2024
329,2025
316,2036
22,2036
469,2037
369,2039
16,2041
137,2042
476,2043
127,2047
475,2047
462,2061
180,2065
164,2065
169,2067
471,2068
477,2070
409,2071
56,2080
326,2087
235,2089
470,2091
224,2092
42,2098
358,2098
293,2105
386,2106
101,2111
344,2111
419,2112
177,2113
352,2113
330,2113
181,2115
116,2120
36,2128
179,2138
7,2141
95,2148
275,2152
176,2156
33,2157
390,2167
250,2169
211,2171
143,2171
432,2176
222,2181
317,2203
499,2204
389,2206
82,2207
125,2210
18,2211
5,2213
447,2217
305,2217
340,2218
158,2222
308,2223
397,2226
399,2231
106,2233
196,2240
396,2242
414,2252
273,2258
239,2258
312,2261
350,2266
6,2266
208,2268
186,2273
25,2274
206,2274
160,2281
408,2282
253,2287
285,2291
303,2294
128,2295
225,2296
87,2296
107,2297
77,2298
204,2302
230,2302
122,2306
216,2319
404,2329
29,2340
302,2340
437,2344
233,2345
491,2346
135,2347
136,2348
157,2352
8,2354
131,2361
270,2361
266,2363
28,2363
262,2364
165,2366
58,2367
61,2369
460,2371
118,2380
497,2394
472,2394
351,2398
55,2399
89,2401
205,2405
27,2407
170,2408
407,2410
162,2412
493,2420
168,2433
172,2434
484,2437
294,2439
44,2449
199,2449
422,2450
457,2450
154,2452
338,2452
134,2454
91,2456
368,2456
328,2459
241,2463
453,2466
23,2466
60,2467
156,2467
63,2474
339,2483
15,2491
231,2495
376,2496
488,2504
366,2506
187,2509
337,2510
153,2510
284,2512
379,2513
282,2516
94,2516
459,2516
439,2518
226,2520
121,2524
346,2529
357,2529
202,2530
425,2532
434,2535
458,2547
377,2553
373,2556
398,2558
272,2559
244,2562
103,2566
113,2566
318,2567
388,2573
466,2576
151,2576
454,2580
445,2585
140,2587
360,2588
159,2588
464,2588
367,2589
163,2590
487,2591
105,2592
300,2594
320,2594
496,2594
146,2598
2,2601
79,2605
93,2621
20,2622
420,2634
435,2635
265,2639
313,2642
473,2648
112,2657
148,2658
489,2662
494,2666
17,2672
100,2684
41,2684
483,2686
333,2687
418,2692
410,2693
297,2697
39,2705
120,2709
92,2714
441,2720
88,2723
255,2732
296,2735
167,2736
232,2737
382,2738
49,2738
363,2740
70,2740
440,2744
12,2746
306,2764
428,2764
48,2766
133,2776
452,2777
114,2793
289,2794
139,2797
490,2802
345,2813
194,2816
161,2816
200,2819
400,2821
24,2822
271,2822
371,2839
59,2840
374,2849
141,2859
478,2860
213,2863
378,2880
304,2886
129,2891
252,2895
207,2896
9,2897
467,2900
173,2906
321,2912
372,2913
78,2917
279,2919
276,2933
500,2943
395,2943
448,2947
356,2955
110,2965
99,2966
64,2968
485,2969
54,2985
309,2990
221,2990
62,3002
392,3003
299,3004
474,3008
359,3012
260,3039
417,3042
261,3045
21,3050
34,3080
69,3080
481,3086
66,3089
461,3090
1,3113
498,3117
142,3118
104,3133
10,3141
248,3142
223,3144
492,3152
183,3163
322,3171
236,3175
246,3180
310,3184
45,3187
65,3189
68,3192
324,3196
217,3199
256,3199
426,3206
415,3206
443,3213
195,3219
364,3244
174,3252
354,3260
67,3284
71,3295
50,3304
43,3310
482,3316
184,3341
375,3345
193,3346
335,3346
185,3369
267,3406
449,3410
115,3415
430,3432
210,3436
263,3444
145,3465
391,3478
456,3520
229,3552
152,3562
450,3595
138,3614
51,3632
343,3639
423,3642
341,3648
315,3673
259,3703
171,3703
336,3857
189,3857
283,3866
314,3915
38,3942
30,3947
413,4096
214,4110
227,4157
334,4241
451,4327
295,4413
290,4549
86,4552
81,4714
278,4784
433,4839
212,5012
288,5017
53,5238
242,5316
243,5542
219,5841
98,6147

simblock.block.ProofOfWorkBlock@3dc2ba82:37
175,0
141,351
434,488
289,640
144,702
169,776
20,842
225,850
215,913
455,983
382,984
159,992
234,1053
381,1119
277,1126
123,1129
202,1142
251,1191
119,1195
166,1202
194,1212
497,1262
436,1265
209,1272
469,1327
383,1333
280,1336
5,1337
313,1340
453,1346
114,1364
204,1372
241,1396
397,1407
90,1408
49,1417
127,1419
124,1442
281,1463
424,1470
244,1472
48,1478
380,1487
268,1487
270,1492
233,1526
47,1529
218,1542
52,1543
358,1545
342,1554
357,1558
257,1559
421,1563
158,1581
42,1597
128,1598
410,1599
323,1610
385,1610
468,1619
150,1620
93,1622
44,1623
198,1623
480,1625
62,1626
495,1627
267,1656
311,1669
228,1677
76,1678
403,1680
87,1684
40,1685
384,1689
111,1692
2,1696
394,1696
326,1696
478,1699
185,1704
149,1714
350,1720
356,1723
310,1732
74,1732
191,1743
101,1744
396,1755
108,1755
36,1757
365,1758
409,1762
33,1765
136,1772
302,1783
118,1789
332,1800
157,1805
212,1808
19,1813
330,1814
438,1814
97,1815
113,1815
264,1824
6,1827
59,1829
26,1831
351,1837
286,1839
197,1841
240,1842
487,1842
442,1842
187,1842
429,1848
77,1851
427,1852
200,1857
196,1869
349,1870
92,1877
165,1879
11,1880
61,1883
483,1886
102,1890
486,1893
437,1894
353,1895
73,1896
291,1898
110,1899
245,1903
376,1903
309,1905
321,1905
415,1908
13,1908
129,1911
462,1916
408,1921
78,1941
399,1941
105,1943
325,1948
273,1951
131,1957
121,1957
282,1957
307,1960
117,1961
370,1961
352,1963
355,1968
457,1974
120,1975
336,1975
327,1977
460,1977
17,1982
35,1983
89,1984
8,1985
130,1985
182,1986
27,1988
404,1991
153,1998
156,2008
485,2010
82,2010
407,2011
317,2013
86,2014
432,2022
184,2025
269,2029
446,2030
416,2031
112,2032
53,2035
433,2038
464,2039
258,2040
473,2043
496,2044
300,2044
16,2044
488,2047
132,2047
126,2047
422,2047
491,2048
465,2053
459,2054
411,2055
170,2057
466,2066
401,2069
426,2071
162,2073
308,2078
179,2080
477,2084
333,2085
377,2087
417,2096
329,2097
359,2097
479,2098
293,2099
439,2106
85,2109
147,2110
331,2112
80,2112
167,2115
168,2116
301,2117
294,2122
362,2122
22,2125
9,2125
237,2125
499,2126
414,2126
51,2127
206,2135
450,2137
449,2140
12,2143
109,2145
379,2146
163,2152
431,2167
387,2172
249,2173
176,2183
24,2184
347,2185
238,2185
57,2189
224,2194
363,2195
454,2196
413,2201
220,2203
14,2208
247,2211
493,2214
208,2221
66,2226
463,2229
65,2231
180,2232
37,2233
444,2236
103,2237
366,2244
500,2245
470,2245
405,2250
275,2250
443,2251
254,2257
64,2258
58,2258
418,2264
420,2264
116,2265
155,2268
278,2270
303,2273
1,2273
340,2275
195,2275
83,2277
253,2280
390,2289
148,2300
279,2302
230,2303
338,2307
346,2314
292,2324
94,2326
274,2327
255,2330
72,2331
451,2332
298,2339
435,2341
154,2343
489,2344
60,2344
361,2345
107,2351
3,2355
328,2355
214,2362
56,2368
7,2370
75,2371
4,2371
283,2372
134,2392
471,2393
242,2399
272,2400
100,2408
199,2412
494,2416
160,2424
367,2425
386,2442
190,2449
203,2455
344,2458
151,2460
54,2463
476,2464
79,2465
46,2466
96,2469
441,2477
213,2477
262,2478
235,2484
178,2485
183,2493
472,2496
423,2498
490,2498
248,2503
39,2506
388,2508
318,2509
271,2531
412,2531
140,2531
474,2552
402,2554
266,2556
305,2558
448,2558
306,2561
481,2565
348,2576
171,2576
316,2588
304,2589
143,2591
69,2592
70,2593
482,2597
368,2610
398,2615
391,2615
29,2618
174,2622
55,2627
374,2637
122,2637
337,2651
192,2666
239,2669
395,2676
25,2691
285,2691
369,2694
484,2694
339,2697
295,2697
43,2699
236,2702
161,2704
50,2707
152,2709
63,2728
91,2728
389,2732
312,2734
360,2742
23,2758
205,2758
104,2778
18,2779
30,2785
186,2794
498,2805
15,2806
372,2807
354,2810
28,2821
445,2827
246,2827
81,2832
324,2832
231,2844
392,2845
216,2857
335,2878
364,2878
201,2881
297,2884
177,2889
38,2892
428,2900
181,2914
373,2923
211,2928
84,2930
320,2959
261,2960
492,2965
375,2989
393,2989
227,3000
343,3006
406,3022
256,3029
440,3046
260,3048
133,3070
95,3072
447,3083
32,3106
210,3108
173,3108
250,3128
145,3129
222,3140
188,3155
287,3156
88,3191
223,3214
345,3234
146,3244
229,3254
458,3256
226,3275
467,3279
315,3310
135,3319
99,3330
106,3359
137,3361
21,3381
461,3393
71,3410
219,3412
322,3413
341,3430
299,3437
319,3460
259,3467
31,3500
371,3518
430,3537
115,3550
252,3551
172,3582
419,3616
45,3620
452,3621
243,3621
164,3685
265,3743
125,3758
475,3767
142,3768
221,3817
425,3841
189,3852
68,3854
232,3888
290,3922
67,3923
207,3929
34,3991
139,4059
334,4080
217,4123
98,4144
400,4153
456,4156
276,4191
41,4229
193,4295
314,4362
138,4375
263,4453
378,4491
10,4595
284,4752
296,4894
288,5052

simblock.block.ProofOfWorkBlock@2a1d0f8f:38
361,0
131,355
269,491
438,631
300,714
404,766
465,844
479,877
134,981
130,982
93,994
215,1012
384,1083
247,1117
101,1117
228,1120
182,1147
19,1195
192,1219
488,1220
251,1234
222,1254
281,1256
403,1262
368,1272
159,1286
257,1331
52,1335
329,1335
177,1355
342,1364
398,1373
282,1377
291,1396
411,1401
292,1433
205,1445
362,1464
73,1468
380,1470
273,1471
381,1474
486,1478
448,1481
28,1483
33,1491
394,1500
218,1504
255,1505
472,1513
150,1518
166,1538
352,1555
424,1564
46,1568
120,1572
348,1587
277,1594
17,1604
245,1607
431,1607
468,1609
344,1611
470,1615
15,1623
376,1626
165,1627
392,1630
353,1638
114,1641
209,1647
59,1652
88,1655
201,1671
421,1687
490,1693
211,1693
283,1694
462,1697
74,1700
318,1705
57,1710
237,1712
178,1717
390,1717
169,1717
83,1718
91,1727
117,1729
419,1738
35,1743
132,1745
235,1745
358,1754
118,1755
36,1760
347,1761
478,1764
483,1764
90,1765
75,1765
317,1767
495,1772
49,1777
175,1780
262,1784
279,1789
187,1792
86,1799
338,1799
94,1812
429,1823
234,1823
355,1824
141,1828
408,1833
497,1833
102,1833
436,1833
270,1835
298,1835
325,1842
5,1844
370,1846
42,1851
275,1854
224,1855
244,1856
416,1857
316,1861
18,1862
469,1862
274,1864
116,1869
63,1875
444,1877
387,1878
480,1879
108,1880
249,1885
241,1888
320,1889
414,1894
485,1895
385,1902
489,1902
415,1904
97,1906
25,1908
289,1913
463,1913
331,1914
204,1918
454,1919
14,1927
430,1934
285,1936
441,1937
140,1945
254,1951
170,1952
365,1957
197,1958
191,1965
47,1967
323,1968
147,1969
312,1970
60,1971
388,1973
133,1973
409,1980
168,1981
56,1982
238,1983
418,1985
149,1992
16,1992
6,1992
106,1992
44,1993
157,1995
122,1997
144,2003
239,2008
186,2008
265,2010
401,2011
326,2013
7,2014
119,2017
32,2024
434,2031
433,2042
1,2044
230,2047
396,2049
450,2056
70,2058
397,2059
66,2061
210,2061
301,2066
2,2066
351,2070
105,2077
435,2079
220,2083
176,2083
475,2087
484,2093
156,2098
319,2100
158,2102
442,2104
268,2104
447,2108
445,2109
112,2109
109,2110
464,2110
51,2113
87,2113
383,2116
82,2118
410,2118
459,2118
103,2120
85,2126
327,2132
399,2132
72,2139
37,2144
473,2146
80,2149
491,2152
266,2155
313,2158
304,2162
321,2166
13,2167
143,2173
213,2177
76,2178
259,2181
20,2195
183,2195
455,2198
496,2198
286,2204
359,2206
332,2207
267,2208
280,2208
55,2211
48,2213
236,2217
340,2218
422,2218
148,2219
451,2224
199,2227
203,2237
198,2237
181,2237
343,2238
309,2239
61,2239
233,2239
240,2244
123,2246
151,2248
12,2250
261,2255
40,2265
160,2275
287,2288
425,2290
162,2297
407,2298
126,2305
124,2308
253,2316
142,2321
393,2323
216,2326
96,2328
4,2329
294,2330
3,2341
482,2343
231,2343
305,2345
460,2346
65,2346
212,2351
145,2352
481,2353
367,2355
258,2355
146,2361
498,2366
200,2367
402,2373
366,2374
100,2375
26,2378
127,2390
137,2398
248,2408
115,2422
179,2428
208,2430
155,2434
27,2438
111,2439
164,2439
214,2443
400,2446
412,2447
457,2449
135,2454
180,2465
439,2465
349,2468
121,2469
334,2473
128,2473
324,2473
185,2474
226,2477
45,2491
43,2492
423,2494
23,2497
339,2501
77,2518
113,2523
417,2526
95,2528
11,2529
171,2539
466,2544
499,2548
188,2553
206,2555
360,2556
271,2567
494,2572
458,2573
136,2575
163,2580
190,2582
372,2584
377,2594
68,2604
54,2604
336,2606
276,2610
189,2614
437,2618
328,2623
354,2633
21,2661
446,2661
333,2664
22,2666
184,2674
278,2674
227,2676
405,2680
406,2681
461,2684
225,2685
373,2691
110,2691
92,2696
41,2698
34,2705
471,2708
443,2709
467,2724
389,2729
31,2749
426,2752
311,2752
50,2770
474,2775
413,2777
129,2779
78,2792
217,2800
449,2801
242,2801
369,2810
307,2817
69,2819
427,2819
260,2822
232,2828
29,2833
297,2836
104,2840
357,2841
346,2845
172,2855
322,2878
382,2880
284,2880
24,2887
53,2892
500,2903
337,2904
420,2909
379,2921
492,2922
107,2933
303,2938
139,2938
250,2950
39,2955
477,2975
256,2979
84,2982
154,2983
293,3020
314,3031
223,3032
453,3035
194,3048
167,3059
272,3079
452,3111
252,3112
173,3114
64,3120
62,3124
153,3132
67,3141
330,3149
79,3164
476,3164
99,3181
345,3182
161,3212
374,3218
152,3235
246,3256
196,3264
125,3273
10,3275
356,3287
207,3289
350,3305
263,3335
229,3340
302,3358
432,3389
315,3407
9,3412
375,3415
395,3426
219,3434
487,3448
195,3453
243,3471
310,3490
428,3513
8,3535
193,3553
38,3576
371,3578
58,3595
306,3633
221,3638
174,3643
202,3692
493,3718
30,3721
386,3747
288,3755
299,3774
89,3821
364,3839
335,3876
456,3893
290,3935
138,3935
71,3953
308,3955
363,4048
378,4052
391,4084
296,4144
440,4190
341,4234
295,4239
264,4274
98,4449
81,4497

simblock.block.ProofOfWorkBlock@6ced9d33:39
228,0
209,358
215,495
101,629
218,717
329,765
495,860
486,907
480,1044
149,1066
405,1098
281,1126
291,1202
269,1214
468,1222
245,1227
418,1260
497,1261
19,1302
437,1334
73,1344
15,1358
182,1360
16,1375
462,1396
257,1399
198,1401
26,1426
397,1435
118,1456
240,1478
490,1484
35,1485
381,1491
42,1530
123,1533
108,1557
214,1562
76,1563
465,1564
131,1569
47,1574
347,1575
358,1584
88,1588
211,1590
416,1613
49,1613
165,1614
409,1620
404,1627
273,1629
294,1654
424,1659
394,1669
134,1672
412,1682
147,1693
247,1696
477,1697
102,1700
361,1700
470,1707
46,1713
385,1714
421,1720
6,1723
97,1724
24,1735
158,1750
455,1750
370,1752
119,1755
444,1757
368,1760
436,1760
431,1763
93,1769
14,1781
249,1787
307,1789
459,1801
298,1804
83,1805
130,1809
482,1815
268,1826
365,1834
362,1836
331,1840
403,1840
132,1844
280,1845
238,1847
206,1852
222,1853
420,1856
191,1860
121,1863
200,1863
310,1864
464,1870
317,1871
28,1874
353,1875
103,1876
430,1882
48,1888
169,1888
117,1891
277,1891
109,1895
326,1897
162,1898
204,1900
460,1906
479,1921
234,1921
33,1926
327,1927
185,1934
265,1939
120,1944
380,1950
159,1953
150,1964
8,1965
197,1967
248,1967
25,1968
292,1970
85,1970
411,1974
342,1975
443,1978
11,1980
106,1980
52,1981
282,1982
190,1986
379,1987
463,1990
63,1992
80,2005
285,2006
140,2011
330,2016
344,2016
323,2022
313,2029
181,2031
55,2031
384,2033
192,2033
499,2037
445,2041
442,2043
261,2045
415,2052
258,2054
301,2061
388,2063
18,2066
94,2071
164,2072
316,2076
176,2081
450,2083
471,2084
56,2085
402,2086
293,2087
163,2094
251,2096
383,2102
315,2103
175,2108
275,2109
390,2110
112,2110
126,2113
434,2116
7,2116
264,2117
137,2121
220,2124
427,2128
357,2130
37,2131
235,2137
87,2140
433,2156
494,2157
133,2157
351,2158
303,2160
349,2161
366,2165
338,2167
59,2168
58,2169
166,2175
44,2175
401,2179
406,2181
5,2183
65,2184
196,2184
478,2187
203,2188
107,2190
135,2191
32,2197
429,2197
57,2199
60,2201
254,2201
250,2201
454,2202
414,2202
304,2210
336,2211
348,2212
318,2217
407,2218
64,2219
321,2220
22,2225
398,2225
230,2227
74,2231
100,2237
498,2240
20,2244
136,2247
205,2249
122,2250
53,2256
12,2264
170,2265
492,2265
325,2267
179,2270
17,2273
21,2279
266,2279
146,2282
399,2288
111,2294
188,2301
253,2305
90,2313
113,2313
156,2316
144,2320
320,2324
387,2327
359,2328
114,2329
95,2331
389,2336
417,2337
237,2337
346,2342
500,2342
322,2342
435,2343
226,2352
350,2357
29,2359
328,2367
199,2372
241,2379
446,2385
225,2385
305,2395
127,2395
382,2396
496,2397
96,2397
154,2398
168,2398
367,2413
300,2418
54,2428
396,2430
180,2430
82,2433
485,2435
2,2436
184,2436
208,2437
75,2439
36,2442
70,2447
51,2453
438,2454
50,2456
186,2459
425,2471
466,2480
343,2482
194,2483
86,2486
391,2490
483,2491
447,2495
91,2500
311,2502
428,2505
279,2528
489,2537
255,2537
224,2542
142,2546
189,2554
340,2556
364,2557
61,2558
441,2562
345,2562
410,2566
151,2567
143,2568
297,2572
324,2574
375,2579
377,2583
217,2584
128,2585
99,2598
284,2602
115,2614
4,2621
457,2622
419,2627
68,2627
232,2633
141,2638
252,2641
116,2655
386,2656
174,2658
244,2659
155,2661
41,2661
98,2662
363,2662
3,2665
178,2675
105,2675
332,2675
484,2683
167,2684
339,2688
299,2699
231,2706
491,2708
451,2713
246,2719
308,2729
422,2729
369,2730
453,2732
276,2734
452,2752
157,2752
78,2770
129,2770
306,2788
213,2793
426,2798
43,2833
183,2847
92,2860
23,2861
207,2869
139,2870
355,2879
472,2882
89,2888
458,2889
9,2890
360,2902
271,2903
72,2904
461,2912
233,2915
236,2918
210,2919
34,2922
31,2937
212,2939
378,2955
40,2956
283,2957
67,2962
274,2964
45,2967
400,2983
481,2984
432,2985
216,2997
260,3010
160,3014
171,3021
223,3026
467,3028
84,3031
475,3086
314,3096
289,3100
356,3107
110,3121
473,3129
439,3140
286,3145
333,3145
66,3166
413,3166
319,3182
408,3192
27,3192
172,3210
372,3216
352,3218
30,3228
302,3239
125,3251
287,3261
256,3266
195,3270
187,3318
148,3320
263,3334
312,3347
493,3361
393,3374
267,3374
449,3391
77,3394
259,3404
488,3409
62,3417
173,3418
278,3419
201,3444
39,3467
202,3488
296,3511
376,3539
335,3557
440,3578
13,3591
124,3599
476,3601
374,3613
262,3637
337,3646
270,3650
243,3681
371,3702
221,3706
239,3713
229,3738
469,3756
341,3770
272,3804
1,3819
448,3826
373,3830
38,3864
153,3888
487,3940
456,3946
79,3951
474,3983
177,3993
10,4004
309,4032
227,4040
392,4055
295,4120
423,4122
161,4168
395,4191
219,4301
354,4312
138,4326
104,4337
152,4342
290,4421
71,4421
242,4426
193,4491
145,4672
334,4727
81,4736
288,5035
69,5061

simblock.block.ProofOfWorkBlock@3b04cd4b:39
152,0
23,544
396,877
125,996
313,1203
429,1232
182,1369
223,1389
56,1423
46,1502
495,1532
497,1639
260,1643
65,1750
380,1855
84,1866
474,1899
335,1919
463,2082
184,2093
371,2182
194,2220
327,2249
333,2318
259,2390
372,2407
139,2441
219,2445
410,2543
99,2581
419,2582
151,2595
334,2723
114,2734
115,2767
37,2773
368,2778
81,2800
318,2940
283,2944
189,2990
8,3012
341,3016
355,3060
292,3062
19,3112
243,3114
290,3199
9,3225
492,3245
68,3265
101,3294
345,3309
469,3384
456,3412
170,3426
249,3439
298,3456
262,3472
342,3553
149,3602
359,3643
286,3671
431,3679
141,3711
159,3742
198,3763
232,3780
13,3788
411,3801
379,3878
424,3932
76,3995
384,4004
457,4032
397,4047
234,4068
256,4090
11,4092
376,4147
499,4150
112,4201
153,4312
123,4326
166,4342
394,4391
337,4403
78,4410
75,4417
269,4495
377,4513
165,4544
277,4650
472,4675
33,4716
173,4740
476,4766
448,4782
136,4800
280,4839
147,4869
252,4966
175,4976
487,5037
150,5062
157,5084
103,5129
82,5154
338,5236
164,5247
272,5292
192,5311
485,5402
91,5427
449,5453
319,5490
110,5521
62,5602
218,5641
405,5692
54,5738
451,5769
392,5794
24,5819
27,5854
344,5883
488,5966
206,6019
478,6140
437,6151
57,6162
308,6189
279,6203
121,6217
16,6249
439,6330
1,6393
61,6514
428,6526
214,6565
414,6590
158,6593
163,6611
407,6645
304,6695
482,6756
459,6889
399,6890
36,6948
454,6974
367,7057
176,7090
137,7119
267,7251
178,7492
356,7538
266,7616
389,7861
417,7982
44,7983
413,8232
328,8344
264,8431
305,8601
186,8877
477,8975
3,9331
374,9424
72,9783

simblock.block.ProofOfWorkBlock@6842d8b5:39
318,0
6,350
384,491
445,717
167,943
21,1172
352,1225
493,1337
216,1404
312,1441
368,1508
454,1545
489,1614
78,1616
60,1632
208,1650
22,1721
153,1736
414,1737
294,1758
164,1829
350,1842
363,1847
3,1857
116,1937
200,1947
448,1953
358,1989
336,2031
393,2047
261,2060
230,2061
475,2090
339,2138
458,2164
278,2165
181,2207
105,2241
302,2243
149,2270
84,2270
440,2279
373,2315
36,2346
25,2347
443,2374
377,2393
76,2440
272,2453
324,2454
91,2478
497,2491
86,2498
357,2545
274,2557
466,2566
16,2603
97,2663
64,2671
389,2677
486,2700
82,2710
463,2724
211,2772
53,2787
239,2789
62,2818
465,2880
179,2892
275,2922
347,2924
191,2942
304,2998
459,3001
187,3011
291,3100
495,3141
141,3144
385,3164
15,3227
338,3232
2,3239
436,3328
421,3358
379,3373
169,3387
47,3453
114,3459
125,3486
431,3546
285,3587
108,3670
359,3676
98,3706
146,3735
296,3786
132,3813
218,3890
259,3893
329,3907
273,4037
284,4088
130,4111
38,4241
464,4268
438,4329
383,4498
159,4553
334,4571
462,4733
83,4784
45,4943
288,5068
400,5134
246,5404
371,5464
195,5801
67,6134
43,6472

simblock.block.ProofOfWorkBlock@245f79db:40
17,0
468,354
247,492
101,706
306,718
497,843
438,861
414,945
87,980
302,1001
73,1006
15,1055
454,1106
47,1115
186,1173
228,1197
303,1224
349,1225
134,1225
127,1227
272,1249
285,1251
153,1284
449,1331
345,1333
381,1334
65,1347
298,1360
361,1361
49,1374
240,1389
401,1393
77,1406
80,1410
476,1421
315,1436
39,1438
113,1456
317,1467
404,1469
210,1479
147,1488
325,1493
281,1499
92,1500
432,1507
103,1507
323,1508
213,1513
130,1527
163,1532
36,1540
342,1543
480,1556
64,1564
161,1566
273,1578
75,1579
365,1603
380,1608
180,1611
214,1611
82,1612
460,1617
199,1621
37,1627
291,1633
386,1650
430,1653
367,1653
169,1655
385,1661
477,1675
339,1681
379,1683
340,1687
35,1694
393,1694
202,1697
215,1697
496,1706
268,1707
463,1712
188,1715
332,1716
164,1717
301,1717
140,1721
203,1721
485,1724
192,1724
353,1725
289,1725
489,1729
205,1735
150,1738
146,1741
226,1744
495,1754
128,1756
89,1764
108,1766
362,1769
264,1781
227,1784
352,1785
407,1785
470,1790
110,1791
191,1795
406,1798
133,1798
29,1818
471,1819
277,1824
165,1824
387,1826
425,1827
435,1828
462,1831
329,1832
222,1832
121,1837
211,1837
451,1838
236,1839
442,1842
144,1847
60,1848
483,1848
58,1848
16,1849
42,1852
431,1852
443,1852
370,1855
251,1858
350,1860
85,1861
159,1861
204,1862
388,1865
143,1869
126,1877
132,1886
257,1888
253,1890
326,1890
267,1892
239,1893
475,1897
135,1897
478,1900
413,1900
22,1904
52,1904
344,1905
436,1907
457,1908
120,1909
212,1919
156,1922
278,1925
351,1927
377,1929
111,1932
157,1935
368,1936
300,1936
70,1942
167,1942
166,1942
63,1944
492,1946
363,1950
487,1953
61,1956
84,1958
254,1960
424,1963
464,1966
294,1969
179,1970
209,1971
18,1978
275,1978
355,1980
12,1985
384,1986
46,1987
208,1988
109,1994
28,1995
358,1996
249,1997
336,1998
305,2002
72,2002
175,2004
154,2006
286,2007
88,2008
13,2009
94,2012
178,2014
93,2015
399,2015
411,2022
55,2027
51,2034
21,2037
3,2038
400,2041
473,2041
313,2042
218,2043
129,2045
389,2045
54,2047
427,2048
107,2052
343,2056
280,2057
27,2059
233,2061
416,2066
331,2066
237,2069
230,2069
44,2075
500,2077
53,2078
357,2085
194,2087
437,2087
56,2089
136,2091
479,2096
440,2097
6,2100
417,2104
170,2106
338,2106
200,2107
261,2107
269,2108
310,2109
102,2110
279,2113
245,2113
307,2114
141,2115
83,2118
444,2119
446,2124
490,2127
149,2128
19,2129
283,2139
426,2141
206,2147
328,2151
409,2153
196,2154
74,2158
20,2161
117,2164
378,2177
499,2180
235,2184
260,2193
410,2193
337,2200
486,2202
282,2209
405,2216
459,2219
48,2224
155,2227
324,2229
174,2234
7,2235
231,2236
176,2247
428,2249
90,2254
216,2255
494,2261
376,2263
122,2264
197,2265
201,2268
96,2269
419,2272
241,2273
151,2273
403,2280
33,2282
106,2283
11,2287
250,2287
292,2292
258,2293
198,2298
185,2304
225,2308
220,2309
448,2313
1,2313
316,2319
105,2322
242,2323
26,2325
162,2328
319,2330
182,2330
433,2332
25,2334
118,2335
469,2338
458,2340
373,2342
76,2345
123,2345
439,2347
312,2352
287,2355
402,2361
415,2368
224,2372
184,2375
34,2375
131,2379
434,2412
112,2421
466,2439
375,2442
160,2445
481,2452
168,2454
295,2454
318,2458
255,2460
288,2469
396,2472
97,2482
66,2485
266,2490
293,2493
234,2496
422,2496
321,2496
421,2500
284,2507
390,2509
137,2517
238,2522
397,2533
366,2538
346,2544
429,2547
455,2551
190,2565
41,2565
309,2567
383,2567
95,2572
412,2575
484,2577
369,2586
5,2598
78,2601
252,2608
391,2637
81,2641
50,2643
177,2646
263,2646
461,2657
187,2657
104,2659
243,2660
181,2677
10,2679
276,2685
493,2699
465,2717
148,2720
348,2722
31,2722
14,2742
314,2755
452,2756
474,2757
491,2765
398,2775
246,2775
441,2779
138,2790
139,2790
262,2792
4,2793
195,2810
172,2816
68,2826
290,2828
354,2830
265,2835
125,2854
69,2862
359,2865
374,2868
232,2871
2,2881
360,2887
395,2892
173,2892
372,2895
347,2895
472,2929
271,2934
23,2945
274,2945
333,2951
450,2952
9,2970
119,2996
304,3004
158,3018
67,3025
482,3029
467,3046
371,3047
256,3076
219,3077
418,3082
114,3108
59,3112
356,3154
189,3155
335,3162
270,3173
248,3179
447,3181
43,3194
244,3214
115,3214
423,3218
57,3230
86,3251
183,3257
445,3258
207,3274
32,3307
91,3385
193,3386
311,3398
330,3414
394,3432
334,3439
229,3447
392,3455
38,3481
221,3499
40,3500
322,3557
320,3610
420,3624
99,3625
24,3644
71,3658
382,3660
8,3692
488,3725
152,3778
116,3840
62,3849
145,3857
327,3877
30,3948
100,3956
98,4006
408,4077
259,4094
171,4111
341,4169
124,4181
217,4207
453,4306
364,4310
223,4347
308,4406
299,4441
45,4558
498,4606
296,4613
142,4652
456,4707
297,4840
79,4920

simblock.block.ProofOfWorkBlock@ce13a15:40
282,0
485,285
88,395
262,500
475,608
368,712
92,782
419,818
44,892
93,923
116,997
201,1039
180,1105
211,1147
351,1212
94,1252
162,1275
494,1317
343,1380
127,1427
469,1474
435,1484
459,1535
348,1588
293,1656
490,1692
75,1700
204,1765
493,1797
31,1873
484,1903
326,1918
366,1987
137,2032
330,2094
206,2139
35,2147
86,2247
32,2316
319,2356
165,2365
122,2461
112,2538
24,2567
274,2675
38,2696
396,2760
489,2784
15,2980
238,3002
481,3028
462,3203
280,3221
297,3417
353,3421
421,3439
106,3639
497,3661
71,3990
242,3995

simblock.block.ProofOfWorkBlock@60315e48:41
188,0
472,280
55,385
499,489
308,558
414,593
53,665
490,666
447,698
8,769
302,769
433,774
82,802
343,837
100,874
7,879
127,879
454,899
459,909
357,942
116,944
203,945
402,979
319,981
176,988
338,1006
309,1015
94,1048
448,1050
36,1053
231,1054
92,1063
336,1064
449,1087
261,1088
363,1088
345,1101
329,1110
60,1110
133,1129
39,1154
27,1155
366,1156
86,1158
387,1158
164,1158
210,1159
409,1172
153,1179
489,1180
311,1190
162,1192
435,1194
333,1196
25,1215
255,1219
70,1224
58,1227
269,1235
430,1237
230,1258
264,1261
95,1262
253,1262
248,1264
180,1264
44,1265
482,1267
211,1268
140,1271
405,1277
143,1284
213,1286
158,1297
85,1300
278,1300
352,1301
494,1305
377,1325
368,1327
240,1330
233,1335
428,1335
179,1338
491,1340
305,1341
337,1343
91,1344
205,1345
306,1346
320,1365
413,1365
157,1368
307,1371
66,1371
478,1373
441,1373
84,1376
12,1376
29,1382
440,1382
328,1388
425,1388
275,1390
199,1392
475,1403
330,1406
88,1410
270,1427
426,1430
1,1434
497,1437
339,1437
110,1438
13,1439
303,1441
287,1443
304,1443
321,1445
170,1446
168,1448
250,1449
135,1450
401,1450
128,1454
331,1455
118,1458
408,1461
228,1463
239,1469
121,1470
204,1472
332,1476
286,1478
393,1480
386,1480
382,1480
212,1481
293,1483
477,1484
93,1488
453,1489
417,1490
65,1492
415,1494
373,1495
54,1497
279,1501
63,1502
367,1510
31,1511
317,1520
72,1528
406,1530
312,1535
57,1536
184,1539
22,1542
113,1542
137,1543
103,1544
443,1545
112,1547
272,1547
460,1549
457,1549
351,1552
439,1552
346,1552
154,1554
24,1556
488,1560
18,1561
148,1562
78,1578
200,1579
466,1581
124,1583
344,1586
185,1586
350,1587
214,1592
28,1592
16,1593
202,1593
294,1595
450,1597
361,1599
40,1602
83,1604
89,1607
167,1612
201,1614
385,1615
224,1622
96,1624
119,1627
123,1630
155,1634
399,1636
356,1637
51,1647
412,1649
369,1650
105,1651
274,1654
249,1654
422,1656
161,1658
310,1658
476,1662
156,1663
266,1664
194,1670
353,1670
410,1672
500,1684
62,1685
324,1686
407,1690
487,1691
19,1692
190,1698
392,1698
495,1699
74,1702
315,1703
59,1703
49,1709
473,1713
136,1714
77,1716
485,1724
492,1725
340,1736
403,1736
107,1738
186,1740
42,1742
4,1745
446,1746
236,1749
471,1751
464,1754
64,1755
389,1758
216,1768
427,1768
493,1768
14,1772
26,1773
419,1777
416,1778
267,1778
106,1779
147,1781
437,1795
220,1795
247,1796
61,1799
102,1802
178,1803
129,1804
215,1810
411,1814
101,1818
159,1819
424,1820
451,1824
208,1829
445,1835
354,1838
282,1843
469,1844
442,1846
326,1847
388,1852
87,1853
232,1855
398,1872
285,1875
56,1876
348,1877
301,1879
226,1885
383,1890
90,1894
209,1898
111,1900
165,1905
458,1907
182,1907
420,1907
262,1909
292,1921
273,1923
132,1925
384,1930
3,1932
436,1954
429,1955
6,1957
444,1964
281,1969
256,1969
181,1969
316,1969
283,1971
463,1973
376,1974
379,1974
218,1976
177,1981
206,1986
21,1989
48,1989
144,1991
468,1996
120,1996
327,2001
37,2002
117,2003
76,2010
196,2013
365,2020
163,2021
160,2026
296,2032
219,2038
432,2041
421,2044
175,2047
141,2048
50,2052
370,2057
217,2061
149,2062
434,2064
172,2069
358,2069
462,2074
481,2078
114,2091
52,2093
496,2093
268,2094
484,2095
254,2099
79,2111
235,2122
322,2127
455,2129
122,2130
244,2140
289,2141
139,2150
300,2158
41,2161
138,2168
461,2183
397,2186
17,2188
146,2189
197,2190
404,2190
73,2202
291,2202
431,2208
277,2213
80,2213
298,2214
479,2222
360,2223
81,2225
234,2231
483,2239
359,2248
295,2261
191,2264
323,2266
474,2270
342,2299
391,2300
10,2300
280,2314
46,2315
131,2318
257,2319
241,2340
174,2352
115,2356
75,2364
378,2371
193,2375
5,2376
265,2378
189,2399
245,2413
347,2414
130,2420
318,2421
355,2426
374,2427
150,2431
225,2438
166,2439
126,2450
452,2451
243,2452
438,2458
314,2482
183,2482
47,2483
390,2484
97,2490
238,2531
242,2533
470,2536
151,2561
187,2586
223,2619
325,2632
290,2632
33,2639
394,2641
108,2642
9,2653
15,2657
362,2660
229,2667
2,2675
396,2675
32,2708
169,2710
400,2713
313,2755
395,2761
195,2767
69,2771
465,2786
260,2786
109,2804
258,2872
222,2885
35,2891
134,2893
11,2894
237,2931
192,2945
171,2964
142,2965
364,2972
276,2986
334,2998
198,3008
375,3013
20,3026
271,3048
381,3090
43,3102
30,3104
251,3112
125,3143
418,3172
498,3220
104,3227
207,3231
349,3232
263,3263
23,3300
67,3302
152,3302
486,3311
221,3361
480,3391
99,3397
341,3438
252,3454
380,3549
371,3550
227,3563
284,3565
34,3571
423,3601
299,3633
335,3634
38,3692
71,3739
288,3769
98,3788
145,3889
246,3904
456,3937
68,3964
297,4022
45,4040
372,4159
259,4241
467,4292
173,4637

simblock.block.ProofOfWorkBlock@5b0c2eb3:42
425,0
239,281
84,388
345,518
350,560
91,625
153,665
194,676
412,729
110,770
233,784
332,802
124,840
61,875
377,892
473,907
206,908
462,950
440,950
25,952
408,957
185,981
312,1001
176,1011
18,1013
70,1013
415,1048
179,1057
212,1063
339,1064
441,1065
483,1081
93,1085
164,1108
89,1116
205,1118
478,1119
58,1124
315,1153
352,1163
289,1168
210,1170
466,1173
410,1177
392,1179
72,1187
328,1190
88,1195
356,1212
128,1219
368,1225
121,1225
490,1231
163,1234
472,1235
27,1237
401,1239
351,1257
294,1259
406,1267
113,1279
448,1286
200,1286
270,1287
53,1291
417,1295
274,1299
366,1299
12,1300
409,1301
112,1307
117,1312
66,1316
140,1323
214,1329
264,1330
253,1338
419,1339
211,1343
333,1344
92,1344
216,1350
118,1355
453,1355
449,1361
213,1363
387,1364
160,1365
31,1366
282,1369
19,1386
180,1389
236,1390
167,1391
336,1393
477,1396
389,1398
186,1400
344,1400
85,1403
422,1404
413,1405
116,1406
135,1414
363,1422
427,1427
306,1431
16,1434
432,1434
496,1442
370,1445
275,1449
158,1452
226,1456
95,1457
39,1458
155,1458
487,1462
199,1462
475,1465
286,1468
471,1469
451,1470
369,1471
86,1471
156,1472
148,1473
438,1488
459,1492
307,1493
435,1495
105,1495
443,1496
386,1498
302,1499
261,1502
330,1504
103,1504
492,1507
201,1509
320,1512
162,1514
429,1514
278,1514
308,1516
479,1522
303,1523
169,1524
94,1531
170,1532
168,1533
489,1536
63,1538
436,1541
428,1541
36,1542
266,1547
460,1552
62,1558
491,1559
337,1561
190,1563
340,1566
447,1572
204,1572
373,1574
426,1574
279,1576
4,1576
208,1577
22,1579
13,1580
196,1580
28,1582
482,1582
457,1596
161,1597
154,1599
107,1599
500,1600
230,1602
324,1604
293,1608
127,1610
272,1614
357,1616
55,1618
310,1624
454,1625
77,1625
488,1630
362,1632
304,1638
319,1641
407,1642
494,1646
287,1648
203,1649
469,1652
54,1654
367,1662
82,1663
309,1665
414,1668
262,1670
249,1678
184,1679
346,1681
202,1681
420,1681
323,1683
20,1683
178,1683
495,1685
24,1686
100,1686
343,1686
402,1686
437,1688
348,1689
238,1696
493,1703
231,1704
430,1705
255,1706
44,1707
8,1707
411,1712
379,1714
439,1714
1,1718
423,1718
21,1722
405,1723
56,1729
60,1730
220,1734
129,1735
424,1741
305,1741
109,1741
218,1746
338,1746
40,1750
64,1753
47,1755
393,1756
250,1756
433,1761
267,1763
311,1766
7,1771
133,1775
222,1785
476,1787
321,1789
165,1793
78,1793
122,1795
51,1795
247,1797
327,1807
445,1811
499,1811
57,1813
187,1826
485,1826
398,1833
188,1837
224,1841
450,1844
235,1844
197,1845
380,1845
248,1852
149,1852
134,1855
484,1861
181,1867
147,1870
166,1873
458,1874
143,1875
132,1880
192,1887
331,1888
455,1892
136,1892
150,1898
157,1901
470,1903
102,1905
123,1908
416,1909
431,1910
37,1917
244,1921
130,1921
280,1923
99,1928
29,1932
225,1932
141,1932
390,1940
325,1944
347,1947
159,1952
257,1954
240,1956
209,1957
73,1963
277,1964
355,1965
114,1971
177,1971
418,1979
444,1980
26,1980
137,1982
456,1986
14,1993
283,1999
198,2004
399,2005
87,2010
237,2015
251,2016
288,2017
126,2018
17,2031
442,2037
119,2040
464,2044
2,2051
254,2056
131,2060
269,2066
259,2068
465,2072
101,2077
403,2077
292,2079
317,2082
6,2090
241,2091
115,2092
268,2094
383,2102
97,2104
68,2113
381,2122
52,2127
80,2128
480,2128
281,2141
382,2143
285,2150
298,2161
108,2166
335,2171
120,2177
391,2179
215,2185
318,2190
151,2191
49,2192
191,2201
397,2203
33,2217
404,2219
67,2221
34,2226
296,2231
35,2233
365,2241
394,2245
79,2248
446,2251
227,2257
358,2262
375,2267
468,2273
291,2273
395,2273
83,2278
23,2288
183,2291
273,2292
400,2293
32,2294
48,2309
41,2312
15,2313
314,2319
144,2331
486,2357
111,2366
59,2370
349,2382
421,2396
229,2404
96,2406
434,2411
388,2420
342,2420
300,2424
452,2438
65,2442
497,2456
263,2461
284,2466
361,2469
326,2483
90,2495
3,2495
299,2498
353,2520
384,2529
385,2530
290,2532
50,2550
376,2559
243,2566
43,2574
234,2575
104,2589
38,2609
301,2609
378,2613
125,2622
252,2631
354,2634
75,2636
76,2639
245,2641
11,2648
217,2661
258,2674
69,2680
142,2702
207,2704
9,2736
481,2739
313,2754
182,2778
195,2797
374,2814
242,2816
271,2836
360,2836
5,2856
138,2857
396,2857
171,2860
175,2867
329,2894
371,2918
334,2942
364,2949
74,2982
256,2985
295,2998
106,3077
174,3085
372,3092
359,3094
228,3094
341,3109
42,3116
139,3135
71,3164
30,3187
246,3287
146,3288
297,3315
316,3318
46,3333
276,3335
232,3407
193,3432
172,3446
81,3521
463,3551
45,3637
98,3650
260,3748
498,3767
189,3778
10,3857
474,3886
173,4039
265,4095
322,4099
152,4114
221,4227
461,4447
223,4454
145,4560
219,4893
467,5285

simblock.block.ProofOfWorkBlock@45947a0e:43
291,0
218,353
347,494
46,630
73,710
463,771
240,845
353,850
431,907
396,980
215,981
292,983
438,1042
52,1064
326,1116
394,1119
355,1122
444,1124
238,1181
268,1200
59,1203
298,1209
349,1256
384,1258
149,1258
151,1259
269,1317
19,1339
83,1343
495,1345
332,1345
301,1348
429,1351
362,1356
316,1390
361,1393
416,1396
90,1409
197,1416
327,1472
175,1474
182,1476
424,1480
358,1483
497,1486
411,1487
340,1488
132,1489
108,1493
37,1496
134,1528
209,1530
5,1549
446,1555
479,1556
65,1562
448,1566
370,1571
312,1576
383,1606
102,1609
318,1610
470,1611
277,1612
75,1616
220,1616
18,1619
76,1622
187,1626
345,1626
468,1628
313,1631
247,1648
26,1651
403,1669
281,1685
130,1688
486,1695
119,1702
329,1704
120,1704
96,1708
380,1712
422,1713
194,1716
245,1723
261,1731
280,1744
404,1749
35,1750
388,1753
144,1754
300,1755
342,1755
339,1756
273,1759
350,1760
192,1760
257,1761
14,1763
166,1769
160,1771
147,1774
325,1781
167,1803
465,1805
449,1808
8,1817
235,1820
106,1823
109,1824
42,1829
141,1830
483,1835
111,1836
72,1837
379,1840
390,1842
6,1844
222,1845
122,1845
251,1849
471,1852
105,1852
363,1856
117,1860
381,1864
401,1876
11,1878
412,1881
331,1890
365,1895
385,1895
382,1908
408,1910
150,1911
63,1912
74,1912
359,1923
87,1926
462,1932
233,1934
82,1934
386,1938
53,1942
84,1948
191,1956
443,1960
234,1965
20,1966
434,1967
464,1969
49,1971
352,1973
415,1976
442,1979
181,1980
258,1980
54,1981
267,1981
317,1982
274,1982
47,1984
136,1985
409,1986
32,1987
272,1987
279,1988
270,1996
2,1999
225,2000
99,2010
447,2011
494,2013
278,2015
228,2024
387,2029
488,2030
393,2030
165,2031
64,2032
126,2033
406,2042
4,2043
97,2045
264,2045
208,2045
356,2047
351,2049
398,2051
155,2054
418,2057
306,2061
177,2065
29,2072
123,2079
89,2079
262,2084
212,2086
454,2088
425,2089
78,2090
163,2097
254,2103
39,2104
169,2106
432,2107
455,2109
237,2110
3,2112
80,2115
101,2117
337,2119
33,2120
244,2121
476,2122
421,2123
253,2123
419,2125
85,2126
241,2130
430,2138
62,2144
131,2157
168,2161
103,2169
293,2173
368,2178
250,2179
156,2182
44,2183
48,2188
480,2189
94,2193
15,2194
203,2197
433,2200
199,2200
439,2201
198,2203
338,2210
405,2211
445,2212
407,2214
214,2215
196,2223
230,2227
304,2236
201,2236
373,2241
460,2243
469,2245
107,2246
135,2250
436,2252
376,2254
205,2255
86,2255
17,2256
435,2258
249,2259
489,2263
16,2265
328,2266
210,2267
485,2269
367,2271
118,2273
289,2275
25,2281
36,2282
224,2289
255,2290
397,2291
40,2298
437,2302
112,2308
162,2308
302,2312
303,2318
77,2320
315,2329
499,2330
204,2332
170,2332
13,2338
28,2346
22,2346
179,2351
200,2354
498,2359
275,2361
61,2367
297,2374
323,2379
402,2382
413,2388
285,2394
121,2394
217,2394
114,2395
158,2399
491,2406
492,2411
458,2413
113,2414
91,2417
294,2419
159,2424
377,2431
459,2434
88,2438
451,2438
188,2440
124,2441
474,2444
231,2449
490,2451
195,2458
346,2463
140,2466
60,2467
31,2474
27,2480
311,2483
66,2484
93,2487
271,2488
129,2488
322,2490
369,2492
319,2493
110,2504
360,2505
56,2505
216,2508
1,2510
427,2518
161,2520
344,2523
133,2534
305,2540
154,2542
7,2544
164,2544
12,2547
68,2566
173,2568
473,2576
378,2582
148,2582
496,2593
320,2606
324,2612
335,2612
137,2626
139,2637
410,2638
104,2638
500,2644
309,2648
100,2651
95,2665
207,2667
51,2669
229,2670
308,2682
260,2685
246,2693
276,2700
392,2703
125,2711
307,2713
428,2714
176,2723
333,2724
478,2733
116,2739
50,2744
452,2744
477,2745
299,2748
366,2749
487,2750
343,2756
43,2762
493,2768
206,2773
226,2776
391,2780
284,2782
128,2810
21,2825
171,2868
466,2874
38,2877
348,2878
330,2893
336,2896
184,2908
484,2908
142,2912
193,2913
423,2927
57,2937
232,2940
213,2941
472,2949
186,2956
457,2965
461,2965
265,2966
283,2970
70,2972
417,2976
372,2977
157,2982
354,3021
34,3045
58,3053
374,3066
185,3103
180,3115
239,3125
440,3133
127,3166
223,3167
55,3171
334,3185
153,3188
482,3191
389,3198
395,3199
202,3205
174,3211
357,3213
146,3231
256,3246
183,3255
145,3268
24,3281
79,3324
450,3333
399,3342
190,3350
453,3365
227,3370
143,3398
426,3418
414,3418
282,3428
287,3435
252,3469
296,3472
69,3490
45,3492
178,3517
41,3519
172,3533
67,3559
248,3560
152,3568
475,3569
441,3587
92,3593
23,3630
211,3645
266,3653
71,3688
259,3690
138,3695
243,3759
98,3776
321,3788
371,3791
456,3795
375,3808
236,3813
310,3820
115,3859
420,3880
400,3944
221,3999
314,4003
286,4040
481,4059
364,4094
467,4114
341,4114
219,4162
10,4190
295,4331
9,4395
290,4420
189,4503
242,4631
30,4719
263,4803
81,4931
288,5236

simblock.block.ProofOfWorkBlock@410be0bd:44
215,0
218,349
342,488
209,623
240,701
19,758
149,837
289,851
470,893
291,973
495,980
244,988
331,1030
126,1058
281,1109
73,1112
169,1121
397,1165
280,1188
468,1193
277,1210
424,1244
388,1246
444,1252
436,1259
307,1261
175,1309
26,1321
269,1323
257,1328
245,1335
56,1340
159,1351
235,1380
380,1382
134,1384
416,1389
15,1396
111,1421
228,1451
11,1457
238,1458
329,1459
182,1468
37,1470
241,1472
365,1473
187,1481
49,1489
437,1490
384,1515
465,1516
177,1518
249,1519
406,1541
130,1544
237,1545
285,1560
112,1562
131,1586
347,1592
273,1593
102,1597
151,1598
108,1602
52,1605
381,1606
382,1607
268,1609
124,1614
469,1615
75,1616
264,1625
78,1647
74,1649
394,1651
497,1656
301,1666
141,1669
323,1677
87,1678
327,1680
403,1684
429,1685
421,1689
5,1692
88,1700
353,1703
419,1715
114,1715
405,1724
144,1730
76,1731
46,1734
59,1738
47,1741
65,1742
411,1744
383,1746
83,1747
442,1748
247,1750
96,1750
455,1753
310,1753
6,1756
2,1757
258,1780
251,1782
158,1784
494,1785
355,1789
464,1792
33,1799
434,1803
358,1810
486,1812
385,1814
361,1817
14,1817
161,1818
443,1819
418,1819
396,1822
222,1826
254,1827
97,1829
317,1842
292,1853
412,1857
319,1865
214,1868
370,1870
431,1870
35,1871
192,1873
399,1878
123,1880
300,1884
362,1887
197,1889
80,1890
359,1890
150,1891
58,1894
132,1895
85,1906
409,1908
298,1915
261,1919
95,1925
445,1932
351,1933
21,1941
119,1943
376,1943
101,1948
181,1955
330,1956
109,1958
349,1961
220,1964
165,1966
483,1968
482,1969
304,1970
121,1971
234,1973
427,1974
44,1975
198,1982
282,1982
407,1998
163,2001
463,2005
313,2014
42,2016
8,2017
318,2017
294,2018
309,2019
20,2019
117,2019
53,2019
120,2020
166,2021
113,2021
325,2024
460,2028
32,2029
204,2035
185,2037
129,2044
500,2045
224,2048
90,2051
202,2054
450,2054
106,2059
93,2061
275,2063
17,2082
449,2087
176,2088
39,2091
462,2093
206,2094
190,2094
27,2097
404,2100
302,2100
155,2102
7,2107
446,2108
337,2109
174,2109
340,2117
107,2117
414,2119
92,2121
16,2123
440,2124
457,2126
274,2128
77,2141
438,2144
466,2146
454,2148
472,2150
116,2150
127,2151
326,2158
352,2161
211,2166
390,2168
265,2169
57,2169
459,2169
103,2189
312,2195
479,2196
430,2199
398,2200
61,2203
184,2203
321,2205
428,2205
368,2207
146,2210
377,2216
4,2218
191,2222
480,2227
279,2237
136,2243
25,2243
316,2243
402,2244
164,2249
439,2250
422,2251
305,2253
140,2254
303,2256
128,2261
18,2270
133,2279
320,2279
426,2281
180,2283
253,2288
208,2290
156,2311
311,2314
346,2317
162,2318
196,2319
68,2323
339,2324
345,2328
283,2329
168,2329
24,2337
387,2347
308,2349
363,2350
94,2353
491,2354
489,2356
328,2360
343,2368
170,2369
333,2369
210,2371
82,2377
492,2379
401,2380
200,2380
476,2383
54,2384
433,2385
201,2387
48,2389
172,2396
400,2406
453,2406
225,2414
70,2417
272,2420
374,2424
366,2433
55,2433
493,2434
266,2441
478,2449
62,2451
189,2451
212,2452
91,2452
255,2458
344,2465
142,2474
447,2478
250,2478
230,2479
60,2480
226,2481
415,2482
458,2506
173,2510
441,2513
276,2515
118,2516
99,2517
217,2524
243,2538
410,2549
232,2552
499,2554
252,2555
236,2555
315,2556
12,2556
63,2557
496,2568
207,2579
475,2580
110,2580
100,2581
160,2584
293,2588
477,2595
369,2600
199,2603
348,2606
178,2606
322,2607
271,2611
29,2612
392,2613
179,2615
324,2616
69,2620
467,2622
379,2640
203,2643
481,2646
188,2648
66,2659
72,2663
485,2675
135,2675
350,2681
420,2686
104,2688
367,2699
30,2701
36,2706
105,2713
296,2720
41,2725
360,2727
354,2735
183,2736
417,2739
139,2770
448,2780
357,2782
278,2787
306,2788
297,2806
248,2809
219,2810
154,2814
356,2820
231,2825
186,2827
22,2836
9,2837
484,2843
157,2849
147,2857
474,2866
28,2874
332,2881
143,2885
473,2891
260,2891
471,2901
378,2912
148,2914
171,2916
23,2918
299,2925
122,2925
89,2932
239,2966
195,2981
51,3008
389,3013
50,3013
413,3013
145,3029
205,3038
86,3045
43,3045
31,3051
167,3057
233,3071
193,3100
213,3110
1,3117
364,3124
115,3127
194,3132
372,3134
270,3142
338,3153
229,3156
386,3161
98,3184
287,3191
391,3199
34,3224
267,3236
425,3282
488,3282
153,3283
373,3296
395,3308
335,3313
435,3337
256,3343
432,3352
451,3365
216,3369
490,3387
461,3407
84,3417
227,3458
286,3461
263,3485
40,3508
64,3510
393,3522
456,3535
223,3542
3,3581
408,3595
137,3613
138,3646
487,3650
125,3662
452,3664
336,3689
262,3744
152,3759
259,3768
284,3788
13,3807
371,3842
45,3867
246,3878
79,3898
71,3902
314,3946
67,3965
295,3993
221,4088
334,4108
10,4147
498,4198
341,4268
375,4275
242,4297
290,4411
81,4609
423,4712
288,4916
38,5014

simblock.block.ProofOfWorkBlock@1cfde4d8:44
428,0
294,284
253,394
62,499
307,603
450,709
427,814
366,920
203,1024
453,1129
244,1346
240,1566
5,1786
169,2003
257,2220
380,2437
109,2656
465,2878
316,3101
495,3327
268,3546
38,3881
256,4214
423,4550
474,4882
391,5217
217,5549

simblock.block.ProofOfWorkBlock@1a6dcc81:45
310,0
16,290
224,399
307,507
161,571
105,626
294,675
305,678
62,731
107,780
266,782
319,790
250,836
492,849
85,889
164,899
448,905
460,945
437,955
261,956
155,960
402,994
184,1003
373,1009
236,1012
376,1020
420,1051
186,1059
204,1061
494,1063
190,1064
441,1069
57,1073
368,1098
31,1107
156,1114
53,1118
457,1122
122,1132
18,1156
88,1167
443,1172
357,1173
148,1176
471,1178
499,1178
493,1179
179,1184
405,1203
406,1214
356,1218
315,1222
13,1222
476,1223
343,1227
8,1233
89,1236
124,1237
192,1241
170,1249
500,1271
178,1272
51,1276
44,1278
287,1280
22,1284
328,1285
286,1285
25,1288
430,1290
84,1290
274,1294
413,1299
352,1319
320,1322
428,1323
154,1327
303,1329
427,1333
86,1339
409,1340
135,1342
336,1343
478,1344
449,1346
466,1347
39,1353
311,1356
275,1358
408,1359
453,1376
458,1377
211,1380
487,1382
339,1382
393,1388
491,1393
399,1394
440,1395
332,1395
1,1396
210,1396
472,1398
445,1400
66,1401
36,1401
160,1404
24,1404
121,1427
412,1434
40,1434
387,1446
233,1447
417,1449
226,1452
158,1453
433,1453
407,1455
70,1457
483,1457
188,1458
101,1459
414,1459
199,1459
262,1460
278,1464
350,1466
404,1470
369,1477
490,1482
230,1482
113,1485
167,1486
60,1492
282,1492
338,1494
91,1495
485,1497
180,1499
110,1501
348,1502
95,1503
337,1505
321,1507
168,1507
133,1508
450,1508
304,1509
116,1511
163,1515
213,1515
419,1522
200,1533
61,1535
309,1542
468,1544
436,1545
196,1550
94,1551
129,1553
208,1556
477,1557
422,1558
202,1559
401,1560
100,1562
7,1562
214,1563
488,1563
118,1563
308,1563
128,1564
473,1564
267,1566
410,1568
425,1571
78,1580
153,1583
426,1591
72,1591
198,1593
185,1595
390,1596
459,1597
345,1599
27,1600
137,1600
366,1604
255,1607
415,1611
203,1611
306,1614
136,1615
272,1618
127,1618
77,1619
231,1620
435,1621
289,1624
143,1626
206,1629
117,1629
248,1630
330,1632
103,1639
64,1649
324,1652
157,1655
439,1659
21,1660
367,1660
12,1665
216,1667
351,1668
82,1668
140,1672
283,1672
451,1673
251,1677
201,1677
3,1678
54,1683
293,1684
302,1684
475,1686
396,1692
377,1694
253,1696
340,1699
279,1707
90,1714
63,1716
132,1720
496,1720
312,1722
92,1728
19,1730
74,1730
489,1733
58,1736
28,1737
55,1738
264,1742
176,1745
239,1747
333,1750
254,1762
358,1763
131,1765
5,1766
484,1770
169,1771
29,1772
495,1778
181,1782
482,1783
346,1787
269,1790
363,1791
454,1794
194,1800
4,1801
392,1803
191,1804
479,1805
14,1810
411,1813
48,1815
381,1815
398,1817
162,1819
386,1821
177,1829
361,1832
465,1833
47,1836
347,1836
182,1839
93,1839
126,1841
277,1847
65,1858
270,1861
316,1864
300,1871
432,1875
447,1877
318,1881
380,1885
20,1888
344,1889
134,1890
111,1890
175,1895
75,1895
225,1899
87,1903
220,1904
418,1910
327,1920
298,1924
365,1925
212,1929
109,1935
442,1941
106,1945
228,1948
205,1950
444,1950
166,1950
383,1951
240,1955
15,1964
222,1971
317,1974
237,1975
2,1988
486,1990
35,1996
281,1996
241,2002
416,2016
424,2019
11,2021
209,2030
370,2031
83,2031
247,2033
6,2037
394,2039
497,2042
355,2046
59,2048
235,2050
438,2055
197,2058
446,2063
258,2065
323,2068
389,2072
292,2084
141,2091
329,2091
480,2095
119,2095
221,2096
434,2102
268,2108
342,2113
238,2114
464,2118
193,2121
364,2130
76,2131
189,2137
296,2143
325,2143
23,2145
223,2145
470,2166
349,2169
285,2171
120,2182
263,2183
144,2188
362,2194
265,2195
37,2209
284,2212
112,2223
331,2226
42,2227
9,2227
341,2228
379,2249
172,2255
384,2257
429,2257
215,2260
322,2276
421,2281
96,2281
159,2282
80,2292
149,2301
171,2301
229,2304
385,2315
219,2315
299,2319
102,2325
359,2328
431,2332
481,2338
26,2338
174,2354
252,2358
123,2383
297,2386
257,2388
73,2392
353,2399
397,2409
150,2433
461,2441
207,2449
280,2451
378,2456
41,2464
245,2468
249,2476
452,2480
142,2489
382,2493
291,2505
388,2510
151,2529
423,2543
234,2544
97,2545
49,2550
56,2561
68,2598
33,2601
403,2613
50,2614
104,2626
10,2635
313,2644
32,2654
130,2659
71,2684
147,2689
98,2689
462,2698
17,2710
108,2727
326,2735
276,2735
46,2747
114,2762
187,2768
290,2785
463,2825
372,2842
52,2868
301,2872
242,2881
244,2927
218,2953
38,2955
256,2961
34,2963
217,2966
335,2990
469,2990
295,3002
374,3025
146,3044
227,3066
260,3066
138,3085
139,3095
455,3159
81,3167
395,3210
273,3218
400,3288
271,3296
498,3297
183,3350
456,3355
288,3403
125,3413
232,3418
165,3437
115,3483
79,3489
314,3501
152,3543
43,3621
145,3635
391,3686
474,3738
360,3758
99,3759
371,3770
45,3836
30,3875
259,3972
243,4023
246,4026
334,4105
354,4106
195,4212
375,4415
467,4492
69,4494
67,4546
173,4885

simblock.block.ProofOfWorkBlock@74897bf6:46
143,0
124,279
272,387
94,540
491,560
338,649
412,665
148,666
158,755
367,772
350,788
368,822
51,840
448,877
419,896
133,926
282,929
185,944
18,945
285,977
407,990
89,996
58,1001
305,1031
107,1034
437,1034
430,1050
205,1053
478,1055
406,1066
482,1095
211,1106
233,1107
477,1128
351,1139
214,1141
426,1143
70,1158
304,1158
203,1161
373,1165
239,1173
445,1176
93,1200
470,1202
343,1208
345,1210
88,1211
163,1218
253,1226
194,1231
220,1234
414,1234
1,1245
328,1248
459,1249
105,1263
25,1267
61,1269
168,1269
275,1272
200,1277
72,1281
64,1282
440,1286
393,1306
224,1312
204,1314
92,1315
348,1315
420,1319
475,1321
78,1324
202,1331
129,1334
417,1334
230,1338
127,1339
63,1339
443,1344
366,1354
60,1356
126,1357
308,1364
312,1370
425,1372
199,1374
44,1377
487,1386
492,1386
333,1387
113,1390
156,1390
179,1399
311,1400
201,1411
332,1411
190,1418
157,1420
116,1422
66,1423
236,1424
485,1425
431,1426
402,1427
77,1427
264,1431
278,1436
13,1438
306,1440
8,1443
303,1444
21,1444
118,1445
28,1451
95,1453
153,1454
397,1455
22,1458
409,1459
363,1465
53,1470
274,1474
176,1478
267,1483
428,1489
337,1490
150,1491
449,1493
415,1494
120,1495
441,1495
62,1495
432,1500
439,1500
352,1504
86,1506
270,1512
162,1512
255,1513
401,1521
357,1523
315,1526
340,1532
184,1532
494,1533
349,1535
453,1536
484,1539
408,1540
7,1541
262,1543
320,1544
473,1546
29,1549
339,1549
161,1550
212,1551
476,1552
451,1553
427,1554
422,1557
307,1557
356,1565
215,1568
472,1574
266,1576
155,1577
389,1581
457,1586
36,1587
370,1588
286,1594
121,1596
196,1597
433,1598
250,1598
216,1600
392,1600
302,1601
84,1602
405,1604
32,1604
167,1611
358,1611
208,1617
169,1617
410,1618
283,1618
164,1618
279,1620
287,1628
365,1628
336,1629
122,1629
471,1629
135,1633
110,1636
40,1638
399,1639
12,1641
24,1641
234,1645
147,1645
261,1648
140,1653
454,1653
248,1654
310,1657
209,1657
466,1658
346,1659
137,1661
186,1672
273,1675
226,1677
435,1678
82,1678
496,1685
455,1685
136,1691
483,1693
497,1702
458,1702
160,1703
16,1703
324,1704
319,1705
490,1705
210,1709
293,1710
52,1711
369,1712
225,1713
442,1722
180,1725
411,1727
387,1728
381,1729
460,1733
85,1734
57,1744
309,1752
436,1752
188,1755
27,1755
462,1756
213,1759
489,1763
96,1764
469,1766
178,1769
33,1775
154,1780
321,1782
447,1784
37,1785
112,1788
330,1790
355,1794
493,1795
446,1799
108,1802
128,1810
5,1813
231,1815
103,1818
289,1823
55,1823
292,1829
249,1831
100,1832
117,1839
500,1840
182,1840
80,1840
222,1845
254,1845
464,1852
114,1854
377,1859
198,1861
240,1865
26,1866
31,1868
421,1874
269,1874
450,1875
390,1881
495,1883
413,1894
486,1902
141,1903
424,1903
331,1905
384,1916
3,1918
170,1918
228,1923
4,1926
251,1928
191,1930
109,1933
101,1940
132,1940
111,1946
257,1947
404,1948
359,1962
6,1967
39,1967
197,1969
385,1970
465,1970
91,1982
386,1986
14,1989
388,1992
35,1993
19,1993
87,2001
192,2003
499,2006
325,2008
144,2016
73,2017
291,2021
360,2023
327,2030
49,2034
280,2039
46,2044
20,2048
119,2052
383,2058
480,2060
106,2060
398,2062
181,2062
329,2063
102,2072
378,2077
76,2078
166,2086
54,2088
294,2092
238,2095
235,2096
41,2097
244,2098
281,2106
219,2114
258,2121
206,2122
56,2126
134,2126
171,2133
48,2134
260,2140
376,2142
245,2144
394,2160
353,2161
189,2172
416,2173
174,2184
326,2186
342,2188
344,2194
17,2195
362,2198
172,2199
232,2201
75,2211
347,2230
323,2237
241,2240
83,2242
221,2255
59,2257
456,2261
177,2262
252,2276
452,2278
131,2278
322,2279
468,2279
364,2280
237,2293
90,2295
380,2296
488,2299
50,2302
298,2312
463,2315
317,2340
438,2359
227,2360
30,2367
300,2374
68,2390
138,2399
23,2401
34,2406
379,2410
316,2414
207,2429
67,2432
165,2445
334,2448
474,2451
149,2455
375,2470
130,2472
2,2486
341,2504
175,2507
361,2520
65,2527
301,2529
79,2530
429,2538
265,2555
299,2564
151,2567
498,2574
247,2581
11,2592
193,2608
400,2611
152,2612
217,2624
314,2628
277,2628
313,2633
418,2677
159,2694
354,2720
382,2739
81,2781
481,2786
142,2789
146,2792
123,2794
444,2816
104,2824
288,2841
15,2851
396,2856
276,2858
229,2878
296,2895
47,2912
295,2917
374,2920
139,2959
372,2964
69,2999
318,3015
290,3022
479,3054
71,3068
97,3069
42,3077
391,3078
125,3141
242,3172
297,3177
263,3194
9,3214
195,3246
223,3265
434,3288
403,3309
115,3347
395,3358
45,3382
98,3395
243,3467
271,3503
74,3506
371,3604
467,3616
38,3646
183,3685
284,3698
218,3723
99,3850
43,3935
187,3940
246,3977
256,4030
268,4158
461,4205
335,4363
145,4489
173,4598
423,4697
259,4837
10,5029

simblock.block.ProofOfWorkBlock@2f39974f:47
8,0
336,285
163,390
210,512
261,567
478,620
129,670
248,676
231,727
124,777
205,781
31,790
482,831
13,844
278,882
409,888
233,896
412,900
499,938
312,949
208,955
214,955
29,988
148,995
488,1000
363,1006
330,1006
122,1047
294,1054
24,1062
91,1062
307,1068
264,1069
272,1093
406,1105
357,1105
427,1111
86,1120
127,1123
62,1125
386,1151
18,1165
140,1167
473,1169
417,1172
206,1173
12,1176
92,1178
176,1179
459,1201
275,1214
100,1216
153,1219
200,1225
422,1228
448,1228
387,1231
345,1239
457,1243
407,1265
204,1273
344,1273
22,1273
60,1276
433,1278
346,1282
16,1283
435,1283
447,1287
311,1287
389,1290
269,1295
28,1310
128,1319
432,1323
162,1324
135,1326
492,1330
164,1334
44,1335
203,1343
66,1344
182,1346
1,1346
426,1348
190,1348
310,1355
283,1355
70,1357
483,1369
89,1379
155,1383
170,1385
63,1387
425,1387
212,1389
332,1391
25,1393
367,1394
453,1395
61,1395
196,1395
107,1396
154,1403
110,1408
72,1415
303,1424
338,1428
95,1436
443,1441
118,1441
428,1442
340,1443
274,1444
304,1447
405,1448
328,1450
279,1451
186,1453
137,1455
366,1458
489,1459
301,1461
399,1464
168,1465
94,1471
437,1478
476,1485
133,1488
40,1488
351,1490
57,1494
121,1495
408,1498
255,1499
324,1500
250,1500
157,1503
430,1503
113,1503
105,1506
484,1511
179,1512
102,1517
220,1518
216,1519
213,1520
36,1532
385,1534
319,1536
116,1541
266,1548
458,1549
392,1553
490,1553
253,1555
493,1556
39,1556
161,1558
55,1558
136,1562
320,1562
402,1562
82,1563
88,1565
33,1566
302,1570
333,1573
337,1574
413,1576
471,1582
199,1589
56,1591
441,1596
308,1596
230,1605
178,1606
236,1609
293,1610
298,1611
494,1612
287,1617
239,1619
77,1621
117,1624
460,1624
280,1630
485,1638
224,1642
475,1643
156,1644
85,1651
414,1653
449,1661
445,1661
410,1663
27,1663
103,1664
442,1665
472,1665
369,1666
440,1667
451,1668
343,1671
194,1675
270,1675
75,1677
477,1678
373,1679
111,1680
185,1688
4,1689
245,1691
401,1692
403,1694
421,1701
184,1703
394,1703
305,1707
339,1712
465,1713
228,1714
84,1715
262,1716
306,1716
273,1716
150,1720
466,1724
424,1726
487,1732
211,1735
83,1736
355,1740
112,1744
454,1747
3,1747
188,1749
282,1749
2,1750
323,1756
167,1758
151,1759
96,1759
286,1769
21,1776
439,1777
17,1779
160,1781
383,1782
51,1783
251,1789
348,1792
53,1792
415,1794
101,1795
209,1796
258,1797
144,1800
393,1805
431,1808
215,1810
368,1817
64,1818
202,1820
6,1822
317,1822
315,1825
159,1827
49,1832
377,1839
436,1843
119,1849
359,1854
370,1860
327,1861
192,1876
349,1880
496,1882
109,1882
149,1884
108,1901
495,1903
87,1905
5,1906
331,1906
201,1910
420,1918
54,1925
321,1926
20,1929
277,1930
309,1934
418,1940
300,1940
380,1961
47,1964
26,1969
486,1975
469,1976
356,1978
222,1981
398,1984
237,1992
267,1993
169,1998
238,2000
197,2000
120,2006
93,2015
19,2017
35,2017
429,2018
123,2018
289,2022
326,2023
244,2024
131,2027
374,2028
65,2031
498,2035
450,2039
143,2040
281,2045
352,2048
79,2057
263,2059
390,2060
114,2065
481,2066
32,2072
30,2077
147,2077
335,2081
416,2083
241,2094
171,2095
247,2095
226,2101
325,2121
14,2122
240,2129
10,2137
396,2137
48,2138
500,2140
158,2146
180,2153
463,2160
232,2160
318,2161
376,2167
334,2181
191,2183
195,2187
130,2193
80,2196
181,2200
379,2206
341,2207
362,2219
23,2225
183,2227
384,2234
235,2238
234,2242
76,2245
419,2253
42,2253
382,2258
295,2272
59,2274
388,2285
452,2286
455,2289
50,2289
249,2296
404,2297
365,2316
177,2319
90,2350
223,2350
468,2357
288,2358
134,2359
7,2361
456,2364
446,2373
254,2378
479,2386
260,2388
37,2412
68,2414
227,2424
38,2431
198,2455
271,2458
491,2467
497,2471
400,2472
361,2478
106,2495
276,2495
285,2503
411,2525
229,2532
146,2533
138,2537
462,2538
225,2538
152,2542
189,2554
139,2562
78,2572
219,2573
378,2576
438,2576
480,2579
381,2583
329,2591
397,2604
217,2629
165,2636
58,2681
314,2688
41,2709
52,2723
290,2749
358,2750
126,2757
257,2757
299,2791
350,2794
347,2797
256,2809
474,2810
141,2813
265,2822
444,2825
142,2826
67,2886
354,2888
9,2889
221,2893
395,2916
81,2916
464,2941
132,2968
46,2974
291,2987
434,3012
175,3043
174,3043
104,3136
391,3139
322,3140
423,3144
98,3161
166,3181
292,3203
353,3203
284,3226
97,3241
242,3248
11,3263
375,3291
364,3322
99,3389
73,3407
470,3421
15,3467
193,3470
246,3472
125,3490
71,3500
371,3573
313,3643
173,3650
43,3655
316,3700
252,3762
34,3808
218,3863
115,3902
268,3934
243,3961
296,3993
207,4093
74,4152
467,4198
69,4256
172,4328
372,4349
342,4369
360,4430
187,4592
461,4678
45,4775
145,4928
297,5067
259,5284

simblock.block.ProofOfWorkBlock@58403b91:48
434,0
175,389
455,522
225,656
169,744
244,873
141,879
487,887
48,1006
497,1007
289,1012
49,1096
499,1124
166,1141
11,1141
215,1166
279,1169
56,1233
381,1251
123,1256
408,1275
313,1275
323,1285
368,1350
349,1366
187,1368
277,1368
373,1384
342,1394
144,1396
204,1396
338,1404
280,1424
255,1447
35,1451
7,1489
111,1502
201,1502
197,1504
149,1506
100,1512
131,1517
359,1517
159,1525
47,1528
20,1538
44,1558
57,1559
191,1560
107,1587
109,1600
379,1609
480,1612
419,1612
148,1622
363,1623
285,1635
352,1636
396,1638
394,1639
2,1640
179,1647
75,1651
218,1653
436,1659
27,1665
25,1669
157,1670
241,1672
409,1679
133,1682
161,1716
365,1718
463,1720
301,1726
337,1730
8,1733
97,1734
366,1735
380,1745
317,1749
345,1750
74,1751
15,1758
22,1770
453,1771
61,1772
196,1774
470,1778
404,1778
105,1782
267,1783
429,1786
37,1787
186,1787
170,1787
60,1788
209,1791
253,1793
417,1794
325,1805
382,1812
110,1813
188,1840
294,1840
72,1843
128,1848
273,1852
268,1855
93,1856
76,1857
52,1858
102,1861
300,1867
5,1869
18,1877
440,1881
286,1883
274,1887
21,1888
70,1892
234,1894
206,1895
24,1899
114,1900
315,1901
231,1905
383,1906
407,1906
457,1907
336,1909
237,1912
385,1918
416,1922
350,1924
331,1929
165,1940
410,1945
214,1945
42,1946
462,1947
164,1956
369,1957
63,1963
220,1964
130,1967
437,1967
411,1973
77,1974
282,1982
212,1986
126,1987
347,1989
26,1991
112,1991
46,1991
433,1993
319,1994
387,1997
447,2000
333,2000
330,2000
479,2000
32,2005
177,2005
156,2009
444,2010
262,2011
483,2011
85,2011
150,2011
458,2012
318,2013
86,2014
12,2015
430,2015
327,2025
264,2029
377,2032
194,2042
257,2048
321,2050
140,2050
310,2054
424,2055
468,2059
200,2061
397,2062
202,2073
355,2074
249,2078
132,2089
185,2089
92,2089
362,2094
298,2097
475,2101
192,2106
80,2109
90,2110
120,2114
405,2115
478,2116
401,2116
435,2117
449,2117
389,2119
64,2120
236,2122
343,2122
258,2125
495,2134
222,2135
182,2137
230,2138
488,2140
134,2141
353,2141
291,2144
388,2144
346,2151
82,2156
127,2162
427,2162
203,2163
496,2172
448,2173
339,2175
386,2178
172,2180
281,2182
438,2184
307,2189
199,2189
101,2190
469,2194
94,2195
19,2196
155,2197
66,2199
305,2201
494,2203
466,2204
421,2206
162,2206
6,2212
65,2218
316,2221
446,2223
413,2223
153,2224
13,2225
344,2229
492,2230
106,2231
122,2232
14,2233
402,2236
357,2238
283,2239
451,2239
167,2242
151,2243
303,2243
33,2246
351,2250
454,2260
176,2261
358,2263
340,2266
113,2269
311,2269
334,2272
361,2274
484,2279
251,2283
348,2286
240,2288
476,2293
168,2294
426,2299
443,2309
329,2310
78,2317
266,2324
486,2329
228,2331
374,2331
190,2339
163,2339
489,2340
398,2341
211,2358
73,2362
465,2363
129,2374
376,2388
245,2391
108,2397
103,2401
384,2402
28,2407
238,2407
370,2408
137,2409
17,2410
87,2414
309,2416
403,2416
210,2416
354,2421
181,2427
119,2428
399,2433
308,2436
198,2438
136,2441
420,2444
473,2451
152,2451
390,2458
464,2461
59,2464
40,2464
180,2467
439,2467
272,2470
147,2470
254,2483
88,2495
392,2496
296,2500
62,2502
265,2503
276,2504
146,2506
233,2514
412,2525
30,2528
324,2530
295,2531
247,2535
378,2537
297,2545
460,2553
320,2555
115,2559
395,2559
84,2563
96,2563
431,2571
213,2573
372,2582
79,2583
235,2586
242,2588
425,2589
104,2603
160,2608
195,2614
418,2620
481,2623
83,2629
54,2630
118,2634
326,2634
55,2634
461,2638
260,2640
367,2643
445,2647
89,2650
442,2655
178,2659
459,2662
485,2668
269,2682
304,2689
406,2692
51,2692
58,2692
208,2696
229,2703
227,2713
299,2719
173,2720
16,2727
117,2729
124,2730
261,2743
171,2752
50,2753
472,2781
477,2784
287,2802
270,2807
423,2817
293,2818
184,2821
138,2824
81,2825
43,2831
143,2860
121,2862
356,2873
4,2875
490,2884
414,2890
306,2918
415,2919
3,2921
375,2924
174,2927
450,2927
341,2940
292,2948
312,2957
95,2961
271,2962
38,2967
68,2988
116,3010
391,3019
441,3031
135,3033
154,3053
332,3059
393,3086
224,3100
482,3108
36,3112
53,3115
474,3132
500,3147
158,3151
432,3152
275,3152
183,3161
278,3184
467,3207
99,3215
232,3223
91,3243
471,3258
456,3272
219,3279
71,3284
226,3312
335,3321
1,3341
250,3342
364,3352
263,3367
302,3392
145,3408
322,3412
9,3454
34,3464
221,3484
216,3490
243,3512
223,3516
29,3540
428,3568
205,3570
246,3602
498,3610
23,3652
217,3659
98,3674
252,3690
193,3754
31,3766
259,3771
371,3784
39,3796
452,3797
493,3804
41,3814
360,3942
284,3985
189,3991
328,3994
491,4022
239,4034
142,4070
67,4099
207,4120
248,4248
125,4251
288,4284
45,4291
10,4293
69,4338
422,4476
314,4551
290,4598
400,4626
256,4777
139,4856

simblock.block.ProofOfWorkBlock@627a313c:49
242,0
378,536
322,752
276,962
217,1072
327,1284
98,1293
71,1413
112,1416
400,1518
9,1607
218,1611
314,1623
75,1638
271,1732
285,1742
146,1766
249,1766
191,1775
145,1827
423,1836
277,1908
326,1916
375,1936
444,1962
38,1976
300,1994
119,2043
102,2051
313,2057
288,2065
465,2076
323,2097
291,2114
301,2121
32,2129
452,2139
297,2143
67,2156
114,2156
390,2159
26,2184
468,2232
149,2248
37,2255
281,2264
349,2265
251,2266
429,2268
139,2268
239,2271
198,2302
43,2310
83,2313
268,2318
376,2346
232,2365
317,2367
50,2372
187,2379
416,2382
195,2388
97,2389
46,2397
431,2399
20,2401
436,2403
87,2404
493,2409
379,2416
479,2442
385,2452
497,2454
463,2468
79,2478
469,2479
384,2481
298,2482
48,2484
194,2490
126,2491
59,2492
150,2504
55,2505
159,2505
130,2507
240,2516
353,2535
380,2540
394,2551
93,2553
19,2577
34,2587
47,2593
470,2596
207,2600
222,2605
177,2614
11,2615
280,2615
35,2615
396,2618
22,2620
306,2623
257,2625
403,2626
115,2634
287,2636
73,2653
181,2658
110,2662
42,2672
453,2673
77,2683
341,2694
78,2697
381,2701
269,2712
160,2719
223,2722
411,2723
415,2726
347,2726
17,2729
28,2731
31,2733
64,2744
197,2746
192,2749
144,2749
6,2750
258,2751
419,2757
451,2760
235,2766
140,2768
409,2770
117,2774
342,2784
445,2786
147,2787
66,2790
486,2792
398,2799
209,2805
316,2809
65,2812
49,2812
133,2814
424,2823
331,2837
52,2842
109,2843
357,2845
310,2854
420,2856
215,2863
480,2865
226,2869
495,2874
101,2879
5,2881
72,2883
51,2883
90,2886
273,2886
131,2888
348,2889
123,2894
169,2894
172,2898
377,2898
499,2904
430,2904
279,2911
134,2918
358,2919
96,2926
4,2946
129,2946
54,2947
14,2948
464,2951
337,2952
127,2957
311,2957
241,2958
404,2961
58,2963
210,2969
237,2970
318,2972
345,2973
462,2974
185,2977
315,2986
383,2987
366,2987
82,2999
231,2999
247,3016
328,3016
329,3020
182,3021
449,3022
354,3025
76,3026
151,3028
225,3031
303,3033
407,3033
105,3040
165,3048
62,3048
446,3049
205,3056
487,3067
228,3074
255,3090
472,3090
309,3091
23,3091
60,3094
25,3095
245,3101
234,3102
330,3108
359,3111
355,3113
434,3114
304,3115
336,3116
199,3122
494,3124
346,3125
421,3127
253,3130
95,3131
15,3133
265,3134
36,3141
492,3142
200,3145
292,3146
435,3163
158,3165
128,3167
460,3172
454,3174
40,3177
274,3182
466,3196
426,3197
352,3200
475,3201
136,3204
61,3209
368,3212
456,3215
33,3219
367,3228
175,3234
30,3238
220,3241
154,3242
361,3246
21,3249
212,3249
201,3250
8,3253
7,3254
170,3263
183,3277
362,3279
343,3290
63,3300
418,3306
458,3316
293,3321
427,3324
92,3332
467,3332
152,3333
238,3334
450,3334
286,3344
3,3344
113,3352
422,3357
39,3360
370,3362
455,3374
161,3380
156,3384
180,3400
320,3401
356,3403
94,3408
344,3411
371,3421
202,3430
250,3431
319,3432
272,3436
184,3440
397,3455
260,3456
138,3457
137,3462
259,3464
413,3477
256,3480
476,3480
296,3482
498,3487
230,3492
369,3506
471,3509
496,3518
173,3528
254,3532
489,3552
477,3555
248,3560
142,3569
120,3571
80,3572
236,3572
252,3575
89,3575
16,3583
44,3585
360,3588
107,3603
111,3606
401,3607
387,3614
481,3627
12,3636
282,3642
425,3652
283,3652
334,3653
176,3659
88,3663
440,3666
135,3667
122,3672
382,3681
74,3688
246,3689
13,3693
365,3697
171,3707
100,3719
221,3770
141,3781
266,3786
219,3793
267,3801
461,3807
459,3814
91,3827
104,3828
99,3838
69,3847
410,3849
121,3870
1,3873
188,3875
482,3888
143,3889
167,3889
262,3898
264,3936
388,3949
164,3950
290,3955
208,3964
275,3969
414,3986
363,4001
443,4015
483,4015
56,4017
405,4020
372,4031
339,4035
45,4069
244,4104
125,4105
485,4121
53,4123
203,4124
488,4125
500,4129
243,4132
308,4161
189,4175
27,4193
408,4232
389,4244
179,4247
441,4260
438,4280
213,4300
406,4317
439,4327
2,4346
103,4350
333,4354
57,4363
229,4372
174,4381
206,4393
29,4395
395,4428
391,4435
332,4456
432,4468
437,4472
386,4474
474,4477
190,4488
294,4556
153,4579
473,4581
289,4604
196,4609
163,4611
307,4637
284,4651
155,4662
68,4674
392,4679
108,4682
41,4687
305,4688
448,4714
299,4741
270,4760
490,4777
10,4778
85,4830
178,4918
433,4923
124,4939
335,4960
204,4973
18,4975
214,4984
364,4986
132,5010
116,5029
118,5059
227,5087
457,5105
302,5136
373,5138
428,5199
295,5231
263,5265
166,5333
402,5350
224,5366
70,5391
157,5391
417,5501
81,5542
393,5561
193,5564
106,5657
233,5717
148,5760
399,5814
484,5871
324,5926
325,5982
24,6084
340,6130
351,6232
491,6264
261,6290
442,6309
312,6447
447,6493
338,6600
186,6663
211,6682
321,6710
412,6813
216,7031
86,7045
278,7161
374,7266
84,7409
168,7607
478,7772
162,8136
350,8498

simblock.block.ProofOfWorkBlock@3293f14f:50
71,0
276,530
297,851
242,1071
215,1197
423,1291
314,1500
33,1545
131,1560
322,1609
228,1694
117,1757
20,1823
195,1825
378,1827
19,1830
120,1891
285,1897
182,1913
342,1963
301,2033
232,2034
269,2046
50,2048
159,2059
470,2096
74,2117
111,2119
98,2148
390,2149
429,2150
273,2171
119,2178
486,2181
424,2181
479,2193
397,2230
126,2242
385,2252
462,2254
207,2255
468,2256
353,2264
67,2272
300,2306
329,2314
244,2318
383,2320
380,2322
271,2357
218,2366
217,2368
280,2386
150,2392
254,2392
251,2393
495,2399
403,2399
419,2418
49,2422
365,2442
101,2447
169,2451
298,2456
141,2459
177,2462
48,2474
80,2477
34,2482
83,2484
102,2500
331,2503
362,2508
6,2524
355,2524
317,2529
198,2529
268,2533
130,2540
394,2543
114,2560
400,2573
132,2577
108,2584
376,2588
398,2590
456,2591
263,2595
497,2596
281,2599
436,2604
146,2605
480,2607
347,2613
17,2614
316,2619
22,2622
303,2624
35,2633
209,2640
472,2644
292,2664
323,2665
75,2665
42,2666
455,2672
421,2674
123,2674
416,2675
147,2675
291,2676
396,2677
407,2685
321,2694
445,2705
258,2706
112,2712
73,2726
464,2735
15,2738
191,2747
465,2748
93,2749
37,2749
237,2751
446,2755
245,2765
175,2773
144,2775
277,2775
64,2785
44,2787
299,2793
384,2798
186,2801
418,2801
4,2801
320,2803
241,2804
327,2804
145,2806
359,2807
109,2808
337,2809
240,2814
227,2817
382,2818
326,2818
404,2830
307,2831
412,2833
357,2841
192,2849
226,2850
349,2851
476,2853
444,2861
388,2868
235,2868
333,2871
294,2872
318,2874
238,2874
206,2879
289,2881
463,2881
47,2882
469,2883
181,2884
310,2887
411,2888
90,2890
485,2891
431,2892
488,2896
79,2900
52,2900
453,2901
250,2901
345,2904
393,2906
370,2910
54,2912
96,2912
26,2925
25,2927
222,2947
128,2951
92,2972
247,2973
51,2973
379,2990
63,3006
471,3009
105,3016
72,3018
239,3020
422,3025
438,3025
82,3026
473,3026
122,3027
11,3027
5,3027
28,3029
402,3030
257,3032
87,3034
216,3035
12,3035
154,3038
440,3041
432,3043
46,3044
32,3045
197,3053
1,3056
190,3060
121,3073
8,3077
367,3080
330,3081
265,3089
328,3090
492,3093
78,3095
336,3096
230,3099
53,3099
450,3105
413,3109
493,3111
199,3112
266,3113
139,3115
137,3126
143,3126
309,3127
346,3127
43,3127
358,3129
283,3133
315,3136
129,3136
372,3136
409,3141
134,3142
405,3142
434,3144
234,3149
339,3153
151,3154
475,3171
451,3174
344,3180
203,3198
77,3201
164,3202
165,3211
288,3218
483,3221
167,3231
2,3232
461,3232
435,3241
149,3242
457,3243
377,3246
65,3249
152,3250
368,3253
60,3255
417,3256
272,3257
430,3260
293,3261
153,3262
458,3270
205,3284
40,3297
95,3299
387,3300
9,3307
156,3307
274,3309
410,3313
460,3324
62,3327
474,3330
311,3335
391,3340
163,3341
3,3342
334,3342
14,3350
261,3352
180,3353
312,3356
489,3363
39,3363
136,3365
304,3378
23,3380
188,3382
99,3383
466,3397
498,3399
212,3400
94,3403
30,3416
31,3437
76,3439
189,3440
171,3441
408,3442
375,3451
260,3464
348,3468
325,3471
69,3476
200,3477
16,3482
287,3486
27,3489
231,3489
55,3490
7,3508
81,3517
308,3518
386,3524
125,3530
279,3536
415,3557
208,3558
381,3561
133,3562
499,3563
61,3564
59,3568
88,3589
193,3590
70,3590
389,3593
482,3595
45,3607
252,3609
103,3612
135,3624
138,3648
66,3672
221,3678
360,3688
21,3698
142,3700
427,3704
158,3714
36,3715
91,3715
441,3717
270,3720
24,3721
366,3746
253,3767
57,3768
361,3775
58,3788
97,3796
176,3796
196,3805
352,3815
160,3819
113,3847
174,3863
255,3879
225,3887
275,3897
229,3899
477,3900
467,3906
406,3927
306,3932
454,3941
487,3945
420,3949
354,3957
248,3975
236,3987
395,4012
481,4018
302,4019
124,4021
356,4049
491,4061
282,4063
104,4084
233,4085
38,4115
166,4127
448,4132
155,4139
223,4159
364,4166
140,4167
305,4170
426,4170
115,4190
194,4208
56,4210
41,4211
363,4246
173,4252
201,4278
392,4288
256,4292
343,4306
335,4321
170,4359
246,4384
202,4397
449,4397
220,4449
371,4458
286,4479
243,4482
179,4496
264,4507
284,4510
178,4510
157,4532
187,4535
295,4572
184,4579
84,4622
459,4626
89,4652
484,4673
296,4698
500,4721
10,4763
249,4777
68,4784
172,4809
161,4851
494,4865
319,4867
442,4868
447,4876
290,4885
100,4943
278,4959
401,5002
29,5062
259,5121
118,5138
341,5190
313,5191
340,5237
399,5414
183,5415
324,5429
18,5481
439,5501
106,5518
213,5600
452,5719
490,5801
262,5859
107,5875
86,5885
496,5948
116,5962
219,6018
373,6164
369,6239
350,6254
224,6306
148,6324
414,6416
425,6537
85,6605
478,6617
168,6752
185,6883
351,6899
211,6978
437,7199
267,7262
162,7340
110,7352
338,7627
127,7651
204,7828
428,7995
374,8148
210,8297
443,8358
332,8770
433,9242
13,9710
214,10179

simblock.block.ProofOfWorkBlock@20019b7a:51
490,0
28,280
55,388
405,493
488,559
336,600
92,663
433,671
409,705
63,769
140,777
7,780
116,809
205,843
163,873
261,878
211,882
188,886
93,915
368,943
36,951
453,951
478,978
13,985
118,987
460,989
162,1026
482,1046
262,1049
176,1056
386,1059
420,1065
441,1065
274,1087
158,1089
8,1092
16,1095
329,1103
129,1121
440,1135
170,1155
278,1156
303,1158
61,1160
282,1164
210,1164
414,1164
312,1165
387,1169
86,1175
415,1193
96,1196
348,1197
477,1199
153,1200
473,1201
352,1227
450,1236
448,1236
135,1245
270,1259
1,1261
185,1261
250,1264
31,1266
178,1268
224,1268
443,1270
472,1270
201,1270
203,1272
124,1276
419,1299
457,1303
459,1303
24,1305
204,1307
417,1317
226,1322
214,1326
75,1328
94,1333
494,1334
340,1340
306,1341
367,1342
413,1346
105,1350
216,1352
393,1355
233,1364
186,1367
466,1368
272,1369
39,1372
143,1372
255,1374
85,1375
325,1376
82,1377
345,1378
202,1378
231,1379
286,1380
315,1381
476,1382
304,1383
65,1401
392,1404
208,1407
293,1408
206,1409
321,1411
437,1414
89,1419
357,1423
112,1425
248,1426
366,1438
22,1441
113,1442
164,1443
128,1444
412,1445
377,1446
485,1448
339,1451
134,1453
62,1454
160,1459
110,1460
483,1460
200,1462
179,1462
330,1471
18,1472
309,1472
29,1479
25,1480
236,1480
344,1481
499,1482
121,1483
133,1483
324,1485
44,1485
40,1486
439,1486
51,1487
161,1489
53,1489
311,1494
239,1509
484,1515
213,1518
328,1522
350,1527
294,1528
230,1534
267,1537
136,1541
445,1541
180,1542
492,1544
427,1546
399,1547
363,1548
15,1548
389,1548
454,1549
155,1549
12,1550
184,1550
307,1550
66,1554
88,1555
58,1555
264,1558
408,1559
428,1561
235,1563
349,1565
275,1570
422,1576
337,1576
287,1577
426,1578
27,1584
100,1588
487,1589
78,1589
57,1592
72,1592
369,1593
107,1593
471,1593
346,1593
122,1594
237,1597
305,1598
279,1599
83,1616
190,1617
343,1623
320,1627
397,1628
70,1631
102,1634
332,1636
77,1641
21,1642
469,1643
401,1646
194,1646
196,1649
458,1650
60,1654
167,1654
157,1656
491,1657
199,1658
475,1659
310,1665
449,1669
302,1682
17,1684
425,1689
241,1690
438,1697
298,1697
181,1698
402,1699
333,1700
59,1700
103,1703
342,1703
95,1705
149,1712
455,1716
137,1729
251,1731
290,1734
373,1735
4,1744
220,1745
406,1746
281,1749
447,1750
451,1752
154,1754
308,1759
84,1759
106,1763
35,1765
127,1771
87,1778
398,1778
436,1783
198,1784
291,1788
253,1790
108,1794
117,1796
381,1797
416,1799
64,1803
359,1806
430,1810
228,1812
266,1815
80,1816
150,1817
316,1819
156,1820
97,1820
114,1824
323,1825
3,1832
489,1834
356,1847
19,1848
500,1848
486,1848
496,1851
464,1855
177,1857
165,1862
56,1863
338,1863
47,1865
388,1873
301,1876
26,1887
391,1890
212,1892
73,1894
358,1895
407,1897
268,1898
362,1902
182,1909
258,1910
215,1916
54,1921
385,1921
20,1923
144,1928
442,1930
351,1942
120,1944
234,1953
410,1958
446,1963
431,1969
30,1970
249,1974
5,1975
424,1977
283,1977
277,1984
252,1992
394,1992
317,1996
130,1997
434,2001
168,2003
247,2008
380,2018
327,2020
495,2022
273,2023
365,2025
463,2027
147,2033
285,2035
318,2040
382,2040
474,2047
159,2051
34,2052
148,2065
444,2067
429,2070
493,2072
223,2072
383,2073
376,2078
370,2083
166,2087
354,2088
131,2091
33,2093
191,2103
101,2105
229,2108
52,2112
91,2114
411,2115
123,2119
465,2119
300,2129
98,2131
68,2131
299,2132
222,2138
6,2140
331,2141
341,2147
175,2153
432,2173
319,2177
41,2186
32,2195
76,2197
240,2203
400,2212
197,2218
256,2227
192,2232
479,2237
90,2252
313,2257
109,2257
139,2264
187,2268
2,2278
435,2283
115,2290
132,2292
48,2298
244,2299
254,2322
245,2322
480,2336
37,2339
10,2343
269,2359
364,2364
49,2365
334,2368
142,2379
462,2392
119,2413
14,2420
452,2422
219,2424
232,2424
461,2435
403,2437
152,2440
467,2442
360,2443
189,2455
126,2456
271,2462
371,2469
361,2478
141,2486
99,2496
111,2501
280,2512
289,2522
421,2555
259,2559
227,2579
292,2581
74,2586
23,2596
378,2596
218,2611
395,2613
372,2619
171,2645
468,2651
396,2656
276,2667
151,2708
497,2733
295,2734
217,2748
355,2750
173,2761
384,2780
67,2787
9,2802
11,2808
43,2816
46,2828
297,2832
374,2848
326,2877
498,2910
221,2927
390,2927
314,2951
238,2966
209,2968
207,2981
375,2986
418,3007
243,3009
347,3046
225,3097
335,3147
169,3151
138,3157
195,3182
404,3227
257,3264
38,3267
146,3299
104,3307
284,3312
42,3314
242,3334
456,3482
260,3482
470,3483
172,3489
481,3516
379,3540
296,3568
45,3615
81,3639
353,3700
263,3815
193,3821
79,3821
322,3852
246,3880
288,3903
145,3976
50,4153
423,4154
265,4261
125,4323
174,4499
71,4668
183,4891
69,5064

simblock.block.ProofOfWorkBlock@7988901b:51
479,0
251,361
131,502
465,639
403,710
59,773
117,843
300,879
150,914
37,977
362,995
182,1012
398,1053
446,1063
469,1112
269,1131
353,1137
361,1146
74,1197
5,1202
376,1244
134,1252
257,1266
436,1269
119,1276
190,1280
159,1288
323,1328
462,1332
165,1338
238,1349
396,1368
192,1379
19,1391
249,1411
181,1413
215,1423
385,1475
463,1476
429,1482
386,1493
404,1498
495,1502
188,1503
291,1504
83,1512
75,1513
367,1531
358,1531
486,1546
35,1548
52,1560
303,1563
73,1609
2,1611
26,1616
397,1617
394,1640
438,1642
347,1646
198,1648
264,1650
130,1653
384,1667
97,1674
102,1681
285,1682
15,1687
473,1724
46,1725
390,1729
103,1729
174,1736
222,1742
90,1745
166,1755
307,1761
480,1780
421,1783
278,1788
279,1790
228,1792
277,1813
33,1817
370,1828
365,1830
120,1862
497,1864
411,1864
205,1870
336,1876
53,1879
240,1889
156,1897
63,1910
112,1927
144,1950
54,1951
177,1951
233,1961
329,1963
399,1968
162,1974
1,1981
412,1991
316,1995
101,1997
292,1999
160,2015
331,2016
294,2017
57,2019
109,2025
392,2027
69,2033
488,2057
20,2067
326,2083
410,2098
419,2106
262,2114
344,2124
124,2137
383,2155
242,2173
406,2177
224,2178
356,2179
137,2186
352,2190
453,2193
154,2206
116,2206
468,2220
309,2223
194,2225
127,2237
485,2244
315,2246
350,2250
129,2254
320,2255
457,2280
458,2286
318,2295
261,2298
84,2323
89,2335
98,2339
186,2342
44,2351
64,2356
293,2359
416,2360
36,2364
346,2402
93,2404
283,2405
24,2412
319,2417
348,2418
267,2433
311,2434
281,2439
92,2453
77,2471
85,2471
339,2472
484,2484
66,2485
475,2492
49,2494
330,2496
332,2512
178,2518
459,2524
301,2545
184,2552
58,2566
206,2573
483,2576
168,2583
500,2590
349,2631
16,2632
454,2632
231,2636
121,2639
477,2645
368,2661
304,2662
322,2664
308,2670
146,2686
201,2698
94,2703
393,2710
357,2711
210,2719
387,2722
274,2731
236,2740
321,2744
499,2753
470,2768
8,2777
472,2796
471,2799
449,2803
490,2810
340,2817
428,2860
402,2862
420,2862
414,2865
310,2870
113,2887
14,2891
441,2894
369,2903
169,2904
306,2923
464,2937
91,2939
466,2948
18,2952
373,2961
443,2971
211,2972
30,2988
253,2991
183,2997
492,3003
302,3024
229,3025
164,3032
447,3038
455,3043
80,3046
422,3087
366,3089
216,3093
271,3110
425,3110
252,3116
202,3122
493,3131
389,3159
9,3168
381,3177
489,3177
295,3188
476,3188
482,3198
82,3208
287,3220
67,3242
380,3254
208,3254
31,3259
405,3276
256,3300
220,3312
111,3312
152,3313
167,3318
29,3319
99,3342
440,3359
327,3368
39,3391
360,3409
276,3415
481,3416
374,3417
478,3425
223,3433
408,3449
423,3468
297,3480
286,3482
34,3490
275,3509
474,3511
56,3535
288,3541
227,3561
354,3576
136,3584
400,3602
243,3610
142,3612
232,3613
345,3624
299,3646
4,3653
191,3677
218,3694
45,3708
363,3708
118,3708
172,3712
221,3734
296,3785
452,3797
173,3803
196,3810
334,3813
195,3857
325,3859
312,3882
151,3893
378,3911
341,3929
60,3934
391,3948
115,4010
375,4022
263,4035
359,4039
246,4088
467,4101
81,4121
259,4138
239,4156
62,4161
106,4184
290,4237
388,4259
68,4312
213,4384
104,4388
333,4391
108,4508
351,4509
337,4602
456,4617
32,4621
155,4745
313,4838
272,5088
148,5110
187,5164
70,5475
132,5487
170,5564
442,5811
203,6040
225,6135
86,6500
415,6517

simblock.block.ProofOfWorkBlock@1365d72d:52
355,0
463,365
424,510
76,645
349,716
331,779
397,861
291,875
273,913
381,997
234,1000
316,1010
102,1070
19,1131
215,1138
405,1139
149,1142
37,1146
75,1206
301,1217
218,1229
281,1269
56,1281
198,1281
26,1281
144,1344
376,1353
52,1356
385,1366
438,1371
286,1372
239,1374
192,1377
111,1402
258,1414
384,1414
477,1424
327,1436
497,1477
465,1483
175,1491
11,1493
33,1495
222,1497
141,1504
431,1506
160,1506
90,1506
460,1528
134,1545
235,1557
388,1566
436,1571
240,1578
292,1583
386,1602
305,1603
251,1617
209,1626
280,1630
97,1633
35,1634
486,1634
464,1636
14,1637
101,1640
476,1642
323,1644
269,1645
167,1648
211,1659
401,1667
394,1701
300,1702
74,1706
185,1707
130,1709
444,1713
42,1716
187,1724
361,1725
403,1728
70,1732
399,1732
298,1750
390,1751
358,1753
470,1763
109,1766
329,1768
383,1769
370,1770
249,1770
16,1772
165,1773
22,1773
257,1773
140,1775
46,1778
73,1780
191,1786
340,1799
303,1806
216,1828
396,1831
362,1836
380,1847
434,1848
197,1848
18,1849
416,1849
132,1851
411,1851
382,1853
244,1853
3,1857
247,1860
47,1862
151,1862
415,1869
6,1871
321,1879
203,1882
287,1887
365,1896
131,1896
338,1897
59,1898
5,1900
326,1901
318,1902
119,1905
379,1909
135,1910
96,1914
238,1917
106,1922
2,1932
53,1933
60,1936
65,1938
103,1943
495,1950
200,1957
206,1964
169,1967
117,1971
345,1976
77,1981
446,1981
490,1984
285,1984
237,1986
85,1986
20,1986
32,1987
245,1988
44,1989
479,1991
462,1995
468,1999
412,2000
179,2000
420,2005
224,2005
466,2007
325,2007
406,2016
342,2032
108,2033
181,2038
317,2043
196,2045
408,2048
343,2056
313,2058
268,2060
480,2063
347,2064
150,2066
83,2068
48,2072
437,2076
339,2077
306,2078
7,2088
39,2092
417,2094
205,2095
1,2095
8,2096
455,2100
421,2118
21,2118
429,2121
404,2122
220,2123
40,2123
484,2129
15,2130
308,2130
332,2131
112,2133
147,2134
182,2135
89,2138
418,2138
120,2140
63,2143
143,2145
148,2146
368,2158
309,2162
228,2169
126,2170
363,2186
168,2189
435,2194
356,2198
277,2198
266,2199
359,2202
204,2204
442,2204
225,2204
51,2206
95,2213
155,2213
156,2215
312,2216
213,2218
17,2224
494,2225
170,2226
54,2226
473,2226
202,2226
62,2231
49,2236
123,2239
159,2246
253,2247
398,2255
254,2257
307,2259
270,2263
180,2264
458,2271
293,2271
78,2273
500,2273
387,2289
153,2289
154,2292
451,2298
87,2306
493,2307
178,2308
336,2309
127,2322
177,2322
72,2323
471,2328
113,2329
443,2341
80,2348
84,2349
261,2351
427,2351
496,2352
92,2357
357,2357
393,2358
226,2363
283,2365
488,2366
457,2368
311,2371
157,2371
128,2375
248,2386
439,2388
274,2400
161,2406
99,2410
27,2410
264,2412
337,2415
278,2423
28,2424
152,2425
133,2428
61,2428
353,2430
94,2433
66,2436
171,2438
25,2440
344,2443
330,2449
43,2451
489,2452
407,2457
454,2458
319,2458
453,2459
367,2460
320,2461
262,2472
246,2474
265,2474
498,2483
230,2484
499,2484
12,2487
314,2488
374,2492
250,2493
445,2500
391,2500
146,2512
199,2514
279,2518
64,2519
409,2526
183,2528
302,2529
91,2534
121,2534
137,2534
190,2535
297,2538
166,2543
432,2550
350,2550
351,2557
428,2565
433,2567
195,2572
461,2578
58,2578
440,2582
201,2583
163,2593
275,2596
67,2598
162,2598
136,2602
125,2603
100,2613
105,2615
276,2620
115,2622
45,2623
294,2624
360,2627
93,2629
487,2647
335,2650
366,2656
31,2662
88,2662
164,2666
194,2671
352,2677
414,2683
459,2685
441,2687
328,2688
116,2688
447,2691
82,2714
9,2717
482,2743
333,2746
252,2753
400,2753
389,2757
378,2759
469,2761
492,2762
419,2764
29,2766
172,2769
267,2771
377,2777
256,2777
13,2778
68,2792
124,2794
346,2796
207,2797
24,2808
373,2809
491,2819
450,2825
472,2830
229,2837
188,2841
118,2867
475,2888
86,2891
231,2894
129,2897
71,2900
158,2904
284,2907
483,2917
348,2921
272,2922
456,2929
139,2935
263,2950
193,2966
392,2970
426,2977
289,2985
410,2990
122,2994
304,3003
236,3004
57,3022
334,3026
233,3038
208,3053
299,3056
485,3063
260,3079
232,3080
189,3093
467,3116
425,3124
375,3127
55,3131
4,3131
395,3136
310,3136
38,3137
107,3150
210,3207
271,3212
173,3213
295,3216
474,3225
184,3237
259,3251
322,3272
176,3290
242,3304
104,3318
290,3334
23,3360
422,3363
282,3365
372,3370
402,3376
223,3396
142,3415
481,3430
30,3434
50,3436
227,3441
369,3442
354,3506
145,3518
36,3521
452,3525
423,3545
341,3572
478,3591
110,3602
212,3603
288,3608
10,3634
81,3648
186,3669
174,3781
255,3801
114,3804
79,3806
371,3818
413,3830
324,3831
34,3844
448,3896
69,4046
449,4055
430,4058
41,4081
296,4124
221,4200
214,4284
243,4349
364,4382
217,4429
315,4510
98,4648
138,4803
219,5137

simblock.block.ProofOfWorkBlock@4510ec2:52
264,0
88,278
412,386
489,491
315,560
319,602
62,666
16,666
124,707
282,772
425,772
352,778
186,811
31,841
203,877
216,878
60,882
499,900
339,916
180,946
154,947
309,951
206,983
233,986
253,987
24,1005
478,1007
248,1029
485,1051
345,1051
201,1051
13,1052
310,1057
275,1060
58,1090
430,1091
51,1091
162,1094
176,1115
311,1119
413,1124
157,1134
262,1155
239,1156
428,1157
294,1162
441,1167
389,1167
440,1168
386,1173
188,1185
161,1195
116,1196
366,1197
477,1201
163,1205
443,1221
121,1225
127,1225
255,1227
1,1231
422,1231
307,1233
85,1239
91,1260
94,1263
357,1264
66,1265
368,1266
202,1267
278,1273
472,1275
274,1277
137,1286
100,1291
454,1301
28,1301
459,1303
279,1307
350,1310
205,1311
407,1312
286,1326
170,1329
22,1332
484,1332
304,1333
466,1334
89,1336
155,1336
36,1337
224,1337
140,1337
190,1339
57,1342
283,1346
84,1366
93,1367
405,1370
320,1371
401,1372
231,1372
367,1377
293,1379
29,1380
107,1386
200,1387
453,1390
426,1392
156,1400
8,1401
261,1415
118,1416
420,1418
433,1428
449,1432
476,1437
409,1438
266,1438
204,1439
21,1440
432,1440
500,1441
92,1441
356,1441
12,1442
25,1443
135,1449
212,1450
113,1450
488,1456
54,1465
55,1468
475,1476
435,1477
487,1480
196,1482
490,1483
64,1485
338,1485
450,1486
417,1489
306,1491
493,1493
167,1494
72,1495
236,1495
355,1497
136,1497
406,1504
337,1506
363,1508
272,1511
324,1513
77,1517
399,1517
168,1518
32,1520
143,1521
285,1521
184,1527
214,1535
387,1541
351,1543
473,1545
105,1546
164,1547
18,1548
40,1548
185,1548
95,1550
213,1550
70,1551
330,1553
226,1553
448,1554
457,1555
483,1555
321,1556
302,1557
340,1564
388,1565
447,1572
328,1574
133,1581
427,1583
289,1584
27,1584
496,1586
392,1587
402,1592
492,1596
408,1597
122,1598
86,1599
53,1603
451,1603
179,1603
344,1603
59,1608
312,1611
333,1611
128,1616
393,1617
208,1618
445,1622
287,1623
111,1629
325,1631
78,1632
398,1637
20,1640
63,1640
346,1646
44,1648
414,1650
112,1653
308,1654
460,1654
250,1654
148,1655
194,1655
494,1659
267,1659
61,1659
39,1659
458,1665
415,1671
471,1672
482,1683
437,1688
369,1693
326,1697
211,1702
303,1703
331,1706
348,1709
343,1712
153,1713
424,1714
418,1715
199,1716
373,1726
442,1726
410,1728
270,1735
141,1739
419,1739
361,1742
336,1745
365,1758
305,1758
6,1759
332,1761
220,1767
383,1777
169,1783
15,1783
215,1784
126,1785
149,1786
210,1787
160,1797
103,1798
46,1800
3,1800
48,1804
19,1807
292,1810
178,1811
129,1816
82,1819
97,1819
106,1827
480,1832
359,1845
245,1846
491,1847
192,1848
108,1849
209,1850
102,1857
254,1859
110,1859
327,1860
416,1864
486,1869
436,1871
83,1871
396,1872
380,1879
317,1879
225,1880
175,1880
329,1883
438,1890
349,1891
117,1906
56,1907
75,1917
439,1927
497,1930
33,1931
318,1932
230,1932
138,1933
323,1943
7,1951
65,1952
237,1956
134,1956
269,1962
49,1965
14,1965
120,1969
90,1970
495,1976
76,1988
390,1991
446,1994
131,1996
465,2001
144,2003
166,2010
123,2021
379,2022
159,2024
362,2025
165,2037
183,2045
142,2057
158,2061
47,2063
377,2067
177,2067
150,2067
147,2069
241,2076
119,2077
370,2082
403,2089
5,2089
249,2092
227,2093
316,2098
498,2099
404,2100
463,2102
189,2104
221,2127
247,2131
35,2134
423,2140
4,2144
298,2147
470,2148
222,2154
34,2157
347,2161
187,2179
299,2180
171,2181
229,2184
9,2185
378,2195
198,2195
238,2215
240,2219
52,2233
71,2239
301,2242
42,2255
469,2261
452,2261
232,2263
400,2266
87,2266
434,2280
130,2287
421,2288
50,2288
431,2300
353,2303
182,2309
384,2316
381,2318
276,2323
295,2324
11,2324
243,2354
197,2366
372,2382
251,2387
23,2388
273,2396
80,2412
260,2425
172,2426
462,2434
341,2435
257,2437
354,2443
69,2453
73,2455
139,2458
385,2461
481,2464
235,2473
2,2508
132,2509
74,2511
99,2515
322,2515
314,2519
291,2520
43,2526
234,2529
411,2534
96,2544
228,2553
358,2588
334,2595
277,2605
244,2614
265,2615
263,2635
342,2663
114,2672
290,2720
464,2727
468,2733
268,2733
429,2741
109,2748
288,2753
281,2764
193,2766
474,2768
479,2770
38,2798
374,2800
101,2832
191,2832
271,2855
181,2900
371,2926
219,2930
218,2959
17,2968
26,2973
258,2984
300,3007
252,3008
151,3051
280,3052
246,3064
456,3089
364,3092
391,3103
395,3142
313,3182
394,3185
296,3185
297,3186
37,3205
397,3227
30,3236
467,3313
207,3340
41,3385
256,3393
382,3410
10,3425
461,3447
444,3453
67,3474
145,3516
125,3542
335,3543
242,3573
455,3635
360,3676
376,3678
104,3716
284,3724
68,3760
195,3807
259,3869
81,3907
79,3990
98,4015
174,4062
146,4069
152,4137
115,4149
223,4258
217,4327
173,4403
375,4449
45,4674

simblock.block.ProofOfWorkBlock@53cbb00d:52
138,0
486,1052
388,1578
240,2103
234,2634
130,3168
177,3698
443,4268
63,4842
29,5410
206,5985
420,6558
184,7135
369,7709
274,8278
163,8851
115,9521

simblock.block.ProofOfWorkBlock@36d84f26:53
281,0
273,349
438,482
329,618
355,700
326,761
291,834
111,834
431,903
361,969
462,970
134,977
35,1036
331,1063
418,1103
247,1105
327,1117
33,1136
384,1171
497,1183
238,1197
424,1204
228,1237
235,1253
383,1255
19,1314
358,1318
404,1322
257,1325
251,1331
218,1334
76,1348
57,1348
16,1365
83,1372
90,1388
280,1389
215,1418
46,1420
166,1447
15,1458
73,1459
365,1462
131,1465
269,1467
165,1468
470,1471
106,1477
301,1492
463,1501
42,1505
292,1521
268,1523
325,1528
486,1533
362,1549
489,1590
304,1592
394,1593
347,1601
480,1601
59,1605
56,1609
222,1610
370,1611
20,1612
17,1615
102,1619
72,1631
285,1632
161,1642
266,1652
318,1655
5,1656
416,1667
323,1669
465,1670
411,1675
436,1682
245,1682
37,1687
60,1690
205,1692
240,1692
234,1717
330,1729
444,1729
220,1729
405,1730
408,1737
91,1737
192,1739
101,1741
108,1742
429,1743
117,1745
191,1754
96,1758
85,1767
342,1770
397,1782
151,1798
2,1801
14,1804
298,1805
381,1807
254,1815
464,1816
109,1819
346,1819
97,1821
272,1822
159,1822
130,1824
1,1827
186,1830
149,1834
52,1836
399,1839
447,1842
270,1846
177,1846
316,1853
198,1855
48,1859
390,1863
317,1871
209,1874
107,1875
315,1876
144,1876
237,1878
306,1880
136,1880
485,1882
65,1885
126,1890
75,1895
147,1902
175,1907
188,1916
300,1917
488,1918
332,1921
88,1928
277,1935
241,1937
380,1938
63,1938
74,1941
407,1946
468,1948
123,1953
150,1954
403,1956
29,1957
343,1961
182,1961
244,1962
313,1963
168,1967
80,1968
275,1970
278,1971
54,1974
264,1974
388,1979
294,1982
398,1982
119,1983
18,1988
13,1989
353,2001
120,2005
359,2019
78,2020
135,2021
258,2026
340,2027
406,2027
385,2031
495,2033
289,2036
212,2043
350,2044
428,2054
4,2054
167,2056
124,2062
160,2065
422,2073
225,2076
132,2077
338,2082
84,2085
140,2087
349,2087
442,2089
146,2089
479,2091
181,2096
460,2098
6,2102
412,2103
195,2104
202,2105
476,2105
94,2106
308,2106
483,2106
199,2120
401,2125
376,2134
417,2138
471,2143
494,2143
249,2145
22,2148
122,2148
414,2153
344,2157
339,2162
66,2164
204,2164
26,2166
421,2170
114,2171
24,2173
312,2177
413,2179
82,2184
162,2185
382,2190
216,2193
55,2196
450,2198
419,2199
319,2200
141,2200
267,2200
415,2204
11,2207
183,2210
197,2212
435,2214
32,2216
446,2216
50,2217
351,2217
379,2219
113,2223
47,2229
89,2229
148,2233
103,2235
169,2239
163,2242
496,2252
154,2252
44,2255
87,2264
448,2271
203,2277
434,2277
352,2280
210,2287
190,2288
200,2298
500,2299
112,2299
311,2309
303,2309
21,2311
3,2315
224,2320
139,2321
466,2326
261,2333
70,2335
493,2338
484,2340
40,2342
69,2343
164,2346
133,2351
49,2352
265,2355
377,2357
432,2364
231,2370
185,2371
487,2372
288,2374
455,2375
39,2378
478,2379
25,2382
345,2389
30,2391
31,2392
61,2396
110,2397
279,2397
178,2399
7,2406
250,2406
453,2415
491,2416
499,2417
187,2419
451,2419
337,2424
425,2426
62,2429
248,2433
155,2433
375,2437
95,2439
53,2442
79,2447
321,2456
443,2463
276,2469
475,2476
260,2488
121,2489
8,2502
473,2506
423,2511
396,2513
286,2514
170,2515
115,2517
433,2523
333,2525
293,2527
363,2529
307,2537
287,2544
128,2551
171,2553
368,2563
201,2566
256,2568
86,2569
430,2577
194,2577
58,2584
196,2585
459,2595
176,2598
104,2602
490,2607
206,2622
387,2623
143,2630
217,2637
335,2641
51,2642
469,2646
336,2651
474,2652
369,2654
341,2667
409,2668
391,2669
67,2674
302,2675
34,2680
184,2683
366,2684
207,2697
371,2697
138,2698
400,2708
93,2716
441,2730
179,2735
38,2740
236,2744
314,2744
426,2760
457,2764
230,2768
378,2772
152,2791
437,2791
427,2792
100,2799
324,2809
440,2810
348,2810
445,2812
242,2814
305,2820
334,2829
173,2845
284,2846
77,2853
357,2856
458,2869
174,2877
356,2877
12,2879
262,2879
239,2894
246,2902
328,2906
129,2916
232,2924
274,2946
127,2956
158,2977
374,2977
64,3011
213,3025
180,3035
233,3042
449,3048
252,3057
372,3067
461,3072
145,3074
156,3082
208,3084
92,3099
472,3103
153,3107
310,3111
386,3127
28,3134
9,3136
271,3156
253,3172
41,3178
229,3208
98,3255
420,3263
105,3266
439,3271
402,3275
481,3277
68,3279
259,3281
367,3310
410,3312
283,3334
116,3336
389,3352
243,3360
226,3363
99,3367
43,3377
211,3407
214,3489
393,3498
36,3498
454,3503
492,3541
157,3549
27,3563
296,3563
221,3589
223,3591
137,3600
118,3634
299,3658
172,3667
255,3718
392,3730
320,3735
125,3797
498,3797
45,3803
395,3855
364,3864
482,3865
142,3913
282,3945
373,3957
23,3961
360,3970
71,3995
322,4110
81,4114
295,4153
297,4159
477,4172
309,4194
290,4271
219,4297
456,4414
193,4454
354,4458
467,4471
227,4475
452,4599
10,4774
263,5082
189,5386

simblock.block.ProofOfWorkBlock@6af70f96:54
291,0
46,352
438,490
347,639
384,705
463,800
396,840
361,849
431,937
326,974
247,983
394,991
318,1054
238,1077
292,1128
134,1129
355,1159
331,1187
497,1193
269,1211
91,1218
404,1218
353,1266
281,1277
316,1293
277,1293
300,1322
182,1340
327,1343
147,1344
131,1352
218,1357
73,1399
37,1426
151,1427
6,1434
386,1447
5,1456
362,1460
429,1476
132,1477
273,1483
478,1492
301,1493
401,1499
127,1503
424,1522
17,1533
215,1541
486,1546
349,1559
235,1565
465,1569
101,1570
93,1579
153,1591
383,1598
255,1603
78,1606
480,1612
59,1619
83,1629
35,1630
14,1640
385,1649
112,1650
76,1657
33,1676
422,1680
19,1680
3,1683
169,1683
495,1697
191,1698
90,1700
403,1703
222,1703
368,1703
442,1705
283,1706
479,1707
206,1711
209,1713
485,1717
185,1732
441,1733
313,1753
298,1753
444,1763
187,1776
388,1782
198,1783
249,1783
270,1783
202,1786
430,1786
29,1788
192,1791
15,1798
382,1808
489,1810
177,1813
226,1815
49,1816
56,1818
28,1820
453,1824
26,1831
280,1832
268,1834
166,1837
167,1837
351,1838
87,1841
228,1843
420,1844
397,1844
240,1848
159,1855
86,1865
25,1869
239,1883
148,1890
325,1893
302,1893
342,1894
435,1894
144,1897
97,1900
150,1901
211,1912
317,1917
220,1918
124,1919
338,1925
251,1928
194,1929
337,1931
414,1942
267,1943
75,1947
65,1949
323,1951
20,1951
123,1965
72,1965
160,1966
154,1967
411,1971
304,1972
106,1978
130,1978
200,1979
120,1980
253,1983
462,1984
149,1986
390,1987
94,1989
119,1992
88,1996
199,2000
188,2003
432,2005
305,2014
230,2016
212,2020
234,2022
52,2027
175,2028
285,2028
425,2035
108,2035
205,2036
241,2040
358,2046
310,2050
289,2053
245,2054
105,2055
380,2062
470,2062
398,2063
161,2066
110,2068
443,2069
450,2070
266,2071
118,2074
261,2080
165,2080
376,2082
64,2082
324,2084
498,2086
363,2086
370,2087
66,2090
455,2091
82,2101
248,2102
377,2104
458,2106
451,2112
102,2112
85,2114
379,2119
158,2120
294,2121
31,2122
109,2125
7,2125
13,2125
244,2128
225,2129
233,2137
293,2139
433,2143
406,2144
22,2147
274,2148
417,2148
464,2157
181,2157
264,2170
141,2171
332,2172
40,2175
262,2175
60,2175
237,2175
365,2186
494,2186
74,2188
315,2193
204,2194
44,2201
454,2201
126,2204
393,2205
329,2205
272,2207
446,2208
319,2209
224,2210
190,2216
408,2216
359,2221
133,2223
468,2224
32,2224
278,2229
163,2230
254,2231
95,2242
122,2244
24,2249
287,2255
140,2260
321,2269
107,2271
92,2275
201,2279
117,2281
203,2285
34,2290
63,2292
208,2294
460,2296
477,2297
27,2299
439,2301
2,2308
16,2310
210,2314
53,2317
197,2323
80,2330
473,2330
402,2331
499,2331
61,2334
311,2338
303,2339
387,2339
352,2340
11,2345
12,2345
179,2346
405,2346
164,2348
496,2352
469,2357
476,2364
138,2364
96,2365
457,2367
415,2374
490,2375
100,2386
227,2395
334,2404
328,2406
1,2409
84,2410
482,2410
135,2412
260,2413
413,2415
309,2416
421,2417
39,2418
445,2419
121,2428
54,2431
176,2435
68,2436
155,2437
129,2438
8,2439
51,2441
47,2446
250,2448
195,2452
275,2453
330,2472
38,2472
271,2478
137,2479
18,2479
487,2481
381,2491
48,2493
440,2500
488,2509
343,2524
114,2528
307,2528
213,2539
186,2542
193,2544
434,2544
89,2549
170,2560
99,2563
77,2564
178,2565
217,2568
409,2574
162,2575
471,2579
42,2583
184,2594
412,2600
50,2601
348,2602
207,2608
416,2626
43,2630
36,2634
229,2638
312,2640
246,2642
173,2643
345,2643
466,2643
55,2644
492,2645
128,2659
168,2663
373,2665
418,2667
392,2669
491,2676
279,2701
286,2705
139,2713
103,2713
378,2731
265,2734
71,2735
41,2739
493,2740
288,2741
367,2753
111,2760
70,2764
436,2771
426,2774
58,2775
156,2789
257,2802
183,2805
360,2807
276,2811
340,2824
428,2827
335,2830
344,2857
116,2863
391,2865
4,2866
374,2872
366,2872
410,2879
475,2891
437,2894
21,2899
375,2933
407,2933
174,2934
171,2959
354,2960
484,2966
314,2967
104,2978
357,2987
427,2990
356,2992
372,2999
369,3001
62,3005
258,3024
336,3051
322,3091
216,3091
449,3094
447,3100
423,3108
180,3117
57,3122
459,3126
290,3129
461,3138
152,3189
297,3194
136,3201
143,3214
282,3220
472,3225
333,3226
295,3231
419,3236
79,3262
299,3268
500,3276
236,3320
399,3345
146,3349
350,3350
474,3355
125,3381
67,3401
242,3424
231,3429
157,3441
483,3451
320,3452
448,3455
256,3489
69,3521
223,3532
23,3565
113,3579
346,3580
400,3622
172,3652
196,3655
339,3668
284,3682
145,3686
306,3687
452,3704
259,3710
142,3757
232,3789
395,3826
252,3828
115,3872
296,3882
308,3887
214,3922
45,3930
30,3951
221,4011
341,4015
243,4123
9,4128
389,4161
467,4178
219,4182
364,4184
456,4230
481,4423
371,4427
10,4464
81,4477
98,4486
189,4764
263,5068

simblock.block.ProofOfWorkBlock@8c8b3ba:54
485,0
315,280
304,390
282,497
211,567
466,606
306,671
448,672
356,763
473,777
201,783
107,783
405,853
70,868
366,881
392,886
262,891
274,897
272,952
369,957
302,965
64,975
84,985
419,995
95,995
180,1003
337,1048
312,1059
135,1061
204,1062
449,1070
453,1072
7,1073
213,1080
13,1092
190,1099
368,1101
31,1107
460,1132
212,1147
445,1152
339,1160
105,1166
345,1170
116,1173
157,1173
454,1176
408,1178
21,1178
439,1199
136,1206
94,1207
492,1212
402,1214
163,1234
483,1247
267,1250
417,1252
472,1252
58,1262
66,1263
158,1265
179,1271
406,1272
124,1278
346,1281
430,1282
351,1283
476,1283
148,1284
220,1298
156,1301
140,1301
16,1302
93,1311
78,1313
386,1316
415,1318
343,1333
143,1343
457,1343
443,1345
500,1349
401,1357
18,1357
86,1359
57,1359
357,1359
278,1367
194,1371
236,1371
12,1373
62,1373
389,1375
413,1377
122,1377
72,1383
323,1384
303,1386
307,1387
330,1389
387,1389
170,1390
459,1405
103,1407
233,1408
40,1411
328,1418
464,1418
53,1419
88,1420
475,1422
27,1424
340,1436
427,1440
283,1447
176,1449
414,1450
118,1452
89,1452
184,1454
319,1458
199,1461
309,1462
29,1463
367,1465
482,1467
168,1475
336,1475
226,1477
185,1478
344,1479
202,1482
230,1483
432,1483
203,1487
270,1492
420,1492
36,1494
127,1495
22,1496
250,1496
407,1496
447,1508
129,1512
490,1513
347,1522
224,1523
51,1524
409,1525
188,1531
489,1532
410,1533
377,1535
393,1545
350,1549
167,1555
155,1556
294,1558
488,1561
373,1563
493,1567
77,1567
333,1568
496,1569
91,1572
55,1572
63,1575
164,1580
311,1582
412,1582
131,1584
399,1584
121,1585
484,1587
308,1589
384,1589
390,1595
1,1596
206,1597
494,1599
266,1600
39,1601
161,1601
159,1605
225,1606
361,1608
133,1613
253,1613
477,1619
8,1622
2,1624
310,1628
436,1629
153,1632
338,1636
160,1637
326,1640
149,1645
178,1647
154,1653
261,1661
264,1662
128,1668
110,1668
478,1669
54,1671
279,1673
486,1674
441,1676
440,1677
437,1680
24,1682
214,1683
117,1687
352,1687
275,1692
287,1697
425,1698
186,1701
487,1702
196,1702
435,1702
44,1704
499,1705
298,1707
471,1711
123,1713
17,1714
321,1724
231,1725
28,1727
398,1740
60,1745
25,1748
200,1748
273,1751
255,1753
286,1754
113,1761
248,1762
424,1764
458,1768
205,1769
144,1773
451,1779
433,1783
422,1784
162,1786
280,1792
332,1796
305,1797
491,1800
20,1804
363,1805
450,1806
428,1806
316,1807
320,1807
442,1809
293,1809
329,1811
119,1812
52,1819
47,1823
497,1824
495,1832
249,1835
239,1836
11,1839
470,1846
114,1848
394,1850
318,1856
85,1857
165,1859
438,1864
3,1875
109,1885
61,1888
137,1891
48,1893
56,1893
208,1902
6,1905
151,1906
300,1906
426,1911
100,1916
33,1925
92,1930
101,1931
355,1941
455,1941
96,1945
382,1954
132,1957
210,1962
172,1963
362,1969
381,1974
463,1980
254,1982
431,1986
175,1990
141,1991
26,1998
257,1998
348,1998
197,1999
358,2003
245,2008
331,2010
418,2014
74,2015
82,2020
5,2023
240,2024
342,2029
50,2034
15,2041
292,2041
59,2044
152,2045
90,2047
281,2049
349,2052
251,2060
404,2062
80,2065
434,2065
237,2072
444,2072
35,2076
289,2079
192,2082
169,2089
234,2105
365,2108
247,2113
134,2118
479,2124
468,2126
87,2137
221,2141
299,2147
120,2149
396,2150
238,2153
246,2153
189,2156
102,2158
181,2163
187,2167
301,2177
42,2180
30,2183
19,2190
269,2197
228,2205
285,2212
416,2213
411,2227
150,2227
41,2237
147,2240
359,2250
97,2252
73,2268
218,2268
198,2270
126,2280
265,2282
395,2289
380,2289
191,2294
79,2296
65,2301
111,2303
469,2304
327,2312
252,2314
182,2322
341,2333
290,2341
171,2342
258,2348
271,2355
227,2360
146,2362
106,2367
14,2371
295,2372
403,2382
354,2391
244,2391
222,2392
446,2397
277,2398
388,2409
232,2417
142,2437
173,2438
421,2439
263,2446
215,2472
23,2473
378,2478
465,2489
360,2489
461,2507
112,2514
34,2520
108,2523
37,2525
75,2526
385,2526
474,2529
32,2548
98,2550
391,2567
353,2588
207,2602
397,2611
379,2615
288,2619
314,2622
429,2627
313,2635
452,2643
370,2665
9,2667
242,2674
138,2683
76,2693
219,2704
99,2720
284,2723
83,2746
325,2747
480,2758
241,2767
217,2771
462,2808
423,2821
229,2825
376,2833
235,2839
256,2848
276,2860
38,2867
375,2868
68,2961
291,2968
177,2975
45,2984
193,3025
317,3041
166,3051
268,3065
243,3071
139,3087
10,3101
260,3157
383,3175
130,3186
174,3195
46,3196
481,3202
209,3269
49,3286
334,3298
498,3356
371,3421
456,3445
183,3459
364,3490
67,3520
374,3534
467,3586
145,3600
297,3601
372,3687
335,3757
115,3834
223,3836
400,3863
195,3866
81,3941
296,4196
43,4199
125,4292
104,4529
259,4546
71,4642
322,4862
69,5037

simblock.block.ProofOfWorkBlock@60889683:55
75,0
244,351
300,484
32,618
359,709
388,751
376,835
187,842
349,891
177,972
130,977
342,977
327,1025
197,1068
131,1106
151,1109
56,1115
397,1192
301,1195
5,1206
102,1239
192,1240
65,1243
77,1251
455,1257
194,1263
436,1328
385,1329
370,1331
52,1333
144,1374
384,1375
326,1378
470,1387
7,1432
166,1443
159,1459
367,1460
331,1464
292,1464
132,1471
237,1471
220,1472
164,1477
282,1490
489,1492
15,1496
497,1512
191,1522
33,1523
454,1539
270,1544
317,1546
249,1553
6,1571
479,1593
316,1593
87,1598
74,1602
416,1610
111,1610
411,1613
11,1617
483,1624
269,1625
169,1639
255,1644
463,1651
408,1652
268,1657
153,1660
462,1683
108,1683
381,1683
325,1688
449,1689
421,1690
124,1694
424,1695
82,1696
236,1704
403,1711
428,1717
86,1718
121,1719
361,1727
281,1728
390,1730
46,1731
205,1738
149,1741
97,1748
422,1750
431,1751
133,1753
323,1753
212,1757
312,1760
468,1760
93,1770
116,1772
215,1790
106,1793
225,1794
347,1814
355,1815
114,1819
47,1820
257,1821
198,1821
298,1823
441,1823
234,1823
35,1824
78,1830
83,1831
464,1840
24,1841
70,1843
382,1847
31,1856
80,1859
141,1864
486,1865
383,1865
134,1866
182,1868
307,1868
475,1874
358,1881
201,1882
109,1882
352,1884
185,1884
434,1886
84,1892
380,1893
365,1897
8,1908
112,1909
44,1918
490,1919
487,1929
404,1929
135,1930
289,1931
414,1932
419,1937
324,1940
26,1940
293,1942
22,1945
55,1948
394,1949
14,1950
398,1955
280,1957
150,1957
218,1960
446,1961
147,1963
258,1967
379,1969
203,1974
49,1974
107,1974
184,1977
350,1979
346,1979
123,1982
228,1983
117,1988
222,1988
94,1989
51,1991
175,1998
251,2000
233,2001
118,2002
238,2003
366,2004
444,2013
427,2016
457,2016
415,2026
480,2028
285,2034
101,2034
267,2037
119,2041
37,2042
27,2044
329,2047
57,2049
239,2051
148,2055
351,2060
202,2068
241,2070
105,2072
168,2077
90,2078
235,2083
266,2088
304,2092
120,2093
88,2094
59,2096
76,2099
73,2100
126,2100
200,2100
433,2100
2,2102
321,2104
363,2104
294,2107
500,2108
450,2108
353,2110
140,2110
451,2111
368,2113
17,2115
438,2120
110,2121
291,2122
95,2124
240,2125
374,2134
318,2136
42,2136
91,2145
393,2146
209,2149
224,2150
283,2155
25,2158
401,2160
48,2160
499,2163
410,2165
248,2165
315,2165
170,2166
154,2167
273,2170
407,2176
129,2177
245,2180
337,2191
396,2196
392,2200
442,2201
63,2204
348,2205
420,2207
430,2215
20,2219
471,2221
465,2229
340,2246
477,2247
469,2250
305,2254
303,2256
181,2263
40,2264
254,2267
399,2275
287,2297
328,2297
162,2306
309,2311
437,2312
146,2313
313,2317
466,2318
445,2320
485,2323
362,2326
458,2327
61,2328
377,2329
333,2330
179,2334
332,2335
85,2336
39,2338
53,2343
113,2350
495,2352
439,2357
330,2358
425,2360
230,2363
18,2367
231,2368
320,2371
13,2373
36,2376
387,2377
429,2377
211,2382
103,2386
279,2392
213,2392
311,2393
373,2398
79,2401
1,2406
405,2408
389,2409
277,2415
115,2416
418,2422
165,2425
306,2427
163,2432
96,2434
395,2436
161,2437
16,2440
417,2442
276,2448
481,2448
221,2466
386,2476
448,2481
167,2483
247,2486
143,2487
356,2495
339,2511
459,2527
137,2528
128,2537
435,2539
423,2542
136,2551
4,2551
66,2551
21,2559
89,2563
334,2572
426,2575
45,2582
158,2583
204,2593
275,2601
369,2605
473,2606
378,2612
125,2614
492,2618
199,2622
259,2627
50,2627
219,2628
176,2629
278,2631
274,2633
319,2635
344,2642
19,2648
493,2658
409,2661
172,2662
157,2663
412,2670
338,2670
30,2678
171,2681
271,2694
214,2707
72,2709
12,2711
195,2720
190,2734
152,2747
482,2780
180,2784
372,2784
496,2787
28,2788
253,2789
302,2795
272,2802
498,2816
402,2823
345,2831
290,2835
3,2836
453,2837
413,2855
186,2861
494,2862
262,2865
160,2868
336,2868
138,2875
400,2884
29,2884
178,2897
216,2898
406,2903
295,2907
68,2917
242,2919
54,2940
246,2944
100,2964
322,3001
263,3007
250,3013
210,3018
64,3019
58,3020
343,3056
440,3063
156,3065
41,3082
232,3084
357,3087
314,3090
155,3094
206,3097
34,3106
71,3115
360,3120
122,3124
296,3137
354,3151
217,3161
99,3163
256,3169
226,3171
43,3178
467,3179
10,3189
488,3196
69,3209
491,3238
60,3248
310,3289
208,3291
297,3311
264,3314
478,3321
375,3322
127,3327
193,3359
461,3379
139,3395
443,3398
23,3407
452,3414
260,3416
145,3437
9,3437
229,3449
243,3453
364,3466
207,3473
472,3475
142,3479
456,3497
67,3498
341,3511
92,3516
447,3523
261,3556
460,3563
335,3614
62,3627
227,3680
288,3708
371,3745
484,3746
38,3750
391,3758
265,3763
223,3778
432,3790
188,3792
284,3803
81,3814
476,3854
308,3971
299,4059
173,4069
286,4082
183,4087
189,4096
98,4104
196,4198
174,4342
252,4382
104,4397
474,4397

simblock.block.ProofOfWorkBlock@176ffa69:56
362,0
73,351
238,486
429,623
247,707
465,760
291,841
325,858
365,896
384,979
280,980
37,992
438,1073
19,1110
396,1116
473,1121
218,1128
463,1196
42,1210
441,1212
17,1212
269,1244
240,1247
52,1261
237,1328
383,1334
347,1337
323,1342
485,1346
35,1358
82,1361
257,1378
33,1396
298,1397
346,1398
134,1427
449,1441
210,1444
455,1462
424,1466
182,1470
46,1472
249,1478
331,1479
216,1490
301,1493
345,1503
209,1516
111,1530
479,1539
349,1549
144,1562
361,1569
415,1574
386,1589
468,1598
380,1599
403,1600
212,1600
497,1604
431,1605
149,1608
409,1612
126,1612
300,1617
197,1620
447,1623
222,1624
315,1626
352,1644
444,1651
36,1667
272,1672
254,1673
355,1682
488,1687
326,1691
268,1699
97,1701
353,1701
166,1703
483,1709
379,1713
492,1720
328,1721
203,1722
357,1726
480,1729
215,1733
70,1743
495,1747
397,1751
292,1751
421,1754
44,1754
228,1762
356,1765
370,1766
251,1769
88,1775
63,1782
59,1787
416,1791
8,1795
450,1797
377,1806
285,1809
434,1817
366,1821
131,1822
278,1825
20,1825
381,1826
153,1831
303,1831
235,1831
316,1832
169,1832
135,1834
78,1834
194,1835
394,1835
233,1838
112,1840
177,1845
213,1848
14,1851
201,1853
110,1855
95,1864
358,1867
306,1871
74,1873
25,1881
318,1886
258,1887
351,1887
234,1888
411,1889
89,1892
116,1893
13,1895
270,1897
130,1901
96,1909
180,1910
141,1913
102,1915
274,1917
338,1918
470,1924
16,1926
266,1929
275,1937
500,1939
404,1943
304,1946
150,1946
491,1949
191,1954
442,1954
486,1955
466,1956
163,1957
93,1961
56,1964
47,1964
255,1967
188,1968
76,1968
86,1968
165,1971
359,1972
90,1974
48,1975
245,1983
408,1986
462,1986
309,1992
208,1993
54,1994
176,1998
399,1999
26,2001
443,2003
161,2008
170,2011
168,2015
5,2019
83,2020
57,2021
107,2021
446,2022
124,2025
60,2026
445,2028
230,2030
108,2031
458,2041
327,2042
128,2043
469,2046
204,2046
75,2048
206,2056
12,2057
241,2057
273,2058
120,2059
122,2061
282,2061
312,2061
84,2063
65,2063
64,2063
192,2065
313,2068
148,2069
321,2072
28,2074
348,2074
174,2074
333,2081
277,2081
244,2089
199,2090
342,2090
401,2094
476,2097
123,2097
499,2098
160,2100
389,2101
385,2103
66,2104
187,2106
340,2109
2,2109
329,2112
432,2113
103,2113
472,2116
119,2119
250,2119
143,2122
324,2123
264,2124
460,2125
129,2129
101,2129
407,2130
117,2133
100,2136
15,2138
436,2141
85,2147
320,2150
382,2150
307,2151
281,2162
430,2163
433,2175
412,2175
39,2176
344,2179
27,2179
195,2184
159,2186
317,2187
337,2201
227,2205
147,2206
205,2213
53,2222
133,2223
420,2224
175,2225
11,2225
157,2244
109,2246
392,2246
464,2248
178,2250
294,2250
32,2252
339,2253
494,2253
72,2254
87,2257
253,2269
319,2272
186,2272
49,2273
398,2280
4,2288
427,2289
369,2290
155,2291
368,2292
305,2299
261,2300
99,2301
202,2306
422,2312
279,2317
140,2331
311,2333
162,2334
293,2335
50,2336
363,2337
425,2341
22,2342
388,2343
226,2344
482,2348
393,2354
151,2357
390,2358
283,2362
330,2363
475,2363
114,2364
69,2365
229,2365
198,2367
225,2368
405,2377
493,2387
252,2400
387,2401
61,2401
402,2402
80,2406
132,2408
260,2420
6,2429
40,2430
265,2434
224,2442
67,2446
454,2449
287,2450
302,2453
62,2454
106,2455
419,2458
418,2469
142,2471
391,2476
496,2477
179,2477
127,2478
373,2480
289,2480
3,2480
336,2482
284,2490
207,2494
439,2497
220,2497
118,2498
45,2498
343,2504
498,2509
426,2515
423,2517
181,2518
262,2519
332,2521
156,2528
435,2531
417,2531
91,2534
171,2536
267,2542
154,2570
51,2571
55,2575
137,2579
1,2589
376,2589
185,2597
299,2604
145,2609
92,2612
360,2622
246,2624
478,2634
115,2638
367,2640
481,2642
98,2667
29,2677
217,2678
451,2679
487,2682
41,2689
276,2694
471,2703
350,2706
236,2714
58,2714
461,2715
121,2725
18,2727
94,2730
71,2734
193,2743
448,2744
295,2745
211,2748
410,2753
459,2762
105,2764
31,2770
38,2783
477,2799
354,2799
456,2801
113,2802
173,2803
271,2812
334,2830
196,2837
146,2842
248,2844
490,2862
138,2869
372,2886
139,2891
406,2905
167,2907
437,2934
24,2948
214,2948
440,2955
164,2957
184,2980
200,2991
413,2996
259,3004
104,3019
297,3024
183,3026
77,3028
474,3047
453,3064
221,3070
414,3092
374,3096
23,3113
158,3131
428,3133
296,3143
68,3163
239,3175
125,3207
7,3221
21,3222
375,3240
364,3240
308,3292
232,3294
457,3318
219,3326
371,3339
452,3350
79,3416
190,3421
243,3430
189,3444
30,3449
489,3451
10,3509
400,3520
136,3526
290,3543
152,3606
395,3616
34,3655
286,3673
223,3710
378,3731
172,3748
484,3755
242,3809
9,3837
341,3847
43,3916
256,3924
288,3974
310,3980
335,4009
231,4214
314,4221
263,4312
467,4509
322,4523
81,4810

simblock.block.ProofOfWorkBlock@1ae37647:56
317,0
301,354
381,489
285,625
325,712
411,760
424,838
280,860
277,895
385,973
365,979
249,1002
47,1031
165,1110
150,1114
2,1132
6,1138
141,1243
289,1246
468,1250
338,1267
151,1268
187,1272
403,1331
497,1382
268,1382
126,1383
169,1384
240,1403
298,1406
327,1467
117,1468
486,1475
166,1485
318,1489
82,1494
380,1520
379,1520
323,1521
198,1523
33,1542
222,1547
106,1603
175,1604
316,1612
479,1612
119,1620
388,1621
15,1625
244,1626
101,1655
431,1659
397,1683
404,1703
39,1723
31,1748
448,1749
436,1750
147,1751
5,1763
220,1765
418,1769
49,1771
353,1804
120,1823
153,1847
76,1877
309,1882
489,1903
159,1906
310,1929
112,1939
292,1958
143,1973
178,1975
127,1976
206,1989
459,1993
466,1995
367,1999
181,2011
189,2023
25,2030
342,2040
179,2046
402,2077
251,2081
4,2108
387,2131
420,2137
370,2147
330,2157
105,2159
116,2188
36,2198
443,2200
58,2202
44,2206
250,2215
72,2221
279,2225
399,2233
211,2235
1,2242
63,2246
236,2266
272,2287
51,2296
216,2311
500,2322
259,2332
79,2335
392,2336
315,2347
393,2360
413,2377
307,2382
304,2391
264,2403
319,2423
202,2428
18,2429
24,2432
261,2453
348,2457
62,2458
389,2462
333,2466
157,2476
188,2493
34,2512
253,2515
471,2538
140,2557
256,2563
445,2567
231,2602
83,2609
350,2610
454,2621
472,2649
462,2649
312,2658
30,2660
321,2661
494,2661
491,2688
417,2694
164,2697
487,2698
161,2704
332,2726
368,2765
85,2766
260,2777
458,2795
130,2832
86,2836
230,2836
191,2838
384,2870
210,2871
185,2875
352,2883
427,2888
68,2889
163,2919
274,2922
262,2936
28,2937
199,2940
425,2953
43,2964
334,2971
12,2976
363,2998
451,3007
438,3057
32,3058
343,3061
311,3062
314,3076
271,3098
341,3100
296,3101
8,3102
102,3103
136,3109
88,3111
16,3149
490,3152
233,3163
77,3169
461,3193
114,3193
21,3194
194,3235
108,3275
474,3275
361,3277
422,3290
265,3319
182,3324
485,3343
488,3349
226,3375
344,3379
37,3399
53,3415
322,3420
453,3420
463,3421
19,3424
326,3425
446,3438
447,3461
229,3464
291,3494
269,3504
278,3522
223,3573
176,3581
84,3609
50,3620
60,3622
52,3644
282,3644
38,3649
213,3649
104,3660
366,3689
218,3712
145,3723
144,3724
273,3730
75,3748
426,3754
173,3755
177,3760
133,3801
482,3812
276,3838
11,3844
122,3847
493,3854
313,3863
92,3869
221,3872
405,3875
55,3916
378,3954
242,3968
449,3981
283,4045
400,4048
42,4048
498,4056
469,4071
124,4080
146,4083
464,4085
396,4085
419,4100
460,4102
125,4104
184,4145
180,4167
134,4169
224,4210
328,4215
132,4302
174,4302
29,4311
73,4324
40,4330
290,4359
195,4378
56,4379
135,4387
455,4398
284,4400
183,4401
356,4447
200,4451
97,4492
113,4531
212,4538
121,4556
103,4589
364,4604
270,4614
74,4625
252,4660
227,4700
288,4711
371,4712
294,4742
9,4748
450,4763
337,4764
305,4798
205,4815
107,4860
186,4892
41,4905
263,4930
442,4952
207,4991
98,5011
219,5049
467,5074
297,5096
386,5133
61,5187
208,5225
452,5235
225,5279
360,5331
243,5367
335,5401
345,5499
81,5535
351,5550
369,5610
162,5643
142,5674
45,5679
193,5702
67,5835
428,5911
439,5972
340,6010
118,6339
478,6371

simblock.block.ProofOfWorkBlock@7c9c0120:57
185,0
491,278
248,385
31,489
430,561
121,596
267,669
63,676
367,700
25,771
373,774
433,780
386,805
363,842
309,876
293,877
36,878
407,887
230,913
88,946
204,951
303,955
70,980
51,982
439,987
261,990
214,995
29,1024
306,1050
487,1055
212,1056
7,1059
153,1062
122,1062
272,1084
351,1086
412,1094
275,1098
336,1099
307,1100
196,1124
78,1130
343,1155
458,1159
105,1161
321,1162
55,1163
233,1163
203,1164
472,1168
199,1169
333,1179
89,1189
340,1191
489,1200
124,1203
264,1208
402,1209
157,1211
161,1225
283,1231
344,1236
460,1236
213,1239
91,1259
236,1262
93,1263
40,1263
448,1267
92,1269
86,1270
211,1272
160,1273
200,1274
168,1276
53,1276
129,1286
477,1288
58,1295
488,1297
57,1306
44,1311
328,1313
103,1314
494,1328
454,1332
62,1333
366,1337
449,1338
405,1339
39,1340
116,1343
194,1343
408,1346
339,1351
231,1358
143,1367
110,1368
77,1370
414,1372
127,1372
401,1373
16,1373
425,1374
274,1378
24,1378
357,1378
66,1379
427,1383
428,1383
190,1384
432,1384
419,1387
332,1393
250,1400
205,1400
281,1402
346,1408
278,1410
64,1419
118,1421
270,1421
262,1434
459,1438
302,1439
286,1443
453,1443
133,1444
356,1445
409,1448
113,1450
206,1451
492,1453
279,1454
324,1457
443,1458
499,1466
158,1472
415,1474
287,1479
478,1479
417,1480
422,1480
162,1481
466,1482
304,1483
440,1484
413,1484
451,1487
65,1487
496,1490
148,1491
426,1491
164,1492
253,1495
180,1495
61,1505
482,1507
350,1510
437,1511
483,1512
224,1515
435,1516
471,1517
46,1520
493,1526
337,1526
5,1529
450,1530
311,1541
216,1546
368,1546
179,1546
308,1548
441,1548
320,1551
369,1552
13,1553
457,1553
202,1558
178,1560
22,1560
170,1561
484,1563
208,1570
398,1583
155,1584
137,1587
84,1588
239,1588
18,1589
72,1590
94,1590
176,1591
490,1594
348,1596
319,1597
485,1599
243,1599
473,1602
35,1604
83,1605
345,1614
27,1616
167,1619
500,1620
305,1620
60,1622
100,1623
154,1624
82,1625
117,1631
352,1639
399,1644
12,1648
111,1650
393,1650
282,1653
392,1657
21,1659
156,1660
377,1660
136,1664
128,1669
4,1677
97,1679
182,1680
291,1685
445,1693
387,1693
389,1695
410,1698
244,1701
234,1702
273,1702
310,1706
201,1708
149,1712
20,1713
266,1722
376,1724
135,1725
184,1744
384,1746
49,1749
140,1752
186,1758
107,1763
241,1764
382,1765
222,1765
447,1771
469,1779
106,1781
434,1782
237,1784
436,1785
277,1786
150,1794
497,1798
8,1798
130,1801
330,1802
220,1805
226,1805
342,1807
209,1807
268,1813
406,1814
475,1814
396,1816
269,1820
416,1823
17,1828
28,1829
290,1829
476,1831
126,1832
87,1848
95,1849
383,1854
463,1862
420,1863
421,1866
404,1869
318,1870
289,1875
197,1883
446,1892
47,1892
42,1894
403,1894
235,1897
359,1898
480,1903
163,1903
390,1904
329,1905
188,1908
338,1919
468,1922
370,1926
112,1927
397,1927
418,1933
358,1937
54,1939
219,1939
431,1949
3,1953
37,1958
132,1959
315,1968
317,1977
385,1979
141,1980
326,1983
175,1983
119,1988
123,2005
215,2005
294,2011
192,2014
240,2016
455,2022
470,2028
191,2030
300,2032
379,2033
26,2033
90,2038
361,2039
395,2046
325,2049
238,2052
312,2066
181,2074
411,2074
210,2074
251,2080
33,2088
165,2092
195,2095
76,2110
48,2114
34,2115
365,2123
442,2124
2,2126
81,2138
331,2140
101,2142
56,2146
276,2149
292,2154
323,2157
221,2158
322,2162
74,2164
109,2166
255,2172
1,2179
144,2202
452,2202
495,2202
355,2203
481,2204
32,2205
69,2218
327,2223
349,2231
14,2234
296,2234
400,2235
429,2242
108,2253
444,2255
347,2256
171,2257
99,2261
218,2276
159,2283
498,2285
85,2305
254,2306
102,2311
30,2314
147,2317
334,2342
23,2349
187,2352
125,2355
394,2359
341,2360
438,2366
98,2372
227,2377
120,2384
6,2385
131,2390
104,2410
198,2421
362,2423
375,2427
249,2431
229,2452
15,2452
301,2458
316,2476
177,2490
232,2490
10,2491
134,2495
223,2509
75,2530
9,2533
353,2534
265,2579
380,2580
260,2580
271,2585
247,2585
242,2590
151,2602
11,2603
424,2612
41,2637
465,2643
284,2649
80,2652
280,2655
71,2661
298,2680
456,2681
228,2695
146,2698
257,2708
79,2741
115,2753
388,2756
59,2772
391,2782
486,2798
371,2826
225,2828
169,2868
299,2924
462,2932
138,2939
139,2942
313,2976
217,2988
364,2989
354,3014
252,3023
96,3025
467,3040
479,3053
256,3118
474,3159
372,3174
52,3198
189,3198
381,3245
314,3262
193,3269
263,3276
461,3375
142,3392
19,3419
152,3448
245,3465
68,3502
288,3553
172,3601
246,3609
114,3645
258,3682
335,3736
295,3771
43,3782
423,3843
166,3863
67,3885
50,3936
374,4021
464,4081
378,4121
297,4158
174,4285
285,4298
38,4353
73,4516
183,4672
145,4685
207,4848
259,5032
360,5181
173,5427
45,5536

simblock.block.ProofOfWorkBlock@6a2bc0:57
180,0
262,280
278,388
127,493
330,584
315,601
18,669
282,690
476,705
478,770
24,778
204,794
387,811
309,874
432,880
274,881
352,890
31,898
22,918
85,952
135,983
435,986
136,987
211,989
321,994
475,999
351,1004
346,1027
412,1066
483,1093
107,1094
287,1096
414,1101
94,1104
155,1106
44,1110
164,1134
82,1168
253,1170
460,1198
485,1203
358,1204
337,1211
201,1213
293,1215
40,1215
157,1240
473,1266
7,1271
16,1274
408,1275
363,1283
156,1305
386,1307
264,1314
36,1315
368,1324
366,1328
64,1355
389,1374
13,1377
167,1384
310,1388
399,1389
168,1412
88,1413
190,1422
210,1423
209,1424
419,1432
92,1453
447,1459
5,1461
484,1482
153,1490
179,1493
492,1517
286,1528
93,1540
202,1544
245,1557
116,1558
163,1567
250,1590
62,1594
392,1605
12,1608
277,1609
235,1610
110,1627
348,1632
129,1649
147,1653
494,1674
441,1676
35,1683
251,1692
39,1695
350,1703
499,1712
496,1722
489,1733
148,1754
453,1757
326,1758
29,1780
459,1790
275,1811
401,1819
257,1829
269,1830
306,1860
132,1879
184,1888
394,1902
200,1918
327,1922
222,1922
308,1931
316,1944
50,1948
134,1964
398,1978
75,1982
418,1990
353,2009
377,2031
463,2048
182,2085
411,2101
111,2107
329,2109
486,2120
86,2147
318,2150
181,2151
17,2169
166,2184
450,2198
442,2200
469,2207
177,2222
15,2227
440,2256
429,2268
234,2306
436,2319
117,2322
446,2328
178,2338
230,2361
187,2371
65,2378
130,2388
165,2424
307,2428
359,2440
396,2447
172,2454
323,2459
144,2489
271,2531
241,2535
225,2536
298,2540
33,2547
70,2567
273,2583
416,2589
465,2597
281,2613
47,2662
61,2664
462,2669
197,2671
360,2711
240,2742
109,2755
481,2757
292,2758
198,2767
79,2788
407,2797
285,2803
237,2811
479,2814
229,2825
331,2860
314,2864
192,2884
106,2891
320,2891
26,2892
152,2952
2,2952
404,2975
141,2989
290,2990
421,3029
160,3034
10,3090
32,3110
428,3120
193,3120
480,3132
227,3149
317,3158
378,3171
28,3178
217,3199
207,3201
232,3207
500,3222
495,3246
171,3257
265,3287
150,3296
104,3312
423,3324
112,3330
438,3360
357,3382
55,3407
68,3434
126,3443
67,3455
464,3468
498,3480
9,3503
325,3533
468,3576
295,3584
191,3586
170,3590
370,3593
336,3623
226,3641
38,3661
383,3687
365,3710
115,3712
456,3768
91,3852
238,3864
95,3866
372,3869
242,3885
69,3895
299,3917
312,3939
279,3956
449,3957
71,4009
288,4017
66,4082
434,4089
405,4091
140,4160
488,4169
48,4186
297,4285
467,4306
143,4322
63,4324
354,4336
430,4340
246,4347
58,4401
255,4450
20,4513
196,4531
393,4547
98,4642
236,4687
302,4772
477,4827
345,4882
369,4895
195,4947
137,4999
328,5227
133,5245
121,5278
125,5480
458,5606
252,5776
154,5973
139,6081
322,6384

simblock.block.ProofOfWorkBlock@6f092062:58
154,0
255,281
484,390
164,494
488,558
62,609
363,666
190,670
250,714
180,775
1,777
309,779
266,821
344,840
84,881
387,882
414,884
357,894
346,947
338,950
275,955
137,990
77,990
457,994
88,999
493,1017
389,1055
155,1056
476,1060
244,1061
453,1063
21,1067
44,1070
199,1097
279,1099
321,1103
352,1105
343,1108
307,1122
320,1124
64,1160
231,1164
483,1164
85,1164
39,1165
28,1168
262,1170
466,1171
170,1175
118,1187
116,1202
440,1210
63,1213
13,1213
473,1226
312,1226
491,1236
439,1237
206,1248
430,1270
333,1270
345,1271
31,1271
406,1272
253,1274
278,1276
304,1277
413,1278
162,1279
210,1280
436,1280
95,1282
54,1291
161,1298
78,1307
224,1315
254,1316
53,1320
22,1327
450,1330
135,1333
89,1334
410,1339
496,1344
482,1344
24,1345
472,1354
294,1360
366,1369
201,1375
188,1377
293,1377
110,1380
196,1380
401,1380
176,1381
487,1382
157,1382
36,1383
356,1383
205,1385
308,1387
432,1390
399,1395
213,1401
186,1407
319,1411
449,1413
230,1414
455,1415
384,1420
415,1420
310,1426
337,1429
427,1432
91,1438
127,1438
167,1438
485,1441
140,1444
451,1444
448,1445
148,1448
494,1449
136,1449
287,1451
8,1451
93,1452
369,1454
60,1460
82,1464
202,1468
105,1480
92,1481
103,1483
122,1483
40,1485
7,1486
499,1486
66,1488
405,1489
178,1489
57,1489
315,1490
459,1491
454,1496
12,1497
403,1499
477,1501
409,1501
94,1502
51,1506
336,1514
267,1516
184,1517
211,1519
86,1520
350,1522
458,1523
441,1531
428,1532
326,1533
216,1545
58,1549
303,1549
492,1550
348,1553
332,1554
25,1554
72,1557
163,1559
156,1559
402,1560
435,1565
160,1567
408,1570
100,1575
306,1578
340,1578
437,1580
286,1585
407,1589
339,1590
330,1592
29,1593
417,1594
377,1594
386,1597
261,1599
475,1600
248,1606
128,1607
270,1609
208,1611
478,1616
426,1617
119,1618
121,1621
185,1623
392,1624
264,1629
489,1631
108,1632
471,1637
281,1639
236,1639
107,1641
272,1643
282,1649
445,1650
158,1651
18,1661
4,1662
497,1662
55,1663
420,1664
460,1664
412,1665
365,1665
419,1666
300,1666
133,1669
302,1670
433,1671
182,1672
214,1674
283,1678
134,1679
151,1682
3,1685
27,1687
113,1692
500,1693
443,1695
129,1696
490,1697
203,1701
194,1703
212,1708
70,1709
416,1709
35,1712
442,1714
305,1715
373,1732
237,1736
204,1739
368,1743
367,1747
33,1751
323,1767
102,1768
486,1769
5,1772
143,1774
239,1774
11,1784
251,1785
291,1788
179,1801
289,1803
192,1805
233,1807
311,1809
285,1815
351,1819
292,1819
226,1822
48,1831
374,1834
149,1834
166,1837
411,1841
393,1845
153,1849
59,1849
52,1850
109,1856
421,1856
468,1861
465,1864
207,1866
141,1870
101,1871
328,1879
385,1881
87,1885
117,1888
222,1891
177,1892
73,1897
329,1901
464,1902
469,1914
90,1914
126,1915
217,1918
61,1922
168,1923
424,1926
181,1926
394,1930
65,1935
434,1943
249,1953
200,1955
277,1963
301,1965
235,1966
83,1968
197,1982
80,1989
97,1994
447,1996
220,2001
175,2009
14,2013
271,2015
444,2023
418,2023
124,2027
382,2028
370,2029
425,2029
313,2034
431,2037
397,2039
479,2042
241,2052
238,2057
470,2058
379,2061
46,2062
388,2073
347,2076
280,2077
269,2082
130,2086
362,2086
495,2088
463,2099
438,2107
316,2109
355,2110
47,2123
324,2125
75,2125
23,2131
6,2133
228,2133
314,2135
274,2135
452,2138
247,2139
41,2144
104,2145
187,2147
219,2149
19,2153
260,2172
341,2173
132,2174
174,2179
138,2185
349,2187
240,2190
98,2190
30,2208
169,2209
112,2214
317,2219
195,2240
422,2240
189,2247
114,2250
361,2252
372,2254
68,2258
139,2258
480,2261
318,2262
193,2265
232,2270
429,2281
49,2281
147,2282
42,2285
325,2300
398,2303
198,2312
354,2314
334,2316
2,2318
462,2326
34,2327
358,2330
376,2342
111,2344
16,2347
378,2361
242,2365
327,2369
45,2371
191,2372
273,2396
288,2405
243,2410
423,2413
32,2427
123,2438
290,2450
50,2462
142,2463
150,2470
342,2471
360,2479
218,2479
56,2483
209,2499
172,2512
17,2519
131,2540
74,2550
400,2554
159,2565
331,2565
146,2568
268,2573
246,2589
446,2592
67,2600
171,2613
383,2615
252,2619
364,2650
71,2660
353,2667
115,2673
15,2690
359,2694
390,2707
227,2738
165,2765
256,2780
258,2785
298,2791
456,2832
38,2856
229,2866
69,2870
225,2885
371,2910
265,2911
263,2920
396,2921
296,2924
257,2931
81,2947
183,2950
245,2990
461,3004
380,3005
335,3027
375,3062
474,3068
106,3103
10,3116
20,3149
215,3150
299,3197
26,3209
481,3241
404,3256
9,3280
120,3320
43,3357
76,3367
37,3432
284,3449
295,3458
381,3479
221,3479
152,3529
144,3540
391,3579
322,3697
96,3698
79,3699
395,3878
234,3918
297,3929
498,4028
276,4210
145,4252
223,4375
125,4560
259,4598
99,4907
173,4988
467,5305

simblock.block.ProofOfWorkBlock@42e9c70f:58
124,0
309,281
264,386
78,490
143,597
283,667
412,707
88,772
261,814
94,876
489,878
58,920
186,982
338,991
203,997
66,1003
419,1026
457,1087
36,1101
272,1104
204,1108
491,1172
157,1192
16,1206
483,1224
85,1298
158,1302
267,1318
427,1328
470,1330
113,1406
350,1412
121,1427
196,1432
368,1496
339,1510
7,1521
176,1532
253,1538
240,1548
161,1602
319,1615
163,1628
25,1637
64,1710
248,1719
233,1734
425,1748
323,1758
285,1773
294,1818
18,1852
402,1927
131,1937
313,1952
478,1959
198,1976
147,1992
107,2033
352,2140
181,2156
268,2178
479,2179
329,2200
431,2209
310,2253
405,2365
383,2373
300,2401
97,2403
177,2430
166,2434
141,2582
462,2606
11,2620
218,2630
106,2649
67,2783
165,2802
238,2830
397,2838
342,2862
465,2869
469,3026
228,3063
74,3088
421,3095
146,3132
81,3163
273,3250
444,3311
385,3316
301,3317
242,3497
376,3529
316,3533
371,3581
152,3651
175,3747
187,3763
30,3831
334,3911
15,3980
452,3983
98,4078
223,4176
434,4201
467,4302
173,4472
145,4531
259,4890
384,5199
134,5564
111,5926
20,6292
373,6767
190,7237
471,7708
155,8178
91,8649
8,9121
346,9589
321,10057
57,10526
164,10994
324,11466
466,11941
127,12409
445,12879

simblock.block.ProofOfWorkBlock@76e42d41:59
302,0
401,282
306,386
153,494
430,562
92,599
377,666
303,666
472,705
36,770
91,771
352,781
88,842
148,876
170,877
454,885
239,888
20,922
392,944
51,949
210,957
262,981
53,988
449,990
25,993
293,999
414,1049
321,1052
343,1057
278,1063
460,1063
270,1085
308,1093
200,1099
315,1100
475,1104
399,1111
161,1129
131,1143
448,1157
482,1157
357,1159
84,1163
363,1166
489,1168
205,1170
77,1173
185,1189
407,1194
188,1198
324,1207
340,1210
312,1226
27,1230
477,1233
186,1235
8,1249
494,1262
201,1264
127,1265
93,1267
66,1268
58,1269
86,1272
236,1273
119,1275
451,1277
212,1277
63,1278
458,1281
426,1305
338,1306
64,1313
110,1314
17,1320
337,1330
255,1332
405,1335
156,1336
118,1337
178,1338
264,1340
140,1344
441,1348
488,1358
182,1363
194,1365
61,1369
180,1369
412,1370
57,1375
62,1376
203,1377
272,1377
211,1379
491,1379
54,1383
121,1385
1,1389
220,1390
499,1391
427,1395
89,1399
60,1411
368,1412
141,1412
487,1416
336,1417
199,1420
346,1437
39,1439
266,1439
133,1440
311,1440
366,1443
164,1445
196,1446
367,1448
345,1450
389,1451
476,1452
216,1454
184,1456
333,1456
422,1460
31,1463
136,1471
294,1471
176,1475
419,1477
94,1481
500,1482
230,1482
55,1482
417,1484
179,1485
107,1485
40,1489
44,1492
3,1493
433,1495
213,1497
160,1500
373,1500
361,1500
410,1510
214,1510
443,1512
233,1517
279,1518
112,1519
437,1521
466,1522
286,1525
483,1530
102,1538
70,1543
103,1543
7,1545
492,1547
415,1549
283,1550
356,1550
231,1552
348,1553
24,1554
450,1555
135,1558
471,1558
459,1560
435,1561
29,1567
261,1568
267,1572
445,1577
304,1577
149,1580
455,1581
155,1582
332,1586
328,1587
393,1587
440,1589
485,1590
72,1590
162,1594
387,1596
116,1596
320,1599
12,1601
429,1612
439,1613
154,1619
168,1621
319,1625
339,1627
479,1634
122,1635
301,1636
287,1651
204,1653
137,1654
428,1655
457,1655
250,1659
344,1660
369,1662
157,1663
305,1663
282,1664
453,1667
490,1668
484,1669
22,1671
420,1673
158,1674
248,1681
225,1682
105,1682
128,1686
95,1690
85,1696
350,1697
413,1698
124,1698
496,1698
274,1699
330,1700
307,1701
234,1705
277,1707
4,1716
473,1720
65,1722
465,1723
253,1725
268,1728
78,1731
382,1731
424,1733
215,1737
6,1747
493,1747
326,1756
21,1757
13,1760
398,1761
375,1762
37,1765
206,1768
300,1768
224,1768
129,1771
59,1778
100,1778
90,1782
163,1783
432,1792
390,1792
76,1793
327,1796
478,1799
5,1799
82,1801
409,1803
386,1804
143,1808
244,1816
298,1818
358,1819
19,1820
292,1821
74,1821
416,1829
309,1829
159,1838
351,1844
486,1846
38,1856
147,1857
402,1861
237,1869
497,1870
310,1873
226,1874
408,1877
144,1879
134,1881
73,1886
198,1890
380,1893
251,1893
18,1895
202,1896
11,1900
113,1903
108,1903
16,1907
26,1908
151,1909
197,1909
468,1915
192,1919
52,1924
28,1934
318,1940
191,1946
280,1950
2,1952
218,1954
228,1959
469,1964
120,1977
130,1978
425,1979
370,1983
313,1984
245,1991
208,1994
444,1997
347,2000
240,2003
190,2003
447,2003
56,2010
342,2010
275,2011
442,2016
353,2019
317,2034
50,2036
14,2038
436,2039
169,2040
101,2040
395,2040
323,2042
331,2052
142,2059
193,2060
106,2063
172,2064
87,2070
362,2070
379,2073
438,2080
406,2086
254,2089
411,2092
470,2093
83,2093
423,2098
80,2111
48,2114
167,2118
223,2119
47,2125
263,2126
431,2127
175,2136
247,2137
252,2139
349,2141
68,2142
15,2152
394,2159
23,2169
355,2172
291,2175
260,2176
217,2179
397,2182
360,2195
117,2197
391,2209
34,2215
316,2215
385,2220
388,2220
446,2221
181,2224
177,2225
374,2230
123,2234
166,2238
79,2240
138,2241
49,2259
403,2261
30,2262
295,2266
289,2269
32,2287
341,2291
381,2298
256,2299
96,2304
249,2306
314,2308
150,2314
75,2315
189,2336
9,2344
498,2346
495,2348
365,2355
97,2356
241,2359
232,2363
335,2365
139,2371
10,2372
165,2375
227,2380
371,2395
209,2407
329,2412
98,2414
111,2439
325,2442
364,2442
67,2458
109,2478
456,2484
481,2505
104,2505
396,2508
269,2516
354,2519
452,2520
463,2522
400,2568
126,2573
464,2575
235,2580
297,2582
418,2593
243,2599
187,2633
229,2648
276,2667
115,2682
322,2682
242,2688
376,2708
290,2708
46,2743
281,2751
125,2755
183,2759
152,2775
81,2776
461,2788
222,2790
285,2794
195,2795
384,2812
71,2854
174,2858
114,2860
271,2901
33,2926
258,2964
434,2969
284,2970
132,3011
404,3037
173,3082
359,3082
171,3117
43,3124
259,3143
238,3144
35,3185
273,3231
207,3232
421,3255
41,3272
372,3357
257,3414
334,3419
462,3454
299,3465
480,3475
219,3479
99,3583
42,3632
383,3674
146,3770
296,3807
378,3821
145,3962
246,4005
45,4117
288,4141
474,4292
265,4488
221,4629
69,4877
467,5019

simblock.block.ProofOfWorkBlock@5cf9397d:59
353,0
277,358
347,496
182,638
251,713
83,772
365,846
292,864
59,908
317,979
480,992
291,1002
358,1066
431,1121
444,1123
396,1129
336,1138
394,1148
134,1202
285,1203
132,1217
329,1256
289,1259
495,1266
119,1266
381,1329
479,1339
120,1347
111,1349
238,1352
384,1353
262,1364
332,1382
220,1390
198,1402
131,1402
191,1420
47,1462
37,1474
108,1477
151,1479
240,1483
429,1486
228,1487
301,1487
46,1490
313,1502
390,1528
121,1535
112,1536
97,1554
470,1557
126,1560
245,1560
370,1578
186,1592
411,1596
144,1608
312,1610
26,1613
159,1616
42,1617
90,1618
254,1618
187,1620
257,1620
497,1627
269,1627
209,1631
147,1644
268,1671
379,1678
192,1697
323,1698
258,1701
35,1712
383,1717
403,1744
49,1750
235,1752
418,1753
123,1755
486,1759
129,1760
438,1771
14,1774
33,1775
327,1775
306,1781
331,1783
178,1785
137,1792
385,1815
380,1817
31,1826
273,1830
457,1835
56,1836
338,1837
468,1838
427,1842
215,1847
300,1851
492,1854
225,1865
326,1874
436,1887
130,1888
117,1890
462,1892
5,1895
428,1895
76,1901
55,1906
218,1909
455,1909
249,1912
150,1915
74,1924
177,1930
85,1943
101,1949
404,1951
169,1954
166,1973
325,1977
22,1977
465,1978
361,1983
448,1985
318,1988
36,1988
244,1992
95,2000
156,2013
233,2018
175,2020
19,2023
389,2023
281,2028
181,2035
463,2042
362,2053
302,2058
155,2060
82,2063
488,2065
20,2066
388,2069
280,2069
412,2069
478,2072
84,2081
222,2087
165,2090
446,2096
96,2105
109,2112
92,2114
435,2115
283,2118
340,2123
287,2127
397,2136
368,2138
293,2139
124,2140
342,2161
469,2161
466,2163
6,2172
500,2172
16,2196
494,2198
226,2203
464,2204
15,2205
321,2212
136,2213
264,2213
118,2218
2,2221
141,2223
355,2225
279,2226
122,2245
70,2246
24,2247
48,2248
160,2249
387,2253
18,2261
157,2264
167,2279
413,2284
168,2288
164,2289
352,2294
432,2296
4,2299
410,2308
34,2319
483,2330
73,2335
66,2341
416,2343
12,2346
142,2348
386,2354
424,2357
475,2359
445,2361
61,2364
270,2365
328,2365
189,2367
162,2382
399,2388
453,2390
205,2392
349,2396
224,2402
51,2403
53,2403
60,2418
294,2425
460,2432
449,2441
398,2441
89,2443
308,2443
250,2445
214,2446
311,2449
188,2455
71,2462
272,2463
472,2472
208,2473
420,2479
322,2481
195,2482
393,2487
201,2487
217,2488
143,2494
265,2499
333,2506
471,2514
202,2519
88,2519
319,2534
316,2536
414,2543
158,2558
105,2573
467,2578
458,2584
127,2588
489,2589
437,2590
451,2591
27,2605
223,2610
154,2611
152,2612
309,2615
93,2628
21,2631
138,2637
212,2638
491,2639
304,2645
373,2650
476,2654
305,2662
68,2665
79,2668
1,2670
493,2670
267,2673
78,2673
274,2674
350,2680
426,2682
473,2689
255,2702
496,2706
103,2707
490,2713
339,2713
357,2719
163,2719
153,2732
206,2739
7,2746
286,2767
482,2771
346,2777
282,2801
242,2802
392,2810
184,2817
179,2818
77,2820
148,2820
378,2827
337,2841
180,2850
29,2855
213,2862
248,2865
86,2865
299,2880
439,2881
454,2882
415,2889
140,2903
484,2903
307,2906
310,2907
441,2912
330,2912
116,2913
256,2923
100,2935
343,2946
231,2949
369,2957
417,2974
8,3002
477,3003
423,3010
43,3018
348,3030
374,3034
135,3044
190,3048
25,3049
23,3066
91,3068
113,3076
402,3080
320,3090
422,3091
405,3091
481,3105
145,3111
196,3129
230,3132
38,3132
64,3138
253,3141
146,3167
183,3174
345,3183
367,3188
10,3191
210,3199
314,3199
229,3200
211,3232
232,3235
99,3256
221,3261
366,3270
110,3274
278,3297
63,3316
425,3318
354,3334
227,3334
440,3357
407,3365
44,3366
271,3366
115,3373
243,3385
498,3408
39,3413
459,3428
207,3443
45,3444
485,3457
172,3466
297,3497
58,3500
216,3500
419,3545
360,3558
193,3602
356,3639
41,3653
252,3664
219,3680
236,3684
474,3699
447,3726
9,3728
456,3744
296,3766
408,3821
288,3851
315,3869
259,3943
194,3954
69,3956
382,3978
200,4015
30,4076
125,4160
284,4162
295,4189
400,4246
13,4249
452,4265
364,4277
87,4322
351,4378
98,4462
290,4489
75,4570
67,4570
371,4580
72,4615
359,4852
341,4873
395,4885
173,4896
263,5178
11,5227
81,5492
266,5599
3,5983
57,8650
324,9125

simblock.block.ProofOfWorkBlock@7aa73393:60
386,0
266,280
309,384
8,488
321,564
203,664
63,671
351,744
407,767
154,775
255,775
287,842
315,858
336,874
415,880
61,884
286,945
36,948
54,953
185,964
163,979
389,987
31,1001
110,1022
168,1045
13,1050
279,1054
492,1058
303,1060
164,1061
488,1069
471,1091
231,1104
236,1106
262,1127
305,1136
306,1140
392,1157
406,1158
443,1159
363,1162
44,1163
367,1164
484,1166
28,1168
340,1178
199,1195
22,1195
437,1209
422,1212
39,1226
448,1233
275,1234
158,1235
344,1243
445,1246
489,1250
129,1264
153,1264
449,1265
93,1265
137,1268
278,1268
414,1269
62,1272
89,1277
494,1283
441,1299
202,1308
420,1313
148,1316
274,1316
51,1317
346,1326
304,1331
453,1335
454,1338
78,1339
103,1340
161,1341
178,1349
194,1352
211,1355
491,1356
493,1358
57,1363
459,1368
428,1370
77,1373
328,1378
458,1378
430,1385
60,1387
21,1387
25,1388
496,1395
46,1397
440,1403
233,1403
282,1407
4,1417
483,1418
419,1421
311,1422
302,1424
248,1424
393,1434
476,1436
72,1438
1,1443
66,1444
332,1446
82,1446
369,1446
460,1447
402,1448
338,1449
107,1459
70,1463
127,1463
29,1463
397,1465
417,1467
24,1472
272,1472
40,1473
312,1474
58,1476
170,1482
179,1492
135,1493
403,1494
490,1500
429,1500
308,1509
405,1511
157,1511
212,1511
366,1512
105,1513
352,1516
143,1520
86,1521
85,1526
122,1526
356,1527
264,1528
320,1532
333,1538
190,1539
91,1543
348,1544
208,1546
18,1548
116,1550
401,1551
339,1552
214,1552
176,1552
500,1553
377,1555
450,1556
196,1556
310,1563
88,1565
12,1569
121,1569
487,1574
216,1580
412,1585
254,1592
113,1593
201,1596
337,1603
226,1605
473,1606
160,1606
224,1615
293,1618
307,1620
465,1622
270,1627
451,1630
53,1630
155,1630
253,1632
156,1641
358,1642
373,1643
319,1644
399,1649
447,1653
357,1655
250,1657
64,1657
426,1658
466,1660
84,1660
368,1662
469,1662
439,1665
408,1666
149,1667
95,1668
180,1670
433,1673
294,1676
186,1679
325,1680
457,1684
343,1684
215,1685
94,1685
15,1687
435,1693
120,1694
427,1697
222,1697
283,1707
409,1709
446,1713
244,1718
204,1723
316,1723
42,1729
251,1729
83,1734
472,1734
413,1735
92,1736
431,1738
133,1755
165,1757
345,1761
102,1761
184,1761
324,1762
463,1770
350,1774
213,1780
499,1781
162,1787
100,1789
269,1793
424,1793
27,1794
479,1794
398,1803
128,1806
485,1807
136,1811
432,1816
416,1817
197,1833
166,1838
169,1840
188,1841
370,1841
209,1844
80,1844
167,1848
108,1855
292,1861
56,1862
317,1863
273,1872
280,1872
477,1873
379,1874
318,1875
200,1876
390,1880
111,1883
75,1885
230,1887
33,1890
482,1890
59,1891
55,1893
425,1894
37,1895
141,1901
475,1901
151,1902
119,1904
361,1905
7,1911
65,1912
14,1912
385,1916
106,1918
126,1918
261,1921
207,1933
97,1934
3,1935
436,1935
175,1936
418,1939
470,1940
124,1946
277,1947
384,1948
237,1951
480,1956
192,1962
87,1963
455,1981
497,1988
130,1989
123,1990
206,1992
300,1995
478,1995
23,2011
240,2016
140,2020
112,2020
118,2027
48,2029
32,2032
411,2050
330,2055
19,2056
362,2057
289,2063
109,2071
291,2073
20,2080
247,2092
187,2092
359,2093
442,2099
49,2100
159,2104
210,2112
249,2119
117,2122
468,2122
495,2125
239,2129
376,2132
181,2134
142,2135
144,2136
410,2140
132,2145
322,2157
101,2160
16,2160
323,2161
198,2166
235,2167
364,2172
298,2177
434,2177
256,2206
131,2208
228,2209
349,2216
147,2219
391,2221
229,2222
79,2239
205,2249
114,2249
182,2256
387,2266
260,2268
342,2269
73,2276
296,2278
17,2278
81,2285
268,2285
271,2289
290,2304
388,2307
30,2318
2,2319
372,2321
232,2322
74,2324
47,2324
314,2325
438,2329
220,2342
327,2345
221,2346
301,2350
217,2350
421,2352
26,2353
267,2353
5,2356
98,2358
383,2370
365,2379
150,2394
195,2404
444,2431
223,2435
263,2436
146,2445
452,2468
241,2477
371,2478
234,2488
171,2498
341,2499
464,2500
355,2527
423,2536
329,2542
11,2542
152,2545
134,2547
481,2553
252,2557
191,2561
335,2571
35,2572
225,2574
218,2575
474,2639
183,2639
265,2669
498,2679
334,2686
139,2691
380,2708
52,2726
400,2734
71,2757
326,2760
6,2762
347,2769
76,2779
313,2794
238,2799
68,2809
9,2812
242,2835
299,2870
461,2903
395,2918
245,2930
285,2945
227,2971
382,2979
396,2987
90,2996
462,3017
276,3018
375,3085
138,3100
354,3105
219,3130
456,3139
284,3160
394,3162
257,3239
69,3271
99,3272
360,3282
297,3300
67,3310
246,3322
41,3340
295,3364
331,3380
172,3434
177,3457
378,3465
10,3475
243,3555
486,3598
125,3624
189,3643
34,3653
353,3689
50,3769
45,3813
404,3815
115,3867
288,3975
104,4003
258,4033
43,4100
281,4251
467,4400
193,4433
381,4468
96,4687
174,4781
374,5031
145,5364
38,5695
259,6041
173,6440

simblock.block.ProofOfWorkBlock@7a365c5c:61
12,0
366,283
500,397
31,506
369,567
176,622
158,675
148,681
199,727
64,781
309,786
310,788
36,832
211,848
262,887
261,892
449,893
412,899
190,938
499,956
57,958
407,959
103,992
315,1000
170,1004
443,1012
476,1044
84,1059
459,1062
482,1064
286,1071
453,1072
92,1079
21,1097
85,1107
321,1111
323,1111
345,1114
40,1120
7,1128
44,1165
351,1168
272,1169
332,1171
82,1174
153,1174
478,1177
62,1180
483,1180
155,1183
100,1202
140,1212
466,1217
414,1222
306,1223
484,1224
368,1236
338,1239
63,1243
27,1245
329,1266
437,1275
489,1280
485,1280
179,1280
340,1282
267,1282
128,1283
93,1284
255,1288
224,1290
312,1290
204,1293
406,1294
206,1311
307,1318
275,1323
413,1327
401,1329
127,1329
46,1331
496,1333
164,1340
439,1340
253,1341
475,1344
279,1349
488,1351
214,1355
168,1356
22,1357
302,1371
70,1378
124,1380
330,1384
78,1385
110,1385
425,1387
303,1389
348,1392
266,1395
188,1396
29,1397
250,1397
201,1398
116,1398
291,1401
118,1401
473,1402
441,1409
210,1423
477,1423
226,1427
491,1433
136,1438
53,1444
156,1448
233,1451
367,1453
72,1454
239,1455
426,1456
435,1456
283,1460
163,1460
454,1460
419,1461
8,1461
94,1463
86,1463
39,1465
154,1467
37,1476
91,1476
96,1484
346,1485
143,1488
320,1491
107,1491
205,1491
121,1493
24,1497
287,1500
16,1501
13,1501
293,1502
213,1503
336,1505
430,1506
113,1506
386,1507
137,1509
105,1509
89,1509
471,1512
55,1516
333,1521
472,1522
202,1528
494,1532
305,1533
161,1544
433,1544
301,1551
377,1556
132,1558
408,1563
352,1564
160,1565
133,1565
451,1567
319,1569
248,1570
66,1572
427,1573
77,1573
167,1575
95,1577
350,1577
135,1580
200,1581
445,1582
28,1582
184,1599
409,1600
88,1601
230,1606
264,1608
180,1608
393,1609
402,1609
497,1612
294,1613
236,1613
460,1614
191,1617
440,1618
493,1619
325,1619
344,1620
487,1620
457,1620
122,1625
51,1627
328,1629
134,1633
196,1635
25,1637
432,1638
308,1644
448,1649
4,1662
405,1668
324,1669
194,1670
178,1672
363,1675
458,1680
17,1683
438,1683
343,1683
270,1687
131,1690
410,1695
130,1701
389,1702
399,1703
492,1705
298,1710
278,1712
373,1716
417,1718
216,1721
398,1722
274,1723
150,1725
18,1727
54,1729
231,1733
60,1733
192,1733
237,1733
304,1740
420,1742
208,1744
257,1747
450,1749
431,1752
356,1775
469,1776
162,1780
282,1784
159,1785
20,1787
6,1789
247,1793
75,1800
123,1800
240,1801
26,1807
186,1812
120,1813
446,1813
58,1817
241,1819
447,1822
254,1824
316,1826
97,1827
112,1828
387,1830
59,1835
382,1841
384,1844
339,1845
1,1846
102,1854
181,1860
269,1860
436,1862
109,1869
147,1877
187,1889
50,1891
326,1898
117,1903
5,1905
429,1907
421,1909
361,1911
48,1913
463,1913
251,1914
244,1918
416,1920
357,1927
222,1928
182,1929
14,1932
422,1935
462,1945
212,1950
144,1951
185,1955
80,1962
218,1971
337,1973
327,1980
3,1989
342,2000
442,2000
347,2002
358,2007
56,2011
106,2012
108,2018
418,2018
151,2018
47,2021
495,2021
317,2031
365,2033
203,2040
129,2040
390,2042
273,2044
480,2045
11,2047
149,2048
32,2049
260,2054
126,2055
229,2057
189,2058
157,2059
392,2060
355,2076
403,2088
263,2094
33,2098
87,2109
370,2121
470,2124
209,2125
354,2129
165,2136
101,2139
61,2144
256,2150
183,2151
428,2164
311,2165
198,2165
152,2170
232,2175
138,2183
171,2195
383,2196
424,2198
284,2201
415,2201
334,2219
434,2223
104,2224
111,2226
220,2229
177,2230
174,2232
359,2247
90,2249
221,2256
10,2259
456,2259
65,2259
119,2261
258,2261
468,2264
292,2265
276,2269
396,2270
400,2273
444,2276
391,2288
341,2292
297,2301
349,2310
79,2312
35,2333
452,2338
30,2338
193,2339
41,2358
467,2360
394,2361
371,2364
227,2366
277,2381
249,2383
423,2393
313,2396
372,2416
490,2427
318,2449
76,2472
15,2480
175,2486
280,2487
265,2493
300,2497
43,2509
378,2514
197,2537
169,2550
23,2559
290,2566
381,2579
81,2582
364,2590
83,2600
379,2603
139,2604
166,2614
481,2614
172,2623
71,2628
34,2649
115,2655
2,2667
223,2689
215,2694
141,2702
479,2715
9,2727
225,2756
238,2767
295,2788
245,2804
411,2818
217,2823
271,2829
268,2832
19,2833
314,2845
69,2880
289,2884
335,2890
146,2920
455,2922
228,2933
67,2937
74,2996
498,3025
380,3031
42,3053
353,3071
246,3092
385,3105
397,3158
395,3168
299,3176
375,3178
243,3212
68,3223
376,3237
404,3253
142,3253
235,3277
285,3292
195,3441
281,3471
98,3493
288,3501
234,3501
52,3509
219,3568
474,3587
331,3688
49,3719
73,3727
296,3776
242,3840
486,3909
125,3935
362,3938
388,3946
322,4107
465,4162
464,4166
461,4185
374,4246
114,4384
99,4539
145,4588
252,4719
38,4919
173,4928
207,5050
259,5266
360,5393
45,5740

simblock.block.ProofOfWorkBlock@362f55bd:62
473,0
135,280
304,385
328,491
389,583
346,595
439,663
164,688
345,701
337,768
84,769
107,792
409,806
363,863
488,874
448,875
338,880
330,897
24,944
60,967
414,979
366,979
91,980
307,988
184,1005
460,1008
465,1027
393,1046
64,1049
211,1049
266,1074
485,1083
196,1084
158,1091
368,1092
493,1094
275,1110
453,1113
204,1123
430,1146
121,1153
194,1154
343,1155
272,1156
133,1161
210,1167
309,1176
180,1190
490,1195
13,1195
214,1197
127,1198
89,1217
116,1226
315,1228
362,1245
29,1253
499,1259
103,1259
95,1259
51,1260
70,1261
233,1262
413,1266
105,1268
310,1268
386,1272
478,1280
74,1293
427,1295
450,1297
437,1300
332,1302
432,1305
426,1324
420,1329
177,1331
282,1331
153,1332
157,1334
405,1343
441,1354
489,1359
231,1364
213,1365
188,1366
66,1370
399,1371
137,1372
53,1372
31,1373
402,1374
12,1375
178,1377
352,1377
206,1377
479,1384
459,1385
202,1387
491,1392
129,1394
212,1399
336,1410
65,1416
168,1416
176,1416
167,1417
154,1419
88,1425
293,1431
185,1432
449,1434
471,1434
163,1437
16,1438
58,1438
408,1439
286,1441
308,1443
348,1450
40,1451
357,1452
422,1464
457,1465
149,1467
148,1468
39,1472
466,1473
44,1475
377,1477
428,1477
283,1479
36,1480
344,1480
339,1481
143,1482
93,1483
255,1486
261,1487
262,1491
124,1494
190,1500
55,1501
78,1504
484,1505
475,1507
278,1510
492,1511
110,1513
21,1520
63,1521
312,1523
222,1525
257,1528
417,1529
270,1537
412,1537
320,1537
113,1542
367,1542
155,1543
340,1543
62,1545
201,1545
57,1549
18,1549
94,1551
179,1553
445,1553
303,1555
277,1556
373,1558
8,1559
161,1572
311,1573
387,1574
186,1576
248,1580
250,1584
483,1586
25,1586
131,1587
369,1587
435,1587
28,1599
351,1599
365,1605
160,1607
162,1607
54,1608
406,1609
86,1612
440,1612
356,1613
302,1613
279,1614
319,1615
419,1621
425,1626
289,1630
37,1634
216,1635
294,1644
410,1644
306,1647
267,1648
170,1649
487,1650
7,1650
3,1651
500,1653
253,1654
230,1657
443,1657
458,1658
140,1662
350,1664
85,1668
390,1671
269,1671
27,1674
77,1680
203,1681
1,1682
273,1688
72,1690
305,1692
370,1692
17,1696
281,1698
15,1699
245,1700
407,1700
477,1700
76,1701
496,1702
398,1706
494,1712
92,1713
208,1715
321,1716
205,1716
239,1717
433,1717
264,1718
349,1719
209,1719
191,1720
156,1720
118,1723
122,1726
87,1737
385,1745
144,1746
238,1752
236,1753
82,1757
287,1760
468,1763
199,1764
224,1767
30,1769
434,1771
451,1772
128,1772
486,1776
431,1779
33,1791
447,1796
61,1801
19,1805
392,1808
11,1808
4,1810
112,1816
401,1817
415,1821
482,1822
324,1822
90,1824
274,1825
241,1826
136,1829
237,1830
442,1831
376,1846
198,1849
438,1859
175,1865
111,1868
476,1872
251,1879
20,1885
50,1886
73,1887
249,1891
166,1893
472,1901
187,1910
359,1918
429,1918
49,1918
159,1920
444,1921
226,1922
246,1926
361,1933
200,1936
301,1937
141,1937
403,1939
495,1943
421,1946
469,1960
244,1964
119,1965
462,1967
5,1970
6,1988
240,1989
126,1990
102,1992
397,1994
383,2003
394,2024
268,2027
384,2028
252,2031
101,2034
333,2038
374,2039
388,2040
56,2040
22,2045
424,2045
134,2050
14,2060
316,2063
464,2077
109,2090
480,2092
416,2107
313,2111
146,2112
318,2119
26,2130
327,2136
220,2136
151,2137
347,2138
83,2138
258,2142
45,2144
285,2150
100,2151
132,2154
142,2160
23,2164
228,2168
280,2168
461,2176
173,2178
172,2183
300,2187
32,2189
48,2193
138,2198
120,2199
9,2201
41,2214
436,2214
71,2215
247,2216
290,2221
379,2250
381,2251
271,2253
263,2259
254,2263
454,2265
334,2268
38,2274
325,2294
470,2319
364,2321
317,2336
382,2351
215,2354
108,2360
331,2364
35,2367
52,2373
391,2374
227,2374
418,2376
150,2393
97,2409
80,2419
296,2431
380,2433
474,2442
42,2470
323,2480
229,2483
341,2513
192,2518
34,2522
265,2528
242,2530
2,2538
232,2544
123,2553
243,2563
396,2573
372,2580
455,2586
218,2587
181,2593
411,2595
68,2600
463,2604
355,2627
169,2637
234,2666
235,2688
217,2692
456,2707
329,2708
79,2736
165,2768
43,2773
114,2792
291,2806
197,2810
117,2820
171,2821
497,2825
446,2846
189,2849
371,2851
106,2861
378,2865
360,2876
256,2890
299,2928
467,2972
75,2986
342,3010
452,3028
59,3035
130,3038
481,3038
292,3048
46,3049
115,3054
182,3067
225,3083
375,3095
335,3182
152,3183
297,3217
354,3223
284,3229
47,3268
404,3269
314,3270
358,3285
353,3315
193,3342
288,3366
221,3387
259,3391
147,3488
96,3503
139,3514
423,3560
260,3601
195,3606
69,3620
395,3656
322,3675
207,3697
326,3722
298,3730
174,3738
10,3899
67,3939
276,3990
498,4008
219,4038
145,4056
104,4063
295,4126
400,4279
125,4341
223,4354
98,4375
81,4387
99,4698
183,4778

simblock.block.ProofOfWorkBlock@1bde37f4:63
131,0
361,356
215,496
300,632
404,704
479,770
269,842
19,857
159,903
438,978
75,991
175,992
182,1037
166,1057
398,1120
177,1126
218,1141
130,1193
411,1194
298,1209
488,1212
114,1265
333,1265
192,1268
465,1271
342,1287
134,1329
291,1332
222,1338
32,1344
169,1346
424,1346
495,1392
384,1403
251,1405
289,1413
2,1416
228,1422
489,1439
403,1469
247,1469
101,1471
141,1488
244,1489
210,1491
370,1491
380,1495
444,1498
58,1503
396,1530
33,1536
150,1539
63,1548
52,1548
197,1550
151,1556
331,1557
96,1565
49,1573
386,1596
390,1622
434,1623
56,1625
349,1631
149,1634
362,1638
15,1641
281,1647
157,1653
353,1664
93,1665
376,1669
329,1681
468,1682
257,1685
463,1688
127,1696
42,1697
209,1698
379,1700
492,1700
178,1700
301,1701
484,1702
59,1707
37,1708
26,1710
116,1723
203,1746
60,1751
383,1753
316,1756
447,1758
469,1763
388,1766
233,1772
436,1776
119,1778
73,1780
74,1782
486,1789
480,1798
255,1806
377,1807
132,1815
273,1816
165,1820
46,1822
352,1828
237,1830
407,1831
17,1832
497,1834
317,1840
355,1844
109,1845
235,1847
442,1847
455,1847
20,1848
128,1850
397,1851
462,1851
211,1852
268,1852
415,1864
275,1877
429,1882
365,1885
340,1886
318,1887
153,1894
120,1894
201,1896
117,1899
327,1901
406,1904
454,1905
421,1907
453,1911
416,1917
304,1923
35,1924
129,1931
97,1932
387,1933
122,1936
309,1941
358,1955
347,1957
225,1963
47,1968
86,1969
451,1969
446,1970
186,1973
319,1977
381,1977
286,1979
245,1981
76,1984
187,1984
249,1984
83,1987
470,1987
351,1990
102,1992
464,1993
180,1997
499,2003
140,2004
66,2011
292,2022
445,2031
448,2036
277,2037
323,2040
266,2041
234,2042
213,2042
457,2044
443,2044
418,2045
87,2045
326,2052
48,2053
240,2055
191,2064
230,2065
118,2071
394,2071
24,2073
148,2077
14,2078
82,2084
401,2095
431,2098
241,2099
435,2103
156,2103
385,2104
382,2105
270,2105
108,2115
312,2115
220,2118
107,2121
359,2122
65,2124
466,2124
126,2125
205,2126
80,2128
282,2129
170,2130
112,2131
473,2132
285,2146
147,2148
5,2156
16,2162
410,2163
272,2163
494,2165
188,2165
92,2172
85,2172
144,2173
70,2178
324,2185
325,2187
279,2188
439,2189
11,2190
168,2198
414,2201
91,2202
216,2203
262,2203
419,2206
303,2210
239,2217
471,2219
357,2229
111,2232
90,2237
61,2238
123,2238
7,2240
425,2243
238,2243
254,2245
198,2252
88,2259
6,2263
490,2267
184,2268
432,2269
496,2271
22,2280
3,2282
280,2283
267,2285
258,2285
311,2290
25,2291
306,2300
248,2304
408,2311
204,2312
135,2312
27,2322
78,2329
133,2341
103,2342
163,2346
158,2346
274,2348
224,2352
167,2363
313,2367
55,2370
395,2371
498,2374
196,2383
412,2389
350,2391
393,2394
181,2396
190,2399
459,2403
330,2408
106,2409
338,2413
183,2421
105,2423
217,2423
1,2428
337,2431
4,2432
485,2436
302,2436
164,2443
487,2445
176,2454
172,2456
500,2456
328,2460
231,2468
69,2468
154,2468
36,2470
369,2471
276,2474
41,2484
409,2484
34,2485
40,2489
72,2492
482,2494
476,2495
332,2507
13,2508
124,2511
467,2513
310,2519
193,2522
315,2530
449,2530
195,2536
294,2540
199,2542
375,2549
293,2557
212,2571
278,2578
253,2583
428,2589
405,2598
115,2607
136,2610
94,2613
81,2615
437,2616
392,2623
367,2625
320,2630
146,2639
420,2641
44,2641
110,2653
399,2657
21,2672
206,2672
142,2674
363,2679
426,2680
413,2681
440,2686
430,2688
461,2690
162,2694
493,2696
77,2697
64,2700
43,2705
400,2711
343,2715
200,2717
242,2720
456,2725
50,2730
481,2734
214,2737
12,2739
232,2739
321,2758
339,2759
433,2762
336,2767
271,2776
265,2777
227,2793
475,2812
366,2814
155,2823
308,2842
57,2844
360,2849
18,2851
373,2865
121,2872
307,2878
346,2879
246,2880
491,2888
261,2898
89,2904
161,2909
226,2916
68,2917
113,2923
250,2924
477,2928
402,2947
259,2953
236,2963
9,2969
104,2972
54,2974
450,2987
67,2990
389,2991
283,2996
423,3023
23,3025
335,3035
160,3049
372,3066
8,3072
38,3078
152,3092
305,3093
297,3103
422,3105
194,3106
223,3107
483,3109
378,3122
53,3133
84,3134
95,3147
368,3149
31,3154
427,3174
45,3178
185,3216
39,3221
174,3231
288,3266
334,3277
344,3279
171,3281
138,3294
99,3360
441,3360
472,3363
79,3369
98,3373
143,3382
145,3385
51,3386
452,3395
229,3403
263,3410
354,3427
374,3444
458,3445
356,3449
460,3506
287,3587
264,3589
256,3600
29,3609
243,3651
348,3674
345,3675
364,3677
10,3687
221,3718
173,3722
478,3732
260,3734
202,3823
208,3827
28,3838
207,3900
100,3906
299,3951
295,3974
296,3978
371,3992
219,4024
474,4036
417,4051
62,4059
179,4069
284,4202
30,4217
391,4250
341,4277
137,4297
71,4304
189,4335
125,4550
290,4576
252,4848
314,5150
322,5450
139,5751

simblock.block.ProofOfWorkBlock@708e45ac:63
320,0
155,279
449,387
206,493
451,560
105,606
57,666
311,670
344,714
305,776
319,776
306,779
95,818
160,839
309,880
236,886
78,887
373,897
454,944
27,945
393,949
287,985
267,990
82,995
448,1002
363,1003
117,1038
369,1051
25,1054
315,1058
118,1059
357,1063
499,1067
204,1091
426,1100
179,1100
338,1107
184,1109
439,1111
420,1121
157,1157
399,1159
92,1162
61,1164
36,1169
62,1170
190,1170
264,1173
214,1179
491,1181
410,1195
203,1208
230,1209
156,1213
77,1215
116,1216
167,1224
136,1229
483,1229
392,1232
245,1263
321,1264
459,1265
212,1268
255,1271
430,1275
21,1275
224,1276
352,1277
413,1282
84,1283
333,1284
13,1285
170,1303
304,1305
270,1310
500,1312
310,1319
233,1322
488,1327
489,1328
337,1334
340,1334
339,1337
161,1340
286,1344
492,1345
261,1345
8,1346
176,1359
279,1370
283,1371
274,1375
86,1378
336,1379
302,1380
178,1380
437,1383
44,1383
307,1386
133,1387
482,1389
137,1393
196,1394
460,1395
74,1397
186,1406
94,1413
493,1419
58,1420
356,1424
366,1426
199,1435
312,1437
205,1439
253,1440
127,1441
443,1442
457,1442
226,1444
367,1446
417,1447
70,1449
107,1449
154,1449
211,1450
100,1451
12,1455
345,1463
262,1476
330,1480
194,1484
350,1485
303,1485
328,1487
213,1487
208,1487
497,1490
31,1494
64,1496
293,1496
343,1498
408,1499
412,1500
231,1500
277,1507
490,1510
433,1511
441,1514
415,1515
278,1517
60,1521
153,1524
453,1529
251,1531
91,1537
294,1539
54,1540
272,1544
24,1545
405,1545
318,1546
148,1546
1,1548
3,1549
168,1551
398,1552
266,1552
210,1553
485,1554
346,1556
308,1557
428,1557
401,1557
158,1557
377,1561
200,1568
425,1570
108,1570
458,1575
124,1585
484,1591
409,1591
140,1596
473,1598
324,1598
445,1602
414,1604
447,1604
475,1609
301,1613
220,1615
250,1617
332,1622
446,1622
109,1623
143,1626
348,1630
39,1633
93,1634
376,1638
185,1641
472,1646
103,1646
478,1647
163,1653
51,1655
28,1657
201,1660
406,1664
110,1664
351,1668
440,1675
384,1677
164,1683
40,1685
7,1685
63,1686
496,1687
16,1695
275,1696
121,1702
182,1708
29,1709
402,1710
33,1711
389,1716
83,1718
282,1731
396,1731
18,1733
486,1737
355,1741
66,1745
37,1745
280,1749
52,1750
22,1752
429,1752
89,1757
494,1761
407,1762
162,1762
187,1765
159,1769
96,1770
487,1773
180,1774
431,1774
106,1778
464,1779
442,1781
239,1789
135,1789
329,1790
6,1792
169,1798
55,1800
2,1803
188,1803
432,1804
383,1809
216,1814
72,1814
218,1816
175,1818
327,1818
209,1822
112,1829
120,1833
397,1833
76,1836
150,1840
65,1841
123,1845
435,1851
237,1851
198,1866
368,1867
129,1869
465,1870
284,1876
466,1881
419,1884
97,1892
477,1893
113,1895
325,1896
254,1901
450,1902
285,1905
422,1916
225,1916
316,1919
434,1920
102,1927
444,1929
49,1931
323,1935
131,1936
73,1939
247,1945
149,1950
4,1954
268,1955
248,1956
249,1957
80,1957
300,1963
455,1963
5,1968
48,1970
59,1980
269,1983
476,1985
365,1987
53,1987
358,1990
257,1993
151,1998
244,2002
47,2002
128,2003
313,2005
341,2020
386,2021
11,2026
479,2033
438,2033
347,2035
240,2035
114,2050
15,2054
495,2056
141,2060
19,2060
88,2061
317,2065
470,2066
361,2066
471,2078
260,2083
418,2085
122,2091
238,2097
241,2109
23,2121
85,2128
132,2129
207,2131
192,2133
468,2142
17,2150
98,2153
126,2166
46,2171
79,2171
223,2176
71,2179
87,2179
427,2180
75,2185
202,2186
436,2186
273,2189
416,2189
42,2192
34,2194
382,2203
424,2207
56,2210
193,2214
130,2222
243,2226
461,2228
299,2229
227,2236
387,2236
289,2252
322,2254
370,2258
38,2266
349,2267
388,2271
215,2273
263,2276
297,2281
68,2282
222,2283
463,2297
374,2300
480,2302
147,2309
364,2320
298,2322
172,2344
391,2346
469,2351
403,2362
326,2371
252,2393
189,2401
353,2402
35,2404
228,2405
359,2406
181,2416
115,2418
26,2423
235,2425
390,2428
291,2448
335,2454
381,2464
45,2481
462,2489
119,2491
197,2497
232,2503
362,2506
90,2521
292,2537
14,2540
99,2540
378,2559
411,2579
296,2581
139,2592
271,2599
234,2619
331,2625
134,2630
111,2634
334,2635
288,2645
20,2648
371,2680
404,2683
423,2704
144,2713
177,2729
379,2756
166,2767
217,2772
142,2784
43,2791
342,2803
41,2823
256,2828
421,2837
125,2850
219,2877
104,2887
281,2902
474,2922
290,2963
229,2965
165,2978
146,2983
221,2985
372,2986
246,3015
360,3041
395,3052
498,3061
191,3062
171,3108
394,3139
456,3144
354,3174
50,3207
69,3212
101,3282
242,3304
314,3308
9,3319
174,3335
481,3345
380,3367
295,3381
152,3388
452,3440
385,3500
183,3578
258,3594
276,3649
375,3695
32,3718
195,3719
145,3932
138,4054
67,4058
467,4084
259,4283
10,4386
173,4676
30,4716
81,5049
400,5379
265,5727

simblock.block.ProofOfWorkBlock@3f6dd99c:63
132,0
370,353
35,491
130,627
394,760
33,894
292,1037
352,1284
330,1510
485,1747
475,1972
85,2197
500,2423
229,2716
9,3031
322,3333

simblock.block.ProofOfWorkBlock@57923c06:64
210,0
275,279
128,385
36,489
352,562
8,604
328,666
471,670
85,711
306,769
491,774
61,777
488,815
16,840
433,878
420,885
170,893
482,899
338,943
167,945
266,954
321,985
483,990
264,991
303,992
54,1003
427,1010
449,1051
440,1053
458,1056
373,1056
179,1060
29,1062
127,1089
437,1094
148,1097
453,1098
190,1108
310,1119
233,1125
454,1155
55,1159
82,1161
51,1164
426,1168
393,1170
118,1170
311,1174
103,1179
412,1194
185,1199
63,1200
18,1204
346,1206
60,1212
143,1223
402,1224
208,1225
154,1233
357,1234
175,1239
315,1260
248,1264
278,1268
492,1269
124,1269
460,1270
283,1270
157,1273
337,1274
417,1274
414,1275
367,1279
92,1285
448,1298
250,1302
1,1303
53,1304
214,1304
309,1311
344,1314
494,1318
78,1332
133,1333
64,1333
475,1336
224,1339
293,1339
31,1340
487,1344
261,1345
70,1358
430,1364
180,1367
93,1374
39,1376
230,1376
287,1377
319,1378
44,1379
184,1379
186,1384
135,1385
7,1385
226,1387
332,1388
201,1395
12,1403
307,1405
158,1406
499,1408
340,1409
25,1411
84,1415
348,1416
28,1432
199,1435
405,1437
320,1437
206,1439
312,1441
213,1444
441,1445
188,1447
162,1452
105,1453
380,1456
477,1458
366,1459
253,1464
156,1466
202,1471
302,1473
425,1478
236,1482
153,1482
339,1483
21,1486
272,1489
168,1489
89,1489
239,1490
160,1491
466,1492
267,1492
194,1493
387,1497
65,1499
345,1500
42,1505
408,1512
351,1513
122,1515
392,1515
428,1516
286,1525
155,1529
240,1531
409,1532
178,1536
94,1543
376,1543
58,1544
107,1544
493,1545
77,1546
413,1547
485,1547
419,1547
415,1549
66,1550
406,1551
95,1555
356,1556
121,1559
291,1560
279,1561
274,1565
459,1571
496,1572
129,1578
304,1579
270,1579
88,1587
473,1593
401,1594
137,1595
215,1597
484,1597
422,1598
330,1601
91,1601
136,1603
445,1603
27,1607
333,1609
368,1610
282,1615
163,1619
24,1620
399,1620
49,1626
20,1628
176,1634
255,1643
161,1649
451,1650
435,1652
212,1654
110,1655
40,1656
57,1663
443,1667
439,1667
13,1675
490,1676
429,1676
147,1680
211,1681
48,1684
262,1687
116,1688
72,1688
100,1690
102,1691
254,1698
457,1700
140,1702
130,1708
450,1708
5,1710
476,1713
298,1714
119,1718
489,1721
308,1724
343,1726
96,1726
216,1727
434,1731
407,1734
411,1746
442,1746
205,1748
59,1748
90,1752
294,1753
209,1753
363,1761
389,1761
465,1763
56,1766
204,1767
192,1777
329,1782
324,1783
446,1785
19,1785
269,1788
432,1796
292,1799
113,1812
196,1816
166,1817
108,1817
410,1820
218,1823
349,1824
200,1827
144,1829
6,1833
11,1834
478,1841
331,1843
109,1846
173,1849
268,1850
2,1851
470,1861
244,1865
472,1866
22,1871
203,1875
290,1878
228,1885
327,1893
486,1895
249,1897
424,1897
164,1900
281,1902
120,1902
455,1908
3,1909
52,1913
251,1915
131,1923
369,1924
117,1927
385,1928
394,1935
83,1935
159,1944
386,1945
350,1946
4,1947
257,1948
316,1948
289,1951
46,1960
73,1967
447,1970
479,1970
50,1970
106,1972
165,1973
101,1973
381,1978
431,1990
150,1994
75,2000
149,2003
225,2003
362,2004
403,2019
87,2037
416,2039
191,2039
313,2040
379,2041
37,2042
231,2050
397,2052
62,2052
235,2055
497,2064
238,2065
355,2067
305,2075
114,2084
80,2091
67,2096
14,2101
370,2115
26,2116
220,2117
99,2118
197,2119
112,2120
32,2121
146,2127
182,2127
463,2137
404,2144
152,2144
342,2156
377,2156
237,2156
336,2163
353,2165
444,2167
390,2167
481,2180
280,2189
398,2190
141,2198
374,2205
111,2207
318,2208
456,2219
323,2220
68,2222
126,2223
361,2223
145,2229
195,2244
400,2253
30,2260
258,2261
388,2263
341,2264
86,2268
391,2272
33,2282
375,2290
123,2292
139,2301
234,2302
198,2324
326,2345
384,2347
263,2349
359,2350
474,2371
322,2372
347,2382
418,2384
277,2385
125,2390
372,2411
115,2413
469,2426
38,2430
227,2433
500,2433
358,2434
222,2440
15,2443
69,2444
189,2457
41,2479
498,2481
468,2485
495,2486
245,2493
242,2496
221,2498
74,2505
151,2514
98,2521
325,2522
229,2529
193,2540
17,2563
174,2566
480,2576
265,2591
438,2603
354,2608
382,2609
23,2633
187,2644
365,2658
436,2659
252,2684
181,2704
464,2705
9,2718
169,2722
317,2738
335,2790
177,2799
334,2826
396,2827
223,2843
142,2855
271,2863
300,2867
243,2871
247,2877
81,2881
76,2889
423,2893
241,2924
273,2929
35,2943
232,2948
71,2955
171,3017
47,3021
183,3025
134,3047
452,3048
395,3080
97,3085
260,3127
285,3154
256,3161
301,3162
217,3194
296,3209
360,3229
259,3239
138,3259
299,3354
421,3372
104,3378
284,3410
371,3421
79,3458
207,3494
276,3495
10,3530
172,3543
383,3591
295,3653
34,3713
462,3808
219,3835
314,3868
43,3881
132,4025
467,4106
378,4175
364,4218
246,4359
45,4542
461,4566
288,4692
297,4955

simblock.block.ProofOfWorkBlock@a2384e4:65
113,0
186,281
233,388
226,525
161,564
264,630
267,667
478,680
61,748
231,772
88,786
190,805
16,845
168,859
206,878
279,890
333,918
85,919
437,949
274,952
422,957
443,964
107,983
162,997
283,1024
336,1026
140,1042
363,1060
204,1062
492,1063
62,1064
127,1065
435,1087
432,1088
459,1101
405,1130
21,1132
412,1142
346,1142
309,1146
338,1166
160,1167
60,1169
216,1176
403,1187
8,1190
202,1191
466,1195
255,1198
58,1199
148,1200
420,1208
409,1230
448,1231
72,1238
203,1245
368,1246
476,1247
248,1247
13,1248
135,1264
116,1271
128,1271
491,1275
315,1282
253,1287
487,1294
124,1295
330,1297
275,1301
63,1305
483,1305
417,1305
286,1307
261,1318
477,1318
460,1324
158,1337
337,1339
475,1340
449,1344
494,1344
154,1344
122,1349
199,1350
319,1352
294,1353
129,1353
91,1353
407,1354
345,1366
94,1378
137,1378
82,1379
66,1380
212,1380
133,1383
430,1387
499,1393
198,1394
441,1400
27,1400
28,1401
394,1405
208,1406
196,1409
451,1413
57,1415
201,1416
348,1421
121,1425
410,1427
386,1428
178,1429
211,1435
103,1443
426,1447
357,1449
155,1450
453,1450
344,1451
472,1452
406,1455
340,1456
489,1457
399,1458
310,1458
200,1459
414,1460
450,1461
473,1471
156,1474
482,1476
500,1477
250,1477
78,1479
239,1482
86,1484
320,1485
188,1489
282,1496
433,1496
293,1501
51,1507
92,1507
12,1510
179,1513
415,1517
1,1525
31,1526
332,1528
25,1530
490,1533
214,1533
176,1533
387,1534
398,1539
269,1546
24,1550
328,1551
39,1555
262,1557
44,1559
29,1560
118,1561
389,1562
428,1562
64,1565
306,1566
180,1571
5,1572
100,1574
488,1576
350,1579
95,1583
471,1583
401,1585
321,1585
22,1586
339,1587
266,1588
40,1589
458,1589
54,1591
185,1591
163,1594
73,1598
102,1601
224,1609
236,1616
408,1617
413,1617
251,1619
230,1620
447,1623
308,1623
454,1629
105,1631
18,1631
109,1633
419,1633
307,1634
425,1636
496,1639
177,1646
143,1656
213,1660
493,1662
392,1663
373,1664
53,1668
312,1670
402,1670
194,1675
130,1678
440,1678
164,1679
442,1681
258,1684
278,1684
270,1685
136,1688
89,1691
110,1693
303,1694
272,1694
369,1696
170,1697
366,1699
90,1700
457,1707
149,1716
305,1723
235,1723
6,1728
77,1728
418,1729
287,1729
167,1730
84,1731
80,1732
184,1738
232,1738
304,1739
356,1740
377,1741
205,1744
108,1746
445,1748
376,1756
289,1758
429,1761
343,1767
70,1767
486,1770
352,1775
55,1775
302,1776
424,1782
463,1792
36,1793
87,1793
358,1794
485,1795
93,1799
222,1800
7,1803
277,1810
365,1811
157,1811
83,1819
380,1819
326,1824
484,1827
241,1830
446,1834
210,1835
33,1836
439,1844
3,1846
153,1849
132,1852
254,1855
228,1857
301,1864
351,1872
317,1874
379,1877
175,1882
298,1883
37,1889
150,1894
191,1896
390,1899
468,1904
404,1912
101,1918
74,1920
393,1923
411,1925
367,1926
56,1933
240,1940
465,1946
444,1947
215,1951
159,1959
285,1961
14,1964
126,1966
325,1967
52,1976
17,1980
20,1982
247,1984
355,1984
370,1986
4,1986
331,1990
187,1995
362,1998
359,2010
438,2011
237,2013
318,2028
35,2031
311,2031
169,2034
431,2036
462,2037
134,2037
378,2038
436,2042
361,2045
15,2053
42,2056
281,2059
384,2060
470,2067
79,2071
292,2073
220,2074
252,2075
416,2078
323,2088
497,2095
144,2100
225,2100
26,2106
385,2119
123,2119
111,2128
249,2132
324,2133
48,2135
268,2136
481,2137
427,2137
374,2138
147,2142
34,2160
65,2163
11,2164
207,2167
464,2179
495,2188
229,2189
347,2192
316,2196
382,2198
46,2203
96,2207
23,2211
273,2217
189,2224
209,2231
112,2235
50,2239
263,2239
397,2252
218,2254
456,2257
434,2261
131,2264
171,2265
480,2272
106,2276
99,2282
182,2284
257,2286
372,2288
354,2288
151,2294
195,2294
145,2315
329,2316
391,2316
349,2319
2,2323
166,2336
234,2356
290,2357
227,2361
388,2363
396,2386
141,2405
76,2414
75,2415
49,2421
119,2423
381,2426
9,2432
300,2435
192,2454
395,2470
146,2474
114,2481
238,2484
479,2494
280,2498
19,2502
313,2505
41,2507
68,2510
243,2519
117,2521
314,2533
197,2542
120,2555
193,2569
32,2573
245,2582
423,2584
67,2587
375,2611
297,2618
244,2648
152,2649
335,2657
469,2657
47,2672
383,2706
221,2716
59,2738
288,2745
260,2746
296,2749
284,2764
38,2765
341,2768
421,2803
104,2848
360,2859
455,2868
115,2869
467,2883
97,2884
139,2888
295,2901
138,2909
183,2912
71,2914
371,2921
342,2926
452,2981
142,3070
364,3079
327,3086
299,3093
246,3094
165,3101
259,3115
256,3140
181,3147
219,3202
43,3221
400,3247
474,3252
353,3304
98,3419
461,3426
174,3439
322,3452
334,3471
81,3481
173,3490
291,3525
498,3534
10,3582
271,3791
276,3805
242,3814
217,3861
69,3922
265,3930
172,4122
30,4149
45,4213
125,4476
223,4560

simblock.block.ProofOfWorkBlock@7def6f28:66
190,0
484,865
432,973
12,1077
137,1155
127,1188
417,1257
154,1263
413,1293
176,1363
336,1363
199,1367
208,1397
439,1434
180,1470
345,1471
36,1472
387,1477
21,1509
279,1537
61,1540
266,1545
338,1572
500,1580
1,1584
157,1588
226,1615
409,1640
95,1641
212,1648
255,1650
24,1650
140,1665
402,1676
167,1685
366,1685
32,1688
116,1689
478,1693
344,1717
466,1725
496,1746
306,1750
332,1750
261,1753
406,1754
315,1755
250,1757
39,1760
40,1764
412,1770
392,1787
31,1792
483,1793
337,1798
319,1814
113,1821
224,1824
304,1827
275,1831
426,1849
153,1852
473,1854
420,1858
168,1859
62,1862
264,1866
22,1870
310,1872
170,1876
454,1876
94,1877
287,1878
476,1902
57,1906
201,1907
495,1907
269,1908
129,1908
457,1910
433,1917
204,1920
214,1921
458,1930
121,1932
136,1934
122,1935
305,1936
408,1938
488,1940
471,1947
206,1955
425,1961
348,1962
70,1965
274,1966
27,1966
64,1966
333,1971
475,1972
278,1974
248,1975
66,1980
449,1980
25,1982
13,1983
399,1984
78,2006
487,2011
236,2013
414,2015
210,2024
158,2025
302,2031
367,2034
492,2035
72,2037
459,2038
211,2040
53,2040
200,2042
194,2044
77,2050
75,2055
415,2058
293,2059
124,2060
60,2062
89,2065
203,2066
477,2067
286,2069
489,2070
93,2070
369,2072
283,2074
494,2075
178,2076
493,2077
29,2079
346,2081
119,2081
393,2081
436,2083
401,2085
110,2088
410,2089
44,2089
233,2106
84,2110
213,2110
186,2116
435,2121
222,2122
482,2123
376,2128
437,2130
149,2130
448,2132
135,2133
324,2133
281,2135
198,2138
239,2140
303,2141
350,2143
88,2143
450,2144
230,2144
92,2146
100,2149
340,2153
218,2155
430,2160
445,2160
155,2161
105,2162
451,2166
389,2171
18,2172
368,2173
377,2175
472,2176
103,2177
85,2179
160,2180
162,2180
294,2181
107,2184
405,2185
156,2189
407,2191
163,2192
309,2193
205,2193
55,2200
54,2204
301,2205
282,2207
323,2212
51,2216
270,2229
16,2235
202,2236
398,2238
321,2239
385,2241
311,2248
307,2248
82,2249
343,2254
58,2261
455,2262
161,2263
3,2263
184,2265
240,2267
361,2270
373,2273
386,2276
63,2278
428,2284
312,2286
339,2290
86,2290
185,2293
356,2296
443,2296
267,2297
179,2298
486,2298
328,2299
7,2300
169,2300
403,2303
460,2303
272,2320
188,2321
419,2324
216,2331
117,2336
196,2340
268,2345
464,2345
491,2347
102,2348
485,2348
444,2350
96,2351
384,2352
128,2353
308,2353
342,2356
262,2357
90,2371
4,2372
151,2379
480,2380
441,2385
249,2389
17,2390
397,2390
446,2392
241,2394
91,2396
351,2398
118,2401
209,2402
133,2403
352,2403
231,2405
349,2415
469,2423
258,2429
132,2431
381,2431
404,2434
253,2438
26,2449
20,2451
37,2451
280,2457
320,2460
427,2460
453,2461
330,2462
120,2462
298,2473
273,2478
390,2478
331,2481
442,2484
440,2493
383,2495
468,2497
97,2499
411,2502
277,2505
490,2505
499,2507
106,2513
285,2514
166,2517
5,2520
225,2521
382,2524
14,2531
244,2536
254,2562
357,2565
237,2565
74,2567
422,2568
111,2568
164,2568
325,2570
421,2570
355,2571
130,2571
431,2572
329,2575
380,2581
463,2582
396,2593
141,2595
15,2602
316,2605
175,2610
148,2611
447,2614
183,2615
465,2622
497,2626
195,2631
247,2655
181,2658
101,2669
28,2672
481,2676
245,2680
498,2688
52,2688
300,2695
150,2696
220,2698
134,2704
87,2709
80,2712
143,2720
182,2720
8,2721
235,2723
83,2725
41,2730
68,2731
6,2735
229,2737
19,2738
59,2740
394,2740
424,2742
370,2753
30,2760
50,2763
171,2765
221,2765
292,2782
359,2785
165,2785
238,2786
234,2788
147,2788
131,2792
43,2797
479,2821
65,2822
232,2823
363,2826
138,2840
291,2841
228,2843
23,2845
260,2870
187,2881
243,2893
108,2896
423,2903
364,2905
10,2905
34,2905
139,2907
452,2912
400,2915
375,2915
429,2915
252,2916
318,2918
354,2919
358,2929
48,2930
388,2935
347,2941
362,2943
242,2957
73,2963
142,2991
49,3004
192,3005
434,3006
246,3007
126,3008
256,3012
56,3015
263,3032
215,3042
189,3052
317,3054
67,3070
341,3072
290,3094
327,3105
223,3105
297,3119
360,3120
76,3140
115,3147
197,3153
326,3155
470,3164
42,3166
259,3192
38,3202
467,3219
191,3223
173,3233
109,3233
322,3235
217,3239
456,3240
2,3247
335,3249
365,3260
265,3261
461,3266
123,3276
391,3341
416,3341
276,3342
314,3348
289,3360
379,3383
462,3383
152,3384
193,3407
145,3408
104,3425
177,3443
33,3455
159,3474
144,3479
98,3484
374,3538
295,3557
296,3570
313,3603
395,3613
112,3670
227,3671
371,3673
334,3680
35,3684
288,3689
251,3699
81,3740
79,3741
146,3778
474,3817
353,3822
172,3868
438,3888
271,3904
114,3917
284,3946
9,4009
219,4014
99,4034
257,4046
47,4106
11,4134
125,4250
46,4280
418,4327
207,4353
174,4380
372,4398
299,4664
69,4667
378,4687
71,5020
45,5033

simblock.block.ProofOfWorkBlock@34885f7b:67
56,0
244,360
97,499
109,645
359,719
111,784
75,869
251,879
331,921
342,1005
42,1008
323,1017
5,1058
197,1104
455,1140
108,1143
257,1147
90,1154
177,1194
32,1225
19,1269
384,1274
358,1277
187,1278
52,1283
394,1291
155,1349
325,1357
289,1359
285,1367
349,1368
37,1402
365,1412
355,1413
426,1420
258,1425
298,1427
370,1449
280,1491
436,1492
329,1498
486,1500
465,1501
234,1504
428,1505
327,1506
117,1538
237,1543
235,1547
126,1554
182,1559
220,1568
84,1575
382,1584
130,1603
238,1626
410,1628
15,1629
245,1632
191,1632
48,1633
301,1633
240,1635
222,1636
446,1641
281,1643
313,1644
300,1644
357,1646
500,1651
470,1677
469,1680
215,1683
166,1692
249,1696
414,1702
175,1713
35,1718
468,1720
463,1723
6,1729
154,1732
320,1732
236,1739
318,1760
11,1765
76,1766
385,1772
26,1773
268,1773
254,1776
73,1777
147,1778
380,1779
388,1780
96,1781
340,1784
203,1785
444,1786
127,1800
194,1800
198,1801
338,1807
479,1814
273,1838
204,1840
228,1849
2,1851
429,1851
49,1852
319,1853
317,1853
176,1854
363,1857
102,1859
416,1866
269,1867
275,1871
106,1876
490,1886
307,1892
292,1893
434,1899
165,1899
169,1907
462,1909
135,1910
328,1911
309,1911
362,1911
70,1912
74,1914
347,1915
421,1916
379,1923
351,1926
353,1930
80,1932
140,1935
141,1944
170,1945
403,1949
293,1958
24,1967
497,1971
233,1977
255,1982
492,1982
418,1984
149,1984
397,1985
159,1986
150,1988
225,1990
404,1990
464,1991
411,1997
387,2002
427,2004
478,2005
438,2005
287,2012
376,2012
326,2017
431,2017
95,2027
87,2030
460,2030
46,2033
209,2041
409,2046
348,2046
132,2048
278,2049
424,2049
449,2054
1,2054
480,2055
442,2056
112,2059
181,2065
401,2066
241,2067
495,2068
262,2078
17,2079
168,2081
422,2082
413,2083
408,2083
14,2084
157,2090
53,2094
134,2098
447,2103
450,2103
62,2108
337,2118
120,2119
83,2120
107,2122
13,2123
398,2124
406,2126
33,2127
218,2130
101,2131
473,2131
247,2131
291,2132
110,2136
381,2136
324,2138
82,2140
407,2141
123,2142
60,2142
64,2144
417,2145
420,2150
192,2153
65,2163
119,2163
94,2166
383,2168
16,2168
476,2169
162,2175
186,2184
18,2186
377,2187
494,2188
85,2192
482,2197
151,2197
396,2205
205,2211
304,2212
184,2214
47,2217
294,2219
200,2225
282,2231
144,2235
136,2238
361,2241
393,2241
226,2242
153,2253
36,2261
61,2263
390,2272
343,2274
466,2276
483,2279
445,2279
425,2281
267,2283
321,2285
8,2289
66,2293
261,2303
458,2304
392,2304
412,2309
57,2309
161,2312
22,2322
59,2324
122,2324
185,2324
137,2327
272,2329
131,2341
283,2343
452,2347
12,2348
163,2350
72,2354
451,2355
190,2358
128,2358
472,2361
54,2365
199,2366
430,2366
105,2367
63,2368
143,2369
210,2370
277,2372
496,2378
346,2379
21,2380
124,2394
308,2395
373,2395
265,2396
435,2401
114,2406
274,2415
3,2417
485,2422
121,2426
230,2438
316,2443
433,2444
71,2446
116,2454
104,2464
160,2465
89,2468
443,2469
4,2469
330,2479
68,2486
103,2490
279,2495
20,2495
386,2501
229,2502
399,2504
276,2508
333,2509
100,2512
172,2513
263,2514
45,2516
350,2518
27,2529
419,2533
339,2535
499,2535
487,2538
43,2540
28,2550
332,2559
201,2566
79,2569
86,2577
152,2579
212,2581
306,2583
454,2591
439,2595
133,2595
488,2598
459,2600
224,2603
91,2607
58,2607
179,2620
92,2621
232,2623
461,2623
145,2625
139,2629
302,2631
303,2634
405,2642
441,2654
41,2658
138,2667
344,2691
146,2691
286,2695
498,2695
260,2697
25,2720
113,2729
367,2729
239,2729
31,2737
125,2742
336,2747
248,2754
448,2755
432,2758
264,2766
173,2770
208,2785
456,2785
158,2815
312,2824
402,2828
178,2833
40,2833
39,2835
271,2837
360,2848
310,2849
491,2859
372,2870
213,2870
270,2872
44,2881
334,2897
395,2899
55,2917
246,2933
266,2955
475,2969
284,2973
223,2989
311,2992
206,2993
242,2996
99,2998
299,3030
67,3053
88,3055
227,3055
231,3055
457,3061
51,3066
171,3070
369,3082
322,3085
156,3096
489,3096
250,3100
252,3109
253,3112
375,3124
129,3153
305,3180
50,3201
77,3219
115,3261
352,3280
216,3281
256,3282
371,3290
356,3291
471,3292
481,3298
69,3298
335,3304
484,3309
437,3323
93,3339
389,3342
195,3355
423,3367
221,3370
23,3386
217,3395
315,3405
10,3412
290,3426
189,3454
202,3505
29,3511
183,3516
366,3518
415,3519
180,3554
219,3562
118,3566
167,3567
207,3584
295,3593
477,3631
391,3682
364,3697
34,3700
400,3715
474,3757
440,3760
354,3764
164,3780
378,3805
243,3810
188,3870
341,3897
196,3987
288,4012
214,4021
78,4022
174,4036
30,4043
38,4104
193,4111
81,4198
467,4328
296,4420
493,4481
297,4620
9,4720
98,4926
259,4968
374,5280
314,5887

simblock.block.ProofOfWorkBlock@35d893fc:68
201,0
211,284
21,390
70,507
7,567
453,611
408,671
190,682
170,727
368,776
226,786
422,788
148,835
55,844
315,880
366,893
445,893
62,899
282,942
433,949
205,950
484,962
405,989
212,999
336,1000
488,1017
286,1055
57,1057
93,1062
155,1062
13,1065
12,1070
494,1071
439,1096
91,1107
346,1110
85,1118
188,1126
135,1130
441,1161
182,1162
194,1162
489,1164
92,1166
113,1170
196,1171
356,1172
275,1175
309,1176
16,1177
154,1197
156,1206
357,1212
392,1215
401,1224
303,1228
248,1233
490,1233
475,1235
199,1240
459,1269
482,1269
27,1271
176,1276
477,1277
185,1278
492,1280
337,1283
168,1283
432,1284
333,1284
94,1286
8,1293
428,1293
210,1301
103,1315
440,1325
261,1326
54,1333
203,1335
53,1338
36,1338
393,1343
447,1345
51,1346
204,1349
294,1352
1,1352
476,1357
18,1375
121,1377
460,1380
128,1381
387,1382
304,1384
31,1385
73,1385
419,1385
266,1390
473,1391
425,1391
420,1391
208,1393
406,1397
352,1398
399,1399
127,1400
264,1402
414,1407
330,1410
369,1424
367,1434
236,1435
178,1438
28,1442
253,1444
302,1444
270,1444
407,1448
483,1449
278,1456
458,1456
348,1458
402,1459
116,1461
328,1462
412,1466
14,1467
186,1468
22,1481
279,1481
24,1482
343,1489
340,1489
64,1489
386,1490
308,1492
29,1494
44,1495
78,1496
213,1496
305,1500
410,1501
310,1504
345,1505
293,1506
377,1511
164,1515
179,1517
82,1518
66,1521
394,1521
63,1526
162,1536
321,1539
417,1540
140,1542
84,1548
255,1550
26,1555
230,1556
500,1557
216,1560
214,1560
287,1560
133,1560
427,1564
415,1564
122,1565
250,1565
77,1566
491,1567
469,1570
200,1571
161,1572
471,1579
143,1581
137,1584
95,1587
307,1588
107,1594
351,1596
65,1597
72,1600
158,1600
363,1602
312,1602
466,1604
332,1605
409,1607
454,1608
61,1610
281,1610
209,1610
350,1613
430,1614
448,1618
389,1619
105,1619
130,1621
167,1622
136,1625
338,1633
472,1633
177,1644
485,1646
450,1647
40,1658
272,1662
163,1666
239,1668
320,1670
58,1670
233,1670
89,1672
283,1675
224,1679
442,1684
75,1687
437,1691
96,1695
33,1696
463,1696
421,1699
110,1700
39,1705
25,1707
313,1708
413,1709
153,1712
206,1714
487,1717
3,1721
60,1721
139,1721
277,1722
493,1729
426,1731
499,1740
132,1743
87,1749
129,1752
52,1758
285,1771
247,1773
311,1774
245,1777
435,1779
5,1789
323,1791
160,1796
404,1803
269,1803
56,1804
180,1805
220,1806
443,1811
380,1811
496,1817
267,1821
86,1822
184,1828
397,1828
225,1828
258,1832
262,1833
327,1834
342,1834
457,1835
102,1845
166,1846
159,1853
373,1853
344,1856
298,1863
347,1865
358,1865
192,1866
451,1878
6,1889
108,1892
215,1894
175,1895
251,1898
249,1902
149,1903
144,1904
19,1907
301,1908
424,1909
88,1911
329,1912
444,1913
126,1914
291,1914
478,1918
118,1923
381,1926
290,1931
218,1933
124,1938
339,1940
379,1943
273,1944
37,1949
48,1952
59,1958
74,1967
114,1973
316,1977
4,1987
131,1995
80,2001
17,2001
181,2007
388,2008
11,2011
274,2019
47,2023
455,2024
231,2029
364,2030
90,2030
152,2040
222,2044
411,2044
383,2049
361,2049
324,2050
23,2051
497,2052
376,2054
390,2055
101,2058
120,2063
100,2064
169,2072
382,2074
112,2087
318,2087
217,2088
297,2090
319,2090
228,2093
486,2098
79,2111
238,2112
446,2117
232,2121
147,2125
306,2126
254,2129
35,2131
83,2133
370,2135
371,2137
67,2140
462,2141
317,2152
106,2155
479,2157
172,2161
151,2162
97,2164
202,2173
123,2174
292,2181
276,2185
360,2194
259,2194
157,2197
280,2199
165,2215
416,2226
252,2233
221,2237
395,2241
30,2242
41,2243
498,2246
331,2247
452,2248
34,2261
495,2268
355,2272
431,2273
354,2286
146,2294
325,2295
227,2308
234,2309
2,2309
449,2316
134,2318
98,2328
341,2329
138,2336
109,2345
240,2348
198,2353
470,2364
378,2367
15,2377
359,2381
223,2382
219,2385
257,2385
362,2394
43,2394
142,2397
119,2398
50,2400
20,2404
256,2405
400,2408
76,2419
150,2432
189,2452
334,2472
429,2478
244,2510
237,2518
438,2535
464,2540
289,2547
241,2572
271,2572
49,2580
353,2583
365,2602
207,2602
42,2605
9,2605
468,2615
235,2621
398,2637
229,2653
246,2704
187,2729
193,2738
117,2754
191,2758
480,2765
335,2769
467,2772
32,2790
173,2790
300,2797
265,2798
299,2809
197,2825
268,2838
141,2840
288,2903
263,2933
326,2976
10,2977
385,2985
403,3045
375,3052
145,3059
465,3064
391,3068
418,3068
474,3084
68,3123
314,3141
174,3142
183,3187
46,3206
99,3255
434,3266
384,3297
171,3307
260,3308
81,3408
111,3423
456,3454
243,3464
436,3494
461,3600
242,3641
45,3643
396,3720
125,3754
374,3769
115,3853
372,3854
349,3940
423,3972
295,4032
195,4101
69,4146
38,4278
71,4327
322,4442
284,4615
481,4778
296,5109
104,5443

simblock.block.ProofOfWorkBlock@7f1cb1a4:69
300,0
192,350
177,494
131,629
316,701
33,768
390,835
370,851
75,917
74,969
361,984
470,988
384,1052
385,1055
120,1104
132,1121
56,1121
159,1124
376,1187
463,1192
83,1199
249,1207
134,1248
397,1256
237,1256
479,1260
349,1268
102,1327
438,1337
497,1341
220,1346
301,1391
215,1395
388,1404
238,1412
16,1415
381,1419
476,1422
117,1460
64,1461
269,1472
345,1473
111,1473
464,1476
114,1477
5,1481
254,1484
135,1492
130,1501
285,1524
182,1530
32,1540
292,1545
291,1546
147,1552
112,1563
329,1563
35,1593
59,1603
109,1608
280,1614
298,1614
424,1615
398,1619
49,1619
404,1627
480,1629
412,1642
415,1649
273,1657
327,1676
383,1678
149,1683
357,1686
468,1693
37,1696
150,1696
247,1700
161,1702
455,1704
379,1704
127,1706
12,1710
143,1710
444,1714
336,1718
394,1727
251,1737
84,1741
209,1747
97,1748
325,1750
166,1751
330,1753
198,1754
425,1755
289,1755
286,1759
465,1760
65,1765
165,1774
362,1782
365,1790
107,1806
46,1812
244,1818
180,1824
47,1829
258,1831
447,1834
382,1837
442,1840
486,1841
355,1843
380,1844
230,1846
353,1850
15,1854
22,1858
201,1863
19,1863
52,1869
406,1870
358,1871
471,1875
176,1879
228,1884
317,1885
462,1887
495,1890
202,1893
347,1897
368,1904
87,1911
141,1912
277,1913
14,1916
294,1921
490,1923
42,1928
496,1929
492,1930
110,1930
224,1932
153,1951
405,1953
25,1954
331,1955
354,1962
187,1963
351,1964
441,1966
73,1968
257,1970
108,1971
222,1975
323,1975
429,1977
436,1979
359,1981
411,1981
39,1981
473,1984
151,1984
26,1985
307,1987
338,1987
62,1988
85,1991
72,1991
272,1995
123,1999
410,1999
144,2002
51,2008
278,2015
6,2022
342,2023
326,2029
157,2030
268,2030
31,2037
401,2038
309,2041
11,2041
129,2045
119,2047
240,2047
101,2050
366,2058
483,2062
434,2066
418,2066
170,2070
437,2074
321,2075
1,2083
303,2086
204,2087
281,2088
414,2090
488,2091
367,2092
94,2095
124,2100
403,2103
96,2103
197,2104
420,2105
313,2107
70,2108
169,2108
181,2108
8,2111
148,2112
393,2113
90,2114
126,2115
431,2118
339,2119
287,2120
203,2124
100,2125
328,2132
443,2133
185,2137
86,2140
7,2146
213,2152
17,2153
168,2153
88,2157
218,2157
128,2161
20,2165
458,2165
466,2168
191,2169
262,2170
40,2174
186,2177
315,2180
199,2181
76,2186
27,2190
407,2195
158,2200
162,2204
214,2208
439,2211
350,2212
80,2213
248,2217
427,2218
352,2218
387,2223
318,2223
419,2224
426,2226
306,2228
421,2228
233,2235
63,2235
324,2237
245,2238
348,2239
140,2240
454,2241
469,2243
241,2246
61,2268
133,2268
10,2270
103,2273
194,2276
4,2282
174,2283
430,2289
175,2291
48,2295
91,2300
184,2303
106,2306
235,2310
432,2313
279,2314
179,2314
223,2316
332,2318
93,2320
408,2324
21,2326
422,2330
337,2340
451,2341
146,2342
118,2346
250,2348
57,2349
255,2352
54,2358
113,2363
334,2373
461,2373
396,2381
225,2381
312,2382
78,2389
343,2391
261,2393
253,2395
386,2398
446,2398
77,2401
270,2403
457,2404
211,2407
456,2410
167,2410
3,2414
265,2419
371,2419
95,2420
433,2421
193,2423
200,2443
500,2446
154,2449
450,2452
363,2454
276,2455
50,2456
392,2460
190,2461
389,2462
137,2462
484,2464
477,2466
231,2471
171,2474
499,2477
216,2479
152,2484
232,2493
266,2494
69,2505
445,2509
478,2510
98,2517
28,2517
416,2517
487,2518
2,2528
122,2530
267,2530
234,2534
489,2545
164,2547
274,2551
311,2552
417,2552
346,2559
125,2560
435,2573
399,2581
482,2582
41,2585
413,2616
104,2617
210,2621
236,2628
178,2629
82,2633
13,2643
30,2644
68,2668
448,2669
485,2681
333,2682
378,2682
409,2687
24,2690
453,2691
275,2694
459,2698
195,2705
217,2727
395,2727
160,2737
116,2743
239,2744
340,2753
45,2754
18,2757
295,2767
9,2770
156,2773
205,2779
428,2780
293,2785
335,2801
105,2802
212,2809
341,2812
99,2816
364,2821
139,2839
304,2848
246,2855
283,2864
375,2873
377,2896
208,2910
196,2917
115,2922
252,2923
305,2924
172,2944
188,2962
356,2969
229,2983
374,2990
260,2999
23,3006
227,3007
206,3034
400,3056
79,3058
67,3061
221,3067
271,3075
189,3080
242,3084
66,3086
44,3089
243,3109
372,3110
53,3137
308,3145
36,3150
322,3177
121,3188
173,3192
481,3223
319,3261
288,3315
475,3321
43,3361
60,3364
493,3373
296,3376
290,3382
138,3383
449,3384
423,3386
391,3416
155,3418
498,3478
263,3491
226,3491
314,3523
472,3594
369,3603
373,3611
297,3613
34,3616
282,3655
207,3685
491,3717
299,3721
360,3779
89,3820
136,3830
320,3844
55,3904
81,3921
29,3945
284,3985
302,4046
440,4060
494,4078
38,4081
460,4133
163,4172
264,4272
256,4294
92,4298
402,4313
344,4370
467,4471
58,4503
310,4528
71,4570
474,4674
142,4774
259,4826
145,5073
183,5117
219,5423
452,5726

simblock.block.ProofOfWorkBlock@337aa0fa:70
7,0
286,280
44,398
482,505
401,562
211,614
392,676
262,676
405,724
294,792
200,797
369,807
387,836
377,845
103,892
53,896
148,906
453,912
61,942
293,952
127,957
366,966
368,997
477,1008
408,1008
63,1016
22,1019
55,1054
91,1057
459,1062
121,1070
204,1078
89,1080
57,1089
201,1106
490,1113
491,1115
250,1120
311,1123
39,1124
84,1129
441,1161
340,1164
339,1174
170,1176
62,1178
178,1186
116,1187
216,1187
212,1192
483,1195
336,1195
315,1212
460,1220
458,1225
214,1226
309,1228
85,1229
8,1229
162,1231
414,1235
157,1242
304,1249
433,1266
430,1269
443,1278
303,1282
332,1283
205,1287
194,1290
330,1292
27,1292
135,1297
51,1298
153,1300
272,1305
28,1310
445,1312
439,1317
140,1326
367,1329
203,1333
321,1333
253,1334
188,1336
77,1337
70,1338
133,1339
435,1347
275,1349
489,1352
155,1355
328,1358
319,1368
86,1371
199,1375
185,1384
274,1387
345,1391
18,1395
494,1397
93,1397
448,1397
154,1400
373,1402
488,1403
352,1406
407,1411
324,1411
422,1411
186,1412
356,1413
266,1415
493,1418
64,1421
156,1422
16,1430
239,1435
82,1438
484,1439
312,1442
40,1442
384,1443
88,1448
202,1451
160,1453
457,1459
176,1460
236,1462
307,1462
492,1464
447,1472
348,1475
264,1480
110,1482
476,1482
410,1483
220,1487
167,1491
472,1501
224,1502
487,1504
213,1505
343,1505
402,1506
413,1506
255,1509
24,1510
310,1510
420,1513
308,1515
500,1518
333,1519
180,1520
363,1523
158,1525
282,1531
278,1532
473,1535
113,1543
1,1544
13,1544
386,1549
346,1551
163,1552
130,1553
164,1556
417,1559
107,1563
118,1567
440,1569
301,1572
270,1576
279,1577
143,1585
136,1587
496,1589
344,1597
428,1597
302,1598
419,1599
94,1605
58,1610
305,1612
466,1613
124,1613
105,1614
210,1617
257,1618
59,1618
393,1623
338,1624
248,1625
60,1627
92,1629
233,1632
206,1634
320,1638
454,1640
230,1640
19,1644
287,1648
427,1649
187,1655
406,1658
129,1661
291,1662
226,1663
101,1663
409,1667
412,1674
35,1681
29,1684
161,1685
485,1685
389,1691
208,1691
350,1698
261,1706
475,1711
426,1719
415,1720
66,1721
429,1721
231,1722
361,1724
424,1731
351,1733
168,1737
100,1740
451,1742
122,1744
184,1744
390,1745
318,1749
120,1750
342,1750
137,1755
450,1759
486,1759
317,1761
376,1763
425,1767
190,1767
357,1768
5,1768
4,1771
283,1772
131,1772
306,1789
240,1792
382,1792
72,1793
431,1796
150,1797
383,1806
358,1811
251,1814
222,1823
21,1825
437,1826
95,1827
470,1832
365,1836
191,1841
175,1842
12,1845
326,1846
179,1848
54,1849
108,1850
380,1856
31,1858
442,1860
128,1865
109,1868
416,1869
399,1873
478,1873
464,1874
166,1875
449,1877
17,1880
78,1885
325,1889
14,1900
56,1901
169,1911
147,1917
126,1923
247,1932
471,1933
25,1934
37,1946
182,1947
196,1949
280,1952
215,1959
300,1969
289,1970
237,1975
249,1975
267,1981
159,1982
411,1984
463,1992
337,1993
370,2013
26,2014
80,2014
90,2016
238,2019
285,2024
228,2028
52,2036
499,2038
360,2042
281,2048
359,2058
468,2061
20,2063
23,2064
436,2064
455,2071
6,2073
394,2074
353,2079
132,2082
479,2088
244,2092
33,2093
245,2095
432,2098
149,2099
30,2099
497,2102
329,2118
171,2118
316,2125
254,2126
313,2130
146,2139
292,2141
446,2146
273,2151
217,2159
241,2160
418,2164
73,2171
87,2175
114,2176
68,2176
234,2177
252,2181
98,2188
2,2190
48,2193
323,2195
144,2199
177,2200
260,2201
41,2204
36,2205
218,2213
290,2232
381,2234
189,2239
391,2248
134,2258
232,2261
438,2271
444,2271
97,2276
452,2277
197,2281
229,2288
74,2292
331,2295
15,2302
79,2310
327,2312
355,2315
65,2315
388,2318
96,2320
335,2346
139,2346
83,2348
400,2366
421,2371
38,2375
349,2382
123,2389
268,2394
43,2397
395,2399
76,2400
3,2402
480,2410
354,2413
298,2419
192,2426
375,2431
371,2434
495,2451
138,2454
102,2496
225,2498
11,2516
10,2521
106,2524
456,2527
181,2530
341,2531
75,2534
258,2539
152,2548
398,2584
265,2606
141,2608
207,2614
165,2618
42,2619
142,2621
46,2634
404,2638
259,2641
67,2648
334,2653
385,2673
34,2705
434,2720
403,2724
271,2731
462,2744
297,2764
469,2770
378,2786
467,2817
117,2822
198,2839
362,2839
50,2852
9,2863
423,2864
111,2871
219,2876
115,2908
347,2918
269,2939
263,2951
256,2958
32,2964
374,2971
209,2991
295,2998
498,3041
379,3057
235,3058
288,3062
246,3064
47,3096
314,3119
112,3183
227,3194
174,3198
397,3209
221,3210
364,3248
474,3270
277,3276
465,3283
481,3304
299,3304
119,3329
242,3394
396,3407
284,3409
243,3429
49,3502
125,3559
193,3580
183,3587
276,3603
322,3641
172,3681
151,3720
99,3739
71,3779
81,3924
145,3935
69,3947
296,3971
45,4029
173,4128
461,4272
195,4310
372,4323
223,4381
104,4641

simblock.block.ProofOfWorkBlock@c0dbf0c:71
104,0
172,539
398,887
232,1079
117,1209
222,1243
290,1289
479,1378
376,1533
358,1568
37,1606
160,1613
462,1616
423,1623
74,1707
59,1730
245,1742
174,1745
145,1833
203,1841
251,1857
131,1864
235,1881
500,1897
300,1898
267,1909
191,1924
20,1942
219,1961
370,1969
249,1971
165,1993
150,2001
236,2019
411,2022
394,2063
192,2063
39,2072
119,2090
323,2106
15,2111
495,2113
53,2124
451,2127
465,2145
404,2158
396,2159
344,2160
207,2170
148,2189
491,2190
19,2197
134,2203
469,2210
215,2216
353,2228
428,2229
57,2231
483,2238
331,2243
73,2245
35,2245
421,2246
384,2250
48,2269
231,2273
455,2275
169,2284
204,2294
89,2298
437,2299
141,2304
220,2321
108,2322
102,2332
420,2342
309,2344
97,2347
257,2347
418,2352
285,2355
159,2357
308,2367
190,2371
98,2376
431,2377
317,2378
463,2381
329,2382
33,2386
275,2387
195,2389
206,2399
213,2405
66,2407
327,2408
390,2415
313,2418
383,2439
439,2441
155,2446
13,2453
121,2454
476,2458
198,2459
464,2467
497,2468
144,2468
185,2472
450,2474
201,2478
147,2481
111,2481
277,2483
209,2483
381,2488
486,2489
189,2497
269,2509
140,2512
151,2515
369,2518
177,2521
429,2521
46,2523
166,2528
186,2529
410,2540
468,2542
362,2543
205,2546
454,2550
120,2550
448,2552
60,2556
286,2559
470,2561
87,2563
96,2564
480,2570
457,2572
175,2574
328,2581
393,2583
302,2584
217,2587
238,2597
367,2598
132,2599
416,2602
276,2602
247,2602
101,2602
424,2606
18,2607
441,2607
56,2608
318,2608
22,2608
310,2610
224,2615
179,2620
225,2621
218,2624
436,2625
244,2633
47,2634
403,2636
294,2639
255,2639
240,2648
413,2653
332,2662
443,2665
54,2671
494,2673
409,2677
248,2679
181,2680
279,2684
109,2684
188,2684
200,2685
401,2692
42,2695
438,2696
124,2700
228,2707
167,2708
61,2709
456,2712
26,2716
92,2717
126,2717
90,2718
459,2724
77,2728
281,2729
298,2732
342,2735
280,2739
283,2740
292,2742
170,2745
496,2745
88,2745
291,2746
406,2751
85,2755
365,2758
127,2769
434,2770
123,2773
58,2774
355,2775
253,2776
94,2778
386,2781
82,2784
75,2784
2,2788
368,2790
440,2791
107,2798
482,2808
372,2809
472,2812
444,2821
76,2822
412,2825
273,2829
31,2834
430,2834
261,2834
356,2835
336,2844
176,2845
366,2845
447,2845
83,2846
50,2858
258,2858
347,2862
93,2862
6,2869
471,2872
116,2883
380,2888
266,2890
357,2896
95,2909
414,2910
196,2910
254,2910
274,2912
385,2912
382,2914
272,2915
11,2919
325,2919
361,2924
182,2929
379,2933
24,2935
28,2942
312,2953
408,2958
71,2960
377,2967
86,2967
445,2972
78,2974
16,2979
21,2981
187,2986
488,2986
143,2989
162,2991
112,2992
322,2999
80,3005
293,3005
211,3006
212,3009
110,3013
473,3014
153,3028
84,3029
38,3032
315,3032
234,3038
363,3040
260,3042
64,3046
197,3054
387,3054
17,3064
492,3065
359,3069
435,3073
156,3073
262,3075
122,3079
326,3080
453,3085
252,3090
168,3092
402,3096
164,3101
1,3108
135,3117
125,3122
4,3136
233,3136
10,3137
250,3139
69,3139
349,3141
320,3145
237,3147
30,3155
178,3162
7,3163
311,3171
460,3172
467,3191
129,3193
67,3202
146,3204
270,3207
485,3210
415,3212
321,3212
114,3212
128,3215
432,3216
45,3225
79,3228
139,3229
493,3231
208,3234
23,3236
14,3240
3,3246
158,3248
316,3258
395,3265
341,3267
243,3269
419,3273
289,3274
91,3277
345,3283
351,3285
138,3287
307,3288
65,3298
9,3300
352,3304
199,3306
36,3310
399,3311
354,3349
115,3357
137,3361
241,3362
49,3366
373,3370
216,3370
68,3377
70,3394
350,3397
400,3401
40,3403
157,3405
371,3407
43,3412
303,3436
259,3460
202,3461
268,3463
489,3466
55,3482
364,3488
375,3489
32,3493
227,3516
334,3517
388,3518
425,3531
62,3536
449,3539
391,3571
229,3580
397,3582
446,3584
130,3585
103,3588
288,3596
183,3604
407,3625
282,3630
392,3639
133,3644
417,3656
314,3658
161,3662
297,3665
389,3687
25,3694
230,3732
346,3758
142,3761
348,3766
214,3780
442,3785
378,3793
223,3794
256,3827
152,3829
305,3864
374,3881
299,3883
265,3884
149,3906
163,3913
226,3922
461,3946
5,3950
246,3966
171,3972
319,3984
304,3992
27,4006
458,4007
29,4024
72,4089
41,4093
173,4100
426,4104
12,4141
113,4146
287,4157
295,4176
477,4212
106,4229
296,4268
263,4274
452,4294
301,4294
154,4369
484,4389
335,4393
81,4401
264,4443
284,4444
271,4463
8,4466
498,4475
427,4509
52,4554
474,4593
193,4693
99,4695
239,4740
180,4741
490,4754
242,4780
405,4834
333,4870
34,4900
51,4919
221,5011
481,5080
44,5110
338,5128
339,5186
330,5195
194,5232
499,5284
360,5313
210,5481
278,5491
487,5561
184,5598
422,5648
433,5649
306,5852
63,5859
475,5929
100,5966
105,6014
118,6099
324,6213
478,6247
340,6291
136,6546
343,6582
466,6991
337,7441

simblock.block.ProofOfWorkBlock@6ce8b214:72
468,0
285,361
101,497
497,643
365,717
191,796
33,851
228,855
130,929
381,989
317,989
470,996
17,1064
277,1076
404,1122
150,1123
455,1142
327,1149
47,1200
480,1207
254,1210
132,1210
15,1256
126,1259
349,1276
52,1288
358,1288
385,1335
411,1339
209,1342
379,1346
362,1347
397,1348
177,1352
323,1397
469,1411
380,1424
108,1424
268,1430
247,1438
87,1470
166,1474
329,1476
141,1480
479,1482
464,1486
224,1487
300,1489
75,1503
11,1504
486,1551
32,1558
120,1565
394,1565
289,1567
459,1591
240,1606
361,1609
6,1613
215,1613
338,1616
249,1618
424,1620
301,1622
352,1625
144,1629
134,1634
326,1637
421,1641
280,1643
117,1645
489,1653
396,1684
187,1685
218,1692
151,1695
220,1698
35,1698
267,1699
257,1701
431,1703
56,1706
429,1712
206,1712
376,1718
269,1747
462,1749
222,1751
436,1752
37,1752
165,1756
273,1758
463,1765
388,1769
26,1771
266,1774
444,1775
434,1779
73,1779
442,1779
448,1784
245,1789
42,1793
438,1804
7,1818
49,1822
418,1827
316,1831
313,1832
495,1832
123,1836
2,1837
225,1837
20,1838
370,1838
216,1839
112,1839
255,1840
39,1843
237,1845
398,1845
465,1846
384,1847
31,1858
149,1866
57,1871
178,1878
80,1884
97,1888
377,1909
294,1909
244,1915
19,1915
197,1916
106,1919
181,1920
414,1925
426,1931
347,1932
315,1934
65,1936
159,1936
156,1946
416,1963
318,1965
182,1970
83,1971
251,1973
412,1974
241,1974
325,1975
253,1977
492,1977
147,1979
238,1980
192,1980
321,1981
4,1982
131,1983
204,1984
292,1985
175,1985
60,1985
355,1992
66,1992
185,1994
383,1995
272,1996
415,1998
119,2007
200,2013
342,2018
12,2019
389,2020
264,2040
282,2044
435,2046
291,2048
446,2052
214,2057
90,2059
102,2059
413,2060
351,2060
14,2060
154,2064
230,2064
74,2065
29,2066
148,2067
82,2070
199,2071
34,2074
133,2084
58,2089
233,2093
111,2098
346,2101
5,2102
427,2103
281,2109
353,2109
226,2111
403,2114
298,2116
275,2118
59,2118
382,2121
161,2124
490,2124
46,2131
129,2137
63,2138
107,2143
158,2143
478,2145
140,2148
386,2150
363,2151
344,2164
48,2174
78,2178
180,2181
109,2187
188,2189
235,2194
332,2194
164,2197
153,2198
118,2200
213,2201
92,2202
211,2204
243,2205
422,2208
473,2208
401,2208
433,2208
24,2210
331,2211
458,2212
475,2216
76,2223
248,2228
53,2231
169,2232
449,2232
336,2233
201,2240
198,2244
258,2244
84,2244
432,2246
407,2258
345,2260
262,2261
409,2265
8,2268
176,2271
499,2272
484,2276
410,2287
405,2289
89,2291
114,2294
453,2294
348,2295
100,2297
210,2297
283,2297
217,2302
310,2306
202,2314
390,2322
234,2324
157,2333
393,2335
61,2336
163,2339
450,2340
367,2344
136,2345
304,2351
51,2352
395,2356
196,2364
477,2370
428,2371
439,2371
27,2373
189,2374
186,2377
72,2380
155,2395
13,2404
250,2410
22,2423
457,2424
369,2425
121,2429
430,2431
261,2433
110,2435
425,2437
125,2438
113,2440
485,2442
359,2443
482,2444
45,2447
265,2453
231,2457
162,2459
460,2460
472,2460
93,2465
441,2469
476,2471
203,2472
451,2473
324,2479
170,2482
99,2485
343,2486
308,2490
160,2493
3,2496
28,2501
299,2508
168,2508
339,2508
334,2515
105,2521
417,2522
279,2522
337,2523
437,2526
62,2530
173,2541
488,2543
64,2549
307,2551
195,2554
137,2560
466,2563
212,2566
297,2584
461,2586
333,2590
128,2597
302,2598
172,2602
306,2606
207,2609
371,2610
357,2627
23,2643
50,2644
41,2646
96,2647
246,2655
193,2660
330,2663
190,2664
85,2671
445,2673
227,2673
68,2680
419,2680
305,2682
276,2690
205,2691
493,2694
286,2696
340,2697
239,2698
135,2702
171,2704
354,2713
94,2715
319,2716
167,2718
115,2731
288,2737
1,2739
335,2748
387,2749
122,2750
408,2758
143,2771
496,2774
350,2777
146,2779
103,2791
440,2792
16,2795
474,2817
9,2829
406,2831
208,2852
104,2884
43,2893
44,2894
392,2899
500,2900
152,2902
360,2904
373,2908
256,2909
260,2910
356,2923
487,2925
194,2932
443,2939
364,2947
86,2947
18,2948
374,2956
391,2974
372,2976
55,2983
21,3001
312,3003
10,3014
295,3014
127,3016
95,3020
491,3031
296,3051
236,3078
221,3079
483,3121
252,3124
36,3133
400,3135
309,3136
116,3149
303,3167
124,3175
447,3184
229,3199
311,3209
284,3212
179,3226
88,3228
25,3241
328,3248
242,3313
423,3318
467,3322
402,3372
91,3375
232,3385
54,3407
40,3410
366,3415
274,3441
322,3450
70,3467
375,3524
38,3531
139,3553
494,3606
320,3608
481,3620
184,3645
174,3660
420,3667
77,3698
456,3713
145,3752
30,3824
454,3833
378,3838
314,3856
259,3864
368,3878
293,3892
287,3926
138,3957
278,4058
471,4111
290,4127
223,4127
270,4136
399,4164
341,4260
71,4311
263,4411
142,4427
79,4439
69,4456
183,4608
81,4713
498,4742
271,4768
452,4919
67,5013
98,5068
219,5227

simblock.block.ProofOfWorkBlock@79618ebe:72
408,0
22,277
57,383
27,490
180,560
18,596
369,661
250,667
212,701
449,767
140,768
445,771
44,805
315,838
29,878
412,887
286,896
270,916
194,920
476,945
343,946
366,952
441,985
319,985
85,991
493,1002
392,1023
211,1027
185,1050
127,1052
204,1053
154,1054
483,1057
294,1083
453,1090
279,1093
253,1106
266,1111
205,1131
53,1137
419,1155
346,1156
306,1161
492,1161
39,1182
214,1187
340,1195
447,1197
136,1205
84,1215
202,1216
308,1225
12,1228
24,1230
428,1231
487,1236
410,1251
156,1262
264,1268
233,1269
348,1272
500,1279
291,1282
196,1283
401,1286
262,1291
1,1292
25,1299
72,1302
393,1304
466,1307
92,1309
310,1326
414,1330
430,1332
460,1333
160,1336
278,1337
100,1340
161,1356
356,1368
413,1373
216,1374
309,1378
82,1384
186,1388
63,1391
321,1399
387,1403
199,1403
459,1407
167,1409
344,1410
415,1412
274,1431
124,1437
496,1438
435,1438
133,1439
86,1441
208,1441
302,1446
158,1450
468,1457
213,1475
261,1479
210,1483
499,1483
457,1495
58,1497
386,1498
7,1505
384,1506
417,1510
164,1512
402,1517
368,1519
131,1519
337,1522
157,1524
373,1526
247,1538
75,1540
168,1543
282,1543
116,1544
129,1549
283,1550
477,1555
454,1573
484,1573
147,1575
338,1584
307,1591
16,1593
153,1596
427,1600
351,1603
179,1604
37,1613
491,1613
155,1621
178,1622
488,1625
363,1627
95,1632
497,1633
407,1650
332,1655
432,1655
249,1658
255,1660
103,1660
269,1665
485,1667
236,1671
399,1678
421,1679
495,1695
451,1701
333,1704
148,1705
448,1710
320,1710
143,1720
482,1721
325,1724
352,1727
303,1731
54,1732
218,1736
5,1743
438,1754
277,1757
479,1761
316,1762
8,1762
431,1764
339,1765
105,1771
478,1777
61,1782
118,1785
377,1787
455,1792
230,1798
108,1800
345,1804
472,1806
188,1810
32,1812
78,1815
31,1818
97,1821
90,1823
110,1825
122,1827
350,1828
215,1831
184,1831
159,1839
336,1841
70,1842
191,1853
175,1861
21,1870
77,1872
120,1875
289,1877
292,1881
190,1882
311,1889
475,1891
463,1892
94,1893
119,1898
323,1899
426,1904
328,1905
176,1911
381,1918
203,1926
420,1933
163,1935
137,1946
267,1947
130,1955
35,1965
91,1967
206,1975
383,1975
17,1980
109,1980
3,1984
355,1985
65,1985
14,1988
36,1988
225,1989
422,1994
458,2010
182,2013
440,2015
329,2024
464,2030
442,2037
112,2040
416,2040
301,2040
40,2042
93,2044
433,2048
382,2050
162,2051
244,2053
111,2058
187,2062
138,2062
367,2071
149,2071
64,2085
357,2088
330,2101
254,2103
123,2108
165,2109
144,2110
275,2121
201,2127
313,2136
349,2139
33,2147
293,2149
489,2158
222,2169
450,2175
304,2191
486,2191
181,2193
226,2193
281,2197
49,2201
326,2207
370,2207
263,2209
359,2211
437,2224
114,2230
246,2232
48,2237
290,2250
171,2253
132,2256
73,2257
462,2260
141,2261
46,2261
490,2262
102,2273
169,2276
404,2280
74,2293
380,2321
395,2324
327,2324
429,2339
335,2348
318,2356
145,2361
197,2362
20,2363
298,2365
68,2389
198,2391
207,2392
299,2394
361,2398
268,2410
394,2410
424,2411
396,2420
121,2435
258,2437
334,2440
117,2442
480,2446
251,2447
115,2450
166,2457
83,2471
398,2475
358,2476
280,2482
388,2482
446,2483
177,2504
342,2510
19,2512
400,2532
371,2536
151,2541
245,2552
300,2555
235,2563
364,2563
106,2576
469,2580
376,2584
81,2584
436,2585
242,2599
322,2604
385,2608
276,2610
146,2627
434,2639
42,2641
423,2654
418,2663
11,2668
52,2676
174,2682
152,2694
397,2701
47,2723
256,2731
314,2731
193,2742
331,2769
139,2772
241,2772
101,2775
183,2777
456,2782
498,2783
238,2804
403,2805
10,2806
125,2836
296,2843
295,2851
379,2859
142,2867
360,2871
2,2886
192,2890
273,2897
378,2899
229,2901
260,2907
15,2922
104,2936
195,2943
189,2971
341,2989
96,2993
257,3024
391,3062
223,3071
172,3077
465,3087
126,3104
240,3121
474,3122
50,3137
217,3139
354,3184
89,3209
9,3232
71,3237
51,3250
374,3257
232,3303
362,3307
288,3319
38,3328
284,3357
79,3408
221,3411
45,3432
252,3442
243,3452
219,3468
271,3471
467,3511
234,3528
406,3572
389,3585
30,3601
69,3620
461,3650
43,3650
228,3659
259,3674
443,3690
67,3749
98,3775
200,3872
305,3949
237,3981
170,3991
265,4000
297,4010
372,4040
173,4062
405,4313
494,4344
272,4462
13,4680
60,4931

simblock.block.ProofOfWorkBlock@758a8a8:73
365,0
277,362
150,507
111,640
268,714
362,786
353,850
249,865
254,922
317,988
479,999
56,1005
33,1058
42,1068
289,1134
486,1139
238,1139
273,1141
285,1193
65,1205
83,1206
370,1227
436,1272
112,1272
358,1275
73,1276
120,1280
240,1330
444,1342
59,1347
5,1359
47,1361
398,1361
397,1362
251,1408
429,1410
166,1411
300,1414
144,1420
327,1475
182,1481
159,1486
281,1495
411,1495
384,1496
131,1496
147,1498
97,1499
62,1504
331,1505
198,1542
108,1550
132,1552
325,1554
202,1557
465,1557
337,1559
220,1560
388,1562
468,1565
462,1577
342,1620
347,1621
117,1625
2,1626
381,1630
355,1631
228,1631
291,1632
37,1633
385,1634
218,1634
119,1642
244,1649
431,1680
495,1683
48,1687
390,1697
87,1697
26,1701
208,1703
126,1705
323,1707
382,1709
222,1719
298,1721
367,1723
380,1726
376,1732
178,1734
394,1758
396,1762
134,1765
197,1766
49,1766
192,1768
247,1769
74,1771
75,1772
454,1779
257,1780
109,1784
13,1785
19,1787
413,1788
386,1789
29,1790
301,1792
329,1825
326,1831
356,1839
487,1839
258,1840
114,1847
35,1848
262,1850
292,1851
442,1853
416,1855
235,1856
90,1859
379,1860
309,1866
361,1866
283,1866
424,1874
39,1881
191,1894
181,1899
53,1899
225,1900
280,1902
480,1902
175,1902
340,1904
349,1906
52,1908
55,1910
470,1919
269,1920
177,1920
469,1923
435,1924
17,1925
357,1928
129,1933
15,1939
88,1940
212,1944
40,1944
80,1954
307,1954
339,1955
82,1959
66,1959
169,1960
106,1965
497,1975
137,1978
438,1981
432,1982
316,1984
463,1988
485,1990
352,1991
46,1996
151,1996
165,1998
403,1999
20,2002
209,2004
455,2006
402,2008
215,2017
310,2018
473,2019
185,2019
459,2024
255,2024
76,2033
237,2035
141,2039
346,2048
230,2048
102,2057
224,2058
130,2059
199,2063
14,2063
351,2075
245,2079
123,2079
31,2079
264,2093
110,2100
306,2110
338,2113
187,2118
200,2122
205,2124
415,2128
32,2129
156,2129
27,2130
383,2132
313,2133
359,2133
78,2133
421,2136
201,2137
184,2137
282,2138
28,2139
363,2140
213,2142
426,2147
149,2147
25,2154
464,2156
89,2159
448,2160
143,2168
404,2169
234,2174
399,2184
488,2184
500,2185
387,2185
420,2186
478,2187
401,2188
54,2189
101,2193
410,2193
96,2199
418,2200
44,2202
392,2206
266,2207
414,2207
170,2211
427,2212
158,2216
161,2216
477,2224
311,2226
305,2233
430,2237
22,2244
499,2249
100,2251
153,2253
446,2254
64,2258
8,2262
434,2262
417,2267
6,2269
348,2270
445,2274
174,2277
409,2278
154,2284
318,2288
86,2292
99,2303
160,2305
241,2306
354,2312
164,2313
157,2320
116,2320
250,2327
395,2331
168,2335
133,2342
294,2343
315,2344
490,2347
163,2351
248,2354
12,2354
128,2357
439,2358
333,2363
148,2364
226,2366
405,2367
70,2368
286,2368
447,2368
51,2375
124,2382
272,2382
287,2385
304,2387
113,2394
63,2399
58,2400
204,2408
412,2413
57,2413
443,2414
293,2419
118,2428
189,2432
61,2433
233,2440
303,2442
16,2442
457,2442
484,2442
350,2455
449,2462
176,2475
492,2476
460,2479
279,2480
43,2490
7,2492
437,2495
246,2496
364,2501
456,2503
11,2508
369,2514
72,2516
152,2528
167,2532
328,2534
324,2537
336,2544
276,2544
1,2549
440,2555
69,2572
18,2590
3,2591
493,2591
366,2594
239,2595
453,2597
243,2599
319,2611
332,2611
344,2624
77,2629
162,2633
271,2638
343,2638
321,2643
422,2643
173,2644
408,2645
190,2646
195,2646
441,2655
221,2671
489,2676
91,2678
476,2682
45,2685
373,2689
378,2700
256,2700
461,2700
472,2701
122,2706
223,2712
84,2716
210,2717
491,2724
79,2737
136,2741
105,2743
407,2758
393,2763
171,2771
302,2773
267,2778
312,2787
260,2804
68,2805
377,2820
194,2821
466,2823
419,2824
140,2825
450,2845
207,2849
155,2851
475,2856
458,2873
345,2874
85,2874
93,2884
299,2905
496,2906
217,2911
320,2915
179,2917
261,2927
375,2937
92,2967
406,2971
95,2990
330,2992
38,3000
296,3006
186,3009
180,3023
9,3031
368,3047
103,3051
188,3064
275,3071
104,3071
428,3077
172,3079
433,3087
94,3099
24,3112
274,3113
372,3122
4,3143
278,3143
142,3148
229,3173
308,3194
107,3197
391,3205
30,3208
145,3211
389,3221
115,3223
360,3242
451,3274
127,3280
252,3282
425,3290
236,3304
374,3304
483,3318
138,3324
400,3332
211,3341
60,3370
288,3374
196,3419
474,3425
265,3474
270,3499
41,3500
290,3512
203,3516
21,3518
481,3524
206,3534
498,3545
125,3571
10,3596
214,3601
494,3608
34,3681
471,3725
334,3727
295,3764
146,3789
193,3817
371,3823
284,3826
314,3827
253,3833
36,3838
50,3870
139,3901
135,3953
23,3981
482,4058
231,4066
423,4070
232,4092
335,4122
216,4201
322,4283
121,4292
71,4333
242,4376
227,4394
81,4502
259,4585
467,4588
341,4806
183,4875
297,4892
263,5108
219,5175
98,5199
67,5412
452,5713

simblock.block.ProofOfWorkBlock@58e38b69:74
436,0
469,352
2,488
108,629
379,708
150,763
403,838
144,845
102,916
119,972
251,978
80,982
313,1068
257,1105
166,1107
87,1112
479,1115
191,1123
165,1195
349,1201
35,1212
411,1240
342,1242
497,1250
249,1250
486,1271
149,1280
421,1325
446,1328
117,1334
234,1339
15,1340
220,1349
289,1378
365,1399
181,1404
380,1417
394,1425
465,1459
198,1460
5,1463
241,1466
466,1468
65,1473
277,1473
141,1475
224,1475
131,1476
455,1476
381,1483
285,1532
111,1538
106,1551
327,1560
75,1561
49,1563
225,1570
215,1593
59,1594
480,1595
269,1597
404,1599
397,1600
317,1601
406,1603
358,1607
398,1609
147,1609
470,1610
42,1611
339,1617
228,1637
76,1643
222,1673
52,1686
418,1687
463,1695
62,1696
416,1696
464,1698
28,1700
305,1709
442,1718
169,1728
462,1730
385,1732
197,1733
370,1735
159,1735
151,1742
468,1743
396,1744
74,1744
134,1744
112,1745
127,1748
78,1750
254,1752
178,1758
268,1774
47,1774
218,1777
347,1781
121,1788
124,1797
444,1811
384,1823
245,1825
388,1826
280,1829
353,1830
167,1830
434,1834
361,1837
387,1839
101,1840
3,1844
213,1854
424,1856
244,1863
83,1865
237,1868
323,1869
90,1873
175,1876
20,1878
19,1878
301,1880
281,1883
258,1893
362,1896
118,1900
126,1901
123,1908
136,1916
331,1918
11,1918
32,1918
185,1922
460,1923
326,1924
307,1936
209,1944
291,1950
120,1952
16,1956
485,1958
56,1960
132,1963
279,1964
230,1967
346,1969
48,1969
430,1970
300,1971
472,1972
77,1976
177,1979
6,1980
488,1986
329,1989
338,1992
355,2001
272,2004
157,2004
306,2020
89,2023
273,2027
109,2031
33,2032
235,2033
270,2036
478,2037
130,2041
140,2047
97,2048
182,2052
383,2052
294,2055
72,2059
316,2060
85,2066
266,2070
73,2074
413,2089
426,2089
333,2089
298,2094
377,2094
359,2095
393,2096
17,2096
192,2099
14,2101
438,2103
187,2105
202,2105
44,2105
429,2106
22,2106
433,2107
21,2111
205,2112
490,2112
447,2112
319,2116
482,2124
450,2137
292,2140
51,2144
40,2146
402,2149
26,2166
312,2169
99,2175
318,2179
37,2182
248,2188
176,2188
233,2188
278,2188
373,2192
344,2193
495,2195
201,2197
208,2197
410,2199
320,2201
206,2202
133,2202
310,2205
100,2208
146,2221
443,2227
148,2229
382,2229
161,2231
309,2231
407,2239
325,2239
496,2241
46,2241
415,2243
390,2245
203,2246
328,2248
401,2255
441,2258
210,2259
448,2264
60,2264
471,2266
409,2268
352,2284
368,2286
88,2296
367,2297
240,2300
12,2308
64,2310
84,2314
386,2314
449,2317
337,2320
376,2321
238,2322
95,2323
340,2326
427,2327
113,2330
114,2332
39,2333
483,2334
492,2335
135,2339
425,2340
96,2342
343,2346
168,2348
4,2354
477,2362
8,2369
184,2374
487,2376
153,2379
431,2380
255,2391
200,2392
351,2396
63,2415
93,2416
405,2416
57,2417
160,2419
286,2425
116,2428
330,2430
295,2432
315,2434
493,2434
247,2437
158,2445
461,2448
24,2456
155,2467
457,2469
170,2473
239,2475
232,2475
79,2477
348,2483
336,2483
183,2485
414,2491
128,2493
420,2494
7,2495
392,2499
500,2503
283,2511
154,2515
400,2521
194,2525
91,2526
494,2541
264,2545
422,2545
369,2548
179,2549
467,2550
439,2550
171,2551
311,2555
137,2563
188,2568
164,2575
276,2575
267,2597
242,2601
275,2603
92,2605
211,2606
435,2611
473,2612
378,2614
366,2624
23,2635
481,2637
81,2639
122,2641
216,2643
303,2645
363,2653
324,2659
360,2661
71,2667
356,2678
293,2679
207,2679
223,2683
82,2687
308,2692
250,2694
180,2709
31,2710
163,2718
364,2726
458,2728
332,2737
173,2748
174,2749
107,2752
354,2754
357,2760
190,2763
451,2770
129,2777
196,2778
162,2782
226,2785
256,2789
261,2794
9,2795
94,2801
419,2802
53,2834
437,2838
304,2839
259,2859
476,2871
199,2876
265,2885
231,2886
214,2891
139,2901
489,2905
299,2909
110,2919
86,2921
321,2925
36,2936
445,2941
341,2947
50,2947
27,2954
260,2964
454,2965
172,2965
372,2973
105,2977
142,2981
66,2988
145,2988
412,2993
212,2999
302,3011
452,3018
287,3023
204,3028
236,3030
375,3041
229,3054
491,3066
432,3068
274,3104
282,3105
475,3118
29,3119
297,3125
103,3132
262,3150
322,3159
395,3180
484,3190
138,3217
428,3221
474,3226
152,3241
440,3243
498,3244
499,3249
227,3255
18,3256
374,3275
221,3288
13,3293
156,3295
43,3331
263,3334
38,3355
54,3356
25,3357
246,3408
219,3417
350,3447
453,3474
143,3474
335,3480
345,3485
334,3532
1,3538
423,3557
67,3576
61,3583
217,3656
389,3699
55,3702
104,3710
417,3715
195,3746
58,3812
290,3839
391,3857
41,3881
186,3926
125,3955
371,3957
10,4029
70,4038
288,4046
459,4153
30,4160
284,4181
252,4247
189,4257
399,4269
296,4330
98,4345
408,4387
314,4550
69,4559
253,4613
193,4629
271,4874
45,4875
34,4931
243,5165
115,5462
68,5761
456,6060

simblock.block.ProofOfWorkBlock@db30f77:75
300,0
177,351
33,491
192,624
370,700
75,757
56,834
365,844
384,893
470,968
285,979
120,996
131,1037
298,1050
237,1106
349,1112
397,1113
134,1134
198,1184
376,1193
254,1197
97,1198
132,1249
244,1257
238,1269
316,1278
464,1322
468,1330
462,1330
109,1331
135,1331
240,1339
385,1350
301,1388
182,1388
32,1394
19,1400
318,1404
390,1412
406,1419
280,1455
215,1459
220,1464
331,1466
463,1466
317,1467
150,1477
251,1485
480,1487
424,1493
273,1521
159,1523
388,1528
119,1537
73,1538
281,1545
74,1551
336,1560
90,1561
166,1588
497,1592
5,1599
323,1605
455,1614
362,1615
144,1616
130,1618
107,1622
438,1623
291,1624
346,1645
479,1656
327,1661
96,1672
76,1672
15,1677
292,1683
17,1686
117,1689
495,1692
42,1693
381,1699
394,1700
350,1701
332,1706
156,1715
473,1729
249,1733
126,1738
325,1739
396,1742
36,1746
111,1749
102,1753
35,1754
287,1755
187,1760
358,1770
465,1771
224,1780
83,1782
405,1789
361,1789
95,1808
149,1810
181,1812
490,1814
379,1814
209,1816
383,1818
355,1818
415,1818
191,1821
235,1823
447,1825
268,1826
52,1828
279,1829
403,1833
436,1838
258,1842
153,1844
469,1856
123,1867
49,1874
353,1878
26,1882
277,1883
16,1885
112,1893
431,1894
342,1901
24,1903
329,1903
380,1904
121,1904
94,1908
471,1912
247,1914
307,1914
1,1915
65,1915
234,1924
180,1926
450,1933
367,1941
225,1942
416,1945
429,1946
6,1947
205,1949
442,1950
228,1953
101,1956
382,1956
262,1959
339,1960
70,1960
37,1961
46,1962
411,1963
147,1967
88,1968
434,1973
454,1973
141,1976
269,1977
368,1980
500,1981
319,1988
347,1988
257,1994
351,2006
345,2010
398,2011
199,2015
204,2017
286,2020
106,2022
176,2023
261,2025
289,2028
433,2031
20,2032
326,2033
80,2034
387,2037
14,2039
39,2040
445,2041
165,2044
143,2048
59,2051
359,2053
64,2055
245,2058
496,2058
255,2058
483,2060
443,2068
48,2069
179,2073
169,2078
197,2081
486,2084
151,2085
87,2091
230,2095
218,2100
439,2108
175,2109
201,2110
412,2110
178,2111
417,2112
108,2122
93,2122
25,2130
157,2133
190,2136
460,2136
185,2139
51,2140
21,2140
116,2142
61,2158
114,2163
158,2163
410,2163
444,2170
2,2174
357,2174
222,2176
233,2179
72,2180
63,2184
437,2186
161,2187
446,2188
340,2188
399,2189
162,2190
453,2191
477,2194
312,2195
128,2199
491,2202
164,2202
305,2203
103,2212
485,2212
404,2221
266,2228
47,2232
210,2239
40,2240
44,2242
333,2247
236,2250
54,2250
324,2253
386,2261
418,2263
430,2263
409,2267
174,2276
267,2278
186,2280
3,2283
295,2285
91,2287
492,2291
50,2292
213,2298
401,2298
29,2301
354,2305
170,2306
421,2313
377,2313
407,2313
86,2315
414,2324
113,2330
435,2331
457,2331
229,2338
306,2339
309,2340
420,2341
202,2341
239,2347
173,2353
241,2358
276,2359
4,2364
458,2366
476,2372
118,2373
129,2375
441,2382
294,2390
137,2393
427,2398
393,2398
275,2399
45,2418
214,2419
425,2419
18,2421
308,2422
58,2422
200,2423
334,2425
57,2428
231,2428
22,2429
85,2437
206,2449
13,2450
315,2458
216,2468
283,2468
304,2470
62,2477
69,2478
432,2479
303,2483
366,2493
265,2503
168,2508
338,2510
293,2515
148,2526
423,2529
337,2538
203,2538
193,2541
133,2546
499,2548
27,2549
212,2554
482,2561
152,2561
7,2566
422,2570
41,2575
84,2577
28,2583
110,2590
321,2594
232,2596
296,2601
194,2602
313,2606
10,2606
227,2612
11,2619
392,2624
448,2624
260,2629
208,2633
395,2640
146,2641
341,2645
484,2648
31,2649
60,2656
105,2656
271,2660
104,2663
195,2666
226,2666
163,2679
408,2693
127,2694
475,2697
472,2702
77,2706
12,2710
67,2718
375,2721
461,2723
171,2724
221,2724
8,2740
489,2754
140,2754
122,2763
125,2772
372,2778
343,2780
481,2792
413,2800
487,2803
328,2808
348,2823
344,2828
99,2839
272,2859
115,2861
310,2873
488,2875
320,2887
217,2901
242,2905
311,2924
466,2925
211,2925
89,2932
172,2941
263,2950
335,2962
78,2982
428,2985
252,3004
184,3005
43,3021
322,3026
314,3041
248,3051
282,3061
426,3085
456,3095
493,3100
352,3104
139,3111
278,3112
400,3117
243,3142
66,3153
82,3154
264,3159
68,3163
290,3201
389,3209
154,3215
79,3225
451,3236
330,3283
155,3292
498,3326
92,3326
402,3340
253,3385
34,3386
419,3391
246,3400
378,3404
270,3437
274,3442
299,3443
138,3449
356,3477
371,3505
100,3509
160,3523
369,3558
449,3566
302,3617
38,3625
250,3668
297,3677
23,3685
391,3743
256,3749
364,3749
478,3750
223,3763
98,3780
196,3783
494,3792
145,3808
53,3844
124,3895
9,3924
55,3980
81,3981
288,3992
373,4028
440,4030
207,4050
30,4067
363,4070
167,4121
188,4212
360,4224
136,4256
459,4270
284,4351
374,4418
474,4515
71,4530
467,4550
142,4718
259,4794
189,4814
183,5086
452,5386
219,5688

simblock.block.ProofOfWorkBlock@6e9c226a:75
456,0
259,467
50,681
263,892
335,1005
219,1109
38,1219
139,1256
246,1319
174,1356
314,1435
99,1461
299,1567
463,1601
189,1644
223,1645
119,1648
98,1759
26,1764
232,1780
271,1800
474,1854
341,1862
498,1869
97,1945
67,1968
464,1983
284,1991
125,2034
290,2065
81,2075
331,2096
149,2101
41,2103
166,2129
301,2171
34,2177
256,2186
117,2195
146,2233
349,2268
371,2286
9,2290
347,2294
431,2305
207,2313
326,2314
423,2318
79,2342
394,2391
260,2396
276,2397
227,2406
65,2421
102,2431
80,2451
322,2467
130,2524
172,2528
372,2529
193,2544
23,2567
115,2610
300,2612
165,2618
48,2634
112,2636
291,2639
355,2651
76,2673
145,2677
455,2718
220,2719
234,2723
37,2734
182,2737
296,2741
468,2756
411,2764
449,2782
250,2815
217,2826
334,2831
436,2850
396,2853
222,2868
362,2877
408,2892
68,2901
318,2912
342,2941
218,2953
298,2956
375,2960
398,2961
359,2963
169,2971
2,2989
106,3000
390,3001
478,3017
75,3041
240,3044
198,3049
452,3049
183,3060
150,3061
58,3066
42,3069
49,3074
35,3080
285,3087
457,3105
152,3109
63,3144
141,3160
203,3172
151,3175
57,3177
69,3179
177,3190
245,3192
310,3211
5,3223
399,3253
327,3257
147,3265
384,3278
114,3283
306,3286
277,3297
46,3301
424,3305
330,3306
434,3307
492,3315
111,3328
33,3334
230,3345
134,3367
155,3369
209,3379
381,3382
469,3383
173,3386
200,3388
144,3393
446,3397
91,3416
370,3416
28,3418
237,3421
196,3422
292,3483
238,3503
268,3503
135,3512
319,3539
226,3540
385,3548
201,3554
373,3557
377,3561
380,3573
101,3595
123,3603
15,3605
429,3609
160,3620
280,3621
397,3627
486,3645
376,3647
108,3648
462,3652
191,3656
497,3692
325,3693
52,3706
317,3707
133,3709
243,3710
74,3718
47,3720
358,3752
213,3758
351,3765
153,3780
36,3782
20,3827
454,3855
500,3876
13,3903
180,3909
27,3910
379,3917
255,3918
14,3919
163,3921
192,3925
235,3927
181,3934
269,3946
32,3954
438,3983
51,3989
162,3989
19,3994
249,4015
11,4033
316,4036
56,4043
132,4050
405,4055
137,4070
247,4075
302,4100
205,4122
127,4128
124,4148
188,4152
442,4152
279,4157
110,4218
170,4242
175,4248
143,4270
159,4271
107,4277
441,4279
304,4282
489,4286
12,4289
393,4295
257,4307
361,4319
433,4350
422,4356
323,4372
216,4377
369,4378
228,4398
328,4399
345,4403
122,4409
25,4434
407,4444
121,4485
414,4491
262,4516
113,4517
214,4518
460,4546
16,4580
425,4599
289,4606
236,4607
1,4618
388,4629
77,4635
208,4642
499,4645
31,4645
487,4650
55,4656
283,4657
421,4685
365,4701
105,4712
8,4718
305,4742
413,4760
194,4766
459,4772
340,4803
239,4825
61,4848
368,4877
157,4883
184,4887
308,4892
7,4968
477,4982
148,4991
233,4996
458,5004
39,5007
488,5008
176,5012
59,5027
78,5046
416,5072
344,5086
85,5109
483,5125
443,5128
266,5143
343,5170
179,5240
24,5248
333,5249
136,5270
84,5338
450,5340
389,5356
62,5370
93,5374
18,5391
412,5393
221,5444
352,5448
3,5448
82,5486
496,5494
386,5501
417,5507
204,5536
282,5603
100,5618
168,5701
206,5725
466,5733
367,5733
118,5736
402,5760
357,5767
264,5790
387,5853
392,5870
164,5897
274,5912
426,5940
86,5965
427,5979
22,6074
178,6088
338,6096
307,6098
312,6125
471,6133
94,6216
54,6238
267,6263
320,6331
60,6382
337,6399
339,6448
482,6455
439,6457
311,6460
374,6576
494,6584
158,6627
186,6686
428,6694
89,6809
356,6818
437,6818
315,6823
448,6845
415,6849
294,6948
401,7056
272,7133
363,7176
490,7187
252,7273
167,7292
275,7419
406,7539
44,7579
309,7741
154,7782
72,8027
395,8232

simblock.block.ProofOfWorkBlock@1ff411ee:76
357,0
95,293
210,401
70,507
426,574
308,626
487,682
233,682
305,730
303,786
406,787
21,789
399,834
92,854
122,891
488,891
472,909
212,916
459,943
338,959
279,961
113,962
466,995
275,997
39,1013
287,1013
445,1020
62,1049
443,1067
205,1067
24,1067
107,1072
346,1072
161,1089
53,1100
8,1101
3,1113
460,1120
475,1122
201,1129
262,1133
351,1158
137,1172
63,1172
453,1173
344,1175
226,1179
492,1180
267,1180
25,1190
202,1195
29,1196
230,1204
128,1209
184,1218
190,1228
133,1231
440,1238
270,1238
143,1240
343,1241
157,1243
61,1247
422,1263
491,1275
136,1278
386,1280
213,1280
306,1280
414,1281
392,1283
206,1285
116,1288
188,1294
140,1299
373,1301
185,1302
340,1308
320,1314
85,1314
451,1322
428,1332
224,1332
88,1336
407,1345
413,1345
367,1345
94,1345
294,1346
100,1350
196,1358
135,1359
261,1367
339,1368
27,1374
482,1381
483,1382
78,1383
350,1385
178,1386
103,1387
332,1388
255,1389
231,1395
321,1398
60,1399
401,1400
477,1402
286,1405
408,1405
356,1408
211,1414
266,1416
293,1419
31,1421
82,1422
1,1433
310,1436
264,1438
155,1439
494,1443
110,1449
345,1451
28,1451
485,1453
499,1453
278,1456
203,1458
160,1463
315,1463
250,1470
484,1470
170,1471
105,1481
64,1484
352,1488
18,1488
471,1488
77,1490
402,1491
44,1493
180,1493
153,1496
72,1497
176,1498
437,1499
441,1500
454,1504
336,1504
476,1509
151,1510
7,1512
348,1512
179,1515
22,1516
496,1518
148,1520
430,1521
199,1522
36,1525
387,1525
127,1526
439,1526
239,1526
272,1539
13,1543
208,1543
405,1548
393,1551
309,1555
333,1556
447,1558
457,1561
427,1561
384,1563
66,1564
415,1564
91,1565
377,1566
204,1570
162,1570
412,1570
449,1575
55,1577
121,1583
420,1592
328,1598
450,1599
327,1599
448,1603
307,1603
51,1606
285,1607
117,1608
236,1608
40,1615
89,1619
156,1621
419,1621
490,1622
216,1623
366,1623
214,1625
337,1629
417,1630
458,1632
58,1633
282,1633
495,1633
330,1635
283,1647
154,1649
394,1651
164,1654
403,1655
432,1656
57,1660
319,1668
312,1671
93,1673
248,1674
493,1675
16,1676
368,1678
369,1683
56,1688
478,1697
473,1703
376,1709
274,1710
84,1714
500,1726
497,1729
254,1730
194,1734
167,1737
304,1738
365,1745
182,1747
4,1755
389,1761
12,1764
73,1766
149,1769
379,1771
118,1773
317,1776
163,1782
86,1783
253,1784
15,1784
112,1784
409,1786
410,1789
433,1793
238,1801
141,1805
120,1808
169,1811
215,1818
435,1819
251,1821
11,1822
96,1825
425,1826
465,1827
150,1829
32,1835
381,1838
54,1839
130,1841
277,1846
76,1846
165,1846
359,1854
353,1856
97,1859
486,1861
220,1862
240,1864
388,1872
26,1873
129,1877
144,1877
370,1879
489,1888
302,1890
186,1892
411,1894
74,1895
380,1898
5,1904
342,1907
269,1909
362,1909
244,1920
438,1920
347,1921
331,1926
124,1926
2,1928
324,1928
416,1930
442,1937
360,1941
363,1943
131,1948
80,1956
132,1958
126,1963
42,1971
177,1980
479,1981
200,1986
232,1986
90,1988
168,1995
209,1997
382,2002
311,2002
191,2002
329,2013
19,2013
138,2017
111,2021
83,2029
193,2034
198,2037
38,2039
323,2043
349,2044
436,2044
101,2047
68,2048
75,2055
313,2055
398,2064
52,2064
258,2066
48,2079
383,2079
166,2088
245,2090
355,2097
424,2102
158,2108
395,2114
102,2115
159,2120
47,2120
299,2123
35,2126
99,2134
481,2136
273,2136
462,2138
134,2141
187,2143
106,2155
237,2156
452,2159
385,2165
249,2168
469,2176
341,2177
446,2189
192,2189
444,2190
41,2192
45,2199
298,2207
463,2209
480,2216
234,2220
14,2224
50,2229
108,2243
218,2248
146,2257
175,2259
241,2261
300,2261
290,2263
152,2264
374,2268
378,2268
271,2274
322,2278
361,2281
217,2282
316,2284
46,2286
219,2289
429,2303
468,2307
147,2308
37,2320
6,2326
114,2335
173,2346
189,2347
390,2348
87,2357
396,2362
281,2376
301,2387
222,2407
400,2410
228,2411
325,2411
197,2425
109,2439
358,2444
418,2445
49,2445
284,2447
23,2452
17,2470
371,2472
235,2479
455,2481
174,2505
195,2511
183,2513
229,2518
289,2518
246,2518
434,2528
119,2543
257,2568
280,2594
104,2601
335,2613
498,2624
291,2626
125,2632
252,2641
181,2646
256,2658
464,2661
123,2663
421,2666
139,2667
295,2734
207,2742
292,2761
397,2761
474,2776
318,2788
227,2810
59,2812
263,2821
34,2849
334,2849
260,2851
225,2864
470,2881
404,2883
326,2887
467,2897
30,2937
79,2947
65,2979
145,2997
20,3012
115,3061
247,3083
33,3105
223,3122
142,3155
10,3182
456,3182
391,3200
243,3213
171,3219
288,3219
268,3234
259,3286
67,3319
43,3416
314,3436
431,3451
98,3485
375,3517
423,3551
354,3556
265,3564
172,3760
81,3774
276,3783
242,3882
372,3943
69,3958
364,4091
221,4115
71,4230
296,4430
9,4448
461,4775
297,5164

simblock.block.ProofOfWorkBlock@586116f7:76
409,0
158,282
473,386
204,495
459,561
437,603
499,666
345,668
13,709
366,772
328,773
283,773
490,819
155,880
351,887
420,893
346,899
336,923
100,945
414,950
107,984
311,987
124,994
304,1007
236,1014
477,1049
338,1052
427,1052
184,1052
432,1054
457,1089
62,1093
55,1100
143,1106
135,1115
161,1119
102,1148
369,1154
162,1156
483,1159
337,1160
368,1160
226,1197
267,1198
405,1210
202,1224
212,1261
319,1262
275,1265
309,1267
63,1268
66,1269
491,1282
262,1303
261,1308
28,1318
8,1330
465,1334
455,1338
188,1366
355,1367
482,1372
176,1372
471,1373
64,1374
253,1374
7,1388
203,1412
440,1424
196,1433
475,1471
435,1477
179,1478
264,1479
21,1482
425,1486
419,1496
380,1503
387,1519
449,1552
438,1554
93,1555
362,1559
141,1562
363,1579
230,1583
31,1589
12,1593
58,1607
436,1636
332,1639
392,1660
116,1660
426,1688
191,1690
177,1697
393,1698
30,1698
428,1700
412,1711
214,1743
349,1770
495,1776
273,1779
149,1780
342,1797
118,1802
339,1805
163,1817
497,1823
139,1851
89,1857
175,1878
169,1892
327,1904
121,1908
166,1913
103,1914
421,1922
78,1926
244,1963
5,1998
241,1998
61,2015
442,2019
206,2022
350,2031
97,2080
280,2098
144,2100
187,2110
252,2118
156,2125
313,2132
306,2135
233,2139
323,2148
221,2181
15,2215
463,2217
324,2230
11,2232
434,2237
235,2240
192,2300
223,2319
159,2327
316,2358
178,2364
329,2367
9,2431
281,2434
258,2437
468,2450
119,2455
268,2462
43,2464
186,2480
99,2501
376,2520
237,2548
108,2574
385,2576
375,2578
198,2585
354,2623
209,2652
403,2670
277,2681
439,2707
271,2712
182,2745
341,2764
151,2765
474,2769
290,2786
218,2799
301,2807
431,2817
371,2850
298,2898
234,2900
411,2901
229,2917
146,2924
406,2933
65,2952
217,2974
325,2983
81,2984
461,3004
74,3016
238,3025
80,3039
462,3054
444,3086
152,3087
142,3103
335,3119
49,3127
243,3155
451,3163
115,3173
390,3204
486,3221
52,3222
227,3224
106,3253
372,3290
334,3322
370,3323
379,3345
145,3356
240,3356
181,3358
291,3378
458,3397
250,3405
189,3418
383,3432
23,3450
125,3457
20,3487
46,3522
38,3526
193,3533
263,3540
297,3552
42,3565
344,3585
136,3586
452,3594
302,3624
132,3651
71,3669
388,3701
183,3702
259,3707
172,3755
57,3766
257,3779
68,3781
25,3811
123,3862
19,3870
242,3874
423,3876
6,3884
400,3923
24,3952
424,3975
269,4027
488,4076
232,4110
470,4124
208,4127
359,4188
456,4209
10,4230
365,4297
356,4315
148,4333
307,4346
73,4368
122,4437
83,4461
251,4471
170,4501
384,4517
292,4623
90,4698
44,4763
185,4785
448,4799
443,4818
165,4831
137,4884
321,4922
59,4947
395,4954
96,5023
343,5165
117,5205
3,5218
88,5230
305,5245
40,5310
1,5311
433,5378
91,5391
210,5528
111,5568
413,5608
272,5663
18,5680
194,5688
333,5754
216,5782
377,5829
389,5969
110,6036
308,6110
357,6116
374,6425
72,6477
282,6507
54,6556
401,6974
84,7011
157,7451
407,7463
496,7921

simblock.block.ProofOfWorkBlock@13d5ed7c:77
215,0
218,375
131,508
175,641
444,760
209,775
159,862
73,900
342,911
300,997
434,1004
291,1033
19,1053
268,1111
495,1130
361,1133
169,1146
416,1167
397,1190
114,1212
26,1244
325,1252
244,1264
479,1268
289,1279
149,1305
470,1343
49,1347
376,1353
225,1370
108,1377
362,1390
269,1399
182,1402
436,1403
251,1404
307,1405
141,1419
240,1442
42,1465
228,1480
245,1488
404,1494
241,1501
75,1503
455,1507
83,1514
37,1523
46,1539
15,1540
465,1545
5,1548
249,1558
377,1584
257,1596
65,1605
331,1615
56,1618
398,1621
437,1632
47,1636
53,1637
33,1643
281,1647
102,1659
52,1660
128,1660
51,1670
347,1678
424,1680
383,1683
301,1692
78,1694
388,1715
166,1723
181,1727
368,1734
486,1742
429,1742
14,1745
394,1752
130,1753
359,1757
179,1758
93,1758
150,1759
117,1760
176,1768
382,1771
2,1772
20,1773
126,1794
247,1795
310,1798
280,1802
238,1813
329,1816
197,1816
177,1817
74,1819
490,1821
464,1834
84,1842
203,1845
421,1849
134,1854
32,1857
405,1857
208,1862
323,1867
401,1868
313,1869
432,1874
365,1876
191,1877
277,1879
220,1881
403,1887
480,1887
412,1887
478,1887
187,1890
358,1896
6,1899
101,1899
190,1900
370,1902
121,1902
326,1904
123,1907
381,1909
112,1913
409,1917
184,1922
59,1926
298,1928
411,1931
466,1933
76,1940
431,1947
384,1951
109,1952
35,1953
380,1953
430,1957
170,1957
87,1967
355,1969
458,1971
351,1975
194,1978
483,1982
63,1983
349,1990
385,1990
88,1992
489,1994
285,2001
327,2013
80,2015
413,2016
446,2016
48,2016
390,2023
97,2024
105,2030
144,2033
462,2034
28,2037
328,2039
292,2040
497,2043
200,2046
120,2059
459,2062
151,2065
487,2069
468,2073
8,2073
237,2074
11,2078
185,2079
305,2080
198,2082
330,2087
333,2089
463,2092
427,2099
235,2102
140,2110
82,2112
162,2113
457,2114
204,2117
274,2117
18,2120
309,2121
147,2124
443,2127
317,2127
192,2129
475,2130
92,2133
118,2133
119,2134
448,2134
168,2136
312,2137
132,2137
7,2140
439,2142
456,2144
17,2147
234,2149
453,2150
199,2151
85,2152
31,2158
396,2159
500,2172
348,2174
222,2175
477,2180
91,2181
387,2183
270,2183
180,2188
54,2189
22,2198
308,2208
392,2208
275,2212
12,2215
282,2217
224,2218
116,2219
205,2221
445,2224
438,2228
254,2232
90,2240
343,2240
433,2240
25,2241
311,2243
303,2247
442,2260
321,2260
337,2261
29,2261
350,2262
318,2264
165,2265
410,2266
100,2268
386,2269
273,2271
44,2273
253,2274
233,2283
272,2287
353,2292
417,2296
338,2298
435,2299
418,2301
415,2306
3,2306
4,2308
111,2312
89,2315
374,2326
136,2330
146,2340
492,2342
61,2346
148,2346
266,2347
484,2348
127,2352
379,2355
293,2356
94,2360
226,2361
158,2363
451,2368
174,2369
214,2371
163,2371
106,2373
212,2374
24,2376
113,2381
367,2382
447,2387
211,2387
279,2388
57,2390
265,2396
420,2397
407,2402
230,2403
258,2406
496,2407
399,2409
340,2413
454,2415
77,2416
294,2427
261,2431
320,2433
96,2434
110,2435
449,2441
23,2444
135,2445
216,2447
469,2447
488,2450
157,2452
369,2454
70,2463
366,2468
357,2472
485,2477
356,2488
408,2491
262,2496
373,2496
493,2496
125,2498
402,2504
316,2509
476,2509
319,2514
160,2518
189,2520
324,2526
55,2526
13,2532
143,2534
202,2540
419,2541
255,2543
297,2550
195,2562
414,2569
450,2571
129,2576
154,2585
196,2585
440,2586
336,2601
278,2601
461,2610
332,2619
422,2620
67,2625
346,2629
103,2632
471,2634
9,2642
231,2644
178,2656
491,2659
95,2661
252,2662
283,2662
139,2664
69,2667
393,2672
27,2673
156,2678
210,2681
352,2684
246,2688
122,2688
142,2698
499,2699
344,2704
395,2710
452,2712
193,2723
86,2725
36,2726
494,2727
68,2728
271,2731
72,2731
306,2744
183,2747
460,2762
473,2763
161,2765
60,2767
171,2778
213,2811
39,2812
145,2815
138,2819
474,2830
236,2831
360,2841
201,2851
16,2855
21,2856
425,2875
107,2889
248,2894
133,2899
482,2913
345,2914
153,2925
79,2929
467,2931
34,2935
206,2938
217,2943
260,2945
115,2947
40,2951
137,2952
378,2966
389,2973
30,2979
400,2979
239,2991
1,2992
302,2993
354,2993
498,2998
335,3006
481,3015
304,3037
423,3051
267,3065
375,3081
188,3082
406,3084
66,3108
364,3113
296,3117
221,3154
64,3156
155,3168
243,3181
164,3190
256,3194
315,3202
50,3209
229,3215
104,3216
363,3218
426,3218
276,3231
173,3284
286,3291
38,3294
372,3327
43,3336
99,3340
223,3366
98,3386
186,3386
428,3396
250,3427
264,3444
287,3445
41,3483
341,3502
124,3517
152,3519
263,3584
334,3594
167,3612
391,3643
314,3645
441,3672
371,3674
58,3686
284,3686
45,3689
232,3698
339,3759
207,3788
259,3867
219,3884
62,3918
71,3925
172,3944
299,3944
10,3981
290,3992
227,4009
295,4050
472,4148
322,4256
288,4349
242,4651
81,4954

simblock.block.ProofOfWorkBlock@4eb7beb9:77
266,0
386,286
154,391
321,510
389,615
63,720
440,872
60,896
212,976
135,1001
471,1081
89,1106
415,1194
363,1217
22,1300
448,1324
224,1407
97,1545
441,1583
74,1767
109,1801
96,1987
80,2024
385,2211
388,2243
222,2439
326,2465
358,2664
474,2798
182,2885
32,3107
227,3131
355,3328
288,3481
119,3545
446,3775
295,3876
145,4111
81,4445
183,4835

simblock.block.ProofOfWorkBlock@27a4f18c:78
11,0
149,354
455,489
280,707
402,716
76,841
323,842
406,950
26,975
497,976
426,994
301,1062
477,1099
191,1116
218,1116
39,1175
429,1195
257,1198
355,1199
348,1205
443,1233
434,1261
102,1267
92,1274
381,1325
392,1328
14,1330
35,1333
198,1336
97,1338
460,1347
332,1380
24,1383
333,1401
244,1413
317,1413
137,1451
413,1452
396,1459
140,1459
424,1464
258,1470
237,1471
73,1474
285,1474
358,1478
338,1487
405,1487
85,1490
1,1502
199,1513
480,1550
298,1551
362,1552
262,1553
331,1555
447,1560
459,1563
422,1567
366,1594
328,1595
450,1596
416,1597
327,1598
37,1608
108,1611
204,1614
225,1617
203,1618
74,1628
305,1628
63,1629
240,1631
306,1639
170,1657
351,1661
100,1664
441,1671
165,1674
95,1678
120,1686
181,1687
15,1687
178,1688
273,1691
90,1695
167,1697
200,1698
93,1701
453,1711
157,1714
27,1719
66,1726
444,1731
111,1733
465,1733
135,1734
51,1737
31,1740
484,1747
380,1761
168,1763
209,1767
164,1770
363,1771
264,1772
359,1772
308,1778
211,1779
47,1780
427,1780
350,1782
44,1789
16,1793
454,1798
385,1807
414,1815
109,1820
397,1821
132,1824
52,1828
46,1828
370,1828
394,1829
500,1833
18,1834
494,1834
365,1834
475,1836
245,1838
177,1839
127,1841
463,1845
188,1851
310,1852
163,1854
196,1855
420,1857
451,1865
349,1867
28,1869
345,1874
166,1874
471,1874
210,1876
60,1876
321,1886
22,1888
91,1889
499,1889
286,1890
457,1896
155,1900
230,1901
478,1902
228,1902
369,1903
12,1906
75,1908
235,1912
248,1919
96,1921
151,1923
315,1924
238,1924
435,1925
411,1928
84,1937
330,1938
128,1942
340,1948
101,1953
383,1955
216,1956
268,1957
476,1957
281,1958
249,1961
57,1961
277,1961
247,1962
205,1964
222,1967
417,1969
313,1970
184,1971
117,1974
309,1975
89,1978
483,1979
208,1981
153,1982
143,1983
107,1986
495,1991
278,1993
303,1994
213,1994
339,1995
29,1995
192,1999
419,2001
346,2001
169,2001
113,2003
253,2006
408,2007
64,2010
94,2013
491,2016
266,2024
106,2028
430,2029
291,2035
401,2036
462,2040
342,2042
254,2042
123,2043
255,2051
148,2055
438,2056
283,2059
403,2060
377,2064
77,2071
343,2072
407,2080
275,2083
53,2084
412,2088
8,2089
5,2089
141,2090
458,2092
83,2092
6,2097
387,2099
344,2099
357,2100
352,2102
307,2104
48,2107
312,2108
442,2109
160,2109
134,2109
161,2112
376,2120
194,2120
54,2120
469,2138
433,2138
122,2142
489,2150
82,2162
425,2163
287,2163
316,2163
32,2174
353,2177
382,2182
65,2184
368,2187
55,2187
212,2189
162,2190
180,2190
464,2191
224,2191
201,2192
432,2198
431,2199
318,2201
129,2205
336,2209
121,2213
118,2214
214,2223
126,2228
379,2228
241,2233
187,2233
279,2243
175,2252
131,2254
19,2257
481,2258
437,2265
324,2266
274,2271
17,2272
269,2277
470,2277
250,2281
490,2285
270,2292
440,2294
25,2297
373,2298
389,2300
347,2302
410,2316
439,2317
294,2319
42,2319
272,2326
479,2327
488,2331
329,2339
428,2342
156,2343
367,2345
487,2347
361,2353
292,2367
295,2381
233,2388
388,2394
80,2396
112,2396
49,2410
449,2414
88,2419
282,2419
393,2421
183,2424
125,2425
197,2427
496,2427
473,2428
147,2430
33,2448
190,2451
4,2454
34,2460
79,2463
391,2479
146,2480
326,2480
20,2482
215,2486
71,2497
7,2506
154,2511
415,2512
418,2513
229,2519
289,2520
386,2527
58,2527
246,2531
456,2534
150,2537
446,2538
395,2538
186,2544
468,2544
492,2548
467,2567
110,2575
232,2585
176,2593
354,2596
172,2602
360,2608
202,2613
87,2625
378,2631
139,2640
231,2647
59,2649
390,2657
3,2657
62,2660
115,2661
114,2671
267,2676
445,2680
43,2682
486,2683
260,2689
372,2692
371,2699
56,2712
498,2719
45,2723
404,2733
78,2736
284,2741
356,2749
130,2755
398,2756
103,2764
409,2764
68,2766
452,2768
302,2780
461,2789
311,2809
207,2815
217,2817
227,2820
485,2827
105,2843
256,2852
436,2876
234,2888
133,2890
13,2898
236,2902
67,2906
297,2909
472,2918
221,2920
421,2953
219,2960
179,2970
119,2974
337,2978
474,2985
322,2985
466,2989
158,3006
104,3044
271,3046
482,3058
99,3065
261,3068
299,3074
138,3095
300,3100
159,3108
72,3128
239,3129
320,3146
152,3156
384,3172
220,3191
50,3199
86,3205
195,3207
61,3224
374,3263
319,3284
145,3293
116,3302
189,3306
173,3310
251,3331
493,3354
124,3356
30,3378
23,3378
259,3399
182,3416
40,3434
276,3436
70,3451
375,3484
36,3513
265,3526
21,3528
325,3551
314,3577
304,3580
448,3588
341,3619
400,3620
293,3678
142,3702
243,3725
171,3746
136,3756
144,3778
223,3782
81,3890
290,3898
399,3905
252,3919
185,3983
2,4007
9,4036
335,4086
226,4147
242,4191
38,4210
174,4237
10,4238
296,4335
98,4342
206,4375
263,4388
288,4491
334,4510
41,4537
193,4639
69,4665
423,4815
364,4837

simblock.block.ProofOfWorkBlock@2468d5c4:79
370,0
462,355
132,488
220,634
117,707
249,769
35,844
292,849
198,908
329,980
83,991
394,999
5,1056
165,1058
15,1116
37,1127
130,1132
442,1138
251,1193
177,1195
384,1200
49,1204
257,1261
301,1262
277,1262
33,1266
379,1272
358,1326
298,1329
418,1332
187,1336
281,1339
353,1344
480,1352
112,1400
76,1401
109,1405
359,1409
106,1415
74,1462
342,1466
134,1468
280,1474
444,1478
14,1478
323,1480
319,1486
147,1486
380,1492
85,1499
32,1510
150,1535
181,1538
403,1543
151,1549
381,1550
46,1550
300,1551
289,1556
144,1558
339,1568
464,1600
228,1605
416,1610
347,1614
120,1619
465,1621
365,1622
73,1623
390,1625
273,1625
411,1630
182,1632
52,1651
97,1674
6,1680
56,1683
245,1683
383,1686
96,1687
326,1691
279,1693
497,1695
479,1697
244,1697
59,1701
237,1704
123,1710
262,1717
485,1727
80,1734
42,1741
325,1744
317,1754
166,1756
463,1756
268,1757
149,1759
116,1764
285,1764
313,1767
427,1771
129,1774
327,1775
487,1777
210,1779
197,1779
468,1786
422,1796
119,1814
111,1816
431,1818
397,1823
192,1823
438,1824
102,1824
318,1825
429,1827
218,1835
385,1837
19,1838
87,1838
470,1839
159,1840
407,1842
215,1842
47,1851
448,1852
157,1852
75,1866
101,1872
222,1890
446,1893
26,1894
2,1898
258,1900
18,1902
307,1903
331,1903
349,1910
291,1911
373,1919
131,1920
141,1921
175,1925
269,1925
388,1929
486,1948
65,1951
500,1952
336,1956
294,1956
238,1958
455,1960
209,1965
51,1967
191,1969
348,1970
369,1970
108,1972
450,1974
255,1975
469,1976
206,1977
362,1981
447,1983
247,1983
404,1983
4,1984
185,1985
169,1988
495,1993
454,1996
254,1999
272,2001
421,2004
92,2011
168,2012
57,2027
436,2029
90,2032
239,2033
234,2037
235,2039
266,2044
333,2045
137,2048
396,2049
7,2052
492,2053
376,2053
424,2054
61,2059
233,2059
408,2062
118,2063
208,2063
82,2067
393,2068
188,2073
267,2079
382,2087
275,2097
100,2097
311,2100
8,2102
48,2105
415,2107
241,2115
406,2119
441,2122
3,2124
107,2126
398,2128
351,2129
186,2130
316,2131
126,2131
11,2132
17,2145
89,2146
236,2149
54,2151
240,2162
25,2170
184,2175
355,2176
475,2178
163,2179
253,2184
425,2187
484,2187
361,2188
332,2188
204,2189
417,2191
200,2195
70,2198
58,2201
162,2204
93,2204
31,2206
27,2207
471,2212
459,2216
148,2218
494,2224
176,2224
223,2230
161,2235
287,2237
136,2242
13,2247
133,2253
430,2255
399,2255
478,2255
225,2257
473,2258
203,2260
363,2263
154,2267
202,2270
306,2271
315,2275
293,2282
230,2283
472,2287
201,2288
114,2290
496,2297
387,2297
64,2300
135,2303
170,2311
78,2312
321,2313
164,2314
214,2319
308,2324
412,2326
483,2330
433,2333
128,2352
420,2352
143,2353
309,2356
312,2362
226,2381
324,2388
320,2389
146,2395
350,2397
334,2400
86,2401
410,2402
299,2403
434,2406
330,2411
493,2413
213,2414
145,2415
345,2416
21,2419
338,2421
352,2424
389,2425
29,2430
105,2432
391,2435
270,2442
153,2444
155,2449
60,2452
482,2453
409,2453
401,2464
39,2464
217,2467
16,2470
499,2473
276,2485
179,2487
103,2490
419,2495
328,2495
367,2500
374,2502
386,2511
20,2511
22,2515
392,2517
489,2526
405,2531
426,2534
23,2538
30,2538
250,2547
158,2550
375,2552
304,2577
113,2582
139,2604
286,2607
265,2614
476,2617
68,2624
66,2624
413,2632
79,2635
189,2636
196,2641
94,2643
84,2648
167,2651
344,2651
310,2651
142,2657
152,2662
12,2669
282,2672
402,2673
205,2687
439,2691
72,2700
259,2706
229,2711
340,2719
140,2728
445,2730
457,2740
263,2742
261,2743
41,2753
50,2755
127,2757
95,2761
490,2763
232,2779
124,2783
194,2785
10,2798
453,2806
466,2814
260,2824
432,2837
368,2850
303,2851
38,2857
343,2861
372,2867
440,2875
122,2877
264,2879
160,2889
171,2891
125,2904
337,2917
63,2918
36,2918
28,2932
71,2959
178,2970
193,2971
461,2984
199,2987
491,3010
488,3013
354,3015
378,3026
443,3064
43,3067
274,3076
88,3103
477,3104
452,3106
24,3116
414,3147
195,3151
377,3154
91,3155
322,3161
40,3162
467,3189
458,3199
271,3203
211,3212
435,3237
190,3240
183,3249
173,3291
252,3313
400,3333
231,3334
346,3339
138,3358
110,3373
297,3373
180,3391
305,3394
34,3405
242,3420
44,3440
69,3447
288,3456
302,3463
9,3465
115,3491
81,3491
456,3540
356,3565
1,3599
99,3602
395,3616
62,3622
55,3622
341,3664
246,3678
428,3695
423,3724
256,3742
314,3748
67,3757
360,3765
481,3793
53,3798
366,3825
357,3849
121,3851
172,3908
295,3909
437,3924
104,3981
212,4030
248,4053
284,4063
498,4065
216,4075
77,4077
474,4093
364,4209
221,4215
460,4303
45,4305
174,4403
283,4506
227,4515
290,4515
296,4814
371,4818

simblock.block.ProofOfWorkBlock@1a87d5cf:80
74,0
144,370
102,504
192,638
19,775
117,921
316,993
327,1002
35,1055
390,1130
331,1136
380,1137
42,1192
394,1192
120,1272
215,1274
149,1274
234,1329
463,1347
268,1353
300,1407
465,1411
436,1414
389,1421
349,1468
385,1486
123,1491
235,1494
83,1494
75,1495
134,1542
48,1551
298,1552
480,1553
281,1605
218,1627
76,1633
47,1637
355,1637
301,1638
392,1641
36,1649
106,1661
90,1684
424,1685
329,1686
182,1686
448,1705
444,1707
37,1712
412,1714
141,1743
490,1757
479,1763
131,1766
11,1767
304,1768
257,1771
384,1771
130,1777
254,1778
376,1793
26,1795
266,1812
169,1820
347,1820
52,1822
497,1823
187,1842
65,1842
291,1846
220,1846
96,1847
388,1848
107,1868
124,1879
251,1882
362,1896
59,1899
228,1903
225,1906
150,1907
56,1907
73,1908
333,1910
442,1920
363,1923
377,1923
177,1927
191,1932
12,1933
21,1939
313,1954
166,1966
468,1975
109,1976
222,1981
353,1983
258,1984
431,1984
406,1985
272,1987
244,1990
249,1993
224,1994
3,1995
264,2000
226,2004
469,2017
27,2029
135,2031
273,2034
470,2037
495,2040
433,2042
289,2042
370,2044
116,2046
269,2048
206,2050
418,2053
33,2065
323,2068
326,2077
29,2082
312,2092
178,2099
176,2104
63,2104
403,2111
198,2117
179,2118
185,2119
20,2121
398,2123
361,2124
277,2124
455,2127
318,2127
6,2128
97,2129
188,2132
93,2138
365,2148
28,2151
31,2155
128,2160
78,2161
471,2168
438,2169
175,2173
396,2174
157,2174
2,2178
92,2183
241,2184
111,2188
440,2189
197,2195
87,2201
457,2206
321,2209
203,2210
435,2210
64,2211
129,2216
500,2218
127,2222
72,2223
367,2230
201,2237
204,2243
381,2246
32,2249
429,2253
499,2254
382,2255
162,2257
339,2258
159,2258
247,2261
285,2262
317,2263
101,2263
486,2263
147,2266
451,2268
7,2269
449,2270
238,2277
133,2280
386,2280
213,2283
383,2295
445,2296
346,2296
122,2307
156,2308
270,2311
278,2312
108,2312
200,2315
397,2320
404,2323
86,2325
121,2325
421,2329
351,2329
340,2331
17,2335
245,2341
427,2342
359,2343
453,2346
62,2357
439,2359
434,2360
350,2377
205,2386
95,2388
413,2388
51,2391
202,2394
407,2395
415,2399
307,2401
294,2403
240,2404
401,2404
464,2405
302,2406
8,2406
292,2407
190,2409
322,2413
443,2415
408,2416
255,2426
5,2429
39,2434
447,2435
267,2437
80,2438
168,2439
160,2442
494,2442
405,2445
66,2447
13,2448
209,2456
137,2460
393,2463
446,2472
459,2472
489,2474
402,2474
411,2475
211,2475
151,2478
22,2483
261,2483
88,2490
336,2491
399,2492
170,2492
172,2492
114,2496
61,2496
82,2497
110,2506
230,2510
54,2511
352,2513
140,2523
262,2526
165,2529
422,2532
286,2532
410,2534
103,2539
126,2539
369,2539
488,2540
167,2544
118,2556
409,2556
46,2562
419,2576
293,2578
328,2586
143,2588
60,2593
342,2599
311,2616
207,2618
414,2620
309,2621
265,2624
280,2625
428,2628
181,2633
4,2634
208,2635
77,2635
472,2637
85,2640
112,2644
452,2657
358,2664
483,2664
496,2667
310,2667
69,2672
253,2673
1,2675
478,2678
195,2680
250,2689
119,2690
484,2692
237,2698
491,2701
164,2702
341,2705
314,2710
332,2711
40,2712
9,2712
113,2720
44,2724
158,2727
430,2731
335,2736
53,2739
276,2742
456,2746
199,2753
14,2758
16,2760
437,2760
153,2765
387,2773
372,2784
154,2786
196,2790
288,2791
306,2794
252,2794
462,2799
338,2818
84,2824
171,2860
155,2860
485,2862
425,2867
174,2880
148,2883
395,2888
15,2894
420,2900
210,2900
275,2900
360,2901
260,2905
460,2909
233,2917
184,2924
290,2928
343,2934
163,2937
481,2943
450,2952
315,2958
454,2964
71,2967
45,2971
305,2988
461,3006
492,3010
115,3010
400,3011
221,3016
308,3018
145,3022
99,3024
217,3026
416,3027
263,3036
354,3046
279,3048
271,3049
161,3053
68,3053
139,3075
256,3078
374,3079
25,3086
231,3092
136,3093
475,3125
366,3131
194,3137
493,3157
18,3160
132,3163
482,3164
375,3173
214,3183
100,3185
50,3189
283,3190
186,3240
259,3242
441,3282
57,3283
173,3300
49,3303
295,3308
236,3312
219,3314
243,3317
477,3319
229,3342
466,3354
368,3363
473,3383
284,3384
94,3386
337,3392
364,3395
70,3409
458,3410
183,3410
325,3438
474,3447
152,3472
378,3489
125,3493
303,3510
239,3525
23,3542
344,3548
223,3572
379,3576
43,3599
432,3609
345,3611
212,3620
299,3622
324,3636
24,3643
189,3647
297,3647
30,3663
67,3686
330,3751
287,3753
242,3795
146,3804
58,3807
79,3845
319,3848
356,3864
371,3874
248,3878
467,3911
98,3911
423,3917
391,3922
38,3947
81,3951
320,3977
426,3985
180,4034
417,4075
232,4112
138,4158
89,4207
142,4212
487,4213
334,4231
227,4246
91,4270
193,4375
357,4502
274,4669
55,4731
476,4896
104,5197
216,5210
34,5286
282,5436
246,5509
498,5970

simblock.block.ProofOfWorkBlock@14e1d693:81
130,0
52,353
468,506
32,641
73,705
480,777
234,840
101,855
269,916
446,977
191,995
75,1029
247,1055
132,1063
197,1122
394,1129
87,1134
362,1191
380,1201
404,1240
109,1264
228,1264
240,1271
465,1276
77,1279
37,1329
181,1338
358,1346
15,1380
244,1384
257,1398
421,1399
47,1407
361,1410
35,1413
438,1430
448,1437
298,1464
108,1479
359,1483
97,1488
469,1495
489,1507
381,1513
349,1520
182,1540
429,1545
292,1547
17,1550
102,1553
403,1557
454,1563
411,1597
325,1599
278,1611
166,1618
56,1618
209,1624
479,1625
495,1626
327,1627
496,1629
65,1634
147,1643
300,1654
54,1662
255,1667
120,1675
33,1686
249,1688
210,1689
19,1690
285,1690
198,1691
365,1693
291,1699
117,1702
105,1723
80,1731
315,1733
218,1733
222,1735
187,1737
78,1739
42,1754
416,1756
26,1758
329,1758
268,1761
455,1763
119,1763
131,1773
74,1777
317,1779
116,1785
388,1787
123,1808
442,1824
463,1826
385,1826
312,1828
238,1832
134,1835
96,1836
199,1841
39,1842
5,1842
444,1842
370,1848
258,1854
31,1855
346,1865
6,1868
424,1868
12,1888
253,1889
436,1894
220,1895
486,1899
396,1899
165,1900
184,1901
384,1903
126,1905
208,1910
313,1910
167,1912
2,1919
272,1922
169,1925
188,1929
304,1933
472,1947
63,1950
363,1955
151,1959
497,1960
206,1961
483,1961
323,1961
156,1964
267,1966
264,1969
245,1971
177,1975
241,1975
301,1978
398,1985
326,1987
368,1994
25,1996
141,2002
320,2003
464,2004
440,2014
51,2016
405,2016
22,2016
88,2017
154,2019
192,2020
351,2022
110,2033
254,2033
76,2034
215,2036
353,2036
112,2044
205,2045
331,2046
46,2049
471,2050
1,2051
233,2053
397,2053
275,2054
473,2062
306,2062
343,2069
8,2071
85,2076
64,2081
82,2092
251,2102
48,2107
373,2107
153,2109
225,2110
383,2111
111,2111
443,2113
235,2113
434,2115
146,2118
150,2118
418,2122
16,2123
149,2123
106,2124
27,2125
336,2126
305,2126
28,2129
401,2132
435,2134
283,2138
462,2140
196,2153
376,2153
484,2156
470,2162
159,2163
340,2165
451,2167
90,2170
439,2174
426,2177
347,2179
355,2179
162,2186
460,2188
431,2188
316,2192
224,2192
492,2192
387,2194
422,2200
382,2201
321,2204
270,2212
13,2219
466,2222
310,2224
318,2227
227,2228
445,2229
273,2234
369,2237
296,2239
204,2246
72,2246
237,2247
478,2248
136,2252
59,2252
157,2254
289,2256
168,2259
92,2259
11,2260
118,2262
302,2267
212,2269
342,2275
459,2277
128,2280
339,2285
175,2287
406,2288
386,2294
395,2297
437,2300
58,2306
330,2307
494,2315
144,2318
217,2319
281,2320
94,2321
413,2322
425,2330
441,2331
303,2342
407,2343
135,2346
409,2348
345,2353
350,2353
84,2355
176,2355
36,2357
3,2358
482,2359
410,2366
29,2366
239,2368
277,2368
83,2382
390,2386
71,2396
393,2396
499,2398
377,2400
260,2403
338,2405
337,2416
319,2416
202,2420
414,2423
44,2424
201,2427
391,2431
453,2438
449,2439
399,2452
427,2458
230,2463
457,2469
328,2473
194,2474
491,2476
23,2477
190,2485
412,2488
20,2491
231,2495
114,2497
488,2500
89,2507
161,2508
299,2509
332,2510
428,2516
57,2528
145,2529
178,2533
500,2534
487,2535
200,2536
193,2544
366,2547
180,2550
93,2550
348,2557
170,2561
10,2573
432,2574
284,2577
250,2578
213,2590
122,2590
357,2591
7,2591
367,2593
232,2594
53,2599
203,2612
364,2618
415,2627
207,2627
392,2629
389,2641
242,2642
60,2649
45,2651
333,2665
185,2667
311,2668
287,2678
125,2685
461,2693
490,2696
307,2698
344,2702
137,2703
4,2713
371,2715
360,2722
433,2736
40,2739
265,2745
41,2750
352,2760
467,2767
179,2769
214,2775
485,2776
113,2790
286,2800
171,2805
152,2815
95,2818
91,2820
66,2822
266,2828
259,2833
295,2850
18,2854
127,2872
163,2877
173,2881
243,2889
148,2895
447,2897
458,2897
493,2905
67,2908
121,2928
423,2941
475,2944
68,2953
276,2966
417,2968
158,2970
335,2993
24,2996
172,2997
139,3004
294,3006
372,3015
186,3018
356,3023
476,3029
142,3044
140,3053
143,3055
229,3058
99,3071
129,3080
354,3081
419,3098
55,3122
248,3129
61,3142
452,3154
160,3159
211,3170
43,3177
221,3198
308,3200
378,3207
21,3232
481,3253
309,3255
50,3268
62,3273
38,3293
279,3297
400,3306
115,3321
262,3338
216,3349
223,3350
450,3356
322,3357
314,3360
81,3373
103,3382
155,3392
288,3416
124,3429
34,3461
374,3467
70,3482
226,3503
477,3523
375,3525
297,3547
236,3564
293,3582
282,3618
256,3619
100,3655
9,3659
263,3667
271,3694
324,3711
195,3726
174,3762
261,3792
420,3811
30,3829
280,3842
246,3851
86,3884
189,3933
133,3940
14,3977
69,3992
164,4017
408,4040
138,4059
49,4118
290,4140
402,4165
104,4170
456,4185
474,4239
379,4258
274,4272
98,4297
252,4319
341,4359
430,4395
498,4578
183,4609
107,4621
79,4898
334,4925
219,5225

simblock.block.ProofOfWorkBlock@5d3c949d:82
446,0
403,1902
181,2036
52,2173
5,2253
198,2392
39,2412
90,2436
108,2533
73,2537
251,2575
382,2609
94,2646
197,2673
422,2693
165,2709
56,2746
277,2746
420,2758
97,2785
303,2798
234,2809
2,2842
82,2871
191,2883
431,2885
119,2887
298,2892
441,2903
358,2926
282,2946
130,2958
141,2971
269,2977
70,2985
270,2992
286,3007
80,3018
76,3027
359,3029
218,3029
166,3033
433,3039
155,3052
144,3060
482,3063
381,3066
63,3080
168,3095
278,3099
177,3101
109,3104
353,3104
169,3106
385,3111
249,3135
436,3152
8,3152
44,3155
143,3157
486,3163
416,3163
308,3164
37,3164
460,3186
479,3196
411,3197
213,3199
233,3207
418,3210
163,3218
211,3230
291,3234
59,3238
421,3240
327,3240
268,3244
244,3245
301,3248
417,3259
1,3263
91,3267
352,3268
140,3271
258,3274
245,3280
222,3286
392,3287
214,3293
65,3296
210,3298
362,3305
72,3307
236,3310
132,3310
483,3314
175,3322
389,3328
410,3332
186,3332
19,3333
262,3335
368,3336
361,3336
200,3345
106,3347
36,3350
51,3363
151,3367
107,3368
20,3371
15,3373
346,3376
355,3376
112,3377
455,3377
188,3379
96,3381
331,3386
160,3388
224,3389
440,3390
404,3394
209,3394
306,3402
22,3403
257,3413
349,3415
469,3419
494,3419
101,3421
266,3423
394,3430
6,3430
247,3439
320,3443
419,3443
32,3446
264,3447
338,3452
347,3463
122,3468
496,3468
120,3470
134,3473
228,3475
153,3478
470,3480
472,3480
84,3481
454,3481
406,3483
95,3485
47,3488
220,3491
397,3497
445,3498
102,3502
281,3503
85,3509
103,3510
149,3511
439,3520
365,3522
136,3522
443,3525
240,3530
225,3534
425,3545
350,3548
74,3550
170,3551
176,3552
77,3553
424,3558
202,3563
323,3564
444,3564
393,3570
415,3571
477,3572
92,3572
384,3573
66,3579
488,3582
380,3585
241,3586
457,3587
57,3594
26,3596
499,3600
312,3601
83,3601
395,3602
489,3604
430,3604
187,3606
280,3607
363,3609
161,3611
326,3613
426,3615
369,3615
348,3618
383,3619
450,3620
117,3620
116,3623
465,3626
123,3627
309,3632
235,3636
407,3641
215,3651
388,3653
377,3657
3,3657
204,3657
473,3659
289,3661
75,3669
201,3672
429,3673
60,3674
495,3687
128,3687
379,3692
64,3696
111,3697
434,3699
150,3705
317,3709
370,3709
464,3715
329,3720
203,3722
442,3723
480,3723
351,3728
279,3736
99,3737
357,3737
316,3740
292,3743
118,3757
336,3761
328,3766
196,3766
125,3768
199,3769
342,3775
159,3777
285,3780
319,3785
396,3787
113,3788
148,3789
87,3789
313,3793
93,3795
386,3796
304,3797
14,3800
466,3808
408,3825
254,3825
497,3825
110,3829
468,3831
158,3832
307,3833
127,3835
255,3836
401,3842
330,3844
208,3848
216,3850
343,3853
484,3853
318,3860
339,3866
147,3873
274,3882
344,3883
438,3886
55,3891
35,3895
265,3899
333,3900
462,3902
387,3904
498,3918
192,3919
448,3922
31,3923
42,3935
33,3938
491,3939
390,3946
300,3955
139,3957
500,3960
17,3962
432,3971
340,3984
239,3989
114,3996
376,3997
405,4000
409,4009
48,4013
7,4018
485,4024
427,4028
162,4033
371,4036
62,4036
172,4050
261,4052
461,4056
315,4057
4,4057
412,4058
71,4061
61,4062
492,4062
131,4065
332,4073
100,4077
18,4080
29,4082
86,4083
41,4086
337,4099
238,4104
367,4105
273,4123
471,4123
414,4130
447,4130
373,4134
126,4136
104,4146
27,4154
21,4158
237,4164
79,4165
435,4166
13,4169
46,4174
138,4176
195,4193
232,4193
242,4200
54,4206
305,4212
190,4216
38,4225
189,4231
378,4236
78,4243
294,4252
276,4253
230,4253
154,4259
453,4284
463,4284
206,4285
490,4289
252,4294
28,4295
399,4298
275,4299
299,4303
248,4304
129,4307
402,4308
372,4310
451,4312
157,4341
366,4353
267,4356
145,4356
24,4367
458,4382
50,4385
58,4385
325,4387
296,4390
360,4391
467,4391
180,4401
476,4435
287,4440
345,4468
260,4478
205,4481
311,4486
481,4499
253,4510
284,4518
133,4522
40,4526
293,4530
185,4537
310,4540
272,4543
183,4549
295,4563
354,4570
135,4583
45,4593
217,4594
10,4597
167,4599
398,4604
478,4608
178,4616
152,4625
428,4628
12,4660
89,4668
493,4695
146,4737
459,4747
324,4752
25,4757
121,4758
321,4763
449,4772
374,4781
49,4828
23,4851
179,4852
246,4853
156,4854
400,4859
67,4885
452,4901
456,4903
322,4908
124,4921
173,4965
137,4972
475,4979
226,4983
16,4987
413,5010
223,5018
11,5046
250,5079
375,5142
34,5152
256,5165
259,5174
81,5188
43,5210
391,5212
487,5212
356,5242
182,5265
364,5265
229,5267
69,5280
334,5284
437,5309
290,5442
288,5457
53,5470
314,5474
263,5496
297,5515
423,5516
115,5559
171,5567
271,5587
207,5597
212,5699
30,5747
105,5772
142,5800
335,5814
227,5815
68,5858
221,5866
283,5927
194,6001
341,6048
193,6117
231,6381
174,6480
243,6909
474,7212
219,7521

simblock.block.ProofOfWorkBlock@3621bc6d:83
312,0
164,278
91,383
443,498
332,562
167,604
307,671
337,678
363,708
66,778
180,780
205,783
84,813
345,843
493,884
401,889
208,890
294,890
261,931
351,948
428,952
439,960
499,989
154,989
157,995
352,995
203,996
448,1041
483,1053
319,1057
262,1067
393,1067
283,1070
140,1074
377,1095
127,1098
399,1102
422,1104
196,1108
475,1112
63,1124
414,1149
72,1160
121,1163
496,1170
302,1172
315,1174
116,1176
356,1178
214,1178
54,1190
135,1208
16,1208
70,1211
233,1211
430,1212
118,1213
454,1216
176,1229
366,1234
357,1247
447,1247
211,1247
458,1256
53,1265
158,1270
266,1271
190,1275
184,1275
57,1276
200,1278
412,1283
278,1284
328,1284
110,1284
457,1293
450,1295
44,1312
389,1317
304,1317
105,1319
113,1321
441,1332
89,1334
92,1335
62,1338
420,1346
330,1346
413,1347
124,1353
386,1355
137,1357
236,1359
484,1375
31,1381
435,1382
333,1383
477,1384
58,1387
156,1388
340,1390
213,1391
387,1395
392,1395
162,1399
408,1400
248,1405
402,1415
494,1416
64,1421
272,1424
199,1426
80,1427
426,1431
436,1436
206,1441
86,1441
253,1443
473,1444
338,1446
369,1447
311,1452
282,1452
103,1453
419,1455
445,1457
306,1458
21,1461
95,1463
490,1463
94,1470
39,1472
88,1472
250,1480
285,1485
264,1488
161,1489
202,1489
491,1492
343,1493
1,1495
210,1495
293,1495
449,1500
188,1503
476,1503
308,1506
25,1509
488,1511
149,1518
28,1519
201,1521
268,1522
185,1523
270,1526
192,1528
179,1530
471,1537
7,1545
194,1546
466,1547
350,1547
226,1549
453,1549
432,1549
231,1550
160,1553
415,1556
77,1558
216,1559
409,1560
472,1562
485,1563
18,1566
239,1567
348,1568
204,1569
163,1571
24,1573
492,1579
27,1581
29,1584
310,1585
279,1592
85,1594
478,1597
320,1598
286,1600
3,1600
267,1601
212,1609
186,1609
22,1609
309,1610
56,1614
12,1614
100,1614
339,1615
60,1617
122,1625
36,1637
433,1639
150,1646
353,1647
275,1651
255,1655
346,1655
410,1658
224,1661
143,1664
305,1666
465,1667
4,1674
168,1676
459,1676
155,1676
93,1678
287,1681
301,1684
417,1688
61,1689
198,1692
487,1697
403,1698
107,1699
373,1703
451,1705
148,1709
347,1711
274,1715
8,1719
178,1722
73,1723
170,1728
51,1730
11,1730
133,1735
234,1737
324,1737
191,1740
55,1743
222,1744
446,1751
114,1756
344,1764
136,1764
406,1765
321,1766
316,1768
17,1772
437,1773
153,1773
128,1774
40,1780
111,1783
165,1788
20,1792
331,1793
13,1793
90,1795
376,1797
405,1803
245,1803
500,1804
480,1814
469,1819
230,1821
336,1827
394,1829
398,1830
97,1832
277,1833
228,1833
407,1834
33,1841
317,1855
83,1856
235,1862
2,1865
130,1865
144,1869
425,1869
390,1872
82,1877
381,1878
269,1883
349,1886
431,1886
342,1897
14,1898
388,1902
313,1903
134,1904
175,1906
238,1911
6,1916
460,1922
299,1923
427,1925
370,1933
434,1938
141,1939
482,1945
367,1952
355,1953
300,1956
384,1958
241,1958
59,1961
126,1968
292,1972
78,1973
240,1976
468,1978
131,1984
326,1987
365,1987
495,1992
325,1993
102,2006
197,2006
119,2011
327,2013
52,2015
281,2018
182,2021
440,2023
416,2031
418,2035
251,2037
38,2040
479,2051
112,2053
421,2056
303,2056
247,2065
123,2067
108,2073
362,2080
237,2082
71,2083
32,2089
187,2101
298,2102
76,2109
354,2114
359,2119
117,2120
444,2125
177,2128
489,2128
397,2128
242,2136
220,2142
271,2142
10,2144
37,2152
379,2159
129,2160
442,2160
74,2163
193,2164
48,2166
227,2172
470,2191
463,2197
19,2201
65,2206
380,2209
138,2218
296,2224
75,2224
280,2230
101,2231
9,2231
232,2238
41,2247
429,2247
411,2277
289,2278
378,2281
364,2289
87,2289
159,2291
314,2293
81,2298
104,2301
146,2305
115,2307
183,2311
225,2313
263,2314
45,2318
166,2320
173,2327
318,2328
229,2329
252,2330
215,2336
383,2352
265,2354
341,2357
424,2360
360,2374
486,2378
361,2378
258,2420
404,2423
109,2428
249,2450
30,2459
455,2472
207,2475
334,2485
142,2492
50,2494
209,2495
79,2496
15,2510
120,2531
26,2541
189,2548
291,2551
396,2557
464,2570
461,2587
323,2588
49,2601
284,2626
288,2627
34,2635
497,2638
139,2648
244,2652
297,2668
147,2714
47,2735
98,2743
106,2749
358,2771
151,2778
217,2780
132,2791
335,2806
385,2815
382,2818
290,2825
172,2828
42,2857
171,2875
423,2888
368,2928
218,2954
5,2969
181,2991
462,3009
254,3041
374,3056
69,3057
257,3082
322,3116
67,3158
23,3158
438,3174
169,3188
452,3208
273,3228
256,3259
295,3275
96,3311
259,3337
152,3375
391,3386
498,3450
68,3488
371,3505
395,3526
46,3530
243,3652
375,3664
481,3718
456,3719
35,3753
223,3803
195,3837
276,3860
329,3972
372,4040
246,4054
174,4068
400,4172
260,4190
221,4307
43,4507
99,4552
219,4641
125,4900
474,4972
467,5287
145,5302

simblock.block.ProofOfWorkBlock@2ee13941:84
366,0
392,279
12,394
64,498
27,557
212,603
415,661
31,673
262,714
466,769
476,779
278,783
369,818
161,837
190,886
363,888
84,892
93,896
158,933
110,944
408,945
315,954
459,991
199,991
54,995
178,1000
485,1005
206,1038
57,1052
213,1055
210,1058
333,1058
496,1061
321,1065
92,1096
500,1096
211,1103
266,1104
402,1104
492,1126
330,1132
196,1143
410,1158
420,1164
483,1167
499,1167
22,1170
425,1173
239,1186
484,1188
293,1202
176,1203
286,1209
29,1215
401,1223
205,1229
487,1231
386,1233
153,1237
124,1244
103,1248
53,1263
51,1267
460,1271
494,1272
231,1272
24,1274
63,1277
405,1280
122,1280
407,1281
233,1284
316,1284
490,1290
305,1293
116,1308
475,1315
340,1328
435,1330
279,1333
303,1336
458,1339
77,1340
230,1341
387,1342
306,1344
336,1349
143,1351
287,1351
428,1353
60,1354
36,1357
270,1369
95,1375
302,1376
310,1376
311,1378
344,1379
156,1379
352,1382
188,1384
201,1385
440,1386
154,1387
164,1388
426,1389
454,1390
275,1397
348,1401
89,1411
282,1413
135,1414
377,1422
283,1430
320,1436
128,1440
72,1440
441,1440
325,1444
433,1444
451,1445
457,1448
58,1448
332,1449
4,1451
162,1451
107,1455
345,1457
409,1461
202,1464
88,1468
493,1468
350,1473
140,1476
136,1483
170,1484
157,1485
155,1487
471,1491
439,1491
488,1494
430,1494
168,1495
137,1495
443,1497
66,1499
208,1501
470,1503
406,1504
121,1504
419,1508
203,1508
200,1515
367,1516
373,1517
478,1519
180,1519
250,1521
491,1524
204,1528
346,1534
319,1542
472,1542
449,1544
194,1545
8,1546
417,1550
16,1555
450,1556
482,1561
412,1561
489,1562
343,1564
477,1568
421,1573
61,1578
96,1578
294,1582
55,1583
414,1586
78,1587
307,1590
437,1592
184,1594
224,1596
7,1597
308,1597
312,1600
113,1600
356,1606
226,1606
82,1612
357,1612
368,1614
39,1614
324,1619
129,1620
20,1620
328,1622
127,1624
220,1625
13,1626
272,1634
264,1635
463,1643
91,1648
94,1649
267,1653
160,1656
422,1661
384,1661
105,1665
304,1672
118,1672
431,1673
455,1678
11,1686
90,1686
274,1693
147,1694
83,1695
261,1696
186,1697
179,1702
18,1702
473,1704
338,1705
413,1713
177,1714
17,1715
46,1715
133,1717
404,1718
323,1723
44,1729
358,1730
216,1731
148,1737
214,1738
144,1741
269,1747
236,1752
62,1756
453,1759
393,1760
445,1766
247,1767
209,1771
390,1772
327,1774
14,1774
100,1779
182,1782
442,1786
376,1790
119,1791
329,1797
35,1803
85,1804
167,1806
120,1809
40,1809
389,1811
432,1817
80,1819
355,1820
359,1829
351,1839
86,1844
132,1844
253,1849
175,1854
134,1858
248,1859
254,1859
448,1865
337,1865
74,1868
59,1878
339,1884
486,1892
241,1896
197,1898
149,1898
108,1911
280,1911
192,1912
163,1913
75,1915
255,1916
298,1916
1,1920
398,1926
469,1935
117,1936
418,1939
497,1943
429,1946
28,1952
416,1953
5,1954
26,1958
123,1960
159,1960
150,1961
399,1962
25,1969
427,1969
434,1969
495,1976
257,1982
331,1986
300,1988
411,1990
370,1991
289,1991
225,1993
52,1994
138,1999
403,2004
21,2004
109,2006
383,2007
48,2017
232,2017
222,2017
436,2018
56,2023
447,2024
468,2024
309,2025
479,2037
76,2052
169,2054
106,2057
50,2058
245,2060
301,2066
259,2073
47,2080
187,2092
70,2093
349,2098
452,2107
258,2116
185,2130
173,2133
335,2135
237,2136
215,2143
227,2153
131,2153
238,2162
87,2170
382,2171
444,2185
249,2187
101,2188
397,2191
41,2192
380,2193
391,2200
438,2201
341,2202
189,2207
240,2208
181,2212
291,2213
126,2217
277,2221
371,2228
229,2229
130,2236
446,2241
152,2242
317,2246
219,2252
480,2259
354,2267
288,2269
151,2271
243,2272
171,2279
462,2282
347,2286
99,2288
98,2291
395,2299
9,2307
385,2314
378,2332
273,2333
10,2336
221,2348
285,2351
260,2354
6,2363
364,2366
424,2372
2,2377
111,2396
290,2399
3,2403
228,2404
365,2417
381,2423
97,2429
292,2433
234,2439
37,2447
33,2459
23,2473
218,2478
342,2498
112,2501
284,2512
400,2519
81,2519
217,2525
198,2548
43,2549
139,2568
34,2572
19,2572
394,2597
297,2615
361,2618
334,2620
271,2632
318,2641
102,2648
244,2653
69,2657
49,2658
299,2662
142,2663
183,2666
141,2677
68,2694
263,2702
15,2722
104,2733
481,2766
114,2792
165,2818
251,2840
193,2840
30,2850
65,2864
281,2870
326,2875
235,2878
195,2879
296,2882
456,2901
375,2909
32,2942
314,2993
423,3015
125,3016
73,3017
246,3034
191,3036
295,3082
146,3088
268,3107
396,3169
322,3173
374,3176
67,3197
276,3204
265,3208
242,3209
172,3219
379,3325
256,3370
115,3412
313,3455
38,3501
498,3506
145,3540
79,3543
362,3544
461,3565
388,3674
174,3715
223,3852
71,3853
166,4110
372,4260
252,4446
207,4776
45,5456

simblock.block.ProofOfWorkBlock@55cb096d:84
400,0
322,542
288,754
87,1077
242,1083
271,1294
372,1399
65,1448
98,1508
468,1584
276,1614
289,1625
147,1717
347,1723
388,1816
139,1830
225,1830
378,1838
469,1856
115,1953
268,1953
341,2040
446,2045
71,2070
5,2089
346,2093
327,2156
429,2175
75,2182
79,2254
257,2278
314,2281
240,2302
151,2316
304,2322
246,2323
146,2349
455,2367
132,2481
42,2492
423,2492
470,2501
77,2553
319,2558
76,2577
218,2605
486,2635
223,2669
112,2691
232,2696
431,2777
417,2779
68,2789
31,2793
108,2813
48,2815
297,2822
375,2836
109,2849
191,2910
277,2916
241,2933
329,2986
89,3011
365,3014
394,3031
45,3046
444,3049
23,3076
169,3119
20,3137
370,3139
463,3140
358,3159
126,3178
371,3213
390,3241
475,3242
144,3253
25,3274
88,3295
138,3338
270,3376
249,3398
207,3460
317,3466
187,3468
433,3469
335,3471
368,3497
361,3499
406,3500
344,3512
215,3528
320,3604
183,3629
343,3657
435,3698
420,3728
124,3737
119,3765
302,3766
106,3793
80,3823
280,3826
133,3830
49,3851
61,3864
120,3885
483,3925
67,3929
205,3930
496,3953
236,3972
458,3973
299,3997
216,4019
313,4116
448,4133
459,4157
269,4176
39,4179
180,4198
428,4199
213,4212
33,4229
43,4230
357,4231
498,4231
107,4233
51,4303
85,4334
92,4381
441,4397
91,4407
125,4416
366,4428
74,4438
206,4500
411,4531
284,4536
245,4557
488,4562
155,4578
164,4592
262,4674
457,4704
34,4707
50,4720
227,4728
148,4748
29,4751
381,4766
350,4861
387,4873
19,4876
177,4896
186,4928
264,4940
30,5006
325,5093
471,5115
405,5122
278,5171
153,5209
434,5219
298,5223
113,5291
447,5307
94,5350
166,5418
208,5477
491,5568
497,5574
477,5585
315,5642
36,5658
230,5660
116,5671
2,5744
157,5821
386,5844
376,5919
7,5961
168,6019
70,6035
56,6069
188,6108
266,6210
46,6263
255,6293
55,6327
442,6393
178,6471
453,6554
352,6581
201,6694
44,6730
84,6756
163,6768
321,6922
24,6944
478,7119
407,7177
311,7236
399,7374
340,7492
176,7625
122,7706
437,7822
211,7853
72,8074
392,8177
162,8215
127,8277
54,8521
86,8581
485,8644
224,8729
356,8972
374,9234
272,9421
308,9866
3,10312

simblock.block.ProofOfWorkBlock@6b06a881:85
153,0
352,281
64,390
200,494
86,563
302,598
62,672
336,719
230,777
482,779
324,824
420,843
92,880
350,882
214,885
339,933
93,949
310,978
306,986
24,989
377,992
205,999
466,1054
116,1056
427,1062
311,1070
357,1084
216,1095
278,1103
406,1104
401,1108
393,1124
25,1158
124,1162
179,1162
94,1165
328,1168
63,1183
88,1195
89,1201
157,1211
16,1213
472,1216
118,1218
31,1228
307,1258
78,1266
7,1267
129,1270
414,1271
315,1274
44,1275
184,1284
367,1285
28,1291
53,1302
264,1318
368,1318
267,1322
160,1333
484,1337
459,1352
206,1354
399,1362
105,1366
239,1370
303,1380
100,1381
413,1382
72,1384
441,1384
110,1385
178,1390
475,1394
262,1396
381,1404
185,1405
77,1407
236,1407
330,1415
280,1418
167,1423
294,1424
248,1427
412,1440
1,1444
274,1444
140,1444
353,1446
448,1447
143,1451
234,1455
121,1456
128,1459
338,1461
333,1463
305,1470
224,1473
161,1477
449,1484
319,1485
272,1488
279,1491
22,1493
405,1495
488,1495
188,1497
199,1500
270,1503
443,1503
345,1504
438,1507
402,1510
58,1519
428,1525
489,1531
409,1532
164,1536
487,1546
202,1547
451,1548
107,1549
493,1550
255,1557
491,1558
386,1559
186,1560
155,1561
231,1569
266,1570
471,1572
460,1578
208,1579
70,1580
203,1586
187,1589
344,1590
389,1592
478,1596
433,1598
85,1599
430,1600
450,1601
60,1602
204,1605
66,1608
91,1608
57,1611
340,1614
337,1615
113,1618
483,1619
220,1619
111,1623
366,1624
13,1630
82,1635
424,1636
416,1641
3,1643
226,1644
356,1646
55,1652
373,1653
499,1660
39,1661
158,1663
156,1667
5,1667
417,1669
283,1673
363,1675
473,1676
4,1676
477,1680
250,1683
103,1683
425,1685
162,1685
445,1686
27,1692
210,1694
135,1699
492,1702
457,1705
454,1706
54,1710
343,1711
233,1714
127,1715
286,1720
277,1721
95,1721
436,1724
485,1729
453,1736
275,1742
281,1757
387,1757
176,1760
317,1769
312,1770
261,1772
437,1775
346,1777
61,1783
423,1787
48,1787
144,1788
194,1791
458,1792
122,1792
500,1793
332,1806
114,1807
348,1809
435,1809
36,1813
408,1815
136,1816
253,1818
76,1830
469,1831
133,1832
209,1834
293,1834
84,1836
429,1837
320,1840
254,1841
240,1844
154,1844
304,1851
440,1851
159,1853
370,1858
476,1859
308,1860
247,1860
228,1861
201,1863
212,1864
8,1876
479,1879
211,1880
422,1883
455,1885
97,1887
434,1887
119,1895
196,1897
18,1898
75,1898
6,1898
369,1901
32,1902
351,1903
149,1903
392,1915
120,1916
65,1919
137,1921
426,1934
287,1938
382,1938
101,1940
147,1951
134,1953
269,1975
21,1981
325,1993
331,1998
106,1999
215,2000
442,2001
123,2005
486,2013
282,2023
235,2024
327,2025
323,2026
329,2027
102,2036
49,2040
439,2041
29,2044
168,2047
126,2048
96,2053
52,2054
397,2054
385,2062
245,2063
175,2065
244,2075
431,2078
285,2080
268,2081
410,2101
365,2101
379,2105
403,2105
42,2106
74,2106
14,2107
20,2110
83,2115
380,2116
376,2119
109,2120
217,2121
396,2121
497,2128
498,2132
474,2137
117,2137
163,2151
170,2154
51,2154
151,2157
411,2159
11,2169
23,2170
222,2172
463,2173
371,2180
362,2192
229,2194
341,2195
260,2197
395,2203
87,2207
148,2209
444,2218
172,2237
15,2248
2,2250
349,2253
17,2256
40,2256
197,2258
419,2259
390,2276
26,2281
301,2285
309,2286
80,2296
464,2299
35,2302
452,2307
432,2316
225,2323
181,2326
342,2327
290,2330
249,2333
152,2334
316,2336
139,2337
182,2340
289,2343
238,2345
47,2350
398,2358
447,2362
415,2363
391,2374
355,2374
98,2384
67,2390
407,2399
34,2406
378,2428
10,2452
496,2462
180,2466
43,2468
189,2468
465,2472
359,2475
198,2478
358,2481
79,2497
292,2499
276,2501
37,2503
90,2515
462,2517
354,2517
318,2519
299,2528
467,2533
314,2536
108,2545
232,2550
131,2560
490,2566
173,2570
50,2571
321,2574
361,2583
169,2583
360,2592
480,2618
263,2631
145,2670
195,2675
242,2679
125,2690
291,2692
223,2704
59,2705
41,2706
219,2722
165,2724
56,2737
213,2737
421,2742
258,2767
243,2777
166,2778
68,2786
313,2786
141,2795
251,2802
227,2802
322,2811
104,2830
384,2837
481,2842
190,2843
193,2846
142,2859
298,2931
150,2942
183,2962
174,2976
132,2980
326,2989
218,3005
284,3009
33,3013
259,3017
446,3023
38,3031
418,3056
237,3072
221,3082
375,3101
400,3110
297,3119
171,3147
468,3159
372,3165
81,3183
383,3197
256,3202
241,3206
347,3223
30,3261
404,3274
191,3290
374,3362
71,3367
334,3368
130,3378
9,3413
495,3423
300,3433
46,3441
207,3449
394,3511
364,3514
296,3608
257,3659
273,3662
456,3693
335,3710
146,3723
192,3728
115,3755
138,3771
271,3781
461,3861
177,3878
112,3949
265,3959
288,3993
45,4077
12,4087
470,4095
99,4127
295,4160
494,4192
246,4325
73,4428
69,4485
388,4657
19,4874
252,5212

simblock.block.ProofOfWorkBlock@3da9ecb8:86
1,0
31,301
94,406
478,511
44,621
214,685
484,730
282,789
422,806
399,835
308,897
491,908
28,913
54,941
66,966
53,1010
190,1013
408,1022
330,1023
118,1045
201,1070
482,1071
168,1088
184,1114
154,1119
143,1119
186,1129
294,1135
88,1176
472,1182
267,1188
248,1200
443,1203
163,1214
137,1223
368,1223
440,1227
91,1228
8,1238
321,1240
457,1257
421,1262
475,1282
275,1295
305,1298
95,1302
332,1302
22,1303
413,1305
135,1306
70,1322
92,1323
339,1329
155,1329
451,1332
454,1333
199,1342
412,1343
7,1345
86,1350
170,1364
450,1366
206,1366
211,1387
36,1400
278,1400
255,1401
432,1403
343,1406
203,1408
338,1410
279,1411
200,1413
202,1414
57,1418
167,1420
490,1429
72,1433
336,1433
107,1435
340,1439
116,1448
82,1451
127,1451
216,1460
188,1461
233,1469
148,1475
283,1479
346,1479
312,1482
49,1484
433,1485
485,1493
29,1496
61,1503
373,1504
328,1505
21,1507
459,1507
250,1508
352,1511
401,1512
27,1516
386,1517
78,1519
264,1521
492,1521
194,1522
158,1523
428,1525
63,1536
471,1537
393,1538
357,1539
212,1545
387,1552
64,1562
179,1564
302,1566
204,1573
351,1580
286,1582
84,1584
453,1584
407,1584
417,1585
224,1589
406,1591
176,1591
473,1598
93,1601
153,1608
430,1609
367,1609
439,1609
105,1611
266,1612
208,1612
270,1613
333,1613
245,1614
226,1615
337,1617
489,1617
410,1617
25,1619
89,1620
448,1621
345,1625
161,1626
499,1626
287,1626
272,1627
15,1629
16,1629
40,1631
441,1633
487,1634
488,1642
129,1643
213,1644
110,1648
103,1651
144,1652
435,1654
348,1660
156,1665
75,1670
60,1672
177,1674
363,1678
274,1679
164,1684
180,1686
320,1690
113,1690
58,1691
447,1693
319,1695
495,1697
258,1702
389,1703
414,1703
409,1709
419,1714
230,1716
51,1718
3,1720
306,1721
425,1722
350,1725
466,1726
366,1727
261,1728
477,1730
405,1734
55,1738
18,1742
231,1745
39,1748
460,1750
24,1756
236,1759
128,1759
196,1768
458,1771
500,1771
20,1777
133,1779
369,1782
269,1784
160,1784
292,1785
239,1789
445,1791
310,1792
426,1794
304,1794
392,1794
476,1796
377,1798
449,1801
182,1802
80,1806
257,1806
402,1813
136,1819
124,1825
436,1829
77,1829
62,1831
253,1833
303,1836
90,1842
434,1843
479,1844
431,1846
126,1847
122,1850
14,1852
222,1856
169,1858
162,1860
112,1862
210,1865
150,1870
446,1871
427,1878
344,1887
347,1890
324,1890
249,1890
415,1892
493,1895
376,1900
293,1904
356,1909
301,1916
56,1917
120,1922
178,1923
100,1924
4,1925
149,1927
289,1937
165,1943
106,1946
455,1948
496,1949
237,1955
355,1956
437,1956
329,1958
468,1963
175,1964
6,1964
121,1967
198,1970
416,1973
268,1974
33,1974
309,1975
323,1983
13,1993
130,1998
358,2003
384,2003
65,2014
442,2016
2,2020
361,2021
240,2023
365,2030
74,2031
215,2035
317,2036
76,2044
385,2044
280,2050
131,2055
244,2060
462,2060
483,2061
209,2061
187,2061
470,2063
480,2066
379,2066
382,2073
59,2075
181,2075
362,2078
12,2079
26,2085
183,2087
102,2090
241,2093
101,2095
331,2096
325,2108
87,2112
404,2120
220,2129
381,2134
273,2136
97,2139
254,2145
288,2148
238,2149
371,2156
394,2163
83,2163
469,2171
429,2173
48,2176
34,2179
463,2182
444,2185
228,2188
46,2191
420,2192
452,2193
109,2198
189,2212
465,2222
132,2224
281,2224
318,2233
152,2236
134,2241
225,2242
380,2252
247,2256
5,2261
50,2263
342,2265
192,2267
235,2274
42,2284
438,2284
234,2285
403,2287
242,2288
494,2298
251,2303
378,2308
32,2316
205,2326
108,2329
265,2339
139,2342
298,2344
195,2360
383,2367
43,2367
335,2370
497,2370
191,2381
277,2383
35,2388
67,2394
142,2399
398,2404
474,2406
397,2406
486,2407
341,2408
300,2409
311,2412
123,2424
374,2429
259,2430
147,2444
390,2462
193,2465
290,2468
276,2489
68,2490
9,2491
151,2491
391,2491
99,2492
197,2503
326,2504
221,2516
157,2517
395,2530
423,2558
243,2571
119,2579
30,2593
37,2601
295,2603
396,2612
260,2619
17,2622
115,2623
85,2623
316,2627
370,2630
41,2634
400,2651
467,2655
296,2661
141,2669
23,2672
229,2707
349,2714
173,2716
96,2734
140,2736
481,2742
498,2759
375,2796
47,2797
263,2799
461,2813
171,2832
424,2834
315,2843
291,2844
11,2848
314,2860
359,2889
354,2938
138,2947
218,2955
364,2969
262,2981
10,2983
299,2999
111,3020
227,3046
327,3062
185,3085
38,3098
418,3106
372,3147
334,3164
81,3165
307,3189
456,3196
159,3237
232,3283
219,3290
246,3301
117,3323
172,3329
79,3401
52,3408
256,3494
411,3549
146,3553
223,3583
284,3632
98,3633
114,3634
271,3672
69,3674
217,3731
71,3840
388,3856
104,3882
174,3982
322,4008
297,4020
73,4083
145,4171
19,4301
125,4356
353,4523
464,4744
313,4962
166,5180
285,5401
252,5739
360,6071
207,6402
45,6753

simblock.block.ProofOfWorkBlock@7b0adfe:86
481,0
241,875
358,1198
166,1236
169,1377
464,1520
191,1555
197,1588
94,1605
257,1690
2,1724
123,1733
394,1829
440,1834
46,1843
281,1858
49,1868
470,1879
108,1931
251,1965
359,1969
404,1991
42,2007
397,2017
240,2045
158,2061
468,2071
411,2077
380,2092
111,2099
52,2107
225,2124
382,2144
15,2153
249,2165
462,2180
313,2185
396,2200
327,2206
329,2208
119,2213
388,2233
117,2242
237,2258
175,2280
181,2287
53,2288
480,2313
147,2321
277,2322
244,2336
368,2338
326,2339
361,2342
455,2343
444,2346
403,2348
453,2358
48,2365
177,2367
376,2371
245,2376
352,2380
47,2415
222,2421
317,2441
102,2442
26,2450
365,2456
73,2460
97,2464
37,2471
5,2476
101,2477
431,2479
384,2481
143,2483
434,2491
416,2496
215,2502
301,2507
134,2511
315,2515
268,2533
342,2553
106,2554
80,2558
429,2561
236,2567
59,2570
442,2575
287,2576
151,2578
402,2582
436,2585
65,2588
338,2591
126,2597
234,2600
347,2600
479,2604
165,2604
224,2607
35,2616
291,2616
424,2641
325,2669
87,2674
497,2692
75,2692
383,2703
7,2704
469,2706
121,2707
179,2709
112,2713
130,2714
379,2715
109,2720
415,2729
56,2734
421,2739
420,2741
156,2742
182,2748
19,2755
356,2758
33,2787
88,2799
399,2803
153,2812
298,2814
445,2819
273,2821
463,2823
419,2828
385,2829
194,2831
216,2840
486,2840
161,2845
184,2846
20,2847
465,2854
395,2861
266,2866
258,2872
320,2872
446,2877
132,2883
438,2892
471,2900
110,2906
490,2918
92,2934
29,2939
84,2943
362,2951
406,2952
128,2958
230,2960
78,2967
160,2973
306,2974
198,2980
210,2984
269,2985
323,2994
355,2995
485,3014
412,3015
293,3033
144,3035
460,3039
74,3039
488,3049
387,3057
305,3061
410,3065
478,3065
231,3068
122,3077
422,3079
218,3086
214,3097
21,3108
57,3108
238,3120
381,3128
366,3129
36,3148
374,3155
138,3159
44,3161
302,3168
155,3171
331,3181
107,3185
310,3186
348,3190
427,3202
407,3207
475,3208
367,3210
408,3211
247,3224
336,3226
32,3238
202,3242
335,3257
489,3258
476,3261
124,3280
62,3281
27,3291
279,3291
262,3293
93,3295
500,3307
304,3310
253,3323
303,3334
474,3343
496,3359
296,3362
200,3364
426,3368
386,3374
51,3381
483,3389
31,3395
180,3409
307,3415
99,3429
167,3432
477,3433
499,3438
174,3441
183,3453
267,3454
357,3463
459,3472
61,3489
373,3493
288,3519
8,3520
458,3525
259,3539
466,3548
457,3549
344,3558
274,3567
142,3574
68,3579
39,3588
363,3590
369,3593
428,3606
425,3607
492,3617
328,3624
309,3636
311,3642
104,3642
452,3643
178,3659
213,3661
81,3663
261,3679
91,3700
272,3700
103,3715
439,3718
341,3730
375,3744
333,3749
448,3755
43,3759
447,3774
340,3782
118,3794
164,3832
28,3850
186,3862
24,3885
334,3890
34,3894
255,3895
60,3920
66,3929
319,3931
58,3941
221,3943
392,3946
229,3972
441,4020
223,4035
152,4043
232,4052
227,4058
89,4059
284,4063
69,4072
95,4075
113,4099
70,4120
350,4155
77,4167
172,4181
9,4191
484,4193
263,4195
145,4232
38,4242
482,4245
14,4254
250,4293
282,4293
137,4318
243,4330
330,4346
256,4351
30,4360
456,4372
115,4390
25,4395
354,4410
437,4419
189,4497
493,4518
398,4526
371,4533
467,4535
55,4547
389,4576
127,4622
233,4649
129,4658
391,4673
219,4690
195,4711
208,4714
405,4773
45,4783
297,4826
265,4833
217,4837
206,4854
201,4876
294,4887
246,4973
226,4998
67,5011
337,5029
290,5088
295,5136
98,5160
339,5164
393,5225
487,5254
211,5391
242,5439
271,5459
125,5481
136,5612
423,5744
239,5758
252,5788
188,5910
498,6044
63,6057
139,6093
64,6121
322,6393
314,6693
10,7006

simblock.block.ProofOfWorkBlock@3ab35960:87
189,0
256,536
260,746
219,956
296,1079
125,1205
102,1278
49,1408
474,1493
223,1595
75,1601
349,1628
17,1644
290,1703
177,1732
74,1763
289,1792
23,1846
327,1897
456,1915
169,1926
469,1930
388,1958
117,1973
468,1995
164,2006
380,2034
396,2060
35,2062
32,2091
56,2097
192,2113
139,2116
247,2130
175,2151
174,2163
436,2167
76,2190
497,2202
244,2229
237,2232
159,2243
316,2255
191,2261
87,2285
241,2286
342,2287
180,2295
318,2305
149,2309
285,2350
186,2363
300,2363
154,2368
470,2371
172,2373
249,2377
371,2383
446,2384
152,2386
389,2391
259,2392
268,2396
312,2400
14,2419
47,2420
277,2423
379,2424
491,2433
240,2483
370,2505
493,2506
385,2530
306,2535
429,2547
42,2554
108,2558
132,2560
394,2568
99,2575
278,2575
455,2579
476,2591
460,2593
319,2593
246,2603
131,2611
307,2614
124,2619
130,2623
438,2634
335,2636
147,2640
215,2657
453,2657
218,2660
366,2661
26,2663
346,2681
382,2689
424,2697
416,2697
11,2701
251,2702
463,2717
199,2730
488,2738
262,2739
236,2749
409,2764
167,2784
271,2789
22,2807
50,2813
188,2821
31,2836
281,2842
80,2842
148,2852
168,2874
427,2879
425,2887
248,2888
78,2889
410,2892
234,2892
65,2899
317,2902
295,2910
232,2912
137,2915
334,2920
413,2924
16,2929
310,2938
473,2951
115,2956
123,2957
82,2963
301,2966
479,2975
261,2976
325,2977
496,2978
116,2997
107,3000
146,3005
106,3019
150,3024
486,3026
282,3050
212,3052
114,3054
353,3061
483,3065
293,3078
393,3103
402,3104
21,3108
361,3110
419,3113
15,3114
157,3114
1,3118
156,3121
104,3122
119,3138
490,3140
412,3149
226,3151
201,3157
28,3157
283,3189
347,3195
206,3211
9,3212
198,3215
326,3230
178,3242
423,3252
166,3257
313,3262
141,3268
34,3269
55,3275
397,3286
5,3290
269,3305
400,3308
270,3310
362,3319
341,3329
384,3338
448,3339
332,3345
222,3346
37,3349
472,3350
348,3351
193,3356
492,3356
183,3361
63,3362
89,3366
418,3379
372,3381
224,3384
434,3389
135,3417
59,3423
432,3442
20,3446
145,3459
464,3462
356,3471
392,3472
213,3482
160,3502
322,3513
208,3515
225,3518
274,3536
2,3540
33,3542
83,3560
302,3578
387,3582
58,3583
495,3588
422,3588
239,3591
368,3591
450,3595
292,3599
462,3610
151,3618
98,3644
127,3646
19,3652
43,3663
182,3674
374,3678
173,3682
355,3704
354,3725
129,3728
120,3738
62,3764
337,3769
96,3781
85,3783
69,3783
48,3789
60,3803
314,3804
133,3809
329,3809
357,3811
221,3812
250,3822
461,3826
459,3826
439,3836
466,3858
336,3873
363,3879
242,3884
291,3890
91,3908
144,3938
263,3943
8,3952
457,3954
386,3956
344,3956
454,3962
101,3963
67,3967
217,3977
420,3990
165,3999
52,4003
243,4007
411,4016
229,4023
10,4035
333,4038
308,4051
13,4067
395,4073
70,4093
442,4107
375,4121
138,4165
358,4174
25,4183
365,4191
445,4213
216,4218
489,4224
339,4229
112,4230
97,4239
304,4245
288,4247
390,4269
294,4270
279,4271
155,4290
195,4312
359,4314
352,4318
447,4324
163,4325
27,4325
194,4326
38,4328
30,4354
297,4358
298,4365
328,4368
51,4382
187,4391
276,4403
377,4428
235,4444
408,4450
207,4466
113,4474
39,4521
383,4547
350,4553
452,4563
142,4565
351,4589
254,4597
179,4608
227,4628
481,4631
24,4635
161,4649
162,4679
286,4689
311,4689
345,4695
426,4700
376,4711
381,4717
18,4719
57,4730
433,4747
414,4748
136,4762
431,4771
284,4775
170,4790
467,4793
100,4837
73,4892
257,4895
238,4924
391,4932
205,4952
458,4970
53,4977
498,4990
36,4997
103,5055
280,5057
340,5079
443,5081
482,5087
417,5104
105,5123
185,5124
118,5139
309,5166
405,5208
320,5220
90,5227
252,5241
323,5256
79,5290
338,5316
321,5340
449,5375
46,5402
86,5441
367,5452
110,5467
266,5491
500,5497
12,5501
478,5620
184,5658
428,5683
45,5720
214,5737
253,5813
3,5852
407,5852
499,5866
93,5875
92,5984
61,6046
158,6103
267,6220
373,6228
487,6236
176,6297
211,6347
122,6409
315,6603
471,6715
54,6744
121,6780
210,7093
399,7143
272,7189
77,7460
200,7506
44,7654
72,8104
264,8556
84,9005

simblock.block.ProofOfWorkBlock@66699930:87
238,0
384,358
362,493
291,626
281,710
73,848
318,849
1,852
365,982
292,983
218,990
394,1064
264,1078
465,1118
383,1119
463,1128
31,1133
144,1198
37,1204
6,1210
118,1238
300,1256
429,1257
269,1264
449,1304
19,1334
254,1338
298,1338
54,1344
215,1346
85,1358
301,1359
5,1393
438,1397
97,1427
44,1449
157,1462
166,1468
257,1472
20,1473
325,1475
111,1479
349,1480
21,1480
416,1481
386,1487
132,1492
420,1517
24,1524
347,1530
267,1538
331,1540
251,1551
399,1556
182,1565
339,1566
15,1571
222,1582
179,1583
479,1606
444,1613
192,1613
247,1613
355,1613
280,1620
205,1621
261,1622
209,1625
228,1627
129,1628
240,1630
187,1633
16,1651
94,1662
431,1663
46,1673
113,1674
380,1684
141,1685
370,1689
120,1694
320,1698
480,1699
470,1703
198,1706
338,1707
397,1710
473,1714
323,1715
185,1726
408,1729
212,1730
443,1734
127,1741
273,1747
52,1747
56,1749
75,1756
316,1757
134,1760
270,1761
148,1762
396,1764
266,1765
361,1765
226,1765
478,1767
285,1767
441,1769
14,1770
248,1778
58,1802
160,1803
278,1804
424,1818
42,1823
206,1823
109,1824
26,1828
237,1829
119,1829
262,1831
313,1832
454,1836
451,1836
275,1837
102,1839
121,1840
175,1846
108,1846
317,1846
107,1849
249,1851
294,1854
286,1860
351,1871
326,1881
359,1885
124,1886
177,1890
70,1894
130,1898
235,1898
303,1899
33,1902
186,1902
312,1905
163,1906
136,1908
57,1909
427,1909
101,1921
117,1923
433,1927
161,1931
274,1933
25,1936
216,1938
184,1943
366,1944
162,1944
340,1947
282,1955
59,1957
96,1959
469,1959
436,1962
321,1962
245,1964
268,1966
404,1968
100,1968
74,1971
390,1974
488,1975
168,1978
455,1980
497,1981
422,1982
398,1982
305,1987
385,1988
49,1988
486,1989
352,1991
133,1992
457,1995
415,1999
36,2000
279,2000
135,2001
178,2006
208,2013
306,2013
27,2014
230,2015
329,2017
382,2018
151,2022
13,2022
344,2027
272,2030
403,2032
376,2035
150,2036
86,2037
401,2039
315,2040
77,2044
220,2046
381,2047
471,2049
483,2054
213,2057
154,2058
80,2060
155,2065
356,2067
491,2069
287,2074
482,2075
8,2081
348,2086
236,2088
495,2089
234,2092
72,2092
363,2096
61,2097
83,2100
412,2103
411,2105
241,2105
147,2106
446,2107
39,2109
409,2110
387,2110
367,2112
103,2113
126,2115
500,2120
76,2121
244,2123
137,2131
333,2132
484,2137
35,2152
12,2152
63,2158
65,2160
4,2163
60,2163
82,2170
277,2172
327,2182
224,2182
450,2187
368,2190
255,2194
191,2198
379,2199
442,2201
499,2206
419,2206
123,2207
447,2207
88,2209
91,2215
258,2215
434,2220
204,2226
407,2227
283,2230
22,2239
458,2240
225,2246
32,2248
358,2254
494,2256
468,2259
350,2259
346,2263
425,2272
90,2272
165,2282
40,2287
195,2293
53,2298
389,2301
110,2301
430,2302
176,2305
84,2305
159,2307
169,2308
293,2309
128,2310
62,2315
489,2316
214,2319
432,2326
343,2327
78,2330
289,2338
492,2338
263,2341
93,2342
265,2347
200,2349
311,2362
92,2365
210,2365
460,2367
11,2371
112,2376
197,2381
437,2383
496,2388
435,2389
199,2390
445,2393
375,2404
410,2405
183,2409
170,2411
7,2414
472,2420
106,2421
174,2422
341,2423
319,2423
48,2427
256,2430
290,2432
421,2433
203,2438
18,2442
330,2453
116,2455
87,2462
498,2466
89,2470
307,2470
377,2472
335,2477
180,2483
406,2489
173,2494
67,2497
66,2509
423,2509
158,2513
2,2524
47,2525
17,2528
428,2529
332,2531
487,2532
229,2537
304,2544
190,2552
164,2552
414,2568
253,2568
140,2582
167,2591
418,2599
138,2599
314,2603
231,2604
439,2611
152,2611
194,2616
475,2619
461,2643
202,2645
149,2651
131,2652
337,2662
188,2684
122,2692
485,2704
276,2705
481,2711
146,2713
466,2716
69,2717
324,2726
477,2735
99,2741
328,2751
38,2758
334,2758
29,2760
260,2761
50,2768
71,2785
402,2785
239,2788
490,2801
114,2809
426,2819
374,2826
201,2837
68,2840
452,2843
104,2843
302,2843
459,2845
310,2846
297,2858
189,2862
181,2872
413,2874
271,2875
95,2924
456,2940
55,2976
9,2982
23,2991
115,3007
345,3011
296,3013
98,3019
232,3025
51,3026
388,3032
391,3041
64,3047
243,3056
156,3070
393,3076
357,3078
453,3078
246,3089
342,3089
417,3102
43,3106
142,3131
474,3143
372,3151
28,3205
217,3209
252,3218
353,3251
336,3259
79,3295
153,3296
105,3297
392,3301
211,3304
493,3305
462,3306
219,3307
30,3316
34,3321
171,3322
299,3347
378,3367
400,3405
145,3424
405,3433
464,3469
250,3524
395,3525
448,3535
309,3537
369,3537
3,3544
242,3558
193,3620
172,3620
223,3658
143,3676
476,3762
196,3769
259,3790
125,3798
207,3807
295,3828
288,3858
41,3921
139,3981
373,3992
308,3996
221,4090
284,4099
364,4133
360,4138
233,4218
10,4221
440,4221
322,4284
227,4448
354,4472
45,4484
467,4519
371,4748
81,4819

simblock.block.ProofOfWorkBlock@41631f47:88
234,0
144,350
90,495
52,629
469,704
76,768
42,837
403,847
281,976
431,983
421,984
133,1005
108,1061
74,1111
97,1118
130,1121
355,1123
169,1189
436,1194
165,1198
315,1235
349,1246
149,1258
73,1260
77,1289
268,1328
35,1329
497,1330
385,1332
235,1338
119,1342
287,1365
141,1380
198,1393
446,1394
348,1394
222,1423
48,1463
273,1464
379,1464
309,1466
117,1467
249,1468
2,1471
480,1471
291,1475
245,1476
463,1476
459,1504
88,1513
251,1514
258,1531
123,1540
197,1542
418,1553
191,1556
236,1569
257,1574
136,1595
329,1596
87,1599
326,1599
102,1601
323,1606
269,1608
247,1611
218,1613
338,1614
75,1615
468,1616
151,1617
306,1627
424,1631
155,1658
333,1675
85,1676
109,1677
382,1678
462,1688
187,1689
80,1690
381,1691
356,1692
416,1693
65,1695
112,1699
96,1708
289,1714
332,1719
180,1733
384,1733
192,1737
325,1739
56,1743
5,1746
188,1746
164,1746
362,1749
32,1753
277,1755
6,1757
84,1757
331,1765
321,1765
404,1782
293,1782
57,1783
93,1786
264,1795
280,1807
225,1814
134,1816
305,1820
358,1823
14,1823
316,1824
241,1825
181,1826
396,1827
313,1828
327,1829
224,1829
106,1829
228,1831
20,1832
301,1832
26,1833
238,1846
150,1849
485,1850
203,1852
394,1871
479,1876
387,1876
182,1877
132,1887
298,1887
262,1889
185,1890
450,1891
370,1891
328,1897
483,1897
344,1897
161,1899
302,1906
359,1907
64,1911
430,1917
411,1923
465,1938
170,1942
33,1949
11,1950
383,1951
386,1955
330,1956
415,1956
83,1957
283,1958
147,1960
470,1963
17,1964
36,1964
39,1966
59,1966
111,1966
240,1966
175,1967
435,1970
18,1971
361,1978
162,1978
15,1979
209,1979
101,1981
46,1984
357,1985
388,1985
399,1993
167,1994
409,1995
445,1998
363,2001
255,2003
444,2008
312,2019
37,2023
380,2024
135,2027
82,2035
414,2037
377,2040
410,2047
118,2048
292,2049
317,2052
54,2055
398,2056
121,2056
211,2060
401,2066
159,2073
248,2073
406,2077
440,2093
397,2093
120,2094
177,2098
494,2099
455,2101
49,2102
390,2103
351,2103
486,2104
127,2106
153,2107
279,2111
78,2112
353,2116
300,2118
413,2119
22,2121
347,2125
429,2126
285,2137
438,2143
70,2144
21,2146
168,2146
99,2155
172,2168
489,2171
196,2173
419,2173
434,2175
412,2177
51,2177
427,2182
61,2185
488,2186
103,2189
63,2192
25,2192
186,2192
160,2195
272,2200
8,2201
420,2202
55,2204
336,2204
343,2206
113,2207
339,2217
442,2220
451,2223
266,2228
346,2234
500,2239
237,2239
278,2245
129,2246
128,2247
267,2251
425,2252
342,2252
12,2259
244,2259
125,2261
95,2264
441,2268
200,2276
274,2276
19,2276
482,2278
176,2282
40,2283
210,2287
105,2306
220,2312
308,2314
318,2318
131,2320
163,2327
307,2330
472,2331
126,2334
400,2335
27,2336
190,2338
433,2339
461,2339
207,2340
493,2346
449,2346
369,2355
481,2366
275,2374
179,2377
156,2380
214,2380
492,2386
47,2390
13,2403
276,2411
104,2411
166,2412
1,2413
253,2418
124,2423
4,2425
471,2428
350,2429
154,2438
417,2443
146,2448
376,2450
208,2450
239,2453
477,2456
254,2463
114,2471
158,2474
288,2474
447,2480
195,2481
407,2484
194,2484
432,2486
79,2498
496,2504
498,2505
122,2510
100,2519
53,2521
495,2532
72,2533
365,2536
230,2541
50,2545
139,2547
29,2552
320,2558
378,2563
271,2563
43,2564
458,2569
360,2571
242,2573
310,2573
252,2584
7,2588
265,2592
452,2605
110,2606
178,2609
428,2625
184,2631
201,2639
408,2642
256,2643
499,2644
389,2648
91,2654
94,2669
260,2669
66,2669
464,2670
311,2675
367,2676
216,2680
152,2683
246,2711
226,2712
68,2721
422,2729
89,2730
199,2743
232,2752
215,2752
466,2754
263,2762
205,2768
212,2785
71,2792
231,2802
478,2803
270,2818
223,2819
67,2838
402,2838
137,2850
304,2861
284,2863
24,2865
233,2868
44,2870
92,2872
395,2884
457,2895
204,2899
202,2900
157,2904
295,2945
62,2959
340,2961
405,2971
299,2981
487,2981
372,2989
60,3010
86,3027
448,3030
140,3045
475,3065
490,3076
31,3093
473,3094
261,3102
437,3103
294,3107
115,3119
368,3122
345,3125
69,3140
143,3142
443,3185
16,3200
460,3211
337,3236
173,3256
9,3257
426,3259
250,3279
206,3290
23,3292
58,3321
3,3321
423,3329
116,3332
476,3338
453,3353
319,3360
45,3398
303,3410
282,3428
491,3461
297,3503
213,3515
107,3522
454,3560
98,3561
364,3562
484,3572
38,3621
30,3622
322,3633
243,3643
286,3645
28,3653
41,3665
456,3704
148,3744
467,3754
324,3755
352,3787
393,3798
335,3802
474,3868
171,3882
174,3914
290,3923
391,3934
229,3935
374,3953
296,3973
366,3986
259,3996
81,4009
439,4024
145,4054
183,4083
221,4182
341,4231
392,4249
189,4253
138,4278
193,4279
314,4303
227,4392
373,4484
375,4523
371,4553
34,4584
219,4592
142,4603
354,4752
217,4870
10,4884
334,4892

simblock.block.ProofOfWorkBlock@412852b8:89
286,0
392,284
453,393
22,497
27,565
7,606
475,670
127,678
401,714
445,787
426,794
415,809
85,818
161,845
211,887
266,892
105,908
377,916
203,922
53,957
337,959
202,963
61,992
91,995
86,1000
428,1014
39,1034
399,1065
140,1066
157,1069
328,1075
419,1085
348,1098
430,1100
333,1105
24,1106
387,1106
51,1124
62,1125
369,1139
439,1167
167,1170
57,1170
129,1173
338,1185
184,1189
185,1191
84,1198
63,1203
31,1205
302,1206
44,1213
58,1215
60,1229
278,1235
94,1239
274,1242
233,1243
135,1252
204,1257
458,1272
406,1276
499,1277
414,1278
116,1280
270,1281
448,1294
253,1297
95,1302
70,1304
352,1307
440,1308
368,1315
482,1317
412,1320
340,1327
492,1337
303,1338
460,1345
472,1347
493,1348
343,1348
3,1350
107,1351
450,1353
89,1355
218,1359
310,1361
466,1362
72,1366
16,1373
239,1376
282,1384
432,1386
346,1387
133,1388
420,1390
287,1390
136,1391
491,1395
447,1399
410,1404
373,1405
307,1405
477,1410
321,1413
92,1416
156,1416
487,1422
103,1435
148,1435
316,1439
437,1442
13,1444
422,1448
121,1450
408,1452
8,1452
230,1453
261,1453
454,1455
1,1456
29,1458
275,1462
305,1467
488,1471
194,1471
93,1471
407,1474
118,1476
64,1478
311,1482
345,1484
308,1488
18,1491
12,1493
214,1493
153,1494
206,1494
484,1495
190,1497
100,1500
176,1503
77,1504
306,1506
457,1506
294,1511
320,1511
489,1516
389,1517
155,1520
356,1521
267,1525
405,1527
196,1536
293,1539
231,1542
220,1545
315,1548
186,1549
449,1554
162,1556
304,1556
393,1559
188,1559
250,1560
490,1561
208,1561
451,1562
473,1569
336,1572
332,1573
248,1576
212,1576
463,1576
413,1577
272,1577
168,1584
330,1585
170,1586
339,1587
28,1589
485,1594
363,1595
21,1596
496,1596
494,1597
82,1598
425,1599
164,1601
210,1603
483,1604
236,1608
344,1615
160,1621
471,1622
329,1623
213,1626
417,1630
441,1635
409,1643
292,1645
476,1649
110,1652
88,1655
470,1657
443,1658
427,1664
180,1665
255,1665
182,1665
163,1665
459,1669
158,1669
25,1679
143,1681
201,1682
500,1685
350,1688
40,1690
128,1691
54,1694
279,1694
351,1699
366,1705
179,1706
312,1708
264,1710
36,1712
319,1725
154,1729
244,1730
5,1732
15,1732
124,1741
396,1744
283,1748
26,1751
199,1756
324,1766
159,1768
149,1770
357,1774
66,1783
166,1790
130,1794
117,1795
137,1797
455,1798
347,1800
76,1806
402,1811
277,1812
122,1814
205,1815
478,1816
309,1818
301,1827
342,1828
416,1828
20,1830
376,1834
382,1834
200,1834
353,1836
224,1836
147,1841
55,1849
33,1854
144,1859
6,1874
429,1875
291,1877
106,1881
75,1883
114,1884
249,1885
424,1886
325,1890
486,1901
37,1905
300,1909
181,1909
17,1911
247,1911
238,1916
431,1916
178,1917
216,1919
262,1920
132,1925
273,1929
226,1930
48,1932
379,1935
90,1938
228,1939
4,1940
386,1943
113,1949
169,1951
433,1954
280,1955
19,1962
355,1977
411,1986
370,1994
235,2004
87,2011
469,2013
131,2015
14,2016
385,2018
209,2031
74,2032
435,2032
442,2040
187,2045
78,2048
150,2052
395,2054
404,2064
367,2065
108,2075
251,2085
134,2086
38,2087
138,2087
464,2092
323,2093
198,2095
495,2100
361,2101
83,2102
23,2102
335,2102
225,2106
120,2107
237,2110
418,2123
43,2126
390,2127
285,2127
383,2135
284,2145
462,2154
126,2155
394,2157
444,2158
102,2159
252,2163
388,2165
400,2165
378,2172
97,2173
436,2176
268,2177
73,2180
362,2191
125,2200
223,2205
142,2215
341,2216
151,2222
111,2239
177,2249
41,2250
242,2252
67,2256
398,2264
327,2267
197,2272
257,2272
245,2284
364,2293
452,2309
175,2312
189,2316
254,2324
313,2324
246,2326
384,2342
96,2344
11,2344
79,2349
139,2353
152,2353
34,2363
146,2367
115,2368
456,2368
65,2377
50,2378
381,2380
243,2382
359,2391
331,2396
326,2400
240,2405
265,2425
171,2427
68,2433
263,2438
165,2441
354,2448
46,2460
112,2474
297,2475
479,2482
59,2491
42,2493
421,2502
99,2512
232,2513
461,2527
215,2539
468,2562
446,2564
397,2568
371,2589
69,2592
269,2599
9,2601
365,2611
35,2616
109,2618
318,2619
81,2649
465,2659
260,2661
174,2674
2,2696
47,2701
358,2715
497,2715
193,2724
423,2747
56,2761
141,2779
101,2789
317,2792
183,2815
229,2817
434,2818
256,2835
192,2840
80,2844
49,2886
173,2904
191,2925
258,2935
498,2937
298,2939
207,2941
290,2953
123,2999
222,3010
281,3035
374,3044
241,3059
172,3060
391,3079
30,3098
349,3104
32,3145
52,3158
10,3161
288,3176
334,3182
289,3218
403,3239
438,3257
219,3273
480,3280
195,3375
119,3437
259,3443
380,3457
299,3480
271,3493
234,3502
98,3504
227,3508
145,3589
221,3612
322,3706
45,3788
217,3824
71,3827
375,3846
104,3850
474,3921
296,4050
314,4155
295,4175
360,4183
467,4216
276,4252
481,4380
372,4644

simblock.block.ProofOfWorkBlock@3803e5d0:89
416,0
5,359
383,494
197,627
431,714
35,763
326,845
65,855
497,896
20,978
382,989
52,1005
218,1032
15,1118
151,1122
384,1124
166,1140
327,1201
270,1205
388,1218
468,1251
281,1260
370,1260
387,1262
280,1262
119,1332
46,1335
87,1352
234,1359
24,1366
209,1383
111,1387
268,1395
403,1396
14,1400
264,1431
141,1469
101,1471
331,1475
220,1478
339,1494
421,1498
225,1500
169,1520
215,1525
90,1529
359,1532
379,1536
102,1556
420,1561
417,1583
368,1603
80,1607
411,1612
249,1614
292,1615
19,1617
17,1619
393,1620
301,1625
404,1637
130,1642
323,1656
149,1659
352,1660
56,1667
277,1674
112,1692
407,1699
106,1701
76,1716
325,1722
147,1723
340,1728
228,1741
342,1745
358,1748
238,1748
269,1753
273,1759
285,1761
42,1762
177,1765
429,1766
2,1771
446,1778
486,1794
444,1795
6,1802
477,1803
433,1809
291,1815
175,1822
59,1829
236,1830
355,1833
385,1835
490,1837
308,1853
74,1855
313,1856
245,1874
123,1875
495,1878
464,1879
397,1879
61,1881
244,1887
126,1889
251,1889
438,1892
198,1898
97,1901
47,1905
241,1906
318,1907
436,1911
146,1912
381,1931
240,1932
188,1935
235,1948
109,1956
317,1964
211,1965
26,1975
465,1976
346,1984
107,1985
49,1989
48,1997
361,1998
202,1998
131,2013
395,2020
258,2022
37,2024
165,2026
491,2029
449,2030
25,2030
329,2032
306,2036
298,2040
300,2040
257,2044
304,2050
380,2052
39,2054
469,2065
122,2070
93,2079
278,2096
222,2101
73,2102
78,2104
75,2111
488,2111
424,2111
117,2112
150,2116
307,2116
60,2117
462,2131
374,2132
294,2133
434,2134
181,2141
311,2144
83,2156
267,2158
103,2161
351,2167
365,2169
394,2169
305,2169
354,2171
153,2172
289,2174
143,2175
138,2184
237,2185
353,2194
500,2199
206,2212
349,2216
489,2226
480,2236
426,2239
376,2243
191,2245
460,2246
134,2247
33,2251
113,2252
247,2253
155,2258
255,2265
453,2268
132,2268
3,2268
57,2270
287,2282
475,2282
400,2284
409,2284
435,2284
415,2296
144,2302
108,2303
140,2308
338,2310
183,2312
203,2328
479,2329
88,2329
350,2331
272,2333
362,2333
224,2335
319,2339
496,2339
66,2342
330,2343
455,2352
159,2356
337,2360
1,2361
408,2373
54,2387
51,2388
18,2395
135,2396
96,2398
418,2401
471,2404
208,2404
7,2406
485,2411
29,2413
265,2425
457,2426
442,2426
432,2428
315,2438
204,2458
261,2461
173,2462
398,2466
487,2468
195,2470
410,2473
160,2473
162,2478
98,2483
470,2489
445,2490
483,2495
58,2496
422,2497
136,2499
419,2509
253,2510
180,2522
8,2527
254,2530
118,2530
439,2531
186,2534
344,2539
458,2548
414,2555
275,2558
466,2560
312,2562
31,2565
262,2565
463,2568
425,2570
4,2575
120,2585
210,2589
332,2591
62,2600
193,2602
481,2613
473,2614
286,2621
129,2623
82,2624
63,2629
396,2631
145,2633
367,2636
127,2637
94,2639
405,2644
217,2648
430,2663
72,2670
412,2679
467,2679
321,2679
200,2692
161,2693
128,2695
492,2705
154,2712
266,2720
399,2722
91,2723
182,2723
369,2724
44,2741
437,2756
482,2758
163,2759
373,2762
205,2762
171,2768
84,2777
423,2779
459,2781
450,2787
152,2789
21,2791
40,2794
16,2796
333,2796
413,2805
43,2806
283,2817
148,2826
239,2846
248,2855
472,2857
199,2857
157,2867
328,2888
324,2890
99,2892
296,2903
185,2908
71,2946
348,2949
484,2949
427,2954
499,2974
375,2975
250,2982
121,2987
441,2988
233,2988
212,2992
335,2995
184,3009
89,3010
179,3018
92,3020
9,3021
454,3047
293,3052
124,3074
364,3076
356,3089
357,3097
34,3105
221,3107
95,3117
366,3118
271,3124
256,3163
231,3176
213,3180
216,3180
69,3187
156,3208
201,3214
230,3216
12,3219
32,3224
279,3236
77,3244
178,3245
100,3250
229,3267
172,3275
297,3279
190,3317
451,3321
343,3322
493,3323
360,3326
402,3349
28,3351
79,3352
474,3394
371,3412
440,3413
386,3413
282,3415
105,3433
309,3440
274,3461
207,3463
64,3472
158,3478
125,3499
114,3530
448,3544
110,3547
320,3549
243,3564
137,3584
133,3590
41,3590
27,3621
38,3633
196,3639
70,3645
55,3651
302,3658
392,3667
53,3687
170,3697
86,3703
336,3771
167,3772
290,3776
116,3778
390,3787
23,3803
226,3813
115,3857
310,3864
214,3878
36,3881
164,3889
232,3891
334,3891
85,3895
476,3908
461,3945
45,4028
223,4032
168,4062
295,4065
30,4077
50,4105
389,4105
252,4109
428,4119
68,4163
478,4163
498,4183
219,4191
284,4192
13,4201
67,4245
11,4268
259,4296
81,4328
401,4329
194,4344
242,4370
341,4379
10,4409
322,4410
378,4494
142,4599
174,4609
456,4645
443,4673
288,4686
139,4711
189,4714
276,4798
314,5016
263,5018
227,5324

simblock.block.ProofOfWorkBlock@34c1eab7:90
396,0
46,370
429,513
497,661
291,722
182,796
280,866
384,870
362,999
326,1012
323,1015
262,1023
218,1079
394,1158
455,1159
347,1213
301,1222
439,1224
318,1236
211,1239
368,1248
97,1292
468,1294
282,1301
431,1349
73,1350
35,1356
327,1365
300,1370
257,1370
44,1411
111,1430
480,1432
444,1433
485,1455
500,1465
8,1473
438,1484
465,1489
237,1493
121,1503
281,1504
285,1504
74,1506
11,1512
127,1515
103,1522
205,1527
215,1569
49,1570
6,1571
353,1580
419,1581
137,1614
463,1619
180,1620
149,1628
408,1631
352,1633
365,1635
37,1637
292,1638
483,1638
147,1639
56,1642
130,1648
244,1653
458,1688
457,1693
294,1694
88,1695
194,1701
240,1704
52,1704
298,1708
381,1709
495,1714
304,1723
14,1724
31,1725
192,1727
26,1728
109,1734
235,1734
93,1739
7,1740
449,1753
471,1755
238,1762
5,1772
258,1775
17,1782
123,1784
273,1784
358,1785
118,1785
83,1786
434,1786
164,1794
321,1801
450,1812
170,1830
459,1832
24,1835
247,1837
209,1838
470,1843
405,1847
332,1848
479,1849
131,1849
120,1855
16,1855
134,1855
348,1856
499,1860
487,1861
12,1862
75,1865
268,1867
144,1868
420,1869
150,1870
376,1870
166,1871
473,1874
490,1875
3,1876
117,1878
307,1891
61,1895
269,1896
432,1902
1,1907
383,1910
278,1912
415,1914
90,1914
22,1914
385,1917
488,1917
191,1919
212,1921
108,1922
91,1924
198,1925
228,1926
165,1927
342,1928
132,1928
410,1935
303,1936
95,1940
351,1945
59,1950
156,1951
94,1960
163,1967
72,1972
443,1972
162,1976
430,1978
316,1984
76,1987
19,1988
486,1993
58,1993
254,1994
361,1995
442,1997
222,1999
102,2001
325,2002
329,2004
168,2005
277,2009
491,2013
13,2014
275,2016
28,2020
433,2020
85,2021
27,2025
380,2028
129,2030
128,2035
203,2043
331,2045
366,2053
87,2053
126,2056
421,2057
411,2060
447,2062
344,2062
245,2067
175,2068
313,2069
141,2070
441,2071
370,2072
414,2074
437,2074
398,2078
389,2079
264,2081
233,2081
135,2084
390,2088
251,2093
412,2096
213,2097
51,2102
350,2103
445,2107
355,2119
82,2119
230,2120
133,2120
64,2122
469,2129
25,2131
54,2134
402,2138
107,2139
363,2141
418,2141
53,2142
328,2143
249,2144
336,2150
451,2150
186,2151
409,2154
20,2159
333,2167
2,2170
330,2175
42,2178
407,2185
47,2186
234,2198
248,2202
424,2207
199,2207
29,2216
206,2220
96,2220
272,2220
401,2227
476,2230
387,2235
241,2237
343,2237
178,2242
349,2265
388,2267
136,2272
188,2273
413,2275
181,2275
494,2279
220,2281
253,2282
317,2282
122,2289
154,2291
226,2292
161,2296
478,2299
124,2301
113,2302
446,2303
315,2309
229,2310
489,2311
140,2321
101,2325
477,2325
346,2327
80,2332
425,2333
373,2335
464,2338
337,2339
66,2342
305,2347
114,2356
359,2358
210,2361
404,2361
460,2371
224,2371
174,2372
406,2376
440,2376
293,2377
63,2382
204,2383
177,2389
84,2394
403,2397
169,2399
89,2417
187,2419
496,2429
155,2432
50,2435
454,2446
100,2450
57,2456
279,2462
367,2462
297,2468
382,2472
393,2473
461,2473
423,2477
452,2485
65,2486
196,2501
265,2505
216,2525
399,2532
48,2533
190,2534
416,2534
345,2536
287,2538
435,2542
78,2546
274,2551
397,2554
255,2560
357,2562
395,2565
86,2566
428,2571
145,2579
159,2581
138,2589
217,2590
167,2597
99,2600
158,2603
32,2603
422,2604
377,2606
289,2607
379,2615
314,2619
492,2620
34,2621
68,2635
23,2650
139,2662
69,2671
474,2682
392,2682
33,2688
360,2688
110,2689
77,2689
173,2706
308,2732
30,2735
4,2751
378,2755
276,2759
493,2759
302,2761
239,2762
475,2767
417,2767
105,2769
62,2777
179,2779
171,2784
427,2785
146,2785
338,2787
283,2794
119,2802
153,2823
106,2826
354,2832
324,2839
340,2840
197,2841
18,2841
184,2847
371,2872
391,2903
400,2906
185,2915
208,2917
374,2943
299,2949
453,2963
334,2965
183,2969
98,2971
482,2982
320,2984
43,2985
286,2989
39,2989
21,2994
466,2996
271,3005
311,3013
214,3015
60,3016
250,3018
375,3026
207,3028
40,3034
15,3045
448,3055
151,3070
386,3072
125,3097
67,3134
36,3141
172,3145
157,3147
152,3150
310,3201
312,3209
356,3212
309,3222
236,3223
200,3231
148,3240
231,3250
70,3257
112,3272
322,3275
426,3282
260,3287
436,3297
284,3317
223,3329
9,3339
372,3361
143,3384
176,3384
10,3402
484,3432
472,3438
267,3451
202,3460
270,3465
256,3467
160,3478
266,3485
462,3501
369,3509
225,3518
115,3519
195,3605
319,3611
252,3631
45,3637
193,3645
92,3662
116,3666
261,3696
55,3696
242,3701
306,3710
288,3752
232,3770
189,3784
221,3810
219,3819
38,3831
246,3848
41,3911
259,3920
243,3936
456,3940
339,3941
296,3947
104,3948
467,3954
79,3997
263,3998
227,4088
201,4167
71,4183
364,4215
142,4221
481,4238
81,4255
498,4300
335,4314
290,4477
341,4789
295,5087

simblock.block.ProofOfWorkBlock@30c0943d:91
13,0
304,285
203,393
311,500
366,566
409,606
473,672
428,673
261,710
324,781
84,791
449,803
62,821
477,846
155,885
204,886
439,895
309,908
387,927
202,951
453,952
345,956
129,989
490,991
482,994
485,1000
286,1013
226,1032
427,1056
328,1061
168,1071
78,1087
196,1091
153,1094
332,1095
437,1098
435,1099
236,1101
448,1106
412,1117
51,1126
283,1164
450,1164
135,1166
278,1168
164,1178
344,1185
274,1189
306,1192
21,1196
393,1203
336,1205
180,1207
310,1208
53,1222
487,1232
417,1232
201,1234
368,1236
186,1251
149,1255
205,1269
294,1270
107,1270
28,1272
148,1274
346,1275
305,1279
213,1283
194,1284
22,1293
16,1294
95,1297
158,1300
82,1300
156,1312
7,1313
88,1315
333,1321
58,1329
65,1331
124,1336
18,1337
127,1338
176,1341
471,1342
407,1353
63,1355
185,1372
302,1374
25,1374
208,1376
253,1377
267,1377
440,1378
200,1378
161,1380
160,1381
36,1385
233,1390
282,1393
72,1395
401,1398
478,1399
451,1400
489,1403
137,1404
500,1406
386,1407
100,1409
31,1416
110,1418
113,1426
154,1431
443,1436
102,1438
357,1441
40,1441
105,1447
348,1451
184,1454
476,1457
432,1464
321,1465
460,1469
231,1479
493,1480
457,1481
55,1482
86,1482
307,1484
496,1484
442,1485
163,1485
430,1486
272,1490
420,1490
136,1492
273,1496
66,1496
315,1501
454,1503
157,1504
264,1506
491,1510
239,1510
24,1510
373,1512
57,1512
188,1512
339,1514
27,1521
61,1522
287,1524
483,1530
399,1531
352,1545
447,1545
54,1549
488,1554
192,1557
338,1561
445,1562
167,1563
224,1563
441,1569
89,1572
405,1575
266,1576
143,1585
270,1585
122,1587
93,1587
275,1589
248,1589
140,1591
230,1594
433,1595
389,1597
216,1599
356,1600
70,1608
211,1616
408,1617
179,1618
92,1618
350,1618
415,1620
413,1626
369,1627
121,1627
94,1629
44,1633
199,1634
463,1634
190,1637
39,1638
29,1650
112,1654
178,1654
426,1658
355,1658
106,1661
60,1663
340,1664
458,1666
475,1671
494,1674
210,1677
214,1677
402,1681
499,1689
351,1689
293,1692
8,1693
406,1694
162,1694
77,1695
87,1698
308,1699
4,1699
240,1702
175,1704
343,1714
11,1714
425,1715
83,1717
279,1721
421,1722
422,1725
337,1725
320,1726
466,1727
329,1730
459,1732
170,1735
133,1736
472,1737
91,1742
209,1751
206,1753
300,1754
484,1757
312,1758
367,1760
492,1768
245,1769
464,1777
319,1777
313,1779
414,1781
177,1785
116,1798
225,1799
303,1800
47,1814
117,1815
363,1820
17,1821
52,1822
128,1823
147,1829
81,1829
419,1830
118,1838
410,1839
35,1841
252,1842
85,1843
388,1843
218,1852
73,1857
392,1859
436,1861
250,1865
398,1875
365,1879
1,1886
141,1886
126,1894
469,1894
326,1906
241,1907
301,1915
467,1917
46,1920
292,1920
317,1922
144,1923
377,1926
244,1927
480,1929
269,1939
358,1939
56,1941
132,1946
220,1948
255,1949
291,1954
349,1959
12,1963
166,1969
376,1973
228,1974
74,1975
20,1975
6,1977
280,1984
131,1989
30,1991
37,1997
182,1999
424,2002
48,2002
59,2005
390,2017
80,2019
197,2021
254,2031
108,2039
318,2039
330,2053
444,2055
134,2058
378,2061
64,2068
434,2078
71,2079
479,2082
361,2087
290,2089
114,2093
397,2097
251,2099
418,2105
3,2114
247,2117
462,2123
497,2129
370,2131
385,2135
383,2136
452,2139
470,2140
257,2145
246,2147
396,2150
138,2155
221,2162
455,2166
446,2170
171,2172
262,2173
360,2174
79,2181
191,2188
33,2195
249,2202
284,2212
97,2217
325,2217
104,2218
165,2218
431,2225
34,2232
237,2235
353,2237
15,2256
142,2258
288,2268
258,2274
486,2275
481,2276
382,2278
9,2280
103,2291
468,2296
146,2303
115,2303
265,2305
416,2307
98,2307
222,2315
123,2324
69,2328
296,2332
19,2342
111,2354
5,2363
359,2368
354,2369
174,2373
281,2383
120,2406
298,2414
32,2426
10,2427
438,2435
26,2435
212,2450
323,2453
139,2492
75,2493
183,2496
381,2497
68,2503
411,2518
181,2532
101,2533
289,2542
189,2550
90,2574
395,2575
495,2581
67,2588
215,2591
331,2607
341,2615
14,2631
232,2633
119,2643
2,2663
277,2668
207,2672
159,2677
404,2717
342,2742
43,2743
187,2752
285,2757
384,2763
371,2766
347,2794
169,2804
151,2815
429,2827
229,2828
23,2831
334,2836
198,2851
172,2880
130,2883
465,2885
276,2909
195,2920
96,2936
403,2959
327,2970
41,3004
263,3021
380,3027
76,3039
243,3041
238,3083
150,3103
234,3103
335,3107
45,3109
364,3127
394,3159
314,3163
242,3165
152,3212
375,3228
316,3246
400,3252
125,3257
456,3295
227,3303
379,3324
193,3370
50,3415
109,3464
461,3474
271,3497
295,3499
374,3500
299,3501
235,3545
99,3604
297,3618
372,3684
498,3700
219,3745
49,3765
474,3796
260,3835
145,3849
362,3985
322,4034
256,4127
259,4196
268,4215
223,4387
42,4436
217,4459
173,4584
423,4789
391,5130
38,5473

simblock.block.ProofOfWorkBlock@44cdcf24:92
126,0
111,354
285,487
240,621
258,708
33,836
56,842
294,847
317,970
218,975
497,975
76,1065
402,1072
150,1104
268,1114
108,1114
16,1129
132,1197
177,1205
97,1210
339,1233
323,1239
365,1248
495,1252
494,1299
47,1325
291,1327
455,1330
300,1338
443,1342
331,1346
348,1358
468,1374
257,1387
166,1387
107,1415
234,1426
167,1448
436,1460
149,1462
381,1463
470,1464
42,1465
184,1468
80,1474
413,1475
301,1479
109,1479
153,1515
161,1519
411,1522
358,1525
210,1547
130,1552
185,1554
198,1562
90,1569
262,1579
237,1580
477,1581
479,1596
37,1597
277,1597
209,1600
362,1602
396,1602
143,1605
65,1606
181,1609
244,1613
397,1615
245,1616
205,1620
406,1622
85,1624
133,1654
261,1659
273,1660
46,1681
434,1682
370,1686
422,1687
230,1687
380,1688
376,1691
233,1696
355,1698
182,1708
384,1720
101,1724
264,1727
412,1728
203,1728
249,1729
309,1735
225,1737
169,1737
431,1742
215,1743
465,1744
191,1746
66,1748
5,1750
399,1753
319,1755
254,1760
52,1787
447,1792
466,1799
315,1801
71,1801
388,1815
238,1816
280,1820
492,1820
102,1820
35,1820
379,1825
128,1825
75,1827
157,1833
113,1834
329,1836
338,1836
8,1836
58,1836
368,1837
283,1839
220,1841
6,1842
278,1844
15,1847
19,1855
17,1857
328,1858
176,1861
282,1862
63,1867
40,1868
444,1877
446,1877
469,1878
281,1881
327,1881
222,1885
462,1885
214,1887
445,1897
54,1900
204,1907
18,1907
117,1910
200,1916
32,1923
487,1924
403,1925
21,1926
303,1930
389,1935
163,1945
77,1947
269,1952
62,1955
292,1955
289,1956
228,1957
119,1957
398,1959
64,1960
158,1963
424,1963
464,1964
131,1965
429,1966
180,1967
427,1971
213,1973
48,1974
168,1975
120,1976
272,1981
112,1986
307,1990
298,1990
235,1991
87,1992
392,1995
417,1998
129,2004
94,2011
73,2013
241,2015
349,2016
26,2021
425,2021
489,2022
324,2022
255,2029
57,2042
442,2046
175,2048
110,2053
343,2055
386,2057
20,2057
451,2061
88,2063
127,2065
39,2067
459,2069
92,2071
318,2071
383,2077
405,2086
313,2091
243,2092
394,2094
86,2094
13,2094
59,2095
164,2101
192,2102
438,2103
178,2103
134,2104
421,2104
342,2106
170,2111
366,2113
478,2116
211,2120
363,2120
279,2121
432,2124
353,2126
419,2142
404,2149
416,2152
499,2153
84,2154
480,2159
160,2162
140,2164
248,2168
351,2175
74,2176
247,2179
12,2183
321,2184
123,2187
91,2189
418,2190
310,2191
4,2193
212,2193
435,2198
340,2198
136,2202
496,2204
275,2207
151,2208
83,2209
458,2210
105,2216
293,2218
326,2221
147,2238
433,2239
347,2240
359,2241
410,2242
382,2243
61,2245
267,2245
390,2251
414,2253
70,2280
194,2283
31,2289
199,2290
486,2292
82,2297
373,2298
186,2299
197,2302
400,2303
14,2311
500,2320
387,2321
415,2322
266,2327
409,2329
346,2331
460,2332
3,2334
154,2335
206,2341
401,2345
27,2347
121,2348
437,2353
308,2356
22,2360
96,2363
316,2369
103,2376
463,2376
287,2380
350,2384
156,2389
367,2390
7,2392
106,2403
100,2404
141,2411
24,2415
263,2417
476,2420
1,2421
89,2425
224,2426
428,2427
49,2429
457,2434
325,2436
357,2437
104,2447
453,2447
217,2458
361,2469
188,2472
286,2472
375,2473
68,2486
377,2496
341,2497
491,2501
430,2507
364,2509
352,2514
172,2515
135,2515
454,2523
393,2529
439,2531
481,2544
115,2545
360,2548
490,2548
475,2548
122,2554
162,2559
473,2565
155,2571
482,2574
201,2579
484,2581
335,2582
276,2584
45,2587
99,2588
189,2600
333,2601
456,2623
407,2626
165,2631
354,2636
250,2637
41,2642
125,2643
30,2647
420,2648
246,2652
251,2653
55,2658
53,2662
471,2663
208,2675
216,2680
493,2688
448,2698
260,2710
474,2720
171,2731
488,2742
449,2753
226,2755
174,2765
395,2766
330,2775
337,2777
145,2778
306,2782
304,2793
25,2801
44,2805
256,2822
369,2834
187,2851
372,2857
43,2865
270,2865
114,2872
483,2875
152,2881
265,2886
299,2892
332,2904
408,2906
79,2916
472,2923
124,2924
69,2936
67,2936
271,2946
391,2955
138,2959
312,2968
231,2981
440,2984
485,3007
302,3012
334,3020
72,3026
344,3027
253,3040
50,3065
385,3074
193,3083
144,3096
196,3103
498,3111
345,3117
207,3126
426,3130
221,3136
311,3137
336,3154
356,3155
202,3200
320,3210
461,3210
95,3212
284,3248
423,3255
314,3261
146,3281
118,3285
229,3307
159,3315
10,3325
78,3329
290,3335
179,3347
450,3365
296,3387
236,3387
116,3388
371,3407
29,3438
36,3440
378,3500
274,3513
11,3543
148,3586
227,3588
9,3606
190,3616
195,3636
223,3648
137,3664
288,3667
60,3682
441,3738
2,3761
173,3795
38,3805
51,3852
28,3890
374,3892
232,3893
305,3908
142,3957
322,3967
93,3968
239,4094
252,4097
259,4162
139,4191
23,4269
297,4269
295,4405
183,4452
467,4560
34,4572
81,4715
219,4754
98,4880
242,5017
452,5055

simblock.block.ProofOfWorkBlock@787c0185:92
74,0
144,350
35,487
102,620
251,707
394,755
349,852
19,889
469,987
192,1022
358,1059
234,1122
117,1159
277,1194
141,1261
97,1329
36,1390
42,1394
134,1465
281,1528
403,1601
63,1616
321,1669
37,1735
402,1771
127,1792
389,1849
479,1879
491,1898
417,1999
448,2007
124,2087
93,2107
306,2135
319,2229
412,2241
29,2346
433,2347
295,2379
419,2387
12,2453
204,2455
368,2492
210,2557
216,2581
282,2598
343,2681
221,2700
86,2707
49,2782
224,2806
148,2812
164,2919
239,2936
109,3003
9,3004
231,3032
392,3043
94,3152
415,3153
238,3223
28,3258
329,3277
354,3286
322,3305
490,3371
345,3377
301,3444
51,3477
348,3583
18,3603
11,3644
376,3664
382,3800
169,3884
193,3903
464,4008
111,4017
33,4110
10,4209
446,4253
292,4371
207,4441
361,4471
41,4510
218,4736
219,4782
296,4810
374,4810
359,5098
34,5109
378,5133
456,5144
182,5462
45,5504
397,5827
420,6297
337,6772
453,7239
161,7717
185,8187
320,8657
266,9127
443,9604

simblock.block.ProofOfWorkBlock@397a4505:93
291,0
347,900
46,1033
238,1190
394,1252
438,1324
292,1388
396,1393
269,1462
326,1530
353,1535
362,1557
218,1595
331,1608
384,1669
247,1682
431,1731
301,1740
497,1747
358,1751
8,1767
228,1812
449,1818
134,1826
463,1866
187,1878
327,1879
429,1882
59,1889
281,1894
184,1910
73,1913
130,1948
355,1959
361,1961
485,1993
14,2013
383,2027
300,2029
277,2029
182,2030
17,2037
441,2045
163,2049
365,2050
465,2082
268,2087
317,2091
56,2092
333,2095
469,2096
179,2101
117,2103
368,2115
340,2142
122,2154
83,2162
318,2162
329,2169
97,2170
192,2186
230,2190
57,2192
403,2218
4,2220
90,2222
316,2223
120,2225
19,2232
102,2235
203,2237
49,2237
244,2245
188,2248
166,2248
477,2253
479,2259
185,2262
191,2263
52,2269
82,2276
267,2278
315,2289
5,2299
480,2304
101,2307
380,2308
424,2313
307,2314
273,2323
131,2323
270,2325
39,2327
210,2328
28,2336
84,2341
58,2344
151,2356
280,2362
235,2368
468,2372
37,2372
386,2378
385,2379
63,2381
86,2382
35,2384
31,2389
495,2391
345,2394
119,2394
112,2396
177,2397
20,2401
254,2402
231,2410
328,2419
350,2424
445,2429
7,2437
65,2439
459,2441
489,2443
32,2447
109,2449
147,2450
411,2451
482,2453
76,2454
108,2454
320,2456
404,2457
462,2462
337,2471
407,2475
408,2478
70,2487
6,2499
473,2501
323,2507
94,2508
264,2509
490,2509
75,2513
499,2517
278,2525
377,2527
257,2527
418,2528
460,2535
401,2536
412,2538
285,2538
310,2540
212,2542
13,2544
144,2544
294,2545
447,2548
168,2552
435,2557
390,2562
204,2562
194,2567
2,2570
153,2573
234,2576
402,2577
42,2579
74,2584
47,2585
157,2586
27,2587
88,2590
87,2598
359,2598
305,2600
500,2603
159,2611
128,2611
241,2611
105,2613
398,2615
165,2617
103,2620
421,2622
164,2623
53,2624
425,2625
352,2630
498,2634
33,2636
351,2642
111,2647
370,2651
248,2652
3,2654
406,2657
251,2661
346,2662
44,2662
15,2665
26,2665
433,2667
78,2668
442,2668
393,2670
494,2674
150,2674
12,2675
312,2680
409,2681
181,2683
488,2685
135,2685
72,2698
107,2700
95,2704
388,2709
454,2711
266,2712
419,2718
132,2719
450,2722
48,2723
133,2726
366,2728
436,2732
405,2735
363,2737
11,2737
1,2738
487,2738
342,2740
237,2745
258,2749
415,2754
491,2757
382,2765
92,2766
118,2767
233,2772
249,2774
141,2776
155,2777
261,2779
149,2785
349,2787
245,2795
80,2796
426,2800
106,2803
21,2804
492,2804
25,2806
250,2810
110,2813
40,2813
321,2816
338,2821
430,2825
91,2830
66,2831
446,2832
439,2841
29,2843
225,2848
302,2849
137,2851
311,2852
313,2852
496,2854
324,2857
114,2860
89,2863
22,2864
379,2867
161,2872
55,2880
290,2881
195,2885
376,2889
127,2895
260,2895
129,2897
170,2899
85,2900
54,2903
61,2903
417,2909
96,2909
414,2910
99,2910
397,2911
451,2912
205,2918
455,2922
240,2925
428,2938
214,2939
330,2940
123,2942
200,2946
126,2954
275,2955
16,2961
158,2962
246,2963
36,2967
289,2967
174,2981
458,2982
67,2985
348,2989
308,2998
201,3000
464,3025
24,3027
262,3033
344,3034
64,3036
100,3038
387,3039
193,3041
367,3042
148,3042
298,3046
220,3049
422,3056
169,3058
416,3059
253,3066
434,3069
60,3072
206,3076
154,3077
287,3081
314,3083
121,3085
274,3091
207,3096
224,3096
198,3106
229,3109
375,3119
71,3120
304,3122
113,3122
484,3128
226,3129
222,3130
457,3142
202,3142
93,3144
23,3156
474,3162
335,3163
279,3167
282,3167
175,3173
325,3179
209,3192
470,3193
116,3198
391,3209
271,3211
145,3226
136,3226
173,3230
373,3231
378,3238
461,3242
160,3264
410,3264
369,3268
140,3268
343,3268
322,3272
38,3276
293,3282
77,3283
452,3287
276,3292
104,3293
197,3298
162,3305
471,3305
360,3309
199,3323
381,3326
215,3331
392,3347
399,3348
443,3357
413,3369
18,3371
50,3378
171,3381
297,3384
68,3384
478,3385
427,3400
319,3418
354,3419
299,3425
283,3430
183,3437
453,3455
79,3458
284,3461
444,3464
476,3465
486,3469
448,3494
208,3494
156,3495
223,3536
125,3538
152,3564
43,3574
180,3582
437,3582
432,3585
374,3599
139,3608
211,3610
34,3623
217,3627
213,3631
472,3651
263,3674
440,3684
146,3684
356,3694
286,3704
334,3716
357,3719
167,3719
395,3720
178,3721
309,3809
303,3813
272,3824
252,3828
216,3835
306,3857
232,3879
176,3879
493,3912
339,3930
143,3956
186,3958
265,3973
30,3984
142,3994
69,4013
62,4044
475,4045
236,4060
255,4087
372,4104
243,4121
364,4131
196,4142
124,4158
41,4180
256,4186
45,4208
259,4211
423,4275
466,4278
296,4284
332,4291
295,4308
389,4322
138,4341
239,4385
481,4423
98,4432
467,4433
456,4511
336,4524
221,4526
483,4549
115,4570
172,4589
371,4607
190,4611
341,4641
420,4785
400,4826
51,4837
219,4872
9,4928
189,5087
242,5138
227,5232
10,5397
288,5442
81,5743

simblock.block.ProofOfWorkBlock@44e5d350:94
95,0
487,291
357,401
82,505
408,590
406,610
422,680
373,697
230,723
435,788
70,798
439,828
419,828
194,870
213,890
44,893
210,904
202,932
426,945
420,963
27,980
25,982
137,997
328,1005
351,1008
188,1014
279,1041
308,1049
338,1065
309,1068
445,1077
57,1084
491,1089
282,1109
184,1110
304,1114
307,1115
62,1119
449,1121
161,1146
410,1156
466,1158
127,1171
478,1173
294,1178
454,1179
303,1182
205,1189
105,1194
485,1195
40,1211
337,1216
121,1220
124,1224
170,1225
414,1226
352,1226
336,1233
433,1250
7,1253
320,1262
270,1263
472,1270
116,1275
392,1276
262,1282
458,1284
488,1288
179,1292
484,1292
18,1294
499,1295
332,1301
367,1303
330,1316
64,1323
255,1324
24,1328
94,1329
178,1330
399,1333
460,1341
93,1342
16,1347
143,1349
310,1354
168,1362
29,1364
267,1369
84,1370
356,1370
122,1374
176,1376
86,1380
457,1388
88,1389
1,1395
448,1396
61,1397
471,1397
164,1399
275,1399
278,1400
212,1401
158,1407
447,1408
428,1410
21,1411
58,1411
117,1414
437,1428
157,1430
185,1432
492,1433
453,1436
136,1437
475,1438
305,1440
344,1440
483,1444
443,1446
407,1448
155,1451
362,1451
160,1458
432,1461
413,1464
63,1467
167,1468
369,1468
39,1469
339,1469
28,1474
430,1479
451,1481
165,1486
53,1487
206,1487
368,1493
236,1494
293,1494
214,1500
473,1501
163,1506
211,1506
31,1509
200,1511
315,1511
490,1512
386,1512
55,1513
13,1515
312,1516
500,1516
440,1517
248,1529
482,1532
110,1532
402,1539
190,1541
343,1543
92,1548
72,1552
302,1553
493,1556
387,1558
415,1561
129,1567
459,1567
140,1567
103,1572
319,1573
60,1575
494,1580
51,1583
346,1583
489,1583
153,1586
272,1590
477,1591
75,1597
253,1597
100,1598
450,1599
135,1603
329,1603
89,1607
417,1607
321,1608
264,1611
8,1613
107,1614
377,1616
226,1618
169,1619
340,1619
345,1621
22,1622
306,1622
201,1622
154,1625
239,1628
224,1628
250,1634
281,1636
118,1639
3,1639
113,1640
405,1642
427,1646
350,1657
429,1657
66,1659
12,1659
348,1662
327,1664
274,1665
216,1667
32,1669
393,1673
261,1676
208,1676
446,1677
180,1679
266,1681
77,1687
363,1688
412,1694
333,1699
311,1702
495,1705
389,1706
215,1709
85,1719
148,1722
401,1726
204,1726
283,1730
287,1731
469,1731
149,1733
78,1733
59,1738
209,1741
83,1742
366,1743
286,1747
476,1759
14,1763
162,1766
425,1767
91,1769
398,1777
186,1783
237,1790
251,1791
133,1793
199,1796
438,1797
370,1802
385,1807
233,1808
347,1808
4,1811
301,1816
361,1822
36,1823
376,1826
496,1826
166,1828
97,1829
396,1830
203,1831
313,1833
424,1836
323,1836
119,1842
2,1842
464,1844
102,1844
156,1847
17,1849
441,1851
316,1852
383,1858
382,1864
324,1868
33,1874
151,1884
331,1887
289,1893
497,1895
249,1895
257,1895
245,1899
54,1900
231,1901
480,1902
177,1909
30,1909
48,1911
196,1913
442,1916
144,1924
175,1926
128,1928
409,1930
120,1948
325,1951
379,1952
145,1953
197,1956
141,1959
187,1959
228,1963
81,1965
80,1980
15,1983
134,1994
6,1994
90,1995
258,2004
114,2006
436,2009
46,2022
388,2029
132,2034
434,2046
244,2047
47,2048
349,2054
238,2057
277,2058
468,2061
112,2062
130,2064
380,2065
218,2073
273,2075
391,2082
481,2087
411,2090
416,2095
444,2100
254,2103
220,2104
123,2111
125,2113
56,2114
486,2118
115,2119
465,2119
418,2122
150,2127
52,2129
139,2129
235,2132
395,2136
355,2139
322,2141
19,2143
463,2143
470,2148
34,2149
126,2149
354,2153
474,2178
229,2184
269,2188
23,2194
384,2203
423,2205
87,2217
182,2218
207,2219
400,2223
76,2224
108,2231
455,2239
198,2244
259,2257
334,2264
359,2266
159,2269
109,2276
421,2282
285,2282
26,2283
67,2285
191,2286
252,2287
98,2290
74,2295
462,2300
372,2323
68,2326
268,2332
381,2337
99,2348
106,2348
5,2351
298,2363
146,2367
353,2367
365,2367
217,2370
452,2377
256,2380
50,2388
79,2422
360,2436
299,2437
227,2441
241,2449
193,2449
11,2458
195,2459
73,2469
10,2471
271,2477
292,2485
404,2492
96,2499
479,2501
358,2507
38,2518
290,2538
342,2551
142,2553
394,2556
131,2572
280,2582
222,2583
291,2585
456,2598
364,2619
288,2633
183,2672
300,2676
37,2676
49,2692
147,2706
111,2716
403,2718
326,2724
260,2768
219,2771
35,2773
317,2802
225,2803
65,2803
232,2835
374,2893
42,2894
152,2919
467,2926
246,2932
101,2936
234,2941
378,2954
318,2996
263,3015
240,3020
192,3021
284,3028
69,3064
45,3072
335,3099
498,3134
181,3161
189,3166
390,3216
138,3236
247,3239
341,3267
171,3277
173,3285
41,3354
174,3374
397,3389
243,3408
172,3409
20,3435
314,3444
371,3465
461,3511
296,3580
104,3598
242,3607
295,3630
431,3655
223,3755
375,3778
265,3862
43,3910
71,3953
221,4007
297,4298
276,4347
9,4684

simblock.block.ProofOfWorkBlock@11f7201e:94
258,0
111,384
97,518
76,652
56,737
394,870
365,872
274,880
182,1003
497,1006
149,1007
177,1093
1,1113
323,1136
126,1140
355,1141
116,1161
347,1225
150,1225
244,1247
315,1269
249,1273
234,1280
166,1289
184,1341
218,1358
353,1359
469,1360
33,1360
147,1365
466,1376
109,1380
90,1409
198,1414
273,1425
370,1451
18,1489
495,1496
102,1496
455,1497
424,1498
257,1499
132,1501
285,1509
5,1519
251,1550
358,1559
309,1569
237,1584
292,1585
436,1586
267,1594
75,1606
11,1630
131,1631
463,1632
470,1633
37,1635
397,1636
52,1640
480,1640
21,1642
277,1643
331,1655
108,1693
448,1701
73,1715
300,1718
479,1720
291,1723
83,1725
298,1736
385,1737
342,1741
26,1763
6,1770
381,1771
301,1773
294,1773
431,1774
144,1774
270,1777
240,1778
134,1779
313,1779
78,1800
337,1813
191,1848
444,1859
409,1860
59,1861
39,1863
317,1864
220,1870
359,1876
384,1878
87,1879
426,1881
415,1887
287,1890
280,1896
49,1904
181,1905
112,1910
74,1913
403,1913
362,1913
103,1920
441,1924
245,1925
14,1939
199,1945
178,1947
485,1962
159,1985
434,1986
222,1991
464,1993
215,1996
494,2000
110,2002
42,2009
187,2009
179,2015
442,2015
382,2020
483,2029
119,2039
281,2047
254,2047
396,2064
352,2069
398,2073
192,2077
247,2078
438,2086
343,2087
262,2089
96,2089
160,2102
15,2103
357,2111
490,2115
84,2116
361,2125
376,2127
304,2128
209,2130
268,2134
411,2134
492,2138
136,2138
151,2140
58,2143
44,2153
65,2156
62,2173
82,2182
414,2188
407,2189
416,2201
465,2210
439,2212
325,2213
47,2216
64,2224
269,2226
402,2227
366,2228
19,2229
154,2237
266,2241
148,2241
289,2241
95,2242
35,2247
158,2255
446,2261
63,2266
348,2266
2,2266
212,2270
202,2272
235,2272
113,2280
451,2314
164,2314
231,2327
169,2335
275,2336
500,2344
264,2351
319,2355
468,2359
404,2361
72,2361
238,2363
286,2364
89,2365
346,2366
22,2367
125,2373
329,2375
118,2379
491,2386
429,2388
488,2399
135,2409
165,2409
66,2417
8,2419
390,2435
265,2442
378,2447
447,2448
107,2457
387,2458
185,2459
489,2464
176,2467
486,2468
307,2469
140,2470
477,2470
354,2479
71,2481
196,2489
17,2491
412,2492
453,2494
46,2497
338,2498
413,2499
53,2499
157,2506
180,2510
48,2518
252,2519
388,2531
155,2537
471,2540
239,2540
163,2546
302,2554
450,2561
120,2571
40,2572
419,2584
432,2589
190,2590
496,2596
117,2598
349,2602
310,2606
253,2611
200,2618
99,2620
105,2625
321,2626
368,2635
127,2637
12,2641
55,2648
478,2649
145,2664
284,2679
133,2682
248,2687
85,2689
428,2690
311,2692
406,2697
493,2703
316,2705
460,2709
420,2717
369,2723
278,2729
417,2730
399,2740
45,2761
205,2767
386,2768
31,2770
395,2776
272,2787
339,2787
77,2788
43,2792
452,2795
79,2798
86,2803
333,2812
340,2822
189,2822
13,2827
356,2827
261,2832
233,2843
211,2854
156,2855
458,2858
162,2869
336,2876
4,2878
81,2891
100,2914
206,2918
391,2920
293,2921
499,2923
373,2924
7,2929
138,2935
367,2939
224,2956
91,2958
459,2963
475,2965
153,2976
271,2979
229,2982
216,2994
308,2994
201,3013
433,3017
208,3020
276,3021
363,3053
320,3058
473,3059
168,3066
456,3068
69,3072
227,3075
482,3081
435,3081
24,3090
283,3101
193,3102
173,3112
312,3115
10,3121
263,3144
27,3150
481,3150
70,3153
332,3154
88,3184
210,3188
194,3197
186,3198
242,3200
30,3223
217,3223
306,3239
228,3244
195,3258
68,3268
60,3281
472,3284
146,3285
51,3289
299,3293
437,3307
214,3309
50,3318
288,3320
443,3320
405,3332
457,3344
371,3374
143,3380
213,3381
430,3384
296,3402
221,3419
422,3420
305,3428
400,3488
115,3490
3,3517
364,3525
295,3531
223,3543
121,3545
174,3565
236,3570
379,3588
330,3607
16,3610
34,3620
474,3622
324,3630
256,3637
449,3649
183,3666
188,3666
106,3687
171,3719
93,3770
9,3790
219,3801
334,3830
290,3832
389,3837
393,3843
36,3893
20,3910
23,3921
207,3943
92,4042
243,4053
328,4054
467,4061
167,4071
279,4122
423,4136
341,4137
498,4143
322,4226
61,4273
345,4298
462,4305
297,4352
122,4419
38,4435
232,4444
124,4527
392,4635
141,4645
98,4670
335,4745
250,4755
226,4783
204,4799
380,4969
259,5008
374,5303
314,5602
142,5904

simblock.block.ProofOfWorkBlock@5f099d2d:95
418,0
165,355
329,488
403,707
458,714
228,841
381,843
453,940
42,975
106,978
402,995
446,1073
312,1100
83,1108
117,1113
29,1175
424,1196
480,1200
269,1206
494,1206
135,1218
281,1247
477,1279
213,1317
428,1325
169,1328
379,1333
327,1335
16,1338
209,1340
385,1344
261,1378
134,1390
413,1390
92,1402
293,1423
201,1430
181,1438
185,1455
444,1457
268,1465
74,1466
101,1474
141,1478
90,1478
167,1484
31,1492
447,1498
107,1512
462,1526
61,1529
105,1534
397,1552
120,1554
332,1558
57,1565
465,1570
52,1572
121,1576
84,1588
220,1594
454,1597
275,1599
431,1603
358,1603
325,1607
450,1607
215,1608
497,1611
473,1618
262,1618
230,1619
251,1620
51,1628
310,1640
405,1663
163,1669
241,1687
130,1688
214,1689
355,1690
102,1692
411,1694
495,1695
316,1696
236,1702
361,1705
422,1711
363,1713
307,1716
178,1727
353,1728
166,1740
401,1744
488,1745
317,1747
470,1750
369,1752
65,1755
5,1758
208,1770
186,1772
1,1773
60,1774
144,1784
176,1796
270,1798
198,1798
294,1803
204,1806
406,1807
136,1808
459,1815
414,1818
19,1823
203,1824
75,1828
187,1829
394,1831
218,1832
404,1832
253,1832
469,1833
373,1834
118,1837
483,1838
20,1842
291,1843
382,1844
194,1844
449,1849
286,1850
177,1854
427,1863
352,1874
273,1877
210,1879
157,1880
103,1880
63,1881
390,1884
192,1885
2,1895
116,1902
464,1906
370,1906
338,1910
435,1912
161,1914
109,1921
301,1923
448,1931
479,1935
196,1936
197,1940
7,1942
151,1944
345,1946
408,1954
426,1955
131,1960
235,1962
147,1963
191,1965
15,1966
313,1968
182,1971
349,1972
249,1975
445,1978
47,1978
337,1979
315,1988
180,2007
319,2015
430,2019
59,2021
485,2029
326,2031
40,2037
443,2039
380,2042
348,2043
376,2044
216,2051
46,2052
279,2059
212,2060
48,2060
149,2069
362,2069
484,2071
233,2071
412,2071
264,2071
277,2071
421,2075
442,2080
245,2081
146,2088
162,2091
331,2093
85,2094
463,2098
222,2099
432,2103
344,2105
111,2106
95,2107
237,2107
158,2109
89,2112
257,2112
44,2113
76,2114
342,2115
87,2117
340,2119
359,2119
154,2121
434,2139
244,2146
336,2164
35,2164
22,2183
56,2185
292,2188
78,2193
351,2194
238,2199
124,2199
25,2200
410,2201
14,2202
298,2204
482,2208
283,2219
300,2219
365,2232
143,2234
304,2239
81,2242
225,2244
396,2244
168,2252
6,2256
347,2257
389,2257
49,2258
159,2262
231,2273
62,2274
272,2277
289,2278
457,2286
200,2288
280,2290
476,2297
24,2298
164,2298
393,2299
54,2299
438,2300
64,2303
140,2304
377,2306
254,2316
330,2317
441,2318
451,2318
80,2320
306,2322
415,2324
350,2326
265,2326
357,2331
440,2333
32,2336
267,2338
88,2339
318,2344
356,2346
113,2354
205,2358
302,2363
110,2363
97,2368
474,2372
433,2383
416,2387
217,2390
346,2391
175,2396
50,2402
224,2419
367,2422
108,2424
156,2427
392,2435
86,2439
226,2440
278,2445
66,2456
339,2462
258,2466
478,2466
328,2470
122,2474
285,2474
11,2481
8,2486
82,2491
308,2492
384,2501
174,2508
487,2509
160,2515
366,2515
323,2520
132,2520
333,2524
73,2525
439,2527
274,2529
188,2533
21,2542
152,2544
127,2544
417,2547
266,2550
409,2552
70,2552
436,2565
184,2569
112,2571
287,2572
207,2575
311,2584
240,2585
100,2596
69,2597
452,2599
378,2601
475,2604
425,2619
23,2620
490,2623
498,2633
232,2633
288,2637
115,2644
371,2645
455,2647
138,2651
247,2655
387,2659
206,2665
309,2665
71,2676
91,2681
343,2690
500,2702
13,2702
114,2705
391,2709
284,2711
155,2713
93,2717
119,2725
219,2738
39,2743
388,2745
460,2748
472,2749
303,2755
437,2756
419,2756
18,2760
179,2772
276,2777
368,2814
9,2815
68,2819
321,2821
148,2829
386,2849
189,2858
150,2870
99,2871
171,2878
492,2893
383,2898
4,2900
491,2901
12,2906
259,2915
79,2916
33,2926
3,2931
481,2937
227,2941
37,2942
142,2942
94,2943
67,2948
195,2962
496,2977
72,2980
399,2983
320,2983
423,2987
456,2991
489,2996
354,3011
314,3013
17,3024
202,3045
38,3047
129,3051
58,3061
375,3065
360,3076
493,3077
26,3097
334,3123
126,3144
27,3151
125,3158
468,3162
364,3177
420,3203
145,3204
467,3204
199,3211
282,3217
183,3236
223,3248
104,3289
190,3293
250,3313
299,3313
41,3319
429,3325
374,3341
234,3365
123,3380
324,3383
55,3394
10,3424
471,3428
305,3447
372,3448
242,3460
461,3463
322,3505
211,3518
256,3537
486,3548
263,3548
239,3550
246,3591
153,3624
28,3674
252,3703
243,3708
45,3728
34,3731
229,3758
137,3784
341,3807
255,3823
400,3836
221,3848
172,3883
296,3890
77,3905
395,3930
36,4011
30,4030
173,4050
53,4144
139,4223
295,4228
290,4352
466,4369
170,4456
271,4560
98,4651
297,4661
248,4925
193,4962
43,4969
335,5264
128,5266

simblock.block.ProofOfWorkBlock@759f737b:95
148,0
407,278
336,384
401,489
168,562
272,598
410,665
8,671
85,702
91,768
118,777
199,780
500,807
113,842
475,875
163,878
226,884
92,888
482,920
346,946
122,950
27,950
18,980
448,986
205,992
248,993
302,1000
393,1025
339,1056
476,1056
425,1057
185,1062
454,1064
194,1071
348,1084
310,1090
143,1094
63,1098
261,1100
110,1104
61,1123
201,1134
179,1156
459,1158
312,1162
137,1163
471,1168
212,1170
270,1171
129,1171
190,1178
155,1178
264,1192
200,1201
449,1201
419,1206
153,1206
89,1206
286,1211
488,1226
186,1228
116,1229
408,1239
93,1240
412,1261
392,1263
304,1265
84,1268
29,1270
210,1272
399,1272
433,1277
12,1278
253,1278
54,1278
443,1283
13,1283
483,1284
472,1285
16,1298
77,1306
275,1309
21,1311
367,1311
430,1332
233,1333
178,1339
460,1341
366,1348
345,1350
230,1351
180,1352
161,1355
451,1355
274,1365
133,1368
363,1368
307,1368
124,1375
94,1376
450,1377
499,1377
266,1380
157,1381
426,1382
303,1383
357,1384
4,1384
333,1387
105,1387
40,1390
311,1394
306,1395
309,1409
136,1411
458,1411
86,1414
211,1415
358,1428
236,1435
323,1435
267,1435
293,1438
494,1439
439,1442
492,1446
156,1446
414,1447
445,1456
208,1457
175,1457
204,1458
196,1459
140,1461
413,1462
239,1465
25,1465
283,1473
402,1475
308,1476
224,1478
28,1479
158,1481
82,1481
420,1482
477,1487
70,1487
487,1487
368,1487
324,1488
315,1489
422,1491
369,1491
489,1491
344,1492
417,1493
66,1495
440,1499
162,1500
255,1505
389,1506
352,1506
343,1506
327,1508
279,1515
128,1516
305,1516
44,1519
31,1521
7,1524
273,1533
496,1540
377,1543
188,1544
176,1547
403,1552
95,1552
164,1554
485,1556
100,1559
213,1561
55,1562
473,1563
184,1563
320,1563
127,1565
160,1566
466,1567
60,1568
350,1572
441,1573
57,1575
319,1577
167,1581
107,1585
250,1586
58,1588
278,1588
338,1590
170,1592
337,1593
39,1595
64,1595
72,1598
351,1598
332,1598
321,1598
53,1599
484,1600
235,1601
51,1604
435,1613
216,1614
130,1616
36,1618
427,1620
493,1620
298,1622
135,1623
22,1628
214,1628
182,1629
103,1631
432,1644
405,1648
340,1648
20,1648
356,1662
154,1663
373,1667
3,1667
428,1668
287,1669
370,1676
97,1676
328,1677
117,1677
294,1682
289,1683
282,1686
330,1690
62,1697
206,1698
262,1701
75,1704
447,1705
387,1706
231,1706
203,1706
1,1708
465,1708
49,1712
37,1720
442,1721
457,1725
396,1727
74,1727
479,1748
409,1749
88,1752
397,1754
73,1755
151,1772
394,1774
50,1784
491,1786
383,1792
169,1796
78,1802
380,1805
222,1805
108,1806
453,1807
478,1810
24,1812
415,1814
342,1814
285,1815
144,1820
6,1825
2,1828
424,1832
166,1833
300,1837
245,1839
131,1850
495,1851
159,1852
406,1855
150,1855
244,1858
251,1860
292,1867
444,1888
359,1890
325,1891
76,1893
480,1895
123,1896
17,1897
431,1904
65,1904
126,1904
19,1905
102,1906
326,1915
437,1915
202,1917
421,1920
434,1923
119,1924
141,1924
33,1925
14,1927
382,1930
280,1942
134,1945
11,1945
281,1947
490,1967
132,1967
362,1967
225,1973
486,1975
355,1978
365,1980
360,1989
254,1991
349,2009
209,2012
386,2020
331,2020
463,2027
59,2031
411,2032
181,2032
238,2033
237,2038
429,2040
106,2046
87,2055
388,2061
120,2062
197,2068
47,2069
101,2070
240,2071
5,2073
446,2078
112,2091
317,2103
232,2105
268,2108
149,2115
316,2115
215,2115
290,2121
416,2124
52,2125
468,2128
192,2132
142,2134
152,2138
418,2141
109,2147
32,2147
376,2149
121,2150
361,2155
390,2162
299,2169
187,2176
257,2184
398,2184
379,2185
335,2187
220,2198
193,2199
464,2208
45,2213
98,2229
436,2238
423,2239
258,2247
23,2249
385,2251
269,2257
249,2265
469,2269
481,2275
191,2281
172,2283
83,2290
455,2293
301,2293
227,2311
38,2323
68,2340
114,2342
48,2343
252,2348
246,2350
234,2350
15,2361
41,2362
341,2365
30,2368
228,2369
277,2372
334,2391
26,2395
177,2402
438,2416
125,2428
80,2432
79,2439
322,2447
96,2465
395,2468
263,2493
198,2495
375,2508
291,2510
381,2514
314,2515
223,2546
241,2568
404,2578
138,2589
378,2590
90,2605
115,2607
43,2615
46,2620
207,2624
56,2647
34,2680
329,2691
189,2704
297,2719
276,2723
171,2726
295,2750
391,2765
498,2783
318,2791
384,2798
242,2799
147,2824
347,2842
71,2842
10,2846
81,2849
195,2849
247,2868
42,2908
284,2920
139,2962
165,3016
104,3021
260,3037
111,3044
452,3059
470,3060
256,3104
35,3133
271,3157
217,3178
400,3182
364,3187
374,3205
9,3253
353,3284
296,3346
497,3350
456,3384
467,3413
354,3457
288,3491
218,3508
229,3516
67,3516
371,3585
183,3595
221,3684
265,3698
313,3725
146,3730
461,3841
259,3877
462,3951
243,3977
474,4023
174,4078
99,4188
69,4339
219,4358
372,4379
173,4575
145,4690

simblock.block.ProofOfWorkBlock@17f32724:96
145,0
98,538
232,751
217,961
146,1003
322,1217
381,1285
263,1287
38,1429
9,1501
172,1506
43,1530
397,1612
165,1638
378,1715
423,1716
174,1747
106,1752
242,1760
101,1778
115,1854
424,1918
411,1938
301,1960
50,1965
284,1968
400,1977
117,1987
335,2036
69,2039
469,2041
290,2044
317,2053
198,2085
249,2119
403,2123
468,2129
456,2181
379,2188
271,2191
382,2208
452,2248
104,2256
207,2259
385,2260
418,2261
15,2263
26,2270
464,2272
240,2298
149,2306
298,2313
497,2326
251,2352
372,2363
421,2369
283,2385
299,2390
436,2398
404,2402
19,2405
215,2408
47,2412
438,2415
181,2417
222,2431
486,2452
120,2456
195,2469
37,2470
16,2487
17,2491
314,2502
446,2505
187,2515
99,2522
144,2531
355,2538
228,2546
220,2549
383,2553
33,2554
458,2554
130,2560
223,2565
169,2567
59,2573
219,2581
462,2582
76,2586
465,2587
151,2588
6,2594
97,2610
419,2618
329,2619
444,2621
57,2623
91,2627
470,2631
285,2635
90,2642
495,2657
66,2670
73,2674
35,2683
442,2689
39,2693
376,2693
276,2700
209,2703
349,2705
134,2712
121,2719
277,2721
259,2723
245,2727
139,2729
191,2744
11,2744
150,2750
54,2758
453,2761
200,2764
131,2765
247,2770
64,2770
281,2773
156,2774
483,2776
445,2779
126,2791
192,2808
230,2813
212,2815
109,2819
185,2823
416,2841
386,2844
479,2845
463,2845
331,2847
177,2850
347,2853
2,2853
274,2854
164,2855
494,2866
253,2885
42,2888
127,2893
407,2896
238,2897
365,2897
60,2899
344,2900
175,2900
300,2904
291,2906
380,2907
273,2908
157,2908
366,2909
158,2912
32,2914
48,2921
319,2923
82,2923
384,2927
353,2929
182,2929
3,2931
119,2932
241,2934
81,2935
359,2940
83,2942
480,2943
28,2948
218,2954
258,2958
36,2960
102,2972
49,2979
178,2982
420,2987
160,2990
405,2991
78,3000
61,3003
4,3012
268,3013
435,3023
361,3024
234,3025
167,3028
311,3039
67,3041
176,3049
58,3051
141,3054
75,3058
410,3058
431,3059
231,3059
414,3062
326,3062
123,3071
93,3072
289,3072
321,3074
254,3078
199,3083
189,3084
440,3090
476,3093
354,3106
266,3107
226,3111
95,3112
161,3127
491,3130
437,3137
434,3138
94,3138
190,3144
202,3156
473,3157
71,3159
65,3170
409,3171
318,3174
62,3174
455,3178
166,3181
377,3193
197,3201
286,3205
492,3208
292,3224
206,3225
79,3231
454,3235
21,3236
482,3237
87,3242
475,3250
34,3254
5,3256
52,3256
342,3259
496,3268
307,3269
472,3276
415,3280
375,3285
63,3287
88,3290
23,3291
394,3298
248,3300
308,3302
128,3305
334,3305
110,3316
279,3319
237,3321
140,3323
45,3329
203,3335
396,3336
179,3339
260,3340
461,3344
96,3347
152,3350
352,3353
294,3355
346,3363
114,3383
235,3383
287,3384
112,3385
13,3387
362,3397
46,3400
77,3404
430,3410
332,3419
129,3420
467,3423
256,3439
360,3442
224,3451
448,3474
330,3497
481,3508
255,3508
327,3514
485,3519
183,3526
413,3527
205,3530
348,3531
135,3531
341,3536
302,3542
55,3542
303,3545
323,3548
171,3573
31,3580
316,3582
10,3606
429,3610
459,3612
8,3615
304,3631
229,3636
40,3643
44,3648
20,3660
358,3671
288,3676
293,3678
196,3686
489,3689
208,3701
244,3706
280,3708
262,3714
257,3721
309,3723
142,3723
426,3752
12,3753
265,3757
441,3757
364,3819
68,3819
227,3826
30,3830
488,3838
272,3839
313,3839
246,3847
460,3870
477,3871
390,3873
391,3882
336,3888
170,3892
270,3910
173,3928
125,3931
80,3933
51,3945
451,3978
147,3983
367,4003
210,4014
398,4038
443,4041
369,4049
388,4058
221,4058
393,4070
368,4078
27,4088
487,4095
41,4121
295,4138
493,4142
25,4145
239,4151
56,4161
328,4206
356,4209
498,4228
201,4236
1,4236
148,4296
449,4297
105,4314
53,4327
427,4351
159,4364
499,4374
133,4376
14,4394
417,4403
408,4416
261,4434
296,4448
392,4455
154,4470
243,4500
108,4508
92,4556
122,4581
118,4590
422,4598
204,4601
107,4613
236,4660
447,4675
433,4681
269,4687
100,4713
111,4719
345,4742
439,4745
371,4747
338,4777
466,4782
85,4800
474,4801
399,4817
325,4833
282,4845
343,4945
387,4965
305,5007
153,5037
213,5045
337,5048
450,5048
333,5074
402,5082
315,5087
180,5103
70,5142
225,5157
432,5162
124,5179
401,5207
252,5212
72,5234
103,5307
471,5334
264,5408
339,5423
184,5438
214,5446
136,5461
370,5482
250,5487
278,5520
428,5525
137,5547
457,5559
188,5570
18,5698
297,5757
155,5770
22,5787
194,5801
132,5808
233,5826
216,5886
29,5897
389,5912
275,5932
143,5932
138,6056
193,6062
163,6065
74,6132
116,6135
89,6151
113,6166
412,6194
186,6262
484,6266
320,6296
310,6396
357,6431
162,6500
490,6517
312,6558
351,6628
324,6629
395,6747
500,6848
84,6863
7,6881
267,6992
478,7231
363,7267
373,7357
374,7387
86,7593

simblock.block.ProofOfWorkBlock@3586a8a:97
136,0
466,280
393,388
476,500
213,562
270,609
51,667
305,671
24,715
190,777
12,779
493,782
185,843
496,885
420,888
447,890
392,897
301,942
430,948
406,952
338,953
77,992
180,992
200,994
27,1002
274,1007
414,1057
155,1057
450,1068
275,1069
164,1070
176,1077
156,1099
137,1100
194,1108
153,1117
206,1132
237,1160
287,1162
489,1165
402,1172
21,1173
336,1175
457,1177
167,1178
435,1179
377,1180
140,1180
199,1199
116,1212
92,1222
53,1222
401,1227
143,1233
294,1240
168,1252
307,1261
477,1270
357,1271
214,1276
413,1278
315,1280
255,1284
337,1285
440,1285
18,1285
437,1287
57,1290
6,1295
408,1295
178,1298
399,1298
500,1304
319,1318
363,1331
95,1334
328,1340
345,1340
348,1348
154,1349
239,1350
451,1352
460,1357
210,1359
25,1361
459,1365
118,1375
224,1375
165,1379
61,1382
89,1382
226,1383
157,1385
202,1388
293,1388
148,1390
433,1392
212,1393
267,1396
333,1398
410,1400
204,1403
236,1404
169,1408
324,1410
31,1413
233,1415
129,1422
306,1437
78,1442
247,1445
499,1451
397,1451
205,1453
39,1453
16,1453
332,1453
321,1455
264,1456
70,1457
82,1459
248,1459
320,1460
162,1462
350,1470
494,1470
405,1471
490,1475
93,1479
40,1480
412,1483
216,1486
208,1489
262,1494
105,1495
351,1496
310,1497
311,1498
44,1502
368,1504
309,1505
261,1506
42,1510
415,1510
272,1511
445,1513
36,1518
340,1523
177,1525
100,1528
66,1530
113,1538
184,1539
88,1544
485,1551
472,1556
428,1557
312,1557
492,1558
253,1561
201,1563
279,1564
84,1564
308,1565
196,1565
250,1567
356,1567
85,1567
170,1569
163,1571
266,1574
369,1575
443,1576
409,1580
130,1581
1,1583
407,1585
63,1587
292,1593
123,1593
484,1593
384,1598
346,1599
54,1603
122,1604
352,1606
417,1607
188,1612
62,1612
32,1614
28,1614
475,1614
487,1615
158,1617
389,1618
211,1618
454,1620
366,1623
385,1625
473,1627
425,1627
110,1629
22,1633
303,1640
373,1644
198,1661
133,1661
107,1662
471,1663
277,1667
330,1669
488,1669
13,1670
135,1671
339,1673
441,1673
94,1674
7,1675
448,1675
367,1675
449,1683
91,1687
55,1689
3,1694
432,1698
161,1699
469,1702
387,1704
58,1709
482,1712
186,1713
286,1718
203,1722
325,1726
187,1727
231,1729
458,1730
179,1732
124,1733
119,1734
396,1736
439,1738
403,1741
128,1746
421,1750
234,1763
478,1766
60,1766
47,1769
464,1770
56,1777
302,1780
419,1780
453,1780
103,1782
361,1788
76,1788
72,1792
126,1792
29,1801
127,1803
491,1803
398,1805
117,1808
431,1811
429,1813
257,1815
33,1815
235,1817
160,1820
90,1821
73,1829
65,1831
422,1839
304,1839
101,1840
222,1843
238,1846
426,1847
404,1849
497,1850
317,1863
49,1881
282,1884
468,1885
64,1887
225,1888
411,1888
268,1892
259,1895
386,1905
175,1908
182,1908
254,1911
370,1914
48,1919
20,1922
342,1922
86,1925
132,1926
483,1928
159,1929
365,1931
388,1938
131,1941
434,1942
382,1950
427,1952
5,1966
4,1969
285,1982
355,1983
192,1988
245,1995
228,1995
318,2000
249,2000
111,2005
215,2007
273,2007
8,2010
390,2010
251,2012
380,2012
418,2025
480,2026
17,2029
46,2033
498,2035
465,2035
38,2036
379,2037
83,2038
376,2052
446,2055
97,2060
96,2061
344,2061
232,2076
141,2080
362,2088
395,2099
444,2105
291,2106
209,2106
383,2106
347,2108
75,2112
230,2117
331,2122
353,2136
280,2142
300,2143
424,2146
14,2148
74,2148
416,2158
278,2165
378,2166
23,2166
221,2170
147,2171
381,2173
486,2189
146,2197
394,2206
104,2211
87,2222
121,2223
220,2224
151,2225
455,2230
479,2244
323,2245
316,2251
109,2254
481,2254
9,2257
71,2259
341,2259
50,2267
223,2270
343,2271
442,2273
462,2273
195,2278
329,2279
120,2279
244,2290
115,2318
181,2323
43,2325
189,2330
359,2337
68,2339
114,2341
106,2360
258,2361
371,2369
102,2397
166,2402
35,2407
112,2425
265,2426
227,2431
495,2442
322,2448
374,2450
11,2450
349,2456
149,2462
15,2462
470,2471
229,2484
150,2491
327,2491
313,2495
289,2509
354,2511
283,2520
173,2528
134,2555
335,2556
144,2579
37,2581
152,2585
30,2590
456,2612
438,2617
281,2624
191,2643
142,2654
436,2668
334,2677
218,2682
463,2691
59,2712
240,2729
183,2732
172,2740
246,2794
252,2794
80,2798
108,2808
299,2816
364,2820
69,2830
296,2831
26,2843
2,2861
271,2885
284,2887
19,2907
360,2925
358,2932
139,2946
276,2947
326,2949
400,2987
263,2999
81,3022
241,3028
269,3062
193,3079
41,3120
260,3129
391,3135
461,3139
298,3149
256,3196
423,3218
290,3240
34,3268
375,3274
145,3278
79,3279
314,3355
138,3364
52,3370
243,3386
452,3392
67,3417
295,3537
10,3571
467,3588
197,3593
242,3609
474,3609
125,3615
171,3725
45,3916
297,3928
219,3930
174,3962
372,3997
217,4057
98,4261
99,4308
207,4604
288,4948

simblock.block.ProofOfWorkBlock@42e24667:97
462,0
35,354
329,497
117,631
49,706
370,765
416,839
418,849
257,901
14,979
83,982
251,995
15,1038
289,1056
228,1115
177,1116
281,1119
358,1142
497,1190
218,1194
134,1249
5,1250
379,1255
323,1258
310,1272
165,1284
169,1323
383,1328
292,1333
353,1337
479,1356
42,1382
298,1386
325,1389
464,1394
465,1402
175,1417
159,1461
197,1465
273,1469
486,1470
444,1471
458,1482
277,1489
245,1497
336,1499
476,1514
198,1522
280,1523
342,1527
109,1537
455,1543
149,1548
192,1601
359,1606
326,1606
449,1607
209,1608
390,1608
278,1616
285,1624
403,1626
411,1634
111,1640
220,1656
74,1659
80,1668
480,1671
396,1677
188,1682
291,1686
347,1690
387,1691
20,1692
414,1696
162,1711
150,1714
262,1727
96,1737
279,1742
65,1744
59,1744
438,1746
215,1752
362,1761
37,1762
313,1770
191,1776
132,1796
249,1802
6,1806
26,1808
381,1811
52,1820
73,1820
182,1825
268,1829
3,1833
184,1839
147,1841
337,1845
398,1848
301,1877
429,1879
431,1880
269,1890
500,1891
56,1893
102,1901
19,1902
434,1909
419,1913
340,1917
459,1924
92,1937
101,1939
166,1942
349,1948
46,1956
319,1962
108,1965
270,1967
89,1968
8,1970
131,1986
305,1997
156,2004
442,2014
394,2015
237,2016
105,2029
54,2030
382,2031
339,2034
76,2036
469,2038
244,2050
31,2055
239,2058
321,2064
283,2070
365,2074
240,2076
470,2086
174,2090
327,2091
119,2102
272,2111
185,2112
463,2116
415,2119
361,2120
412,2124
225,2126
21,2138
151,2148
194,2150
384,2153
127,2163
140,2165
190,2172
424,2174
97,2175
234,2178
11,2184
264,2187
57,2195
168,2203
183,2209
367,2211
436,2212
432,2212
146,2222
468,2226
351,2226
167,2231
84,2240
261,2243
247,2253
331,2254
386,2255
357,2257
222,2264
435,2265
399,2271
72,2276
286,2284
206,2292
448,2293
153,2307
88,2309
144,2311
181,2318
483,2320
446,2323
440,2339
82,2340
62,2343
490,2348
118,2351
405,2371
39,2375
208,2377
309,2382
380,2389
460,2390
377,2393
51,2398
40,2399
293,2403
328,2405
306,2412
346,2413
373,2432
133,2436
350,2438
85,2443
126,2448
472,2452
130,2457
307,2457
316,2466
95,2468
200,2471
24,2472
333,2481
58,2484
302,2493
467,2499
13,2502
481,2509
214,2513
471,2518
267,2520
18,2528
93,2537
27,2540
122,2544
420,2545
44,2568
38,2571
443,2578
495,2583
421,2590
478,2593
364,2598
332,2601
355,2601
265,2604
201,2609
63,2610
121,2615
315,2619
453,2625
452,2625
61,2630
356,2634
138,2635
485,2637
451,2638
445,2639
352,2640
243,2645
330,2661
368,2663
116,2678
312,2682
7,2696
202,2700
55,2711
160,2718
250,2718
454,2723
304,2731
441,2739
50,2739
186,2744
129,2749
224,2763
369,2766
371,2770
255,2771
314,2801
450,2802
482,2810
64,2828
236,2829
308,2835
484,2840
139,2844
103,2844
266,2847
427,2851
466,2859
124,2860
375,2863
287,2863
406,2866
477,2870
474,2878
428,2891
303,2893
142,2904
391,2904
34,2926
493,2929
489,2934
282,2943
70,2945
164,2946
68,2947
473,2951
125,2952
23,2969
231,2991
335,2991
12,3003
334,3033
143,3036
374,3037
81,3038
229,3042
179,3054
213,3055
1,3064
137,3074
25,3084
392,3085
158,3085
29,3087
425,3099
30,3104
299,3105
66,3116
320,3131
252,3162
9,3165
216,3170
178,3171
223,3183
136,3205
402,3218
152,3252
69,3252
378,3252
79,3269
211,3281
496,3287
205,3290
395,3295
488,3311
77,3311
233,3321
227,3337
99,3353
274,3358
354,3371
385,3398
407,3399
36,3403
219,3418
259,3441
10,3469
260,3474
322,3476
33,3497
422,3516
226,3537
100,3538
300,3549
341,3555
437,3557
263,3586
295,3587
389,3624
91,3640
297,3653
296,3667
195,3677
388,3686
53,3757
75,3760
86,3773
400,3773
439,3787
318,3820
271,3840
28,3862
324,3868
348,3868
193,3888
284,3895
242,3930
104,3954
221,3967
98,3980
155,3983
393,4014
294,4031
189,4074
456,4077
173,4087
180,4095
110,4210
492,4228
423,4238
163,4256
246,4259
360,4267
288,4283
16,4340
498,4395
491,4435
417,4449
148,4460
196,4499
172,4571
67,4587
248,4662
290,4893
366,4901
115,4920
204,4974
45,5154
241,5162
256,5459
343,5525

simblock.block.ProofOfWorkBlock@4def2f6a:97
41,0
299,551
436,878
263,1089
144,1201
207,1305
434,1529
355,1630
423,1845
20,1863
134,1964
498,2058
301,2190
300,2290
177,2386
216,2556
200,2652
245,2708
477,2921
351,3015
372,3032
287,3282
439,3378
302,3397
157,3659
127,3740
36,3761
29,4025
478,4107
31,4128
435,4398
369,4470
39,4489
414,4831
252,4848
7,4855
24,5226
255,5593
441,5985
201,6364
55,6728

simblock.block.ProofOfWorkBlock@67207fba:98
375,0
380,897
102,1253
370,1278
47,1389
130,1532
327,1608
132,1627
52,1642
123,1665
317,1749
349,1750
249,1765
442,1804
149,1886
480,1888
468,1891
298,1898
19,1938
326,1971
394,1979
234,1994
20,2007
269,2024
74,2025
169,2026
5,2035
268,2105
381,2108
33,2112
463,2112
112,2117
197,2134
32,2159
385,2161
177,2169
147,2172
428,2175
436,2178
120,2239
26,2241
277,2241
144,2245
218,2247
101,2247
397,2253
96,2258
292,2261
421,2287
251,2291
419,2299
220,2308
46,2330
347,2331
119,2361
257,2373
90,2373
361,2374
411,2376
192,2377
456,2380
49,2381
497,2382
11,2382
75,2383
87,2386
150,2387
44,2387
431,2388
432,2398
107,2401
35,2402
392,2408
215,2425
109,2431
499,2434
462,2442
294,2453
486,2459
165,2463
383,2466
358,2468
355,2471
365,2471
166,2492
141,2496
182,2506
291,2508
285,2510
117,2510
187,2514
42,2515
76,2516
106,2516
470,2520
37,2522
65,2523
338,2525
17,2529
449,2529
469,2535
203,2559
465,2559
73,2567
198,2579
254,2593
444,2593
353,2595
379,2598
14,2598
316,2605
235,2609
313,2609
404,2609
53,2610
376,2614
209,2619
12,2623
324,2623
127,2625
128,2626
273,2627
485,2629
245,2639
228,2639
121,2643
301,2645
134,2651
280,2652
175,2653
83,2657
97,2660
191,2661
403,2661
237,2663
240,2663
427,2665
253,2665
108,2677
7,2686
93,2689
213,2698
396,2699
446,2701
424,2707
59,2715
103,2722
222,2726
18,2734
159,2736
111,2736
131,2740
36,2743
390,2743
15,2745
388,2746
262,2747
323,2747
242,2752
348,2755
464,2756
325,2759
305,2760
300,2766
241,2787
479,2787
163,2794
56,2794
151,2795
415,2796
319,2802
143,2803
328,2808
339,2809
329,2811
418,2821
289,2822
208,2826
482,2827
122,2836
362,2837
180,2837
185,2838
281,2842
476,2848
225,2853
402,2854
58,2856
475,2858
471,2858
190,2865
455,2870
39,2872
224,2873
306,2874
94,2877
267,2877
238,2878
258,2879
451,2881
51,2882
367,2883
48,2886
199,2888
126,2888
408,2889
160,2891
77,2891
495,2891
168,2892
247,2893
458,2896
377,2901
438,2903
246,2916
413,2917
255,2923
116,2924
426,2925
382,2927
496,2927
359,2929
181,2936
395,2950
302,2951
2,2956
8,2963
484,2969
78,2971
124,2971
340,2974
331,2977
100,2988
412,2998
494,3000
429,3005
350,3011
230,3014
346,3014
157,3019
212,3022
439,3022
136,3025
210,3026
460,3030
453,3031
27,3035
196,3038
80,3040
422,3040
445,3054
487,3056
236,3057
140,3059
342,3060
416,3063
466,3064
368,3064
363,3065
91,3066
264,3073
226,3076
309,3086
206,3088
148,3095
352,3096
82,3100
345,3103
448,3105
409,3106
447,3108
493,3108
441,3110
332,3111
244,3113
279,3116
420,3117
135,3117
176,3118
261,3122
158,3130
488,3132
369,3134
434,3139
433,3150
24,3153
483,3153
233,3156
61,3161
357,3177
398,3181
50,3182
154,3186
312,3192
393,3195
63,3196
384,3197
477,3202
232,3205
28,3212
321,3215
69,3217
68,3218
155,3224
272,3224
86,3225
373,3225
337,3248
114,3254
275,3259
406,3260
265,3270
399,3270
161,3284
250,3285
318,3286
25,3288
113,3290
162,3291
29,3294
200,3302
62,3306
98,3311
430,3313
297,3317
99,3319
92,3321
330,3323
252,3324
173,3324
343,3328
299,3330
81,3334
6,3335
43,3341
156,3342
304,3343
174,3343
336,3344
55,3348
310,3350
88,3355
205,3357
354,3359
139,3363
153,3366
145,3368
266,3379
271,3380
260,3389
31,3394
79,3406
407,3407
461,3409
288,3411
167,3413
34,3415
478,3421
489,3421
425,3431
248,3442
391,3443
440,3443
104,3446
287,3456
454,3462
16,3476
95,3485
295,3499
57,3504
84,3510
490,3511
344,3513
364,3518
286,3531
356,3544
85,3548
372,3551
110,3552
204,3554
105,3563
473,3569
405,3570
492,3575
293,3580
22,3588
219,3591
23,3599
214,3605
201,3611
195,3611
179,3622
171,3624
296,3634
188,3636
414,3650
221,3650
229,3657
231,3659
129,3661
450,3669
13,3692
278,3693
67,3714
118,3720
239,3739
335,3753
54,3764
146,3765
243,3766
315,3770
500,3774
211,3785
217,3786
194,3788
417,3789
1,3795
283,3798
186,3806
498,3807
274,3815
472,3816
389,3830
21,3854
333,3885
320,3921
223,3924
467,3927
152,3949
189,3957
89,3965
303,3994
366,3995
4,4012
435,4013
72,4028
410,4031
311,4046
282,4057
142,4065
193,4067
64,4079
207,4105
9,4106
115,4107
66,4116
60,4158
308,4161
170,4183
137,4193
70,4225
41,4227
491,4241
387,4259
184,4268
270,4280
386,4284
138,4288
38,4293
374,4305
400,4380
30,4380
459,4387
360,4408
314,4411
256,4411
371,4419
164,4420
351,4434
133,4451
437,4483
3,4495
125,4514
276,4536
401,4545
341,4588
263,4591
227,4594
216,4635
71,4646
45,4679
290,4682
322,4709
10,4719
474,4734
334,4798
378,4839
259,4898
481,5040
423,5099
443,5108
172,5141
452,5211
284,5452
183,5503
307,5578
457,6046
202,6525
40,7005
178,7476

simblock.block.ProofOfWorkBlock@158d7755:98
419,0
124,280
282,419
487,524
233,569
72,628
309,673
94,704
93,736
158,777
279,806
262,813
445,842
92,847
412,881
332,909
373,919
211,920
407,947
210,953
61,954
53,983
261,986
406,1014
51,1016
408,1024
475,1024
351,1058
107,1058
330,1064
308,1090
417,1091
293,1093
350,1102
156,1118
490,1120
170,1127
88,1129
202,1129
185,1138
267,1162
289,1166
188,1169
366,1171
164,1190
1,1196
105,1197
103,1198
180,1199
18,1202
186,1206
58,1207
422,1224
270,1231
303,1233
28,1233
137,1237
248,1237
340,1242
368,1249
95,1258
472,1262
231,1267
13,1271
386,1273
437,1275
460,1294
489,1301
483,1301
214,1303
369,1304
205,1305
167,1305
425,1306
157,1313
127,1314
7,1321
57,1330
148,1338
427,1342
168,1345
8,1346
135,1346
64,1348
110,1349
70,1350
128,1352
485,1357
161,1362
466,1366
420,1372
441,1376
21,1376
16,1378
459,1380
440,1380
162,1385
32,1389
343,1395
476,1396
307,1399
118,1407
194,1410
345,1411
216,1411
399,1411
478,1412
450,1412
55,1415
405,1415
230,1418
116,1418
78,1425
239,1443
140,1446
160,1448
196,1448
91,1450
82,1450
199,1455
488,1457
356,1463
201,1465
62,1470
113,1481
484,1481
346,1482
29,1482
255,1483
352,1484
154,1484
278,1486
409,1486
449,1488
40,1489
310,1492
39,1501
443,1507
430,1511
212,1514
277,1517
121,1517
477,1518
315,1520
136,1520
144,1521
24,1522
433,1522
494,1523
306,1528
337,1528
143,1530
292,1535
454,1543
86,1549
122,1549
159,1551
33,1551
304,1553
458,1554
253,1556
266,1558
63,1560
357,1562
226,1562
213,1570
305,1573
27,1575
283,1579
175,1580
200,1584
54,1585
286,1586
274,1587
435,1588
344,1589
129,1589
493,1590
333,1594
190,1594
499,1603
77,1604
184,1606
432,1609
414,1617
131,1624
36,1625
319,1625
471,1625
439,1625
44,1628
389,1628
272,1633
179,1633
264,1635
492,1645
60,1647
348,1656
100,1657
367,1658
153,1659
426,1662
89,1663
250,1666
4,1669
275,1669
133,1675
457,1676
224,1677
321,1678
402,1678
448,1680
496,1682
102,1683
178,1686
22,1687
326,1687
413,1688
236,1692
85,1692
379,1693
451,1693
209,1695
320,1710
328,1713
14,1724
438,1725
390,1728
468,1733
25,1734
473,1734
336,1736
204,1737
363,1738
446,1739
500,1739
169,1742
285,1747
491,1747
5,1749
120,1749
338,1753
181,1759
415,1762
339,1763
377,1765
151,1766
301,1769
302,1770
147,1771
149,1775
73,1783
358,1789
66,1789
410,1792
482,1795
387,1796
3,1797
215,1804
206,1804
269,1811
453,1815
455,1823
101,1827
398,1831
19,1835
52,1837
176,1839
401,1843
312,1845
46,1847
463,1847
370,1848
106,1854
130,1858
383,1858
287,1859
166,1864
163,1865
90,1865
12,1868
197,1868
392,1872
191,1878
126,1888
182,1895
208,1896
393,1899
311,1900
355,1902
469,1906
114,1909
84,1911
359,1912
495,1915
442,1916
76,1923
329,1929
6,1932
470,1939
324,1943
257,1945
447,1955
237,1961
112,1966
56,1967
497,1970
241,1972
428,1972
80,1977
220,1978
464,1979
403,1981
254,1984
421,1993
436,1998
48,2000
37,2004
238,2005
203,2005
20,2007
465,2013
26,2028
299,2029
240,2034
424,2042
141,2044
244,2045
429,2051
323,2054
294,2062
132,2063
263,2063
378,2064
2,2064
47,2068
150,2069
11,2069
123,2076
187,2085
251,2090
23,2090
388,2095
416,2104
225,2106
252,2108
87,2110
155,2110
423,2112
35,2123
281,2128
411,2130
395,2136
431,2141
318,2145
246,2148
171,2160
79,2175
229,2182
325,2183
396,2184
452,2195
42,2199
347,2201
117,2204
384,2215
31,2217
108,2222
83,2227
375,2227
49,2232
174,2241
139,2242
189,2264
273,2264
138,2264
391,2272
354,2275
41,2278
207,2281
177,2282
65,2282
400,2282
249,2285
317,2289
397,2292
271,2303
498,2309
361,2309
385,2313
34,2314
146,2314
232,2318
192,2330
221,2332
165,2345
59,2349
298,2351
67,2360
10,2392
462,2403
152,2411
50,2420
109,2423
335,2426
258,2435
362,2436
256,2438
242,2439
290,2444
30,2447
418,2448
134,2448
198,2471
456,2478
260,2480
99,2487
9,2495
295,2506
119,2508
444,2514
382,2528
434,2530
365,2550
280,2569
75,2570
314,2573
474,2596
353,2622
322,2624
327,2641
394,2657
17,2667
480,2670
223,2681
235,2693
372,2707
300,2734
45,2737
111,2747
183,2755
15,2757
276,2768
222,2770
284,2774
341,2816
81,2827
217,2838
467,2872
380,2875
98,2910
349,2914
481,2914
125,2945
479,2951
195,2955
115,2964
360,2972
71,2975
316,2975
247,2990
68,3003
288,3010
193,3082
486,3092
104,3155
228,3174
268,3193
291,3209
243,3229
38,3249
227,3252
142,3255
96,3316
219,3330
371,3339
296,3349
376,3391
313,3415
334,3486
172,3541
245,3544
297,3638
218,3638
265,3701
69,3720
234,3762
43,3872
74,3874
404,3983
342,4095
331,4202
364,4203
97,4328
381,4422
461,4549
145,4663
374,4764
259,5013
173,5161

simblock.block.ProofOfWorkBlock@4b8cd51c:99
291,0
463,352
46,490
269,629
37,706
347,766
349,839
384,866
218,906
316,984
403,987
396,1023
238,1041
249,1060
353,1119
130,1120
355,1120
326,1159
431,1174
75,1195
222,1207
300,1225
465,1254
292,1254
149,1260
438,1309
102,1330
192,1339
251,1348
2,1352
5,1359
91,1369
429,1381
422,1387
394,1388
361,1391
215,1394
362,1395
301,1413
424,1471
144,1471
132,1472
83,1474
385,1477
73,1482
446,1490
281,1499
327,1512
182,1514
235,1527
228,1532
209,1533
369,1537
388,1551
245,1572
376,1577
397,1580
29,1601
497,1604
273,1606
59,1608
32,1610
187,1610
323,1617
26,1619
90,1625
500,1625
485,1629
479,1630
331,1637
425,1661
268,1661
309,1665
247,1666
36,1670
444,1670
74,1688
244,1690
120,1703
166,1705
415,1705
411,1709
177,1711
56,1713
370,1715
469,1719
147,1740
410,1741
76,1743
14,1744
468,1746
365,1748
175,1748
277,1752
165,1759
11,1764
257,1768
205,1769
393,1769
383,1771
298,1775
153,1778
168,1781
477,1787
151,1796
416,1809
134,1812
436,1822
220,1828
381,1829
141,1829
305,1833
53,1836
390,1837
47,1837
119,1840
453,1842
33,1845
404,1848
359,1848
150,1848
181,1849
358,1856
8,1858
336,1870
191,1870
495,1872
313,1875
401,1877
52,1881
342,1882
101,1884
278,1886
39,1888
116,1896
280,1899
19,1907
148,1908
317,1912
121,1918
421,1927
417,1936
318,1940
240,1945
464,1952
111,1953
274,1954
234,1968
194,1968
433,1968
405,1970
330,1976
31,1978
97,1982
65,1983
398,1983
78,1984
162,1985
131,1985
285,1988
117,1991
494,1992
484,2003
106,2004
210,2005
439,2013
255,2016
380,2017
486,2018
470,2019
27,2020
17,2023
157,2023
201,2030
325,2048
140,2050
107,2052
350,2054
61,2059
18,2060
25,2061
241,2062
368,2065
379,2065
345,2067
109,2075
304,2079
462,2082
63,2085
455,2089
236,2090
337,2091
184,2096
352,2099
442,2106
434,2108
89,2109
338,2116
200,2116
108,2116
6,2117
112,2117
94,2121
447,2129
373,2130
449,2132
20,2137
3,2138
499,2142
454,2144
55,2144
315,2149
480,2151
203,2163
440,2165
430,2165
408,2165
307,2167
324,2168
21,2169
214,2170
351,2177
248,2193
84,2194
409,2195
225,2203
407,2204
164,2205
204,2206
275,2207
320,2209
198,2211
406,2212
459,2217
311,2217
402,2218
418,2228
322,2230
129,2231
186,2234
387,2237
24,2238
87,2240
158,2242
289,2244
490,2244
377,2244
118,2245
483,2246
169,2247
143,2248
219,2249
15,2249
86,2251
161,2252
382,2253
419,2253
496,2259
488,2265
133,2268
319,2274
57,2281
286,2287
270,2294
66,2296
126,2304
348,2306
35,2308
170,2319
4,2325
85,2329
185,2330
142,2331
230,2337
197,2339
321,2339
135,2341
458,2344
212,2346
229,2346
363,2346
294,2349
386,2352
159,2355
233,2357
283,2359
72,2365
460,2371
366,2374
68,2381
432,2383
92,2395
339,2397
412,2399
413,2404
100,2404
67,2415
389,2420
492,2421
114,2426
206,2430
279,2431
450,2435
44,2436
346,2439
49,2441
202,2443
93,2444
254,2449
392,2457
64,2460
88,2462
123,2463
103,2464
179,2467
58,2471
217,2473
128,2474
445,2474
237,2474
282,2474
80,2475
40,2476
367,2477
487,2481
491,2486
125,2498
265,2500
193,2506
176,2513
272,2515
122,2518
461,2520
329,2525
224,2531
441,2535
375,2540
482,2556
48,2559
171,2565
183,2565
199,2567
50,2570
178,2574
163,2576
77,2582
340,2584
264,2585
13,2590
271,2595
99,2595
473,2600
160,2600
335,2604
226,2610
195,2620
239,2625
308,2625
471,2627
7,2637
451,2645
262,2651
302,2656
95,2663
113,2678
16,2685
448,2690
489,2692
137,2699
328,2702
70,2709
287,2710
357,2711
276,2713
435,2714
173,2731
43,2735
207,2735
127,2742
42,2744
437,2744
466,2757
399,2764
372,2770
246,2774
478,2793
261,2802
498,2807
211,2813
41,2813
82,2816
344,2826
1,2826
303,2837
360,2850
124,2853
476,2854
136,2859
334,2889
343,2893
378,2907
154,2918
426,2929
188,2929
28,2929
260,2933
213,2935
180,2941
110,2941
395,2956
232,2963
227,2966
493,2970
258,2978
71,2983
391,2984
253,2984
62,2990
312,3026
104,3031
22,3032
293,3038
60,3046
98,3048
155,3054
54,3062
428,3081
146,3082
51,3083
196,3105
333,3155
427,3169
250,3174
208,3186
299,3192
96,3196
423,3197
475,3216
374,3218
354,3226
420,3228
263,3231
139,3233
69,3254
332,3255
472,3258
457,3264
152,3272
12,3294
190,3314
231,3334
284,3348
167,3380
172,3382
189,3385
156,3408
266,3409
45,3444
356,3454
414,3481
38,3498
297,3506
223,3518
443,3521
79,3526
145,3532
267,3545
115,3549
9,3562
310,3563
256,3577
259,3633
105,3634
306,3637
296,3682
290,3684
216,3709
456,3745
295,3753
174,3779
243,3819
23,3829
242,3851
314,3854
467,3854
364,3862
10,3939
221,3940
30,3982
400,4010
34,4058
138,4077
252,4113
288,4152
81,4153
371,4164
474,4369
341,4376
481,4417
452,4675

simblock.block.ProofOfWorkBlock@4bcb622b:100
205,0
368,282
488,389
54,511
92,567
339,621
453,670
352,671
129,732
255,776
16,785
454,809
408,837
407,853
210,882
282,893
294,905
212,913
91,941
62,949
200,958
426,958
386,989
345,1000
366,1012
208,1013
1,1018
336,1046
105,1055
262,1064
405,1067
363,1067
377,1073
28,1098
213,1101
93,1106
261,1119
22,1122
340,1124
157,1130
248,1143
178,1152
286,1160
253,1169
357,1172
85,1172
77,1173
86,1178
88,1182
443,1187
267,1191
346,1205
472,1207
94,1210
406,1221
24,1224
487,1227
275,1230
13,1232
118,1235
95,1236
450,1257
310,1264
89,1266
302,1275
8,1275
412,1276
432,1279
154,1280
315,1280
31,1280
167,1285
485,1291
392,1292
29,1295
483,1295
484,1296
199,1312
211,1314
163,1329
425,1330
448,1333
53,1336
440,1337
153,1341
338,1345
57,1345
7,1352
231,1354
180,1355
490,1356
367,1361
135,1370
216,1375
270,1379
176,1383
415,1385
419,1385
36,1386
414,1387
351,1387
278,1389
107,1392
466,1394
475,1395
304,1399
190,1399
447,1400
478,1401
337,1405
160,1406
333,1413
306,1420
250,1428
433,1431
206,1435
285,1440
236,1441
156,1443
203,1445
264,1445
328,1451
308,1452
18,1454
122,1455
321,1457
494,1459
84,1459
409,1460
186,1463
140,1466
204,1467
133,1468
179,1471
274,1474
113,1475
127,1475
283,1480
309,1483
214,1483
188,1488
279,1492
155,1492
128,1492
332,1493
230,1497
64,1497
148,1498
422,1499
496,1503
369,1505
239,1507
136,1508
137,1508
63,1514
124,1514
471,1517
311,1517
441,1520
451,1524
42,1531
493,1534
401,1539
500,1544
356,1548
83,1550
39,1552
27,1558
272,1558
305,1561
437,1562
164,1562
460,1562
410,1564
430,1564
185,1565
393,1572
293,1573
476,1574
420,1577
491,1580
428,1581
66,1584
303,1585
170,1592
162,1592
60,1593
40,1596
473,1597
82,1601
143,1601
161,1602
435,1606
457,1608
355,1610
477,1610
482,1611
51,1612
307,1613
35,1614
343,1617
417,1619
266,1629
324,1632
449,1637
55,1639
399,1646
413,1648
61,1649
149,1649
224,1650
58,1654
184,1656
150,1657
431,1662
245,1662
44,1662
121,1670
175,1671
492,1674
499,1675
116,1678
110,1687
201,1690
429,1697
233,1699
387,1702
402,1708
247,1709
489,1710
254,1710
458,1711
103,1715
292,1716
348,1717
72,1718
344,1720
427,1721
25,1733
469,1736
287,1740
33,1748
257,1749
6,1751
312,1753
320,1760
120,1762
194,1770
90,1771
244,1779
220,1781
177,1781
298,1784
330,1785
52,1785
390,1798
442,1800
65,1800
168,1804
350,1815
144,1817
134,1822
319,1826
12,1828
445,1831
17,1831
268,1832
438,1832
389,1834
241,1836
280,1837
249,1838
70,1839
301,1839
226,1858
228,1865
373,1866
238,1867
15,1875
411,1884
416,1886
446,1888
215,1892
2,1893
459,1895
117,1896
359,1897
109,1907
388,1907
119,1909
323,1912
444,1914
381,1915
3,1925
291,1927
187,1927
439,1931
21,1933
111,1934
76,1935
358,1938
455,1939
49,1944
108,1954
20,1954
486,1960
78,1962
197,1966
317,1967
4,1971
14,1974
397,1997
325,2000
470,2001
269,2006
101,2006
74,2009
102,2011
318,2016
479,2018
327,2022
384,2022
394,2023
380,2029
273,2032
376,2039
73,2040
59,2050
207,2050
196,2050
87,2051
240,2056
362,2060
159,2060
452,2063
198,2063
23,2080
331,2089
41,2093
313,2094
370,2104
378,2106
56,2109
322,2116
112,2119
131,2120
141,2126
316,2133
281,2134
192,2144
138,2145
385,2150
181,2151
202,2154
251,2161
11,2162
382,2169
217,2171
47,2173
465,2174
48,2177
96,2179
379,2184
81,2199
395,2203
166,2214
237,2219
353,2220
34,2220
75,2228
191,2235
398,2239
342,2241
400,2243
19,2244
421,2244
252,2248
495,2253
100,2261
424,2280
169,2280
227,2301
5,2312
114,2326
106,2337
26,2348
289,2349
50,2351
222,2362
158,2367
97,2368
341,2369
68,2377
139,2381
232,2385
147,2386
242,2389
130,2391
195,2393
258,2405
115,2409
151,2414
361,2422
354,2426
260,2430
364,2437
209,2437
347,2445
30,2445
480,2470
383,2477
423,2479
98,2484
374,2501
183,2523
9,2530
218,2546
146,2556
32,2557
481,2560
145,2566
10,2575
360,2578
123,2578
276,2578
300,2585
365,2591
234,2599
229,2616
46,2623
189,2630
375,2633
290,2643
436,2643
404,2690
462,2698
152,2705
314,2711
223,2746
193,2753
80,2764
335,2764
125,2782
259,2795
37,2800
126,2809
235,2817
456,2836
497,2841
171,2861
396,2861
71,2904
271,2905
165,2907
104,2909
464,2917
371,2919
299,2946
67,2963
182,2986
468,3020
99,3056
463,3070
403,3079
256,3084
43,3107
418,3128
173,3137
132,3137
172,3144
498,3243
334,3255
142,3277
329,3288
434,3299
263,3320
45,3365
391,3421
79,3440
288,3459
461,3494
326,3522
221,3618
467,3644
174,3668
277,3742
295,3756
296,3790
372,3812
297,3882
474,3951
225,3962
265,4139
349,4182
243,4208
219,4289
284,4532
69,4534
246,4868
38,5198


simblock.block.ProofOfWorkBlock@5cf9397d:59
simblock.block.ProofOfWorkBlock@42e24667:97
simblock.block.ProofOfWorkBlock@4def2f6a:97
simblock.block.ProofOfWorkBlock@1ae3aae5:36
simblock.block.ProofOfWorkBlock@53cbb00d:52
simblock.block.ProofOfWorkBlock@20b65c71:28
simblock.block.ProofOfWorkBlock@46dd7c14:13
simblock.block.ProofOfWorkBlock@418616cd:7
simblock.block.ProofOfWorkBlock@d0abf86:15
simblock.block.ProofOfWorkBlock@6ef2fdbf:34
simblock.block.ProofOfWorkBlock@7b0adfe:86
simblock.block.ProofOfWorkBlock@4eb7beb9:77
simblock.block.ProofOfWorkBlock@3b04cd4b:39
simblock.block.ProofOfWorkBlock@7988901b:51
simblock.block.ProofOfWorkBlock@4510ec2:52
simblock.block.ProofOfWorkBlock@3ab35960:87
simblock.block.ProofOfWorkBlock@3803e5d0:89
simblock.block.ProofOfWorkBlock@5094d147:9
simblock.block.ProofOfWorkBlock@586116f7:76
simblock.block.ProofOfWorkBlock@183a6a6d:22
simblock.block.ProofOfWorkBlock@158d7755:98
simblock.block.ProofOfWorkBlock@680b9a12:4
simblock.block.ProofOfWorkBlock@79618ebe:72
simblock.block.ProofOfWorkBlock@708e45ac:63
simblock.block.ProofOfWorkBlock@1ae37647:56
simblock.block.ProofOfWorkBlock@759f737b:95
simblock.block.ProofOfWorkBlock@1cfde4d8:44
simblock.block.ProofOfWorkBlock@55cb096d:84
simblock.block.ProofOfWorkBlock@42e9c70f:58
simblock.block.ProofOfWorkBlock@2b6d394b:30
simblock.block.ProofOfWorkBlock@56d33874:8
simblock.block.ProofOfWorkBlock@11f7201e:94
simblock.block.ProofOfWorkBlock@6a2bc0:57
simblock.block.ProofOfWorkBlock@3f6dd99c:63
simblock.block.ProofOfWorkBlock@24744905:14
simblock.block.ProofOfWorkBlock@8c8b3ba:54
simblock.block.ProofOfWorkBlock@ce13a15:40
simblock.block.ProofOfWorkBlock@6e9c226a:75
simblock.block.ProofOfWorkBlock@6842d8b5:39
simblock.block.ProofOfWorkBlock@7a385640:8
simblock.block.ProofOfWorkBlock@4664f8dd:16
simblock.block.ProofOfWorkBlock@787c0185:92
25
14184

BUILD SUCCESSFUL in 19s
2 actionable tasks: 1 executed, 1 up-to-date
