> Task :simulator:compileJava UP-TO-DATE
> Task :simulator:processResources NO-SOURCE
> Task :simulator:classes UP-TO-DATE

> Task :simulator:run
simblock.block.ProofOfWorkBlock@65b3120a:0
81,0
811,150
821,208
12,267
528,298
347,329
940,355
163,355
950,398
925,411
242,415
274,420
251,447
297,459
13,469
198,474
961,479
236,481
783,504
471,504
48,507
83,517
708,530
672,530
960,536
924,540
790,556
461,562
740,564
87,569
871,573
394,574
29,576
531,577
456,587
587,587
715,597
260,603
618,607
15,611
503,612
243,618
992,621
467,622
857,623
505,630
115,630
53,632
836,634
948,640
104,643
542,651
793,653
667,660
585,661
358,663
130,663
526,670
466,671
890,672
320,675
316,678
838,679
352,679
271,680
379,680
338,686
648,689
654,689
267,690
700,692
851,692
767,698
689,700
458,707
194,707
869,714
581,717
979,718
483,719
89,720
624,721
743,722
85,724
309,725
915,726
124,727
744,728
118,729
759,729
582,731
969,731
718,737
517,738
917,738
972,741
973,743
27,746
789,746
760,748
865,750
782,752
386,754
817,755
102,756
694,761
932,761
205,762
552,763
488,764
644,768
937,769
575,769
139,770
393,770
775,772
167,776
305,776
748,777
830,781
602,781
283,782
947,782
766,782
819,782
19,783
475,784
681,784
172,784
632,785
558,785
389,786
882,789
595,790
185,791
74,794
993,795
366,799
17,802
90,803
781,803
391,805
758,805
858,807
329,808
222,811
849,811
532,812
263,813
420,813
730,813
866,814
313,814
872,815
717,818
757,820
280,821
984,823
664,824
653,824
357,824
187,825
296,826
737,827
96,828
443,828
725,831
957,832
612,834
16,835
908,835
988,837
693,838
476,839
384,840
507,840
333,840
229,841
976,841
182,841
522,841
713,841
897,841
146,842
82,842
962,843
920,843
180,844
835,846
518,848
42,848
534,850
56,851
498,851
30,853
875,853
68,856
491,856
360,858
33,858
473,861
704,862
902,862
226,863
387,864
312,866
418,866
711,866
639,869
193,870
668,871
407,872
151,872
79,873
669,874
941,874
231,875
907,876
599,877
438,878
11,878
545,879
468,879
69,880
615,880
123,881
942,881
853,882
398,882
209,883
281,883
824,884
754,885
868,885
377,886
710,886
985,887
350,887
769,889
148,889
784,890
54,892
914,892
202,893
457,893
459,894
284,895
975,895
761,896
622,896
751,897
275,897
210,897
938,897
470,897
343,898
870,898
336,898
798,899
223,899
959,900
265,900
434,901
323,902
176,902
177,903
970,904
464,905
928,906
94,906
579,907
497,907
641,909
501,909
645,910
698,912
597,913
561,914
295,915
289,917
383,918
665,918
59,918
903,918
292,919
246,919
249,920
378,920
412,921
576,921
165,922
204,924
442,924
206,925
129,926
49,928
448,930
154,930
158,931
164,932
562,933
846,933
560,933
609,934
300,935
24,935
893,937
244,937
368,938
380,939
604,939
791,940
324,940
88,940
662,941
756,941
145,941
127,942
489,942
239,942
191,942
116,944
327,944
8,946
885,946
487,946
227,948
342,948
70,948
692,949
982,949
374,950
159,951
75,951
256,954
183,955
39,956
328,956
856,956
535,957
25,958
722,958
628,958
816,959
651,960
258,961
1000,961
598,963
888,963
440,963
797,963
153,963
864,964
814,964
318,965
147,966
695,967
214,968
179,968
337,969
706,969
208,970
673,970
971,971
422,971
213,972
21,972
93,972
559,973
881,973
268,974
485,974
813,974
278,975
671,978
439,978
832,980
521,980
955,982
63,982
414,982
67,983
508,984
944,985
524,986
217,986
999,986
911,987
840,987
41,987
852,989
257,991
525,991
731,991
125,994
565,994
262,996
727,996
203,997
18,997
996,997
778,997
499,998
34,999
603,999
240,1000
375,1000
465,1004
739,1006
230,1006
997,1006
828,1007
490,1009
190,1012
637,1012
376,1014
682,1015
307,1017
77,1017
150,1017
427,1018
419,1020
298,1020
963,1021
416,1021
548,1024
423,1025
460,1025
591,1027
410,1027
879,1028
958,1029
436,1030
453,1031
365,1032
520,1033
945,1035
663,1036
363,1038
143,1039
990,1040
655,1040
233,1042
912,1043
108,1043
195,1043
929,1046
277,1047
134,1047
742,1047
372,1048
833,1048
149,1049
861,1053
92,1054
537,1054
605,1057
450,1057
818,1057
608,1058
200,1061
904,1063
218,1064
359,1064
5,1065
886,1065
617,1067
770,1068
99,1069
469,1070
620,1070
800,1073
543,1073
570,1074
850,1078
792,1078
590,1081
697,1083
779,1083
55,1083
994,1085
573,1085
10,1086
111,1086
128,1086
916,1087
345,1087
51,1088
951,1089
515,1094
381,1095
773,1096
631,1101
527,1105
132,1108
162,1111
348,1111
541,1113
574,1114
326,1118
538,1122
676,1123
747,1123
424,1126
23,1126
107,1127
691,1129
884,1129
247,1129
685,1130
820,1132
806,1133
998,1135
484,1135
883,1136
291,1137
855,1140
290,1140
705,1142
765,1143
854,1143
287,1143
331,1143
234,1144
106,1144
71,1144
31,1152
746,1157
4,1162
173,1165
555,1165
270,1168
301,1170
186,1170
361,1171
516,1171
364,1174
841,1179
152,1179
334,1182
546,1186
220,1188
385,1188
547,1189
987,1190
964,1193
248,1195
753,1195
859,1200
502,1200
196,1201
112,1202
863,1204
330,1207
38,1208
533,1208
919,1212
390,1213
891,1213
32,1216
511,1217
61,1218
728,1219
723,1223
677,1224
826,1228
625,1228
995,1230
282,1230
500,1231
109,1231
815,1231
965,1234
678,1234
409,1235
413,1236
66,1237
426,1237
629,1238
494,1241
794,1242
977,1244
155,1245
395,1245
860,1245
822,1247
431,1248
170,1248
626,1249
734,1253
777,1254
956,1255
478,1257
216,1257
716,1258
219,1258
35,1259
429,1263
719,1263
687,1263
141,1265
657,1266
304,1273
451,1274
968,1274
601,1274
519,1276
539,1276
714,1278
184,1278
736,1279
225,1279
569,1280
221,1280
512,1281
62,1281
529,1282
640,1288
136,1289
839,1290
568,1292
341,1293
755,1293
52,1293
606,1299
396,1299
643,1300
105,1303
831,1303
577,1304
551,1305
906,1306
922,1306
554,1308
397,1311
661,1313
506,1313
415,1314
936,1314
272,1315
224,1315
827,1315
553,1316
659,1317
630,1319
480,1321
980,1323
764,1327
175,1327
566,1327
117,1337
84,1338
690,1340
73,1342
160,1342
276,1343
351,1344
482,1344
634,1345
171,1347
544,1348
807,1349
486,1349
3,1350
100,1351
504,1358
733,1360
495,1366
261,1369
140,1371
931,1371
623,1376
572,1377
867,1378
829,1378
593,1380
64,1381
772,1382
842,1383
702,1387
353,1388
472,1388
235,1388
650,1388
580,1389
952,1392
780,1392
847,1393
72,1397
481,1399
1,1401
536,1402
211,1407
981,1409
120,1410
812,1411
762,1412
567,1413
496,1414
966,1423
738,1424
930,1425
720,1427
321,1428
463,1430
215,1431
749,1432
47,1435
905,1435
745,1435
238,1437
670,1438
98,1438
696,1443
610,1446
138,1451
564,1452
408,1452
411,1455
578,1455
406,1458
873,1459
513,1460
14,1460
913,1460
325,1463
157,1464
382,1468
369,1469
430,1474
939,1474
400,1476
311,1476
401,1476
161,1477
638,1477
776,1485
679,1486
910,1486
596,1487
114,1488
896,1491
454,1494
825,1496
199,1497
367,1497
76,1507
509,1509
954,1511
432,1512
514,1513
549,1514
901,1515
253,1519
9,1522
967,1522
346,1526
259,1526
646,1527
771,1535
133,1537
837,1542
212,1547
122,1550
355,1552
540,1557
635,1558
684,1558
332,1559
286,1559
660,1560
2,1561
6,1562
741,1562
20,1563
192,1564
699,1564
732,1564
228,1571
441,1574
584,1576
805,1576
97,1577
735,1577
189,1580
874,1580
619,1581
563,1582
991,1583
43,1587
989,1589
877,1590
889,1591
946,1598
493,1601
308,1602
306,1604
701,1609
843,1610
433,1615
449,1622
923,1623
712,1624
763,1628
317,1629
269,1630
447,1636
371,1638
774,1644
721,1646
649,1652
675,1654
674,1654
103,1655
279,1659
80,1660
703,1660
927,1668
373,1672
934,1674
647,1678
709,1678
294,1683
616,1684
600,1689
356,1690
403,1691
402,1694
349,1697
142,1698
285,1701
594,1702
28,1707
588,1708
614,1710
322,1711
642,1713
428,1720
680,1721
750,1724
135,1730
178,1731
895,1732
586,1734
636,1734
892,1737
810,1737
315,1740
319,1745
986,1750
589,1750
592,1750
78,1752
933,1759
421,1759
795,1764
288,1764
188,1766
729,1769
607,1774
510,1777
876,1784
802,1798
86,1798
656,1799
60,1805
201,1810
45,1810
556,1816
983,1822
252,1823
168,1825
801,1829
299,1830
943,1843
91,1846
264,1850
787,1852
455,1853
126,1855
435,1856
119,1859
46,1860
26,1860
339,1864
752,1864
627,1865
302,1868
683,1877
726,1877
444,1880
479,1891
788,1893
523,1894
844,1897
658,1906
303,1907
425,1912
909,1913
392,1913
862,1916
724,1923
7,1929
557,1938
131,1946
137,1947
492,1955
266,1958
250,1973
633,1981
935,1991
834,2000
232,2002
796,2006
344,2015
921,2019
181,2022
388,2030
121,2035
437,2047
40,2048
583,2048
144,2049
530,2056
207,2059
445,2071
926,2075
809,2088
613,2094
611,2108
786,2128
808,2139
652,2141
768,2162
900,2173
255,2182
898,2184
237,2209
113,2210
666,2217
22,2218
340,2222
314,2223
241,2232
550,2234
405,2236
57,2249
978,2259
174,2279
474,2280
370,2304
785,2309
452,2323
878,2337
918,2344
399,2354
58,2357
37,2370
65,2396
197,2403
110,2407
953,2434
44,2437
404,2460
95,2501
848,2508
245,2516
36,2528
899,2531
462,2566
310,2566
621,2577
417,2591
949,2595
804,2610
169,2640
101,2645
799,2693
156,2726
880,2733
254,2756
894,2830
166,2849
688,2865
707,2875
974,2894
446,2980
887,2985
335,3020
354,3097
273,3135
477,3149
293,3270
50,3303
823,3417
803,3450
845,3555
686,3837
362,4123
571,4433

simblock.block.ProofOfWorkBlock@ffb8f15:1
11,0
450,220
132,331
606,417
122,439
23,499
559,521
272,553
331,581
314,613
216,639
173,640
987,665
883,693
567,695
1,721
906,721
651,728
288,749
771,774
764,778
415,785
224,802
238,803
189,804
432,809
540,834
594,836
970,841
901,856
114,864
939,867
40,870
510,886
445,890
381,894
691,895
181,917
980,917
701,918
502,934
921,939
294,942
765,946
112,948
650,949
226,950
483,951
847,954
577,970
629,974
178,975
995,975
519,984
284,989
837,993
225,997
204,999
369,999
73,1005
625,1010
591,1018
168,1022
444,1025
325,1025
108,1028
232,1029
596,1029
806,1030
749,1032
549,1035
426,1037
863,1041
840,1046
103,1051
241,1051
563,1054
630,1055
355,1057
64,1061
221,1061
780,1065
862,1076
547,1081
2,1081
318,1082
500,1088
365,1090
472,1091
753,1092
471,1100
353,1110
265,1112
702,1114
538,1115
544,1116
734,1116
816,1116
229,1117
390,1118
201,1119
411,1120
386,1121
884,1122
337,1128
551,1132
831,1136
429,1137
521,1137
896,1138
610,1138
601,1139
850,1142
736,1144
922,1146
291,1146
74,1150
252,1157
131,1158
367,1164
310,1166
79,1166
964,1167
504,1167
485,1170
759,1173
712,1173
998,1173
299,1174
985,1174
311,1175
513,1176
9,1181
361,1184
861,1186
3,1192
480,1193
158,1195
447,1196
152,1198
107,1198
338,1198
536,1198
743,1199
556,1199
196,1199
346,1200
841,1200
742,1201
170,1206
821,1207
62,1208
807,1209
29,1211
171,1212
595,1212
589,1215
430,1218
304,1219
327,1219
583,1220
330,1220
956,1220
133,1222
690,1223
787,1225
570,1226
106,1227
525,1228
685,1229
235,1235
323,1237
623,1240
136,1241
931,1241
741,1246
373,1247
568,1248
511,1248
282,1249
155,1252
738,1253
184,1254
127,1255
348,1255
564,1257
66,1257
481,1257
512,1258
199,1260
728,1260
772,1260
813,1262
631,1263
141,1264
463,1266
842,1267
814,1268
32,1274
222,1275
617,1276
716,1276
733,1276
531,1277
14,1280
516,1281
776,1281
967,1282
572,1282
479,1282
762,1282
506,1283
682,1283
63,1285
801,1288
212,1293
162,1294
744,1297
626,1297
47,1298
981,1299
608,1300
745,1301
668,1302
680,1302
28,1302
696,1302
351,1305
860,1306
661,1306
991,1307
77,1309
408,1315
484,1316
357,1316
715,1316
855,1317
835,1317
457,1319
947,1320
403,1324
569,1326
910,1329
118,1329
94,1332
946,1332
309,1332
470,1333
400,1333
854,1334
175,1335
78,1336
397,1337
406,1338
616,1339
647,1339
110,1339
777,1340
640,1341
341,1341
941,1341
621,1341
186,1342
253,1342
720,1342
22,1346
90,1348
882,1349
566,1350
679,1351
167,1353
951,1356
560,1356
676,1357
81,1358
874,1358
573,1361
98,1361
65,1362
356,1364
775,1364
259,1365
262,1365
396,1367
952,1368
55,1369
954,1370
973,1372
416,1373
829,1374
100,1375
820,1376
867,1377
435,1378
99,1378
936,1379
276,1381
824,1381
149,1383
495,1383
815,1385
93,1385
727,1386
368,1386
264,1386
993,1386
541,1386
317,1389
923,1389
308,1391
527,1391
963,1391
52,1391
129,1391
151,1391
80,1393
197,1394
143,1395
320,1395
622,1397
526,1398
996,1398
451,1398
740,1399
220,1401
534,1401
285,1403
990,1409
287,1410
811,1411
135,1411
499,1411
117,1411
659,1412
179,1414
246,1414
270,1416
248,1419
587,1421
812,1422
822,1423
705,1424
825,1424
677,1424
475,1427
371,1428
578,1429
684,1432
721,1432
552,1435
729,1435
718,1437
543,1438
43,1439
683,1439
800,1440
219,1441
105,1441
35,1442
554,1445
244,1447
843,1447
838,1448
191,1448
826,1448
977,1450
778,1452
16,1452
940,1452
242,1453
654,1455
920,1455
130,1455
984,1457
349,1457
372,1461
395,1462
489,1463
459,1463
486,1465
517,1468
783,1468
382,1468
496,1468
872,1470
190,1471
968,1472
697,1474
83,1474
893,1475
507,1477
747,1479
992,1479
185,1480
111,1481
307,1482
579,1486
422,1487
75,1488
935,1489
891,1491
19,1493
687,1493
279,1502
603,1502
366,1502
582,1503
260,1504
828,1506
618,1506
236,1507
755,1508
374,1508
767,1508
657,1510
774,1514
975,1515
586,1517
932,1517
137,1519
478,1519
634,1523
997,1524
312,1525
409,1525
328,1528
84,1530
719,1530
54,1530
123,1532
439,1534
387,1535
888,1536
5,1537
51,1538
717,1538
461,1539
781,1539
590,1539
491,1539
352,1539
120,1541
69,1541
202,1544
944,1546
363,1547
385,1548
908,1548
919,1549
819,1550
678,1550
177,1551
469,1552
533,1554
1000,1554
624,1557
407,1557
350,1557
714,1557
454,1558
124,1559
576,1560
443,1561
950,1563
585,1564
689,1564
695,1566
805,1567
342,1571
879,1571
153,1575
671,1576
692,1576
256,1580
754,1582
638,1583
769,1585
243,1585
193,1585
708,1585
148,1586
295,1587
849,1588
292,1589
300,1589
140,1590
211,1592
773,1597
490,1598
674,1599
139,1601
782,1606
914,1608
116,1611
852,1613
739,1614
971,1615
431,1616
313,1616
794,1616
145,1617
698,1619
465,1625
700,1625
289,1626
347,1627
605,1629
31,1629
59,1629
214,1630
694,1630
886,1630
160,1632
213,1635
866,1638
424,1638
912,1638
818,1640
71,1641
334,1641
364,1642
271,1644
609,1644
930,1644
641,1649
419,1650
377,1651
209,1653
792,1654
784,1657
182,1657
851,1661
239,1662
205,1663
748,1664
296,1667
49,1669
466,1671
266,1673
473,1674
994,1676
194,1678
637,1679
344,1680
972,1681
240,1682
200,1682
553,1689
251,1689
726,1690
414,1691
648,1692
297,1693
20,1696
766,1699
532,1699
358,1700
979,1702
961,1704
958,1705
125,1706
332,1706
827,1708
929,1709
856,1711
758,1711
154,1711
70,1713
258,1713
535,1714
635,1714
13,1715
497,1716
542,1716
756,1717
412,1719
597,1720
558,1722
948,1726
104,1726
580,1729
25,1729
880,1734
900,1736
639,1738
505,1739
423,1740
24,1741
410,1745
865,1751
442,1752
875,1755
274,1759
380,1759
128,1759
962,1759
17,1760
329,1760
157,1760
722,1762
711,1767
58,1769
982,1771
227,1773
458,1780
658,1780
467,1782
620,1786
518,1789
393,1789
665,1791
873,1791
761,1792
959,1794
268,1796
918,1796
529,1796
868,1797
280,1802
960,1802
383,1802
662,1802
522,1803
68,1804
887,1805
645,1807
864,1809
751,1809
417,1810
546,1812
44,1813
655,1814
965,1816
598,1817
172,1820
555,1824
53,1824
46,1825
326,1826
41,1827
593,1828
607,1829
434,1830
10,1832
195,1834
974,1838
440,1842
770,1844
672,1846
928,1853
903,1854
464,1854
870,1855
523,1855
345,1858
303,1862
72,1864
498,1867
38,1868
796,1873
988,1875
163,1877
169,1880
604,1883
290,1883
85,1887
92,1891
150,1891
911,1893
96,1896
42,1896
876,1896
159,1898
633,1899
61,1901
986,1907
612,1909
378,1909
614,1912
316,1913
789,1918
428,1922
147,1927
109,1928
933,1928
757,1931
257,1933
562,1934
592,1935
957,1936
709,1937
584,1937
89,1946
21,1947
798,1948
653,1948
704,1953
293,1955
340,1957
492,1963
615,1965
907,1970
336,1971
878,1972
737,1976
249,1977
30,1977
707,1978
192,1978
673,1978
398,1978
87,1981
508,1983
324,1985
857,1985
269,1986
456,1986
376,1990
904,1991
494,2000
298,2000
267,2001
817,2002
723,2002
302,2006
230,2007
858,2007
844,2012
441,2013
306,2014
823,2014
283,2016
399,2019
899,2020
233,2023
667,2023
669,2025
389,2028
619,2029
934,2029
208,2030
628,2031
468,2032
699,2035
362,2035
885,2042
898,2047
161,2051
924,2059
503,2060
791,2061
938,2068
909,2071
88,2071
453,2071
421,2073
333,2073
231,2073
437,2074
138,2077
4,2077
413,2080
207,2081
301,2084
394,2089
277,2091
134,2104
142,2107
281,2111
561,2112
750,2113
146,2120
438,2121
545,2123
82,2124
937,2125
644,2127
8,2129
245,2133
102,2140
664,2144
515,2151
206,2156
881,2157
420,2158
12,2159
575,2160
925,2160
830,2162
48,2164
427,2164
113,2170
539,2172
321,2175
846,2179
183,2181
402,2183
675,2187
27,2189
871,2197
663,2202
839,2202
477,2203
731,2204
833,2204
666,2205
476,2210
643,2214
649,2235
799,2235
520,2237
418,2237
187,2247
537,2249
746,2251
943,2252
760,2260
611,2271
735,2273
370,2276
493,2280
39,2286
976,2287
895,2290
752,2293
448,2295
574,2296
384,2297
180,2298
234,2303
67,2305
788,2310
942,2314
33,2317
889,2326
955,2326
425,2327
600,2328
487,2330
915,2331
223,2333
115,2337
636,2339
460,2342
56,2353
581,2354
501,2357
571,2360
763,2366
768,2373
164,2376
859,2383
391,2385
710,2395
354,2406
894,2406
6,2409
278,2410
319,2411
198,2424
263,2425
305,2438
156,2451
652,2465
247,2471
488,2472
524,2473
218,2473
853,2476
379,2478
869,2480
646,2487
165,2496
91,2498
15,2501
176,2507
917,2510
217,2528
713,2532
706,2534
261,2538
449,2545
803,2551
632,2552
670,2557
809,2573
401,2575
97,2579
359,2587
890,2602
86,2611
656,2634
474,2643
548,2644
119,2645
793,2649
528,2652
953,2653
642,2658
724,2662
339,2662
144,2668
602,2669
392,2672
18,2680
254,2699
725,2707
275,2710
375,2710
174,2721
681,2726
57,2728
834,2730
550,2732
588,2735
810,2748
255,2750
892,2763
797,2779
514,2788
446,2789
203,2817
969,2827
126,2828
315,2835
688,2836
916,2843
343,2848
730,2880
405,2885
210,2885
795,2886
790,2887
905,2895
949,2916
436,2959
50,2970
335,2975
95,2983
36,2983
433,2984
360,2991
989,2995
121,3007
565,3009
166,3014
897,3018
836,3024
660,3036
978,3037
832,3056
7,3087
482,3132
983,3134
286,3140
999,3170
60,3173
779,3191
188,3211
76,3220
802,3228
34,3232
613,3243
101,3265
404,3292
693,3313
627,3334
945,3345
786,3383
250,3393
902,3415
26,3442
913,3466
557,3479
273,3492
804,3515
848,3520
599,3588
926,3594
845,3635
37,3640
732,3713
530,3747
455,3763
927,3770
462,3836
966,3841
509,3888
877,3891
703,3964
237,4018
808,4092
388,4097
228,4136
215,4146
785,4213
45,4342
686,4393
452,4405
322,4657

simblock.block.ProofOfWorkBlock@483f7dfb:2
777,0
626,219
855,305
738,390
643,453
679,474
547,523
43,550
538,563
742,605
684,606
51,644
141,669
536,693
211,693
184,695
968,725
457,738
764,740
829,755
47,766
596,776
936,777
772,781
519,806
556,826
676,830
152,840
348,843
386,849
411,859
120,864
682,872
984,887
930,895
891,896
287,911
435,915
791,915
3,915
226,916
62,918
629,922
702,928
349,940
837,948
787,949
307,950
412,952
310,962
235,985
900,987
238,994
40,994
112,997
884,999
72,999
294,999
311,1000
481,1003
762,1003
102,1007
847,1012
546,1020
479,1030
108,1030
224,1032
498,1039
828,1042
367,1045
901,1048
118,1056
309,1063
450,1063
778,1064
160,1064
313,1072
496,1072
212,1075
397,1076
621,1076
559,1080
506,1082
690,1085
216,1086
344,1086
952,1087
79,1087
61,1090
922,1091
87,1093
221,1096
489,1101
602,1102
575,1102
987,1113
822,1115
456,1116
886,1123
580,1125
124,1128
330,1130
52,1130
915,1132
661,1135
4,1139
516,1139
674,1141
874,1142
225,1145
299,1148
749,1149
534,1150
173,1151
720,1152
751,1156
49,1160
644,1160
525,1161
850,1161
398,1162
851,1162
601,1163
816,1164
466,1165
454,1166
494,1169
755,1171
445,1171
80,1171
945,1171
194,1174
65,1174
341,1175
862,1178
317,1178
387,1184
463,1185
31,1188
911,1190
374,1193
993,1194
327,1201
712,1203
867,1206
395,1212
904,1212
103,1213
429,1213
700,1214
296,1215
342,1216
199,1216
440,1216
382,1218
483,1218
963,1218
551,1220
371,1221
14,1221
214,1221
992,1221
355,1222
1,1224
544,1224
842,1225
394,1226
990,1229
364,1231
2,1231
331,1233
774,1234
870,1234
9,1237
365,1238
697,1239
416,1241
919,1243
994,1243
74,1243
373,1244
852,1245
78,1245
906,1245
815,1246
928,1247
325,1248
28,1248
400,1249
105,1250
543,1250
147,1252
677,1252
647,1252
563,1253
218,1253
231,1253
615,1255
698,1256
548,1257
986,1258
678,1260
135,1266
71,1266
542,1266
706,1269
5,1270
486,1271
566,1272
448,1275
704,1275
582,1277
272,1279
907,1280
757,1281
896,1283
323,1283
995,1285
137,1286
439,1287
11,1288
426,1288
617,1289
521,1290
746,1290
94,1295
181,1296
733,1297
513,1298
830,1299
332,1299
657,1300
669,1302
22,1304
780,1305
935,1305
781,1306
806,1306
568,1306
910,1307
361,1308
383,1308
42,1309
998,1311
739,1311
136,1311
343,1312
133,1312
451,1313
946,1314
186,1316
971,1316
59,1318
941,1320
567,1321
616,1321
222,1322
888,1322
954,1322
375,1324
597,1324
384,1326
630,1326
510,1327
356,1327
722,1328
672,1329
964,1330
155,1330
923,1330
470,1331
312,1332
761,1333
89,1334
699,1334
841,1334
378,1334
632,1334
114,1334
64,1335
280,1336
270,1336
351,1337
201,1339
252,1339
423,1339
843,1340
162,1341
991,1344
77,1345
554,1346
573,1347
420,1347
204,1348
109,1353
711,1354
916,1354
353,1355
692,1356
168,1356
110,1357
203,1363
961,1367
789,1367
695,1367
507,1368
140,1368
274,1368
623,1368
406,1368
158,1369
553,1370
187,1372
415,1372
320,1373
329,1373
504,1374
606,1374
574,1375
572,1376
390,1377
171,1379
39,1380
581,1380
410,1380
220,1380
864,1382
131,1385
475,1385
253,1386
858,1387
589,1387
130,1388
831,1388
512,1388
659,1390
797,1391
969,1392
610,1392
569,1393
745,1393
346,1393
117,1395
123,1396
859,1396
715,1396
753,1396
650,1398
338,1398
860,1399
491,1400
664,1403
200,1403
442,1404
801,1405
693,1406
70,1406
67,1408
153,1408
618,1408
586,1408
391,1409
849,1409
308,1409
368,1410
241,1410
903,1410
558,1411
743,1411
189,1412
800,1413
662,1414
264,1415
258,1417
890,1417
292,1418
549,1419
593,1420
979,1420
741,1420
499,1420
107,1421
314,1423
625,1424
467,1424
139,1424
783,1427
288,1427
577,1428
298,1431
432,1431
793,1432
725,1432
98,1433
246,1434
369,1434
328,1434
902,1435
23,1438
552,1439
334,1439
612,1440
508,1440
276,1441
248,1442
55,1442
988,1443
522,1444
691,1445
268,1448
444,1449
243,1450
539,1450
938,1452
540,1452
244,1457
883,1458
719,1459
533,1459
608,1459
408,1461
931,1461
468,1463
263,1463
358,1463
403,1463
740,1463
583,1464
318,1465
337,1465
529,1465
154,1465
175,1468
631,1469
350,1469
197,1470
265,1471
122,1471
856,1473
651,1474
232,1474
88,1475
366,1476
541,1476
796,1477
956,1477
812,1478
726,1482
393,1482
798,1484
464,1487
836,1487
967,1488
758,1490
827,1491
196,1491
236,1492
66,1492
705,1494
622,1495
205,1495
826,1495
488,1500
882,1502
495,1502
776,1503
579,1504
875,1506
206,1507
598,1508
531,1510
407,1510
291,1511
980,1512
233,1513
170,1514
111,1514
782,1515
527,1515
132,1516
765,1516
476,1521
316,1521
532,1526
209,1526
447,1529
460,1531
838,1538
635,1538
805,1538
518,1538
981,1541
125,1541
736,1542
731,1544
605,1545
32,1546
701,1546
503,1547
716,1549
638,1551
680,1552
490,1554
472,1555
100,1557
683,1559
501,1563
857,1563
908,1564
396,1568
304,1569
708,1570
19,1571
885,1573
8,1573
115,1574
721,1575
654,1575
756,1577
256,1579
190,1579
825,1580
381,1581
377,1582
430,1583
427,1584
976,1584
473,1585
962,1587
285,1587
1000,1587
645,1591
710,1592
56,1593
219,1595
819,1596
301,1596
85,1598
863,1599
893,1599
167,1601
599,1601
854,1601
594,1602
478,1602
807,1603
869,1609
15,1610
431,1611
880,1612
178,1614
881,1615
685,1615
262,1617
564,1619
775,1620
500,1620
578,1622
484,1623
511,1624
997,1625
230,1628
502,1629
560,1631
409,1638
240,1638
34,1639
924,1640
27,1641
480,1641
96,1642
814,1644
975,1645
528,1646
624,1647
951,1651
352,1654
81,1654
93,1654
737,1658
17,1658
259,1660
38,1660
283,1661
665,1661
555,1662
389,1662
663,1664
771,1667
208,1668
965,1669
866,1671
30,1674
247,1675
169,1675
517,1679
324,1682
769,1682
172,1684
151,1685
585,1686
485,1688
820,1689
12,1690
127,1693
419,1693
944,1701
279,1703
63,1703
380,1706
734,1708
385,1710
10,1711
453,1716
164,1722
165,1724
469,1724
727,1729
929,1732
897,1736
183,1738
443,1740
459,1744
784,1747
912,1749
277,1750
853,1751
955,1751
278,1752
724,1752
282,1753
322,1754
83,1755
86,1756
289,1757
561,1758
157,1759
947,1760
207,1761
195,1762
766,1763
179,1766
972,1766
422,1772
150,1772
603,1774
879,1774
305,1775
73,1780
13,1780
760,1784
234,1789
759,1790
505,1791
452,1793
996,1794
392,1796
180,1798
937,1798
53,1798
48,1799
637,1804
104,1805
713,1813
943,1813
35,1817
198,1818
290,1818
249,1819
537,1820
260,1821
818,1824
799,1825
497,1827
687,1829
145,1830
792,1833
696,1835
942,1836
717,1837
925,1837
905,1837
656,1842
562,1844
438,1844
229,1845
999,1847
653,1849
763,1849
176,1850
794,1854
668,1857
405,1857
515,1858
872,1861
33,1863
347,1863
894,1866
227,1866
634,1867
689,1867
228,1869
441,1870
694,1873
433,1873
723,1875
619,1876
576,1877
666,1880
588,1883
192,1884
202,1887
639,1889
673,1890
91,1898
129,1899
50,1902
640,1903
703,1903
526,1910
275,1914
675,1920
570,1923
414,1925
790,1925
37,1926
101,1929
413,1930
817,1933
958,1934
297,1938
465,1938
545,1945
877,1945
193,1948
932,1948
58,1948
948,1950
461,1950
113,1950
57,1952
591,1957
718,1957
620,1958
636,1958
959,1964
99,1969
670,1973
223,1974
428,1975
295,1975
671,1979
921,1988
628,1993
571,1997
339,1998
362,1998
134,2001
977,2005
360,2007
509,2007
336,2007
76,2008
24,2008
75,2008
873,2010
421,2012
832,2015
779,2017
182,2019
848,2019
913,2023
487,2024
735,2025
146,2025
319,2026
303,2027
148,2031
213,2033
269,2035
667,2037
159,2040
119,2040
641,2045
271,2046
177,2055
973,2057
728,2065
730,2066
266,2071
773,2073
768,2073
681,2083
707,2085
686,2093
41,2097
966,2099
940,2099
417,2100
121,2101
446,2102
926,2106
363,2106
7,2114
754,2115
359,2119
844,2119
646,2120
917,2120
436,2122
424,2122
982,2124
565,2131
927,2133
16,2134
191,2139
889,2139
744,2141
609,2144
25,2148
824,2155
652,2156
939,2161
642,2170
54,2170
514,2172
729,2176
188,2180
345,2180
535,2182
709,2183
254,2185
604,2194
69,2198
920,2199
242,2199
267,2207
950,2210
953,2213
163,2216
835,2225
18,2233
251,2240
767,2245
876,2249
649,2250
895,2255
934,2255
166,2260
68,2260
142,2274
813,2274
595,2279
865,2280
808,2285
418,2293
458,2298
326,2298
960,2299
648,2311
861,2312
21,2314
747,2318
210,2318
116,2324
370,2332
795,2341
811,2353
627,2354
898,2354
871,2364
785,2365
614,2373
809,2374
84,2382
284,2390
156,2391
434,2394
300,2402
239,2406
523,2408
399,2419
29,2421
985,2422
810,2437
477,2439
217,2440
933,2445
340,2448
46,2453
786,2455
245,2463
655,2477
592,2478
714,2489
106,2490
520,2497
833,2498
823,2501
803,2501
261,2504
449,2508
878,2508
914,2527
138,2528
144,2531
892,2540
425,2542
658,2563
846,2563
306,2570
128,2573
887,2580
357,2597
388,2612
149,2614
404,2633
688,2649
281,2650
974,2650
750,2657
493,2658
557,2660
333,2664
273,2692
45,2699
257,2702
250,2705
437,2705
802,2727
752,2730
126,2745
839,2745
143,2749
788,2750
174,2752
372,2770
462,2780
97,2781
770,2791
6,2792
315,2799
834,2814
92,2828
524,2838
321,2861
840,2877
286,2898
161,2908
354,2919
821,2920
868,2929
36,2943
584,2947
845,2952
482,2966
732,2990
587,3002
215,3014
185,3018
600,3028
918,3034
237,3041
401,3047
474,3056
471,3093
899,3119
95,3150
909,3175
455,3179
989,3190
957,3191
983,3206
44,3250
82,3272
335,3288
20,3312
978,3359
970,3366
293,3406
613,3443
379,3447
550,3462
804,3503
949,3539
607,3573
611,3607
590,3621
530,3692
302,3778
633,3789
376,3794
90,3974
255,4034
748,4149
660,4281
492,4398
402,4530
60,4654
26,4901

simblock.block.ProofOfWorkBlock@7f0d0408:2
666,0
898,350
293,506
978,732
633,745
913,897
437,908
155,979
113,1046
808,1072
877,1217
616,1227
786,1294
355,1306
349,1457
445,1473
478,1478
348,1480
136,1575
547,1637
712,1733
72,1739
564,1741
15,1822
527,1833
776,1896
772,1998
446,2000
238,2013
494,2098
539,2155
959,2190
577,2259
152,2260
538,2294
209,2406
382,2422
120,2521
468,2539
960,2558
226,2573
395,2681
561,2706
128,2818
578,2851
431,2861
854,2892
357,2981
639,3011
535,3126
502,3139
839,3161
821,3242
104,3282
151,3316
321,3425
491,3427
347,3458
127,3583
704,3592
849,3615
6,3709
961,3727
644,3757
24,3883
243,3919
271,3939
197,3984
907,4025
69,4062
893,4181
856,4217
477,4268
886,4324
619,4341
242,4359
30,4485
425,4603
222,4621
615,4648
453,4798
115,5029
345,5098
971,5396
439,5409
955,5696
488,5794
326,5995
93,6293
853,6596
813,6907
471,7214

simblock.block.ProofOfWorkBlock@1883a602:3
601,0
9,225
173,306
568,389
259,442
152,472
114,524
721,526
426,554
606,605
220,607
690,615
400,636
510,662
496,688
847,691
765,696
226,698
331,733
806,743
201,748
733,751
906,777
842,777
883,781
516,783
995,820
651,826
525,828
365,831
197,833
211,833
108,857
480,858
356,864
681,864
1,866
317,868
103,879
355,906
178,908
396,910
141,910
22,911
987,912
368,913
287,915
311,917
504,921
874,940
742,946
196,946
481,959
479,961
850,966
472,970
314,971
566,991
629,992
232,994
252,995
661,997
432,998
429,998
495,998
171,999
638,1001
820,1004
623,1007
562,1013
444,1026
739,1028
529,1031
235,1040
595,1040
318,1041
212,1042
924,1043
304,1045
502,1047
69,1050
105,1050
583,1052
486,1052
544,1056
445,1057
341,1063
68,1065
912,1070
272,1076
291,1080
66,1080
910,1081
567,1082
430,1083
369,1083
264,1084
381,1085
346,1085
78,1086
117,1087
862,1088
639,1089
155,1089
310,1093
244,1096
403,1098
791,1104
219,1109
896,1113
835,1120
447,1121
435,1122
717,1125
110,1125
265,1126
780,1130
353,1132
736,1132
792,1133
677,1134
351,1134
762,1134
94,1135
604,1135
891,1138
330,1140
451,1141
288,1141
772,1143
577,1143
720,1143
837,1146
100,1158
928,1162
812,1163
122,1164
559,1165
539,1166
162,1166
260,1166
680,1166
738,1167
964,1167
11,1169
578,1171
616,1171
189,1171
991,1172
843,1177
312,1181
729,1181
540,1181
563,1182
40,1182
722,1184
390,1185
65,1187
450,1191
160,1191
366,1192
825,1194
508,1195
294,1203
222,1203
17,1205
572,1209
14,1211
691,1213
547,1215
199,1216
24,1216
3,1216
349,1217
637,1217
755,1218
564,1218
456,1219
620,1219
406,1219
556,1220
299,1221
494,1223
726,1223
238,1223
512,1224
120,1224
373,1225
408,1225
518,1225
463,1225
72,1228
32,1228
136,1229
204,1231
276,1235
133,1236
498,1239
225,1245
478,1248
952,1249
209,1250
519,1251
758,1252
980,1252
697,1255
511,1258
364,1258
986,1259
725,1259
132,1260
716,1264
712,1264
279,1265
371,1265
815,1266
54,1267
580,1269
998,1269
674,1270
461,1270
931,1271
506,1273
807,1273
367,1274
73,1274
560,1274
15,1274
348,1275
960,1276
881,1283
775,1285
268,1285
701,1291
112,1297
123,1297
227,1298
977,1300
23,1300
859,1300
711,1301
386,1301
771,1303
776,1305
361,1306
867,1307
829,1307
679,1307
4,1308
253,1308
13,1309
527,1309
816,1310
308,1310
325,1310
831,1311
981,1311
170,1313
137,1314
665,1316
129,1317
884,1318
630,1319
852,1321
767,1325
745,1328
243,1328
554,1330
64,1330
714,1331
718,1340
643,1340
75,1342
520,1342
536,1342
702,1343
647,1343
98,1343
999,1344
290,1346
164,1348
968,1349
594,1350
589,1350
397,1351
382,1352
875,1353
814,1353
501,1355
2,1356
826,1356
919,1357
551,1357
687,1358
538,1359
650,1359
787,1360
676,1360
154,1360
131,1361
224,1361
454,1362
533,1366
796,1366
503,1366
420,1367
182,1369
946,1370
865,1370
737,1370
374,1375
34,1377
914,1377
415,1379
528,1381
328,1381
175,1381
922,1381
723,1382
967,1382
801,1382
921,1383
694,1384
901,1385
181,1385
751,1385
753,1387
678,1388
993,1390
615,1391
213,1392
773,1393
35,1393
781,1394
411,1395
395,1395
923,1396
466,1397
659,1398
55,1399
777,1400
270,1401
460,1401
332,1402
208,1402
12,1403
151,1403
214,1405
754,1405
52,1405
682,1407
513,1410
295,1410
548,1411
947,1415
205,1420
621,1422
221,1423
176,1424
327,1424
282,1428
526,1431
936,1434
719,1434
841,1437
256,1438
471,1438
593,1438
124,1439
938,1440
107,1442
871,1442
851,1442
569,1443
29,1444
549,1444
500,1444
789,1445
62,1446
10,1446
28,1446
241,1447
324,1447
61,1447
517,1449
233,1450
296,1456
655,1456
684,1457
505,1460
168,1463
216,1464
598,1473
635,1475
534,1476
856,1477
334,1480
47,1480
824,1480
473,1482
484,1483
626,1483
596,1483
532,1484
930,1485
794,1487
879,1488
283,1488
507,1490
543,1490
710,1492
657,1493
935,1494
393,1494
663,1497
217,1498
965,1499
950,1501
672,1502
797,1503
134,1503
326,1504
706,1504
74,1505
267,1505
746,1506
748,1506
734,1507
932,1508
644,1510
683,1513
855,1514
669,1514
860,1515
576,1518
203,1518
979,1521
376,1521
427,1522
139,1522
764,1523
280,1526
741,1528
774,1528
344,1530
198,1531
957,1531
240,1532
822,1533
43,1533
958,1535
412,1535
699,1535
984,1535
184,1538
248,1538
582,1540
470,1540
685,1541
298,1541
838,1542
870,1542
668,1544
553,1544
863,1545
618,1546
617,1548
71,1552
760,1553
93,1553
689,1554
483,1556
391,1559
246,1559
904,1561
193,1566
695,1566
342,1569
140,1572
994,1574
487,1574
609,1574
728,1576
963,1577
902,1578
476,1578
610,1579
80,1579
194,1580
521,1580
375,1580
285,1581
489,1581
948,1581
840,1583
5,1584
579,1584
996,1584
956,1585
671,1585
358,1587
236,1589
622,1591
586,1593
608,1593
218,1597
625,1598
861,1598
988,1600
352,1611
939,1612
585,1615
951,1616
453,1617
975,1617
749,1618
917,1618
383,1618
778,1619
900,1619
337,1620
766,1621
603,1623
385,1624
439,1624
313,1626
911,1632
48,1632
70,1636
442,1637
882,1637
970,1639
206,1639
467,1642
653,1642
440,1643
153,1646
116,1647
300,1659
63,1661
818,1662
798,1662
700,1663
490,1663
581,1667
135,1671
469,1673
191,1673
387,1675
177,1676
457,1677
21,1677
940,1678
159,1678
925,1679
468,1679
531,1680
67,1680
832,1681
591,1682
111,1682
864,1684
143,1688
784,1688
565,1691
336,1691
761,1693
423,1693
819,1695
634,1696
640,1696
605,1696
555,1698
202,1699
274,1699
730,1700
51,1702
102,1704
380,1705
888,1706
885,1707
944,1710
109,1710
38,1711
866,1713
893,1716
83,1716
436,1717
599,1720
805,1722
465,1723
662,1724
416,1726
56,1727
92,1728
316,1729
828,1730
927,1732
693,1732
868,1734
223,1735
388,1737
614,1741
744,1742
237,1743
475,1745
571,1747
696,1747
631,1748
542,1750
743,1751
104,1752
16,1754
645,1755
833,1755
229,1756
740,1757
459,1757
398,1757
448,1759
570,1760
920,1763
793,1763
413,1763
30,1766
546,1766
607,1770
59,1771
418,1771
969,1775
648,1776
303,1778
954,1785
230,1785
27,1788
409,1790
552,1790
612,1790
973,1794
537,1795
813,1796
394,1798
251,1801
77,1801
200,1802
889,1804
933,1805
992,1807
79,1808
834,1811
242,1813
179,1814
192,1814
756,1814
307,1817
750,1823
389,1824
167,1827
362,1829
377,1829
125,1830
20,1834
302,1836
319,1837
782,1837
982,1837
941,1840
18,1844
853,1848
121,1851
497,1851
890,1852
147,1854
821,1856
150,1857
887,1857
207,1858
667,1863
33,1866
857,1869
574,1870
360,1873
943,1873
273,1874
115,1874
277,1874
633,1877
84,1879
953,1880
731,1882
239,1882
437,1884
399,1884
88,1886
414,1886
419,1893
692,1895
561,1897
493,1898
769,1899
477,1901
333,1903
915,1904
269,1909
169,1910
886,1913
231,1916
421,1918
446,1919
790,1925
600,1927
320,1927
357,1929
849,1929
407,1930
908,1932
434,1932
257,1932
897,1937
245,1938
666,1939
142,1940
130,1941
800,1942
848,1947
524,1947
172,1948
76,1948
590,1952
263,1955
417,1971
770,1973
258,1974
185,1976
49,1976
266,1976
345,1976
575,1979
91,1982
971,1983
895,1988
876,1991
799,1991
57,1997
186,1999
905,2002
573,2011
709,2014
99,2016
854,2018
234,2022
42,2028
698,2029
752,2031
485,2032
350,2032
180,2038
664,2039
488,2049
247,2049
909,2051
985,2055
482,2059
990,2059
96,2059
646,2061
145,2073
289,2078
515,2078
305,2079
869,2085
656,2092
255,2092
261,2095
410,2098
587,2100
763,2103
642,2104
301,2104
262,2107
363,2111
146,2112
916,2113
839,2114
195,2115
830,2121
163,2123
149,2127
584,2127
514,2138
144,2144
558,2147
670,2150
903,2150
425,2150
443,2152
292,2154
148,2173
961,2186
7,2187
424,2193
46,2196
106,2200
128,2203
284,2208
704,2208
976,2211
392,2220
323,2224
802,2229
972,2230
138,2230
907,2231
836,2233
945,2242
942,2246
735,2246
611,2248
249,2249
119,2255
422,2259
183,2260
378,2265
713,2271
823,2275
997,2279
347,2280
53,2284
39,2286
25,2290
872,2300
785,2301
278,2301
44,2304
588,2311
759,2322
405,2325
827,2333
41,2338
795,2343
438,2348
157,2350
898,2359
937,2360
632,2376
989,2378
624,2379
899,2379
118,2395
89,2399
8,2407
165,2412
641,2415
187,2421
372,2424
402,2429
636,2436
85,2439
955,2440
768,2446
354,2449
82,2460
329,2461
929,2465
492,2467
271,2477
602,2478
321,2480
894,2481
619,2486
297,2486
613,2501
441,2508
673,2512
174,2524
113,2525
156,2530
86,2531
19,2531
90,2534
913,2549
628,2554
649,2562
983,2563
708,2569
545,2572
254,2583
190,2588
343,2593
491,2596
36,2599
783,2605
846,2613
747,2614
858,2640
6,2640
597,2652
449,2658
817,2658
727,2662
158,2673
379,2688
675,2693
550,2697
541,2707
652,2731
660,2736
58,2746
384,2756
844,2756
431,2767
786,2776
535,2777
275,2779
715,2781
97,2785
1000,2787
962,2788
788,2802
703,2806
873,2811
433,2812
228,2812
340,2830
779,2832
464,2833
458,2845
50,2852
359,2856
338,2870
810,2882
127,2883
404,2898
811,2935
499,2963
959,2964
654,2964
428,2979
523,2996
803,2999
281,3007
627,3015
724,3020
81,3021
934,3036
732,3049
530,3060
509,3063
306,3088
978,3101
705,3137
522,3140
880,3164
926,3174
757,3188
592,3223
188,3239
809,3239
166,3262
686,3271
322,3300
335,3308
845,3310
309,3311
87,3317
658,3329
315,3348
250,3390
918,3404
808,3428
45,3471
210,3486
31,3491
878,3492
370,3494
804,3512
877,3519
293,3580
401,3603
455,3652
215,3657
474,3697
37,3709
707,3735
161,3743
101,3755
949,3776
95,3828
892,3850
452,3905
126,3949
966,3982
339,3993
26,4024
974,4097
557,4196
688,4229
462,4274
286,4345
60,4522

simblock.block.ProofOfWorkBlock@116a0d9d:4
329,0
813,151
90,215
83,274
198,307
904,333
448,365
672,373
324,393
412,429
345,429
316,452
811,457
756,483
292,485
366,486
387,509
79,512
271,513
740,524
124,541
920,542
585,543
864,544
332,565
27,567
251,570
902,577
590,579
881,580
440,593
466,599
491,601
908,603
116,605
274,607
528,614
576,628
775,631
280,634
517,636
296,639
130,640
972,645
817,649
102,655
938,658
281,659
669,661
470,663
67,665
427,670
708,672
714,674
664,677
143,690
861,691
424,691
609,692
230,694
852,696
821,698
383,699
582,701
193,701
747,708
92,713
982,715
541,715
975,717
671,718
853,718
618,718
123,722
309,727
997,727
200,727
711,731
912,732
163,736
979,739
616,741
945,747
950,748
81,748
154,749
858,751
531,752
301,753
615,753
206,755
857,756
778,756
150,756
924,758
503,758
31,758
560,759
300,769
320,769
644,770
151,771
453,774
706,774
165,774
937,775
789,775
483,776
186,779
704,779
574,781
537,783
602,785
239,786
308,788
172,789
471,790
258,791
210,796
587,796
689,797
597,800
743,800
814,801
947,807
71,808
737,809
96,809
839,810
262,811
459,811
145,811
673,811
872,812
722,812
828,812
963,813
391,813
824,816
851,816
482,817
955,817
957,818
410,820
632,821
558,825
56,826
74,828
59,828
916,828
263,829
177,830
376,830
336,832
249,836
33,836
687,836
875,838
489,839
323,839
267,841
476,842
277,843
191,843
328,844
573,844
231,847
746,848
10,850
682,851
289,851
456,852
565,852
965,853
681,856
793,856
769,857
1000,858
242,860
665,861
698,863
295,864
374,866
158,866
109,867
598,867
465,867
996,867
490,868
886,868
218,868
508,869
164,869
838,869
869,869
695,869
879,871
612,872
139,873
93,873
422,875
229,875
234,875
604,876
473,878
591,878
870,881
526,881
805,882
575,884
461,885
928,886
546,886
419,887
233,887
962,888
42,888
243,889
849,889
420,889
247,893
436,894
715,895
992,896
513,896
700,897
77,898
375,898
534,899
818,901
914,902
865,903
246,904
222,904
394,905
372,906
347,906
149,908
940,908
183,908
129,909
770,910
969,910
202,910
407,911
25,911
533,911
760,911
342,911
307,914
104,917
13,917
620,918
416,918
99,919
639,919
368,919
515,920
29,921
208,922
21,922
153,922
790,923
5,923
524,924
15,924
343,924
751,925
485,925
70,925
866,925
39,926
378,927
893,927
111,927
970,928
326,930
543,930
779,932
185,933
637,933
194,935
663,936
890,936
431,937
48,937
256,938
836,938
260,938
54,939
312,941
739,942
667,943
744,944
148,944
359,945
305,946
757,947
932,947
773,947
518,947
219,948
797,949
648,950
941,950
275,954
358,954
942,955
118,955
871,956
791,956
159,957
12,961
226,961
182,962
832,963
505,963
464,963
888,964
891,964
999,965
195,965
297,965
501,965
731,966
925,966
761,968
727,969
958,971
542,971
603,972
257,974
548,974
82,974
903,974
17,976
754,976
360,978
434,979
624,980
827,980
146,981
125,981
976,981
398,982
725,983
442,983
685,983
608,983
389,984
240,985
212,986
352,987
214,987
187,988
679,988
384,988
784,990
223,990
990,991
929,991
951,992
718,992
438,993
190,993
49,993
439,994
944,994
167,994
507,997
106,997
579,998
350,999
882,999
693,1000
835,1001
917,1001
88,1001
971,1003
645,1005
499,1005
283,1007
488,1007
766,1007
595,1010
692,1010
397,1010
705,1011
759,1013
840,1013
846,1015
278,1015
30,1015
710,1017
75,1017
475,1017
498,1018
562,1019
897,1020
717,1021
87,1021
487,1022
310,1025
468,1026
713,1026
290,1029
907,1029
847,1030
63,1030
653,1030
423,1031
19,1031
655,1032
728,1033
227,1033
961,1035
244,1035
357,1037
915,1038
497,1039
948,1039
605,1040
662,1042
467,1043
622,1043
641,1045
128,1046
61,1046
800,1047
268,1047
535,1048
379,1049
217,1049
55,1050
545,1050
443,1050
552,1051
414,1051
68,1052
69,1054
377,1058
205,1058
393,1060
512,1062
781,1066
147,1067
956,1068
819,1069
520,1069
519,1070
89,1072
868,1072
203,1073
777,1074
115,1080
856,1080
41,1082
176,1082
654,1087
314,1087
994,1089
16,1089
973,1092
34,1096
831,1096
333,1097
363,1097
204,1097
179,1098
830,1099
854,1100
984,1101
180,1101
702,1102
18,1104
959,1106
668,1106
628,1107
906,1111
313,1111
236,1114
730,1114
967,1115
561,1117
538,1121
24,1121
53,1128
939,1128
532,1128
798,1130
2,1133
396,1136
758,1136
496,1138
298,1139
331,1140
993,1142
209,1142
141,1144
782,1146
522,1151
127,1154
599,1157
680,1157
625,1157
337,1162
134,1163
444,1165
885,1165
661,1165
338,1166
38,1166
640,1167
701,1168
175,1170
494,1173
738,1175
469,1180
66,1181
911,1181
173,1183
734,1184
457,1186
567,1186
284,1187
549,1189
105,1190
643,1192
570,1192
73,1194
356,1198
40,1198
593,1198
500,1198
380,1199
586,1199
862,1199
954,1199
418,1203
606,1205
991,1205
630,1206
447,1206
855,1208
564,1211
884,1212
478,1212
479,1215
581,1216
65,1218
330,1219
833,1221
85,1221
568,1222
806,1223
385,1224
812,1224
213,1228
78,1229
481,1230
454,1232
415,1233
14,1237
794,1238
910,1243
8,1246
896,1246
566,1247
767,1249
547,1251
282,1252
110,1253
580,1254
155,1259
28,1261
683,1267
748,1272
697,1272
749,1272
986,1272
617,1272
344,1273
117,1273
787,1273
601,1274
364,1274
253,1275
510,1275
783,1280
235,1280
780,1280
311,1283
863,1289
638,1296
859,1296
349,1296
9,1297
936,1297
361,1299
400,1300
796,1303
480,1305
960,1305
921,1305
629,1306
64,1308
623,1308
381,1309
678,1311
516,1312
736,1312
981,1312
411,1313
977,1314
463,1314
136,1315
72,1316
525,1319
382,1320
723,1321
563,1323
84,1327
495,1329
521,1329
346,1330
112,1330
94,1330
220,1330
451,1332
369,1332
409,1335
577,1336
985,1337
998,1338
47,1338
131,1341
980,1342
883,1343
684,1343
304,1345
527,1345
733,1350
772,1351
729,1352
264,1356
272,1357
52,1358
232,1359
100,1360
569,1364
484,1364
659,1364
511,1364
596,1366
114,1367
504,1369
696,1369
544,1371
554,1371
635,1372
842,1373
291,1377
62,1382
657,1382
776,1385
690,1387
694,1389
901,1390
631,1390
816,1391
32,1391
721,1392
867,1394
634,1398
171,1398
988,1399
460,1404
930,1405
919,1409
341,1412
946,1417
408,1421
189,1421
583,1423
610,1424
365,1433
529,1436
450,1441
197,1442
578,1442
556,1443
4,1448
536,1450
318,1454
755,1455
458,1456
386,1467
325,1467
168,1469
822,1469
107,1475
826,1475
225,1477
745,1478
211,1479
294,1480
23,1481
103,1482
712,1482
22,1487
850,1487
841,1488
255,1492
551,1500
181,1500
539,1505
753,1507
572,1507
321,1509
987,1510
837,1511
288,1514
762,1514
390,1520
923,1527
80,1530
135,1533
949,1533
741,1534
799,1535
726,1536
807,1538
406,1539
98,1543
626,1544
674,1546
763,1547
286,1551
299,1553
140,1554
426,1554
555,1555
968,1555
322,1559
126,1560
774,1560
820,1561
348,1562
269,1563
51,1565
315,1566
792,1567
160,1567
660,1568
974,1570
720,1574
677,1576
119,1578
966,1579
35,1582
771,1586
559,1587
860,1591
873,1594
686,1594
530,1596
276,1596
913,1599
898,1600
845,1602
122,1604
224,1604
927,1607
1,1611
317,1613
270,1627
45,1630
340,1632
339,1632
889,1635
636,1636
287,1636
584,1638
935,1639
265,1639
943,1640
834,1646
11,1649
709,1649
142,1650
703,1650
611,1650
216,1651
592,1651
137,1652
750,1652
221,1652
184,1653
964,1654
514,1655
207,1656
241,1656
802,1656
474,1660
486,1669
170,1670
768,1673
732,1675
931,1676
273,1676
719,1682
3,1683
401,1683
472,1691
455,1698
428,1700
152,1702
716,1706
367,1707
373,1711
843,1714
132,1715
614,1717
594,1722
157,1723
509,1725
306,1727
506,1731
429,1731
371,1731
430,1731
829,1732
95,1732
201,1735
810,1736
523,1736
647,1736
621,1739
952,1757
259,1758
405,1758
101,1761
978,1769
285,1769
825,1773
540,1776
788,1776
895,1780
995,1781
91,1791
675,1796
351,1799
550,1806
395,1807
399,1810
735,1813
502,1813
250,1817
809,1817
43,1826
413,1827
445,1828
607,1832
192,1836
699,1838
199,1840
162,1841
370,1848
133,1856
108,1857
633,1858
266,1859
156,1861
724,1863
188,1864
169,1869
619,1871
742,1876
238,1879
435,1880
688,1882
37,1883
691,1888
293,1889
877,1891
334,1891
670,1893
120,1900
627,1901
302,1902
327,1904
926,1904
355,1907
248,1909
676,1910
388,1918
600,1920
433,1926
815,1929
392,1929
642,1933
808,1933
652,1936
196,1937
36,1941
58,1959
922,1970
785,1970
651,1982
161,1982
178,1995
909,1997
477,1998
876,2009
76,2015
752,2015
953,2016
589,2018
353,2050
764,2058
571,2066
878,2078
666,2079
403,2080
432,2084
892,2100
97,2111
658,2112
452,2113
425,2121
804,2123
493,2144
844,2144
252,2145
437,2154
446,2156
989,2177
7,2178
20,2181
803,2181
402,2183
174,2186
650,2188
795,2193
613,2202
57,2214
261,2216
649,2217
933,2218
765,2219
899,2222
417,2223
656,2233
441,2255
319,2271
245,2283
86,2308
113,2311
874,2325
60,2346
786,2361
421,2374
823,2382
557,2383
900,2391
588,2395
215,2406
121,2413
880,2414
144,2430
6,2460
646,2467
166,2472
918,2493
26,2497
801,2564
228,2566
848,2614
50,2644
46,2657
492,2660
138,2666
449,2671
983,2690
237,2701
44,2714
553,2734
905,2746
362,2755
887,2781
279,2904
335,2986
462,2999
303,3008
707,3016
894,3080
404,3187
934,3299
254,3469
354,3813

simblock.block.ProofOfWorkBlock@1fc832b7:5
305,0
857,154
88,221
975,284
198,314
438,341
612,372
830,382
145,398
316,435
856,436
685,441
467,456
277,491
668,498
202,500
217,502
988,521
16,530
333,536
387,551
218,556
89,559
838,561
997,574
971,588
640,589
692,593
87,596
754,605
879,608
49,617
581,620
972,620
27,621
17,636
962,640
669,645
30,647
524,649
69,654
59,655
727,655
778,660
585,669
833,676
959,676
663,682
782,685
499,686
296,691
42,692
233,697
973,701
518,704
835,705
418,708
570,711
560,712
970,714
312,717
522,718
713,720
681,726
526,733
760,736
620,736
420,736
483,738
193,744
917,745
410,745
932,747
281,749
645,754
951,754
641,757
990,761
146,764
342,765
945,766
357,770
128,770
942,770
846,771
154,773
535,775
222,776
546,779
439,781
865,781
158,783
92,783
447,787
162,790
292,791
912,793
123,795
599,796
903,800
915,802
751,802
48,803
503,803
385,803
236,804
343,804
940,804
756,805
739,806
384,807
501,808
10,811
313,815
875,819
819,823
852,824
139,824
994,826
853,827
505,827
548,827
398,827
665,827
573,829
740,830
230,833
708,834
443,835
818,836
239,841
394,842
352,843
682,844
372,844
574,845
246,846
74,847
115,848
498,850
590,850
882,851
817,851
471,851
576,852
798,855
773,856
1000,856
448,857
561,857
532,858
56,859
214,859
870,862
969,862
190,863
542,863
301,863
770,863
326,864
687,864
453,865
705,867
63,867
775,868
167,868
711,869
106,870
851,874
359,876
791,877
545,880
470,883
25,883
297,884
979,885
165,885
109,886
149,886
651,887
99,887
458,887
257,891
208,892
195,894
5,895
784,896
186,900
350,900
565,901
639,901
247,901
628,902
380,902
231,902
562,903
602,904
706,905
442,905
695,907
307,907
366,908
54,909
378,910
338,911
916,914
622,915
260,916
153,916
68,917
958,918
761,918
461,918
460,918
965,919
595,919
888,920
229,920
262,920
868,920
673,923
15,924
205,925
337,925
654,926
591,927
33,927
431,927
890,927
929,932
671,933
807,933
412,933
864,933
558,935
700,937
722,939
21,940
434,941
662,942
871,942
800,943
767,943
414,943
985,944
323,945
520,946
497,946
508,947
886,947
766,948
130,950
180,952
465,952
866,953
436,954
515,956
294,957
769,958
12,958
427,960
944,961
961,961
275,961
598,962
925,963
280,963
507,963
655,963
839,964
82,965
914,965
884,966
389,967
904,968
710,968
227,969
251,970
53,971
715,974
278,974
375,975
358,975
992,976
624,976
298,978
937,978
39,978
361,978
223,979
790,979
209,980
102,980
814,982
849,982
79,982
748,982
475,983
861,983
609,983
485,984
836,984
885,984
376,984
984,984
118,986
407,987
468,988
779,988
423,990
163,991
746,993
543,994
240,995
360,995
13,997
14,997
213,998
184,998
206,999
203,999
955,999
758,1000
783,1001
473,1003
528,1003
881,1004
995,1004
827,1004
664,1004
300,1006
440,1007
637,1008
644,1008
34,1011
982,1011
18,1011
258,1011
531,1011
148,1012
134,1012
694,1013
821,1013
847,1013
267,1014
459,1015
781,1015
615,1015
976,1016
579,1017
67,1017
963,1018
345,1018
575,1018
653,1019
947,1019
993,1019
268,1020
893,1020
320,1021
960,1023
347,1023
744,1023
164,1024
604,1024
127,1025
71,1026
718,1027
19,1028
283,1031
309,1033
957,1034
667,1034
29,1034
284,1035
743,1035
77,1036
464,1036
730,1038
96,1039
187,1039
81,1040
263,1040
872,1040
631,1041
717,1041
476,1042
488,1045
75,1048
757,1048
8,1051
996,1052
328,1053
466,1053
618,1054
274,1055
824,1055
897,1056
457,1056
534,1057
120,1057
725,1058
194,1059
482,1059
104,1063
124,1063
907,1065
521,1065
70,1065
672,1067
793,1068
950,1068
869,1069
586,1071
828,1071
111,1072
125,1073
379,1073
249,1073
324,1075
597,1075
469,1076
416,1079
608,1079
747,1080
151,1081
693,1081
331,1082
129,1084
210,1084
487,1084
182,1085
93,1086
150,1087
490,1090
456,1093
537,1093
363,1094
674,1094
605,1094
234,1096
999,1096
525,1098
582,1099
200,1101
290,1103
527,1104
177,1105
862,1105
393,1105
62,1107
183,1108
422,1110
648,1111
147,1112
832,1112
632,1113
374,1114
367,1115
204,1117
329,1118
603,1119
723,1120
185,1122
731,1126
334,1127
489,1129
806,1130
386,1131
728,1133
698,1134
426,1137
242,1139
424,1141
409,1141
737,1143
178,1143
587,1143
369,1146
212,1146
948,1147
689,1151
377,1151
256,1152
714,1153
946,1153
175,1154
38,1156
941,1157
419,1157
854,1158
4,1159
928,1164
171,1170
368,1171
911,1175
552,1176
24,1177
170,1177
243,1178
221,1179
450,1181
430,1183
172,1183
702,1184
938,1186
930,1189
216,1190
141,1190
55,1195
536,1196
704,1197
152,1199
282,1200
630,1201
116,1204
390,1206
690,1208
191,1209
219,1211
3,1212
47,1213
41,1213
796,1215
31,1215
112,1217
956,1218
105,1224
137,1224
701,1227
919,1227
143,1228
289,1228
559,1230
90,1235
805,1236
519,1237
356,1237
159,1239
968,1241
491,1243
253,1243
541,1244
117,1245
413,1248
577,1249
572,1250
867,1250
610,1252
859,1253
831,1256
51,1258
397,1260
742,1260
445,1260
617,1260
166,1264
635,1272
954,1274
738,1276
771,1276
987,1277
626,1279
348,1280
500,1280
991,1283
923,1286
189,1288
176,1288
295,1288
815,1292
601,1293
883,1295
820,1296
318,1302
539,1302
241,1303
504,1303
924,1304
797,1309
9,1310
566,1312
272,1312
308,1313
35,1313
61,1313
762,1316
513,1317
677,1318
812,1319
73,1320
429,1320
616,1322
583,1322
197,1323
841,1324
484,1325
829,1327
874,1327
140,1329
444,1330
733,1332
980,1332
511,1335
683,1339
774,1339
168,1341
863,1341
454,1347
589,1347
136,1348
432,1350
736,1353
259,1353
753,1355
676,1356
463,1358
451,1359
629,1361
580,1361
840,1362
952,1362
939,1365
759,1366
567,1368
78,1368
931,1369
181,1371
478,1372
325,1373
547,1375
160,1378
314,1380
643,1382
891,1383
276,1383
593,1384
396,1384
529,1385
94,1385
594,1388
64,1388
327,1391
967,1393
563,1394
11,1395
964,1397
910,1397
173,1397
133,1398
365,1399
506,1400
650,1400
578,1402
481,1405
922,1405
986,1406
697,1409
634,1409
40,1414
50,1414
155,1415
772,1419
908,1421
225,1421
199,1422
787,1424
842,1430
556,1431
516,1431
2,1442
850,1446
408,1451
264,1455
496,1464
858,1464
381,1465
623,1467
502,1473
789,1480
462,1481
1,1482
52,1483
510,1488
411,1490
201,1493
65,1493
880,1494
906,1494
680,1495
110,1497
568,1497
981,1499
657,1503
355,1507
22,1508
335,1511
207,1512
317,1513
776,1516
126,1517
495,1519
252,1520
873,1524
901,1532
780,1533
238,1533
726,1536
179,1536
703,1537
371,1537
724,1538
339,1546
825,1550
291,1552
666,1553
554,1554
675,1554
103,1555
877,1557
808,1562
72,1565
310,1568
479,1568
244,1571
351,1574
755,1575
220,1578
425,1579
287,1592
85,1594
332,1594
749,1594
949,1595
142,1598
346,1601
989,1604
896,1605
649,1605
161,1606
288,1606
619,1607
709,1611
514,1611
936,1616
804,1620
966,1621
364,1623
538,1629
659,1635
794,1636
625,1637
261,1639
509,1643
555,1651
174,1654
588,1657
876,1657
905,1662
157,1664
920,1666
299,1666
226,1667
699,1668
691,1669
786,1675
636,1681
977,1683
878,1684
998,1685
472,1685
686,1686
716,1687
415,1688
719,1694
660,1694
255,1695
670,1695
795,1696
266,1696
927,1703
406,1704
80,1710
306,1712
696,1713
7,1718
122,1719
816,1720
83,1723
196,1724
119,1725
745,1726
544,1745
270,1749
557,1750
370,1750
108,1752
741,1765
480,1771
382,1775
285,1776
600,1785
330,1786
909,1789
392,1798
107,1798
845,1805
735,1808
131,1808
564,1813
848,1814
523,1818
211,1822
101,1824
768,1824
322,1827
569,1839
621,1839
652,1839
494,1840
785,1847
192,1851
265,1852
400,1854
750,1854
898,1855
734,1860
788,1861
606,1861
607,1861
156,1863
169,1864
224,1865
45,1875
646,1877
720,1887
596,1887
286,1890
235,1893
91,1893
729,1895
121,1895
248,1898
633,1898
395,1899
860,1901
132,1901
895,1901
349,1920
656,1921
321,1927
341,1927
304,1941
269,1943
843,1944
688,1945
6,1946
943,1951
551,1957
638,1968
834,1970
391,1979
399,1982
433,1991
678,1992
978,2014
66,2015
215,2031
98,2031
765,2034
114,2037
512,2042
271,2044
311,2059
810,2059
837,2063
647,2067
533,2073
764,2073
809,2091
113,2096
550,2100
383,2100
250,2102
684,2107
43,2114
584,2123
933,2131
913,2134
613,2135
934,2138
486,2139
642,2147
493,2150
97,2158
902,2160
405,2167
319,2183
611,2183
826,2208
549,2211
811,2216
712,2216
28,2216
428,2218
571,2223
32,2243
855,2244
540,2246
752,2254
921,2255
100,2257
95,2273
402,2274
517,2283
822,2313
58,2314
455,2315
84,2317
813,2359
23,2383
935,2386
388,2388
441,2392
446,2407
245,2413
403,2416
57,2422
228,2433
273,2449
86,2455
732,2473
887,2474
707,2476
763,2506
362,2507
799,2525
401,2530
974,2535
353,2536
293,2537
421,2541
26,2543
777,2559
926,2559
36,2564
188,2579
792,2591
803,2611
46,2656
315,2668
892,2672
76,2689
373,2717
844,2721
340,2734
344,2735
721,2773
60,2801
477,2817
492,2819
437,2821
452,2829
336,2831
658,2883
679,2900
983,2903
417,2922
144,2951
302,2986
37,3012
889,3016
530,3025
899,3063
614,3099
953,3100
44,3104
138,3116
900,3244
592,3272
237,3298
627,3366
449,3385
823,3398
894,3401
474,3404
232,3427
802,3668
20,3698
553,3775
303,4048
404,4575

simblock.block.ProofOfWorkBlock@490a51e7:6
184,0
855,228
850,309
435,391
684,454
294,476
547,538
733,545
4,615
777,621
348,626
217,660
62,675
621,693
661,698
415,709
764,755
676,759
1,777
506,779
22,788
519,790
461,796
846,833
911,837
373,837
538,841
659,842
72,843
364,844
569,858
544,869
355,869
288,881
560,889
774,896
935,914
287,921
554,923
690,923
679,924
643,928
171,934
998,944
835,945
573,947
577,953
136,957
390,965
479,970
565,971
901,975
674,978
654,988
730,992
201,994
445,999
274,1003
923,1004
626,1005
110,1005
333,1005
720,1006
792,1007
160,1010
847,1013
681,1016
692,1017
122,1017
948,1040
721,1043
1000,1044
227,1048
94,1054
330,1058
869,1059
822,1060
64,1060
327,1061
168,1063
840,1063
593,1063
952,1064
551,1076
772,1081
173,1083
762,1086
738,1087
606,1088
162,1088
540,1090
133,1092
40,1092
502,1093
749,1094
108,1095
853,1099
439,1100
625,1101
559,1111
484,1113
784,1117
528,1117
456,1121
908,1121
497,1125
496,1126
182,1136
946,1137
356,1138
960,1138
224,1144
301,1144
450,1144
931,1145
411,1146
678,1146
635,1147
395,1148
680,1149
516,1149
816,1150
431,1150
12,1151
812,1158
517,1158
585,1159
962,1162
444,1166
726,1169
662,1172
238,1175
556,1176
208,1176
155,1177
843,1177
472,1178
406,1178
987,1178
403,1178
476,1182
383,1182
325,1186
299,1187
748,1189
466,1190
884,1190
272,1190
494,1191
202,1191
140,1193
770,1193
555,1197
178,1197
563,1197
180,1198
535,1199
128,1206
90,1208
851,1208
673,1211
331,1214
743,1214
341,1219
73,1219
872,1220
984,1221
170,1225
243,1226
513,1229
787,1231
297,1231
629,1231
638,1232
677,1234
221,1234
43,1235
883,1235
775,1235
284,1236
225,1239
722,1242
211,1242
486,1244
185,1246
195,1246
27,1248
837,1248
863,1248
480,1251
139,1252
346,1252
806,1255
275,1255
603,1257
612,1261
694,1261
209,1265
25,1265
576,1267
226,1267
289,1270
779,1272
314,1273
367,1274
430,1274
630,1275
583,1276
410,1276
74,1276
828,1276
193,1276
189,1277
874,1278
902,1278
165,1281
981,1281
968,1282
316,1283
233,1283
729,1285
432,1286
199,1287
366,1290
648,1291
885,1291
98,1292
361,1292
205,1293
280,1294
135,1294
295,1297
917,1299
900,1299
536,1300
179,1302
599,1303
698,1303
220,1304
582,1304
815,1305
589,1306
700,1307
103,1308
995,1310
616,1310
304,1311
229,1312
925,1312
117,1312
65,1312
567,1313
219,1313
601,1313
830,1315
921,1315
647,1316
175,1316
734,1316
920,1316
862,1317
879,1318
51,1319
114,1320
137,1320
106,1323
249,1323
385,1325
568,1325
181,1327
824,1328
310,1328
742,1329
827,1330
896,1330
929,1331
236,1333
867,1334
504,1335
71,1335
183,1337
956,1337
305,1340
522,1341
465,1341
818,1342
458,1343
320,1343
391,1345
857,1345
400,1349
515,1351
562,1352
858,1352
187,1353
891,1353
153,1354
760,1354
507,1355
532,1355
454,1358
753,1358
252,1359
979,1359
416,1359
353,1359
490,1360
2,1360
307,1360
270,1360
841,1361
371,1363
715,1364
483,1364
503,1364
963,1366
89,1366
32,1367
794,1368
579,1370
605,1371
471,1372
719,1373
790,1375
489,1376
100,1376
533,1376
39,1376
508,1377
586,1379
650,1380
685,1380
831,1381
132,1382
882,1382
460,1385
767,1385
615,1387
525,1387
866,1387
964,1389
407,1391
495,1391
13,1392
482,1392
55,1392
131,1392
780,1393
11,1393
317,1394
368,1394
239,1394
511,1394
512,1395
48,1396
907,1397
807,1398
871,1398
783,1399
309,1399
154,1400
829,1400
623,1400
429,1401
204,1402
930,1403
553,1403
9,1403
351,1403
120,1403
342,1403
256,1403
216,1403
49,1404
942,1404
112,1405
518,1406
745,1407
56,1409
125,1410
300,1410
671,1412
308,1412
529,1413
996,1413
338,1414
936,1415
278,1417
298,1417
196,1417
781,1418
594,1418
800,1419
259,1421
924,1421
696,1421
5,1422
313,1423
959,1425
34,1430
864,1430
574,1431
564,1431
197,1433
214,1434
3,1434
531,1435
546,1436
459,1439
651,1442
61,1442
363,1443
941,1443
87,1443
644,1445
104,1445
825,1447
821,1448
18,1449
312,1449
919,1449
262,1450
741,1452
994,1452
849,1453
520,1453
146,1454
328,1454
801,1454
668,1454
398,1456
251,1456
521,1458
285,1458
80,1459
222,1461
826,1461
85,1462
52,1463
369,1465
634,1465
47,1466
498,1468
230,1469
549,1471
861,1473
281,1473
986,1474
129,1475
485,1475
365,1476
819,1477
814,1478
423,1478
253,1478
820,1478
736,1479
575,1481
773,1482
595,1483
66,1486
669,1486
798,1487
426,1491
291,1492
141,1492
708,1493
118,1493
598,1494
491,1494
488,1495
396,1495
382,1495
572,1498
311,1498
510,1498
386,1500
186,1501
624,1502
418,1502
712,1503
537,1504
176,1505
381,1505
717,1507
372,1510
329,1511
620,1511
701,1511
481,1512
566,1513
499,1513
375,1514
718,1517
856,1518
232,1522
77,1523
950,1523
813,1526
854,1526
124,1527
597,1533
29,1534
376,1534
478,1536
88,1537
422,1537
67,1538
988,1539
115,1540
769,1541
264,1542
190,1544
397,1544
394,1545
235,1546
28,1546
123,1546
561,1546
164,1549
213,1549
419,1550
980,1551
96,1557
842,1557
747,1558
711,1559
334,1559
10,1559
111,1560
967,1565
374,1567
558,1568
954,1570
839,1570
697,1570
906,1572
702,1574
833,1575
158,1575
875,1575
276,1576
332,1576
92,1577
617,1578
464,1579
7,1580
695,1585
163,1586
203,1587
757,1588
639,1588
795,1589
172,1589
903,1590
412,1591
352,1591
345,1591
279,1593
628,1594
247,1595
384,1597
991,1599
448,1601
248,1603
608,1604
443,1607
159,1609
147,1613
268,1614
739,1614
865,1616
231,1617
99,1617
938,1618
409,1623
993,1624
8,1628
223,1632
265,1632
944,1632
758,1633
928,1637
610,1637
78,1640
591,1644
414,1644
932,1646
657,1649
782,1649
424,1650
771,1651
500,1651
501,1652
888,1652
922,1654
543,1657
427,1662
322,1662
913,1664
737,1664
14,1666
945,1667
951,1671
751,1672
976,1672
725,1673
870,1673
442,1673
148,1674
710,1674
961,1676
79,1678
59,1680
151,1682
691,1683
526,1687
378,1688
83,1689
107,1689
796,1692
260,1696
653,1698
343,1699
868,1700
463,1704
16,1706
765,1709
41,1710
451,1711
672,1712
788,1714
852,1715
791,1716
539,1717
939,1717
143,1717
596,1719
534,1720
145,1720
102,1721
440,1722
965,1724
250,1725
292,1725
408,1726
776,1727
127,1729
740,1733
38,1734
194,1735
413,1738
200,1740
706,1745
860,1746
761,1749
318,1750
957,1751
344,1752
969,1753
655,1755
992,1760
727,1761
904,1765
897,1766
169,1767
947,1767
953,1768
687,1769
228,1772
778,1773
35,1779
649,1782
973,1783
453,1784
759,1785
943,1788
468,1789
689,1791
150,1793
457,1795
23,1804
723,1805
177,1805
70,1806
63,1807
241,1807
918,1811
492,1811
580,1813
393,1816
425,1820
859,1821
263,1823
755,1827
887,1828
982,1830
379,1832
359,1836
878,1839
84,1841
509,1843
467,1845
240,1846
895,1847
808,1848
42,1848
832,1849
618,1850
667,1851
587,1855
493,1858
244,1861
548,1862
33,1868
666,1869
30,1870
934,1872
290,1873
119,1873
805,1878
469,1881
152,1882
631,1883
206,1889
893,1891
876,1894
916,1894
347,1895
627,1895
283,1897
126,1898
447,1898
744,1900
434,1901
523,1903
245,1904
552,1906
349,1909
663,1911
527,1915
446,1915
838,1922
218,1927
326,1929
323,1935
149,1936
714,1937
914,1943
656,1945
91,1946
26,1947
958,1947
645,1947
709,1948
57,1950
892,1950
93,1960
37,1962
670,1966
350,1966
234,1968
693,1969
319,1973
977,1975
242,1985
293,1987
156,1988
915,1995
754,1997
578,1998
475,1998
257,2004
637,2007
401,2008
266,2008
50,2010
571,2010
138,2016
362,2018
604,2019
713,2022
955,2023
405,2025
134,2028
590,2028
417,2030
161,2030
937,2030
682,2034
24,2038
675,2044
641,2046
487,2046
60,2047
212,2052
254,2055
836,2059
912,2062
752,2068
267,2068
766,2069
910,2070
985,2074
296,2075
642,2076
157,2079
705,2083
58,2084
652,2089
261,2091
53,2092
716,2098
271,2103
354,2103
428,2106
95,2107
894,2113
640,2116
724,2116
545,2117
191,2118
455,2119
277,2121
336,2126
873,2131
735,2145
683,2145
750,2146
664,2147
441,2150
971,2150
542,2152
303,2156
470,2162
113,2165
192,2165
975,2176
804,2177
665,2183
105,2187
421,2193
258,2198
198,2206
19,2207
880,2208
877,2210
44,2211
109,2212
699,2221
210,2226
622,2227
703,2228
452,2233
337,2235
619,2236
889,2236
614,2248
886,2266
707,2268
704,2270
646,2274
392,2281
399,2285
763,2289
360,2290
524,2292
116,2297
473,2301
68,2306
46,2310
732,2316
207,2316
269,2320
557,2322
898,2323
246,2324
6,2325
436,2332
609,2335
31,2348
15,2349
949,2355
340,2364
999,2372
286,2381
17,2381
966,2383
584,2387
75,2389
121,2393
282,2398
387,2400
324,2409
844,2420
306,2420
997,2443
789,2444
433,2453
845,2455
905,2458
809,2459
302,2460
588,2461
81,2465
21,2469
358,2476
570,2478
688,2484
731,2484
658,2487
86,2491
746,2508
881,2509
823,2515
377,2522
142,2529
130,2536
380,2547
990,2555
437,2568
335,2572
174,2578
632,2585
315,2608
449,2616
728,2616
339,2630
477,2638
810,2641
541,2649
20,2665
97,2669
607,2669
933,2678
474,2681
167,2696
817,2700
786,2705
215,2715
602,2716
420,2721
785,2726
909,2727
970,2732
983,2735
834,2745
581,2766
972,2795
69,2871
811,2877
989,2890
404,2897
940,2902
101,2903
899,2908
505,2908
188,2922
799,2922
660,2923
686,2925
636,2959
166,2960
357,2971
321,2973
550,2983
255,3014
890,3050
54,3052
438,3090
803,3109
273,3143
82,3148
978,3167
514,3172
402,3175
370,3180
592,3198
793,3227
388,3228
389,3264
633,3304
926,3319
76,3365
530,3390
797,3404
611,3419
802,3431
974,3477
45,3513
462,3552
756,3579
768,3618
613,3642
848,3784
144,3804
600,3868
36,3891
927,4045
237,4293

simblock.block.ProofOfWorkBlock@2cfcbe47:6
892,0
362,403
611,555
462,701
455,794
523,852
477,953
250,1017
166,1100
807,1114
408,1128
156,1163
142,1247
228,1260
894,1279
801,1357
887,1365
131,1380
923,1390
6,1401
848,1410
745,1439
276,1440
995,1521
538,1521
401,1521
683,1523
845,1547
388,1553
823,1557
365,1604
878,1624
382,1641
966,1651
101,1654
974,1679
354,1688
646,1699
539,1700
60,1708
549,1743
138,1767
91,1780
206,1781
311,1781
349,1795
877,1815
80,1832
178,1838
926,1865
86,1867
314,1905
627,1909
244,1913
788,1928
390,1933
126,1936
370,1937
634,1947
804,1955
765,1959
407,1960
168,1964
829,1972
822,1973
269,2014
445,2054
670,2065
157,2071
230,2079
237,2084
321,2089
913,2091
428,2093
980,2095
227,2106
484,2129
12,2141
241,2167
121,2176
415,2178
635,2179
843,2210
620,2222
261,2225
525,2230
348,2235
495,2238
732,2246
396,2252
232,2283
818,2283
233,2318
400,2318
144,2327
66,2341
583,2343
749,2355
449,2379
606,2381
364,2385
630,2388
778,2395
35,2408
474,2420
181,2426
207,2429
919,2435
971,2459
978,2471
404,2478
675,2479
876,2483
432,2489
554,2496
559,2498
54,2501
173,2507
896,2513
972,2526
758,2528
512,2546
429,2579
694,2593
712,2604
863,2618
571,2626
889,2629
174,2634
487,2637
734,2640
496,2642
842,2648
856,2650
441,2668
152,2675
922,2679
465,2679
677,2685
789,2695
564,2697
11,2701
838,2713
684,2748
921,2759
555,2766
312,2773
334,2774
205,2779
588,2782
262,2800
658,2812
730,2818
800,2826
5,2835
883,2844
654,2853
221,2859
356,2862
595,2876
135,2890
738,2891
99,2891
103,2892
259,2902
857,2916
772,2924
353,2934
226,2946
753,2946
95,2958
690,2961
874,2976
217,2996
17,3008
666,3009
736,3026
516,3036
820,3043
81,3047
304,3062
114,3062
767,3064
389,3070
62,3080
153,3098
446,3102
678,3110
225,3112
38,3122
163,3136
847,3149
998,3152
638,3160
859,3181
110,3186
98,3208
582,3219
318,3220
96,3223
265,3231
466,3243
905,3243
963,3245
162,3251
238,3285
773,3306
726,3321
982,3325
976,3337
351,3341
208,3342
127,3347
768,3352
197,3358
632,3374
547,3382
473,3383
231,3402
679,3402
865,3407
28,3416
373,3421
4,3424
331,3432
347,3437
771,3483
186,3489
713,3506
925,3519
953,3534
869,3549
502,3568
546,3575
776,3579
330,3584
461,3596
703,3600
706,3605
291,3611
854,3623
476,3630
545,3639
628,3640
651,3640
336,3645
747,3673
189,3680
806,3681
196,3683
917,3686
529,3690
641,3706
149,3712
398,3742
931,3754
624,3791
393,3816
673,3817
943,3824
578,3849
277,3855
785,3866
278,3882
403,3898
394,3905
740,3927
602,3929
120,3932
761,3938
412,3938
650,3940
266,3949
852,3953
63,3961
214,3971
851,3985
615,3989
915,4003
460,4006
64,4017
192,4031
239,4049
223,4090
948,4114
183,4118
603,4158
76,4160
435,4161
21,4189
867,4201
711,4204
604,4206
900,4212
962,4227
439,4229
714,4235
973,4235
177,4282
423,4292
830,4294
503,4296
692,4303
25,4311
779,4313
377,4321
904,4349
933,4357
124,4388
31,4388
385,4412
425,4417
211,4419
270,4459
345,4464
517,4496
759,4515
195,4516
811,4524
468,4532
531,4534
42,4586
210,4593
784,4596
840,4601
115,4615
39,4622
48,4631
77,4642
853,4662
343,4670
16,4675
689,4689
621,4723
835,4728
558,4741
581,4770
70,4775
491,4807
532,4815
448,4826
903,4830
599,4831
274,4892
469,4896
375,4907
920,4921
420,4972
431,4974
72,4983
562,4984
489,4991
598,4997
708,5026
693,5026
682,5029
147,5038
30,5072
970,5108
123,5117
965,5128
488,5130
619,5186
526,5193
307,5201
941,5209
459,5227
68,5288
665,5290
475,5324
82,5337
769,5345
575,5348
145,5357
67,5374
911,5380
576,5408
285,5418
950,5427
846,5433
102,5497
622,5500
18,5506
916,5527
942,5586
366,5626
799,5677
793,5678
222,5696
827,5697
424,5709
243,5724
897,5725
187,5736
560,5796
746,5804
608,5828
781,5890
467,5975
908,6012
832,6021
305,6045
323,6053
873,6067
498,6072
88,6100
700,6117
443,6128
485,6189
609,6277
85,6310
951,6322
55,6399
436,6419
69,6426
644,6426
159,6487
725,6587
590,6607
213,6619
296,6705
316,6725
507,6770
297,6783
326,6801
268,6889
109,6920
33,7007
440,7118
902,7138
543,7218
727,7468
760,7489
541,7516
947,7822
705,7845
360,8204

simblock.block.ProofOfWorkBlock@61d0a65e:7
613,0
306,308
57,462
887,654
815,728
913,814
580,951
250,971
444,987
610,1032
446,1048
514,1122
382,1123
894,1126
105,1169
529,1193
426,1203
317,1206
311,1246
52,1251
745,1261
898,1274
1,1285
772,1295
152,1296
401,1315
930,1334
701,1344
583,1344
511,1369
977,1377
589,1384
406,1391
919,1417
991,1417
254,1421
160,1422
454,1425
334,1428
540,1430
122,1455
137,1455
762,1459
878,1467
226,1472
549,1473
66,1475
462,1476
939,1489
270,1500
559,1500
201,1505
841,1506
480,1509
703,1510
964,1511
764,1512
356,1514
568,1514
891,1526
94,1538
657,1542
956,1543
168,1555
117,1556
910,1558
980,1566
626,1566
196,1567
121,1569
666,1582
430,1585
173,1591
690,1592
310,1596
741,1597
496,1598
346,1599
569,1600
506,1604
395,1616
986,1623
974,1629
265,1634
84,1635
556,1636
373,1640
691,1642
211,1644
91,1645
253,1648
348,1648
472,1649
365,1649
647,1649
103,1655
322,1655
308,1657
279,1666
601,1674
847,1677
397,1677
432,1677
112,1678
537,1679
742,1679
301,1679
98,1682
294,1684
862,1687
721,1690
500,1694
683,1700
296,1700
884,1701
661,1711
216,1711
765,1716
359,1716
56,1717
22,1718
867,1720
23,1721
752,1721
952,1724
235,1725
248,1725
72,1726
386,1731
65,1732
264,1732
64,1732
577,1733
630,1734
633,1737
355,1738
314,1743
400,1748
141,1750
842,1757
516,1759
40,1760
4,1760
533,1760
409,1764
697,1772
408,1776
793,1776
566,1777
484,1778
504,1781
586,1782
252,1782
880,1784
831,1791
241,1792
816,1792
255,1793
896,1793
650,1794
651,1794
351,1797
126,1803
43,1803
822,1807
14,1809
381,1810
287,1812
733,1813
114,1813
547,1815
220,1815
276,1816
171,1816
78,1817
369,1818
769,1818
578,1820
502,1820
133,1821
850,1823
513,1825
995,1825
941,1828
70,1829
26,1829
411,1831
959,1836
435,1837
332,1839
874,1839
450,1842
676,1843
712,1846
628,1848
131,1852
100,1854
627,1854
734,1854
536,1855
127,1857
606,1857
608,1858
284,1861
640,1863
304,1863
451,1864
93,1865
678,1865
325,1866
664,1867
2,1868
156,1868
931,1870
987,1870
981,1871
787,1873
538,1874
364,1875
272,1875
434,1875
754,1875
217,1875
716,1876
539,1876
390,1878
234,1880
679,1882
148,1885
295,1886
113,1887
968,1889
479,1892
812,1893
277,1893
9,1893
638,1894
629,1895
24,1895
199,1895
755,1896
861,1897
829,1898
596,1898
719,1900
826,1903
47,1903
837,1903
729,1905
563,1905
843,1905
266,1907
674,1908
553,1908
621,1909
341,1909
624,1910
393,1915
224,1916
372,1917
801,1921
445,1922
912,1923
204,1924
863,1924
316,1925
403,1925
595,1925
907,1927
318,1928
178,1930
844,1931
923,1931
720,1938
367,1939
792,1939
132,1940
590,1941
550,1942
900,1942
371,1942
684,1942
616,1943
915,1944
665,1945
361,1948
73,1948
737,1950
998,1950
396,1950
544,1951
702,1951
107,1952
11,1954
477,1956
572,1956
463,1957
135,1957
330,1962
696,1964
649,1965
108,1965
447,1968
154,1969
3,1970
758,1971
903,1973
95,1974
76,1974
486,1975
344,1976
567,1977
274,1977
979,1979
774,1979
303,1981
240,1981
512,1982
481,1982
879,1983
349,1983
775,1983
594,1984
35,1986
680,1986
398,1987
125,1987
186,1988
901,1990
623,1990
184,1993
519,1994
525,1994
376,1995
282,1995
687,2005
929,2007
415,2007
487,2008
292,2009
194,2010
259,2011
771,2011
521,2012
130,2013
420,2014
726,2014
499,2018
299,2019
321,2020
62,2021
693,2021
380,2021
338,2021
554,2022
32,2026
864,2027
875,2029
617,2031
478,2033
682,2034
990,2035
392,2038
285,2039
988,2039
353,2040
491,2040
838,2041
522,2041
622,2041
806,2041
685,2041
936,2043
973,2045
825,2048
996,2048
776,2050
195,2051
389,2052
352,2053
238,2053
495,2053
343,2054
193,2054
761,2058
789,2058
805,2058
904,2061
17,2064
300,2065
424,2067
288,2068
648,2068
175,2070
824,2071
118,2072
350,2074
203,2077
820,2078
643,2080
740,2080
833,2080
423,2081
470,2082
146,2085
473,2088
695,2088
159,2089
807,2089
681,2089
564,2093
497,2095
625,2096
342,2097
8,2098
419,2099
797,2101
717,2101
96,2104
828,2105
635,2105
858,2106
366,2107
723,2107
883,2109
565,2109
932,2112
794,2113
1000,2113
162,2115
999,2116
482,2119
660,2119
689,2121
510,2123
182,2124
953,2124
139,2127
924,2130
140,2133
19,2134
384,2138
129,2139
935,2139
827,2139
468,2142
104,2144
971,2144
576,2146
251,2148
466,2150
527,2152
233,2152
260,2154
181,2154
770,2155
882,2155
165,2159
172,2159
18,2160
51,2162
87,2165
528,2165
885,2165
673,2165
738,2167
520,2167
531,2171
632,2172
957,2173
707,2174
593,2178
597,2178
232,2179
663,2180
218,2181
920,2182
855,2183
634,2184
868,2186
817,2186
205,2188
739,2188
784,2189
908,2189
798,2190
236,2190
802,2192
379,2192
747,2193
27,2195
377,2197
698,2198
736,2204
38,2205
706,2205
524,2207
488,2207
167,2210
291,2211
759,2214
256,2214
230,2215
34,2219
155,2219
283,2220
921,2221
836,2222
5,2227
598,2227
150,2229
115,2230
336,2233
68,2234
581,2235
710,2236
811,2237
881,2237
555,2237
890,2238
961,2239
766,2241
715,2243
906,2244
937,2244
744,2244
777,2248
582,2248
656,2252
183,2253
925,2253
508,2254
202,2255
532,2256
327,2256
501,2260
312,2262
985,2262
147,2265
267,2268
144,2270
976,2272
972,2273
391,2275
983,2275
106,2278
329,2279
731,2280
993,2281
605,2285
753,2286
914,2287
33,2287
257,2287
699,2289
615,2291
653,2296
668,2297
29,2298
645,2299
546,2301
552,2302
345,2303
185,2310
158,2313
704,2315
337,2315
456,2316
358,2319
309,2319
54,2321
99,2323
505,2323
247,2326
960,2326
517,2328
832,2329
102,2333
143,2333
969,2335
170,2335
560,2336
705,2337
77,2339
249,2341
984,2342
187,2345
542,2346
768,2351
641,2352
667,2355
368,2355
188,2355
922,2356
271,2357
756,2359
324,2362
490,2363
30,2364
15,2365
438,2366
413,2366
81,2366
916,2368
728,2368
119,2370
671,2373
21,2375
938,2377
37,2378
992,2381
835,2381
79,2388
302,2397
134,2397
483,2398
877,2400
570,2401
176,2402
399,2406
796,2407
963,2407
603,2411
227,2413
262,2413
169,2417
427,2418
558,2418
494,2418
618,2420
71,2421
587,2422
579,2423
895,2425
602,2428
417,2431
190,2431
551,2433
899,2433
535,2434
518,2435
982,2437
659,2440
200,2441
672,2447
967,2451
179,2453
585,2453
778,2455
860,2461
694,2461
212,2463
425,2468
31,2471
749,2471
124,2474
101,2476
460,2477
869,2479
69,2480
394,2481
307,2482
418,2489
474,2491
109,2493
12,2494
799,2496
58,2498
620,2499
370,2500
362,2501
145,2502
465,2506
89,2506
888,2507
219,2510
206,2511
711,2512
574,2512
46,2517
458,2518
192,2518
239,2519
821,2521
600,2522
215,2522
7,2523
781,2524
543,2526
852,2526
571,2527
123,2529
61,2535
714,2536
269,2539
414,2539
853,2541
612,2542
839,2542
453,2545
750,2546
944,2555
86,2556
416,2558
662,2558
191,2565
493,2575
290,2577
280,2578
88,2581
785,2583
320,2583
443,2584
791,2587
954,2589
92,2596
725,2598
90,2599
886,2600
997,2602
677,2603
848,2609
795,2611
989,2613
163,2618
718,2618
340,2618
631,2619
293,2619
940,2619
452,2619
943,2621
242,2627
431,2628
357,2634
779,2636
244,2637
948,2641
489,2646
245,2648
333,2654
354,2658
700,2659
642,2660
180,2664
926,2665
732,2667
278,2667
407,2669
619,2675
138,2676
136,2678
455,2678
164,2682
994,2687
85,2687
873,2687
492,2688
599,2689
780,2691
763,2691
871,2692
846,2696
258,2700
692,2702
153,2705
221,2711
55,2712
945,2714
459,2715
20,2715
128,2716
557,2719
442,2719
28,2726
273,2731
378,2734
410,2740
905,2744
421,2753
675,2753
743,2759
214,2769
281,2771
927,2774
688,2774
646,2775
735,2776
851,2776
534,2779
654,2780
614,2788
751,2791
60,2793
526,2799
149,2801
545,2803
275,2805
830,2814
97,2815
724,2821
476,2825
722,2827
933,2828
909,2833
669,2836
387,2847
746,2853
120,2859
810,2859
439,2862
813,2867
404,2871
713,2871
210,2871
261,2877
783,2882
223,2887
375,2891
461,2891
142,2894
946,2896
978,2907
441,2908
966,2910
955,2910
437,2914
808,2925
814,2927
845,2930
59,2944
928,2950
110,2950
782,2952
45,2964
80,2965
335,2969
951,2970
562,2974
402,2975
639,2977
872,2980
970,2982
13,2989
609,2990
471,3003
433,3023
965,3026
405,3027
237,3038
49,3038
584,3040
75,3051
385,3051
326,3053
870,3056
305,3069
83,3073
709,3075
889,3083
670,3083
298,3085
523,3087
331,3113
911,3117
388,3119
448,3125
541,3126
655,3127
10,3151
503,3156
315,3157
686,3157
42,3157
652,3158
892,3161
607,3175
866,3196
197,3218
6,3223
893,3231
363,3232
157,3238
243,3247
347,3249
374,3252
962,3260
174,3277
561,3281
422,3304
166,3310
823,3324
865,3329
730,3330
588,3337
573,3339
228,3351
464,3353
658,3364
207,3365
111,3374
263,3384
319,3408
857,3416
918,3424
950,3432
289,3433
592,3443
268,3449
225,3465
949,3472
467,3478
530,3480
198,3493
834,3498
902,3530
934,3539
412,3550
457,3555
611,3562
849,3579
44,3587
429,3616
286,3623
803,3637
53,3645
515,3658
509,3671
786,3692
229,3714
804,3726
213,3738
788,3746
485,3749
975,3764
449,3792
917,3800
25,3813
116,3829
767,3848
859,3867
383,3870
809,3880
209,3884
428,3918
637,3943
50,3950
942,3958
636,3995
475,4017
854,4052
773,4109
189,4117
757,4127
161,4130
328,4156
644,4158
360,4167
548,4171
876,4173
856,4185
36,4201
74,4324
339,4387
313,4408
208,4455
48,4466
82,4474
151,4494
297,4516
469,4547
591,4626
819,4772
246,4784
800,4816
708,4867
604,4930
323,4935
222,5088
840,5096
727,5167
67,5217
818,5233
748,5310
39,5393
177,5517
231,5565
958,5701
790,5710
507,5865
16,5920
41,6012
440,6214
897,6272
436,6579
760,6624
575,6926
498,6972
947,7275
63,7320

simblock.block.ProofOfWorkBlock@10202e3a:7
990,0
491,150
338,208
546,272
948,332
992,392
945,423
856,448
711,480
746,483
82,504
955,537
185,539
13,544
916,576
243,594
575,601
27,601
740,630
671,631
309,634
466,643
558,651
468,656
857,658
96,665
480,676
324,686
665,689
940,691
821,699
739,705
521,708
337,711
654,713
16,714
528,743
595,754
773,755
12,755
963,758
412,759
488,762
49,766
204,767
128,770
700,770
663,773
664,804
10,811
352,812
90,814
840,815
689,817
277,818
300,822
89,824
576,826
305,828
973,829
54,830
838,841
610,846
281,862
501,862
187,869
375,870
846,873
574,874
186,876
871,877
30,884
612,885
682,886
482,887
33,898
164,906
123,914
706,915
229,920
958,921
316,925
414,926
535,929
879,929
897,932
320,934
581,940
301,944
198,946
214,950
48,954
944,963
631,967
407,967
438,972
440,976
582,981
824,983
717,984
836,986
778,986
692,992
118,995
533,996
83,997
698,1001
807,1002
202,1010
210,1011
467,1011
8,1012
394,1021
420,1025
792,1028
191,1029
585,1029
312,1035
932,1038
800,1039
806,1040
217,1040
358,1042
176,1048
148,1051
975,1055
635,1056
624,1057
357,1068
485,1072
531,1077
597,1082
227,1085
524,1086
17,1092
902,1095
882,1096
644,1097
602,1099
970,1101
830,1102
512,1105
434,1106
960,1110
143,1111
145,1114
262,1117
549,1120
993,1125
669,1127
328,1129
962,1133
561,1143
886,1146
387,1149
289,1149
489,1153
391,1153
448,1154
950,1156
296,1158
743,1161
766,1164
147,1165
167,1167
426,1168
88,1171
726,1172
849,1172
560,1173
527,1174
714,1175
162,1181
427,1183
797,1184
106,1185
667,1187
212,1188
470,1194
346,1206
329,1206
134,1206
972,1208
517,1209
651,1212
687,1214
236,1214
620,1214
275,1223
381,1225
782,1228
925,1231
947,1232
129,1233
333,1234
376,1236
673,1241
569,1242
770,1243
179,1246
63,1248
503,1250
257,1253
15,1254
81,1262
317,1264
881,1265
271,1266
835,1273
608,1278
542,1279
628,1285
410,1288
522,1289
828,1291
657,1291
469,1292
1000,1295
816,1297
875,1298
756,1301
206,1304
85,1305
203,1305
632,1305
251,1306
323,1310
460,1311
604,1311
515,1321
124,1322
738,1325
383,1325
685,1329
234,1336
996,1337
606,1337
365,1342
393,1344
471,1348
28,1348
418,1348
954,1348
853,1350
615,1359
92,1360
359,1362
183,1362
903,1363
884,1364
29,1365
672,1366
458,1369
867,1370
839,1371
409,1375
341,1376
476,1379
115,1381
811,1383
282,1395
408,1400
705,1402
31,1402
922,1403
159,1404
655,1405
591,1407
722,1410
120,1411
224,1412
62,1412
336,1413
695,1417
668,1417
605,1421
380,1421
103,1422
790,1424
619,1430
239,1431
334,1434
235,1435
208,1436
961,1436
127,1439
813,1442
775,1443
716,1459
139,1460
526,1461
912,1461
762,1466
160,1466
59,1466
372,1467
508,1468
728,1470
193,1477
858,1478
24,1480
565,1480
117,1488
618,1490
572,1493
744,1494
379,1495
304,1498
98,1500
885,1500
598,1504
3,1506
43,1511
80,1511
422,1516
415,1517
984,1518
645,1519
247,1522
71,1524
748,1532
757,1533
545,1537
150,1537
66,1539
181,1540
573,1546
684,1547
516,1550
294,1553
21,1553
599,1556
77,1557
861,1562
553,1566
40,1571
510,1572
240,1574
283,1579
921,1583
791,1587
151,1588
737,1589
901,1590
754,1594
463,1594
331,1597
79,1608
133,1610
429,1613
279,1615
473,1618
268,1621
483,1623
648,1625
538,1630
73,1630
42,1633
787,1635
344,1636
877,1636
230,1647
808,1649
537,1652
985,1652
820,1663
200,1671
701,1672
225,1673
577,1678
356,1681
461,1682
720,1682
453,1683
551,1686
890,1686
713,1688
679,1688
14,1690
780,1695
56,1703
253,1706
38,1708
130,1709
774,1711
752,1714
611,1717
936,1718
850,1724
386,1726
211,1737
389,1738
719,1739
266,1742
199,1743
971,1743
34,1744
653,1744
287,1753
520,1760
194,1766
712,1767
288,1769
554,1770
237,1774
131,1781
749,1784
171,1784
232,1786
244,1786
178,1787
486,1790
261,1791
141,1800
662,1801
831,1804
613,1806
216,1808
442,1808
265,1810
55,1818
252,1827
586,1834
563,1842
550,1843
137,1843
556,1848
815,1849
259,1853
734,1856
974,1858
355,1858
370,1859
465,1865
987,1868
65,1868
362,1870
681,1874
923,1880
741,1882
177,1883
348,1885
371,1888
447,1897
812,1911
566,1913
11,1914
112,1916
866,1922
340,1925
441,1929
432,1929
264,1934
536,1937
913,1937
349,1938
626,1940
278,1941
272,1955
801,1955
919,1955
207,1966
50,1966
168,1974
400,1977
455,1979
484,1980
318,1980
588,1998
584,1998
541,1999
764,1999
215,2008
226,2010
729,2012
621,2019
956,2019
659,2030
353,2033
445,2035
494,2049
786,2052
125,2057
578,2058
78,2065
293,2072
652,2073
625,2087
691,2092
72,2093
45,2094
367,2105
841,2109
450,2109
397,2111
70,2118
255,2125
696,2129
900,2137
269,2141
892,2142
874,2144
966,2150
22,2151
529,2161
795,2167
547,2168
91,2171
995,2178
39,2178
750,2179
607,2183
398,2185
935,2190
794,2193
732,2194
315,2200
373,2204
135,2211
530,2212
898,2215
785,2220
4,2226
23,2230
299,2234
557,2242
878,2255
332,2258
322,2262
594,2265
647,2274
36,2290
250,2296
462,2302
724,2316
435,2317
201,2319
842,2319
727,2327
500,2333
197,2340
444,2350
670,2357
747,2358
52,2373
946,2377
674,2381
104,2383
388,2383
677,2383
623,2398
991,2403
788,2403
799,2411
138,2433
382,2435
848,2439
384,2443
570,2476
7,2480
57,2482
943,2488
765,2490
403,2490
53,2501
354,2506
910,2514
126,2520
44,2540
934,2540
755,2543
703,2551
694,2554
888,2556
166,2562
616,2568
523,2587
20,2589
675,2605
254,2605
76,2607
555,2610
449,2623
953,2635
707,2641
661,2659
763,2665
406,2671
192,2678
122,2688
891,2693
319,2696
228,2699
600,2703
559,2725
745,2740
492,2765
286,2770
37,2773
809,2780
291,2781
474,2782
688,2784
184,2822
844,2824
161,2839
697,2841
335,2854
926,2860
742,2865
989,2888
810,2889
421,2892
952,2895
899,2928
514,2931
404,2941
60,2948
627,2959
571,2962
477,2979
568,2994
736,3020
35,3022
156,3030
437,3054
633,3066
144,3108
417,3110
983,3124
405,3153
306,3172
26,3178
188,3186
428,3230
869,3256
46,3274
918,3280
593,3282
425,3314
157,3337
302,3354
660,3436
101,3514
321,3516
589,3549
873,3593
446,3693
909,3719
894,3815
920,3849
823,3876
845,4006
614,4118
798,4154
880,4173
802,4291
84,4418
313,4454
876,4574
834,4860
887,5148

simblock.block.ProofOfWorkBlock@3be4c64b:8
715,0
12,163
251,225
74,284
274,315
205,344
85,372
541,380
835,401
924,428
457,434
875,443
33,458
87,465
236,484
204,496
669,496
186,502
865,528
200,529
971,542
793,542
18,553
233,554
377,557
448,564
508,581
851,586
886,586
718,589
29,593
13,604
757,604
798,606
664,609
645,618
284,619
570,620
882,622
694,629
16,640
672,642
503,642
854,645
79,646
573,647
576,650
289,651
307,652
81,661
182,667
797,668
295,669
830,675
456,676
59,678
839,679
8,689
343,694
151,696
532,696
358,697
115,700
545,703
440,704
129,705
599,706
499,707
948,712
309,712
488,717
412,718
665,723
739,724
754,725
940,726
387,726
203,734
773,735
420,736
106,736
641,738
128,741
818,747
234,752
537,753
689,753
167,758
209,758
668,759
177,760
907,761
41,762
639,762
890,763
407,767
90,768
258,768
727,769
893,769
769,769
357,772
653,774
102,775
813,775
925,776
517,781
944,781
15,782
89,786
465,787
767,790
202,791
290,794
789,797
10,797
336,798
217,798
436,798
843,798
722,798
881,799
542,799
194,802
92,802
53,803
605,806
414,810
297,810
34,812
622,815
778,816
461,817
608,819
524,820
620,821
760,821
582,823
104,824
505,825
69,825
770,825
963,826
917,826
838,827
56,827
99,827
380,829
685,829
141,830
962,831
398,832
352,835
54,838
821,838
24,838
615,839
195,843
984,844
548,846
866,847
572,849
159,849
534,850
846,850
595,851
489,851
988,853
316,854
979,855
947,855
827,855
68,856
885,857
916,857
439,858
929,858
856,858
323,861
746,861
522,863
185,866
379,867
222,867
130,868
644,869
811,870
491,873
150,873
515,873
359,874
96,875
324,876
747,876
955,876
870,879
609,879
969,880
597,881
985,881
713,882
612,882
791,882
19,884
48,885
485,886
384,887
997,888
164,888
190,889
71,890
717,890
394,891
453,891
143,893
458,894
598,894
602,894
262,895
67,895
632,899
992,900
711,903
240,905
590,906
938,906
464,906
654,907
945,907
932,907
277,908
950,908
127,909
687,909
959,910
438,911
70,911
147,912
193,913
999,913
591,913
179,914
790,914
229,915
231,915
1000,918
682,918
292,918
25,919
391,921
466,922
120,922
345,923
208,924
655,924
618,925
783,925
347,927
312,927
552,927
745,930
737,930
424,931
473,932
888,933
296,933
191,936
928,937
915,937
180,938
628,938
853,938
640,938
418,940
972,942
756,943
543,944
30,944
17,944
419,944
109,945
467,945
77,945
93,945
459,946
123,947
300,948
857,948
134,948
624,949
521,949
148,949
975,951
427,952
861,952
912,953
368,953
27,953
153,953
75,954
187,956
239,956
469,957
410,958
520,960
879,960
21,962
704,962
271,963
256,963
832,964
574,965
761,965
214,965
982,966
243,966
858,967
400,968
730,968
871,969
468,969
973,970
326,972
849,972
443,972
305,972
146,973
501,974
223,974
154,975
333,976
206,977
671,977
903,978
535,979
125,979
698,980
329,980
631,981
784,981
528,982
518,983
422,985
263,985
531,985
497,986
693,987
471,988
603,990
278,991
725,991
743,993
337,994
617,995
759,995
836,998
914,999
283,999
758,999
408,1001
39,1001
705,1001
869,1002
587,1002
840,1002
710,1004
673,1004
431,1004
581,1006
565,1006
213,1007
833,1008
338,1009
782,1009
328,1010
376,1010
775,1011
692,1011
247,1011
579,1011
375,1011
993,1012
350,1013
149,1013
629,1013
366,1014
483,1015
942,1016
470,1016
585,1016
372,1017
525,1017
897,1021
502,1021
348,1023
663,1023
800,1024
817,1025
558,1026
941,1026
904,1026
275,1027
498,1028
957,1028
481,1029
546,1029
281,1031
383,1032
416,1033
604,1033
748,1034
562,1034
526,1034
342,1035
490,1036
828,1036
280,1038
415,1038
198,1039
268,1039
145,1040
990,1041
868,1042
872,1043
864,1043
80,1049
976,1049
937,1050
227,1050
83,1051
249,1051
706,1052
460,1052
662,1052
852,1054
951,1054
891,1056
507,1056
908,1058
360,1059
700,1060
648,1060
442,1062
575,1062
728,1066
176,1067
714,1067
695,1067
124,1067
31,1068
49,1068
961,1068
218,1071
42,1072
111,1073
210,1074
346,1076
163,1077
314,1078
807,1080
257,1081
561,1081
708,1081
841,1082
994,1085
172,1087
434,1088
260,1090
787,1091
55,1091
282,1092
487,1092
374,1094
920,1095
158,1096
393,1097
313,1100
246,1101
731,1101
651,1101
298,1102
819,1102
165,1103
824,1105
435,1106
367,1106
183,1107
363,1108
162,1113
390,1114
781,1115
175,1116
116,1118
970,1119
516,1120
911,1120
103,1121
667,1125
118,1126
389,1127
958,1129
230,1129
385,1131
751,1132
500,1136
560,1137
201,1140
680,1141
137,1142
643,1143
139,1143
859,1144
996,1147
63,1147
3,1150
482,1154
291,1154
902,1156
267,1159
325,1161
238,1165
265,1171
225,1171
829,1173
155,1173
968,1174
5,1175
965,1183
371,1185
82,1185
719,1185
691,1186
814,1188
242,1190
98,1191
946,1192
301,1193
224,1193
476,1194
977,1195
586,1196
738,1198
721,1200
73,1201
578,1203
559,1204
555,1205
486,1206
107,1209
647,1210
38,1210
716,1213
960,1215
40,1217
616,1217
450,1219
171,1220
100,1220
935,1225
216,1225
601,1233
577,1236
936,1237
779,1237
742,1240
816,1240
88,1240
264,1242
740,1244
610,1244
211,1246
152,1249
189,1250
741,1250
304,1251
677,1251
956,1251
774,1252
114,1253
220,1254
61,1254
563,1255
320,1258
670,1259
308,1263
259,1266
496,1267
910,1268
479,1270
922,1270
511,1272
378,1273
270,1274
862,1276
287,1280
484,1280
801,1282
547,1284
221,1284
472,1284
684,1285
980,1286
178,1290
850,1290
755,1291
331,1291
744,1294
197,1295
723,1296
330,1299
863,1299
23,1300
1,1303
776,1305
136,1307
445,1308
353,1308
896,1312
349,1314
596,1316
699,1316
822,1317
527,1317
432,1317
52,1318
272,1319
244,1320
72,1321
676,1322
659,1325
650,1329
173,1332
626,1333
140,1335
749,1336
553,1339
696,1340
64,1341
381,1341
554,1343
51,1344
429,1347
423,1350
373,1352
403,1354
332,1356
529,1357
726,1358
549,1361
382,1362
369,1362
454,1363
513,1364
207,1364
480,1367
475,1368
900,1369
964,1371
777,1375
734,1376
921,1379
638,1379
406,1385
792,1391
395,1391
444,1394
729,1394
733,1396
409,1396
78,1402
805,1402
681,1406
447,1407
413,1410
299,1410
311,1410
11,1410
43,1412
62,1414
753,1414
132,1414
105,1418
181,1418
160,1419
32,1419
884,1420
168,1420
930,1422
219,1425
981,1425
397,1426
22,1427
536,1428
794,1429
806,1432
351,1434
931,1435
623,1437
630,1443
463,1444
796,1449
341,1451
184,1452
279,1452
678,1456
334,1457
991,1458
411,1459
952,1462
170,1463
506,1465
589,1465
765,1466
4,1471
108,1475
252,1476
192,1478
544,1479
253,1483
771,1483
451,1486
94,1487
2,1489
855,1489
117,1490
493,1491
652,1491
504,1492
365,1493
826,1493
939,1506
674,1507
720,1511
874,1511
690,1517
112,1528
540,1530
512,1532
686,1533
883,1533
344,1536
514,1537
276,1539
766,1544
113,1547
594,1552
954,1558
913,1560
923,1563
7,1565
361,1568
635,1570
611,1571
306,1571
14,1579
495,1582
47,1582
567,1584
593,1584
519,1585
294,1586
580,1588
702,1589
235,1592
322,1595
250,1596
35,1599
967,1601
564,1601
568,1604
286,1608
196,1609
122,1615
131,1615
815,1616
430,1621
634,1622
619,1624
712,1628
772,1629
315,1629
989,1633
657,1638
478,1639
966,1641
898,1644
557,1646
877,1647
834,1648
261,1649
642,1650
370,1653
848,1654
583,1656
804,1658
764,1660
327,1660
584,1662
867,1664
449,1668
362,1677
785,1678
135,1680
780,1682
701,1683
768,1684
510,1692
732,1695
709,1695
636,1698
625,1701
646,1701
317,1706
998,1706
637,1721
288,1723
901,1728
97,1729
142,1732
656,1732
65,1734
417,1736
28,1739
845,1744
188,1745
174,1749
509,1749
918,1749
927,1750
842,1752
860,1754
873,1755
906,1756
6,1756
697,1759
455,1762
837,1765
399,1767
226,1773
255,1774
156,1774
588,1781
607,1784
538,1788
899,1792
627,1794
285,1802
606,1803
523,1804
649,1806
551,1811
724,1818
452,1826
355,1826
895,1829
310,1832
533,1834
919,1835
786,1843
26,1852
396,1864
254,1870
405,1872
987,1873
978,1874
138,1874
556,1877
364,1878
474,1881
633,1886
571,1892
621,1897
550,1900
592,1902
735,1903
392,1904
245,1908
157,1909
820,1909
199,1911
266,1912
707,1914
354,1915
228,1921
831,1924
84,1925
983,1930
76,1930
494,1933
661,1937
949,1939
428,1943
679,1944
750,1961
321,1966
809,1968
762,1983
889,1984
303,1987
426,2001
812,2006
887,2007
269,2032
878,2038
675,2038
441,2038
401,2050
133,2056
50,2057
892,2058
110,2069
462,2071
318,2080
995,2080
425,2084
248,2093
943,2100
683,2106
613,2116
566,2118
37,2124
894,2131
986,2132
876,2143
36,2150
763,2161
44,2161
477,2163
212,2171
215,2175
905,2188
293,2191
340,2208
660,2228
241,2239
302,2239
810,2246
799,2263
614,2266
273,2267
232,2268
825,2276
847,2288
492,2290
9,2303
703,2320
752,2323
530,2324
119,2339
319,2351
169,2359
57,2363
569,2374
95,2378
388,2379
433,2381
356,2421
161,2427
66,2451
144,2453
658,2457
386,2459
736,2480
421,2491
58,2509
600,2547
823,2562
909,2603
539,2654
335,2662
933,2664
45,2670
86,2679
437,2733
795,2736
404,2753
339,2830
402,2860
666,2916
91,2936
237,2948
60,2953
844,2963
974,3034
126,3036
788,3115
688,3143
802,3225
121,3233
166,3248
20,3252
101,3256
953,3333
934,3442
803,3525
446,3592
926,3596
808,3620
46,3781
880,3918

simblock.block.ProofOfWorkBlock@278667f6:9
950,0
744,153
632,219
790,286
868,319
81,343
672,375
323,390
336,400
71,434
985,437
376,452
503,457
127,468
194,494
249,497
347,501
106,510
183,514
890,523
819,526
375,544
139,551
204,553
531,563
191,568
897,575
942,583
938,584
996,596
932,602
143,604
150,608
624,610
708,610
473,616
838,619
83,622
545,624
466,634
63,641
769,645
214,647
307,648
18,649
260,651
591,659
705,662
459,663
372,665
389,665
737,666
767,667
387,667
770,675
475,676
379,676
590,678
618,681
297,684
524,695
328,700
246,700
704,704
948,704
222,708
969,709
965,711
25,715
869,716
574,723
128,724
186,724
130,724
1000,727
700,729
497,731
296,733
206,735
283,736
70,737
53,739
597,740
599,740
15,741
811,745
487,747
398,751
458,756
59,756
258,758
177,760
947,761
378,763
257,763
111,764
239,764
48,765
595,768
182,771
468,771
281,771
329,772
333,773
851,774
263,776
229,779
491,780
203,781
585,783
836,787
465,788
124,789
881,790
782,793
377,796
984,796
937,797
879,798
422,798
164,799
434,799
620,799
349,804
692,804
644,807
12,808
262,808
800,810
384,812
663,813
179,813
739,814
456,814
464,814
485,815
534,815
324,816
300,818
797,819
471,819
999,821
920,821
267,821
908,822
343,823
727,826
960,826
498,826
54,827
165,827
766,827
576,829
102,831
914,831
407,832
915,832
77,836
448,847
718,847
713,847
345,847
337,848
941,849
628,850
722,850
521,852
664,853
508,854
268,855
682,855
457,856
134,857
758,857
193,861
271,861
655,863
990,863
903,864
971,865
821,865
505,868
668,868
151,869
99,870
827,871
30,871
34,872
852,872
149,872
839,873
925,875
159,876
793,876
759,876
757,877
87,877
89,877
885,879
882,880
129,880
870,880
393,881
418,881
518,882
979,883
148,883
961,883
385,883
443,884
360,885
482,887
917,888
598,889
813,889
374,890
163,890
681,891
609,891
338,891
520,892
242,895
295,895
849,895
326,895
558,896
717,896
27,899
959,906
31,906
532,906
993,907
17,907
783,907
871,908
608,908
93,909
840,910
907,911
391,911
292,911
74,912
902,912
525,912
460,913
29,913
798,916
958,917
641,917
68,917
16,920
970,921
210,922
976,922
217,922
582,923
698,924
773,924
645,924
488,925
24,927
467,927
667,928
689,929
109,930
515,930
731,930
945,930
604,932
575,932
928,933
167,933
316,934
916,935
818,935
313,935
994,936
640,937
96,937
865,937
309,938
342,939
172,941
756,943
846,944
912,945
104,945
687,946
41,947
513,948
146,948
779,948
573,948
579,949
864,949
631,949
414,950
742,951
940,951
43,953
528,953
490,953
671,954
288,956
714,957
715,960
88,961
251,963
828,965
33,965
67,966
791,966
685,967
711,967
747,967
944,968
997,968
442,968
278,969
562,969
552,969
234,969
115,970
284,971
470,972
240,973
856,973
546,974
740,974
778,974
195,974
820,974
118,975
581,976
187,976
654,976
526,977
824,978
305,978
56,978
218,978
145,980
904,981
888,981
21,982
648,982
280,983
153,983
746,984
147,984
639,984
312,986
358,986
695,986
602,986
861,986
301,986
781,987
775,987
469,989
439,989
699,991
743,991
420,991
975,991
886,992
49,993
992,993
684,993
543,993
19,993
893,994
438,995
116,997
231,997
154,997
830,1000
587,1000
8,1005
517,1007
363,1007
835,1007
872,1009
198,1010
957,1010
75,1011
290,1012
489,1012
612,1012
79,1013
501,1016
761,1016
13,1016
412,1016
832,1019
929,1021
615,1022
141,1022
431,1022
233,1022
171,1023
548,1025
653,1025
213,1025
230,1025
200,1025
380,1026
247,1027
955,1028
857,1029
436,1030
730,1031
963,1031
190,1032
499,1033
924,1033
982,1033
320,1034
853,1034
327,1035
622,1036
366,1037
817,1037
180,1037
410,1039
784,1039
542,1041
42,1043
82,1046
673,1048
537,1048
522,1048
962,1050
988,1050
453,1050
10,1051
123,1051
205,1051
951,1052
461,1052
561,1053
383,1054
346,1054
208,1056
662,1057
789,1057
754,1058
510,1060
476,1061
875,1061
710,1062
535,1069
158,1070
352,1070
236,1072
277,1077
748,1079
424,1079
486,1079
39,1080
603,1080
85,1080
665,1081
440,1081
289,1082
479,1082
232,1083
406,1085
419,1085
125,1086
394,1090
90,1091
185,1091
368,1095
814,1097
176,1100
202,1104
357,1104
152,1106
792,1107
973,1107
78,1107
483,1109
541,1111
866,1111
605,1112
706,1113
858,1114
725,1115
884,1119
833,1120
212,1121
812,1123
601,1128
298,1128
504,1129
105,1131
416,1132
5,1132
427,1132
211,1133
69,1137
728,1137
275,1138
92,1141
181,1141
209,1144
972,1147
223,1148
643,1153
647,1153
256,1160
751,1160
361,1161
66,1161
559,1161
507,1163
72,1163
291,1165
344,1165
359,1166
287,1167
826,1170
447,1171
184,1173
472,1174
226,1175
560,1176
502,1180
906,1181
733,1182
679,1188
570,1190
227,1190
967,1191
64,1191
855,1192
911,1192
178,1193
55,1193
367,1195
716,1197
331,1198
527,1199
661,1199
693,1201
847,1201
61,1202
114,1203
637,1209
353,1209
738,1211
538,1211
454,1215
854,1217
964,1217
500,1222
308,1222
364,1224
98,1225
577,1227
243,1228
776,1228
567,1229
805,1230
408,1232
348,1232
690,1233
274,1239
815,1239
676,1240
371,1243
939,1247
729,1247
411,1248
117,1249
423,1250
65,1251
841,1255
506,1255
966,1258
259,1258
396,1261
745,1262
403,1263
310,1263
51,1265
196,1266
369,1270
332,1271
760,1273
891,1274
252,1276
299,1276
279,1279
122,1280
350,1280
529,1280
801,1281
765,1282
272,1283
829,1283
860,1283
772,1285
630,1286
478,1288
883,1289
495,1289
719,1290
397,1292
221,1292
480,1294
952,1294
669,1297
14,1297
197,1297
862,1299
723,1303
721,1303
108,1303
553,1303
572,1304
11,1304
409,1307
265,1311
381,1314
634,1319
998,1319
734,1320
547,1320
160,1321
463,1321
390,1324
931,1325
566,1326
749,1331
980,1331
578,1332
565,1334
112,1335
822,1335
968,1336
796,1337
651,1339
170,1341
207,1342
930,1342
594,1346
680,1349
317,1350
580,1350
954,1354
248,1358
610,1360
264,1365
519,1368
794,1369
555,1369
318,1371
47,1372
334,1373
617,1373
806,1379
981,1380
956,1380
168,1381
1,1381
995,1384
294,1388
386,1388
741,1391
382,1395
554,1398
910,1398
977,1399
325,1400
22,1401
135,1402
720,1404
133,1409
936,1409
678,1411
563,1413
549,1414
321,1414
935,1415
919,1418
373,1419
626,1420
199,1421
987,1424
429,1427
282,1430
807,1435
201,1439
564,1441
540,1441
52,1442
270,1443
73,1445
400,1449
691,1450
173,1452
842,1452
863,1453
677,1455
635,1455
777,1458
825,1458
341,1461
304,1464
216,1464
238,1466
413,1466
536,1469
62,1470
110,1471
136,1471
155,1472
623,1473
755,1477
144,1480
107,1483
3,1489
702,1489
551,1491
224,1491
771,1497
511,1498
978,1499
880,1500
175,1501
38,1504
45,1505
395,1507
850,1509
823,1510
736,1511
859,1512
435,1514
245,1521
220,1524
330,1529
235,1533
103,1542
544,1544
462,1545
989,1547
633,1549
94,1551
530,1555
80,1555
568,1557
874,1557
2,1561
650,1561
449,1564
192,1569
843,1570
40,1574
780,1575
225,1577
430,1583
121,1586
946,1588
244,1589
660,1590
286,1591
162,1593
896,1596
949,1601
433,1604
189,1604
261,1606
867,1611
763,1617
138,1617
219,1624
28,1624
764,1624
616,1625
808,1632
735,1633
922,1635
35,1638
140,1639
32,1641
451,1642
625,1643
493,1643
900,1644
188,1644
795,1644
404,1645
569,1646
254,1652
354,1654
174,1654
621,1655
481,1659
753,1661
452,1661
306,1663
586,1668
426,1668
37,1670
7,1680
934,1680
701,1680
657,1680
445,1681
593,1681
273,1681
302,1683
611,1696
600,1701
898,1705
285,1706
26,1706
388,1708
596,1709
269,1711
895,1715
556,1717
750,1719
215,1724
606,1726
629,1728
584,1731
253,1733
514,1736
649,1737
933,1738
774,1738
399,1741
816,1744
614,1745
437,1751
516,1757
670,1762
120,1775
550,1776
303,1788
613,1791
319,1793
844,1793
533,1795
703,1798
100,1805
340,1805
642,1807
592,1810
659,1814
809,1814
137,1818
607,1818
837,1819
712,1822
444,1826
834,1829
401,1829
709,1832
119,1839
674,1839
894,1842
512,1851
877,1851
57,1853
986,1854
804,1858
656,1859
638,1859
166,1867
974,1868
392,1879
726,1887
762,1887
157,1888
4,1899
509,1900
675,1901
6,1909
892,1913
60,1913
113,1914
683,1915
589,1924
696,1930
752,1930
905,1945
724,1945
266,1948
636,1948
84,1950
126,1951
788,1969
432,1970
97,1982
627,1984
658,1994
276,1999
450,2002
101,2007
787,2008
474,2009
23,2020
494,2028
95,2035
142,2038
132,2056
417,2069
831,2076
889,2080
484,2085
619,2087
646,2098
415,2100
314,2112
588,2112
50,2124
58,2131
365,2139
768,2152
402,2153
943,2170
241,2172
876,2185
923,2190
926,2191
9,2198
370,2199
557,2229
496,2236
446,2240
921,2251
131,2272
539,2282
405,2291
848,2306
355,2311
909,2319
583,2347
293,2369
697,2370
315,2382
161,2390
983,2390
991,2410
335,2413
311,2451
918,2468
455,2479
927,2482
86,2483
810,2496
356,2517
421,2534
694,2546
339,2558
36,2574
492,2598
20,2619
686,2652
428,2677
441,2696
901,2698
322,2705
351,2720
46,2722
799,2738
228,2766
76,2817
899,2835
887,2862
666,2920
571,2947
425,2980
169,2981
652,2985
91,3003
785,3010
873,3017
523,3049
237,3101
786,3145
845,3231
477,3265
156,3278
802,3289
878,3430
362,3520
953,3555
688,3839
803,4141

simblock.block.ProofOfWorkBlock@fe3a7f2:9
572,0
318,221
694,313
235,394
883,453
995,476
986,535
745,538
594,618
806,618
162,629
760,651
171,671
701,695
311,702
525,703
661,710
980,752
406,753
610,772
921,776
712,792
263,801
915,827
282,835
726,837
484,841
409,853
812,857
553,860
606,860
832,862
716,878
300,882
766,889
415,890
910,919
349,924
443,925
196,926
736,927
197,934
120,938
891,942
259,942
447,943
486,950
122,956
719,963
720,973
390,976
896,978
770,985
815,992
108,998
831,1003
83,1007
365,1008
559,1008
583,1010
870,1014
112,1017
554,1023
28,1023
516,1028
939,1033
220,1034
369,1039
222,1044
495,1048
577,1056
967,1059
680,1059
105,1063
102,1064
181,1068
774,1069
622,1070
840,1073
841,1075
355,1078
252,1082
494,1087
160,1087
314,1090
221,1090
226,1092
351,1092
103,1100
438,1104
776,1104
435,1106
299,1107
110,1110
544,1115
535,1117
683,1120
432,1124
914,1127
141,1138
991,1142
780,1143
816,1144
593,1145
270,1145
291,1156
382,1159
586,1159
9,1162
394,1162
272,1164
755,1165
264,1169
956,1171
847,1172
987,1173
381,1173
772,1175
794,1182
367,1184
27,1185
3,1190
850,1191
107,1191
651,1195
769,1196
175,1197
820,1197
310,1202
346,1203
647,1207
137,1208
919,1210
762,1216
23,1222
678,1227
136,1227
674,1229
502,1229
212,1230
924,1232
863,1232
199,1234
189,1237
476,1239
332,1241
564,1242
598,1244
195,1245
178,1246
697,1247
599,1248
58,1250
94,1250
454,1251
244,1252
4,1254
906,1254
538,1255
450,1255
14,1257
216,1257
977,1260
539,1262
457,1265
478,1267
379,1272
463,1273
540,1273
825,1273
981,1273
168,1276
625,1277
356,1278
504,1279
224,1282
733,1283
117,1284
364,1284
922,1286
173,1291
248,1291
54,1292
62,1293
580,1299
223,1299
513,1304
430,1307
500,1308
348,1309
867,1310
829,1311
536,1312
451,1313
453,1313
954,1314
859,1315
32,1315
73,1316
630,1317
408,1318
519,1322
506,1323
546,1326
617,1327
650,1329
623,1330
566,1330
923,1330
970,1331
238,1331
64,1332
729,1335
568,1335
330,1336
699,1338
170,1339
373,1339
11,1340
61,1340
219,1343
427,1344
765,1348
563,1349
400,1350
471,1350
574,1353
900,1356
826,1357
15,1357
842,1357
659,1359
481,1360
874,1363
480,1364
702,1364
445,1365
262,1366
753,1367
589,1369
21,1371
265,1372
964,1373
279,1374
555,1376
334,1377
98,1377
552,1379
601,1380
657,1382
901,1383
952,1387
862,1388
325,1389
741,1391
616,1395
114,1395
998,1395
253,1397
691,1398
386,1399
496,1400
690,1400
331,1400
665,1402
78,1404
184,1405
696,1406
742,1406
155,1408
629,1411
201,1411
209,1412
276,1412
287,1418
510,1418
2,1418
637,1418
837,1420
66,1422
176,1422
721,1422
341,1424
677,1426
818,1429
470,1431
396,1432
80,1432
327,1433
547,1434
764,1436
737,1437
194,1438
52,1438
225,1438
569,1440
328,1441
822,1445
638,1447
243,1448
884,1450
501,1452
198,1454
857,1456
140,1462
533,1465
317,1466
132,1467
512,1470
483,1473
807,1474
426,1474
805,1476
429,1477
133,1479
479,1479
448,1479
211,1480
393,1482
529,1484
676,1486
723,1486
643,1487
558,1491
524,1492
567,1493
17,1499
152,1499
551,1500
366,1504
397,1507
800,1509
936,1509
948,1510
945,1513
472,1515
135,1518
411,1520
159,1521
123,1521
634,1522
75,1522
63,1523
42,1524
930,1525
1,1526
684,1527
775,1527
371,1527
308,1529
904,1531
347,1532
903,1533
40,1533
338,1537
239,1544
973,1545
907,1547
626,1547
797,1548
336,1548
295,1550
738,1551
783,1554
935,1556
232,1556
380,1557
771,1558
605,1558
596,1559
961,1560
734,1561
578,1563
749,1564
886,1567
931,1567
556,1568
18,1570
29,1574
635,1576
801,1578
53,1578
424,1579
280,1581
787,1581
88,1583
115,1588
172,1590
444,1591
791,1591
951,1591
888,1593
843,1594
648,1595
41,1595
942,1599
68,1599
234,1602
167,1602
467,1602
897,1606
304,1608
759,1609
491,1610
744,1610
124,1613
861,1615
671,1616
22,1618
833,1620
67,1622
687,1626
560,1627
667,1627
982,1629
955,1629
38,1629
747,1630
395,1630
139,1634
751,1639
24,1639
968,1639
740,1641
485,1645
824,1647
757,1647
615,1648
344,1648
860,1650
418,1654
549,1658
993,1659
294,1660
865,1660
796,1661
748,1661
456,1665
798,1666
681,1666
164,1667
271,1667
296,1668
570,1669
74,1675
93,1678
962,1679
193,1680
689,1680
151,1686
984,1687
503,1689
241,1690
508,1692
423,1693
515,1694
281,1695
999,1695
249,1697
851,1697
186,1699
191,1699
672,1700
781,1701
561,1702
96,1702
92,1703
82,1706
391,1707
180,1708
911,1711
507,1712
465,1714
582,1715
520,1718
778,1719
131,1721
431,1723
934,1723
298,1723
69,1724
286,1729
940,1731
784,1731
145,1732
213,1734
928,1739
378,1739
682,1739
603,1740
662,1741
700,1741
179,1743
288,1743
711,1747
333,1752
957,1753
854,1753
214,1753
337,1754
403,1755
202,1756
363,1759
104,1761
518,1762
154,1762
277,1762
819,1765
385,1768
663,1770
814,1772
326,1772
591,1773
715,1776
316,1776
345,1777
39,1779
240,1780
868,1780
233,1783
359,1783
87,1784
283,1784
728,1785
417,1786
631,1787
459,1787
517,1787
537,1788
695,1789
464,1791
565,1791
372,1791
357,1794
947,1795
920,1796
830,1801
111,1803
147,1803
274,1805
975,1805
933,1807
71,1809
511,1809
856,1809
91,1810
77,1811
944,1813
889,1813
183,1814
789,1817
498,1820
99,1823
543,1823
885,1824
70,1825
739,1825
838,1825
473,1826
182,1826
278,1828
929,1829
852,1835
25,1836
324,1836
795,1840
5,1842
971,1842
55,1843
817,1844
969,1845
352,1847
858,1850
912,1853
229,1854
285,1854
628,1855
895,1860
323,1860
267,1863
846,1864
698,1865
618,1870
548,1870
312,1870
925,1871
908,1871
790,1874
19,1875
958,1876
879,1876
85,1876
959,1877
437,1877
938,1878
59,1883
289,1884
266,1885
8,1885
869,1886
642,1887
727,1888
849,1891
292,1893
79,1894
602,1896
693,1899
620,1899
118,1900
46,1904
185,1907
579,1908
670,1910
799,1910
893,1912
149,1913
632,1913
150,1916
644,1920
655,1922
779,1923
864,1924
402,1928
965,1932
148,1933
482,1933
882,1936
949,1936
434,1938
487,1938
641,1940
368,1941
142,1942
90,1943
994,1943
666,1947
730,1948
573,1949
157,1953
335,1956
301,1957
290,1957
134,1957
158,1958
528,1961
990,1962
231,1963
242,1965
260,1965
307,1966
875,1967
284,1970
293,1970
7,1971
658,1971
575,1974
350,1978
497,1979
76,1980
612,1981
466,1982
542,1984
86,1985
130,1993
119,1996
261,2000
439,2002
669,2004
660,2005
236,2007
81,2012
767,2015
129,2015
803,2015
522,2016
717,2016
607,2017
218,2021
489,2026
996,2028
257,2030
584,2031
192,2034
743,2037
144,2037
247,2044
10,2044
953,2047
446,2048
313,2048
210,2049
392,2049
750,2052
254,2053
30,2056
258,2057
992,2058
227,2060
215,2060
653,2065
943,2066
329,2067
461,2067
526,2069
673,2070
245,2071
322,2073
420,2074
836,2077
890,2078
389,2078
899,2079
230,2083
692,2086
425,2086
377,2088
436,2092
1000,2098
913,2098
645,2104
442,2109
793,2110
339,2112
514,2114
941,2114
342,2118
597,2121
309,2121
917,2123
370,2128
709,2129
725,2130
475,2130
887,2135
595,2135
652,2136
608,2137
754,2140
722,2141
208,2144
989,2146
985,2146
656,2149
713,2150
116,2153
758,2153
735,2155
839,2156
916,2158
609,2159
802,2160
714,2162
892,2169
810,2179
898,2188
773,2189
905,2190
383,2192
974,2201
828,2201
12,2201
146,2206
668,2214
49,2218
988,2222
545,2224
983,2225
871,2226
273,2228
358,2231
746,2241
853,2242
541,2243
523,2244
872,2248
37,2249
505,2252
664,2257
756,2257
918,2259
909,2263
686,2263
521,2265
441,2266
340,2271
177,2284
251,2288
275,2295
724,2295
813,2295
315,2299
809,2308
34,2310
306,2310
187,2313
827,2316
469,2323
246,2325
877,2326
250,2328
143,2331
619,2331
587,2333
530,2337
56,2337
468,2340
581,2341
169,2343
614,2344
188,2350
121,2352
319,2362
710,2364
640,2367
60,2369
127,2377
428,2385
440,2394
604,2398
384,2400
458,2401
976,2417
844,2417
404,2418
704,2420
592,2427
297,2433
646,2438
33,2438
399,2447
362,2450
460,2458
848,2464
705,2470
97,2476
57,2493
752,2494
405,2494
590,2495
217,2498
6,2500
410,2502
873,2505
16,2507
44,2511
585,2516
499,2517
706,2520
708,2527
997,2542
36,2560
388,2562
835,2562
488,2576
633,2578
360,2579
303,2583
493,2589
732,2591
937,2593
639,2593
237,2606
963,2610
703,2611
343,2616
880,2630
792,2639
190,2643
321,2644
613,2654
932,2657
204,2668
731,2690
375,2691
20,2699
966,2709
927,2713
163,2753
203,2756
45,2757
588,2761
768,2765
109,2768
387,2772
153,2785
624,2788
571,2790
165,2791
534,2807
65,2809
785,2814
979,2816
960,2823
978,2826
174,2839
320,2840
509,2843
902,2844
621,2850
823,2853
128,2868
675,2881
821,2881
100,2891
449,2895
398,2899
611,2902
407,2919
763,2930
89,2931
490,2944
106,2946
600,2947
926,2952
161,2958
31,2962
207,2970
761,2975
532,2978
946,2995
718,3000
26,3004
786,3008
811,3019
562,3046
808,3067
845,3073
228,3111
13,3123
138,3143
416,3149
200,3150
376,3150
878,3151
649,3203
492,3204
462,3207
113,3213
627,3215
305,3222
84,3227
353,3236
205,3243
707,3243
51,3247
156,3256
206,3323
474,3325
421,3391
950,3393
876,3404
894,3428
422,3451
255,3454
101,3457
636,3472
688,3493
419,3506
354,3564
48,3586
126,3678
972,3685
50,3707
455,3710
834,3722
550,3813
433,3932
269,3935
166,3958
452,3968
95,3983
557,4063
804,4206
401,4237
782,4344
788,4491

simblock.block.ProofOfWorkBlock@36333972:10
243,0
338,149
489,223
835,279
644,335
904,378
687,397
461,434
615,435
664,455
434,487
377,491
917,496
824,527
756,529
979,535
333,544
63,547
715,556
520,562
775,583
800,588
274,588
468,591
205,604
208,606
692,610
456,613
902,616
343,621
363,637
414,638
928,646
280,647
976,654
206,665
689,666
440,669
202,673
284,675
849,678
999,681
937,681
295,685
984,685
545,693
187,695
769,695
546,695
618,702
579,703
74,704
71,704
604,714
423,716
412,722
204,726
784,727
959,729
582,734
289,734
503,735
448,737
176,738
375,739
209,740
475,742
628,743
962,750
653,753
932,753
682,754
561,755
869,759
372,760
668,761
12,761
460,762
532,765
85,766
350,767
438,772
68,773
436,776
903,783
70,785
526,786
233,787
491,791
151,791
56,792
466,794
183,794
574,794
134,795
116,796
671,797
851,799
292,800
271,800
283,812
685,813
779,814
971,817
267,818
858,818
33,819
866,819
99,819
718,819
146,819
182,819
672,824
722,824
19,826
191,826
992,827
326,829
885,829
608,831
470,831
55,832
260,832
857,833
34,838
537,838
457,838
920,844
391,845
180,846
711,847
69,849
599,849
505,850
59,851
476,851
773,851
148,852
153,852
420,852
767,853
542,854
352,854
102,854
258,856
324,859
93,860
374,862
941,864
778,865
585,866
75,868
383,870
316,870
570,875
231,877
870,877
251,877
442,879
200,880
305,880
916,881
852,882
18,882
631,882
82,883
591,883
576,884
603,884
813,886
96,887
467,888
655,888
737,888
337,890
490,890
307,890
963,893
739,896
640,896
760,896
229,897
139,897
323,899
379,900
262,902
714,902
713,902
186,903
49,904
969,904
681,906
757,906
419,907
988,908
312,908
129,908
754,909
861,909
329,911
53,912
507,912
632,912
222,913
915,913
395,914
115,915
77,915
13,918
360,919
654,920
663,921
427,921
890,922
422,923
106,923
336,925
281,926
359,926
407,928
41,929
893,929
431,931
385,933
8,935
573,936
368,936
648,937
695,939
48,939
499,939
203,940
185,940
598,942
994,942
357,942
620,942
907,943
747,943
488,943
882,943
839,943
268,945
515,946
246,946
770,947
970,947
54,948
821,948
944,949
637,949
522,951
524,953
879,953
10,953
789,954
214,956
424,956
471,957
534,958
384,959
127,959
483,961
194,961
744,962
972,962
912,963
662,965
791,965
328,966
548,966
124,967
973,968
558,968
24,969
667,969
743,970
149,970
798,971
296,972
518,973
639,975
177,975
236,975
717,977
5,978
163,979
587,979
143,980
819,980
453,981
590,983
42,983
469,984
833,984
925,985
908,986
147,986
528,988
982,989
965,990
596,992
942,993
109,994
79,994
158,995
996,998
830,999
881,1000
552,1000
521,1001
961,1001
924,1001
929,1001
790,1002
387,1002
465,1003
217,1003
817,1003
535,1004
871,1004
485,1004
938,1004
828,1004
669,1005
482,1007
706,1007
213,1007
725,1007
581,1008
728,1011
783,1011
508,1012
31,1012
797,1012
827,1012
16,1013
67,1013
985,1013
498,1013
218,1014
645,1014
301,1015
575,1016
165,1016
249,1017
17,1017
704,1017
25,1018
622,1019
700,1019
164,1019
975,1020
562,1021
947,1021
309,1022
595,1022
940,1022
840,1023
300,1026
612,1028
865,1028
818,1028
832,1028
257,1029
677,1029
990,1030
15,1030
727,1031
864,1032
313,1033
81,1034
673,1035
782,1036
128,1037
230,1038
89,1039
698,1040
838,1040
487,1041
957,1041
247,1042
758,1042
418,1044
914,1044
39,1045
195,1050
275,1051
394,1051
256,1051
263,1051
501,1052
868,1054
694,1058
366,1058
464,1059
145,1059
1000,1062
389,1062
997,1062
960,1063
239,1063
856,1065
398,1065
543,1067
347,1067
641,1068
872,1068
345,1068
88,1069
705,1069
277,1070
602,1072
104,1073
693,1073
150,1074
227,1076
836,1077
665,1077
83,1077
710,1078
699,1079
240,1079
781,1079
746,1081
125,1081
860,1082
875,1082
265,1083
92,1084
358,1084
380,1084
726,1084
47,1084
730,1085
945,1086
190,1087
344,1091
393,1092
167,1094
87,1094
376,1095
605,1095
27,1096
759,1098
958,1099
862,1100
429,1102
459,1108
731,1109
443,1109
439,1109
897,1111
118,1112
473,1118
132,1121
812,1122
21,1122
624,1123
198,1125
320,1125
193,1125
748,1126
159,1129
378,1129
597,1131
172,1132
766,1134
531,1135
541,1135
415,1135
517,1136
342,1136
793,1136
888,1139
278,1139
61,1139
761,1140
416,1143
294,1144
708,1145
951,1146
210,1147
846,1150
241,1151
130,1151
811,1151
701,1157
955,1167
349,1169
719,1169
816,1170
723,1170
207,1172
23,1172
131,1181
179,1182
290,1182
555,1182
458,1186
716,1187
297,1187
62,1189
921,1189
341,1191
234,1191
154,1193
527,1196
712,1198
930,1199
94,1200
609,1201
853,1201
445,1203
223,1205
298,1207
901,1209
563,1216
141,1217
511,1220
304,1221
911,1227
987,1229
408,1233
107,1233
400,1234
497,1236
742,1237
253,1238
702,1244
481,1246
410,1248
451,1249
630,1251
160,1254
617,1256
939,1257
38,1257
886,1258
829,1258
556,1259
946,1260
90,1262
954,1263
64,1264
381,1266
510,1269
28,1269
578,1271
549,1272
533,1274
330,1276
922,1283
749,1286
432,1287
910,1288
73,1289
986,1291
171,1291
356,1293
847,1294
745,1294
807,1296
776,1299
346,1303
367,1304
993,1304
738,1305
826,1307
777,1308
199,1308
472,1308
519,1311
314,1312
242,1314
538,1317
683,1317
867,1318
318,1318
659,1322
504,1323
219,1324
478,1326
657,1329
98,1330
981,1330
22,1331
513,1333
678,1335
567,1337
397,1339
774,1340
577,1340
463,1341
140,1341
980,1341
365,1342
259,1343
189,1345
225,1345
252,1346
820,1346
224,1348
801,1349
291,1352
956,1355
536,1358
638,1359
647,1361
279,1361
413,1361
734,1362
4,1362
406,1363
123,1363
311,1363
765,1364
629,1365
540,1366
967,1367
586,1367
162,1368
891,1369
308,1370
103,1371
175,1375
525,1377
409,1379
382,1379
11,1379
327,1381
403,1384
896,1386
733,1389
564,1393
334,1395
572,1396
566,1399
108,1400
841,1402
977,1405
112,1406
843,1406
721,1410
995,1411
396,1413
226,1417
998,1420
386,1423
51,1423
772,1423
287,1424
152,1425
553,1432
361,1434
806,1437
771,1438
270,1438
317,1440
2,1440
114,1441
173,1442
52,1442
805,1443
568,1444
30,1448
117,1449
353,1450
684,1453
493,1453
850,1454
155,1455
906,1455
787,1458
272,1459
232,1462
211,1462
3,1463
196,1465
616,1470
964,1478
883,1478
100,1478
135,1480
724,1480
32,1483
40,1484
119,1491
235,1491
741,1493
133,1494
506,1497
1,1500
201,1503
753,1506
729,1509
484,1510
855,1514
792,1516
371,1518
786,1520
594,1522
370,1525
322,1529
580,1531
35,1532
905,1532
676,1534
968,1535
815,1537
238,1537
496,1537
14,1541
571,1541
364,1541
557,1544
331,1545
411,1547
551,1548
264,1548
435,1548
6,1552
45,1560
492,1565
454,1565
913,1567
764,1572
332,1577
874,1584
502,1590
529,1592
168,1593
339,1593
680,1596
113,1597
142,1604
720,1604
452,1605
859,1607
122,1612
607,1612
634,1613
703,1615
516,1615
900,1617
174,1619
184,1620
244,1620
633,1624
991,1624
690,1625
50,1627
876,1630
768,1630
755,1630
661,1632
248,1632
530,1634
643,1642
863,1642
449,1642
76,1645
834,1646
931,1646
494,1647
686,1650
989,1651
514,1659
65,1661
619,1661
837,1664
646,1672
785,1672
216,1673
43,1674
137,1682
310,1683
444,1685
642,1694
670,1696
610,1698
854,1703
696,1703
405,1705
60,1708
430,1713
919,1715
679,1717
623,1719
650,1723
909,1724
404,1724
399,1725
156,1725
606,1727
192,1728
895,1732
285,1734
36,1738
237,1741
401,1744
732,1747
649,1750
780,1755
762,1758
804,1760
601,1760
282,1768
188,1777
220,1780
799,1781
84,1781
197,1782
588,1784
593,1789
547,1789
181,1792
66,1797
735,1800
751,1801
450,1802
421,1803
373,1804
544,1805
918,1810
306,1812
554,1812
269,1813
808,1816
170,1817
878,1818
157,1819
392,1823
802,1831
299,1831
161,1832
752,1833
255,1846
635,1852
447,1854
948,1857
44,1859
927,1864
625,1868
126,1875
266,1880
97,1882
794,1887
303,1892
926,1892
80,1893
245,1897
814,1913
7,1924
892,1924
325,1924
652,1925
825,1936
627,1937
709,1939
707,1939
212,1942
354,1948
169,1951
302,1951
437,1952
949,1955
796,1959
656,1959
37,1960
923,1967
740,1970
842,1973
674,1975
810,1981
873,1985
390,1986
691,1987
795,1988
626,2000
611,2005
636,2007
433,2011
425,2013
512,2023
417,2024
20,2038
111,2044
72,2045
58,2052
559,2062
486,2067
273,2074
293,2077
880,2081
388,2086
86,2100
29,2100
600,2103
848,2110
355,2114
340,2118
763,2119
935,2130
474,2130
658,2132
523,2143
144,2143
78,2146
479,2147
565,2157
788,2158
884,2159
952,2164
369,2169
221,2192
261,2238
589,2248
974,2249
675,2272
250,2287
943,2289
335,2298
583,2298
500,2321
321,2330
9,2330
120,2344
831,2345
651,2347
57,2349
845,2360
936,2365
666,2386
978,2391
286,2394
550,2414
898,2427
441,2450
569,2472
101,2474
736,2499
105,2500
348,2519
966,2525
480,2542
950,2545
362,2547
889,2555
95,2583
560,2606
750,2622
887,2632
26,2633
315,2637
877,2644
426,2648
351,2673
495,2689
592,2696
688,2697
462,2711
178,2711
509,2735
621,2779
215,2784
121,2869
697,2869
809,2877
136,2886
613,2910
584,2917
933,2927
803,2940
894,2948
110,2952
660,2973
319,2988
539,3054
288,3057
899,3058
228,3074
276,3129
138,3194
254,3200
166,3214
822,3229
823,3256
446,3289
91,3337
455,3357
953,3413
477,3485
844,3503
428,3522
402,3538
983,3715
614,3829
934,3837
46,4184

simblock.block.ProofOfWorkBlock@32544fac:11
889,0
878,388
370,537
91,685
880,697
894,826
768,840
675,928
844,972
834,1045
845,1086
786,1099
549,1103
26,1118
477,1169
934,1235
144,1240
642,1242
392,1253
241,1329
921,1331
126,1332
474,1353
1,1362
494,1378
588,1383
989,1387
802,1400
683,1410
237,1481
913,1490
492,1494
52,1494
319,1499
738,1502
254,1507
463,1551
272,1552
399,1560
611,1563
188,1568
294,1582
617,1582
772,1585
732,1586
812,1602
160,1621
121,1627
523,1627
23,1634
923,1634
623,1638
426,1638
310,1649
315,1652
339,1655
649,1656
253,1658
341,1660
346,1667
559,1668
390,1684
720,1700
803,1704
157,1713
331,1715
883,1717
752,1720
953,1721
777,1722
995,1723
221,1744
173,1750
859,1769
132,1771
196,1771
504,1774
652,1780
306,1796
174,1798
630,1799
895,1800
998,1801
437,1804
538,1805
108,1808
596,1809
556,1819
602,1825
400,1843
553,1848
321,1852
330,1852
771,1853
903,1857
680,1859
874,1859
189,1863
516,1865
896,1869
170,1871
404,1875
14,1875
219,1879
905,1880
244,1881
28,1882
829,1882
719,1885
495,1886
964,1886
184,1888
697,1889
651,1892
536,1898
736,1899
95,1900
381,1904
636,1905
971,1909
408,1910
763,1912
983,1917
634,1918
168,1920
567,1923
483,1924
265,1928
86,1929
741,1932
901,1934
629,1936
45,1940
626,1940
122,1940
661,1942
842,1942
898,1944
991,1945
735,1946
235,1947
166,1951
876,1956
411,1958
112,1958
638,1961
117,1962
181,1964
445,1966
120,1967
643,1967
169,1971
386,1972
815,1974
98,1977
300,1978
726,1978
594,1979
569,1979
564,1981
110,1982
216,1989
406,1991
225,1993
527,1995
646,1998
61,2000
580,2001
976,2003
539,2006
355,2016
6,2017
366,2019
361,2019
823,2020
472,2023
314,2023
571,2024
679,2024
601,2024
175,2025
906,2026
664,2026
11,2027
447,2030
797,2034
367,2036
949,2039
847,2039
257,2040
981,2042
308,2044
891,2044
171,2045
796,2049
137,2050
349,2051
334,2051
660,2058
816,2058
621,2061
825,2063
191,2065
226,2067
224,2071
682,2072
22,2075
484,2077
524,2077
205,2077
64,2078
97,2079
554,2079
910,2083
850,2083
460,2086
729,2086
487,2089
479,2090
566,2091
255,2095
70,2096
335,2097
228,2098
973,2100
332,2101
133,2104
238,2105
201,2106
986,2106
672,2109
762,2109
826,2112
572,2113
586,2117
557,2119
131,2121
937,2122
831,2127
365,2127
450,2127
863,2127
497,2127
344,2128
776,2128
640,2129
627,2131
822,2131
234,2136
801,2136
35,2136
180,2137
259,2141
151,2148
613,2149
511,2151
684,2152
743,2154
403,2155
40,2158
299,2158
185,2158
676,2162
551,2162
659,2163
141,2165
481,2165
60,2168
568,2170
3,2171
252,2172
43,2172
550,2173
540,2173
90,2174
725,2175
325,2176
978,2179
920,2179
657,2180
478,2183
354,2183
742,2185
276,2186
100,2188
470,2192
871,2195
65,2195
293,2195
977,2196
595,2196
606,2197
220,2197
442,2199
350,2199
394,2199
955,2199
604,2202
616,2202
593,2205
734,2205
841,2206
939,2206
922,2207
745,2208
807,2210
327,2212
577,2213
280,2214
881,2214
753,2216
757,2217
635,2219
696,2220
129,2220
888,2221
952,2224
162,2224
391,2225
303,2227
358,2229
723,2231
522,2231
94,2232
49,2232
669,2234
414,2235
893,2236
907,2239
721,2240
996,2240
304,2241
32,2242
342,2244
9,2247
66,2249
915,2251
486,2251
24,2251
974,2252
987,2252
287,2253
520,2254
500,2256
620,2258
666,2258
105,2259
236,2260
476,2263
199,2263
51,2263
203,2264
264,2265
433,2265
573,2266
261,2269
985,2270
269,2271
548,2274
443,2274
904,2275
848,2278
875,2279
928,2279
313,2284
415,2290
421,2291
79,2293
103,2300
819,2300
628,2301
125,2301
496,2303
787,2303
756,2304
733,2304
809,2305
605,2310
56,2311
461,2311
364,2313
142,2314
821,2319
441,2324
867,2325
146,2325
114,2325
984,2329
544,2332
792,2333
47,2335
513,2336
72,2337
316,2337
942,2343
563,2346
963,2346
861,2349
27,2352
395,2354
509,2354
858,2358
997,2358
744,2360
451,2361
980,2368
485,2368
535,2371
774,2371
800,2372
840,2372
747,2373
352,2375
603,2375
104,2376
446,2377
681,2377
988,2378
578,2378
886,2379
153,2380
746,2381
731,2383
212,2384
993,2384
930,2385
13,2393
612,2393
53,2394
464,2398
88,2398
109,2398
156,2399
767,2400
663,2401
277,2402
882,2402
704,2403
941,2403
113,2403
96,2405
589,2408
193,2411
512,2412
975,2412
654,2413
583,2414
805,2415
107,2416
165,2416
868,2417
230,2417
256,2418
562,2421
489,2422
966,2423
438,2425
691,2426
249,2427
695,2429
827,2429
2,2432
944,2433
808,2434
717,2434
710,2435
702,2435
609,2436
698,2438
608,2440
655,2443
700,2445
371,2446
387,2447
328,2448
919,2449
38,2450
93,2451
417,2451
279,2453
429,2453
468,2463
213,2464
281,2465
764,2465
320,2469
543,2470
106,2472
510,2473
410,2474
260,2474
467,2478
931,2480
480,2482
312,2482
139,2483
718,2483
872,2485
781,2486
176,2492
454,2492
856,2493
200,2496
155,2500
943,2501
348,2501
351,2502
291,2502
128,2504
323,2504
301,2504
270,2514
715,2516
499,2519
1000,2519
363,2520
748,2525
186,2527
911,2527
459,2527
585,2528
528,2531
434,2534
645,2539
223,2544
271,2545
962,2547
639,2548
423,2548
158,2551
135,2553
329,2555
658,2555
667,2555
482,2558
251,2558
852,2558
685,2563
4,2564
994,2565
418,2566
737,2566
384,2568
288,2568
739,2571
598,2571
99,2573
29,2574
127,2575
884,2575
77,2575
396,2575
248,2576
505,2577
916,2578
820,2581
581,2583
968,2583
458,2585
432,2588
118,2590
761,2590
17,2591
130,2596
530,2597
58,2597
625,2598
692,2598
533,2605
775,2606
965,2606
501,2607
227,2610
444,2611
755,2611
286,2614
992,2619
290,2624
215,2624
864,2625
936,2625
855,2627
794,2628
565,2629
591,2632
430,2633
34,2635
119,2638
20,2645
68,2647
534,2648
860,2649
750,2650
71,2651
140,2651
488,2652
362,2656
376,2656
788,2657
145,2659
951,2661
961,2662
18,2663
345,2663
837,2663
192,2669
935,2670
656,2678
87,2678
413,2678
211,2678
57,2681
7,2683
716,2686
783,2690
245,2690
707,2690
862,2691
824,2700
50,2703
73,2704
592,2705
967,2707
311,2709
706,2714
810,2716
674,2717
769,2721
383,2722
647,2722
518,2725
378,2726
76,2728
242,2732
233,2736
302,2738
393,2740
525,2741
618,2742
206,2742
555,2745
453,2748
457,2749
197,2750
427,2750
143,2760
397,2762
817,2762
990,2764
30,2765
380,2767
885,2769
785,2774
382,2774
431,2775
587,2780
149,2783
239,2784
521,2786
940,2791
55,2795
455,2796
12,2796
969,2797
938,2797
177,2797
849,2799
401,2803
491,2804
148,2816
529,2818
262,2819
686,2823
465,2826
650,2827
475,2828
266,2829
101,2830
232,2831
190,2835
19,2835
541,2836
633,2836
677,2837
892,2844
724,2845
37,2848
946,2850
250,2856
466,2861
954,2862
41,2871
956,2873
243,2874
582,2878
531,2879
835,2882
44,2887
136,2897
289,2897
273,2904
84,2906
493,2907
46,2913
207,2917
599,2920
795,2925
584,2927
926,2929
357,2930
172,2932
154,2933
283,2934
925,2940
353,2943
15,2945
92,2949
412,2954
853,2955
730,2957
240,2958
373,2960
806,2968
765,2969
368,2972
699,2976
688,2977
619,2980
751,2989
80,3004
317,3008
54,3011
36,3013
912,3014
81,3017
398,3020
766,3035
713,3050
641,3054
138,3059
284,3068
778,3074
779,3075
804,3077
318,3077
420,3079
714,3080
709,3082
340,3083
402,3084
163,3085
33,3092
159,3094
333,3094
832,3094
687,3095
900,3095
610,3096
519,3098
506,3103
908,3105
452,3105
780,3106
59,3113
82,3113
202,3127
857,3132
152,3136
909,3144
405,3147
728,3148
670,3165
62,3167
552,3169
116,3172
182,3179
600,3184
208,3188
811,3199
514,3201
887,3202
435,3206
5,3210
899,3221
703,3225
21,3230
828,3233
759,3233
409,3236
749,3241
846,3258
694,3260
890,3274
178,3279
770,3289
813,3301
428,3306
204,3314
740,3318
574,3318
161,3331
388,3341
914,3350
877,3353
678,3364
385,3368
607,3371
945,3373
615,3375
295,3387
102,3390
865,3393
532,3393
462,3395
632,3397
693,3400
515,3408
307,3408
282,3426
960,3428
229,3435
631,3455
164,3463
356,3469
296,3477
407,3499
843,3501
424,3529
662,3531
711,3533
268,3534
690,3538
927,3548
473,3558
309,3558
449,3559
570,3575
933,3578
322,3604
918,3612
10,3614
502,3628
498,3635
999,3653
614,3665
545,3668
648,3676
247,3676
274,3678
546,3690
701,3691
389,3691
298,3692
217,3706
198,3710
547,3752
89,3786
369,3798
379,3804
111,3808
830,3826
798,3831
258,3831
782,3832
267,3860
416,3877
48,3906
870,3934
78,3952
263,3952
124,3973
508,3975
123,3987
187,3988
31,3989
63,3990
784,3991
590,4005
712,4011
866,4016
791,4026
490,4084
869,4099
419,4107
932,4127
668,4128
689,4130
924,4152
183,4157
422,4195
957,4235
818,4252
336,4253
979,4257
115,4285
773,4287
622,4289
560,4292
338,4292
85,4302
147,4308
575,4314
297,4342
879,4377
292,4386
74,4403
75,4405
929,4425
305,4430
231,4431
839,4494
337,4500
754,4532
439,4557
278,4568
833,4586
326,4592
526,4593
167,4596
517,4600
958,4607
558,4609
179,4613
448,4694
897,4695
372,4702
214,4703
917,4724
374,4725
637,4730
507,4795
873,4820
972,4853
959,4859
8,4870
285,4890
503,4897
576,4900
347,4907
542,4908
359,4917
456,4955
793,4993
471,5001
947,5001
665,5023
902,5042
436,5051
799,5125
950,5158
854,5171
195,5191
469,5201
838,5201
982,5203
134,5206
727,5206
789,5295
324,5299
150,5299
377,5304
343,5352
16,5390
69,5461
624,5502
673,5504
375,5505
970,5508
851,5511
275,5552
440,5597
83,5598
42,5655
360,5749
222,5771
948,5800
209,5894
537,5903
671,5909
758,6003
836,6070
67,6099
194,6202
210,6257
246,6358
561,6377
760,6459
25,6504
597,6605
425,6755
579,6807
708,6808
218,6958
790,7111
705,7165
39,7306
644,7516
653,7653
814,8000
722,8348

simblock.block.ProofOfWorkBlock@48690ff2:12
1,0
346,216
201,317
444,401
719,436
173,483
35,522
341,537
23,572
445,605
426,621
472,622
294,656
235,669
253,694
94,703
847,703
226,708
680,760
120,762
334,775
511,786
837,786
606,794
241,796
331,823
34,834
842,840
2,842
117,845
78,866
137,871
184,873
189,880
883,887
141,888
536,906
38,912
676,918
160,922
66,924
327,931
355,933
796,936
448,937
72,955
621,958
427,961
577,964
716,975
484,976
601,977
593,980
907,982
816,988
981,995
430,995
28,1001
556,1006
219,1006
973,1011
567,1012
906,1012
40,1014
244,1018
98,1018
549,1019
616,1020
813,1021
114,1038
569,1039
630,1041
558,1042
56,1043
510,1053
659,1060
3,1061
923,1065
862,1069
538,1073
14,1077
995,1080
506,1083
749,1084
308,1085
349,1087
745,1088
480,1088
197,1093
839,1094
435,1097
998,1097
643,1098
381,1099
982,1100
108,1101
282,1102
463,1105
891,1108
734,1109
838,1110
612,1118
738,1122
238,1127
508,1133
684,1137
503,1141
860,1144
304,1145
980,1145
559,1149
353,1150
481,1152
595,1152
566,1154
291,1154
112,1158
587,1161
364,1166
551,1166
382,1167
979,1169
62,1171
295,1172
874,1173
265,1173
403,1174
311,1174
491,1175
547,1178
765,1178
855,1179
79,1180
65,1181
629,1182
726,1182
651,1184
964,1184
466,1190
429,1192
400,1192
483,1193
774,1193
240,1193
343,1196
92,1196
487,1199
794,1199
900,1203
344,1205
772,1205
314,1211
180,1212
347,1217
64,1217
19,1217
168,1220
395,1221
602,1222
901,1226
356,1227
919,1230
529,1231
133,1232
270,1232
329,1233
52,1234
502,1235
986,1237
465,1237
512,1238
332,1239
132,1240
500,1240
696,1241
1000,1242
352,1246
822,1247
741,1249
204,1250
762,1255
871,1256
712,1256
729,1258
199,1259
397,1259
54,1260
938,1261
583,1263
519,1264
935,1264
843,1264
459,1264
733,1265
432,1266
318,1267
73,1269
365,1269
967,1269
751,1274
988,1274
721,1276
956,1278
211,1279
952,1281
103,1281
960,1282
152,1282
640,1282
564,1286
753,1288
47,1288
224,1289
884,1289
866,1290
198,1291
920,1294
330,1298
21,1299
233,1300
412,1302
617,1302
690,1304
807,1307
638,1308
310,1309
679,1311
546,1312
701,1312
525,1315
504,1315
348,1315
11,1315
424,1316
438,1316
634,1316
776,1317
865,1318
717,1318
450,1319
252,1319
637,1319
155,1320
220,1321
789,1323
490,1323
755,1324
170,1325
181,1325
695,1325
896,1325
232,1330
458,1330
635,1331
857,1331
626,1332
416,1332
704,1333
691,1333
653,1334
396,1337
850,1340
771,1341
598,1341
985,1342
471,1342
620,1342
950,1343
780,1343
9,1346
96,1346
572,1346
742,1346
345,1347
196,1347
369,1349
386,1351
961,1352
904,1352
835,1352
367,1353
977,1355
488,1355
309,1356
775,1360
221,1361
479,1361
996,1362
478,1363
299,1364
286,1365
568,1368
136,1370
149,1370
946,1371
661,1371
451,1372
936,1373
443,1373
941,1375
262,1375
829,1375
80,1376
394,1376
570,1376
787,1376
284,1378
631,1380
574,1380
206,1382
288,1382
32,1383
657,1383
90,1383
30,1384
541,1384
694,1385
976,1386
260,1386
178,1387
12,1388
932,1390
540,1390
447,1390
146,1391
125,1391
350,1392
674,1393
859,1395
784,1396
373,1396
18,1396
921,1397
991,1398
582,1399
854,1399
290,1399
553,1401
13,1401
61,1402
820,1402
25,1404
342,1406
486,1408
390,1408
677,1409
268,1410
470,1411
531,1411
287,1412
272,1412
821,1413
856,1414
578,1416
682,1417
109,1420
826,1421
415,1423
533,1423
153,1424
591,1425
902,1425
454,1427
867,1427
596,1428
495,1428
338,1429
122,1433
689,1433
171,1434
300,1437
110,1437
664,1437
527,1438
650,1439
940,1441
274,1443
104,1444
863,1445
231,1446
994,1447
55,1447
81,1449
722,1450
948,1452
279,1454
882,1455
258,1456
4,1456
777,1457
805,1459
586,1459
852,1460
931,1462
406,1462
806,1462
212,1463
580,1463
74,1465
264,1465
819,1465
767,1465
408,1467
489,1468
705,1469
387,1470
928,1473
175,1474
534,1474
760,1475
725,1476
385,1476
476,1476
251,1482
801,1482
216,1485
248,1487
604,1489
496,1490
105,1490
513,1492
746,1492
277,1493
764,1494
563,1495
542,1495
100,1496
475,1497
535,1498
389,1499
532,1501
357,1502
24,1502
82,1505
176,1506
361,1506
377,1509
131,1510
436,1511
440,1512
594,1512
177,1513
71,1515
947,1515
162,1516
706,1516
468,1517
683,1517
494,1517
283,1518
526,1518
43,1521
234,1521
554,1521
849,1521
371,1523
589,1523
124,1525
711,1526
135,1527
422,1527
409,1527
668,1528
662,1529
641,1530
697,1531
5,1532
256,1532
812,1534
374,1535
326,1536
328,1538
317,1538
922,1540
827,1542
824,1543
910,1546
522,1546
259,1546
93,1547
987,1548
58,1549
736,1550
610,1550
628,1551
770,1553
51,1554
127,1554
17,1554
759,1554
434,1558
257,1558
29,1559
118,1560
615,1562
501,1563
280,1563
814,1565
648,1566
756,1566
754,1571
312,1573
818,1573
325,1575
744,1576
151,1581
702,1581
223,1582
778,1583
83,1586
667,1588
579,1589
685,1591
841,1592
209,1593
608,1593
48,1595
972,1596
285,1596
372,1597
714,1597
456,1597
242,1598
607,1598
157,1599
954,1600
225,1600
411,1600
758,1601
351,1603
647,1603
515,1604
614,1607
830,1608
992,1611
639,1612
831,1616
673,1616
360,1619
968,1620
140,1621
307,1622
623,1626
609,1627
939,1633
276,1633
893,1635
205,1637
278,1638
930,1639
467,1640
561,1642
728,1645
603,1646
324,1647
10,1648
77,1649
832,1649
916,1651
798,1657
230,1659
853,1661
699,1662
516,1663
393,1663
267,1667
147,1667
870,1672
782,1672
316,1674
186,1674
292,1676
148,1676
851,1677
555,1677
792,1678
993,1678
336,1683
720,1684
937,1684
485,1686
698,1686
971,1689
797,1689
190,1689
497,1689
517,1691
410,1693
537,1693
213,1693
858,1701
747,1703
505,1705
590,1706
86,1710
187,1712
605,1718
99,1718
85,1721
815,1722
825,1724
868,1729
239,1729
116,1732
439,1733
766,1734
150,1735
911,1735
739,1736
333,1739
214,1741
263,1746
185,1749
249,1749
305,1749
625,1749
913,1751
107,1752
990,1755
398,1756
539,1758
585,1761
499,1761
881,1766
111,1766
84,1771
886,1771
918,1775
965,1776
165,1778
303,1784
41,1784
959,1785
957,1785
750,1786
407,1787
172,1787
953,1788
520,1790
817,1791
7,1794
236,1795
588,1796
8,1796
247,1796
942,1799
880,1800
655,1802
69,1803
207,1803
460,1807
565,1809
297,1812
723,1818
428,1819
687,1821
446,1824
713,1824
358,1826
929,1827
337,1830
266,1830
848,1830
313,1830
22,1832
908,1832
134,1833
70,1835
50,1839
528,1839
301,1842
800,1842
692,1844
557,1846
618,1846
254,1847
20,1847
645,1847
678,1848
457,1852
437,1855
636,1855
624,1859
359,1861
773,1863
306,1866
200,1866
945,1867
903,1868
783,1870
700,1875
289,1878
75,1879
707,1882
944,1882
413,1891
654,1895
26,1895
156,1896
391,1903
123,1905
63,1909
482,1909
984,1911
102,1912
811,1912
237,1915
498,1919
46,1920
167,1922
192,1925
963,1925
245,1931
833,1931
840,1935
461,1936
781,1940
989,1941
663,1942
76,1942
828,1946
405,1949
59,1949
67,1950
836,1951
709,1956
57,1959
363,1960
191,1960
88,1962
872,1962
509,1964
139,1964
581,1965
802,1971
810,1974
384,1976
376,1976
790,1977
507,1979
864,1979
269,1981
894,1988
261,1988
879,1997
95,2001
599,2003
418,2003
281,2003
469,2004
575,2005
115,2006
544,2006
943,2007
622,2011
958,2012
688,2015
521,2017
576,2017
887,2025
227,2027
128,2032
144,2033
786,2034
997,2036
710,2038
834,2039
298,2041
392,2042
888,2043
44,2046
715,2048
669,2050
905,2050
379,2053
955,2054
474,2068
87,2070
368,2079
142,2082
296,2083
727,2084
366,2085
477,2086
492,2086
652,2087
665,2089
658,2091
656,2092
362,2094
885,2094
27,2096
138,2098
159,2106
68,2108
743,2112
473,2114
113,2115
969,2116
768,2120
222,2121
545,2124
121,2130
388,2131
431,2131
16,2135
246,2137
619,2141
999,2142
194,2145
924,2146
543,2148
779,2149
548,2151
737,2151
895,2164
433,2174
793,2176
748,2183
163,2186
417,2189
183,2192
421,2196
735,2209
686,2211
164,2213
560,2213
693,2217
293,2218
757,2218
143,2223
914,2228
718,2231
441,2237
899,2239
632,2254
642,2255
731,2260
785,2266
202,2267
174,2269
573,2281
752,2283
672,2286
399,2287
732,2287
799,2289
229,2292
889,2293
675,2295
145,2298
890,2302
33,2304
208,2311
217,2316
844,2316
464,2320
89,2324
119,2324
644,2326
861,2326
761,2334
302,2340
795,2343
321,2344
823,2348
493,2353
897,2357
740,2369
255,2379
129,2387
970,2395
869,2396
154,2398
912,2407
592,2423
646,2426
933,2426
978,2428
681,2436
917,2455
320,2473
42,2476
584,2489
53,2495
597,2497
182,2500
611,2501
788,2505
158,2519
60,2535
927,2537
518,2544
627,2544
909,2545
763,2546
898,2558
571,2575
769,2577
670,2600
462,2603
666,2604
323,2635
975,2637
951,2659
649,2673
6,2674
949,2675
983,2677
401,2686
926,2740
974,2783
91,2786
101,2788
845,2797
250,2838
455,2856
354,2921
404,2922
550,2930
892,2934
808,2988
449,2994
188,3016
419,3023
36,3035
804,3036
319,3088
169,3090
633,3101
660,3104
370,3126
877,3151
803,3159
273,3176
315,3183
613,3244
45,3245
873,3255
166,3287
514,3287
425,3326
600,3339
340,3374
215,3400
809,3400
126,3430
876,3457
523,3704
878,4154

simblock.block.ProofOfWorkBlock@7cebadba:12
363,0
134,154
434,211
148,269
10,304
644,360
561,362
751,420
631,421
537,426
277,459
419,483
48,495
938,499
348,499
63,511
711,517
223,540
191,560
944,573
206,575
770,602
158,617
243,635
227,636
234,636
258,659
922,669
970,670
350,677
355,684
886,692
59,693
208,694
744,713
992,716
372,728
187,736
958,749
359,750
664,751
599,771
186,774
71,785
489,785
562,787
911,799
394,805
442,808
903,808
971,833
655,841
691,842
465,843
528,844
343,846
92,847
603,861
383,864
881,867
280,890
470,898
668,899
685,901
229,904
723,909
453,912
366,917
412,921
547,946
389,956
338,959
257,959
759,960
405,967
689,967
17,971
736,981
180,983
773,1010
690,1012
648,1013
951,1018
284,1020
888,1023
85,1027
198,1027
409,1038
835,1042
460,1051
387,1067
461,1069
458,1074
397,1074
706,1084
565,1084
30,1085
382,1090
244,1090
928,1096
824,1099
143,1111
55,1124
395,1124
866,1125
296,1141
840,1142
609,1150
806,1153
316,1158
620,1162
862,1165
210,1167
202,1177
643,1179
906,1183
914,1190
604,1203
647,1211
546,1214
960,1219
962,1224
812,1244
352,1248
150,1259
699,1262
57,1269
137,1271
371,1272
800,1285
681,1285
531,1291
952,1295
625,1299
104,1306
825,1319
444,1324
553,1337
108,1339
682,1346
175,1348
16,1353
638,1354
438,1362
912,1379
936,1386
687,1402
211,1417
748,1424
586,1430
645,1436
472,1439
189,1443
634,1455
429,1458
281,1464
594,1474
252,1481
698,1482
471,1492
11,1494
930,1498
114,1511
152,1515
657,1518
304,1518
511,1532
459,1540
333,1549
684,1558
66,1583
356,1589
111,1600
696,1601
349,1613
628,1624
181,1629
47,1629
837,1629
610,1653
617,1657
518,1659
726,1664
373,1669
159,1682
351,1682
807,1687
330,1689
94,1698
574,1739
117,1756
334,1770
923,1799
353,1809
319,1816
308,1818
567,1828
850,1831
555,1834
72,1838
91,1845
155,1852
931,1860
23,1868
683,1868
732,1878
735,1895
426,1909
563,1930
44,1955
272,1970
533,1978
815,1989
235,2003
291,2007
859,2012
749,2025
887,2054
332,2066
14,2079
225,2100
215,2114
703,2134
724,2140
264,2142
989,2150
365,2159
58,2161
536,2173
660,2238
199,2241
987,2248
845,2264
133,2272
138,2291
144,2298
388,2309
184,2311
712,2332
554,2345
50,2400
474,2432
878,2434
701,2469
38,2485
860,2512
588,2535
169,2545
293,2547
321,2573
101,2587
174,2594
437,2640
98,2640
120,2661
895,2699
949,2717
7,2730
880,2740
250,2809
635,2817
876,2824
226,2834
877,2840
614,2853
613,2860
646,2880
844,2887
913,2905
729,2989
171,3005
889,3036
983,3070
894,3139
750,3144
255,3189
26,3190
46,3192
571,3288
843,3457
446,3478
303,3631
311,3715
523,3789
276,3974
462,4077
494,4234
25,4532
790,4830
898,4953
579,5131
899,5298
194,5441
214,5745
75,6047
83,6358

simblock.block.ProofOfWorkBlock@3164a7fa:13
979,0
338,151
130,210
717,266
476,298
941,322
790,358
243,367
427,391
385,414
213,425
849,447
609,448
87,449
915,470
587,471
368,483
590,503
475,505
203,509
902,512
759,527
997,528
714,540
210,546
88,561
517,562
466,566
436,569
990,575
31,578
535,585
262,588
885,597
128,597
698,597
871,599
558,606
372,618
534,618
640,620
858,621
271,630
722,633
90,634
959,637
194,638
985,642
204,645
345,655
342,656
124,657
15,657
498,658
893,659
465,663
198,664
256,676
239,677
925,678
297,680
882,681
70,683
289,690
295,692
177,694
75,695
811,696
56,701
756,701
374,701
950,703
531,712
833,712
350,713
359,714
147,715
947,715
928,716
423,718
115,718
838,720
791,726
179,730
654,734
861,735
123,739
357,741
641,743
827,743
856,744
89,745
164,747
710,748
247,751
456,751
673,752
653,753
821,753
376,753
431,756
747,756
222,757
300,758
129,764
420,765
8,766
737,768
767,768
274,772
260,772
904,774
598,774
467,777
813,777
713,779
582,780
165,781
1000,781
639,782
329,784
689,786
916,787
940,791
751,792
704,792
186,794
585,794
153,795
145,795
111,797
932,799
872,801
537,801
692,802
618,802
744,806
739,806
965,808
499,809
491,810
973,811
249,812
292,813
208,813
29,814
383,815
958,816
343,817
706,818
526,818
229,818
797,822
63,822
280,823
34,823
150,825
483,829
830,829
118,830
604,830
681,830
982,833
907,833
190,834
275,834
579,835
407,838
21,838
109,838
963,839
459,841
278,841
92,842
163,844
453,844
149,844
818,845
125,845
205,846
195,846
268,847
773,848
914,848
620,848
378,849
422,850
632,853
996,853
743,855
522,856
532,857
85,859
503,859
789,859
814,860
151,861
711,867
992,867
766,868
389,869
562,870
18,870
30,871
77,871
148,871
888,872
380,872
96,872
631,873
828,873
581,875
725,875
560,877
570,877
595,878
671,878
460,879
139,879
234,879
68,880
296,880
487,882
25,884
176,885
543,886
552,886
443,888
336,890
233,891
187,891
591,891
545,893
116,894
944,895
448,895
127,896
284,896
81,897
305,897
16,898
730,899
442,900
39,900
202,901
757,902
71,902
508,902
597,902
890,903
779,904
912,904
104,905
242,905
999,905
312,905
485,906
352,906
903,907
488,907
599,907
236,908
497,909
410,909
561,910
391,911
214,912
17,912
705,913
573,915
67,915
180,916
61,918
230,919
622,921
259,921
865,922
482,923
761,926
257,928
603,928
970,928
106,929
615,930
209,930
754,931
917,931
93,931
143,931
781,932
988,932
158,932
41,932
83,933
416,933
82,933
375,934
575,934
879,935
897,935
277,936
782,936
251,936
665,936
42,937
748,937
518,937
817,939
360,941
134,943
663,944
836,944
13,945
48,946
49,947
770,949
908,949
398,950
309,951
740,952
576,953
27,955
708,955
464,955
191,955
412,956
920,957
541,959
333,959
955,961
608,961
994,961
301,961
102,961
731,962
637,962
520,962
662,963
473,963
438,963
910,964
418,964
231,965
440,965
695,966
69,966
866,966
19,966
851,966
521,966
961,966
307,968
55,968
377,968
929,968
857,968
394,971
868,972
79,972
320,973
924,975
993,976
53,976
758,977
347,979
240,980
471,981
507,981
626,982
439,983
793,984
864,986
938,986
54,987
358,987
12,989
624,990
223,990
655,991
574,991
669,992
154,993
668,993
648,994
971,995
167,995
775,995
778,995
524,996
393,998
625,998
146,1002
867,1004
832,1004
515,1004
434,1004
606,1005
846,1005
313,1006
984,1006
505,1006
384,1006
854,1008
323,1011
366,1013
972,1013
328,1013
324,1014
605,1015
718,1016
645,1017
783,1017
330,1018
490,1018
976,1019
602,1019
937,1023
337,1023
33,1023
193,1023
870,1023
839,1024
628,1024
840,1025
612,1025
159,1029
715,1029
414,1029
24,1031
683,1031
672,1032
746,1033
542,1033
869,1034
217,1035
10,1036
246,1036
263,1037
700,1037
853,1040
172,1040
267,1041
468,1042
969,1046
461,1048
727,1048
728,1048
601,1050
290,1051
886,1052
387,1053
975,1053
501,1054
185,1056
469,1059
723,1061
227,1063
881,1064
5,1064
948,1065
960,1065
258,1066
356,1066
911,1067
218,1069
945,1069
183,1074
326,1074
667,1077
875,1079
629,1080
379,1082
182,1083
200,1089
942,1092
548,1092
951,1095
784,1095
238,1096
424,1097
59,1098
798,1099
206,1099
736,1102
693,1105
73,1106
331,1108
852,1110
99,1113
962,1114
457,1115
283,1116
470,1116
114,1118
346,1119
444,1122
720,1123
565,1124
847,1128
496,1135
132,1140
318,1142
594,1143
486,1143
977,1147
819,1148
801,1152
279,1154
850,1154
500,1158
841,1159
769,1159
572,1160
232,1162
502,1164
458,1167
288,1168
968,1169
964,1169
807,1172
583,1172
776,1173
529,1174
40,1176
100,1181
74,1185
816,1186
504,1190
371,1191
586,1191
512,1192
780,1192
224,1192
241,1193
702,1195
270,1204
957,1205
822,1206
820,1210
369,1211
454,1213
28,1217
298,1218
939,1221
934,1222
94,1229
136,1230
52,1231
528,1233
680,1235
265,1236
432,1236
11,1237
304,1237
108,1241
765,1243
901,1243
212,1244
796,1246
760,1246
445,1246
931,1246
843,1249
540,1252
569,1252
429,1253
221,1253
38,1254
862,1254
762,1254
556,1255
62,1255
308,1264
677,1265
4,1267
787,1267
411,1267
348,1267
578,1269
527,1272
825,1272
513,1273
589,1273
276,1274
381,1276
634,1277
152,1278
981,1281
555,1282
14,1284
80,1286
495,1286
199,1286
225,1287
922,1287
516,1288
525,1288
406,1289
721,1289
489,1290
299,1296
479,1300
643,1300
248,1303
3,1304
272,1304
954,1306
196,1307
117,1308
184,1308
991,1314
684,1315
47,1317
155,1319
805,1322
772,1323
742,1324
451,1326
506,1326
408,1327
291,1327
122,1328
403,1329
207,1329
679,1331
771,1332
141,1333
745,1335
450,1337
110,1338
930,1340
538,1340
364,1341
900,1343
577,1343
800,1346
741,1346
447,1348
623,1349
921,1350
65,1353
211,1357
430,1358
382,1361
946,1363
334,1363
676,1365
396,1370
173,1371
22,1373
64,1375
413,1377
980,1377
694,1381
580,1387
78,1390
719,1391
563,1391
216,1397
696,1398
716,1401
644,1403
690,1404
647,1405
349,1405
617,1413
478,1413
235,1414
638,1414
753,1415
986,1415
220,1418
317,1423
883,1423
426,1424
472,1424
896,1425
936,1426
162,1426
539,1427
998,1427
44,1433
596,1436
553,1437
484,1437
131,1442
551,1443
355,1444
906,1444
175,1448
332,1448
51,1450
35,1452
831,1454
659,1455
140,1459
664,1461
657,1462
967,1466
341,1467
566,1468
397,1471
860,1481
837,1482
989,1482
568,1486
564,1487
228,1489
726,1489
567,1490
395,1493
678,1494
621,1496
691,1498
135,1500
365,1502
630,1504
764,1504
390,1506
536,1508
219,1509
724,1509
264,1514
226,1515
547,1516
402,1517
201,1523
281,1524
103,1525
178,1526
792,1527
192,1529
244,1531
32,1535
733,1541
325,1546
732,1548
120,1548
421,1550
863,1550
909,1555
652,1556
107,1566
160,1567
415,1574
749,1574
97,1576
987,1578
703,1578
844,1579
877,1582
697,1584
835,1585
927,1587
935,1591
788,1592
253,1593
112,1596
826,1599
252,1600
481,1602
755,1606
181,1607
995,1608
549,1609
463,1612
919,1614
95,1615
650,1618
834,1624
433,1627
119,1631
367,1633
161,1635
873,1637
546,1643
480,1646
156,1647
353,1652
750,1653
943,1658
1,1663
651,1663
428,1665
105,1666
373,1670
189,1672
60,1677
511,1677
812,1678
168,1680
400,1685
848,1690
795,1691
370,1695
686,1696
43,1697
616,1699
763,1701
327,1702
682,1703
452,1705
519,1706
646,1713
592,1716
729,1720
571,1732
335,1732
619,1734
388,1741
712,1745
514,1747
492,1750
351,1754
584,1755
316,1760
752,1765
806,1767
923,1771
58,1776
142,1776
905,1776
642,1780
734,1781
510,1782
956,1783
6,1784
50,1785
966,1788
658,1788
614,1791
306,1792
670,1798
45,1802
340,1803
266,1803
493,1805
392,1813
613,1816
768,1817
610,1818
285,1823
933,1824
810,1827
315,1829
261,1830
409,1832
9,1833
269,1840
544,1842
435,1843
674,1846
197,1853
842,1856
138,1858
777,1871
2,1872
824,1874
314,1875
282,1878
255,1878
293,1882
735,1883
808,1884
633,1891
978,1892
425,1892
533,1893
607,1893
322,1900
188,1904
600,1907
401,1917
362,1920
126,1923
494,1923
687,1937
859,1940
157,1948
636,1949
559,1952
386,1953
437,1966
339,1985
685,1999
287,2003
588,2003
170,2008
661,2013
738,2017
171,2020
804,2028
855,2029
137,2029
699,2040
310,2047
774,2049
321,2056
799,2060
455,2070
7,2083
245,2092
593,2093
417,2100
174,2103
215,2103
166,2103
121,2120
845,2128
169,2129
794,2130
303,2134
876,2146
133,2149
656,2151
530,2168
344,2173
913,2174
949,2177
666,2181
462,2183
952,2192
829,2200
441,2212
874,2218
550,2226
627,2230
76,2234
37,2234
361,2235
918,2250
557,2251
809,2252
675,2293
254,2296
815,2302
785,2309
405,2312
889,2312
66,2318
286,2331
449,2351
884,2362
311,2372
974,2374
91,2388
294,2397
20,2405
474,2406
354,2411
86,2446
144,2458
113,2460
363,2461
399,2484
611,2496
983,2509
319,2513
554,2515
419,2519
273,2522
891,2541
926,2570
446,2578
404,2583
26,2585
660,2596
887,2598
892,2617
802,2634
709,2648
953,2682
803,2689
23,2713
46,2786
823,2805
895,2817
688,2821
98,2867
57,2875
786,2881
302,2895
649,2905
477,2930
509,2935
237,3009
72,3025
635,3039
878,3171
894,3178
250,3195
84,3203
701,3210
101,3279
880,3313
36,3454
707,3797
523,4075
898,4375
899,5343

simblock.block.ProofOfWorkBlock@29edd61e:13
569,0
843,223
977,304
502,387
787,445
294,495
525,524
481,530
884,583
110,607
351,661
680,664
815,704
29,718
806,749
80,752
371,809
936,831
391,839
647,842
217,877
826,879
589,895
296,896
580,918
842,918
998,919
625,924
212,965
259,970
122,980
184,1003
317,1003
538,1005
364,1006
507,1014
262,1050
318,1052
406,1052
536,1061
1,1084
762,1086
710,1094
397,1098
780,1134
495,1137
22,1144
516,1149
621,1167
772,1173
15,1185
916,1194
211,1220
426,1220
115,1226
168,1237
382,1254
464,1272
715,1278
862,1303
812,1331
868,1334
610,1339
784,1352
992,1365
143,1376
326,1394
641,1400
651,1422
657,1424
603,1448
653,1497
671,1509
319,1526
885,1527
468,1538
766,1555
585,1569
109,1596
902,1617
628,1624
389,1625
128,1671
698,1683
130,1701
637,1713
835,1731
204,1749
853,1771
477,1774
791,1798
183,1802
20,1826
872,1850
857,1862
975,1874
760,1890
1000,1910
834,1920
541,1924
924,1948
56,1987
614,2008
878,2024
624,2033
704,2038
754,2053
763,2068
300,2080
257,2085
894,2097
951,2102
8,2124
24,2162
210,2213
682,2223
498,2226
611,2245
584,2255
575,2257
376,2267
338,2305
353,2328
562,2339
388,2350
560,2390
602,2401
915,2424
955,2439
773,2443
126,2445
227,2481
634,2503
255,2504
535,2513
377,2572
263,2575
94,2598
333,2599
91,2603
392,2604
631,2617
903,2630
234,2656
149,2704
414,2752
913,2758
978,2765
592,2778
769,2795
33,2810
490,2833
943,2851
155,2858
118,2882
188,2953
718,2971
291,3004
937,3013
339,3028
269,3059
102,3066
607,3085
732,3109
458,3156
134,3193
13,3194
514,3210
694,3254
6,3275
918,3326
917,3384
474,3395
658,3399
542,3490
66,3501
404,3529
613,3582
354,3634
953,3647
473,3682
221,3748
469,3788
428,3831
550,3890
119,3906
503,3989
197,4004
509,4080
590,4087
966,4146
225,4254
526,4293
876,4338
557,4396
298,4412
55,4590
644,4610
673,4716
88,4894
705,4985
969,5016
851,5192
222,5320
231,5334
880,5375
312,5494
889,5523
865,5617
844,5668
897,5682
26,5818
687,5927
63,6029
749,6076
31,6227
276,6339
360,6387
814,6527
38,6600
16,6735
167,6845
699,6860
708,7085
311,7118
494,7376
297,7438
736,7643
67,7789
790,7949
579,8247
194,8545
111,8850
214,9149
75,9449
471,9752
419,10049
25,10348
537,10648
150,10945
83,11244

simblock.block.ProofOfWorkBlock@62026328:14
596,0
738,220
397,317
238,399
742,439
536,525
616,538
879,572
777,608
137,620
762,628
952,663
481,707
331,712
975,723
629,744
524,746
226,749
133,761
628,784
971,790
780,793
344,831
538,834
152,835
444,839
815,843
342,843
332,847
316,876
597,880
544,881
361,886
278,899
945,899
884,916
679,918
461,921
64,922
745,923
52,931
149,934
387,934
843,936
761,939
112,944
963,958
556,965
173,965
831,968
202,969
915,974
22,980
299,983
30,990
277,994
537,996
475,997
445,998
855,1003
755,1003
816,1004
736,1014
936,1018
944,1022
448,1026
225,1026
599,1028
620,1035
456,1042
601,1047
602,1048
659,1049
305,1051
640,1053
191,1053
906,1054
714,1055
511,1057
246,1059
120,1060
741,1061
977,1061
769,1064
805,1065
586,1071
40,1073
274,1074
677,1084
265,1085
375,1085
908,1085
626,1088
632,1088
904,1088
819,1091
722,1091
650,1096
663,1098
162,1101
364,1104
734,1109
771,1111
343,1111
595,1114
31,1120
951,1122
88,1124
941,1127
11,1131
835,1131
122,1135
955,1136
743,1139
213,1139
1,1140
349,1140
443,1141
27,1142
840,1143
610,1143
288,1143
622,1145
781,1145
797,1145
356,1146
999,1148
224,1148
150,1149
438,1150
219,1150
560,1151
66,1154
61,1155
847,1156
197,1157
549,1158
972,1160
658,1165
778,1168
14,1169
358,1171
201,1173
858,1174
29,1174
987,1177
849,1178
700,1179
256,1181
747,1185
54,1185
733,1187
489,1189
528,1190
833,1192
883,1193
367,1194
541,1195
123,1195
232,1196
10,1198
874,1199
4,1199
233,1200
85,1200
513,1200
146,1201
682,1202
806,1203
143,1204
759,1205
515,1205
717,1206
165,1206
753,1207
394,1207
507,1208
925,1208
574,1208
206,1210
521,1215
589,1219
21,1219
506,1220
314,1220
684,1222
434,1223
664,1223
447,1224
411,1225
12,1226
171,1226
657,1229
327,1230
110,1231
352,1231
496,1234
396,1235
217,1235
667,1237
458,1237
624,1237
308,1237
520,1238
432,1238
546,1238
176,1238
721,1240
508,1243
168,1243
296,1245
239,1248
135,1248
917,1248
139,1248
94,1249
886,1250
673,1252
151,1252
328,1252
451,1253
208,1254
382,1256
882,1257
542,1259
583,1259
885,1260
154,1261
789,1261
903,1262
368,1262
253,1262
866,1262
420,1263
187,1263
231,1263
979,1265
234,1265
17,1265
9,1269
216,1271
653,1271
765,1272
53,1272
93,1273
114,1274
680,1274
373,1275
853,1276
442,1276
912,1277
62,1277
160,1278
222,1279
773,1279
476,1280
630,1280
209,1283
842,1285
696,1289
341,1291
78,1292
760,1293
301,1293
888,1293
525,1294
857,1294
15,1295
832,1296
561,1296
103,1296
270,1297
950,1298
994,1298
598,1298
756,1298
194,1299
309,1300
676,1301
371,1301
115,1302
440,1303
51,1303
346,1303
330,1303
947,1304
991,1304
236,1304
59,1305
856,1310
822,1311
580,1313
993,1313
948,1314
184,1316
460,1317
423,1317
694,1319
68,1319
128,1320
185,1320
711,1320
384,1321
764,1321
96,1321
861,1323
920,1323
385,1324
320,1324
229,1325
357,1325
921,1326
605,1326
23,1327
244,1328
407,1328
186,1329
922,1329
798,1329
706,1330
587,1330
220,1331
518,1332
268,1334
576,1337
429,1337
366,1337
841,1340
5,1341
731,1344
712,1344
744,1344
393,1344
988,1345
783,1346
470,1347
351,1348
865,1348
426,1349
400,1350
116,1351
41,1351
928,1351
170,1351
896,1352
565,1353
383,1355
124,1355
976,1356
570,1356
790,1357
79,1357
940,1359
131,1359
323,1359
870,1362
490,1362
13,1362
827,1362
958,1363
852,1364
871,1364
211,1364
450,1367
606,1367
141,1368
850,1369
826,1369
104,1369
516,1371
325,1372
204,1373
214,1375
454,1375
48,1377
33,1377
593,1377
415,1377
932,1377
740,1378
512,1378
389,1379
566,1379
180,1380
585,1381
867,1382
410,1382
145,1384
337,1385
75,1386
179,1387
125,1389
685,1390
8,1390
776,1392
990,1393
654,1394
548,1394
907,1394
968,1394
787,1395
959,1397
89,1398
386,1399
501,1399
190,1399
569,1400
3,1400
982,1401
648,1402
551,1403
200,1407
408,1407
317,1408
863,1409
398,1409
641,1409
129,1411
338,1411
65,1412
466,1412
292,1413
283,1415
486,1415
967,1415
502,1416
577,1419
240,1419
221,1419
660,1419
147,1421
263,1422
604,1422
891,1423
313,1425
25,1425
812,1426
505,1428
69,1429
651,1430
970,1431
130,1431
271,1433
839,1433
836,1433
964,1434
564,1434
155,1434
568,1435
702,1436
242,1440
374,1440
80,1440
609,1441
635,1442
279,1443
800,1444
377,1445
83,1445
363,1446
715,1447
766,1447
567,1448
67,1448
919,1448
34,1449
175,1449
378,1452
807,1453
272,1453
784,1453
995,1455
430,1455
938,1456
312,1456
465,1458
380,1458
291,1459
334,1460
172,1461
645,1463
893,1467
996,1468
464,1469
818,1470
705,1472
930,1476
772,1478
533,1481
929,1481
973,1482
199,1485
575,1487
459,1488
248,1490
249,1490
984,1490
504,1490
539,1490
862,1491
484,1491
774,1494
727,1495
693,1495
594,1496
749,1496
820,1497
264,1499
436,1499
687,1499
617,1501
697,1502
336,1502
414,1502
563,1502
391,1503
71,1503
690,1504
582,1507
210,1508
498,1510
326,1511
412,1513
304,1513
554,1516
578,1516
348,1517
369,1518
890,1518
637,1519
960,1519
495,1519
494,1519
559,1522
108,1524
70,1524
42,1524
258,1525
796,1525
997,1525
547,1527
719,1529
298,1529
728,1531
723,1532
825,1532
381,1534
19,1539
695,1545
35,1545
16,1549
74,1550
931,1551
872,1552
701,1553
276,1555
77,1556
720,1557
177,1558
519,1560
621,1562
287,1564
672,1564
487,1566
416,1569
294,1573
260,1574
148,1574
333,1574
483,1577
290,1577
38,1579
526,1583
409,1586
118,1587
181,1588
814,1589
127,1592
259,1593
491,1593
18,1595
634,1595
956,1597
28,1598
395,1598
282,1600
73,1600
868,1600
435,1605
472,1605
198,1608
82,1609
813,1609
859,1611
669,1611
612,1617
243,1618
105,1622
280,1623
2,1624
985,1624
355,1625
134,1626
529,1628
716,1632
153,1635
365,1635
591,1639
543,1640
473,1640
726,1641
189,1645
603,1645
43,1646
864,1651
463,1651
914,1652
347,1656
223,1658
671,1658
981,1660
854,1661
708,1662
106,1668
350,1671
228,1672
939,1673
860,1674
558,1675
1000,1676
359,1677
497,1677
510,1677
207,1678
647,1680
751,1681
980,1683
618,1683
725,1683
754,1686
478,1690
413,1692
851,1692
92,1694
946,1694
479,1696
318,1696
965,1696
615,1697
625,1700
661,1702
477,1702
453,1705
730,1706
758,1714
900,1715
310,1722
469,1722
480,1723
157,1724
241,1726
230,1726
713,1729
801,1732
107,1733
136,1734
895,1734
144,1736
47,1736
739,1737
252,1738
894,1738
455,1744
555,1745
704,1747
923,1749
102,1751
829,1752
935,1754
421,1757
962,1757
670,1760
203,1761
873,1765
788,1767
527,1772
631,1772
998,1774
573,1774
262,1775
98,1776
24,1786
698,1787
90,1788
608,1789
791,1790
746,1794
500,1794
192,1794
737,1795
910,1797
692,1798
289,1802
405,1803
402,1805
969,1806
468,1813
58,1813
169,1814
794,1815
681,1816
655,1821
802,1822
927,1826
662,1826
132,1826
953,1826
167,1835
360,1835
235,1843
804,1843
196,1843
793,1844
285,1848
164,1849
174,1850
49,1850
251,1850
353,1851
403,1851
158,1852
482,1854
824,1856
532,1856
50,1859
623,1859
674,1861
592,1862
889,1864
431,1865
20,1865
36,1867
205,1871
688,1871
954,1875
683,1877
275,1879
639,1879
830,1882
362,1883
633,1887
828,1887
425,1888
178,1891
188,1891
581,1898
763,1908
111,1914
986,1914
140,1922
550,1925
786,1929
295,1930
799,1936
834,1938
957,1945
119,1947
281,1948
156,1948
750,1948
699,1950
878,1950
782,1952
399,1958
72,1958
562,1960
311,1963
195,1963
933,1964
87,1965
748,1967
735,1968
992,1975
678,1976
117,1977
942,1977
441,1978
109,1980
261,1981
703,1982
845,1987
844,1991
732,1996
422,1996
691,2001
642,2003
614,2006
345,2008
97,2010
983,2014
898,2016
768,2019
757,2019
6,2020
675,2021
540,2023
643,2025
419,2026
297,2026
665,2027
91,2033
729,2033
269,2034
523,2034
579,2039
433,2043
638,2045
837,2049
668,2055
916,2057
503,2057
372,2061
86,2061
245,2062
571,2066
339,2066
340,2069
329,2093
619,2094
46,2096
255,2098
499,2103
966,2104
707,2112
166,2112
57,2115
324,2122
905,2129
961,2133
553,2134
901,2134
183,2137
457,2141
846,2141
514,2148
875,2150
307,2153
848,2154
7,2158
237,2171
266,2172
811,2186
530,2192
39,2192
792,2195
212,2197
924,2201
267,2203
142,2204
319,2205
572,2206
770,2214
32,2218
488,2228
767,2231
424,2237
321,2239
785,2243
557,2258
636,2260
254,2264
926,2267
247,2267
600,2274
76,2277
439,2284
193,2299
649,2300
406,2303
227,2309
718,2312
99,2315
471,2323
388,2329
911,2329
552,2334
161,2351
545,2359
370,2364
775,2376
418,2376
534,2380
390,2384
522,2399
113,2401
838,2409
427,2412
752,2419
949,2421
803,2428
869,2448
121,2455
902,2468
823,2479
55,2480
100,2484
943,2490
56,2493
881,2493
810,2498
974,2500
182,2511
306,2511
163,2531
257,2532
646,2550
880,2558
779,2567
724,2579
809,2582
302,2582
710,2584
652,2608
627,2614
887,2614
934,2614
892,2630
493,2647
666,2653
63,2660
709,2667
474,2671
978,2672
913,2685
817,2686
607,2698
590,2704
467,2707
535,2757
95,2758
897,2759
138,2762
101,2763
401,2767
417,2767
437,2787
509,2834
84,2859
613,2862
300,2865
462,2866
379,2877
315,2882
354,2887
81,2888
392,2912
446,2915
588,2933
218,2935
918,2945
656,2996
293,3009
517,3042
44,3049
159,3052
303,3106
989,3114
899,3127
909,3135
126,3136
250,3139
876,3165
404,3166
428,3200
644,3218
485,3227
286,3252
37,3380
449,3382
611,3386
937,3394
689,3405
808,3416
686,3501
531,3586
322,3632
584,3633
273,3645
45,3751
821,3767
452,3880
376,3948
335,4012
284,4124
877,4130
795,4261
26,4372
215,4381
60,4624
492,4877

simblock.block.ProofOfWorkBlock@206052c6:15
886,0
439,171
582,227
916,286
830,321
102,350
603,380
497,400
193,407
528,437
247,440
457,463
473,464
713,473
853,495
176,499
641,505
139,523
200,524
227,529
87,538
165,553
756,554
722,564
618,565
585,569
420,581
508,586
783,591
714,595
69,599
41,610
947,614
984,617
717,622
307,623
384,624
412,624
969,630
573,642
323,643
654,651
461,654
485,657
352,659
10,665
836,666
239,667
182,673
769,675
309,677
458,678
59,680
911,681
8,683
88,684
904,686
333,689
336,697
957,699
475,705
368,713
410,714
151,714
320,714
872,716
988,720
300,722
262,724
622,729
740,730
130,732
290,735
902,742
366,742
517,742
747,743
996,746
275,747
104,747
5,749
222,751
274,755
172,755
706,757
77,761
827,762
214,769
243,770
849,771
727,772
971,772
689,773
579,776
49,777
470,778
615,778
870,780
407,783
124,787
700,789
526,790
68,794
575,795
268,795
620,796
180,799
123,799
535,801
963,803
85,803
16,803
128,804
387,804
289,805
869,807
739,807
667,808
453,809
560,811
317,814
711,815
476,817
548,818
21,825
205,825
391,826
440,828
937,828
238,829
251,829
637,830
576,831
730,831
213,832
468,832
328,833
482,834
685,834
841,834
965,834
380,837
758,837
813,840
92,840
499,840
775,843
851,843
751,845
605,845
522,846
672,846
242,849
682,851
283,851
818,851
448,854
234,855
542,860
653,860
793,860
150,860
177,861
846,862
673,865
545,865
129,865
838,867
835,868
597,869
456,869
515,870
223,870
814,871
681,872
944,873
443,874
725,876
546,876
871,878
236,878
481,879
587,880
893,882
631,884
811,885
972,885
89,885
360,887
599,889
941,889
15,889
664,890
326,890
313,891
338,892
561,892
350,894
257,895
821,895
761,898
671,898
817,899
375,900
861,901
316,901
398,902
427,902
374,902
962,902
565,903
256,906
665,907
632,907
570,908
503,909
993,909
347,909
143,909
296,909
882,911
819,911
970,912
357,916
342,918
106,918
501,920
767,920
945,922
55,922
976,923
187,923
359,924
118,924
469,924
824,926
280,926
82,926
541,926
770,927
17,927
67,927
759,928
612,929
932,930
134,930
797,931
284,932
27,934
616,934
782,935
438,936
997,938
645,939
791,940
30,940
852,940
297,940
74,941
959,942
521,943
897,945
668,946
973,946
24,946
698,947
179,948
840,948
96,949
595,949
149,949
928,950
431,950
210,951
190,951
856,952
798,953
75,953
288,954
858,955
329,955
487,958
908,958
955,958
158,959
602,959
917,959
581,960
183,961
609,961
491,961
154,962
466,962
744,962
231,963
718,963
948,964
604,964
29,965
217,965
875,965
940,966
116,970
209,971
644,971
715,972
907,972
33,975
760,976
393,976
531,976
789,977
153,977
233,977
754,979
356,979
731,979
915,981
885,981
56,982
208,983
249,983
728,983
537,983
281,984
781,985
167,986
961,987
888,987
958,987
35,988
655,989
423,989
881,990
63,990
436,992
663,992
764,993
489,995
743,995
994,995
832,996
773,997
505,998
929,998
695,998
298,998
364,999
854,999
125,1001
418,1002
195,1003
218,1003
737,1003
866,1004
79,1006
710,1006
240,1006
847,1007
608,1007
109,1007
524,1007
920,1008
419,1008
532,1008
831,1009
295,1010
520,1010
985,1010
19,1012
590,1013
694,1014
975,1014
98,1015
879,1016
723,1018
376,1019
111,1019
337,1019
558,1020
246,1021
34,1021
194,1022
301,1022
748,1024
127,1025
757,1026
662,1027
807,1028
148,1028
267,1031
925,1032
260,1033
598,1033
2,1033
950,1034
865,1034
163,1035
591,1035
990,1038
779,1040
648,1040
890,1040
424,1041
467,1042
191,1043
534,1044
828,1046
815,1047
677,1048
883,1048
544,1049
705,1051
390,1052
358,1053
968,1053
490,1054
422,1056
992,1056
278,1057
206,1057
857,1057
800,1059
979,1059
13,1060
693,1060
42,1062
159,1062
93,1063
507,1063
71,1065
31,1065
164,1065
198,1065
692,1066
372,1068
54,1069
459,1070
204,1071
434,1074
669,1074
914,1075
624,1075
442,1075
820,1077
942,1077
938,1077
704,1077
574,1078
202,1078
383,1079
746,1081
379,1083
185,1084
912,1085
343,1086
864,1087
363,1087
9,1087
960,1088
766,1088
903,1091
736,1092
708,1093
292,1095
12,1095
643,1096
18,1096
562,1097
543,1098
628,1101
843,1101
519,1103
951,1106
318,1110
687,1111
229,1112
394,1113
287,1114
186,1116
498,1117
145,1118
488,1118
784,1121
416,1122
529,1123
460,1123
346,1124
629,1124
70,1125
552,1130
518,1131
83,1134
855,1134
771,1135
790,1135
919,1136
483,1138
381,1138
738,1140
465,1141
471,1143
833,1145
115,1146
81,1152
378,1152
324,1153
258,1153
168,1154
408,1155
308,1155
226,1158
596,1162
986,1162
230,1163
271,1163
107,1166
39,1167
577,1170
991,1173
277,1173
659,1174
147,1175
980,1175
939,1175
696,1177
64,1178
554,1178
184,1179
551,1182
502,1184
479,1185
62,1188
244,1188
146,1189
640,1189
868,1189
345,1190
414,1191
464,1192
564,1192
137,1194
680,1199
305,1202
11,1204
1000,1205
486,1206
152,1208
924,1209
555,1213
282,1215
578,1215
780,1216
248,1220
982,1220
964,1222
389,1223
415,1224
73,1227
207,1227
931,1232
572,1235
794,1235
806,1235
755,1236
132,1237
496,1238
998,1241
822,1242
203,1243
310,1246
639,1248
553,1249
25,1249
450,1249
99,1250
48,1250
910,1253
272,1257
66,1259
525,1260
661,1260
593,1261
484,1261
331,1262
235,1263
850,1264
43,1266
500,1268
792,1270
355,1273
837,1274
114,1275
635,1275
252,1280
122,1282
839,1283
334,1283
606,1284
32,1286
403,1289
400,1289
999,1293
264,1293
697,1295
594,1296
995,1297
733,1299
610,1303
327,1304
776,1305
589,1308
690,1308
702,1309
626,1309
566,1310
72,1310
533,1310
78,1310
253,1310
90,1311
377,1311
801,1316
625,1316
344,1324
719,1325
712,1326
432,1329
772,1330
506,1331
361,1332
516,1333
447,1336
716,1337
353,1337
312,1339
196,1341
580,1342
805,1343
952,1343
304,1343
684,1344
586,1345
430,1347
765,1348
762,1349
967,1350
53,1353
454,1354
224,1354
112,1354
745,1354
812,1355
650,1356
197,1357
349,1358
583,1358
617,1358
155,1360
435,1363
816,1365
413,1366
679,1366
556,1367
981,1368
385,1368
103,1370
1,1370
136,1371
23,1371
826,1372
549,1372
212,1376
601,1376
657,1377
494,1380
199,1381
219,1385
742,1386
216,1386
117,1388
630,1388
141,1393
923,1393
175,1396
395,1397
294,1398
263,1398
729,1399
173,1401
753,1403
512,1407
513,1409
842,1412
171,1413
510,1416
241,1418
94,1419
891,1419
444,1420
796,1420
426,1421
61,1424
38,1429
221,1431
701,1432
946,1433
559,1435
314,1436
189,1436
429,1439
28,1442
140,1446
676,1447
721,1450
613,1452
634,1456
51,1457
563,1458
778,1459
319,1462
901,1462
900,1464
777,1467
829,1476
348,1478
144,1479
181,1481
40,1482
133,1483
538,1483
859,1484
178,1486
341,1486
367,1503
411,1503
954,1506
201,1511
276,1516
451,1517
138,1519
371,1520
220,1521
480,1521
825,1523
567,1523
987,1524
105,1526
330,1528
860,1529
557,1532
50,1533
279,1535
446,1537
774,1538
80,1540
638,1546
135,1547
52,1547
530,1548
321,1550
511,1551
445,1552
862,1554
65,1563
492,1566
956,1566
623,1570
896,1579
161,1583
386,1585
726,1588
568,1591
322,1592
741,1592
527,1598
6,1601
495,1602
26,1603
462,1603
110,1606
878,1606
478,1610
750,1618
906,1625
834,1627
22,1631
933,1633
539,1635
119,1638
60,1639
895,1641
452,1642
160,1649
254,1650
299,1651
162,1654
401,1655
120,1657
863,1658
787,1658
678,1660
44,1668
392,1672
100,1672
636,1675
472,1676
4,1682
493,1686
232,1688
936,1690
921,1692
619,1692
720,1692
285,1693
406,1693
47,1693
977,1698
707,1701
884,1705
269,1707
245,1708
699,1708
845,1716
611,1717
660,1718
734,1721
666,1722
397,1722
97,1725
108,1725
270,1726
369,1727
404,1728
286,1729
293,1732
909,1735
325,1736
943,1736
388,1739
989,1747
887,1750
382,1757
463,1758
749,1759
642,1761
867,1764
786,1772
670,1780
36,1781
425,1786
14,1787
291,1794
656,1805
651,1811
905,1813
810,1815
121,1816
735,1818
37,1822
58,1822
621,1824
339,1833
265,1836
3,1836
584,1837
898,1838
211,1842
935,1846
966,1847
396,1863
409,1864
365,1865
259,1874
808,1878
57,1881
627,1883
523,1886
788,1887
170,1891
332,1895
974,1895
351,1900
894,1901
370,1914
421,1921
225,1927
157,1936
930,1938
600,1940
373,1940
131,1945
688,1946
303,1947
918,1955
536,1957
76,1966
311,1968
724,1971
405,1973
261,1985
647,1990
20,1996
335,2000
799,2001
547,2010
166,2012
402,2012
803,2014
228,2017
437,2018
514,2020
45,2022
215,2030
809,2047
683,2065
922,2072
250,2076
658,2079
768,2107
795,2111
880,2115
686,2119
428,2122
95,2128
873,2128
504,2134
399,2142
302,2147
91,2153
142,2154
703,2158
691,2159
169,2165
126,2170
675,2178
674,2181
477,2194
192,2207
315,2222
571,2232
592,2237
86,2239
874,2244
732,2250
913,2258
113,2282
953,2287
633,2300
949,2303
569,2305
255,2314
588,2354
433,2416
540,2417
306,2420
899,2423
649,2444
474,2450
804,2455
646,2458
354,2463
84,2480
876,2480
848,2482
550,2490
362,2515
340,2542
978,2579
934,2580
509,2587
823,2590
763,2700
614,2726
455,2748
174,2765
892,2772
983,2797
7,2812
926,2819
237,2834
844,2880
607,2887
449,2988
441,3050
877,3056
273,3119
709,3165
927,3279
652,3336
156,3338
889,3404
802,3449
752,3566
785,3618
266,3793
188,3885
101,4134
417,4229
46,4474

simblock.block.ProofOfWorkBlock@63e60ac8:15
386,0
224,241
43,323
463,411
566,492
559,577
212,660
268,844
924,1020
145,1193
81,1375
673,1549
975,1725
590,1906
336,2079
87,2257

simblock.block.ProofOfWorkBlock@41f1da03:16
986,0
406,229
120,313
318,397
831,444
28,480
661,532
61,535
712,561
105,616
538,621
806,628
726,645
23,673
390,698
617,700
883,709
252,711
720,753
311,758
859,774
776,778
837,781
351,783
525,791
219,800
21,825
66,838
952,839
540,846
481,849
787,853
332,855
107,861
577,864
564,876
816,882
572,883
241,893
919,915
699,920
513,921
580,921
171,925
3,928
998,929
110,933
327,941
235,942
495,948
946,949
176,958
593,963
638,969
11,974
574,978
197,992
749,992
168,996
826,998
769,999
201,1001
850,1001
211,1003
630,1004
403,1006
369,1007
162,1008
891,1013
921,1014
812,1020
822,1024
426,1025
112,1032
104,1034
967,1036
341,1048
504,1052
566,1055
528,1057
304,1059
659,1064
842,1067
80,1071
244,1072
691,1076
463,1078
14,1079
551,1082
480,1082
683,1083
117,1089
122,1089
825,1090
771,1091
780,1091
396,1092
690,1094
900,1095
886,1095
965,1096
355,1097
753,1101
995,1106
224,1106
916,1110
133,1111
549,1114
807,1115
259,1119
854,1126
291,1130
296,1131
175,1136
500,1138
39,1139
930,1139
529,1142
40,1144
874,1145
697,1146
265,1147
415,1148
391,1151
625,1152
361,1152
397,1155
616,1157
276,1159
373,1160
73,1160
141,1162
4,1162
959,1163
317,1164
430,1165
196,1167
654,1169
935,1170
589,1171
964,1173
364,1173
977,1174
694,1178
212,1181
32,1183
910,1183
772,1190
483,1192
366,1192
450,1192
981,1193
329,1193
160,1194
651,1200
232,1202
775,1205
145,1206
25,1207
387,1210
320,1211
216,1211
272,1214
745,1216
34,1219
702,1220
114,1222
184,1225
904,1227
270,1227
2,1229
679,1229
559,1230
510,1230
136,1231
722,1232
472,1232
736,1235
936,1237
544,1238
299,1239
742,1241
226,1242
64,1243
847,1243
923,1244
199,1245
719,1248
841,1248
570,1250
733,1250
353,1251
308,1252
344,1253
200,1254
601,1254
454,1255
103,1255
173,1256
502,1257
349,1259
435,1260
972,1263
125,1265
496,1265
796,1268
582,1268
218,1272
54,1273
386,1273
556,1274
236,1275
777,1276
947,1277
765,1277
451,1278
606,1279
645,1280
516,1282
440,1286
680,1287
90,1290
650,1295
478,1296
65,1300
821,1300
153,1301
72,1303
721,1304
178,1304
860,1305
862,1305
74,1306
605,1307
400,1307
423,1308
677,1309
815,1309
10,1310
238,1310
884,1310
398,1311
598,1314
762,1315
547,1316
991,1318
294,1319
568,1319
843,1319
503,1320
275,1320
94,1321
922,1321
553,1324
186,1324
243,1325
734,1325
382,1328
432,1330
594,1330
701,1330
309,1332
829,1332
858,1334
253,1335
444,1338
314,1339
22,1339
445,1340
330,1340
583,1341
805,1341
554,1341
782,1342
647,1343
221,1346
482,1347
108,1348
24,1350
381,1351
760,1353
9,1355
281,1358
604,1359
527,1359
951,1359
132,1360
867,1361
279,1361
271,1365
512,1365
89,1366
522,1368
626,1369
801,1369
137,1369
193,1369
377,1371
531,1372
746,1373
92,1376
135,1377
960,1377
371,1379
380,1381
461,1383
348,1385
489,1385
931,1387
539,1387
596,1389
170,1389
408,1389
139,1391
19,1391
328,1392
555,1392
542,1393
609,1393
458,1393
29,1393
863,1393
956,1393
896,1394
155,1394
586,1397
395,1399
189,1399
920,1400
225,1402
356,1403
384,1404
563,1404
897,1405
678,1406
334,1407
325,1409
310,1412
716,1412
383,1413
501,1414
251,1415
774,1416
882,1416
75,1417
657,1417
728,1417
312,1418
508,1418
903,1419
567,1421
695,1421
59,1422
798,1423
766,1423
220,1424
307,1424
358,1424
282,1425
62,1425
968,1426
569,1429
115,1431
409,1432
623,1432
963,1433
506,1434
457,1434
494,1434
754,1435
535,1436
939,1440
486,1440
901,1442
336,1446
868,1447
185,1448
177,1449
331,1450
855,1451
297,1453
629,1454
608,1454
234,1457
187,1457
864,1457
824,1460
479,1461
429,1461
152,1462
422,1465
78,1465
621,1467
767,1469
367,1470
368,1472
865,1473
418,1474
764,1476
704,1476
292,1478
565,1479
635,1480
975,1480
700,1481
696,1481
622,1482
106,1482
287,1485
288,1485
685,1487
561,1488
346,1489
872,1494
628,1495
1,1495
63,1497
343,1499
67,1500
476,1500
925,1501
906,1502
578,1503
475,1507
820,1507
131,1507
143,1510
484,1511
313,1513
980,1513
987,1515
548,1516
407,1516
448,1516
198,1521
996,1522
298,1522
932,1522
414,1525
783,1525
950,1526
93,1526
797,1527
610,1528
365,1528
755,1528
372,1535
992,1536
684,1538
167,1538
424,1539
914,1542
546,1543
239,1545
676,1547
326,1550
640,1550
264,1551
988,1552
928,1552
256,1554
267,1555
202,1557
128,1558
511,1561
127,1562
940,1563
411,1563
792,1565
955,1568
230,1569
519,1569
205,1569
739,1571
337,1572
416,1572
976,1573
87,1576
222,1578
52,1578
48,1580
599,1581
487,1583
866,1583
789,1584
342,1585
123,1588
129,1588
954,1589
248,1589
673,1591
835,1592
249,1594
741,1595
634,1595
27,1596
465,1597
962,1597
644,1597
208,1597
469,1598
717,1598
260,1599
51,1602
485,1605
908,1606
85,1606
49,1607
668,1607
888,1609
729,1611
681,1612
819,1612
770,1612
223,1615
983,1615
915,1616
385,1623
944,1623
5,1625
738,1626
71,1626
576,1626
693,1627
648,1628
869,1628
227,1631
99,1633
231,1634
669,1636
1000,1641
756,1642
912,1642
447,1645
203,1645
207,1646
892,1649
130,1650
213,1651
827,1651
456,1654
828,1655
748,1655
183,1657
573,1658
214,1662
262,1662
620,1663
737,1666
778,1666
159,1668
849,1669
603,1670
938,1670
890,1672
290,1674
18,1675
543,1677
181,1678
667,1679
180,1680
994,1681
233,1682
374,1682
857,1685
711,1686
431,1687
715,1687
713,1688
471,1688
723,1690
895,1692
814,1694
142,1695
378,1695
83,1695
618,1696
838,1696
468,1696
195,1699
38,1699
277,1701
98,1704
316,1706
376,1709
585,1712
47,1712
637,1713
360,1716
443,1719
100,1724
473,1726
194,1726
31,1726
757,1729
204,1730
209,1731
274,1733
163,1738
969,1740
990,1742
518,1742
665,1745
985,1746
632,1748
714,1752
875,1756
470,1757
725,1757
997,1760
730,1761
534,1761
53,1762
413,1763
710,1764
179,1765
245,1765
871,1767
289,1770
961,1771
268,1773
698,1774
16,1774
861,1774
671,1774
957,1780
182,1781
579,1784
404,1786
655,1786
587,1787
948,1787
926,1789
190,1791
793,1792
993,1792
434,1792
442,1794
856,1797
532,1799
973,1800
188,1800
982,1804
8,1806
323,1809
460,1811
57,1815
37,1816
285,1816
7,1817
674,1817
794,1818
449,1820
140,1824
388,1824
784,1826
488,1827
425,1827
96,1831
30,1832
157,1834
258,1834
86,1835
111,1839
497,1841
134,1841
747,1843
740,1844
600,1847
643,1848
879,1850
877,1854
266,1854
79,1856
672,1856
35,1859
735,1861
836,1861
464,1861
670,1867
505,1869
420,1873
229,1874
20,1876
971,1877
55,1879
692,1883
43,1884
718,1887
941,1889
834,1891
509,1893
97,1895
541,1897
795,1897
56,1903
663,1904
803,1904
552,1907
521,1907
76,1909
799,1914
352,1917
615,1918
839,1919
17,1921
324,1922
161,1923
151,1924
927,1927
636,1927
300,1933
905,1933
759,1934
989,1936
491,1936
809,1937
492,1937
818,1941
453,1942
301,1943
295,1944
261,1944
419,1945
315,1945
933,1946
686,1947
280,1949
832,1949
126,1950
791,1952
911,1957
708,1960
124,1960
984,1966
526,1966
88,1967
909,1968
664,1970
558,1971
781,1972
689,1975
705,1978
340,1978
945,1978
319,1979
394,1980
13,1983
263,1986
751,1991
466,1998
164,2002
656,2013
12,2017
493,2017
191,2017
958,2018
917,2018
646,2022
942,2024
362,2028
537,2029
118,2031
523,2033
459,2036
666,2039
293,2040
379,2048
412,2048
758,2050
421,2051
560,2051
33,2054
813,2055
533,2058
631,2060
515,2065
642,2066
893,2071
147,2081
149,2081
81,2081
302,2085
102,2092
624,2092
436,2096
885,2097
653,2097
247,2104
590,2108
242,2109
840,2114
428,2114
902,2119
581,2121
498,2123
524,2124
427,2127
333,2129
731,2142
363,2144
743,2145
154,2146
785,2146
113,2149
979,2158
389,2158
338,2158
84,2166
148,2167
215,2175
70,2179
60,2181
662,2185
517,2191
591,2192
881,2203
146,2203
876,2209
584,2210
410,2212
810,2215
446,2217
595,2219
752,2225
347,2225
934,2233
575,2233
246,2235
602,2243
682,2248
894,2252
520,2254
545,2254
269,2261
41,2265
709,2266
169,2270
150,2270
800,2272
399,2273
82,2274
974,2278
536,2282
830,2285
848,2285
438,2286
95,2291
499,2293
773,2299
283,2302
817,2303
779,2303
614,2316
6,2317
240,2317
790,2321
393,2331
507,2333
278,2340
357,2348
889,2351
477,2354
514,2355
68,2367
138,2370
592,2372
15,2380
306,2388
254,2393
116,2413
165,2419
597,2428
417,2430
402,2431
44,2434
612,2444
924,2446
639,2448
345,2450
727,2454
441,2457
206,2459
788,2460
439,2469
658,2473
724,2473
557,2473
878,2474
750,2474
375,2476
273,2483
873,2491
359,2493
69,2494
490,2510
949,2513
91,2516
192,2522
929,2523
768,2524
744,2544
172,2554
370,2566
887,2569
898,2569
802,2570
707,2579
706,2588
437,2589
907,2594
703,2602
641,2612
321,2620
970,2621
562,2623
257,2628
42,2629
462,2631
77,2643
210,2652
937,2685
401,2694
808,2695
156,2710
613,2723
335,2724
607,2724
833,2726
953,2727
851,2729
392,2731
228,2742
339,2743
45,2745
350,2763
761,2769
652,2772
675,2782
870,2789
811,2809
26,2823
217,2830
688,2853
853,2860
405,2863
452,2873
322,2882
844,2897
158,2899
46,2924
880,2925
284,2930
58,2938
588,2962
852,2964
571,2978
467,2983
119,2984
286,2993
101,3007
823,3008
999,3014
174,3025
109,3033
660,3076
305,3081
619,3100
913,3101
50,3125
687,3161
918,3175
943,3179
732,3187
846,3191
786,3214
530,3214
474,3235
237,3257
455,3259
250,3285
303,3351
255,3375
899,3406
627,3416
121,3432
433,3435
36,3439
354,3480
804,3522
633,3540
978,3594
649,3624
611,3658
763,3681
966,3740
166,3777
845,3850
144,3881
550,4005

simblock.block.ProofOfWorkBlock@1acb96a8:17
406,0
661,223
986,305
831,387
720,439
105,470
554,523
726,524
390,552
891,605
120,606
311,611
351,634
171,662
712,687
589,690
513,693
694,699
4,743
702,748
593,748
919,766
318,769
952,778
117,778
540,780
595,808
332,824
291,824
235,830
175,830
110,831
967,832
430,854
28,859
23,861
690,862
211,865
780,869
136,885
382,905
816,907
884,908
638,912
330,913
772,914
495,915
160,916
162,922
381,937
435,944
66,947
787,952
155,963
643,965
945,965
883,967
112,968
564,978
343,984
529,984
141,992
226,995
395,996
325,997
361,998
825,1000
219,1001
551,1003
577,1003
572,1007
806,1008
504,1011
841,1021
903,1022
3,1027
580,1029
525,1034
377,1036
864,1036
616,1043
659,1044
906,1047
719,1050
432,1050
734,1050
977,1052
776,1054
647,1055
900,1064
168,1070
334,1073
14,1076
923,1077
742,1079
304,1079
545,1079
991,1082
252,1083
749,1083
103,1086
650,1087
568,1087
617,1088
745,1089
679,1090
502,1091
159,1109
850,1110
940,1114
826,1118
371,1124
32,1124
805,1126
762,1126
964,1131
137,1132
839,1132
716,1132
981,1135
64,1135
365,1135
178,1135
347,1136
463,1136
486,1138
676,1140
107,1141
364,1147
691,1151
559,1152
837,1155
373,1157
290,1158
606,1162
741,1164
500,1165
270,1167
625,1168
317,1168
11,1168
225,1168
238,1169
620,1171
602,1174
853,1176
40,1179
184,1181
108,1181
789,1185
510,1186
840,1187
828,1188
414,1188
253,1189
342,1189
494,1192
538,1194
829,1194
369,1196
212,1202
783,1203
569,1207
244,1209
279,1210
115,1210
520,1210
753,1210
232,1210
198,1210
323,1212
815,1213
721,1216
594,1216
842,1217
506,1218
403,1218
987,1218
133,1219
331,1222
820,1222
451,1224
765,1225
349,1225
98,1226
771,1226
932,1228
196,1234
415,1234
869,1238
516,1238
80,1238
197,1239
496,1240
916,1240
759,1245
426,1246
874,1247
566,1248
718,1249
843,1251
1,1252
480,1253
610,1256
736,1256
287,1258
972,1264
359,1264
314,1265
865,1266
221,1269
930,1270
651,1271
366,1272
148,1272
397,1273
299,1273
30,1274
563,1274
152,1274
683,1275
519,1278
282,1278
346,1279
61,1280
556,1281
626,1282
827,1284
453,1285
396,1285
135,1286
867,1286
22,1291
400,1292
81,1293
998,1293
681,1295
454,1295
384,1295
90,1297
170,1297
807,1298
586,1299
549,1300
956,1300
921,1301
308,1301
277,1302
995,1302
644,1304
630,1305
567,1306
72,1307
324,1308
180,1309
629,1309
939,1310
544,1310
699,1311
488,1312
527,1314
65,1315
411,1318
552,1320
601,1321
220,1322
824,1324
256,1324
668,1325
259,1325
821,1325
307,1326
172,1326
139,1326
94,1327
2,1329
669,1329
910,1330
241,1333
353,1335
348,1338
888,1339
947,1339
879,1340
248,1340
276,1342
583,1345
79,1349
201,1349
969,1351
764,1353
812,1353
459,1354
478,1354
309,1354
663,1354
907,1355
779,1356
367,1356
132,1356
890,1359
123,1359
327,1360
242,1360
929,1360
386,1360
341,1361
578,1362
680,1362
901,1363
896,1364
980,1364
501,1364
984,1365
976,1366
114,1367
835,1368
847,1372
532,1375
536,1376
218,1378
733,1379
271,1379
445,1379
181,1381
862,1382
205,1382
239,1383
585,1383
838,1383
774,1384
547,1385
483,1385
429,1386
968,1386
310,1386
596,1387
231,1387
376,1388
298,1389
511,1390
822,1390
755,1392
96,1392
104,1394
131,1394
461,1394
100,1395
409,1396
655,1396
928,1398
936,1400
472,1402
801,1402
935,1402
294,1402
224,1405
859,1407
960,1407
469,1408
603,1408
517,1409
189,1414
288,1415
336,1415
440,1416
722,1417
481,1417
534,1418
546,1419
677,1419
38,1421
479,1422
713,1422
355,1423
705,1425
537,1425
863,1431
522,1431
12,1434
444,1435
9,1436
300,1438
272,1439
431,1439
657,1443
48,1444
684,1445
484,1446
93,1446
635,1448
109,1449
961,1449
922,1449
760,1449
182,1451
701,1451
582,1452
489,1452
312,1453
673,1453
393,1454
959,1456
975,1457
236,1457
678,1458
122,1458
281,1458
988,1459
637,1461
882,1461
539,1462
222,1464
67,1464
447,1465
85,1466
423,1472
950,1474
608,1474
794,1474
164,1475
931,1476
92,1477
375,1477
408,1478
186,1478
738,1481
623,1482
268,1484
457,1485
153,1485
855,1486
363,1487
997,1487
761,1488
717,1489
265,1489
280,1490
777,1490
216,1491
860,1496
380,1496
740,1496
345,1497
83,1497
52,1498
99,1498
770,1500
881,1502
775,1502
442,1503
125,1503
528,1508
438,1508
856,1509
191,1509
782,1509
51,1510
56,1511
179,1513
674,1513
176,1514
410,1514
946,1518
485,1519
59,1522
199,1525
427,1525
979,1528
55,1529
792,1530
292,1532
234,1532
42,1533
868,1533
757,1535
542,1536
885,1537
78,1538
570,1539
111,1540
747,1545
751,1546
836,1548
512,1548
576,1549
54,1550
985,1551
262,1552
727,1553
10,1553
533,1555
951,1557
672,1557
424,1558
21,1559
605,1560
24,1561
498,1561
886,1562
468,1562
418,1563
154,1564
124,1570
944,1570
621,1573
383,1577
628,1578
632,1578
781,1579
697,1580
665,1582
368,1583
689,1584
941,1585
233,1585
143,1585
908,1585
385,1586
730,1588
634,1590
507,1591
561,1594
62,1595
695,1595
963,1598
464,1600
43,1601
851,1603
990,1608
555,1611
344,1611
456,1613
47,1613
797,1614
470,1614
565,1614
861,1622
378,1623
575,1624
130,1627
925,1627
915,1628
167,1628
407,1628
416,1630
372,1631
439,1633
264,1633
185,1634
374,1635
333,1637
243,1637
857,1639
102,1640
849,1644
487,1645
622,1646
187,1648
524,1649
356,1650
8,1651
767,1651
5,1652
34,1653
213,1654
482,1654
448,1655
911,1659
666,1661
240,1662
203,1662
875,1663
954,1663
398,1664
194,1664
214,1664
599,1664
379,1671
150,1671
723,1673
711,1676
558,1677
889,1677
503,1680
165,1683
609,1683
230,1685
748,1685
75,1689
814,1690
73,1693
654,1696
70,1700
598,1703
465,1703
190,1704
994,1705
618,1708
955,1711
134,1712
819,1712
450,1713
612,1713
337,1714
260,1714
796,1715
535,1716
177,1718
173,1719
88,1720
744,1722
653,1724
854,1725
791,1726
63,1726
739,1728
541,1730
33,1731
708,1732
193,1734
297,1736
948,1737
832,1738
466,1739
571,1740
521,1740
756,1740
350,1741
852,1741
157,1743
412,1743
17,1745
662,1746
754,1751
443,1751
687,1752
914,1753
53,1754
207,1755
285,1755
505,1756
927,1756
156,1757
818,1757
286,1765
140,1767
209,1767
778,1770
320,1771
296,1771
217,1771
13,1773
490,1773
422,1780
758,1781
648,1782
897,1788
592,1790
685,1791
574,1792
329,1792
992,1798
798,1800
743,1802
579,1803
223,1804
35,1806
71,1806
957,1808
289,1809
768,1810
313,1811
636,1812
146,1812
698,1813
811,1815
790,1821
773,1822
328,1823
895,1826
358,1827
725,1828
200,1830
29,1832
640,1832
420,1834
656,1834
360,1835
803,1836
258,1836
938,1837
473,1841
257,1841
275,1847
548,1847
97,1848
937,1851
128,1852
671,1857
19,1860
508,1863
210,1863
60,1864
750,1867
809,1868
918,1869
543,1871
446,1876
39,1877
339,1878
7,1881
531,1881
471,1886
810,1887
624,1887
247,1891
391,1893
553,1893
491,1898
387,1898
394,1898
493,1900
615,1901
573,1904
326,1907
973,1907
261,1908
278,1909
283,1911
872,1913
667,1914
784,1915
147,1916
692,1916
204,1917
127,1919
645,1923
587,1924
86,1924
413,1925
858,1929
31,1929
724,1929
965,1931
974,1931
421,1933
846,1934
269,1938
321,1942
195,1944
434,1947
338,1947
983,1953
728,1954
731,1957
58,1957
69,1958
340,1958
399,1958
786,1959
357,1960
1000,1966
428,1966
627,1969
425,1971
15,1972
316,1972
467,1976
664,1977
700,1977
477,1979
696,1979
962,1982
87,1986
735,1988
704,1988
590,1991
614,1992
670,1994
129,1995
121,2001
215,2004
227,2007
793,2007
89,2007
266,2008
604,2008
607,2009
25,2010
909,2010
788,2012
18,2016
27,2031
37,2032
352,2036
924,2037
631,2039
871,2041
515,2044
942,2050
804,2051
46,2054
405,2055
251,2060
118,2061
729,2064
639,2073
982,2074
192,2076
830,2077
82,2082
76,2084
95,2085
163,2085
652,2090
246,2092
769,2099
641,2099
208,2100
833,2101
785,2107
581,2108
49,2115
263,2115
229,2120
6,2133
934,2135
16,2136
449,2139
514,2143
958,2148
319,2149
993,2150
20,2157
26,2159
392,2161
161,2168
715,2175
417,2177
273,2179
710,2180
460,2181
284,2183
737,2183
113,2185
499,2189
550,2196
892,2203
254,2205
752,2211
274,2211
101,2212
302,2213
658,2214
989,2214
389,2216
401,2225
249,2226
335,2228
588,2231
813,2236
57,2239
169,2246
800,2248
943,2251
904,2257
462,2259
362,2261
834,2261
77,2263
706,2266
597,2273
149,2276
74,2277
996,2278
419,2282
703,2285
912,2296
142,2302
557,2316
306,2316
497,2325
322,2331
293,2334
933,2343
476,2352
315,2355
866,2357
795,2365
202,2369
295,2369
926,2375
642,2382
562,2384
183,2394
619,2396
301,2400
600,2404
41,2412
388,2412
267,2425
966,2428
560,2441
206,2443
893,2448
68,2454
437,2456
999,2457
693,2458
455,2459
953,2461
732,2476
245,2505
949,2509
354,2512
873,2513
902,2525
688,2533
523,2548
509,2551
145,2562
526,2569
474,2569
188,2572
823,2576
746,2604
763,2608
44,2615
880,2616
971,2616
714,2619
492,2627
817,2632
158,2632
660,2635
707,2642
613,2648
808,2686
138,2707
766,2709
119,2725
920,2744
436,2751
45,2761
898,2762
887,2768
458,2780
913,2788
116,2792
646,2804
305,2806
682,2811
799,2813
404,2822
91,2823
844,2872
709,2873
899,2884
876,2897
475,2915
848,2942
402,2964
303,2991
36,3022
675,3039
174,3040
905,3062
802,3064
530,3065
894,3118
877,3125
228,3126
970,3136
878,3151
978,3231
584,3281
370,3320
250,3372
611,3401
845,3481
686,3535
452,3560
441,3782
126,3828
237,3903

simblock.block.ProofOfWorkBlock@6cc039b:17
895,0
188,216
642,557
224,630
100,846
796,878
768,943
752,1096
294,1096
874,1127
110,1357
906,1363
73,1374
588,1485
594,1612
270,1618
913,1635
77,1725
553,1858
353,1880
575,1943
306,1969
148,2073
894,2100
847,2105
32,2140
5,2241
254,2245
103,2351
121,2395
382,2398
693,2426
91,2448
116,2541
898,2564
716,2597
878,2606
778,2697
126,2762
192,2822
303,2827
41,2840
702,2850
477,2915
231,3000
219,3091
984,3140
66,3166
953,3180
766,3209
67,3306
911,3391
291,3416
537,3438
226,3488
945,3562
197,3662
857,3688
185,3735
395,3746
221,3910
947,3913
323,3985
510,4017
69,4035
225,4165
31,4264
47,4276
830,4285
994,4340
80,4412
305,4575
818,4590
193,4616
694,4671
933,4734
689,4879
475,4890
490,4967
897,5021
798,5179
591,5193
705,5372
759,5485
74,5494
760,5727
924,5785
229,5793
297,6075
283,6082
711,6390
644,6432
210,6698
16,6787
873,7087
708,7135
25,7486
902,7837
498,8188
360,8537
63,8885

simblock.block.ProofOfWorkBlock@5958c025:18
847,0
629,216
567,302
122,383
40,451
327,465
502,521
742,538
201,547
884,614
450,614
299,620
141,636
472,671
538,686
863,695
331,705
9,725
178,746
64,753
512,759
73,780
1,780
415,781
453,792
643,828
131,828
22,835
152,836
559,836
547,841
403,843
235,855
432,864
341,865
883,865
851,886
2,891
777,902
365,913
510,917
764,918
677,918
519,920
445,923
536,924
103,927
349,931
721,944
62,946
891,948
170,949
837,951
465,954
291,963
159,966
110,969
65,974
32,986
772,990
112,995
304,995
171,996
294,998
762,1000
589,1005
438,1013
659,1014
513,1015
630,1016
11,1018
220,1026
736,1027
870,1035
137,1036
288,1044
80,1044
678,1047
771,1053
270,1054
583,1058
710,1063
906,1064
621,1066
776,1067
635,1071
914,1072
697,1072
224,1077
931,1080
625,1081
563,1083
117,1084
755,1084
807,1085
311,1086
23,1088
980,1090
969,1096
314,1099
618,1100
371,1101
427,1101
734,1105
238,1106
259,1111
3,1117
783,1120
81,1120
82,1122
556,1125
683,1127
72,1128
626,1129
840,1130
459,1130
408,1131
679,1131
353,1135
435,1137
874,1138
676,1139
816,1139
310,1139
199,1139
344,1145
355,1146
706,1147
373,1148
325,1150
525,1154
466,1157
274,1158
356,1159
822,1160
838,1161
386,1161
540,1163
429,1164
382,1164
569,1164
952,1165
850,1166
684,1167
400,1167
956,1167
244,1168
968,1170
964,1171
716,1172
173,1173
962,1178
55,1187
753,1188
601,1189
917,1192
4,1196
231,1203
901,1205
941,1209
862,1211
936,1211
720,1212
208,1213
211,1214
114,1214
638,1216
168,1217
217,1218
815,1219
451,1219
223,1220
184,1220
506,1221
987,1221
867,1222
106,1223
981,1223
133,1223
225,1225
226,1227
998,1228
637,1229
287,1232
361,1232
78,1235
308,1237
535,1239
496,1241
132,1242
111,1244
332,1245
967,1245
738,1247
212,1247
787,1248
374,1249
796,1249
651,1249
765,1250
680,1250
923,1251
982,1254
282,1255
674,1255
780,1257
277,1257
995,1258
444,1258
197,1259
364,1259
647,1264
615,1265
397,1267
18,1270
330,1271
650,1272
267,1274
305,1274
218,1275
488,1276
214,1276
820,1277
704,1278
580,1278
722,1279
977,1281
83,1282
860,1286
988,1286
232,1286
272,1289
381,1289
179,1290
478,1290
910,1291
577,1295
221,1296
387,1297
507,1299
794,1300
701,1301
564,1303
108,1303
657,1305
398,1306
551,1306
622,1307
743,1308
984,1309
479,1310
744,1310
189,1310
792,1311
979,1311
518,1314
195,1315
896,1315
826,1316
814,1317
699,1319
504,1320
855,1321
67,1322
49,1324
861,1325
596,1325
751,1326
500,1327
661,1329
919,1329
566,1329
480,1331
935,1335
606,1336
307,1337
276,1339
346,1340
229,1340
572,1340
120,1341
774,1342
921,1343
692,1343
741,1344
115,1344
604,1344
367,1347
390,1348
265,1350
691,1350
51,1353
52,1353
696,1354
107,1358
411,1358
747,1358
801,1358
66,1360
222,1360
369,1365
824,1366
426,1366
219,1368
251,1370
806,1372
946,1372
104,1372
560,1372
940,1373
162,1374
100,1375
149,1376
694,1376
309,1376
463,1377
252,1378
476,1378
702,1379
828,1380
96,1385
395,1385
136,1385
14,1386
334,1389
608,1389
264,1390
555,1392
733,1392
323,1395
645,1397
153,1398
586,1399
843,1399
456,1400
489,1400
88,1403
640,1403
948,1404
865,1405
484,1406
544,1408
241,1410
617,1410
922,1410
94,1411
568,1412
85,1413
881,1414
945,1415
993,1416
522,1417
745,1418
782,1419
29,1420
491,1420
205,1422
712,1422
775,1423
442,1424
748,1425
549,1426
345,1427
797,1429
631,1431
375,1431
352,1433
135,1433
558,1434
842,1434
749,1435
328,1438
494,1441
312,1442
317,1442
991,1442
248,1443
292,1443
727,1443
497,1443
616,1445
539,1446
318,1447
43,1448
464,1449
528,1449
501,1451
915,1456
175,1456
548,1460
516,1460
582,1460
351,1461
610,1466
805,1466
253,1468
154,1468
700,1469
236,1471
634,1472
180,1472
47,1474
695,1474
655,1475
140,1475
717,1477
632,1479
593,1480
130,1480
8,1481
348,1484
920,1485
726,1488
396,1493
784,1494
520,1495
562,1495
412,1496
515,1496
424,1498
262,1500
12,1500
313,1503
434,1504
495,1504
690,1504
620,1505
581,1507
196,1508
486,1508
885,1509
511,1511
257,1514
591,1515
458,1516
529,1516
481,1517
859,1517
454,1520
958,1520
992,1521
443,1523
740,1526
711,1529
48,1529
864,1530
798,1530
757,1532
552,1532
900,1532
930,1533
216,1535
283,1537
963,1546
203,1548
673,1549
527,1549
342,1551
383,1552
89,1554
578,1555
469,1559
35,1560
908,1560
912,1561
278,1564
925,1568
852,1569
279,1572
623,1573
728,1573
350,1574
5,1577
240,1580
938,1580
249,1581
406,1583
546,1584
760,1584
177,1586
719,1586
639,1586
234,1590
999,1591
579,1592
667,1593
669,1593
937,1593
888,1593
298,1594
882,1596
856,1596
1000,1599
384,1601
846,1601
554,1603
594,1604
756,1605
553,1606
385,1607
812,1608
10,1609
202,1610
819,1610
409,1613
685,1617
766,1617
746,1617
430,1619
343,1622
758,1622
739,1624
198,1628
24,1629
377,1629
671,1632
954,1633
25,1634
125,1634
69,1640
358,1640
447,1642
27,1642
77,1644
329,1649
605,1651
866,1653
609,1653
268,1655
475,1657
947,1657
493,1657
470,1658
959,1659
439,1660
614,1662
363,1662
715,1662
825,1665
418,1666
59,1667
508,1668
256,1669
210,1671
723,1671
975,1672
533,1672
419,1673
849,1675
242,1677
587,1678
461,1679
280,1679
893,1679
944,1680
932,1680
61,1680
603,1682
84,1683
324,1689
440,1690
803,1691
368,1692
360,1692
289,1697
973,1697
829,1698
336,1704
281,1706
28,1707
182,1707
366,1707
207,1708
209,1708
422,1708
260,1710
827,1713
416,1722
595,1722
503,1725
247,1727
833,1727
146,1727
258,1728
665,1732
543,1734
290,1738
19,1740
38,1741
118,1741
602,1743
799,1744
297,1745
151,1751
831,1754
123,1756
70,1756
951,1756
13,1758
380,1762
128,1763
663,1767
770,1767
654,1772
612,1773
71,1775
163,1776
200,1779
729,1780
285,1781
933,1781
662,1781
575,1784
718,1784
160,1786
641,1786
102,1791
670,1791
129,1793
836,1795
296,1796
886,1798
693,1798
499,1801
994,1805
597,1807
483,1808
565,1814
648,1817
857,1817
939,1818
295,1821
192,1823
124,1823
573,1830
99,1832
191,1833
393,1834
239,1835
378,1836
261,1836
550,1840
176,1842
955,1848
791,1848
362,1849
709,1850
841,1851
652,1851
996,1855
537,1858
960,1858
269,1859
155,1860
414,1862
561,1863
879,1865
181,1868
143,1869
576,1869
79,1870
16,1871
87,1872
750,1872
34,1873
911,1874
142,1876
903,1878
644,1880
965,1880
793,1881
788,1884
928,1885
98,1886
372,1888
897,1895
319,1896
675,1901
778,1903
139,1907
448,1907
898,1911
949,1912
354,1913
800,1913
109,1916
570,1916
976,1917
405,1919
854,1921
707,1922
74,1924
433,1929
633,1929
844,1932
20,1933
320,1934
193,1935
316,1939
808,1940
161,1943
907,1945
431,1948
421,1948
266,1948
705,1948
420,1951
401,1952
50,1956
116,1957
517,1957
190,1958
147,1959
42,1960
227,1960
628,1960
119,1961
689,1967
165,1968
773,1969
853,1970
990,1970
878,1972
167,1972
953,1974
532,1976
326,1983
134,1987
172,1989
204,1992
166,1992
653,1997
698,2004
985,2006
187,2009
498,2011
505,2011
681,2016
460,2022
148,2030
735,2033
619,2034
15,2035
763,2038
523,2039
687,2040
417,2043
54,2044
230,2044
832,2049
950,2050
423,2052
243,2056
894,2056
754,2058
929,2059
649,2064
437,2065
871,2072
526,2077
338,2079
781,2091
672,2092
389,2094
41,2101
273,2105
255,2112
174,2114
490,2115
957,2121
731,2122
909,2124
31,2131
145,2131
301,2133
759,2133
961,2134
339,2135
767,2137
752,2144
33,2144
164,2145
966,2148
92,2150
213,2150
905,2150
521,2153
284,2154
245,2155
183,2157
571,2161
666,2164
436,2166
271,2168
6,2168
768,2172
144,2173
986,2174
869,2174
682,2181
30,2184
63,2190
404,2193
524,2194
918,2197
315,2204
858,2205
688,2207
467,2215
113,2216
410,2218
811,2221
68,2222
56,2224
186,2225
585,2227
913,2237
46,2239
818,2246
399,2251
347,2255
58,2256
39,2263
708,2273
942,2289
514,2295
158,2301
457,2303
392,2306
785,2307
300,2308
357,2316
337,2317
105,2324
391,2325
971,2326
542,2327
592,2328
86,2334
474,2335
263,2340
157,2343
876,2344
598,2344
790,2347
541,2350
880,2353
989,2354
868,2358
75,2359
91,2359
588,2375
246,2377
487,2378
101,2385
446,2388
545,2391
468,2402
473,2403
636,2419
642,2425
394,2430
916,2438
477,2444
823,2445
254,2446
150,2454
607,2458
703,2470
974,2473
194,2475
233,2481
835,2486
972,2491
93,2495
531,2500
17,2502
789,2509
509,2511
482,2515
275,2530
333,2531
830,2532
845,2537
185,2551
321,2556
769,2565
725,2577
407,2579
809,2582
303,2583
228,2587
926,2598
36,2600
895,2607
121,2608
624,2610
613,2611
817,2614
44,2622
455,2637
428,2639
413,2647
761,2652
890,2656
127,2665
887,2672
574,2678
904,2683
724,2691
156,2696
668,2704
600,2714
584,2719
892,2720
924,2721
848,2724
730,2752
943,2779
810,2805
899,2805
834,2810
126,2834
786,2847
388,2850
57,2855
76,2870
804,2885
306,2901
7,2905
45,2921
983,2924
873,2928
557,2964
441,2968
646,2970
237,2973
732,3028
169,3041
611,3056
889,3103
188,3105
658,3141
627,3145
978,3164
286,3172
530,3191
97,3212
927,3224
425,3280
302,3303
934,3306
250,3364
293,3393
802,3419
656,3432
138,3459
402,3533
660,3551
449,3561
37,3603
795,3684
462,3719
370,3818
322,3855
335,4194
492,4210

simblock.block.ProofOfWorkBlock@6467415d:19
963,0
833,154
839,214
879,272
154,320
871,346
459,369
88,381
713,403
342,425
251,437
888,438
139,459
89,475
945,481
797,495
470,496
343,496
307,516
985,522
739,531
819,538
754,551
182,554
384,557
731,579
640,579
59,582
828,587
292,588
665,596
975,597
882,602
99,606
717,608
177,611
448,613
476,613
857,624
602,631
460,636
453,639
475,643
195,644
993,646
438,647
958,651
781,653
628,655
961,658
996,665
790,668
711,671
380,672
851,672
278,677
498,681
914,681
585,682
595,693
53,695
410,700
106,702
778,705
102,706
520,707
508,712
422,714
715,715
608,716
944,716
562,716
473,718
836,723
700,727
309,729
194,729
543,731
31,731
420,736
39,737
236,741
813,742
180,743
667,749
637,752
316,752
398,755
375,756
988,756
372,760
179,760
412,761
284,763
743,763
68,765
70,766
202,767
822,768
143,769
959,770
67,772
714,772
528,772
205,775
669,777
198,777
231,786
77,788
531,788
937,789
419,789
295,790
609,790
75,793
54,794
591,794
312,794
464,794
165,796
387,799
982,800
280,801
328,802
838,804
791,806
870,806
301,807
277,809
296,811
359,813
262,813
123,815
849,816
90,816
916,816
775,817
549,819
705,819
274,820
96,822
30,822
5,822
868,828
118,829
8,829
15,829
759,830
783,831
379,831
466,833
856,834
751,835
698,836
737,836
300,843
487,846
457,847
573,848
534,848
353,850
465,851
728,851
653,852
522,852
485,852
305,852
69,853
740,853
693,853
281,857
33,857
893,858
150,858
10,858
673,862
423,864
744,864
938,865
960,865
542,866
689,866
74,866
760,868
467,870
172,872
347,872
827,873
962,873
869,873
223,874
747,874
546,874
524,876
722,877
687,877
695,878
489,878
997,878
507,879
999,880
615,883
427,885
116,885
818,885
124,885
213,886
210,887
27,887
864,887
115,889
406,890
832,890
920,891
950,892
552,892
227,893
727,894
16,895
800,896
151,896
471,897
257,901
24,901
672,901
612,901
336,901
443,903
971,904
710,904
368,904
824,907
111,908
247,908
246,909
984,909
565,909
407,910
798,910
756,910
275,910
18,911
972,911
526,912
468,913
644,914
87,915
164,916
706,920
378,921
517,922
681,923
217,924
268,924
424,924
360,925
992,925
19,926
383,927
761,928
21,928
632,929
358,930
789,930
505,930
149,932
835,932
93,933
951,934
521,935
393,937
81,937
442,937
344,938
440,940
333,940
240,941
928,942
352,942
357,943
597,944
664,944
622,945
297,946
541,947
320,947
203,949
83,949
662,950
80,950
579,950
376,952
263,953
915,953
129,954
840,954
854,956
535,956
418,956
725,957
581,957
191,957
230,957
159,959
42,960
814,961
394,962
782,963
229,964
503,964
323,964
125,965
92,965
163,966
631,967
377,968
431,968
604,969
545,969
461,970
575,970
671,971
499,971
574,971
218,971
767,971
903,973
366,977
853,980
17,981
718,982
183,982
391,983
260,984
158,984
852,985
214,986
49,986
942,986
692,988
324,989
289,989
648,989
990,989
242,990
746,990
940,991
970,991
12,992
766,993
886,993
234,994
209,994
25,995
148,995
134,995
704,995
946,997
337,997
641,998
190,998
79,999
233,1000
532,1002
773,1003
548,1004
416,1005
994,1005
490,1005
976,1006
979,1008
618,1008
969,1008
176,1009
29,1010
482,1010
178,1010
955,1012
948,1013
758,1013
153,1013
243,1015
779,1015
329,1017
206,1019
41,1020
957,1020
167,1021
71,1022
730,1022
682,1022
561,1023
645,1023
902,1024
488,1026
256,1027
145,1027
973,1027
582,1028
64,1028
501,1028
109,1028
458,1029
185,1029
784,1031
770,1033
232,1034
537,1035
881,1035
249,1037
907,1037
85,1037
772,1041
811,1041
385,1041
104,1042
890,1043
338,1044
146,1046
917,1046
861,1047
447,1047
654,1047
147,1048
283,1050
911,1050
558,1050
587,1052
491,1053
858,1055
208,1055
904,1056
866,1057
605,1059
912,1060
655,1060
855,1062
128,1064
529,1067
929,1068
313,1068
187,1070
908,1072
435,1072
434,1073
875,1074
127,1074
345,1075
846,1075
436,1075
137,1077
239,1077
298,1077
282,1078
624,1080
82,1081
721,1081
663,1082
872,1083
13,1084
932,1085
576,1087
200,1088
350,1089
620,1094
56,1098
748,1099
677,1099
386,1100
222,1103
745,1106
925,1107
603,1107
708,1109
469,1109
817,1110
593,1112
598,1112
439,1115
105,1120
712,1120
497,1122
193,1124
639,1125
821,1125
515,1126
365,1126
52,1127
884,1129
590,1130
947,1134
965,1134
390,1135
563,1142
919,1143
830,1145
363,1146
757,1146
346,1147
998,1149
414,1149
570,1150
258,1152
924,1153
374,1155
865,1155
518,1157
361,1159
812,1161
897,1163
741,1164
826,1165
931,1170
14,1171
409,1174
539,1177
776,1179
48,1181
769,1183
512,1187
726,1190
271,1192
34,1195
308,1196
73,1198
291,1199
568,1200
396,1201
47,1202
23,1203
478,1203
599,1204
626,1210
701,1211
389,1211
793,1212
850,1213
610,1213
55,1214
843,1214
483,1214
290,1216
525,1216
504,1216
356,1218
533,1220
456,1220
326,1220
594,1222
38,1222
479,1230
755,1230
510,1231
264,1233
680,1233
311,1235
204,1237
697,1238
702,1239
155,1239
657,1240
133,1242
787,1243
341,1245
141,1245
625,1248
553,1253
63,1253
130,1255
241,1256
9,1257
463,1258
28,1259
816,1260
930,1260
921,1260
643,1262
780,1263
1000,1264
964,1264
413,1265
4,1266
569,1267
228,1268
829,1269
685,1269
923,1271
801,1273
792,1273
267,1274
175,1276
332,1281
495,1282
327,1284
408,1284
762,1286
403,1288
207,1290
831,1290
224,1292
3,1292
560,1293
906,1294
601,1295
659,1295
238,1297
577,1300
454,1301
716,1301
981,1302
98,1303
674,1306
11,1307
294,1310
885,1311
186,1313
221,1314
977,1314
635,1316
753,1317
954,1318
638,1319
540,1319
481,1321
589,1323
668,1326
980,1327
939,1327
733,1330
749,1331
450,1331
774,1338
771,1342
61,1344
647,1346
226,1350
140,1355
131,1363
144,1364
40,1364
168,1368
451,1368
650,1368
285,1370
189,1371
480,1371
986,1372
325,1375
381,1375
314,1375
225,1376
136,1378
559,1380
883,1380
572,1380
244,1381
941,1382
184,1383
860,1383
330,1384
723,1386
891,1387
683,1392
554,1392
445,1393
66,1394
94,1397
400,1400
1,1401
211,1402
867,1402
887,1403
181,1403
279,1404
736,1407
426,1409
272,1411
270,1413
253,1413
952,1414
519,1415
805,1416
122,1417
288,1418
43,1419
494,1420
429,1421
72,1423
583,1428
616,1430
555,1431
690,1433
720,1434
50,1435
219,1437
108,1437
580,1439
51,1443
661,1443
112,1450
430,1458
913,1459
265,1459
967,1459
847,1461
806,1463
351,1463
428,1468
432,1469
617,1470
382,1473
173,1475
22,1476
678,1478
174,1479
863,1480
987,1482
547,1484
317,1487
777,1489
566,1489
160,1495
212,1495
623,1496
703,1502
484,1502
369,1510
196,1514
255,1515
367,1517
823,1517
686,1520
78,1520
502,1521
2,1529
287,1539
496,1544
995,1545
742,1548
956,1552
896,1556
355,1558
486,1558
794,1560
551,1560
837,1563
600,1567
536,1569
259,1570
694,1571
286,1575
331,1576
527,1577
834,1578
199,1578
900,1578
859,1583
935,1584
364,1587
910,1588
523,1588
114,1589
261,1589
319,1590
506,1590
411,1591
117,1592
373,1599
584,1600
388,1601
201,1602
248,1604
421,1605
966,1609
397,1610
36,1613
26,1613
719,1622
630,1628
807,1632
103,1633
444,1633
349,1634
684,1640
842,1642
933,1647
95,1650
395,1651
666,1653
606,1654
550,1655
556,1656
752,1659
750,1659
509,1660
452,1662
237,1663
877,1664
974,1664
415,1664
676,1665
97,1665
679,1667
768,1670
895,1671
898,1673
688,1675
120,1679
841,1686
670,1687
91,1694
651,1699
273,1701
927,1706
646,1711
334,1714
516,1720
578,1723
734,1728
763,1729
306,1730
404,1730
586,1731
738,1733
815,1737
530,1738
729,1740
696,1741
166,1741
235,1747
220,1750
310,1751
303,1756
76,1756
162,1758
100,1760
905,1760
936,1761
161,1762
119,1763
110,1763
304,1774
446,1778
636,1789
909,1793
983,1800
820,1802
252,1804
107,1807
592,1808
126,1808
557,1815
968,1815
611,1824
266,1824
894,1827
62,1831
862,1833
607,1834
735,1835
32,1838
513,1839
699,1848
724,1851
371,1852
156,1859
732,1871
845,1872
709,1875
425,1875
691,1881
649,1883
340,1888
171,1890
402,1893
269,1895
786,1895
978,1895
511,1905
564,1905
627,1907
634,1907
20,1917
567,1917
35,1920
764,1920
934,1921
170,1924
918,1930
656,1930
660,1931
901,1934
629,1935
796,1937
493,1938
60,1946
276,1953
675,1953
86,1959
571,1969
152,1971
922,1976
652,1987
619,2006
417,2013
514,2015
318,2015
462,2022
808,2026
803,2038
370,2046
892,2049
7,2063
354,2072
472,2075
132,2084
538,2104
197,2105
142,2106
299,2106
642,2107
943,2117
810,2118
321,2130
392,2135
254,2136
65,2137
135,2145
588,2157
250,2160
138,2163
880,2174
45,2177
58,2179
878,2181
348,2185
113,2189
437,2199
192,2200
873,2201
46,2212
844,2232
37,2236
765,2251
544,2257
633,2257
84,2260
596,2276
405,2287
874,2323
121,2323
399,2323
949,2333
621,2360
169,2364
707,2371
455,2390
315,2403
335,2420
788,2424
989,2425
991,2433
500,2445
804,2451
157,2460
876,2460
809,2475
613,2488
441,2502
614,2504
302,2532
825,2536
799,2542
245,2570
926,2611
216,2616
101,2672
848,2687
785,2723
188,2723
6,2745
57,2771
215,2791
795,2819
802,2825
293,2859
899,2872
44,2903
322,3015
889,3079
953,3107
658,3115
433,3145
492,3186
362,3379
449,3390
339,3429
401,3470
477,3673
474,3768

simblock.block.ProofOfWorkBlock@25bce6bb:20
565,0
204,149
186,205
195,262
585,309
231,318
576,354
948,367
383,375
985,410
458,424
599,435
814,435
90,462
251,467
747,470
869,481
664,492
988,496
53,504
193,519
925,521
793,524
150,526
693,529
497,553
106,554
56,555
83,563
459,567
289,574
640,575
301,577
499,582
379,585
198,587
706,589
602,592
128,614
838,615
715,616
665,621
781,621
854,622
996,624
893,633
637,634
698,634
313,636
644,643
929,643
419,645
222,647
681,648
296,650
575,650
819,656
886,670
203,673
907,674
116,674
34,675
1000,677
725,677
154,679
751,683
407,688
920,690
790,691
442,691
30,693
96,694
48,694
191,703
262,704
41,705
92,706
689,707
769,708
81,712
522,712
163,716
143,724
85,725
940,726
358,728
716,728
280,731
12,731
961,732
366,732
398,733
5,735
453,735
75,736
890,736
558,736
811,740
932,744
333,745
93,745
994,746
375,748
941,748
185,749
488,755
783,756
149,758
15,760
624,761
300,761
443,764
505,765
770,767
240,769
542,771
833,772
579,772
387,774
33,775
591,776
754,776
377,782
912,782
483,782
109,783
389,783
29,785
609,786
13,787
532,787
885,789
778,789
329,790
908,791
434,791
731,794
69,794
903,795
526,797
448,798
992,799
274,799
391,799
767,799
947,801
456,801
129,803
969,803
59,803
959,805
711,809
508,812
466,813
297,817
461,817
345,817
376,818
836,818
88,820
179,821
457,824
249,827
865,828
343,830
888,831
970,831
275,832
813,832
791,832
124,832
872,833
87,834
352,834
851,835
552,836
971,837
824,837
342,838
973,840
773,840
194,840
915,842
692,842
631,844
468,845
821,846
21,847
722,847
467,848
503,849
68,850
710,850
951,850
740,850
704,851
187,852
999,852
491,854
839,854
541,855
271,858
766,858
574,858
914,859
70,861
797,861
531,864
55,865
972,867
475,868
460,869
789,872
208,872
548,872
320,873
89,873
267,873
102,873
562,874
82,875
590,875
515,876
730,877
620,878
439,878
904,879
104,880
587,881
960,883
334,885
223,885
669,886
546,886
148,887
924,887
993,887
268,888
27,889
535,889
846,891
963,892
482,893
243,893
465,893
217,894
507,895
543,895
431,896
573,896
976,897
708,897
234,897
384,899
309,899
31,900
667,900
860,901
827,901
524,901
423,901
230,903
622,903
979,905
759,907
871,907
739,907
130,908
612,908
39,910
336,910
641,911
582,912
16,915
517,916
965,917
305,918
982,918
957,919
139,920
347,920
307,921
424,921
357,923
239,924
748,925
879,926
779,926
727,927
278,927
471,927
981,927
206,929
726,929
990,929
485,930
662,930
324,930
470,931
713,932
17,932
671,934
316,935
673,936
717,936
615,937
227,937
682,938
123,939
277,939
414,941
758,942
746,943
210,944
975,945
236,945
436,945
798,947
363,947
545,947
103,948
350,948
263,949
595,949
830,949
775,949
928,949
744,950
840,951
326,953
962,953
955,954
209,954
380,954
938,955
761,955
295,955
202,956
99,956
655,958
328,958
213,958
597,959
242,959
233,960
292,960
864,961
663,961
997,961
756,962
182,964
281,966
853,966
205,966
180,967
214,967
394,968
654,969
648,969
412,970
147,972
857,973
818,973
737,977
258,979
917,979
440,980
79,981
537,981
868,983
298,984
561,984
645,984
153,986
177,986
653,988
881,989
489,990
146,991
63,992
937,994
828,995
581,995
378,996
849,999
165,1000
115,1000
705,1001
8,1001
728,1001
19,1003
422,1005
866,1005
490,1005
858,1006
77,1006
958,1006
598,1007
385,1008
134,1008
525,1009
718,1010
24,1012
935,1013
498,1013
800,1014
861,1016
473,1017
71,1017
23,1017
832,1020
984,1022
852,1024
332,1024
290,1025
331,1025
159,1026
945,1027
835,1027
118,1029
235,1029
478,1031
911,1031
176,1036
111,1036
464,1041
418,1041
256,1041
501,1042
67,1042
229,1043
950,1044
416,1045
521,1045
167,1046
570,1047
283,1047
518,1048
164,1048
359,1048
856,1050
605,1053
944,1054
841,1056
942,1057
586,1058
700,1058
608,1058
520,1059
393,1060
284,1060
312,1061
183,1062
447,1064
743,1064
175,1064
560,1065
18,1065
145,1066
25,1066
42,1068
902,1068
610,1070
685,1070
257,1071
246,1074
621,1076
487,1076
553,1077
757,1078
247,1079
190,1081
158,1082
151,1082
429,1082
618,1085
672,1085
567,1086
420,1092
304,1092
410,1095
603,1095
936,1096
817,1100
323,1101
287,1101
782,1102
54,1106
556,1108
843,1109
125,1110
714,1110
61,1117
337,1120
639,1121
604,1122
469,1126
816,1126
812,1126
2,1128
38,1128
870,1130
260,1131
699,1133
310,1136
225,1138
105,1139
784,1139
695,1139
657,1141
875,1142
628,1144
765,1144
288,1147
512,1148
64,1149
617,1150
10,1150
220,1151
74,1156
371,1156
172,1158
127,1166
569,1167
606,1169
52,1169
1,1170
578,1170
601,1176
49,1179
360,1182
308,1182
264,1183
930,1186
238,1186
774,1187
408,1189
534,1189
931,1191
745,1194
764,1195
117,1195
687,1196
651,1198
291,1201
338,1201
549,1202
409,1204
538,1204
390,1206
916,1208
519,1209
528,1210
632,1216
566,1217
244,1218
226,1218
625,1220
977,1221
476,1222
411,1222
897,1223
427,1223
141,1225
967,1228
108,1229
346,1229
696,1229
344,1230
629,1232
923,1237
502,1239
479,1240
589,1241
580,1241
946,1242
216,1245
906,1245
850,1246
723,1246
114,1246
374,1246
395,1247
259,1248
998,1249
282,1249
484,1251
683,1251
219,1254
450,1257
35,1257
162,1259
276,1263
753,1265
200,1265
720,1265
964,1266
910,1266
325,1268
956,1270
921,1271
650,1272
987,1274
760,1274
110,1275
100,1276
516,1279
995,1279
218,1280
842,1280
372,1280
438,1280
806,1280
355,1281
882,1281
547,1283
248,1283
659,1283
529,1286
500,1287
678,1287
112,1288
634,1288
211,1290
554,1296
847,1296
212,1299
368,1303
630,1303
884,1306
805,1307
435,1307
623,1308
14,1311
140,1313
679,1314
596,1315
594,1315
136,1316
919,1317
796,1322
444,1322
862,1325
481,1334
733,1336
406,1339
40,1339
901,1340
749,1340
551,1341
677,1342
272,1345
413,1346
684,1347
43,1349
734,1356
825,1357
397,1357
896,1357
801,1360
66,1360
643,1361
265,1361
78,1362
199,1362
826,1363
668,1363
738,1363
107,1366
563,1368
742,1371
762,1373
780,1375
386,1377
160,1379
771,1379
883,1381
28,1382
197,1393
181,1393
173,1393
381,1396
807,1401
638,1401
815,1404
445,1413
712,1414
451,1416
855,1416
721,1418
364,1420
506,1422
299,1423
454,1425
799,1425
426,1429
221,1432
294,1433
777,1435
954,1439
647,1441
691,1443
697,1444
62,1447
513,1450
496,1450
403,1452
822,1452
555,1453
382,1455
495,1456
719,1457
196,1457
619,1458
486,1460
47,1461
32,1462
755,1471
51,1473
207,1478
572,1478
834,1481
939,1481
732,1484
432,1486
661,1489
949,1489
690,1489
327,1491
72,1492
94,1495
428,1502
635,1511
887,1514
396,1521
859,1525
261,1526
356,1527
184,1532
330,1532
831,1533
568,1534
980,1537
365,1538
874,1539
953,1539
348,1545
974,1548
392,1552
808,1553
80,1556
170,1556
492,1562
873,1566
820,1570
514,1571
533,1576
455,1578
318,1578
480,1579
425,1580
848,1582
339,1584
829,1588
900,1589
421,1591
4,1591
527,1592
430,1594
120,1599
192,1601
76,1602
571,1607
913,1608
367,1611
241,1612
9,1614
168,1619
735,1621
463,1625
317,1625
741,1625
286,1625
189,1627
98,1629
237,1629
536,1629
11,1631
138,1639
660,1642
452,1644
613,1645
577,1647
626,1648
255,1649
867,1651
285,1652
674,1659
201,1661
373,1662
133,1662
340,1664
156,1665
405,1676
550,1681
511,1703
943,1703
686,1706
314,1709
787,1710
863,1710
768,1711
353,1715
321,1716
611,1721
349,1723
269,1723
319,1725
152,1726
952,1733
656,1735
266,1738
983,1738
898,1745
510,1748
809,1750
137,1751
400,1753
250,1758
776,1760
588,1763
709,1764
837,1765
978,1766
131,1766
22,1769
795,1773
504,1774
989,1778
986,1783
224,1787
302,1790
729,1796
649,1796
899,1797
544,1797
341,1800
750,1801
95,1809
724,1813
370,1820
934,1829
3,1829
583,1830
362,1832
232,1833
315,1845
909,1852
523,1866
652,1876
564,1877
891,1883
253,1887
415,1888
437,1888
252,1893
215,1895
627,1897
462,1898
126,1904
472,1905
144,1914
44,1916
968,1918
592,1924
680,1931
844,1931
36,1932
65,1940
966,1941
155,1942
701,1948
494,1954
600,1958
178,1968
46,1990
788,1994
279,2002
361,2002
45,2008
57,2010
7,2039
845,2040
441,2049
794,2051
933,2052
311,2054
270,2069
895,2071
166,2075
633,2079
245,2083
676,2090
707,2098
763,2099
122,2100
926,2106
174,2109
792,2112
121,2117
369,2122
132,2132
675,2134
474,2139
991,2148
636,2158
228,2171
804,2171
73,2177
642,2177
493,2189
878,2226
772,2226
540,2238
658,2243
157,2251
58,2257
616,2280
401,2281
559,2285
161,2292
254,2293
539,2306
607,2310
293,2327
171,2327
6,2333
113,2336
670,2344
335,2357
477,2378
119,2393
752,2398
402,2405
703,2416
922,2435
97,2442
889,2459
823,2461
509,2474
702,2476
736,2480
557,2516
446,2518
399,2528
786,2565
26,2578
785,2613
877,2613
530,2618
880,2619
135,2623
354,2633
614,2636
351,2649
306,2658
60,2661
433,2681
303,2685
404,2688
169,2698
666,2715
584,2726
273,2746
142,2749
388,2759
905,2802
593,2821
892,2848
37,2857
322,2898
84,2953
810,2958
449,2965
876,2975
694,2991
918,2992
101,2998
927,3030
894,3051
86,3060
50,3147
646,3262
188,3263
802,3280
688,3432
91,3562
417,3607
20,3739
803,3864

simblock.block.ProofOfWorkBlock@db4bad3:21
953,0
121,391
649,543
126,714
913,776
823,922
786,931
926,975
894,1022
144,1067
588,1089
306,1108
101,1179
86,1233
787,1255
752,1257
876,1321
567,1333
726,1357
477,1371
269,1387
803,1401
898,1407
157,1440
510,1443
370,1465
437,1469
351,1472
613,1480
923,1516
474,1520
878,1525
166,1534
675,1551
843,1554
254,1558
986,1574
450,1576
276,1594
449,1599
492,1616
173,1624
625,1637
887,1637
577,1656
642,1657
847,1660
353,1665
406,1687
47,1711
509,1712
321,1716
647,1718
666,1736
593,1741
170,1741
502,1742
584,1749
863,1758
261,1759
91,1772
212,1772
291,1773
611,1774
810,1777
808,1780
189,1792
28,1798
764,1799
481,1800
736,1800
330,1805
454,1809
219,1818
73,1825
495,1829
538,1831
880,1836
23,1842
114,1845
61,1853
415,1857
446,1858
845,1859
834,1861
211,1861
293,1865
934,1866
504,1874
97,1876
712,1880
848,1881
633,1882
690,1882
314,1882
57,1883
327,1889
367,1891
946,1897
105,1904
117,1909
967,1913
364,1914
706,1916
966,1917
168,1924
601,1929
862,1933
802,1934
780,1942
250,1943
749,1944
657,1948
660,1962
733,1963
120,1963
559,1969
395,1969
812,1974
201,1975
131,1980
107,1982
661,1987
844,1989
891,1990
215,1990
386,1992
188,1998
300,2013
3,2013
617,2015
43,2016
32,2018
842,2018
108,2019
554,2023
174,2023
989,2024
225,2024
610,2029
232,2032
310,2033
435,2033
113,2035
279,2038
112,2044
133,2047
381,2048
463,2050
772,2051
931,2052
710,2055
629,2058
241,2062
365,2064
820,2064
348,2066
49,2066
390,2072
122,2072
299,2074
606,2075
303,2077
547,2079
332,2086
762,2087
387,2087
433,2088
597,2091
765,2092
514,2092
259,2097
837,2102
500,2103
594,2103
978,2103
331,2105
116,2105
745,2109
78,2109
831,2109
674,2110
326,2118
580,2120
595,2122
974,2123
816,2130
569,2131
635,2132
235,2133
814,2134
224,2135
325,2135
391,2135
171,2135
520,2136
26,2136
428,2138
513,2138
141,2144
991,2144
707,2145
408,2145
768,2146
807,2148
959,2156
521,2158
683,2164
368,2164
734,2165
910,2166
400,2166
583,2168
228,2168
850,2170
859,2171
679,2171
621,2172
138,2174
829,2175
403,2179
22,2182
479,2182
701,2186
288,2189
769,2191
100,2192
883,2194
901,2195
472,2196
287,2196
630,2198
776,2201
698,2204
199,2206
900,2207
732,2209
444,2211
937,2212
620,2212
160,2213
822,2216
896,2217
341,2221
566,2224
52,2226
371,2228
226,2228
643,2229
935,2230
788,2233
2,2235
292,2237
824,2238
430,2239
29,2242
626,2245
942,2246
628,2247
735,2247
237,2249
337,2249
563,2253
476,2254
361,2255
184,2255
135,2256
841,2258
216,2259
741,2259
411,2259
720,2263
151,2264
264,2264
544,2264
537,2265
344,2265
922,2266
456,2266
806,2271
197,2272
996,2275
253,2275
556,2277
964,2279
72,2279
676,2280
540,2280
190,2281
529,2281
451,2282
568,2285
230,2288
663,2290
432,2290
238,2290
656,2291
315,2291
153,2293
369,2293
204,2296
487,2297
777,2298
930,2299
164,2300
494,2300
349,2301
691,2302
938,2303
423,2303
695,2304
142,2306
677,2308
548,2308
9,2310
11,2313
696,2313
239,2314
603,2317
460,2318
892,2318
308,2320
717,2321
987,2323
336,2323
335,2328
346,2329
801,2330
884,2330
949,2330
304,2330
140,2331
839,2334
939,2335
906,2336
805,2336
650,2337
740,2338
871,2338
721,2347
697,2349
146,2350
941,2351
797,2351
14,2352
998,2353
719,2355
139,2356
445,2356
221,2358
486,2358
522,2358
555,2359
132,2361
634,2362
702,2365
18,2365
152,2366
551,2367
15,2369
965,2370
729,2374
640,2378
128,2383
137,2384
175,2386
681,2388
19,2388
384,2390
90,2391
553,2391
727,2392
659,2395
38,2396
523,2398
376,2399
581,2399
549,2400
404,2400
270,2405
602,2405
519,2410
570,2410
94,2411
994,2411
103,2412
542,2413
731,2415
715,2416
409,2418
125,2420
200,2422
272,2422
290,2425
275,2426
89,2427
248,2427
632,2431
578,2435
572,2437
976,2440
453,2441
669,2442
794,2443
928,2447
730,2448
587,2449
62,2449
796,2450
858,2451
511,2452
536,2452
670,2454
338,2455
860,2457
497,2458
258,2459
539,2461
220,2461
543,2464
191,2465
167,2466
329,2466
196,2467
932,2470
586,2470
295,2472
118,2473
342,2474
280,2474
951,2475
905,2479
977,2480
868,2481
379,2482
298,2482
508,2482
743,2482
350,2483
181,2485
301,2487
36,2488
680,2490
149,2490
885,2490
240,2492
694,2498
825,2499
447,2499
268,2503
684,2507
673,2508
1,2510
236,2512
54,2513
470,2515
20,2518
506,2518
281,2519
66,2521
339,2522
793,2526
401,2529
766,2530
990,2530
704,2531
183,2531
182,2531
763,2532
202,2532
645,2536
165,2536
921,2536
158,2538
792,2538
192,2540
775,2542
499,2545
12,2545
980,2546
888,2548
462,2550
458,2554
687,2558
311,2559
562,2560
136,2562
317,2562
352,2562
99,2565
242,2565
865,2567
207,2570
203,2571
255,2571
64,2572
817,2576
692,2578
260,2579
770,2582
218,2587
961,2587
638,2588
186,2589
17,2589
945,2591
995,2593
393,2599
855,2601
176,2602
478,2606
592,2608
875,2608
501,2609
742,2610
35,2613
936,2614
867,2614
746,2616
861,2616
79,2618
394,2619
155,2619
903,2620
161,2620
571,2622
716,2625
739,2626
755,2627
85,2627
535,2628
981,2632
134,2632
129,2634
475,2635
589,2635
818,2636
124,2636
564,2637
277,2640
147,2643
754,2645
27,2646
997,2650
585,2651
180,2654
251,2655
249,2656
109,2658
832,2658
356,2659
560,2660
320,2661
319,2664
71,2669
417,2669
156,2678
422,2682
882,2685
778,2686
864,2687
596,2691
881,2692
667,2694
895,2694
558,2697
75,2698
322,2700
482,2701
284,2706
723,2708
87,2709
958,2709
984,2709
648,2713
414,2717
375,2720
382,2721
418,2722
273,2724
169,2731
81,2731
750,2733
833,2734
518,2737
738,2739
992,2740
907,2742
45,2744
51,2745
531,2746
154,2746
247,2749
53,2749
846,2751
852,2761
46,2764
95,2764
685,2765
533,2766
969,2767
80,2768
374,2768
600,2768
163,2769
245,2769
783,2771
826,2774
98,2776
655,2776
722,2781
968,2787
646,2788
493,2790
421,2790
639,2791
944,2792
668,2792
614,2793
265,2794
918,2794
711,2803
615,2804
804,2807
396,2811
528,2813
623,2813
68,2819
355,2820
616,2825
148,2826
541,2828
795,2829
347,2834
434,2835
34,2835
354,2836
480,2839
309,2844
282,2848
416,2848
496,2851
6,2856
84,2856
427,2859
286,2867
929,2869
956,2871
40,2872
294,2875
60,2876
983,2879
890,2881
534,2882
515,2886
866,2891
550,2894
455,2895
115,2895
110,2900
652,2900
143,2903
636,2905
960,2905
552,2907
811,2910
162,2912
363,2913
631,2918
789,2919
975,2922
908,2933
678,2935
920,2937
229,2938
612,2941
76,2946
605,2953
516,2957
389,2961
872,2968
653,2970
530,2985
688,2991
194,2997
7,2997
4,2999
546,3005
302,3005
185,3008
725,3012
505,3013
744,3016
785,3018
709,3019
813,3020
952,3037
373,3038
77,3042
565,3043
714,3045
751,3045
244,3053
362,3060
420,3060
252,3061
609,3062
402,3063
58,3064
436,3070
410,3071
686,3077
527,3079
412,3083
380,3083
392,3087
334,3089
637,3092
467,3093
771,3096
651,3097
798,3104
693,3115
664,3116
897,3117
699,3120
682,3122
44,3124
671,3131
399,3131
545,3132
267,3144
358,3149
271,3150
256,3151
622,3178
641,3186
874,3188
979,3191
909,3197
457,3198
359,3200
724,3210
289,3218
604,3219
413,3224
654,3236
911,3237
924,3238
970,3238
957,3240
756,3244
703,3246
607,3254
442,3256
469,3258
266,3261
257,3267
468,3272
954,3287
988,3291
419,3296
774,3300
512,3301
465,3306
41,3310
24,3319
853,3321
172,3323
405,3326
429,3326
96,3343
388,3350
37,3350
441,3356
178,3359
627,3359
758,3369
274,3369
243,3383
246,3387
821,3401
385,3414
56,3414
759,3422
718,3445
761,3448
618,3452
877,3459
213,3464
498,3467
943,3473
13,3473
972,3475
838,3479
791,3479
378,3480
464,3497
179,3497
819,3498
927,3499
106,3503
899,3505
426,3533
483,3539
517,3542
857,3544
123,3559
205,3562
55,3565
313,3580
65,3584
150,3596
912,3606
5,3608
828,3610
397,3614
919,3618
127,3619
955,3622
525,3622
484,3631
993,3651
809,3657
159,3670
234,3679
985,3680
561,3681
840,3685
366,3719
210,3723
340,3746
748,3750
198,3757
889,3758
940,3778
383,3796
25,3821
573,3822
779,3824
48,3833
130,3838
307,3840
773,3856
74,3858
658,3863
33,3869
815,3876
343,3882
333,3882
318,3887
111,3894
753,3896
233,3907
357,3908
557,3909
193,3912
893,3917
452,3929
67,3969
473,3981
767,3986
856,3990
407,4000
962,4011
904,4016
591,4024
672,4078
119,4110
503,4136
424,4138
145,4139
624,4156
830,4158
948,4170
917,4171
63,4172
665,4174
599,4175
8,4182
50,4183
574,4184
360,4185
579,4191
790,4197
490,4205
950,4209
488,4219
438,4230
262,4267
849,4289
328,4290
933,4303
582,4314
305,4328
728,4350
854,4391
737,4440
21,4445
323,4457
195,4457
851,4475
102,4480
459,4482
999,4485
947,4496
227,4506
345,4517
644,4519
835,4526
466,4531
10,4533
1000,4564
524,4577
59,4589
689,4639
425,4682
781,4706
757,4738
982,4749
532,4757
70,4772
526,4775
598,4777
443,4782
914,4790
324,4795
782,4806
30,4823
902,4874
461,4879
879,4882
208,4886
42,4906
214,4926
283,4941
88,5039
590,5047
285,5054
177,5054
296,5072
747,5076
69,5090
440,5095
263,5096
93,5120
915,5153
973,5228
705,5234
799,5286
223,5288
873,5330
217,5346
662,5350
312,5369
836,5386
925,5390
83,5394
439,5401
971,5422
206,5537
231,5583
398,5648
576,5648
575,5670
784,5673
608,5690
372,5702
870,5705
104,5725
31,5925
16,5931
448,5950
92,5966
916,5987
82,6002
209,6004
886,6024
700,6057
491,6247
297,6279
316,6287
869,6302
963,6309
471,6325
800,6444
278,6546
827,6608
708,6633
619,6717
489,6834
507,6907
760,6986
39,7209
431,7217
377,7509
713,7610
485,7990
187,8382
222,8765

simblock.block.ProofOfWorkBlock@15a0a020:22
211,0
112,215
690,297
3,383
651,431
105,465
745,516
578,524
494,551
291,601
874,602
14,612
679,633
415,653
287,685
61,686
117,692
657,712
351,715
137,734
265,734
922,743
568,767
2,770
580,775
390,776
712,799
762,809
212,817
178,822
426,825
556,825
939,832
566,834
225,850
510,854
589,858
936,858
330,859
299,876
199,881
196,899
270,906
516,907
480,911
120,912
332,917
923,919
409,920
311,921
661,932
780,937
815,939
308,940
66,943
859,944
122,958
991,959
181,961
73,963
349,969
382,971
601,986
22,991
930,991
369,991
547,992
381,994
532,995
987,999
901,1002
353,1003
946,1003
694,1004
812,1017
986,1018
279,1023
406,1026
699,1026
525,1030
630,1035
288,1038
386,1039
850,1040
551,1041
451,1044
173,1046
253,1047
429,1048
216,1052
777,1053
538,1054
317,1070
479,1072
577,1074
52,1075
919,1077
540,1078
606,1078
741,1080
373,1082
472,1085
408,1085
129,1086
677,1090
403,1094
78,1098
107,1102
647,1105
826,1115
16,1116
781,1117
559,1121
512,1121
734,1122
314,1123
998,1124
400,1125
729,1125
593,1133
219,1134
344,1135
638,1135
536,1137
816,1140
586,1140
170,1142
891,1143
226,1150
967,1155
435,1155
676,1157
583,1157
411,1158
765,1159
683,1160
764,1161
806,1161
749,1164
500,1166
310,1166
135,1166
534,1166
63,1168
197,1168
860,1168
395,1172
295,1172
977,1173
40,1176
341,1176
208,1177
972,1178
248,1179
141,1185
284,1186
807,1187
235,1187
659,1187
787,1197
282,1198
42,1199
641,1203
171,1205
502,1208
626,1209
701,1209
238,1210
733,1210
152,1211
360,1212
906,1214
855,1218
160,1219
367,1221
252,1221
572,1224
11,1225
805,1226
201,1228
831,1234
28,1234
720,1237
272,1238
554,1238
103,1240
617,1242
430,1244
463,1247
481,1248
259,1249
334,1249
736,1250
432,1250
529,1253
72,1256
361,1257
884,1258
883,1258
304,1259
396,1260
348,1261
365,1264
443,1265
43,1267
981,1267
856,1267
64,1268
629,1268
868,1268
1,1269
301,1270
132,1274
221,1275
776,1277
956,1277
191,1281
280,1290
632,1290
371,1291
753,1291
9,1294
133,1294
80,1294
4,1297
244,1299
486,1299
549,1301
458,1302
621,1302
355,1302
511,1303
131,1304
539,1304
842,1306
448,1309
691,1309
835,1311
162,1312
616,1318
318,1318
640,1318
444,1319
276,1320
470,1320
772,1322
454,1323
738,1323
331,1323
824,1326
168,1327
979,1327
88,1329
65,1332
258,1332
313,1333
940,1334
594,1336
610,1338
908,1338
445,1338
841,1338
697,1339
450,1339
108,1342
582,1342
220,1342
239,1343
294,1343
203,1344
325,1344
755,1346
603,1349
585,1350
650,1350
693,1351
153,1351
346,1351
184,1351
900,1351
247,1353
224,1357
327,1360
821,1363
175,1367
326,1372
262,1375
968,1375
674,1375
625,1376
792,1378
684,1378
742,1379
870,1380
513,1380
110,1380
159,1381
233,1382
952,1382
104,1384
837,1384
820,1384
604,1389
921,1389
639,1390
623,1391
822,1391
519,1393
995,1393
931,1394
569,1396
350,1397
397,1400
680,1403
801,1403
726,1404
744,1404
495,1406
910,1407
643,1408
98,1410
506,1411
863,1412
796,1412
507,1413
843,1414
123,1416
941,1418
570,1418
127,1418
829,1419
896,1424
483,1425
504,1425
847,1425
857,1426
32,1429
151,1429
596,1430
767,1432
51,1432
929,1433
696,1434
136,1434
356,1435
702,1436
38,1436
424,1437
118,1437
193,1439
567,1440
599,1441
218,1442
92,1443
553,1445
935,1445
865,1446
902,1447
864,1450
380,1451
439,1452
980,1459
612,1464
465,1465
496,1466
285,1467
241,1469
563,1469
434,1469
412,1470
21,1471
296,1471
771,1472
94,1472
271,1473
819,1475
114,1475
544,1476
537,1478
298,1480
498,1480
1000,1481
368,1483
47,1483
761,1484
663,1485
959,1486
779,1486
206,1487
774,1489
250,1489
546,1491
358,1491
964,1491
620,1491
527,1492
391,1493
23,1494
954,1495
242,1495
608,1497
997,1497
716,1499
958,1500
575,1501
882,1503
740,1503
715,1504
54,1506
957,1506
520,1506
714,1508
825,1508
672,1512
81,1514
830,1515
739,1515
717,1516
232,1518
973,1519
484,1521
155,1522
29,1522
39,1523
564,1523
993,1524
246,1524
5,1525
478,1525
27,1525
723,1528
698,1528
124,1530
858,1531
800,1531
189,1532
531,1534
268,1534
146,1536
713,1538
222,1541
866,1542
881,1543
487,1544
976,1544
283,1545
695,1545
541,1547
139,1551
62,1554
951,1554
163,1555
69,1555
467,1556
597,1557
867,1558
687,1559
990,1564
917,1564
49,1564
398,1565
48,1569
861,1570
722,1571
205,1573
447,1573
236,1574
35,1575
100,1575
316,1577
548,1577
377,1578
158,1580
210,1580
790,1581
267,1583
719,1587
721,1591
385,1591
757,1593
961,1595
945,1595
963,1599
464,1599
180,1600
706,1601
466,1602
140,1603
364,1604
452,1604
485,1604
414,1605
374,1610
526,1611
624,1611
53,1613
789,1614
309,1615
605,1616
751,1618
634,1619
760,1619
337,1620
832,1621
700,1622
375,1623
457,1623
324,1624
186,1625
982,1626
562,1627
518,1629
678,1629
342,1630
352,1632
635,1635
932,1637
55,1640
766,1642
256,1642
838,1642
965,1642
759,1644
811,1646
328,1648
685,1648
422,1648
916,1649
615,1649
754,1651
705,1651
607,1652
667,1652
747,1654
366,1655
598,1657
418,1658
862,1658
12,1660
565,1661
836,1661
214,1662
515,1662
8,1662
148,1663
442,1664
708,1665
897,1666
190,1667
489,1669
944,1669
329,1671
798,1671
555,1671
33,1671
31,1672
960,1673
77,1675
59,1676
473,1677
263,1680
503,1681
475,1682
581,1685
438,1687
791,1687
460,1697
576,1697
602,1698
145,1699
207,1699
560,1701
609,1702
389,1702
595,1705
149,1705
533,1708
200,1709
336,1709
996,1712
704,1716
440,1718
892,1718
938,1718
508,1720
416,1721
90,1723
969,1727
928,1727
303,1728
370,1730
75,1732
289,1733
999,1734
797,1734
41,1736
664,1738
497,1738
421,1740
840,1740
852,1740
501,1742
89,1744
209,1746
423,1748
558,1752
74,1755
879,1755
182,1757
111,1757
579,1760
275,1761
125,1762
297,1763
215,1763
363,1765
588,1765
115,1766
710,1768
872,1769
490,1770
849,1772
68,1774
425,1776
387,1777
988,1778
70,1779
468,1783
192,1784
260,1784
407,1788
785,1791
384,1793
50,1794
388,1794
71,1795
227,1795
904,1796
156,1797
920,1798
453,1799
116,1799
274,1801
179,1806
925,1807
264,1808
794,1811
730,1816
383,1818
709,1821
154,1824
542,1825
257,1826
950,1826
600,1831
7,1831
665,1831
93,1832
769,1832
517,1833
278,1834
573,1838
773,1841
187,1842
431,1844
784,1844
56,1845
476,1847
223,1849
813,1849
718,1850
768,1852
889,1852
469,1855
102,1857
711,1857
934,1862
628,1863
85,1864
871,1865
58,1869
880,1870
834,1871
413,1873
323,1873
18,1874
393,1875
727,1877
482,1877
493,1878
853,1880
975,1884
176,1884
688,1885
15,1893
437,1895
491,1896
202,1899
17,1901
428,1901
666,1906
86,1907
46,1910
844,1910
150,1911
550,1911
134,1912
322,1912
30,1913
875,1915
204,1918
240,1920
912,1925
319,1925
914,1925
770,1926
315,1926
419,1926
97,1926
188,1930
989,1930
970,1932
514,1933
591,1933
725,1934
783,1939
907,1940
379,1942
656,1942
627,1945
195,1948
157,1951
312,1954
869,1956
101,1957
147,1958
142,1962
394,1963
802,1968
338,1968
499,1971
19,1972
302,1972
234,1973
618,1974
281,1974
166,1975
974,1977
933,1977
277,1978
20,1979
799,1979
885,1981
833,1982
795,1986
985,1993
681,2000
34,2002
611,2004
731,2007
427,2008
545,2010
217,2016
873,2020
87,2020
362,2024
955,2029
646,2032
543,2032
994,2036
492,2036
746,2037
357,2038
535,2039
984,2045
637,2049
793,2052
645,2054
194,2062
343,2064
172,2070
67,2073
91,2073
587,2076
261,2077
266,2081
642,2081
321,2090
947,2091
756,2092
60,2092
524,2093
949,2099
804,2101
670,2105
888,2105
433,2106
942,2106
106,2109
619,2112
682,2114
95,2119
557,2126
909,2132
971,2135
653,2135
671,2136
249,2140
913,2141
292,2145
185,2145
703,2146
305,2149
574,2149
707,2151
417,2158
732,2160
128,2160
84,2162
561,2169
477,2174
251,2174
359,2175
113,2177
648,2181
669,2184
728,2186
144,2187
962,2190
654,2193
269,2195
96,2197
662,2202
924,2211
83,2214
903,2214
814,2215
293,2225
354,2226
660,2227
778,2228
130,2229
177,2237
290,2240
459,2241
854,2248
169,2253
528,2257
613,2257
99,2265
231,2266
254,2268
752,2271
953,2273
911,2274
24,2287
300,2289
320,2315
689,2320
590,2322
410,2324
6,2324
230,2348
345,2350
636,2352
758,2352
333,2354
523,2357
899,2360
992,2361
633,2362
522,2368
82,2370
845,2374
165,2375
378,2381
198,2385
658,2386
57,2387
505,2391
631,2392
649,2400
948,2402
668,2403
878,2409
26,2410
915,2412
25,2422
851,2424
655,2439
167,2445
622,2455
692,2460
119,2465
737,2468
750,2475
584,2475
877,2501
109,2503
13,2505
876,2517
724,2518
461,2524
828,2526
748,2528
79,2537
846,2541
782,2544
420,2554
446,2558
456,2559
818,2570
471,2576
839,2597
213,2603
890,2619
255,2624
893,2639
401,2641
894,2642
644,2645
823,2648
652,2660
898,2664
743,2674
143,2699
372,2700
399,2706
474,2712
905,2714
183,2720
887,2723
10,2744
245,2751
775,2753
803,2766
614,2772
810,2775
76,2777
164,2777
895,2778
571,2805
592,2812
817,2819
376,2820
161,2873
886,2874
347,2883
402,2896
174,2898
462,2909
404,2911
36,2937
827,2938
488,2955
978,2957
983,2959
306,2962
335,2962
441,2972
126,2974
848,2994
552,2994
926,3016
809,3017
449,3026
37,3054
530,3079
455,3133
138,3146
786,3156
392,3158
966,3174
675,3188
340,3205
405,3209
927,3257
44,3264
339,3268
286,3276
918,3290
45,3314
943,3390
228,3475
237,3506
735,3526
121,3650
509,3723
273,3776
763,3901
686,3977

simblock.block.ProofOfWorkBlock@83e96bd:23
460,0
229,149
965,207
819,275
257,298
615,331
962,360
342,392
251,394
470,417
590,424
620,447
872,451
352,454
210,477
618,481
508,493
150,510
93,510
277,514
271,515
970,533
99,537
640,543
186,546
879,555
298,565
602,568
423,571
997,573
471,576
77,578
531,593
928,594
725,602
218,602
130,605
67,607
971,611
53,616
517,626
21,627
942,630
902,634
958,634
574,635
290,641
16,650
489,651
343,659
695,662
118,664
149,665
973,665
951,667
838,667
689,669
115,676
868,683
281,683
284,685
345,687
54,687
628,691
833,691
744,691
442,692
575,696
483,698
960,698
870,708
944,711
778,715
143,717
653,717
231,718
19,721
665,721
839,722
436,725
740,726
979,727
915,727
767,728
33,730
123,734
903,735
830,736
8,742
420,743
671,745
912,747
947,747
238,749
534,750
685,751
851,752
797,755
81,756
260,757
791,757
88,757
924,758
937,760
769,763
459,769
440,770
945,770
756,770
202,775
548,775
932,775
129,779
783,779
448,781
893,783
198,784
249,784
124,785
128,785
232,786
760,787
338,787
667,789
145,790
662,791
579,792
522,792
10,792
976,793
858,794
243,798
747,800
431,801
856,803
333,803
959,803
240,804
758,806
698,807
865,811
102,811
410,812
700,812
840,812
560,814
871,814
518,815
366,815
751,816
292,816
439,816
668,818
42,818
940,819
499,819
55,819
274,826
109,826
204,826
394,832
835,832
789,833
993,834
39,834
475,834
730,836
875,838
861,838
545,839
30,841
503,843
888,843
591,843
179,844
687,847
754,847
526,847
106,848
975,849
383,849
654,851
41,851
336,852
453,852
419,852
283,853
963,857
897,857
984,857
497,859
682,861
501,861
75,862
422,864
869,864
139,865
538,866
159,866
377,867
374,867
570,867
324,868
693,869
151,872
722,873
757,873
25,873
468,873
746,873
817,874
612,874
146,875
585,875
535,875
631,876
312,876
384,877
87,877
68,878
673,879
29,881
798,882
262,882
609,882
821,883
297,885
775,886
133,888
69,890
177,891
407,891
904,893
70,893
505,894
180,894
886,894
541,895
813,896
31,897
681,897
916,898
223,898
917,899
165,900
326,900
465,902
515,903
79,904
379,904
717,905
565,905
412,905
800,905
233,909
15,909
485,909
347,910
13,910
597,911
811,911
648,913
208,914
969,914
599,914
337,915
941,917
236,919
163,919
994,919
781,920
359,920
278,920
520,921
885,922
669,924
398,925
617,925
89,925
731,927
358,927
857,927
5,928
280,928
713,929
301,930
743,931
82,931
488,931
543,932
24,932
427,932
443,932
852,933
598,934
645,934
521,936
222,936
849,936
992,936
864,938
473,938
663,940
183,940
595,941
267,941
561,942
632,943
482,945
134,946
824,948
718,948
83,949
185,949
644,950
704,951
461,951
587,952
92,954
622,954
605,954
74,956
418,956
18,956
296,957
259,957
246,959
164,960
59,961
466,961
275,961
955,962
200,962
247,962
320,963
604,964
217,965
457,966
711,967
793,967
914,968
104,968
762,969
948,970
990,972
256,973
12,974
950,974
866,975
996,975
706,975
542,975
491,976
832,978
357,979
759,979
890,980
393,981
127,981
111,981
230,983
424,984
537,984
908,985
391,986
147,988
295,989
779,989
761,989
929,991
195,992
389,993
313,994
49,995
818,995
507,995
708,996
167,998
773,998
911,999
581,999
182,999
881,999
289,1000
727,1000
464,1000
227,1002
853,1002
214,1002
263,1003
836,1004
17,1005
116,1005
307,1007
524,1007
558,1008
728,1008
361,1012
80,1012
624,1012
655,1013
372,1013
387,1013
710,1015
739,1016
268,1016
784,1017
1000,1017
672,1019
972,1019
954,1021
48,1022
938,1023
467,1023
72,1024
552,1026
737,1026
213,1027
329,1027
323,1030
582,1031
434,1031
562,1033
360,1033
27,1033
187,1034
242,1034
153,1035
692,1036
63,1036
920,1037
999,1037
782,1037
814,1037
506,1039
416,1040
148,1040
952,1041
125,1042
532,1043
982,1045
748,1046
589,1047
309,1048
34,1051
191,1052
158,1053
498,1054
216,1054
988,1056
714,1056
816,1056
664,1057
766,1058
780,1059
176,1060
328,1060
445,1063
563,1063
300,1063
330,1066
209,1067
305,1068
375,1070
573,1074
239,1075
458,1077
414,1077
193,1080
90,1080
353,1083
376,1086
219,1086
827,1090
136,1091
469,1092
206,1093
790,1094
985,1096
729,1096
559,1097
625,1097
316,1098
476,1099
854,1099
638,1104
639,1105
331,1105
957,1106
194,1108
172,1108
715,1108
363,1110
777,1113
190,1114
71,1116
846,1116
546,1116
368,1117
234,1117
495,1122
456,1124
487,1128
774,1128
454,1130
78,1131
205,1132
85,1132
62,1136
203,1137
132,1140
28,1143
608,1146
490,1149
381,1150
539,1153
828,1153
603,1154
812,1154
380,1155
576,1157
705,1157
690,1161
536,1162
252,1165
310,1167
258,1167
923,1167
961,1168
986,1172
378,1176
265,1179
349,1179
884,1180
385,1182
61,1182
173,1185
472,1185
369,1185
787,1187
350,1191
906,1193
11,1197
527,1202
444,1204
930,1204
344,1205
162,1207
567,1208
14,1211
925,1213
516,1213
51,1214
367,1217
733,1218
519,1220
547,1222
406,1223
831,1224
224,1224
683,1224
572,1225
478,1227
451,1227
770,1227
168,1231
117,1233
438,1233
549,1234
220,1234
641,1235
22,1238
771,1238
110,1239
510,1240
882,1240
299,1241
56,1241
308,1242
566,1244
887,1245
152,1247
629,1248
594,1251
749,1255
207,1256
481,1256
170,1257
282,1258
765,1258
212,1260
226,1260
720,1261
288,1264
939,1265
108,1266
47,1266
155,1267
701,1267
626,1267
447,1268
327,1269
365,1269
52,1272
221,1272
463,1274
432,1277
544,1277
334,1277
279,1279
991,1280
291,1282
348,1282
178,1282
253,1284
806,1286
396,1286
429,1288
98,1291
96,1291
38,1292
103,1292
907,1292
373,1294
796,1297
528,1297
964,1298
112,1300
325,1300
403,1301
637,1302
355,1302
936,1303
529,1307
921,1309
248,1312
678,1312
680,1312
40,1313
610,1322
998,1323
382,1325
753,1326
742,1328
635,1328
371,1332
808,1335
803,1335
480,1335
493,1340
181,1341
697,1341
977,1342
154,1347
679,1348
580,1352
341,1353
935,1354
450,1354
822,1355
634,1355
788,1355
980,1356
764,1358
578,1364
755,1366
859,1371
826,1374
135,1377
867,1378
426,1381
554,1384
244,1385
64,1386
987,1388
171,1389
270,1390
855,1391
122,1391
843,1392
408,1393
235,1395
140,1396
131,1397
390,1399
409,1401
721,1406
657,1407
650,1413
586,1415
500,1415
346,1418
862,1424
606,1426
479,1429
931,1430
734,1436
504,1437
616,1438
719,1439
415,1439
768,1440
332,1442
413,1443
94,1447
896,1448
1,1449
577,1449
593,1451
321,1457
621,1460
430,1464
317,1468
841,1470
276,1470
199,1471
435,1472
2,1474
956,1474
141,1478
555,1482
688,1484
228,1488
967,1488
449,1495
842,1498
732,1498
850,1502
874,1502
351,1506
105,1506
607,1509
820,1510
494,1512
402,1517
776,1517
696,1521
934,1522
805,1524
660,1524
752,1529
397,1529
120,1530
189,1535
293,1536
428,1539
137,1543
724,1544
533,1550
285,1550
649,1551
659,1552
834,1557
197,1560
702,1560
933,1560
484,1560
613,1561
691,1563
400,1566
477,1566
661,1567
175,1568
652,1568
340,1576
786,1580
91,1582
119,1584
66,1587
901,1590
540,1593
496,1595
404,1595
823,1605
196,1606
723,1609
525,1609
772,1609
968,1611
860,1619
636,1620
792,1621
837,1621
421,1626
523,1626
633,1627
237,1627
322,1627
601,1628
676,1634
630,1635
286,1636
138,1638
241,1640
556,1642
425,1644
73,1644
927,1645
623,1646
716,1649
898,1650
919,1651
211,1654
666,1654
550,1655
588,1660
600,1662
799,1669
677,1672
386,1672
909,1673
339,1673
411,1675
736,1682
370,1684
509,1686
114,1686
35,1691
707,1693
995,1697
611,1698
922,1705
910,1706
809,1709
157,1711
726,1716
264,1723
512,1729
801,1734
97,1735
314,1741
364,1744
845,1746
658,1749
656,1750
354,1756
225,1757
966,1757
670,1759
596,1763
564,1767
807,1776
684,1781
983,1782
356,1785
100,1787
750,1789
306,1789
738,1790
735,1792
502,1797
76,1801
804,1803
107,1804
889,1805
568,1811
254,1814
825,1815
513,1821
43,1821
272,1823
815,1826
926,1828
844,1834
266,1841
895,1842
847,1842
9,1844
6,1851
273,1860
302,1863
46,1867
50,1870
486,1873
810,1873
943,1876
188,1879
643,1888
101,1895
3,1895
569,1903
4,1907
905,1909
686,1910
674,1916
37,1916
192,1916
121,1927
95,1927
20,1928
433,1929
166,1933
592,1936
184,1939
452,1949
745,1951
647,1957
946,1959
269,1959
335,1960
245,1970
709,1973
174,1975
571,1980
304,1983
160,1990
627,2001
553,2012
395,2015
974,2023
918,2035
255,2039
514,2041
492,2045
551,2066
699,2067
802,2074
981,2082
785,2085
989,2085
437,2086
392,2087
829,2090
953,2105
388,2107
44,2107
250,2112
57,2112
794,2119
900,2131
441,2135
584,2135
303,2143
156,2155
294,2157
315,2158
873,2159
318,2168
405,2183
741,2186
287,2186
417,2197
142,2234
362,2240
169,2259
23,2260
45,2265
978,2268
646,2269
511,2293
201,2301
913,2327
863,2328
32,2340
474,2346
60,2349
876,2361
694,2364
892,2366
462,2375
36,2390
26,2395
642,2418
891,2431
215,2443
58,2453
703,2466
619,2467
712,2477
65,2497
455,2518
651,2533
7,2540
877,2552
399,2573
113,2575
311,2612
795,2632
763,2635
401,2662
84,2664
883,2671
86,2697
894,2723
675,2729
530,2752
557,2764
319,2815
848,2819
583,2841
614,2876
446,2915
126,2917
161,2953
899,3036
261,3047
878,3054
144,3108
949,3129
880,3218

simblock.block.ProofOfWorkBlock@45727cc7:24
887,0
306,316
250,439
514,593
913,662
401,784
613,817
780,858
974,937
894,969
322,987
446,1042
351,1074
462,1095
84,1095
121,1118
110,1119
703,1136
650,1158
57,1207
550,1244
987,1249
254,1267
211,1290
956,1290
878,1310
627,1327
321,1331
736,1336
64,1337
909,1376
406,1376
216,1378
551,1380
255,1391
707,1396
583,1418
806,1421
752,1423
614,1444
76,1447
168,1464
787,1465
126,1468
114,1469
892,1483
238,1500
554,1507
494,1508
325,1513
823,1513
831,1538
764,1548
525,1554
519,1556
299,1556
199,1557
898,1571
189,1574
157,1575
396,1583
762,1590
977,1594
986,1596
484,1596
72,1597
132,1600
156,1630
880,1631
674,1635
11,1637
771,1639
91,1640
812,1642
826,1642
652,1648
212,1649
253,1652
659,1659
953,1659
32,1665
112,1672
753,1672
151,1678
454,1679
4,1681
510,1682
265,1684
390,1685
133,1686
625,1687
173,1693
409,1714
601,1715
556,1717
991,1719
588,1719
660,1720
742,1722
318,1726
904,1731
403,1735
863,1752
23,1754
330,1755
105,1760
73,1762
272,1767
44,1768
538,1769
411,1770
349,1771
661,1771
850,1773
445,1773
107,1774
479,1775
415,1775
408,1782
844,1782
365,1784
636,1794
477,1795
355,1799
340,1801
936,1801
544,1801
649,1804
815,1807
369,1807
481,1807
288,1810
285,1813
712,1819
922,1820
204,1820
569,1820
117,1823
680,1826
684,1828
594,1835
219,1835
86,1836
952,1838
756,1842
373,1850
3,1850
647,1850
485,1852
939,1853
162,1854
108,1856
503,1856
696,1856
606,1856
361,1857
547,1857
935,1858
248,1859
140,1863
252,1864
741,1864
876,1865
201,1867
327,1867
26,1874
386,1874
346,1876
523,1880
489,1881
638,1882
596,1887
666,1888
259,1889
820,1891
578,1892
89,1898
399,1899
381,1900
765,1901
967,1903
610,1905
22,1906
109,1907
226,1907
774,1908
155,1911
266,1914
808,1918
683,1918
998,1922
513,1923
224,1928
9,1930
131,1931
135,1931
679,1931
843,1932
592,1934
867,1934
889,1935
92,1937
626,1938
629,1938
220,1938
367,1939
755,1940
540,1941
580,1941
310,1941
566,1942
837,1943
598,1945
648,1947
572,1951
508,1954
144,1955
486,1957
504,1958
512,1963
14,1963
702,1964
169,1964
29,1971
577,1973
657,1973
651,1975
630,1976
621,1977
834,1978
697,1980
676,1982
350,1983
772,1987
269,1988
146,1993
103,1993
141,1994
298,1994
585,1996
968,1998
901,1998
356,2002
430,2002
118,2004
664,2005
281,2005
669,2007
720,2007
171,2008
558,2008
17,2011
400,2011
137,2014
174,2016
801,2017
910,2020
160,2021
923,2022
690,2023
78,2024
862,2025
70,2025
842,2027
740,2028
822,2028
817,2029
95,2029
451,2031
395,2032
502,2033
963,2034
235,2036
362,2036
786,2037
633,2038
615,2042
694,2045
634,2048
270,2049
152,2050
307,2050
344,2055
516,2056
639,2057
308,2057
980,2057
170,2058
884,2059
187,2061
984,2064
311,2066
124,2066
434,2066
429,2067
65,2068
735,2073
855,2073
553,2077
371,2079
232,2079
777,2082
874,2082
555,2083
511,2083
106,2083
631,2084
258,2087
40,2088
262,2089
334,2090
149,2091
733,2091
496,2093
891,2093
568,2095
970,2095
303,2096
886,2096
872,2098
43,2101
52,2102
505,2103
524,2105
236,2106
675,2109
468,2110
989,2111
397,2111
907,2111
1,2113
671,2116
595,2118
996,2118
560,2118
726,2120
847,2121
280,2121
459,2121
792,2124
329,2124
689,2125
94,2128
993,2130
368,2131
663,2134
166,2135
721,2136
242,2137
533,2138
825,2141
517,2143
130,2144
719,2145
776,2146
789,2146
620,2148
472,2149
885,2154
526,2155
930,2158
378,2159
672,2161
839,2161
154,2162
896,2163
478,2164
745,2165
754,2167
79,2169
463,2171
951,2172
495,2173
480,2174
450,2177
706,2177
200,2178
522,2178
743,2178
589,2181
701,2183
919,2183
102,2184
267,2184
287,2185
113,2185
240,2187
1000,2188
294,2189
419,2190
228,2190
24,2191
122,2192
611,2196
239,2197
292,2198
453,2198
180,2202
426,2202
565,2202
964,2203
47,2203
908,2206
295,2207
139,2210
841,2210
616,2211
366,2211
567,2213
202,2214
622,2214
312,2216
379,2216
244,2216
528,2219
251,2222
435,2225
928,2230
382,2231
433,2232
924,2236
466,2240
185,2240
749,2242
184,2245
405,2247
167,2247
751,2248
678,2249
881,2250
783,2255
829,2256
85,2257
506,2257
230,2257
100,2260
97,2262
461,2265
997,2269
377,2269
482,2269
960,2270
999,2270
245,2271
99,2272
693,2272
990,2272
217,2273
995,2275
483,2275
994,2279
332,2282
206,2282
795,2283
718,2283
339,2285
422,2285
104,2286
37,2289
80,2291
260,2292
343,2294
667,2296
699,2297
256,2297
535,2299
34,2300
744,2302
656,2303
487,2305
821,2307
418,2308
335,2311
747,2311
364,2315
134,2317
859,2318
915,2323
296,2324
357,2324
552,2324
766,2328
961,2328
391,2329
882,2331
416,2333
129,2334
147,2336
470,2339
444,2340
724,2343
352,2343
959,2344
101,2344
223,2344
895,2347
282,2347
249,2347
293,2349
393,2351
541,2352
456,2352
186,2354
420,2354
125,2355
345,2356
731,2357
906,2357
739,2358
77,2363
209,2365
182,2365
423,2366
941,2370
203,2370
695,2371
55,2372
593,2372
782,2374
605,2375
536,2377
18,2377
828,2377
159,2377
969,2378
341,2381
870,2382
404,2386
903,2387
607,2388
875,2390
542,2391
561,2391
877,2391
722,2392
178,2393
931,2396
716,2396
491,2397
730,2398
988,2399
279,2403
319,2403
19,2403
835,2407
979,2408
546,2408
188,2412
227,2412
934,2413
943,2414
315,2415
414,2419
324,2422
574,2423
449,2423
641,2425
278,2426
348,2426
597,2430
443,2430
937,2433
421,2434
715,2434
143,2438
564,2440
38,2442
685,2442
738,2442
797,2442
527,2443
717,2443
191,2446
389,2448
148,2449
123,2450
71,2450
529,2451
645,2455
883,2457
900,2457
21,2458
158,2459
165,2466
314,2466
136,2467
711,2468
465,2475
290,2475
61,2477
30,2480
93,2481
300,2483
417,2485
62,2486
750,2493
127,2493
833,2493
582,2499
145,2499
51,2500
83,2502
816,2502
128,2503
42,2505
759,2508
860,2509
942,2514
447,2517
384,2519
709,2519
452,2520
337,2521
195,2527
31,2528
852,2528
623,2529
805,2530
441,2534
978,2535
385,2540
497,2542
798,2543
225,2543
467,2544
688,2545
394,2546
301,2548
499,2549
46,2549
888,2550
788,2551
96,2551
304,2555
576,2558
333,2562
438,2563
770,2567
590,2567
976,2567
734,2568
119,2570
342,2571
600,2572
353,2576
918,2577
794,2577
5,2579
58,2579
427,2580
758,2581
723,2582
56,2585
858,2587
704,2589
799,2591
893,2593
460,2596
27,2597
586,2601
54,2603
388,2604
838,2604
700,2608
710,2611
534,2612
192,2614
890,2616
824,2618
873,2619
115,2623
670,2631
662,2635
317,2636
428,2637
851,2637
237,2640
215,2644
302,2645
948,2647
233,2648
372,2648
686,2649
493,2652
176,2652
196,2655
818,2655
68,2656
387,2659
15,2661
804,2669
286,2671
33,2674
861,2677
559,2696
927,2701
316,2702
846,2704
398,2708
28,2709
836,2711
729,2716
916,2721
972,2726
807,2726
501,2730
289,2730
617,2733
276,2735
532,2736
737,2738
49,2739
12,2739
849,2740
938,2740
347,2743
488,2746
35,2749
363,2755
309,2756
925,2759
90,2762
175,2762
796,2765
912,2766
899,2767
785,2769
668,2770
853,2773
784,2776
612,2776
681,2787
864,2790
197,2793
81,2794
437,2796
7,2796
492,2798
949,2799
111,2801
791,2802
305,2807
142,2812
515,2815
848,2817
946,2826
402,2826
624,2827
677,2828
549,2830
714,2835
920,2837
370,2838
992,2840
520,2847
392,2860
983,2862
20,2876
193,2879
957,2881
632,2885
768,2899
599,2900
246,2902
164,2908
973,2910
665,2912
643,2914
284,2917
775,2922
376,2936
809,2947
490,2948
827,2949
455,2949
857,2953
813,2954
653,2955
539,2957
868,2961
691,2969
563,2978
781,2994
241,2994
13,2995
803,2995
88,3008
608,3008
954,3011
98,3011
138,3012
458,3021
500,3026
264,3028
571,3034
234,3035
268,3035
291,3039
902,3041
966,3042
584,3051
642,3055
856,3055
814,3058
205,3064
425,3066
646,3066
810,3078
2,3078
331,3079
432,3091
336,3100
214,3105
210,3107
955,3113
410,3116
871,3125
570,3131
531,3139
926,3152
603,3153
474,3156
763,3168
161,3172
60,3183
840,3202
172,3212
413,3218
921,3243
74,3254
181,3254
832,3259
932,3260
933,3267
658,3272
865,3274
802,3294
221,3295
261,3299
424,3302
6,3304
971,3314
587,3323
509,3328
120,3328
380,3332
273,3333
274,3334
439,3342
41,3344
573,3350
940,3358
732,3384
917,3389
354,3398
75,3403
283,3404
845,3421
464,3423
442,3433
628,3440
87,3456
981,3489
958,3497
328,3502
190,3511
66,3542
581,3555
591,3563
476,3566
905,3576
530,3584
635,3587
53,3596
50,3596
778,3620
407,3634
45,3635
473,3641
944,3643
790,3651
218,3658
116,3659
557,3672
945,3687
150,3702
358,3721
692,3761
687,3784
208,3804
545,3811
36,3837
277,3839
207,3845
725,3861
962,3864
475,3869
263,3886
897,3891
879,3900
183,3925
761,3933
313,3947
383,3950
521,3951
431,3978
359,3988
537,4000
326,4023
338,4059
779,4110
914,4123
602,4162
869,4167
229,4175
728,4191
440,4196
965,4210
518,4237
163,4239
67,4240
8,4251
82,4251
682,4266
866,4285
194,4308
59,4417
793,4420
213,4467
830,4476
637,4513
698,4538
69,4539
769,4541
436,4547
655,4556
819,4561
773,4585
760,4589
579,4609
471,4650
271,4719
705,4726
243,4765
911,4773
654,4836
153,4842
10,4861
457,4862
198,4885
609,4886
800,4898
360,4949
247,5019
412,5033
975,5036
543,5066
375,5139
618,5140
257,5164
222,5173
640,5238
727,5250
708,5297
929,5326
374,5333
950,5371
469,5424
275,5443
673,5449
854,5463
548,5494
179,5585
947,5600
767,5643
63,5649
448,5679
746,5740
713,5753
39,5794
604,5809
48,5961
982,5977
644,5997
320,6038
297,6051
757,6194
811,6276
575,6309
985,6339
16,6350
619,6437
748,6584
177,6657
498,6706

simblock.block.ProofOfWorkBlock@3ce06f67:25
912,0
31,152
681,235
289,300
940,307
518,357
791,369
562,383
962,415
628,427
988,440
92,448
48,457
881,471
59,484
662,497
202,506
945,513
961,522
766,529
85,532
240,540
731,541
545,555
667,562
33,569
333,570
489,578
328,579
835,587
904,597
620,599
773,600
434,608
700,610
366,612
193,621
258,624
645,628
570,632
90,635
664,637
710,644
821,645
976,656
431,657
342,660
309,663
213,664
624,665
960,668
297,668
1000,668
505,674
902,680
875,683
672,686
260,687
277,691
781,695
99,695
262,697
519,699
419,700
459,701
565,703
17,705
744,710
222,710
153,718
75,719
797,719
375,720
357,721
305,723
668,724
689,726
524,727
520,728
958,729
604,730
461,736
599,738
587,740
687,743
10,748
159,748
468,750
256,750
56,752
139,756
350,756
739,756
300,758
637,758
725,759
754,759
359,761
838,761
227,762
924,764
929,769
532,771
779,773
5,774
15,776
916,777
116,778
951,780
42,780
872,781
928,783
965,784
71,786
205,786
81,793
377,794
698,795
347,797
39,797
695,799
316,801
984,804
903,808
298,810
67,811
457,811
475,812
471,814
187,815
283,816
296,816
576,816
467,817
464,818
963,818
517,818
191,818
104,819
585,824
717,824
920,824
917,826
393,826
148,829
591,829
198,830
96,833
886,833
663,834
602,834
852,836
147,836
499,837
727,838
267,839
87,841
158,844
204,844
641,845
230,845
453,847
442,850
959,850
985,851
13,852
379,852
251,854
783,856
885,858
950,858
128,858
151,860
639,860
41,860
542,861
186,861
615,862
857,864
897,864
893,867
458,868
337,869
229,871
387,872
789,872
363,872
526,874
685,874
671,874
561,875
164,875
334,876
88,876
973,876
268,877
30,877
271,877
818,877
824,877
410,878
422,882
34,882
746,883
460,885
19,886
69,886
79,887
70,888
394,888
280,888
665,889
515,890
811,890
324,891
969,891
778,892
278,893
29,893
217,894
358,895
183,900
134,901
888,901
722,902
814,903
184,903
541,905
109,905
18,906
439,906
420,906
483,907
498,907
473,910
180,910
839,910
368,912
123,912
470,913
129,913
323,914
412,915
301,916
223,917
243,919
398,919
975,919
435,919
284,920
971,921
925,922
560,925
352,926
871,927
127,927
793,927
730,927
574,927
234,927
654,928
757,928
231,929
993,930
312,931
992,932
631,932
653,932
522,933
466,933
208,934
313,934
247,935
865,936
914,936
438,938
249,939
767,939
195,939
632,940
21,940
640,941
669,941
655,942
149,942
326,942
391,942
598,943
8,944
265,944
612,945
53,945
274,945
63,947
239,947
83,949
414,949
218,949
124,949
233,949
792,950
944,952
448,952
146,953
858,953
374,953
840,954
595,955
740,956
870,956
713,957
948,958
214,962
982,962
769,963
307,963
482,964
384,964
177,964
418,965
54,965
630,967
24,967
603,967
890,968
866,970
817,970
836,971
833,972
508,972
853,973
376,973
74,973
165,974
908,974
343,976
456,977
163,978
115,978
49,981
436,981
711,983
813,983
210,984
424,984
597,984
590,984
955,985
770,986
281,987
145,988
644,988
203,989
828,990
68,991
77,991
673,992
103,993
465,993
389,993
692,993
575,994
372,994
507,994
846,995
497,995
182,997
25,998
176,999
485,1001
705,1001
947,1002
775,1003
579,1003
847,1003
143,1004
246,1004
528,1004
938,1006
618,1008
748,1008
882,1009
443,1009
553,1009
798,1009
609,1010
423,1011
546,1012
972,1013
118,1013
531,1014
970,1015
915,1016
93,1016
314,1018
790,1019
581,1019
476,1023
784,1023
999,1025
172,1026
648,1026
535,1027
743,1028
543,1029
942,1029
469,1030
125,1030
861,1030
979,1031
868,1031
694,1031
263,1033
558,1034
516,1035
111,1035
582,1036
714,1036
911,1037
162,1038
491,1040
295,1040
605,1040
622,1041
501,1041
167,1042
856,1042
154,1042
708,1043
682,1043
552,1043
608,1043
537,1046
830,1046
728,1046
257,1047
236,1047
941,1048
759,1050
100,1050
12,1051
800,1051
320,1054
851,1055
206,1056
819,1056
756,1058
32,1058
329,1059
503,1060
957,1061
383,1061
879,1062
89,1065
715,1068
407,1068
380,1071
712,1072
704,1072
378,1076
864,1076
345,1077
907,1077
82,1078
521,1079
9,1080
130,1082
758,1083
849,1085
850,1085
190,1086
997,1086
336,1087
693,1087
16,1088
150,1089
275,1091
832,1092
737,1092
854,1093
990,1093
360,1094
987,1096
427,1096
385,1096
242,1099
179,1099
133,1101
500,1102
827,1103
760,1104
994,1105
35,1108
338,1108
718,1108
292,1110
586,1113
706,1115
488,1115
772,1115
761,1116
194,1116
287,1120
564,1120
490,1123
548,1125
440,1126
170,1126
220,1129
494,1130
290,1132
209,1134
635,1136
534,1140
843,1142
106,1143
27,1146
304,1146
782,1147
282,1148
981,1150
751,1150
185,1152
47,1155
968,1156
332,1157
416,1157
189,1158
506,1159
747,1161
344,1161
563,1164
573,1166
62,1171
807,1172
765,1176
102,1177
348,1178
51,1179
691,1180
801,1181
361,1181
593,1184
200,1184
869,1184
559,1185
445,1188
525,1192
219,1194
487,1195
932,1196
674,1200
23,1201
578,1201
325,1205
566,1206
549,1209
794,1214
496,1215
355,1216
22,1216
596,1217
400,1217
364,1218
986,1223
901,1223
991,1224
432,1229
946,1229
638,1230
855,1231
168,1233
749,1233
937,1234
212,1237
318,1237
690,1238
623,1240
738,1243
55,1244
829,1247
661,1248
110,1248
413,1248
64,1250
43,1253
308,1254
536,1255
572,1255
796,1256
386,1256
825,1257
683,1258
294,1260
132,1260
939,1261
967,1265
504,1265
14,1266
181,1270
454,1270
108,1271
235,1272
495,1272
351,1274
207,1281
539,1284
954,1285
741,1286
891,1288
964,1290
261,1290
353,1290
771,1291
78,1294
369,1296
409,1296
367,1299
697,1300
996,1301
390,1302
173,1306
131,1307
107,1312
862,1312
120,1313
330,1313
264,1316
555,1316
272,1317
451,1320
279,1320
826,1321
726,1322
411,1326
371,1327
38,1328
28,1328
72,1329
540,1329
900,1330
647,1331
863,1332
381,1333
98,1334
513,1334
252,1337
619,1337
171,1338
105,1339
867,1345
331,1346
922,1346
511,1348
510,1349
594,1351
884,1352
812,1352
930,1353
774,1354
544,1355
677,1355
621,1356
317,1358
527,1362
780,1362
606,1362
178,1363
447,1363
1,1366
248,1367
592,1371
122,1372
567,1372
226,1373
3,1373
736,1375
291,1376
734,1378
141,1379
199,1385
556,1387
625,1387
311,1387
140,1388
486,1390
921,1393
910,1395
346,1398
923,1402
484,1403
822,1403
702,1408
995,1409
225,1411
429,1412
580,1413
481,1415
589,1418
805,1419
73,1423
720,1424
365,1426
52,1428
327,1429
977,1433
820,1434
480,1435
676,1436
816,1439
806,1439
533,1439
980,1440
659,1442
719,1444
117,1447
211,1448
479,1456
472,1457
733,1459
952,1460
651,1461
406,1470
896,1471
538,1472
415,1472
883,1474
26,1477
175,1483
135,1487
680,1492
241,1494
160,1499
859,1503
723,1503
66,1506
112,1507
276,1507
616,1510
119,1513
478,1516
831,1523
643,1524
395,1526
956,1529
97,1530
764,1531
2,1532
356,1533
568,1534
678,1536
396,1538
444,1538
776,1545
196,1551
430,1553
40,1554
709,1556
126,1557
943,1558
550,1559
657,1565
874,1567
617,1568
877,1571
906,1572
949,1579
65,1581
934,1588
285,1589
502,1592
425,1592
787,1592
808,1595
650,1595
288,1598
634,1598
174,1602
259,1603
152,1607
936,1608
137,1612
161,1617
155,1621
6,1621
45,1622
86,1625
399,1626
4,1627
269,1628
215,1629
253,1630
341,1632
50,1635
421,1637
138,1638
397,1639
686,1639
786,1640
880,1641
610,1642
642,1645
224,1648
841,1649
20,1652
913,1655
405,1658
142,1658
583,1661
530,1662
514,1662
878,1666
742,1667
216,1667
983,1671
238,1677
919,1685
845,1686
768,1690
44,1691
745,1693
898,1697
401,1702
157,1703
404,1709
755,1711
675,1712
94,1715
273,1717
237,1718
895,1719
577,1720
462,1721
905,1721
512,1722
569,1723
373,1726
660,1727
121,1731
306,1731
629,1735
450,1737
810,1741
493,1752
255,1754
670,1764
382,1765
392,1766
998,1767
349,1769
860,1774
601,1777
403,1778
221,1779
931,1783
735,1786
46,1788
113,1790
114,1795
362,1798
600,1801
293,1804
873,1804
286,1806
762,1808
626,1809
935,1809
636,1813
724,1815
823,1816
684,1817
887,1824
144,1826
201,1837
61,1840
703,1840
834,1841
649,1856
437,1856
848,1858
842,1858
554,1863
978,1864
732,1869
909,1874
302,1877
785,1878
310,1888
408,1896
688,1906
197,1910
656,1911
463,1915
156,1920
91,1925
477,1935
699,1937
701,1944
837,1947
232,1947
933,1948
455,1968
753,1968
303,1978
426,1983
876,1984
80,1994
319,2001
36,2005
370,2010
11,2011
315,2012
974,2012
299,2028
58,2032
509,2036
707,2059
388,2060
633,2064
716,2080
614,2085
646,2086
588,2088
763,2091
571,2091
136,2092
799,2094
7,2098
652,2100
254,2105
795,2109
815,2113
679,2118
729,2119
244,2120
523,2121
322,2123
266,2133
551,2166
803,2168
192,2169
892,2181
844,2234
270,2250
926,2257
228,2268
889,2272
339,2289
547,2291
557,2295
611,2297
188,2299
492,2308
666,2311
802,2348
402,2373
452,2379
433,2382
989,2387
804,2387
584,2388
169,2392
966,2404
750,2406
321,2409
250,2413
60,2416
721,2421
76,2448
777,2461
84,2479
613,2479
166,2517
607,2571
340,2577
529,2591
57,2593
696,2633
101,2642
927,2665
953,2670
335,2696
354,2720
441,2731
809,2749
627,2750
899,2750
658,2825
894,2878
428,2882
37,2912
245,2927
417,2940
449,2953
918,2995
788,3221
95,3235
446,3252
752,3522
474,3523

simblock.block.ProofOfWorkBlock@2deefe:25
395,0
527,222
862,311
100,398
504,444
589,487
264,535
676,568
47,616
801,620
519,655
720,664
829,697
906,701
540,712
49,720
98,743
577,746
447,764
772,779
94,789
105,794
221,840
43,840
765,841
356,852
842,865
330,876
884,880
171,891
222,894
868,899
31,919
117,923
152,923
408,923
317,940
900,945
511,957
677,958
733,962
771,963
702,973
995,984
516,1004
463,1005
533,1008
500,1009
211,1009
314,1022
559,1027
5,1030
684,1040
896,1042
643,1045
726,1046
981,1065
967,1066
856,1067
234,1070
175,1071
680,1075
879,1076
403,1086
606,1091
406,1092
556,1093
817,1094
426,1096
116,1111
551,1112
901,1124
196,1129
696,1129
496,1142
276,1142
353,1148
349,1155
638,1162
580,1173
132,1174
444,1175
495,1177
22,1179
947,1187
671,1202
103,1205
717,1217
381,1217
241,1219
453,1221
742,1228
325,1230
683,1238
594,1241
890,1247
960,1248
66,1255
99,1257
232,1257
62,1257
850,1258
176,1258
721,1261
348,1262
661,1264
481,1267
489,1268
473,1269
90,1284
68,1297
859,1301
480,1304
200,1307
299,1307
304,1313
601,1314
874,1316
226,1324
451,1334
729,1339
272,1340
72,1342
678,1346
544,1351
634,1353
745,1355
63,1356
198,1362
699,1379
316,1379
386,1382
637,1384
23,1390
998,1391
16,1394
160,1399
923,1401
798,1408
954,1413
935,1418
197,1421
565,1422
855,1426
471,1427
17,1431
626,1433
365,1436
783,1438
387,1438
242,1439
73,1439
698,1441
148,1442
916,1443
522,1466
78,1472
564,1474
400,1477
470,1479
173,1480
776,1483
217,1486
573,1488
265,1500
341,1504
969,1514
847,1514
415,1541
700,1541
920,1543
945,1554
679,1558
882,1559
585,1561
219,1562
361,1565
308,1565
151,1566
24,1570
9,1573
570,1583
692,1584
270,1586
807,1586
127,1587
445,1591
391,1600
141,1601
118,1602
460,1602
454,1606
579,1606
975,1608
465,1612
932,1616
778,1617
682,1617
343,1621
928,1622
650,1627
128,1628
77,1638
576,1641
311,1641
525,1653
541,1665
296,1670
64,1674
574,1687
494,1697
734,1711
543,1715
893,1716
45,1731
725,1732
486,1734
150,1734
662,1735
123,1738
999,1739
431,1748
499,1754
347,1756
295,1757
438,1759
542,1763
941,1765
743,1767
42,1773
411,1777
202,1778
789,1779
180,1779
970,1781
560,1782
107,1782
407,1787
903,1795
469,1795
912,1797
590,1798
852,1801
653,1802
659,1806
822,1813
159,1815
830,1817
755,1822
476,1834
667,1838
782,1842
243,1848
655,1856
1000,1865
826,1867
936,1870
665,1891
629,1892
277,1895
210,1910
298,1913
490,1915
187,1922
87,1923
329,1925
505,1931
819,1934
537,1934
663,1939
231,1943
229,1945
741,1952
777,1952
618,1955
872,1955
10,1957
59,1958
689,1959
54,1961
957,1962
687,1963
747,1968
628,1971
239,1976
769,1976
753,1976
624,1977
791,1977
322,1985
937,1991
714,1994
515,1998
67,2008
436,2018
300,2019
875,2029
761,2031
617,2036
134,2044
267,2079
595,2080
869,2086
718,2089
760,2096
146,2098
475,2100
75,2112
706,2118
982,2121
915,2121
249,2122
639,2125
313,2129
545,2129
904,2129
194,2136
731,2137
459,2140
185,2140
654,2141
388,2143
668,2149
620,2149
781,2150
597,2152
56,2152
260,2154
377,2155
587,2171
738,2174
955,2175
223,2177
129,2183
434,2194
534,2196
284,2203
213,2205
898,2210
609,2213
524,2218
538,2256
357,2258
824,2262
420,2263
942,2271
972,2274
673,2275
379,2286
948,2299
274,2300
797,2303
320,2305
746,2305
442,2311
739,2312
501,2313
246,2316
12,2316
754,2323
704,2325
917,2328
383,2331
433,2332
376,2333
790,2348
188,2349
840,2350
262,2352
603,2356
592,2359
354,2368
961,2370
345,2374
283,2379
866,2387
889,2387
149,2389
109,2392
378,2437
548,2439
458,2443
193,2450
881,2451
147,2452
83,2464
832,2475
535,2476
195,2483
965,2487
467,2490
456,2491
21,2492
711,2506
69,2507
870,2510
708,2523
934,2527
337,2530
25,2530
350,2542
835,2544
681,2554
417,2564
938,2568
528,2569
924,2578
474,2579
927,2584
425,2589
6,2607
962,2611
686,2617
457,2624
275,2624
372,2625
156,2635
607,2643
641,2647
214,2649
858,2651
179,2662
233,2664
963,2666
191,2670
871,2684
642,2691
614,2695
631,2701
263,2714
206,2716
950,2728
84,2743
933,2747
306,2747
488,2749
34,2752
530,2763
918,2770
289,2787
612,2797
503,2797
763,2815
873,2816
297,2822
392,2825
419,2826
951,2845
959,2846
894,2849
339,2859
37,2865
818,2866
584,2871
648,2881
688,2882
520,2889
491,2890
523,2901
359,2902
319,2912
446,2922
834,2923
71,2926
966,2940
656,2982
658,2987
803,2988
913,2999
126,3020
821,3021
333,3024
394,3045
845,3049
466,3060
788,3068
633,3069
143,3077
989,3079
926,3090
312,3101
404,3108
174,3114
887,3118
228,3142
750,3159
600,3160
362,3174
227,3197
302,3228
809,3235
461,3251
293,3255
785,3255
437,3270
102,3276
58,3310
571,3322
806,3333
36,3367
158,3374
844,3396
255,3480
978,3492
161,3492
95,3502
732,3506
269,3529
974,3576
4,3596
441,3620
44,3626
402,3730
878,3740
455,3742
286,3749
703,3754
949,3778
119,3823
952,3848
60,3874
660,3992
340,3994
506,4095
768,4123
510,4343
647,4620
651,4876
48,5233
374,5581
799,5980

simblock.block.ProofOfWorkBlock@27e110fc:26
754,0
875,175
639,231
929,292
96,333
467,350
222,385
289,396
30,444
667,444
410,455
251,475
465,481
458,500
393,500
599,502
713,514
944,533
398,536
338,544
992,548
940,556
209,557
19,559
988,572
29,589
471,591
628,593
800,603
852,607
167,607
907,613
849,614
526,615
359,630
267,634
130,636
760,639
917,647
585,652
565,652
882,652
700,655
92,659
717,664
204,666
180,670
924,671
673,672
301,676
499,685
928,686
453,691
328,692
541,699
10,701
575,704
179,708
31,708
274,709
959,710
665,711
49,712
505,713
695,716
835,722
106,722
728,723
336,730
908,733
759,734
320,736
705,736
93,737
641,743
283,744
427,748
489,748
708,749
552,749
685,752
965,755
431,759
791,759
368,762
268,765
765,766
33,767
793,768
187,768
150,769
75,769
637,769
159,769
897,769
88,774
757,775
612,779
653,779
281,780
260,785
67,786
832,790
668,792
609,793
305,794
587,794
128,794
423,797
903,799
482,801
163,802
440,803
383,803
869,803
190,805
751,806
412,807
746,808
581,809
149,810
491,812
153,813
818,815
115,816
671,816
664,820
124,823
233,823
143,824
714,824
942,825
945,825
158,825
485,826
123,827
508,830
295,831
193,832
615,835
394,836
24,837
25,838
783,841
520,842
963,842
958,843
227,843
775,844
507,844
125,846
54,847
277,849
782,850
706,850
748,851
972,851
280,852
784,855
644,855
324,858
814,858
483,859
69,860
357,860
387,860
313,861
407,862
183,862
534,863
743,864
747,864
497,864
218,865
53,865
422,866
21,867
542,869
309,869
682,870
689,871
654,873
864,873
904,876
503,877
56,877
377,878
12,880
297,881
515,881
414,881
579,882
915,883
779,883
961,886
164,886
460,887
102,888
256,889
358,890
687,890
756,891
384,891
662,892
296,893
866,894
333,897
298,897
379,898
591,899
442,899
681,900
950,900
813,900
828,900
17,904
461,904
984,905
71,905
275,905
271,907
914,908
134,908
385,908
781,909
41,909
323,912
976,913
561,914
416,914
68,916
501,916
725,916
797,918
374,918
990,918
631,919
811,919
89,919
231,920
205,920
466,920
532,920
731,921
597,921
576,922
920,922
257,922
890,922
470,923
985,923
893,924
574,924
543,924
632,926
278,926
865,927
769,927
698,929
546,929
300,930
343,931
236,931
468,932
223,932
347,934
604,934
145,935
969,937
516,937
857,938
870,938
217,939
213,939
109,939
148,940
1000,941
70,944
975,946
854,946
590,948
249,948
375,948
730,949
562,950
885,950
202,951
448,951
366,955
210,956
710,958
316,958
744,959
545,960
262,962
938,962
198,962
937,963
836,963
39,963
42,964
139,964
459,965
537,965
230,967
947,967
886,967
872,967
456,968
242,968
234,968
360,969
312,969
488,973
132,973
766,973
350,974
535,974
740,975
573,975
602,976
971,976
90,977
434,977
871,978
833,978
840,979
858,979
582,980
378,980
18,981
994,981
419,981
177,983
206,985
77,985
819,987
504,987
182,988
116,988
851,988
932,988
555,989
203,991
962,992
669,993
517,993
5,994
997,995
770,995
349,997
99,997
737,999
82,999
970,1001
603,1001
758,1002
307,1003
258,1003
951,1006
329,1007
522,1007
292,1008
948,1008
692,1009
693,1010
151,1011
63,1012
558,1012
715,1012
773,1013
595,1013
916,1014
655,1015
239,1015
16,1017
85,1017
372,1018
246,1019
345,1019
996,1019
498,1020
726,1021
925,1022
352,1022
824,1023
790,1023
817,1023
185,1024
176,1025
645,1025
342,1026
711,1026
436,1027
81,1027
79,1028
490,1028
247,1030
718,1031
993,1032
716,1032
821,1032
778,1033
560,1035
955,1035
548,1036
722,1036
475,1037
663,1037
457,1037
598,1038
131,1038
861,1038
960,1038
129,1039
208,1040
240,1042
856,1043
789,1043
798,1045
87,1045
172,1046
337,1049
127,1049
59,1050
736,1050
648,1050
473,1054
624,1056
761,1056
911,1057
438,1059
464,1059
767,1064
704,1064
363,1065
727,1066
982,1067
380,1067
13,1071
214,1071
165,1072
191,1074
528,1074
888,1074
524,1075
830,1075
827,1075
605,1076
739,1076
519,1076
912,1077
154,1078
391,1079
420,1081
103,1082
521,1083
846,1086
8,1090
48,1090
418,1094
608,1094
55,1094
476,1095
640,1097
879,1097
74,1099
621,1100
672,1100
83,1100
160,1103
290,1103
27,1106
957,1111
883,1111
147,1112
551,1115
376,1116
443,1118
365,1121
469,1122
531,1124
999,1125
195,1126
170,1129
620,1131
622,1139
34,1139
741,1144
51,1144
838,1146
868,1147
906,1147
314,1148
564,1148
495,1149
326,1149
104,1150
284,1151
617,1154
194,1154
111,1155
487,1156
229,1156
122,1158
439,1159
941,1162
276,1164
224,1164
792,1167
900,1170
263,1175
78,1181
721,1183
424,1185
310,1186
15,1192
512,1193
518,1194
118,1196
472,1197
216,1202
415,1202
146,1203
881,1203
647,1204
294,1205
643,1205
152,1206
200,1206
570,1210
94,1212
544,1212
538,1213
816,1214
902,1215
429,1215
853,1216
279,1216
451,1217
396,1218
742,1221
162,1224
389,1225
173,1227
529,1228
196,1230
80,1230
930,1233
117,1236
107,1237
136,1237
837,1241
657,1242
288,1242
1,1243
952,1248
850,1250
973,1251
601,1251
112,1252
381,1253
618,1253
137,1255
356,1256
197,1256
805,1257
981,1257
11,1259
690,1262
923,1265
734,1265
623,1266
135,1269
777,1270
105,1271
977,1271
867,1273
496,1274
979,1274
719,1277
287,1278
397,1278
238,1279
677,1282
755,1285
762,1286
463,1289
327,1290
594,1290
486,1290
563,1293
776,1294
72,1294
480,1295
110,1295
723,1298
291,1299
842,1299
409,1300
815,1305
108,1307
839,1309
720,1309
910,1310
884,1313
406,1314
334,1315
860,1316
829,1318
780,1318
120,1319
235,1322
28,1323
272,1324
346,1325
820,1328
771,1328
968,1328
243,1330
697,1332
901,1334
38,1334
822,1336
807,1336
454,1338
390,1338
264,1341
52,1342
432,1343
181,1343
749,1344
413,1345
651,1345
66,1345
753,1346
4,1348
232,1353
100,1355
980,1358
265,1358
675,1361
175,1366
140,1367
65,1367
186,1368
382,1368
676,1371
724,1372
199,1373
373,1375
825,1375
371,1377
987,1377
831,1378
691,1379
189,1383
361,1384
411,1386
3,1386
35,1386
241,1386
435,1387
625,1387
583,1393
506,1395
843,1395
155,1396
919,1400
596,1403
226,1404
606,1405
248,1405
738,1406
211,1409
98,1411
447,1412
826,1417
253,1419
502,1420
629,1422
364,1426
931,1426
332,1427
998,1428
772,1430
225,1433
995,1436
43,1438
939,1444
26,1445
304,1448
14,1449
511,1450
847,1452
921,1453
510,1458
331,1460
207,1461
863,1467
683,1468
184,1469
9,1473
64,1477
23,1478
674,1481
650,1488
330,1490
855,1490
554,1496
60,1497
168,1498
341,1500
494,1501
694,1503
935,1503
547,1507
896,1511
201,1512
32,1512
580,1516
991,1518
661,1519
801,1519
527,1519
572,1520
619,1520
613,1526
530,1527
701,1528
462,1535
536,1538
808,1539
317,1539
559,1542
212,1545
40,1546
215,1549
484,1551
62,1552
171,1554
922,1555
764,1557
630,1559
684,1559
943,1565
141,1565
408,1566
156,1567
680,1569
745,1569
455,1570
405,1571
444,1576
36,1576
874,1577
221,1581
678,1586
679,1591
353,1591
322,1594
646,1600
270,1602
964,1608
889,1612
47,1612
696,1617
642,1619
493,1622
533,1623
549,1625
386,1628
478,1632
567,1632
192,1639
445,1640
750,1643
974,1645
500,1651
584,1652
523,1657
786,1657
659,1658
308,1658
934,1658
392,1660
763,1667
509,1667
862,1672
351,1675
367,1676
732,1678
588,1678
796,1678
370,1680
273,1681
369,1684
785,1685
252,1688
403,1689
401,1691
873,1694
449,1695
553,1702
402,1702
571,1704
660,1705
344,1708
905,1710
845,1717
477,1721
566,1723
702,1726
936,1728
610,1728
540,1728
395,1730
178,1731
113,1732
20,1735
577,1736
578,1736
50,1743
285,1746
261,1746
877,1747
355,1750
626,1750
812,1752
188,1756
481,1761
348,1761
949,1768
636,1773
568,1773
2,1781
614,1783
804,1788
76,1795
909,1797
712,1800
557,1804
933,1807
946,1808
887,1811
735,1812
441,1816
752,1821
895,1821
479,1830
586,1838
6,1839
729,1841
810,1848
450,1848
953,1848
986,1850
806,1852
61,1854
306,1855
286,1857
269,1858
666,1858
97,1859
795,1861
430,1863
425,1866
157,1869
658,1876
259,1877
513,1877
340,1883
400,1897
114,1899
967,1901
649,1901
244,1905
452,1907
46,1908
73,1908
245,1912
266,1920
282,1921
600,1924
699,1931
635,1931
84,1943
426,1944
891,1948
848,1951
169,1956
913,1957
774,1957
823,1964
656,1964
144,1971
989,1974
293,1988
978,2001
841,2009
802,2012
315,2013
142,2015
133,2018
593,2025
474,2030
299,2031
255,2031
859,2033
7,2042
892,2053
927,2057
556,2066
302,2071
539,2071
318,2074
325,2080
126,2084
433,2089
670,2090
703,2090
22,2094
569,2095
589,2101
319,2102
119,2102
918,2103
161,2124
787,2128
362,2132
688,2138
335,2145
611,2148
95,2150
707,2168
733,2182
321,2214
339,2218
228,2228
638,2247
354,2251
220,2253
45,2257
525,2265
794,2272
311,2297
492,2299
428,2302
768,2303
91,2312
174,2313
254,2314
166,2320
652,2340
550,2342
44,2350
404,2376
844,2377
880,2382
633,2387
876,2408
899,2414
954,2417
219,2425
627,2429
966,2431
956,2442
101,2444
799,2498
607,2526
878,2554
809,2556
894,2557
57,2584
686,2588
437,2592
634,2595
399,2597
237,2600
803,2614
616,2621
388,2625
37,2662
592,2674
709,2675
58,2697
86,2714
788,2786
303,2799
446,2875
421,2885
514,2905
138,2910
417,2923
983,2933
250,2975
898,3173
121,3187
834,3262
926,3612

simblock.block.ProofOfWorkBlock@65f08430:27
145,0
42,150
501,208
281,276
115,310
997,334
655,360
982,366
17,391
827,416
153,425
380,435
305,453
609,460
507,475
604,482
130,484
359,495
407,512
947,517
16,532
570,538
151,541
526,542
692,562
41,566
92,575
63,577
595,580
839,591
268,595
562,597
118,597
123,600
522,602
233,608
262,619
925,619
38,623
79,627
234,627
535,634
147,634
545,636
385,637
620,638
849,644
598,653
973,654
467,659
358,660
442,665
590,667
127,668
34,675
243,678
932,683
389,686
508,691
190,691
856,692
543,696
383,698
766,700
167,701
756,701
297,705
532,712
857,718
158,718
374,720
466,725
85,725
904,726
333,727
71,728
938,731
903,735
203,736
267,739
384,741
996,742
75,744
882,747
960,749
582,749
366,750
59,751
515,751
324,752
391,753
240,755
644,760
994,760
274,760
368,763
450,766
917,769
641,771
790,771
239,774
246,775
88,776
902,776
969,779
871,780
379,782
654,783
423,783
988,784
87,785
372,785
124,786
263,788
517,789
747,792
945,792
316,793
599,794
202,796
998,798
343,798
15,802
19,806
573,808
851,808
412,810
96,810
229,810
846,811
824,814
971,815
937,816
208,816
689,816
740,816
323,819
561,821
548,821
196,823
558,825
819,828
668,830
485,831
628,832
546,832
376,834
944,834
693,835
289,836
416,837
791,839
431,840
290,840
29,841
8,841
840,843
698,843
990,843
970,845
552,845
975,846
744,847
345,848
68,848
13,848
327,849
897,849
993,850
640,851
728,852
198,853
854,855
55,856
48,856
253,856
214,857
213,860
915,860
963,861
82,862
258,863
146,865
74,866
275,867
393,867
830,868
434,869
350,869
581,871
888,872
961,872
277,872
951,874
713,876
217,876
818,876
950,877
858,877
757,878
223,880
295,881
176,882
419,886
979,886
758,886
992,887
632,888
53,889
461,889
773,891
205,891
487,893
722,894
320,896
685,898
180,898
663,899
439,899
470,901
941,901
300,901
326,901
576,902
574,902
143,903
438,903
347,904
338,904
940,904
779,905
769,906
886,906
497,906
705,907
257,907
669,909
31,910
313,913
821,913
99,914
681,914
209,914
717,917
476,918
861,918
150,919
448,921
418,921
210,921
586,923
972,923
443,923
260,925
498,926
737,927
334,927
622,927
218,928
793,928
727,929
524,930
236,930
30,930
579,931
928,931
711,931
957,931
81,933
5,934
836,934
465,934
496,935
754,936
471,936
447,937
249,938
109,939
784,940
907,940
645,941
195,941
185,941
920,941
885,942
394,942
251,944
537,944
468,945
336,945
159,946
154,946
342,947
761,947
410,947
602,950
760,950
70,950
39,952
916,952
648,954
664,954
424,954
725,954
853,956
985,957
718,957
191,958
748,958
875,959
778,960
33,960
453,960
869,962
575,962
93,964
307,964
473,965
746,967
828,967
806,967
682,968
653,969
505,969
948,970
866,970
503,971
139,972
518,972
460,972
90,972
541,973
106,974
283,974
781,976
751,977
797,977
469,978
427,979
256,979
822,980
459,982
739,982
491,983
912,983
301,983
247,983
959,984
194,986
271,986
542,987
965,987
835,987
914,989
11,989
618,989
706,991
49,991
591,993
183,993
984,994
103,995
464,995
483,996
868,998
187,999
488,999
186,999
164,999
710,999
116,1000
420,1002
177,1003
163,1004
700,1004
352,1004
77,1005
872,1005
521,1006
398,1007
102,1008
811,1008
284,1009
695,1010
528,1010
813,1010
879,1010
782,1011
531,1011
328,1013
104,1013
10,1014
615,1015
852,1015
560,1016
252,1017
893,1017
665,1017
624,1017
482,1018
12,1018
67,1018
457,1019
128,1019
597,1019
833,1020
603,1020
148,1021
671,1022
69,1023
296,1024
708,1024
551,1026
363,1027
743,1027
631,1028
24,1029
870,1029
227,1031
789,1031
89,1033
357,1035
780,1035
436,1036
865,1036
414,1037
817,1037
149,1038
730,1040
767,1042
958,1044
924,1045
890,1046
490,1048
27,1049
360,1049
125,1049
242,1049
539,1050
54,1050
475,1055
134,1058
1000,1058
182,1059
608,1063
165,1064
298,1065
755,1065
489,1066
942,1066
230,1067
378,1069
499,1069
771,1071
122,1072
662,1072
292,1073
534,1073
356,1073
200,1075
173,1075
605,1076
346,1076
814,1076
715,1078
770,1078
278,1078
587,1079
513,1079
731,1080
21,1080
440,1081
881,1083
704,1083
637,1083
172,1084
714,1084
312,1087
56,1089
838,1092
265,1094
832,1095
444,1095
565,1095
458,1097
634,1101
129,1104
621,1105
516,1106
409,1106
783,1107
672,1109
206,1115
201,1117
329,1123
936,1127
667,1128
309,1129
179,1129
701,1130
929,1130
723,1130
999,1132
759,1132
270,1132
204,1135
216,1138
639,1139
729,1143
864,1144
78,1145
445,1145
520,1146
673,1149
207,1150
569,1153
629,1157
764,1157
825,1158
264,1159
568,1160
981,1162
512,1164
908,1164
231,1170
962,1171
690,1172
798,1174
259,1181
484,1182
131,1183
687,1186
527,1189
112,1190
287,1191
280,1192
976,1193
967,1194
454,1200
291,1202
911,1203
955,1205
677,1206
800,1208
691,1208
807,1208
577,1209
657,1211
432,1212
171,1216
749,1217
141,1223
612,1228
221,1228
559,1229
348,1229
952,1230
826,1231
193,1231
192,1232
884,1232
387,1233
479,1234
369,1238
137,1240
564,1241
519,1241
812,1242
349,1242
456,1245
51,1246
954,1248
733,1248
62,1250
891,1251
32,1251
625,1251
396,1253
411,1255
14,1255
533,1256
502,1258
536,1261
694,1265
775,1265
61,1266
696,1269
330,1271
794,1271
986,1271
511,1275
906,1276
796,1276
472,1278
980,1279
525,1282
679,1283
563,1284
248,1287
977,1287
556,1288
837,1289
310,1291
199,1294
594,1295
650,1296
18,1296
883,1297
219,1298
311,1298
100,1299
765,1301
120,1301
23,1301
787,1302
738,1305
567,1309
117,1310
762,1310
25,1310
777,1312
72,1313
841,1313
661,1313
170,1314
847,1317
900,1317
736,1319
422,1321
331,1323
136,1324
175,1326
232,1326
481,1326
867,1327
930,1328
805,1329
510,1332
842,1334
480,1334
659,1334
225,1335
400,1336
720,1336
337,1338
381,1338
676,1340
168,1341
94,1342
843,1343
390,1350
332,1351
486,1356
451,1359
279,1359
2,1362
395,1363
367,1364
66,1364
351,1366
572,1366
241,1369
946,1370
610,1375
734,1376
585,1377
726,1378
596,1380
910,1380
987,1381
630,1387
184,1392
616,1393
495,1398
566,1398
304,1398
643,1400
678,1400
110,1403
684,1404
52,1410
772,1410
529,1411
98,1411
211,1417
863,1417
220,1419
478,1419
35,1420
801,1421
406,1422
939,1423
776,1425
429,1426
829,1426
538,1430
413,1431
114,1434
299,1436
26,1439
956,1441
80,1441
288,1451
224,1452
831,1452
426,1453
680,1456
540,1460
121,1460
580,1460
855,1463
860,1463
923,1463
702,1463
382,1466
931,1466
995,1473
212,1473
719,1481
325,1483
703,1485
197,1487
83,1490
108,1493
235,1494
554,1495
441,1497
921,1501
697,1504
500,1505
269,1508
47,1511
377,1512
716,1512
353,1512
119,1516
905,1522
140,1522
617,1523
889,1524
873,1524
816,1524
364,1525
804,1527
361,1528
340,1529
408,1536
896,1536
294,1537
155,1537
9,1542
922,1546
623,1547
741,1552
463,1552
913,1552
750,1552
238,1555
509,1556
555,1558
57,1561
613,1564
583,1568
745,1569
425,1570
504,1572
152,1572
974,1575
133,1577
578,1579
859,1579
449,1585
226,1586
126,1587
820,1591
28,1591
983,1591
317,1593
553,1593
968,1595
808,1596
244,1601
606,1602
877,1613
646,1614
273,1617
588,1621
335,1623
593,1625
6,1633
399,1633
815,1634
261,1635
132,1636
314,1637
308,1644
45,1652
647,1652
341,1653
949,1655
113,1658
880,1659
430,1660
966,1661
375,1666
37,1668
919,1670
626,1671
135,1677
160,1678
834,1681
909,1681
64,1682
666,1683
943,1684
523,1693
276,1695
306,1697
40,1697
373,1698
709,1700
786,1706
607,1708
285,1708
43,1711
415,1718
4,1720
735,1721
493,1721
584,1721
344,1723
823,1723
895,1728
303,1732
675,1738
65,1738
492,1741
547,1746
272,1749
688,1753
627,1755
633,1756
318,1756
105,1757
658,1764
862,1764
403,1768
181,1777
161,1778
514,1781
810,1788
36,1796
174,1798
322,1799
642,1800
753,1805
589,1808
844,1813
365,1813
91,1813
850,1822
452,1823
792,1833
670,1835
785,1835
898,1838
111,1840
354,1846
636,1849
549,1849
162,1850
935,1852
315,1853
651,1853
437,1854
237,1854
742,1855
20,1856
107,1868
101,1869
874,1873
752,1876
964,1880
795,1882
933,1884
255,1887
494,1895
44,1902
339,1905
656,1906
73,1910
724,1916
1,1922
989,1925
544,1926
638,1931
991,1934
362,1937
601,1943
652,1979
371,1993
809,2004
699,2008
557,2008
188,2008
319,2013
404,2013
222,2016
674,2020
397,2026
768,2030
712,2044
178,2049
7,2054
435,2070
142,2081
417,2091
189,2091
506,2116
635,2120
157,2132
876,2132
619,2137
600,2139
302,2141
156,2141
95,2143
803,2150
138,2151
707,2152
887,2159
282,2164
802,2173
683,2178
660,2187
355,2190
166,2199
169,2199
250,2203
686,2209
215,2210
97,2220
774,2222
386,2223
901,2247
927,2265
934,2282
848,2306
788,2308
592,2311
721,2336
3,2362
402,2373
22,2394
799,2406
370,2409
245,2421
50,2424
477,2434
388,2456
286,2460
392,2492
455,2495
254,2504
953,2505
401,2514
266,2521
571,2531
530,2630
763,2657
86,2670
405,2673
462,2690
293,2724
649,2743
918,2754
474,2766
878,2767
228,2778
58,2778
421,2788
446,2875
732,2916
428,2953
76,2974
926,3013
845,3014
433,3019
892,3028
550,3062
899,3099
978,3139
611,3198
60,3245
144,3260
84,3326
46,3415
321,3529
894,3826
614,4125

simblock.block.ProofOfWorkBlock@1c3ddcac:28
955,0
546,149
739,209
574,278
49,305
963,337
990,363
628,364
324,393
243,420
18,423
962,430
840,453
585,457
312,480
263,486
521,486
149,489
897,511
491,511
30,513
246,513
39,544
143,545
21,548
711,549
839,552
83,568
824,569
489,570
706,570
338,571
938,577
229,579
147,600
498,601
515,604
123,606
300,609
482,611
59,622
262,629
438,629
82,629
316,629
357,633
758,635
333,635
769,638
93,645
422,652
217,657
296,660
69,660
292,660
17,661
597,663
33,663
882,664
604,672
871,684
528,685
879,686
336,692
581,692
992,692
343,694
645,694
394,696
789,696
234,700
10,703
448,704
558,704
730,707
982,712
154,716
972,717
274,720
309,720
861,720
158,721
183,723
904,723
223,724
345,724
522,727
560,729
620,731
81,731
210,731
206,735
365,740
139,741
800,742
31,743
218,748
465,748
416,749
374,749
912,750
748,753
323,753
673,754
177,756
948,757
773,757
858,757
380,760
488,761
284,763
722,763
682,765
260,771
200,772
708,774
534,776
146,777
864,777
760,777
153,777
305,777
637,778
102,781
984,782
468,782
268,783
190,783
743,784
975,785
204,785
653,786
499,787
389,788
576,788
79,790
27,791
280,794
531,795
398,800
685,802
475,804
90,805
317,806
384,806
96,807
179,807
471,807
830,809
440,812
205,812
856,813
53,813
908,813
128,814
368,814
41,815
853,816
846,817
151,818
8,819
372,821
598,822
608,823
869,823
945,825
240,826
459,827
756,828
751,830
775,833
932,833
116,833
582,834
704,834
490,836
342,836
838,836
29,838
615,838
548,839
631,840
654,841
599,841
187,841
328,842
239,843
668,843
13,843
573,844
545,845
590,847
944,847
193,847
275,849
68,849
693,850
25,851
885,852
960,852
857,852
886,853
911,857
524,859
470,859
427,861
644,862
106,863
87,864
277,865
937,866
705,866
209,869
671,869
159,870
423,870
337,871
969,872
852,872
602,873
663,874
940,874
34,875
996,875
176,875
88,878
434,878
562,879
301,880
710,880
89,882
195,884
779,884
1000,885
903,885
616,885
251,886
297,887
570,887
942,889
893,889
503,889
329,891
320,893
641,893
917,895
999,896
85,897
453,897
618,897
104,898
414,899
609,899
605,899
150,900
213,901
947,901
915,904
791,904
467,905
783,905
865,906
950,906
790,907
798,907
163,907
797,908
391,908
127,909
249,910
746,910
227,910
182,910
518,911
191,911
734,912
973,913
667,914
718,914
508,915
714,916
517,916
16,916
256,917
483,918
692,918
695,920
747,920
587,920
993,922
872,925
687,927
961,927
359,927
914,928
418,928
412,928
819,928
443,929
115,929
295,930
754,930
778,931
457,932
352,932
767,932
258,932
537,933
655,933
818,933
612,934
849,935
965,935
350,936
145,936
5,940
42,942
497,943
870,944
827,944
257,947
821,947
535,950
15,951
407,954
920,954
208,954
890,955
451,956
118,956
67,956
476,957
744,958
875,959
77,959
970,960
811,961
639,961
458,963
464,963
165,963
814,964
526,965
125,966
665,967
717,967
941,968
164,968
326,968
881,970
387,970
715,971
766,972
520,972
358,972
202,972
424,976
70,977
957,977
442,977
929,977
813,978
689,979
487,979
460,979
287,979
298,979
334,980
516,982
481,983
19,983
835,984
561,985
603,985
231,985
194,986
543,986
12,986
770,988
222,988
817,989
727,989
700,990
828,990
595,990
976,991
124,991
928,991
532,993
501,993
379,993
959,993
759,994
951,995
242,995
63,996
781,996
836,996
591,998
282,999
420,999
971,1000
525,1002
347,1003
24,1003
415,1005
513,1006
230,1008
924,1010
109,1011
575,1012
198,1012
55,1013
75,1014
289,1015
542,1015
461,1018
439,1019
283,1022
375,1022
624,1024
988,1024
632,1024
485,1025
363,1027
267,1027
994,1033
916,1033
737,1034
377,1034
14,1034
376,1034
888,1036
236,1036
757,1036
958,1038
408,1038
505,1039
761,1039
702,1040
664,1043
203,1044
383,1045
741,1045
832,1046
736,1046
728,1047
698,1047
851,1050
92,1051
233,1051
469,1052
907,1054
366,1055
997,1056
436,1057
473,1060
816,1060
167,1061
577,1063
393,1063
648,1064
784,1068
148,1068
793,1069
290,1071
129,1071
247,1071
725,1073
681,1074
74,1075
99,1075
180,1077
378,1078
64,1080
622,1081
640,1081
431,1081
111,1083
40,1083
373,1084
271,1087
360,1089
541,1093
507,1095
134,1095
186,1096
866,1097
569,1100
281,1100
259,1102
112,1104
713,1105
731,1107
466,1108
579,1118
114,1121
502,1123
367,1126
486,1126
130,1127
484,1129
925,1130
506,1131
979,1131
556,1132
529,1132
638,1136
175,1136
48,1137
214,1137
891,1138
884,1138
419,1139
479,1143
854,1143
662,1148
23,1150
593,1150
131,1154
683,1154
369,1154
66,1154
409,1155
480,1155
344,1155
291,1157
847,1158
680,1159
395,1159
51,1159
185,1161
833,1161
837,1162
278,1163
820,1163
635,1169
782,1169
225,1173
32,1175
456,1176
80,1176
100,1178
986,1184
168,1185
386,1186
723,1187
56,1190
385,1194
647,1194
332,1195
841,1200
559,1200
410,1201
991,1204
902,1211
589,1213
684,1213
265,1213
78,1215
995,1216
65,1216
413,1217
629,1218
120,1218
28,1218
697,1220
946,1222
712,1223
952,1225
672,1226
390,1227
71,1231
566,1233
327,1233
348,1233
152,1234
307,1234
38,1236
868,1236
762,1238
726,1238
967,1238
54,1239
400,1244
921,1244
621,1246
311,1248
279,1249
235,1251
985,1251
568,1252
720,1253
103,1257
580,1258
107,1259
565,1259
694,1266
232,1270
729,1277
241,1278
745,1280
939,1281
454,1283
197,1283
11,1283
162,1283
650,1283
361,1284
172,1285
669,1291
429,1293
108,1294
936,1296
659,1297
977,1301
555,1301
219,1302
141,1303
771,1303
906,1304
740,1307
1,1307
122,1307
651,1308
964,1310
812,1310
780,1314
749,1315
764,1315
564,1317
626,1317
445,1319
4,1321
826,1321
94,1322
829,1324
883,1325
657,1325
850,1325
504,1326
512,1327
170,1329
601,1329
184,1329
9,1332
196,1332
2,1333
863,1334
536,1336
381,1340
527,1341
801,1343
308,1343
136,1345
596,1348
244,1351
310,1353
61,1353
519,1357
690,1362
435,1362
313,1364
272,1364
396,1370
444,1371
432,1372
62,1372
676,1374
583,1376
719,1377
980,1378
411,1379
314,1381
157,1383
796,1383
511,1384
211,1386
171,1386
356,1387
226,1388
867,1390
406,1391
586,1392
160,1396
496,1399
896,1401
678,1402
533,1403
755,1404
825,1408
721,1408
572,1409
901,1411
931,1414
173,1415
493,1415
201,1416
73,1417
181,1422
742,1423
331,1427
539,1429
3,1430
956,1433
810,1439
777,1439
733,1440
688,1442
477,1446
889,1446
552,1451
510,1452
805,1455
382,1456
84,1457
594,1462
701,1464
110,1468
862,1471
362,1471
634,1474
954,1474
500,1478
544,1479
691,1479
617,1479
155,1480
35,1486
397,1486
189,1489
346,1495
636,1496
224,1496
212,1499
253,1500
447,1501
919,1502
221,1502
52,1503
495,1504
772,1513
133,1514
553,1516
855,1518
441,1527
643,1529
877,1533
494,1534
968,1536
430,1539
625,1547
768,1549
831,1554
113,1555
806,1556
161,1556
95,1557
765,1558
264,1559
774,1563
166,1565
119,1565
44,1568
463,1569
703,1576
933,1579
795,1579
987,1582
927,1582
132,1584
22,1586
785,1588
248,1589
989,1590
787,1593
966,1593
304,1598
174,1598
808,1598
404,1604
285,1605
709,1605
57,1606
606,1607
417,1608
276,1609
844,1613
26,1613
340,1621
547,1623
351,1626
288,1627
549,1627
255,1628
303,1629
953,1633
98,1636
72,1639
306,1646
584,1647
538,1647
554,1651
273,1654
156,1656
178,1658
910,1659
261,1660
794,1661
666,1662
238,1663
738,1667
341,1668
509,1669
614,1671
567,1672
788,1672
860,1673
405,1673
699,1674
696,1677
425,1677
325,1679
815,1680
45,1682
91,1691
686,1698
188,1705
619,1706
735,1707
661,1708
776,1709
670,1713
930,1721
607,1722
47,1725
6,1725
677,1732
472,1732
646,1733
859,1737
299,1737
216,1739
707,1746
402,1746
623,1757
642,1758
649,1758
551,1761
909,1764
43,1764
588,1765
207,1777
540,1796
401,1803
355,1805
981,1806
117,1809
137,1812
269,1815
571,1817
266,1818
452,1818
318,1822
578,1829
807,1834
895,1835
610,1837
330,1838
450,1842
998,1844
140,1846
652,1849
900,1850
58,1852
169,1855
627,1855
371,1856
462,1866
250,1878
750,1880
37,1882
20,1886
237,1888
192,1890
563,1894
804,1899
923,1903
592,1904
630,1904
220,1907
392,1910
913,1920
403,1930
753,1933
315,1935
426,1938
428,1942
674,1949
799,1953
557,1959
873,1961
399,1962
449,1964
199,1976
843,1977
50,1980
293,1994
335,2001
121,2003
716,2004
97,2007
679,2014
822,2021
792,2022
600,2026
126,2027
421,2042
802,2050
294,2072
935,2080
492,2088
514,2097
949,2100
478,2103
370,2106
353,2110
786,2118
105,2119
898,2122
611,2125
474,2128
752,2140
530,2140
349,2151
842,2160
388,2166
834,2172
633,2189
905,2226
658,2231
455,2238
364,2244
823,2253
142,2254
878,2270
245,2278
983,2283
613,2292
321,2305
934,2305
215,2308
845,2309
803,2321
86,2324
874,2325
660,2333
550,2377
76,2380
656,2381
892,2383
138,2386
943,2394
322,2404
848,2408
523,2413
974,2424
732,2437
228,2443
894,2469
144,2474
922,2494
978,2508
724,2528
887,2535
60,2539
433,2564
7,2593
36,2594
876,2615
270,2666
319,2667
254,2668
286,2683
918,2728
101,2730
809,2752
899,2762
926,2808
763,2821
880,2838
135,2842
339,2846
354,2938
437,2965
46,3008
252,3019
675,3104
302,3291
446,3633

simblock.block.ProofOfWorkBlock@6a10180f:28
693,0
93,151
53,208
231,267
407,323
163,360
747,415
579,417
85,473
75,474
284,481
175,511
811,512
459,531
296,535
230,538
123,565
471,568
558,572
565,592
576,594
773,597
717,622
394,624
620,631
104,633
973,649
262,651
545,656
180,680
478,683
366,688
195,691
267,692
602,708
70,712
275,724
720,739
461,744
725,744
383,746
662,749
377,764
179,771
819,780
631,805
665,806
210,808
734,820
204,825
505,841
976,852
415,855
991,862
704,865
352,865
268,871
599,884
39,898
358,908
716,915
582,923
667,930
988,941
525,947
638,959
969,970
903,979
244,996
186,1000
907,1004
445,1028
374,1028
527,1036
108,1043
171,1044
497,1060
774,1068
220,1084
655,1086
496,1104
863,1117
702,1127
235,1138
980,1151
639,1182
291,1204
396,1210
409,1213
661,1217
103,1221
860,1232
314,1243
408,1256
713,1260
311,1278
831,1287
9,1301
794,1304
162,1323
669,1356
964,1382
226,1383
430,1389
955,1390
906,1402
78,1415
349,1426
875,1438
577,1452
801,1458
731,1483
701,1499
732,1505
191,1539
52,1552
742,1555
350,1564
621,1571
23,1587
66,1609
292,1621
782,1622
264,1628
178,1636
141,1649
328,1658
426,1671
792,1726
762,1729
679,1735
855,1741
671,1742
840,1742
365,1757
166,1788
159,1797
258,1800
699,1820
89,1832
369,1845
452,1897
221,1902
660,1903
629,1908
889,1912
165,1916
714,1917
335,1921
41,1975
326,1975
299,1984
362,2013
187,2018
120,2021
927,2031
788,2040
795,2076
676,2079
542,2093
298,2150
473,2158
785,2164
322,2188
754,2191
504,2193
642,2202
934,2223
245,2228
519,2235
77,2277
121,2297
584,2313
401,2322
176,2328
436,2331
429,2362
286,2362
861,2372
895,2378
44,2423
830,2450
293,2476
157,2486
884,2496
652,2502
950,2507
673,2520
593,2533
188,2575
804,2587
636,2598
491,2626
878,2646
347,2689
379,2693
364,2755
142,2790
206,2804
402,2818
433,2824
681,2863
974,2871
338,2872
97,2893
600,2931
242,2980
601,3023
128,3044
778,3047
894,3095
876,3104
228,3214
585,3219
844,3227
677,3291
646,3387
359,3393
592,3520
610,3551
434,3574
404,3674
534,3751
28,3812
573,3932
118,4110
868,4113
143,4287
372,4417
345,4465
978,4715
323,4716
455,4972
63,5015
340,5229
17,5319
158,5620
598,5921

simblock.block.ProofOfWorkBlock@d93c8b8:29
956,0
73,235
454,321
325,403
696,452
484,485
327,535
837,543
224,626
276,627
112,628
418,661
634,671
774,701
136,707
923,710
65,720
221,752
62,755
749,762
680,787
403,789
753,791
647,802
296,818
689,835
432,837
820,845
344,848
132,848
98,855
364,856
935,872
594,873
542,875
199,878
674,884
847,921
593,922
981,926
371,927
547,927
211,932
304,936
162,941
495,946
522,947
299,950
314,958
117,961
491,966
610,967
643,968
348,981
722,996
171,1003
103,1003
684,1006
533,1007
410,1010
89,1011
415,1014
253,1014
980,1016
538,1018
891,1018
408,1019
308,1024
782,1028
787,1029
968,1029
783,1032
386,1035
807,1040
15,1050
821,1054
699,1057
563,1060
226,1062
621,1064
765,1065
11,1073
817,1074
536,1074
511,1075
94,1084
231,1085
435,1088
555,1090
96,1090
635,1090
556,1092
946,1094
139,1097
170,1099
248,1101
107,1102
921,1102
472,1107
356,1109
816,1109
575,1111
883,1115
14,1116
813,1117
430,1121
791,1126
140,1126
567,1138
814,1139
172,1142
606,1143
625,1146
479,1148
368,1149
954,1150
726,1151
583,1153
79,1154
272,1154
510,1156
679,1157
486,1158
896,1159
638,1159
125,1162
695,1167
914,1167
481,1171
463,1171
998,1172
450,1173
206,1175
519,1175
708,1178
734,1179
159,1180
683,1181
551,1184
815,1184
367,1184
78,1187
936,1189
902,1189
270,1190
569,1191
573,1193
287,1196
559,1196
829,1196
672,1199
712,1200
922,1202
160,1203
744,1204
149,1206
13,1208
201,1209
591,1210
366,1212
748,1214
464,1219
629,1221
167,1221
369,1221
541,1224
727,1226
577,1226
743,1227
291,1231
676,1231
120,1232
800,1233
423,1233
801,1236
3,1238
365,1238
884,1238
488,1239
661,1239
502,1239
525,1239
890,1239
992,1241
85,1244
822,1244
334,1246
216,1247
447,1248
202,1249
395,1250
38,1252
564,1254
982,1256
500,1259
504,1259
385,1260
632,1261
650,1261
906,1261
212,1262
920,1263
83,1266
698,1266
841,1267
80,1267
64,1268
53,1273
851,1273
535,1274
729,1276
185,1276
617,1277
456,1278
626,1278
480,1278
32,1279
235,1279
587,1281
850,1282
719,1282
762,1285
294,1286
236,1287
173,1292
991,1294
381,1295
959,1295
741,1295
104,1296
222,1297
710,1299
444,1301
374,1301
693,1301
716,1303
759,1305
256,1305
141,1306
987,1307
355,1308
416,1310
197,1311
836,1312
282,1312
897,1312
738,1312
72,1313
900,1314
262,1316
295,1317
238,1317
995,1319
916,1320
690,1322
544,1322
23,1323
967,1324
249,1324
244,1325
379,1326
137,1326
794,1326
310,1327
326,1327
198,1328
30,1329
152,1331
778,1331
797,1331
219,1332
56,1332
2,1334
61,1334
513,1335
346,1336
496,1336
180,1336
275,1336
590,1342
331,1342
776,1342
908,1343
307,1344
566,1349
336,1351
90,1352
309,1352
618,1352
586,1354
941,1355
964,1357
357,1357
637,1358
826,1359
713,1359
677,1361
323,1361
678,1362
685,1364
984,1364
640,1364
648,1364
565,1364
345,1365
578,1366
81,1367
917,1367
440,1368
777,1368
764,1369
875,1369
736,1372
700,1373
986,1374
659,1374
360,1376
328,1376
780,1376
445,1377
66,1377
882,1379
901,1380
825,1380
411,1382
453,1383
259,1384
653,1385
9,1389
840,1389
483,1392
241,1393
33,1393
184,1393
438,1394
467,1394
568,1394
603,1395
806,1396
745,1397
52,1399
41,1403
108,1406
725,1406
451,1406
175,1407
200,1407
580,1408
549,1408
857,1409
990,1410
349,1410
271,1412
414,1412
164,1413
977,1413
772,1413
888,1413
517,1415
705,1416
529,1417
77,1417
868,1419
833,1421
332,1421
516,1421
859,1422
187,1424
243,1425
701,1427
59,1429
186,1429
852,1429
274,1429
426,1429
459,1432
27,1434
694,1437
153,1437
290,1438
858,1439
280,1439
999,1441
114,1442
687,1443
932,1445
305,1446
398,1448
494,1449
886,1450
498,1451
67,1451
871,1453
651,1453
373,1454
931,1456
353,1458
733,1458
396,1458
28,1459
234,1459
697,1460
864,1460
702,1460
100,1461
910,1462
589,1462
554,1464
751,1464
937,1465
151,1465
10,1469
865,1470
8,1470
118,1471
25,1471
133,1471
122,1474
528,1475
506,1476
358,1477
106,1481
232,1484
527,1485
465,1485
731,1486
429,1486
397,1486
623,1487
860,1487
31,1489
819,1490
196,1490
279,1491
747,1493
49,1494
790,1495
997,1495
51,1498
343,1498
572,1500
178,1500
717,1501
116,1502
770,1503
962,1504
17,1504
205,1506
460,1507
665,1507
996,1509
281,1509
540,1510
247,1511
407,1511
793,1512
390,1513
838,1513
950,1515
443,1515
251,1515
129,1516
942,1517
604,1521
979,1522
227,1522
478,1522
553,1522
639,1522
1,1524
784,1524
960,1525
39,1528
93,1529
351,1530
669,1531
955,1531
1000,1532
671,1535
268,1535
40,1537
657,1539
458,1539
596,1539
720,1539
856,1539
158,1540
507,1541
485,1541
862,1543
16,1543
19,1544
616,1544
330,1545
260,1546
771,1546
406,1546
318,1547
579,1549
835,1549
135,1550
715,1550
904,1550
439,1552
531,1556
769,1556
298,1557
183,1559
4,1561
930,1562
827,1566
29,1567
728,1568
88,1568
664,1568
561,1569
146,1569
252,1571
306,1574
74,1575
948,1578
831,1578
154,1580
419,1581
874,1582
630,1583
832,1584
532,1585
389,1587
730,1588
434,1597
87,1597
372,1600
466,1600
471,1602
220,1604
217,1605
879,1606
976,1606
615,1607
442,1608
380,1609
165,1611
35,1611
461,1612
210,1612
105,1612
508,1613
668,1616
377,1618
988,1618
939,1618
512,1619
855,1620
520,1624
311,1625
424,1626
75,1626
818,1627
131,1632
229,1634
497,1634
55,1635
203,1638
945,1640
240,1642
99,1643
300,1644
24,1654
792,1655
574,1656
846,1656
539,1657
867,1661
667,1662
313,1664
157,1664
289,1664
582,1666
378,1671
501,1672
69,1673
422,1673
233,1677
824,1678
534,1681
225,1682
773,1683
329,1686
12,1686
952,1687
912,1688
487,1689
812,1690
746,1690
756,1693
521,1694
490,1695
179,1697
21,1697
499,1698
265,1700
608,1702
142,1703
718,1704
723,1705
182,1709
361,1711
400,1711
673,1714
115,1716
503,1716
599,1717
191,1717
22,1717
189,1717
473,1718
805,1718
194,1719
543,1719
755,1720
655,1721
324,1722
994,1724
869,1726
110,1728
803,1728
628,1729
34,1731
798,1734
193,1735
47,1740
297,1740
109,1743
457,1744
767,1744
775,1747
317,1751
48,1753
5,1753
177,1755
622,1756
190,1758
245,1759
412,1759
350,1760
505,1762
887,1764
92,1766
828,1768
854,1769
301,1773
592,1773
127,1774
70,1776
688,1776
911,1778
143,1779
546,1780
257,1780
839,1781
283,1781
524,1782
263,1786
155,1788
595,1788
893,1791
601,1791
50,1793
176,1794
267,1794
739,1794
204,1794
550,1795
576,1798
181,1802
278,1804
779,1806
168,1808
68,1811
707,1815
620,1817
95,1820
119,1825
646,1827
740,1831
969,1836
907,1837
537,1838
405,1841
470,1845
849,1849
337,1849
428,1851
627,1852
558,1852
417,1855
781,1855
766,1856
645,1860
476,1866
209,1867
123,1868
581,1872
654,1873
91,1875
482,1875
489,1876
940,1877
523,1884
808,1885
264,1887
145,1888
409,1888
303,1890
919,1893
208,1893
609,1896
682,1897
866,1898
375,1898
624,1899
518,1899
796,1899
515,1899
284,1901
876,1901
475,1903
649,1905
43,1905
763,1906
631,1908
809,1913
692,1914
823,1915
619,1917
230,1922
642,1923
863,1924
102,1927
36,1927
335,1928
134,1930
413,1931
612,1931
944,1935
802,1938
399,1942
548,1948
951,1951
37,1951
758,1955
258,1955
277,1957
82,1958
213,1958
526,1960
943,1963
928,1968
929,1969
148,1972
18,1976
742,1978
359,1978
57,1979
250,1981
963,1988
686,1990
872,1991
421,1994
376,1996
552,2006
111,2011
598,2012
938,2014
293,2016
918,2016
909,2018
54,2022
662,2027
830,2033
810,2036
978,2037
316,2041
644,2044
477,2045
420,2046
342,2050
207,2050
585,2059
913,2060
975,2062
795,2068
799,2071
714,2071
757,2071
402,2073
431,2073
681,2073
903,2076
393,2076
292,2078
843,2080
656,2080
848,2081
425,2082
147,2082
394,2088
188,2095
925,2096
614,2101
804,2105
312,2108
881,2108
7,2111
446,2116
663,2121
352,2131
347,2135
45,2135
737,2137
735,2139
436,2144
613,2148
721,2151
560,2151
63,2152
641,2153
163,2159
320,2161
319,2170
562,2173
223,2178
670,2179
514,2180
789,2181
113,2183
138,2184
597,2186
870,2194
242,2195
873,2195
752,2200
652,2207
391,2207
545,2208
266,2216
128,2216
192,2218
437,2219
71,2225
972,2234
333,2246
761,2248
124,2249
570,2254
602,2254
842,2255
338,2258
156,2260
492,2267
392,2271
915,2273
468,2273
934,2281
611,2285
46,2287
750,2287
214,2296
853,2312
953,2322
387,2327
691,2328
973,2330
195,2335
493,2336
899,2342
927,2343
861,2348
84,2350
384,2353
302,2354
130,2355
455,2355
144,2356
636,2362
269,2362
768,2364
924,2365
363,2372
6,2384
666,2393
961,2394
469,2395
86,2408
811,2423
970,2425
448,2425
382,2425
261,2429
401,2430
754,2434
605,2438
788,2444
433,2446
993,2449
885,2459
706,2473
658,2482
285,2488
989,2492
985,2502
404,2510
889,2513
239,2515
427,2527
711,2536
218,2542
709,2543
20,2554
383,2573
362,2577
760,2579
237,2591
288,2594
675,2595
58,2596
957,2598
958,2611
42,2612
892,2614
126,2619
633,2620
101,2623
169,2626
983,2654
704,2655
895,2666
584,2673
660,2678
315,2679
571,2695
786,2701
965,2703
322,2742
254,2758
509,2763
161,2765
341,2771
588,2785
246,2788
947,2788
449,2791
880,2794
732,2802
474,2817
933,2825
845,2827
949,2843
905,2846
894,2855
971,2877
462,2885
97,2905
76,2922
441,2927
530,2931
600,2954
44,2992
607,2993
452,3010
557,3012
974,3039
340,3040
966,3056
724,3056
60,3056
150,3057
898,3094
926,3102
26,3170
703,3174
255,3207
174,3251
370,3290
354,3296
785,3297
878,3312
844,3339
215,3343
166,3512
388,3549
286,3551
877,3561
228,3636
339,3801
834,3810
273,4053
321,4062
121,4310

simblock.block.ProofOfWorkBlock@2eebb318:29
462,0
250,337
156,495
892,644
401,678
887,837
388,893
559,902
84,986
974,991
646,1038
611,1046
450,1119
255,1131
306,1160
348,1162
523,1195
160,1203
627,1214
804,1280
386,1286
550,1288
432,1299
514,1320
76,1335
362,1341
496,1368
321,1390
765,1421
732,1428
228,1432
322,1441
157,1446
919,1451
189,1462
913,1510
288,1537
525,1558
428,1575
477,1578
110,1580
142,1591
340,1600
314,1602
702,1608
594,1622
232,1629
614,1646
86,1648
613,1663
762,1674
652,1676
108,1677
921,1679
688,1688
171,1703
677,1708
703,1715
35,1718
691,1719
166,1727
455,1738
845,1742
934,1745
952,1758
355,1759
850,1767
399,1768
876,1780
529,1785
808,1807
894,1818
684,1821
636,1823
554,1835
23,1841
551,1847
909,1851
181,1860
616,1861
549,1866
211,1871
390,1882
6,1887
446,1887
660,1897
658,1903
174,1929
745,1939
829,1950
734,1950
635,1955
433,1961
898,1966
80,1969
273,1970
244,1977
169,1986
966,1990
538,1992
584,1995
28,1998
381,2014
985,2015
184,2019
296,2031
107,2033
954,2045
848,2046
707,2047
60,2048
57,2061
216,2062
101,2066
588,2075
168,2081
675,2091
173,2094
694,2109
121,2112
589,2114
404,2116
987,2119
807,2125
196,2129
902,2130
989,2133
699,2133
370,2134
722,2142
519,2159
878,2164
585,2167
351,2171
749,2178
27,2195
736,2199
429,2204
164,2206
459,2225
651,2234
98,2245
311,2250
38,2259
752,2260
666,2273
910,2274
303,2275
225,2276
806,2278
237,2279
877,2282
254,2289
134,2293
170,2303
396,2308
634,2310
713,2311
803,2311
926,2313
598,2316
224,2317
126,2320
373,2322
408,2325
905,2325
186,2327
617,2327
349,2329
339,2335
978,2336
555,2365
409,2365
744,2368
395,2373
738,2379
670,2380
956,2380
131,2383
681,2383
81,2385
996,2385
643,2391
764,2403
980,2407
610,2417
113,2421
62,2431
796,2440
94,2442
863,2453
859,2458
539,2461
735,2461
474,2464
505,2467
649,2467
95,2469
678,2472
834,2481
880,2481
737,2488
441,2489
106,2499
630,2500
144,2507
152,2512
701,2520
679,2521
219,2521
889,2531
403,2537
621,2537
626,2541
167,2548
230,2548
991,2554
556,2557
283,2567
197,2567
815,2570
633,2570
354,2571
334,2572
294,2581
73,2582
923,2587
578,2589
820,2595
883,2601
802,2616
981,2616
45,2619
201,2620
238,2626
772,2630
596,2630
831,2631
949,2638
461,2639
900,2642
387,2643
253,2644
26,2647
382,2649
977,2655
953,2657
444,2663
632,2665
56,2666
822,2669
763,2670
571,2673
336,2683
417,2690
801,2692
601,2692
249,2698
500,2699
327,2703
922,2705
137,2713
606,2722
185,2726
544,2727
269,2728
445,2738
472,2740
871,2742
582,2759
103,2760
826,2770
543,2774
768,2776
862,2777
753,2778
212,2782
547,2796
430,2800
221,2813
272,2817
750,2818
333,2818
818,2819
843,2829
771,2831
896,2832
87,2839
918,2841
494,2842
623,2847
374,2847
96,2850
206,2850
604,2851
755,2856
4,2860
995,2861
729,2862
907,2868
680,2869
149,2872
315,2872
942,2880
936,2880
151,2881
620,2885
823,2890
132,2896
484,2896
968,2898
434,2900
780,2903
787,2905
426,2906
226,2910
293,2911
567,2917
61,2918
687,2918
586,2922
330,2929
537,2937
716,2948
595,2948
20,2951
331,2955
884,2960
747,2964
512,2965
816,2968
837,2972
603,2981
270,2986
112,2986
972,2990
485,3001
400,3002
689,3009
319,3018
415,3018
318,3019
65,3022
946,3024
34,3027
742,3039
564,3042
624,3048
510,3051
506,3052
385,3056
583,3059
930,3068
66,3070
1,3071
419,3076
574,3076
513,3077
865,3080
69,3083
516,3090
811,3092
11,3098
647,3099
402,3099
527,3101
51,3106
479,3107
563,3110
74,3117
25,3120
473,3127
276,3128
338,3142
205,3147
394,3155
532,3157
198,3160
842,3162
266,3164
657,3165
241,3169
731,3170
335,3170
358,3177
659,3180
855,3180
785,3180
54,3180
261,3181
124,3191
420,3199
353,3202
730,3203
733,3207
83,3207
31,3211
295,3215
979,3217
59,3220
958,3225
13,3231
78,3231
252,3232
676,3233
817,3234
427,3237
72,3245
960,3248
784,3250
214,3261
903,3262
2,3270
135,3276
282,3277
127,3280
720,3281
304,3282
757,3295
8,3302
536,3303
941,3308
47,3313
369,3313
435,3318
291,3318
874,3319
774,3333
371,3336
864,3337
664,3343
466,3343
317,3346
393,3362
625,3364
136,3364
267,3370
945,3375
847,3379
566,3380
599,3381
637,3381
983,3385
971,3386
976,3391
7,3392
982,3394
849,3403
497,3405
475,3414
597,3418
557,3418
690,3426
503,3427
893,3444
726,3446
791,3446
706,3453
692,3454
199,3454
123,3457
207,3458
908,3461
208,3462
41,3462
489,3464
50,3469
581,3474
515,3476
352,3480
279,3482
202,3483
343,3497
449,3497
906,3499
194,3504
259,3504
193,3515
234,3516
246,3528
42,3532
618,3532
999,3536
998,3538
741,3539
37,3542
487,3551
767,3559
488,3563
75,3567
836,3575
356,3578
948,3579
561,3579
916,3592
812,3598
162,3606
711,3613
508,3614
313,3615
460,3616
442,3621
648,3634
798,3638
992,3643
114,3645
310,3647
925,3665
192,3665
422,3667
708,3670
748,3677
375,3685
661,3686
879,3688
534,3690
682,3691
993,3693
120,3705
209,3705
64,3705
951,3708
857,3716
728,3716
337,3723
102,3726
350,3734
286,3742
92,3743
773,3751
357,3752
546,3754
920,3758
628,3759
82,3760
364,3760
410,3775
268,3777
665,3781
638,3783
154,3788
667,3792
904,3796
150,3801
775,3812
274,3815
779,3828
518,3832
289,3836
959,3836
712,3839
231,3841
278,3841
359,3845
615,3846
944,3852
641,3859
973,3864
143,3874
943,3897
227,3899
511,3906
305,3912
257,3913
5,3914
938,3922
573,3926
18,3927
570,3931
391,3940
200,3940
856,3943
265,3950
932,3965
835,3965
178,3969
915,3974
654,3988
53,3988
639,4003
962,4010
91,4014
830,4017
360,4025
560,4032
853,4043
366,4044
650,4047
439,4047
425,4051
507,4055
975,4057
531,4058
789,4059
790,4060
217,4062
179,4068
372,4071
668,4071
653,4072
793,4082
223,4082
464,4083
868,4086
239,4096
111,4113
521,4120
407,4131
852,4136
565,4140
866,4142
307,4144
147,4148
840,4149
55,4160
412,4161
176,4197
517,4199
380,4214
15,4217
463,4219
19,4225
490,4238
612,4239
71,4243
984,4249
709,4261
309,4263
890,4265
247,4269
778,4287
548,4292
700,4296
867,4308
541,4317
591,4318
917,4330
298,4354
761,4356
347,4361
158,4369
924,4371
760,4375
759,4378
467,4385
758,4395
781,4401
440,4404
839,4414
671,4423
275,4430
16,4431
342,4435
622,4442
471,4442
558,4447
705,4448
468,4463
873,4468
662,4499
844,4513
988,4518
854,4520
443,4528
195,4537
933,4546
875,4567
172,4567
326,4591
159,4609
285,4613
448,4617
431,4623
851,4640
292,4653
457,4660
714,4664
663,4668
63,4671
145,4676
30,4683
17,4687
398,4694
284,4721
897,4727
320,4727
89,4733
187,4742
644,4752
562,4752
545,4767
698,4783
631,4790
828,4796
655,4818
263,4833
233,4836
799,4862
258,4867
929,4878
297,4889
465,4909
602,4924
33,4939
424,4951
39,4959
456,4963
118,4976
869,4985
746,5024
579,5034
210,5040
846,5065
498,5074
782,5101
575,5102
10,5116
814,5137
640,5143
535,5164
190,5177
183,5187
68,5209
955,5216
476,5222
312,5245
384,5250
383,5256
693,5274
911,5284
377,5315
587,5330
669,5341
67,5425
947,5449
368,5464
718,5478
673,5484
379,5485
109,5523
819,5553
88,5553
416,5568
963,5585
769,5635
180,5649
766,5765
229,5775
163,5793
832,5827
800,5829
838,5838
469,5853
70,5866
725,5884
153,5940
328,5951
914,6078
950,6134
526,6159
256,6165
619,6179
436,6181
218,6185
609,6187
994,6253
271,6375
965,6440
389,6457
345,6485
727,6532
520,6682
213,6756
277,6788
222,6891
243,7057
177,7242
323,7607
48,7962

simblock.block.ProofOfWorkBlock@ff79c32:30
113,0
898,394
666,724
810,739
913,871
633,1020
605,1038
293,1071
894,1186
336,1187
469,1253
527,1279
978,1292
306,1304
609,1309
87,1336
929,1342
128,1374
222,1394
24,1402
254,1450
267,1451
453,1459
771,1464
808,1478
274,1487
908,1495
504,1497
18,1508
262,1522
878,1525
333,1525
494,1539
616,1540
398,1546
645,1547
526,1551
464,1553
411,1557
395,1579
143,1580
893,1583
950,1598
260,1600
979,1605
941,1605
19,1608
111,1608
752,1609
182,1611
437,1633
865,1634
475,1640
624,1645
698,1649
93,1650
887,1654
116,1655
938,1656
205,1660
871,1661
55,1664
668,1666
53,1671
903,1673
631,1674
146,1677
91,1684
837,1689
324,1700
82,1701
653,1702
442,1706
139,1707
422,1709
357,1711
744,1712
217,1712
720,1715
159,1717
994,1721
760,1722
748,1723
163,1726
896,1727
534,1728
819,1730
374,1733
754,1735
48,1736
107,1741
901,1743
632,1751
120,1753
330,1756
12,1756
295,1756
937,1759
483,1759
985,1760
505,1760
121,1760
133,1761
115,1762
239,1769
29,1771
965,1773
157,1773
737,1773
180,1774
758,1776
68,1778
498,1778
877,1779
508,1784
882,1785
993,1786
459,1787
130,1787
531,1790
204,1790
216,1790
83,1791
361,1792
41,1793
687,1794
460,1798
355,1800
301,1804
155,1804
710,1805
343,1806
790,1808
669,1809
436,1813
851,1813
589,1814
797,1815
456,1818
368,1818
150,1819
117,1821
440,1821
31,1821
233,1821
915,1821
613,1822
524,1822
275,1824
840,1828
372,1828
316,1831
581,1832
123,1833
739,1835
488,1836
185,1837
147,1837
126,1837
482,1841
552,1842
689,1843
914,1844
880,1844
127,1846
852,1848
641,1850
33,1851
885,1852
962,1852
812,1853
280,1854
751,1855
665,1855
79,1861
575,1862
256,1863
972,1863
599,1863
868,1865
560,1868
654,1868
715,1868
296,1870
335,1871
81,1871
770,1872
558,1873
310,1874
210,1874
866,1874
473,1874
470,1874
298,1876
427,1876
595,1879
64,1879
88,1879
775,1880
576,1880
384,1881
208,1882
824,1882
467,1884
612,1884
879,1884
350,1884
434,1887
394,1887
397,1890
90,1891
105,1892
585,1892
268,1893
27,1893
548,1894
673,1895
766,1897
798,1898
519,1899
387,1900
623,1900
165,1903
85,1905
767,1907
193,1908
672,1909
17,1910
570,1911
749,1911
971,1911
230,1912
869,1912
955,1914
765,1914
693,1914
257,1914
272,1915
501,1915
996,1915
920,1917
99,1919
890,1919
191,1921
320,1921
667,1922
541,1923
517,1925
503,1927
95,1927
443,1928
990,1928
227,1928
846,1930
8,1931
791,1931
713,1932
973,1933
984,1934
853,1935
487,1935
465,1936
870,1936
5,1936
75,1937
740,1938
663,1938
671,1938
587,1938
859,1939
366,1940
30,1940
77,1940
263,1941
976,1941
988,1941
711,1942
234,1943
743,1945
258,1946
692,1946
717,1947
813,1948
940,1948
811,1950
175,1951
203,1951
206,1952
565,1952
338,1952
438,1956
520,1957
466,1958
543,1962
827,1963
793,1964
862,1965
679,1965
532,1965
545,1966
722,1967
383,1968
864,1970
419,1972
835,1973
149,1974
836,1974
682,1974
278,1974
186,1975
700,1975
332,1977
86,1978
414,1979
706,1979
167,1980
407,1980
2,1980
676,1980
377,1981
292,1981
986,1982
22,1983
982,1983
597,1984
129,1984
106,1985
574,1985
727,1986
655,1987
630,1988
96,1989
389,1990
290,1992
507,1992
218,1992
759,1993
858,1993
201,1994
889,1994
942,1995
685,1995
420,1996
39,1996
875,1997
522,1997
89,1997
951,1998
118,1999
602,1999
838,1999
695,1999
761,2000
963,2002
289,2003
62,2004
259,2004
477,2006
265,2006
21,2006
102,2006
412,2007
833,2008
124,2009
307,2009
213,2010
1000,2011
345,2014
521,2014
772,2015
134,2017
657,2017
352,2018
588,2020
232,2021
546,2021
223,2023
578,2024
499,2024
138,2025
236,2025
782,2025
472,2026
211,2027
303,2027
283,2028
939,2030
378,2030
277,2030
786,2030
957,2030
375,2031
246,2032
153,2034
778,2036
393,2036
540,2037
769,2038
152,2038
249,2039
363,2039
805,2040
125,2040
661,2040
582,2041
108,2041
781,2041
34,2042
947,2042
287,2042
423,2042
728,2043
999,2044
10,2044
730,2044
391,2045
992,2046
325,2046
514,2046
497,2048
832,2049
56,2049
997,2051
328,2051
281,2052
637,2053
445,2053
756,2053
461,2053
458,2056
342,2059
379,2061
200,2062
638,2062
881,2062
251,2063
664,2063
98,2064
38,2064
136,2065
746,2065
904,2066
284,2068
936,2070
608,2070
276,2071
593,2071
912,2071
70,2072
376,2073
800,2074
195,2074
518,2076
454,2078
71,2081
660,2081
872,2081
172,2082
164,2082
725,2082
528,2083
617,2091
299,2093
731,2094
747,2094
448,2095
662,2096
659,2096
476,2097
681,2098
485,2099
980,2099
757,2101
828,2101
416,2101
202,2102
820,2103
42,2103
598,2103
169,2103
177,2103
628,2105
606,2105
802,2108
783,2109
189,2110
596,2112
390,2114
385,2115
300,2117
580,2119
54,2120
784,2121
510,2121
109,2126
714,2129
65,2131
154,2132
424,2132
735,2133
158,2133
944,2133
49,2133
563,2139
92,2139
677,2140
471,2140
418,2142
844,2142
888,2143
601,2150
620,2150
61,2152
100,2153
400,2153
288,2156
305,2158
932,2161
789,2161
968,2163
187,2164
190,2165
479,2165
314,2165
490,2165
921,2168
369,2170
312,2171
642,2175
240,2177
792,2178
346,2178
634,2178
822,2182
168,2187
970,2188
380,2192
104,2195
160,2195
429,2195
807,2198
373,2200
495,2205
626,2207
184,2208
103,2209
544,2210
52,2215
572,2218
998,2218
583,2218
762,2222
648,2222
28,2223
294,2224
690,2226
480,2226
603,2227
991,2228
26,2230
542,2232
826,2237
935,2241
14,2242
309,2243
815,2244
344,2247
496,2248
408,2249
995,2251
291,2252
750,2253
741,2253
176,2257
331,2261
396,2262
513,2262
559,2264
916,2270
506,2270
435,2273
72,2274
674,2276
829,2277
171,2278
162,2279
282,2283
622,2283
906,2285
697,2289
987,2290
35,2290
463,2292
220,2292
764,2292
917,2294
145,2294
9,2295
224,2296
684,2298
738,2298
486,2299
701,2301
349,2302
719,2303
446,2305
629,2307
353,2308
447,2309
919,2309
723,2309
579,2312
566,2313
433,2314
170,2316
956,2319
60,2324
635,2324
329,2324
586,2327
264,2327
4,2330
3,2332
248,2332
489,2333
647,2333
549,2334
341,2334
318,2335
774,2337
110,2342
533,2342
753,2342
867,2344
196,2347
796,2347
43,2347
516,2349
430,2350
556,2354
555,2355
181,2357
709,2359
406,2359
209,2365
122,2365
733,2368
141,2368
776,2368
413,2370
922,2371
734,2372
94,2373
536,2374
101,2379
207,2380
386,2381
900,2381
73,2388
1,2392
553,2392
716,2393
946,2394
279,2395
135,2395
266,2397
452,2397
923,2399
285,2399
468,2401
736,2404
356,2406
863,2408
850,2411
621,2413
173,2418
967,2419
381,2421
32,2426
241,2428
861,2429
199,2432
678,2434
334,2435
981,2435
966,2439
137,2442
132,2445
696,2450
928,2454
308,2462
954,2467
40,2468
403,2471
51,2471
604,2472
652,2473
444,2474
610,2476
964,2477
351,2480
571,2481
228,2482
523,2485
59,2489
20,2493
873,2493
432,2493
646,2493
493,2495
415,2495
197,2501
410,2502
511,2502
512,2504
643,2506
794,2507
148,2507
569,2514
78,2514
317,2514
371,2515
112,2516
551,2517
140,2517
683,2521
568,2524
212,2525
529,2528
883,2530
348,2534
702,2535
219,2543
640,2543
930,2544
874,2546
910,2549
451,2551
481,2552
492,2555
235,2557
402,2557
755,2558
45,2559
11,2561
47,2561
237,2563
891,2564
367,2565
831,2567
365,2568
252,2571
974,2571
478,2573
680,2575
261,2580
538,2583
847,2587
801,2589
421,2591
562,2606
36,2606
161,2606
192,2607
178,2609
399,2615
823,2627
382,2629
131,2637
806,2643
340,2645
855,2646
119,2648
362,2650
250,2659
253,2661
245,2661
842,2663
561,2664
311,2665
732,2668
848,2673
607,2679
721,2679
592,2682
925,2683
23,2685
590,2687
931,2687
952,2688
530,2689
745,2692
327,2694
650,2695
457,2695
905,2697
188,2701
927,2702
97,2705
825,2715
405,2717
943,2720
462,2722
525,2727
554,2728
174,2728
500,2730
799,2731
547,2734
983,2738
977,2742
539,2753
66,2759
959,2763
809,2773
215,2776
788,2776
304,2780
509,2786
577,2793
895,2794
933,2811
675,2816
455,2825
724,2832
564,2832
364,2835
729,2836
924,2845
795,2848
899,2849
658,2852
273,2853
763,2856
247,2857
712,2859
857,2860
651,2861
817,2861
787,2866
777,2867
636,2872
474,2878
670,2881
785,2893
594,2898
370,2898
401,2899
627,2900
567,2902
742,2904
270,2904
13,2921
550,2922
843,2927
326,2930
600,2930
269,2934
417,2955
57,2962
243,2963
388,2975
926,3004
841,3006
221,3007
319,3014
142,3025
255,3030
860,3031
699,3039
780,3040
625,3046
166,3049
934,3061
409,3068
726,3073
484,3074
886,3093
144,3094
989,3106
271,3113
834,3121
238,3134
242,3135
953,3140
618,3145
7,3151
229,3160
449,3163
76,3185
58,3189
426,3194
707,3197
691,3201
816,3218
450,3242
694,3255
639,3261
703,3263
948,3268
688,3291
114,3298
918,3303
614,3318
50,3336
949,3354
584,3357
322,3357
884,3372
37,3373
44,3378
491,3391
226,3409
156,3412
644,3436
392,3446
358,3459
591,3459
821,3461
804,3476
194,3492
225,3503
892,3505
779,3523
441,3524
611,3546
244,3563
849,3567
876,3608
573,3620
909,3652
315,3656
404,3661
354,3663
961,3688
428,3694
321,3696
960,3742
80,3751
911,3756
649,3788
537,3790
339,3810
854,3822
302,3843
773,3861
151,3864
183,3916
845,3938
803,3959
502,3972
557,3984
535,3994
839,4048
74,4053
286,4076
768,4094
63,4101
856,4163
179,4163
15,4169
656,4184
6,4264
907,4294
337,4297
46,4330
431,4347
323,4356
84,4374
686,4381
231,4448
198,4460
704,4519
425,4553
615,4647
69,4649
818,4659
969,4679
945,4764
297,4798
619,4927
347,4947
830,4967
439,5033
313,5061
718,5061
25,5148
515,5361
958,5450
705,5500
359,5664
814,5830
897,5860
975,6213
67,6215
360,6568
214,6604
902,6916
16,7266
708,7613

simblock.block.ProofOfWorkBlock@181ba84e:31
673,0
467,150
165,206
123,263
305,299
360,324
849,357
475,358
77,415
940,417
671,418
961,430
145,448
754,473
458,474
609,478
497,492
975,506
476,506
324,507
705,530
372,531
342,533
118,535
27,550
48,565
756,567
210,569
333,572
460,576
164,590
791,592
579,595
102,602
96,603
42,609
150,610
289,622
973,623
947,625
639,626
15,627
885,628
778,630
767,637
439,640
817,648
827,654
412,655
67,658
979,659
393,660
963,666
879,666
501,669
585,679
296,679
151,680
928,683
468,684
605,684
268,685
740,685
692,688
202,689
713,693
565,699
505,705
897,707
239,710
783,711
434,714
916,717
582,717
779,722
962,722
531,723
955,725
883,725
316,727
93,727
548,739
782,741
781,741
5,741
153,742
115,743
515,744
717,744
759,744
640,745
357,749
522,750
988,750
359,752
706,755
183,755
465,756
383,759
598,759
648,762
856,763
992,764
590,766
54,769
766,771
757,772
203,773
59,774
380,777
127,779
730,779
234,779
30,779
427,779
423,782
274,783
193,784
819,784
424,789
503,789
387,793
830,794
146,795
410,797
8,797
256,799
893,799
972,800
214,802
535,802
218,802
631,803
575,805
857,807
599,809
689,809
941,810
644,812
69,814
944,815
604,816
797,816
871,816
620,817
507,820
83,820
494,822
655,823
789,825
591,826
300,828
994,828
886,830
624,830
587,831
562,831
19,831
612,832
667,832
904,833
491,834
466,834
984,836
581,836
907,836
653,836
700,838
456,838
68,838
854,839
313,839
470,839
89,841
482,841
229,841
687,842
864,842
835,844
917,845
573,851
277,851
442,852
498,854
798,855
384,856
31,856
186,857
343,859
53,860
328,862
773,863
438,864
436,866
159,866
418,866
187,867
793,868
124,868
338,869
950,869
90,869
104,870
628,871
641,871
852,874
534,874
996,875
81,876
526,876
839,878
485,878
243,879
546,882
758,884
908,885
902,887
366,888
471,888
292,889
570,889
130,889
262,890
457,890
172,890
595,891
888,891
16,892
645,892
209,892
389,892
560,894
281,894
70,894
420,894
938,895
695,895
668,896
521,896
279,896
708,896
971,897
915,897
662,897
128,897
204,897
431,899
368,899
818,899
704,900
524,900
840,902
824,902
499,903
345,905
720,905
352,908
532,908
508,909
851,909
63,910
681,910
18,911
198,913
537,913
881,915
323,916
760,916
148,916
99,916
195,919
541,920
88,922
743,922
990,922
191,923
488,925
284,926
247,926
453,926
725,926
813,928
976,929
858,929
622,929
747,929
448,930
929,930
249,931
925,932
969,932
79,932
326,933
213,933
85,936
271,936
25,936
74,936
512,936
358,937
301,938
106,939
870,940
739,940
180,941
173,942
997,942
231,945
790,946
869,947
275,947
376,947
751,947
539,948
731,948
12,948
167,949
853,949
576,950
744,951
147,951
92,952
685,953
769,954
483,954
663,954
29,954
552,955
347,955
24,955
728,956
336,957
654,957
143,957
464,957
473,958
517,960
320,962
49,964
520,964
139,965
924,965
615,966
872,966
722,966
56,966
182,966
394,967
208,967
538,967
868,968
937,969
422,971
982,972
10,972
945,973
205,975
407,975
890,977
951,977
737,977
811,981
233,982
158,983
176,983
518,983
664,985
489,985
603,985
960,986
377,986
309,986
993,986
875,986
710,987
882,987
693,988
34,988
597,989
200,989
958,989
948,989
337,991
71,992
39,992
179,993
911,994
914,994
866,995
398,996
833,996
828,998
674,999
715,999
369,999
419,1000
490,1001
129,1002
836,1002
82,1002
87,1003
542,1003
632,1004
125,1004
574,1004
784,1005
222,1005
865,1006
770,1007
543,1009
970,1011
391,1012
985,1013
329,1013
718,1014
912,1014
21,1014
251,1016
185,1016
163,1017
75,1019
267,1019
374,1019
469,1019
714,1022
246,1024
545,1024
647,1026
206,1026
447,1027
240,1028
861,1028
814,1028
775,1029
618,1029
461,1030
13,1030
821,1030
344,1033
109,1033
278,1034
283,1038
375,1039
487,1040
698,1041
227,1041
190,1042
350,1042
682,1042
440,1043
558,1044
312,1045
528,1045
999,1046
815,1047
230,1047
965,1048
957,1048
486,1048
154,1051
134,1051
263,1052
608,1052
416,1055
55,1056
1000,1057
932,1058
903,1059
672,1060
290,1061
295,1062
330,1063
415,1065
761,1065
800,1070
41,1071
223,1071
111,1071
298,1071
220,1073
832,1073
741,1074
194,1074
459,1074
748,1075
260,1076
217,1081
175,1082
280,1082
561,1083
297,1084
463,1084
379,1089
838,1089
177,1091
701,1094
959,1096
414,1098
108,1098
443,1099
363,1100
242,1103
236,1108
727,1109
846,1109
318,1112
103,1113
116,1116
378,1117
100,1119
623,1119
680,1119
361,1123
73,1126
258,1128
746,1128
942,1129
35,1134
219,1135
502,1137
385,1141
435,1144
259,1145
381,1147
812,1148
630,1151
257,1151
149,1152
637,1152
33,1152
252,1155
977,1156
450,1161
596,1164
729,1170
765,1172
780,1172
606,1175
307,1180
559,1182
397,1184
135,1186
152,1187
711,1188
896,1190
136,1191
171,1194
4,1194
244,1194
621,1197
479,1198
964,1200
578,1203
495,1206
920,1207
665,1208
17,1209
683,1211
294,1213
201,1216
617,1219
365,1220
721,1221
304,1231
742,1232
264,1232
43,1232
859,1235
867,1235
314,1237
657,1238
112,1238
919,1240
952,1242
930,1242
386,1244
669,1244
9,1245
563,1247
567,1247
842,1248
184,1248
847,1252
2,1253
207,1254
661,1255
643,1256
444,1257
334,1257
178,1261
679,1263
986,1268
651,1270
484,1270
956,1272
935,1274
282,1277
241,1279
232,1280
355,1281
94,1283
132,1285
806,1286
616,1290
51,1290
403,1291
936,1291
66,1291
451,1291
712,1293
650,1294
454,1295
694,1295
413,1297
829,1298
702,1303
991,1304
168,1305
429,1305
519,1309
540,1311
626,1313
480,1314
140,1315
137,1316
181,1318
72,1320
11,1320
572,1321
831,1321
513,1322
432,1323
696,1325
719,1326
291,1327
568,1327
753,1329
390,1330
733,1330
749,1332
516,1333
910,1336
697,1337
160,1340
225,1341
533,1341
406,1341
78,1350
196,1352
967,1356
921,1356
367,1356
525,1357
771,1359
724,1359
411,1360
122,1361
504,1362
189,1365
577,1368
906,1369
228,1369
170,1369
732,1370
594,1373
676,1373
569,1375
922,1376
155,1376
544,1379
373,1380
506,1380
395,1382
481,1385
593,1389
792,1392
745,1393
248,1394
64,1395
141,1398
310,1398
98,1403
47,1403
610,1406
346,1407
510,1408
1,1409
923,1409
348,1414
796,1414
738,1415
774,1415
221,1418
564,1418
110,1419
445,1424
364,1424
580,1426
14,1427
226,1428
677,1429
529,1432
801,1433
776,1434
120,1440
736,1441
841,1442
995,1443
554,1443
980,1444
583,1450
584,1455
934,1457
276,1458
723,1460
308,1463
874,1463
826,1466
820,1467
325,1467
884,1472
317,1474
646,1478
634,1481
408,1484
65,1484
216,1486
954,1489
224,1491
32,1493
844,1493
837,1496
726,1500
50,1507
863,1510
703,1515
530,1516
931,1519
446,1522
707,1524
807,1529
734,1534
825,1539
212,1541
396,1545
351,1546
862,1548
509,1548
946,1549
873,1549
433,1553
987,1553
805,1557
321,1561
625,1566
437,1567
589,1570
119,1571
688,1572
777,1573
199,1573
382,1577
614,1580
555,1580
353,1583
511,1588
764,1589
762,1590
117,1591
750,1592
968,1593
768,1596
335,1597
162,1602
613,1603
340,1608
61,1610
428,1612
691,1613
28,1615
339,1615
156,1615
602,1618
121,1618
889,1621
619,1622
95,1627
371,1630
823,1635
822,1635
635,1637
287,1638
845,1643
675,1644
571,1646
900,1649
401,1650
97,1651
472,1651
261,1653
785,1656
131,1657
895,1659
709,1659
91,1665
939,1666
6,1669
772,1671
909,1678
660,1686
752,1688
392,1691
255,1691
966,1692
45,1697
686,1702
161,1707
659,1709
493,1713
860,1714
527,1715
755,1717
799,1721
523,1726
850,1729
126,1731
188,1733
303,1734
684,1736
306,1738
285,1739
553,1739
566,1742
716,1743
699,1745
341,1748
272,1750
652,1750
107,1752
250,1755
113,1759
253,1764
547,1765
425,1768
670,1768
586,1770
834,1781
235,1782
133,1783
3,1788
898,1791
462,1793
658,1795
26,1798
354,1803
76,1804
400,1810
633,1816
349,1817
62,1819
58,1820
114,1822
905,1833
989,1839
362,1841
311,1846
943,1854
101,1858
588,1859
809,1860
322,1860
514,1871
500,1883
238,1888
551,1889
877,1890
629,1891
810,1895
332,1906
855,1909
40,1918
192,1919
735,1925
211,1925
293,1926
430,1927
981,1930
636,1933
23,1935
496,1939
426,1940
441,1940
894,1940
550,1941
556,1948
245,1949
690,1957
169,1963
549,1976
998,1980
887,1987
299,1988
409,1989
536,2001
891,2015
802,2025
848,2034
913,2043
474,2053
949,2056
105,2063
52,2068
80,2079
157,2084
327,2097
803,2097
678,2098
627,2099
843,2100
7,2101
794,2116
356,2121
269,2122
557,2122
638,2146
38,2155
331,2159
601,2162
449,2171
786,2175
265,2188
455,2191
57,2204
44,2210
237,2219
477,2223
892,2228
788,2231
600,2239
607,2249
816,2276
421,2292
46,2306
288,2316
166,2326
478,2332
804,2346
878,2353
666,2358
452,2361
270,2366
36,2382
60,2388
983,2404
404,2414
978,2428
405,2436
933,2440
197,2445
254,2456
656,2466
20,2475
142,2475
642,2495
492,2500
144,2507
876,2507
22,2509
138,2513
787,2536
763,2609
953,2609
592,2652
402,2666
901,2681
319,2698
266,2704
795,2725
286,2731
926,2780
611,2786
315,2788
388,2801
273,2807
399,2835
86,2963
370,2967
927,2983
649,3016
880,3029
215,3075
174,3104
37,3147
417,3150
808,3269
918,3312
84,3315
974,3551
899,3656
302,3849

simblock.block.ProofOfWorkBlock@116d5cd3:31
506,0
435,221
772,314
445,395
661,452
4,535
311,537
257,571
331,616
538,627
519,631
3,669
551,701
815,708
184,716
442,723
406,752
910,753
659,758
285,765
8,782
346,786
964,790
136,802
720,833
314,835
762,843
574,843
395,851
14,857
536,872
816,876
355,886
510,892
602,899
451,918
110,924
601,924
694,930
294,937
987,941
758,941
197,941
837,953
229,957
549,959
351,968
211,976
991,977
680,978
72,1001
11,1006
155,1008
883,1011
620,1014
540,1019
253,1020
855,1021
235,1022
847,1025
862,1041
231,1051
500,1053
308,1059
252,1059
952,1059
920,1061
986,1062
919,1067
527,1074
64,1088
556,1089
330,1091
219,1093
78,1106
226,1106
70,1107
967,1110
62,1110
891,1111
651,1114
828,1125
945,1128
701,1136
2,1140
977,1143
678,1144
390,1146
299,1147
734,1152
721,1158
676,1161
525,1163
185,1164
741,1169
568,1170
935,1176
171,1176
344,1176
559,1178
277,1182
569,1186
35,1188
787,1190
831,1191
554,1192
863,1192
629,1195
566,1196
494,1197
108,1197
68,1210
193,1215
450,1217
61,1222
806,1224
859,1226
105,1232
456,1233
742,1233
198,1235
594,1239
684,1243
291,1247
516,1248
981,1250
98,1251
152,1253
998,1257
749,1258
265,1260
829,1262
28,1264
683,1265
884,1269
690,1273
304,1273
373,1274
826,1276
332,1278
66,1278
52,1279
679,1279
626,1280
719,1286
130,1287
932,1301
504,1303
298,1304
982,1304
874,1304
73,1306
486,1310
429,1312
112,1319
572,1320
773,1322
674,1327
780,1330
547,1330
745,1330
382,1331
100,1333
38,1334
400,1340
842,1343
137,1345
241,1350
430,1351
259,1355
358,1355
738,1357
238,1360
212,1361
512,1363
310,1365
349,1365
1,1367
850,1369
300,1370
612,1373
801,1376
149,1386
150,1390
224,1391
225,1401
716,1402
822,1404
168,1408
343,1409
647,1411
777,1411
774,1412
923,1413
604,1413
691,1414
199,1416
729,1417
40,1419
139,1420
589,1422
47,1424
173,1426
307,1427
120,1428
353,1429
103,1436
692,1439
630,1445
454,1448
696,1448
249,1448
403,1448
350,1449
580,1450
334,1451
109,1461
447,1471
415,1474
576,1475
472,1477
598,1480
648,1481
141,1485
287,1491
625,1493
635,1493
327,1495
114,1496
755,1504
386,1504
264,1507
244,1508
9,1512
496,1512
753,1513
880,1514
581,1518
479,1522
704,1524
131,1530
270,1531
213,1531
702,1534
650,1534
453,1535
436,1536
117,1536
585,1542
631,1549
165,1549
27,1554
638,1562
621,1564
640,1568
59,1569
995,1571
893,1571
812,1573
160,1577
289,1578
843,1581
578,1582
290,1583
798,1586
544,1586
94,1586
565,1587
221,1590
896,1591
643,1591
903,1594
426,1594
65,1598
657,1600
32,1600
668,1600
23,1604
805,1608
93,1613
655,1614
201,1616
817,1626
116,1627
301,1633
579,1640
122,1640
532,1649
712,1654
693,1654
541,1655
220,1658
347,1659
764,1660
769,1662
80,1664
596,1670
448,1670
473,1671
699,1672
529,1684
124,1687
431,1693
616,1696
469,1699
364,1700
526,1703
940,1706
700,1708
186,1708
29,1712
88,1713
367,1714
711,1714
474,1715
204,1716
432,1720
545,1723
513,1724
912,1726
854,1732
24,1740
194,1740
727,1742
814,1742
733,1743
458,1745
180,1747
972,1751
942,1756
466,1761
992,1761
467,1761
92,1762
730,1762
825,1765
618,1765
227,1767
503,1768
497,1773
420,1774
654,1777
824,1779
583,1779
106,1780
489,1781
968,1787
841,1789
366,1789
904,1793
779,1799
560,1802
879,1812
481,1816
728,1817
63,1823
22,1825
71,1827
129,1833
917,1833
990,1834
766,1839
718,1840
309,1842
146,1843
206,1845
521,1848
958,1853
751,1856
868,1856
196,1860
82,1860
495,1871
608,1876
890,1879
924,1882
323,1882
778,1883
441,1884
838,1885
860,1886
624,1889
326,1890
836,1901
797,1902
570,1904
962,1911
460,1914
783,1914
187,1917
482,1918
214,1919
424,1920
49,1921
203,1924
872,1927
595,1929
182,1935
234,1936
163,1938
573,1938
821,1940
357,1940
963,1945
870,1945
42,1951
134,1953
515,1954
167,1954
276,1955
675,1956
31,1958
771,1958
215,1967
284,1967
748,1970
147,1976
528,1987
929,1992
205,1998
81,1998
239,1998
517,2000
710,2006
405,2010
18,2011
518,2012
955,2014
427,2016
375,2017
508,2026
267,2026
336,2028
950,2031
984,2033
865,2036
385,2038
50,2040
792,2048
552,2053
505,2056
639,2059
202,2061
260,2064
632,2074
951,2074
233,2076
164,2080
641,2090
296,2090
19,2092
449,2093
681,2094
10,2098
33,2102
856,2102
154,2106
176,2108
587,2109
419,2114
372,2114
54,2121
102,2125
159,2127
524,2130
183,2131
69,2132
118,2132
737,2133
133,2134
607,2136
148,2136
368,2137
617,2137
543,2148
468,2149
582,2156
759,2159
425,2160
210,2166
39,2167
973,2173
507,2178
869,2180
329,2187
969,2189
280,2190
15,2192
83,2193
642,2196
389,2200
434,2206
947,2208
959,2209
488,2213
905,2215
743,2227
790,2232
966,2232
172,2233
191,2234
462,2237
457,2249
324,2250
888,2253
976,2263
852,2267
41,2268
46,2268
770,2275
708,2283
941,2283
222,2283
537,2290
703,2292
782,2296
799,2297
615,2300
319,2300
673,2301
461,2305
846,2307
937,2308
861,2308
754,2313
925,2315
791,2321
392,2322
938,2322
483,2324
34,2330
997,2336
871,2340
534,2342
725,2345
811,2356
156,2359
53,2362
530,2362
781,2362
333,2364
663,2368
760,2369
740,2377
707,2379
921,2384
138,2384
666,2386
599,2393
407,2395
195,2402
633,2408
394,2410
767,2411
803,2415
851,2425
337,2425
143,2434
813,2453
653,2456
731,2457
145,2459
960,2466
84,2467
785,2468
775,2471
535,2471
682,2479
251,2479
417,2480
739,2481
915,2482
562,2482
590,2489
99,2494
866,2498
246,2502
705,2506
833,2515
671,2517
75,2518
873,2520
115,2536
818,2538
465,2539
111,2542
637,2543
802,2547
477,2547
724,2549
830,2553
786,2563
667,2569
388,2572
715,2574
597,2584
885,2605
584,2610
688,2620
858,2628
649,2631
297,2633
97,2634
455,2636
946,2638
158,2638
827,2646
609,2655
85,2656
985,2657
894,2660
965,2662
557,2662
656,2663
446,2664
354,2665
123,2668
628,2671
25,2671
971,2679
889,2688
542,2692
793,2694
342,2694
600,2714
321,2716
16,2718
575,2718
56,2718
658,2720
44,2722
898,2723
844,2728
393,2730
7,2738
190,2748
345,2755
878,2767
994,2772
391,2779
401,2789
370,2796
509,2798
845,2810
911,2815
247,2821
12,2828
1000,2832
592,2834
76,2834
886,2835
665,2838
376,2839
706,2862
377,2872
586,2873
934,2874
218,2874
438,2874
402,2882
823,2885
927,2892
58,2901
335,2910
404,2911
795,2912
909,2913
788,2919
561,2929
359,2931
493,2956
974,2966
834,2972
119,2974
60,2976
588,2980
614,2984
275,2987
636,2987
217,2996
96,3004
522,3010
876,3015
255,3028
757,3051
90,3053
732,3083
273,3097
128,3104
174,3109
918,3118
563,3118
125,3120
763,3124
978,3140
660,3141
687,3143
686,3160
808,3165
6,3167
87,3187
670,3203
539,3206
953,3223
897,3225
768,3226
371,3228
983,3235
892,3243
613,3262
514,3280
45,3332
286,3346
379,3348
340,3352
409,3369
161,3379
437,3380
281,3402
949,3420
698,3427
809,3431
338,3440
550,3489
433,3490
166,3515
875,3577
980,3588
339,3595
126,3629
887,3634
237,3681
722,3704
713,3719
292,3727
916,3756
611,3767
77,3877
939,3951
250,3967
619,4077
179,4078
37,4208
839,4349
877,4471
322,4721
800,4750
452,4972
352,5151
784,5551
363,5964
261,6459

simblock.block.ProofOfWorkBlock@37f7d3ca:32
892,0
362,391
611,545
462,691
455,790
523,837
166,932
250,1005
228,1081
807,1097
244,1120
156,1150
477,1227
142,1229
848,1246
224,1316
341,1341
401,1349
382,1362
6,1378
923,1380
823,1393
564,1402
921,1415
478,1423
636,1473
311,1485
304,1500
887,1504
332,1505
995,1520
60,1526
132,1535
646,1538
894,1552
117,1559
73,1585
815,1590
788,1594
170,1599
683,1607
325,1617
273,1619
181,1622
966,1631
232,1632
623,1634
408,1640
201,1642
220,1652
84,1659
863,1663
974,1666
845,1673
451,1678
583,1679
765,1684
547,1689
388,1691
162,1701
86,1706
235,1710
252,1717
364,1717
65,1724
616,1726
796,1729
716,1738
606,1741
138,1748
538,1749
216,1758
729,1766
877,1776
504,1782
386,1785
681,1786
400,1789
614,1797
373,1800
594,1804
322,1804
137,1806
112,1806
610,1807
28,1810
510,1811
122,1816
306,1817
61,1820
390,1823
447,1824
199,1840
282,1845
121,1856
837,1858
276,1858
906,1862
105,1864
361,1868
820,1869
741,1877
638,1878
314,1882
14,1884
757,1885
108,1888
935,1889
762,1890
593,1893
23,1895
913,1899
891,1900
755,1902
92,1903
308,1903
101,1905
549,1906
572,1907
40,1909
627,1909
78,1912
674,1917
922,1922
553,1923
782,1924
403,1927
399,1929
557,1930
334,1933
732,1936
812,1937
481,1938
545,1940
72,1940
365,1940
712,1940
172,1942
11,1943
936,1944
480,1947
397,1949
348,1952
634,1954
550,1954
432,1957
794,1957
9,1963
554,1964
644,1968
697,1969
777,1972
657,1973
381,1974
956,1974
910,1976
502,1979
411,1983
805,1985
178,1988
571,1992
621,1994
568,1994
415,1997
94,2001
297,2003
369,2006
577,2006
825,2007
43,2008
136,2011
486,2013
76,2017
355,2020
719,2022
472,2022
344,2023
816,2024
670,2024
269,2024
841,2026
454,2029
133,2031
801,2032
884,2032
967,2034
890,2036
617,2038
494,2042
591,2042
430,2046
946,2047
126,2052
773,2054
787,2054
445,2054
272,2056
431,2057
831,2058
977,2058
158,2059
264,2059
696,2060
107,2065
370,2065
912,2066
270,2066
939,2069
640,2070
870,2076
764,2076
367,2079
730,2079
202,2082
968,2083
356,2088
428,2089
483,2089
566,2091
721,2091
996,2091
804,2094
527,2094
653,2094
826,2097
123,2098
292,2099
169,2100
867,2101
255,2101
853,2101
32,2102
544,2102
114,2104
952,2105
211,2105
586,2107
4,2108
484,2111
444,2113
141,2114
450,2114
540,2114
52,2115
387,2117
155,2118
3,2118
661,2119
100,2119
310,2120
955,2121
986,2121
324,2122
900,2123
376,2128
513,2129
198,2130
406,2135
720,2135
580,2140
131,2141
44,2142
772,2143
753,2146
299,2146
957,2147
248,2147
333,2148
346,2148
650,2150
490,2157
140,2158
850,2159
987,2162
797,2163
487,2164
189,2164
426,2166
371,2168
596,2169
135,2172
463,2178
529,2179
643,2183
980,2184
496,2185
1,2185
491,2186
295,2186
329,2186
578,2187
160,2187
680,2187
238,2189
942,2190
647,2195
330,2198
626,2199
519,2200
479,2201
830,2201
2,2201
516,2203
744,2204
438,2206
12,2206
726,2207
567,2209
398,2212
416,2212
354,2213
263,2213
909,2213
629,2214
745,2214
106,2216
695,2218
766,2219
612,2220
878,2221
733,2221
176,2222
317,2222
534,2222
171,2223
168,2223
533,2226
197,2226
247,2226
359,2227
139,2228
551,2229
242,2230
47,2231
668,2231
495,2233
327,2237
556,2241
945,2243
886,2244
219,2245
320,2245
822,2246
115,2247
763,2250
294,2250
649,2250
208,2253
508,2254
22,2255
257,2256
536,2256
378,2258
813,2258
776,2260
742,2260
196,2261
218,2261
535,2263
671,2265
959,2267
847,2269
511,2270
998,2271
184,2273
358,2278
875,2278
279,2278
274,2278
506,2279
374,2279
570,2279
59,2280
590,2280
64,2284
278,2286
453,2287
808,2288
874,2289
932,2289
940,2291
569,2292
615,2293
290,2294
563,2296
246,2300
167,2300
130,2302
194,2304
662,2304
625,2305
283,2305
182,2305
752,2310
395,2311
663,2312
146,2315
349,2318
601,2321
501,2321
997,2322
287,2322
505,2323
817,2326
993,2330
659,2332
774,2334
339,2336
881,2338
90,2339
971,2339
737,2344
734,2351
655,2354
574,2356
173,2356
704,2357
979,2358
759,2359
552,2359
838,2360
259,2361
699,2362
828,2363
212,2364
930,2364
814,2365
761,2366
882,2368
422,2368
175,2369
110,2370
309,2370
187,2374
368,2375
846,2375
775,2379
154,2379
54,2379
439,2389
688,2391
280,2391
152,2393
301,2394
103,2394
599,2394
964,2395
750,2397
673,2399
528,2400
739,2401
888,2401
193,2402
226,2402
435,2402
824,2404
754,2405
83,2406
56,2407
520,2408
855,2409
93,2409
984,2411
410,2413
302,2415
353,2416
203,2416
313,2421
8,2421
597,2421
13,2424
434,2428
679,2429
351,2430
860,2430
833,2431
990,2433
628,2433
49,2433
209,2433
715,2434
104,2438
205,2439
471,2439
288,2442
337,2442
531,2447
937,2447
150,2448
80,2449
785,2449
532,2452
10,2453
159,2455
687,2455
975,2456
482,2456
731,2459
898,2460
470,2461
896,2462
164,2464
240,2464
908,2465
714,2465
352,2465
667,2466
542,2470
991,2470
7,2471
418,2472
221,2472
539,2473
978,2473
605,2475
985,2475
792,2475
285,2477
15,2478
464,2479
517,2480
684,2482
961,2485
99,2486
537,2486
253,2487
735,2488
960,2488
521,2490
839,2493
215,2495
147,2500
920,2502
756,2508
904,2511
944,2512
217,2517
321,2518
251,2521
862,2526
236,2529
42,2529
969,2531
928,2532
676,2536
700,2537
231,2538
74,2541
195,2543
919,2547
836,2548
702,2549
57,2549
191,2549
31,2552
407,2555
5,2557
58,2559
165,2559
992,2567
125,2569
707,2573
866,2574
338,2574
111,2575
19,2577
901,2579
902,2581
33,2581
75,2581
883,2582
791,2582
770,2582
645,2583
861,2585
748,2587
709,2590
743,2594
740,2595
116,2595
999,2596
722,2597
68,2597
286,2603
51,2604
145,2608
20,2616
915,2617
849,2617
868,2618
585,2621
806,2625
664,2626
555,2626
97,2627
672,2628
842,2629
326,2629
691,2630
914,2630
497,2632
363,2636
710,2638
924,2639
461,2642
711,2651
938,2651
234,2652
79,2653
260,2655
954,2656
651,2656
456,2656
300,2656
441,2657
62,2658
34,2659
907,2659
851,2660
241,2661
499,2661
331,2663
284,2663
789,2664
926,2664
633,2668
488,2674
642,2677
983,2685
512,2690
723,2692
419,2692
315,2692
798,2697
558,2702
134,2705
751,2707
157,2707
786,2710
749,2712
151,2717
303,2720
872,2722
694,2723
829,2725
119,2726
319,2728
465,2731
522,2731
559,2731
843,2735
525,2742
717,2743
780,2746
485,2747
953,2748
973,2750
718,2756
267,2761
457,2767
652,2769
229,2773
414,2776
565,2777
666,2777
458,2777
573,2778
384,2779
895,2785
188,2786
783,2789
35,2791
391,2791
854,2794
592,2794
128,2795
981,2796
949,2797
417,2799
427,2799
708,2805
713,2805
524,2811
143,2811
931,2814
87,2819
889,2825
21,2826
620,2830
442,2830
795,2832
970,2833
190,2834
98,2837
82,2838
587,2839
429,2840
161,2841
204,2841
821,2842
153,2853
810,2857
622,2858
803,2865
412,2865
357,2881
701,2891
27,2895
858,2896
493,2901
1000,2906
452,2907
576,2907
859,2909
654,2910
293,2911
318,2921
677,2923
113,2924
124,2926
258,2927
437,2929
747,2931
183,2934
96,2943
588,2945
885,2947
802,2949
421,2949
515,2951
210,2959
254,2960
17,2963
631,2968
402,2969
372,2970
225,2974
988,2977
424,2978
129,2984
396,2985
899,2985
682,2989
736,2990
880,2995
200,2996
934,3006
589,3008
307,3009
393,3010
227,3011
929,3026
45,3027
584,3028
261,3033
312,3039
656,3039
336,3041
561,3044
619,3045
409,3048
433,3049
36,3055
686,3055
844,3055
492,3058
245,3065
690,3074
818,3078
600,3080
340,3081
85,3082
206,3085
648,3088
943,3089
404,3090
500,3096
678,3100
298,3104
50,3108
24,3114
468,3120
148,3128
758,3132
618,3137
871,3143
834,3143
685,3151
38,3151
262,3151
635,3158
413,3162
95,3164
630,3180
856,3185
897,3220
467,3220
291,3224
91,3225
489,3226
767,3228
905,3236
724,3243
405,3246
778,3269
266,3273
989,3280
530,3281
379,3283
474,3285
976,3289
118,3289
972,3300
109,3308
948,3309
249,3325
703,3332
233,3335
771,3337
127,3338
779,3344
55,3346
265,3355
174,3369
26,3370
46,3371
893,3381
16,3385
746,3404
179,3404
392,3419
275,3440
149,3450
639,3456
449,3467
66,3471
927,3476
256,3477
335,3492
607,3493
675,3495
609,3518
214,3526
809,3528
624,3531
738,3531
514,3532
230,3572
446,3578
237,3578
768,3582
476,3611
37,3613
784,3650
207,3654
305,3654
518,3683
466,3693
144,3723
918,3735
53,3757
660,3780
658,3819
613,3830
509,3985
350,3991
425,4030
163,4033
876,4080
869,4135
933,4240
706,4474

simblock.block.ProofOfWorkBlock@14520fa5:32
927,0
795,396
592,708
361,730
38,1005
629,1140
253,1231
998,1266
707,1270
175,1408
775,1500
921,1517
445,1526
83,1681
544,1689
519,1763
723,1788
309,1855
563,1947
842,2014
663,2031
415,2051
158,2204
693,2250
568,2262
504,2313
25,2378
317,2511
222,2553
748,2557
341,2572
145,2726
270,2830
798,2854
439,2863
375,2900
111,3090
565,3128
671,3158
167,3213
763,3357
624,3429
470,3456
579,3566
878,3604
285,3727
800,3756
401,3858
217,3921
366,4030
85,4056
273,4117
493,4326
193,4331
845,4366
673,4640

simblock.block.ProofOfWorkBlock@de0fa95:33
805,0
332,225
61,443
637,497
891,525
616,633
491,648
464,673
914,708
244,714
661,763
982,765
104,803
308,813
389,821
139,823
141,846
959,859
296,860
416,867
946,869
443,879
993,882
262,913
800,917
280,917
382,927
516,932
543,936
24,939
3,953
343,969
916,971
263,972
439,972
743,988
554,988
458,996
923,1009
352,1012
170,1020
423,1020
147,1025
524,1030
89,1030
34,1031
246,1031
5,1036
29,1037
403,1038
120,1039
836,1039
872,1041
483,1041
689,1042
731,1059
349,1064
602,1065
534,1066
398,1068
289,1068
226,1072
628,1076
540,1082
728,1084
832,1087
19,1088
153,1088
42,1088
760,1089
281,1093
885,1095
39,1096
769,1096
935,1099
297,1099
341,1103
309,1104
839,1119
673,1119
310,1121
573,1121
191,1123
961,1125
859,1126
503,1126
422,1128
835,1128
897,1133
79,1140
767,1142
890,1143
453,1143
313,1144
427,1144
783,1145
838,1145
815,1145
235,1146
75,1152
133,1153
197,1155
208,1155
631,1156
797,1161
13,1162
690,1167
460,1167
59,1169
211,1171
965,1172
490,1172
655,1174
8,1175
590,1177
278,1179
893,1179
1000,1180
830,1180
520,1181
667,1183
353,1183
210,1184
17,1184
54,1185
708,1185
180,1187
478,1189
682,1190
632,1192
575,1194
999,1194
438,1198
372,1199
431,1203
976,1204
379,1207
713,1207
239,1208
270,1210
295,1212
394,1212
384,1214
345,1215
669,1216
330,1219
456,1220
579,1220
692,1222
222,1223
182,1224
459,1226
117,1226
758,1228
206,1228
149,1230
31,1231
545,1232
886,1233
643,1234
857,1234
137,1234
558,1236
300,1237
96,1237
397,1239
465,1239
824,1239
598,1239
903,1239
461,1240
508,1241
576,1242
522,1242
770,1243
870,1243
25,1245
526,1247
875,1247
243,1247
81,1248
482,1248
234,1248
203,1248
906,1249
779,1250
406,1250
648,1250
457,1253
510,1253
298,1253
998,1256
654,1256
668,1256
383,1259
333,1261
740,1262
219,1263
882,1268
409,1269
165,1270
827,1270
973,1274
715,1275
695,1276
347,1276
640,1277
217,1277
866,1278
338,1278
798,1279
744,1279
828,1281
469,1283
705,1283
21,1287
962,1287
721,1288
376,1288
436,1289
179,1289
789,1290
221,1292
127,1293
597,1294
698,1295
945,1296
928,1296
497,1297
257,1299
115,1300
622,1300
963,1300
528,1301
662,1301
209,1302
251,1303
917,1303
378,1304
685,1305
323,1305
316,1306
849,1307
185,1307
589,1308
929,1310
391,1311
871,1311
683,1312
125,1312
641,1312
852,1315
274,1317
555,1318
618,1319
583,1319
568,1319
4,1319
489,1319
200,1320
615,1322
201,1322
711,1326
515,1327
531,1328
88,1328
992,1331
725,1332
846,1332
435,1333
817,1333
18,1334
587,1334
287,1335
856,1336
375,1336
85,1337
499,1337
92,1337
129,1338
325,1338
781,1338
2,1339
773,1340
487,1340
407,1340
102,1341
938,1341
665,1341
624,1342
359,1343
761,1343
420,1344
645,1344
291,1345
194,1345
90,1346
69,1346
374,1347
902,1347
41,1349
236,1349
498,1350
896,1351
990,1352
609,1352
910,1353
77,1353
473,1354
722,1355
27,1356
70,1356
256,1357
268,1357
858,1360
717,1360
924,1360
542,1360
380,1362
118,1362
366,1362
759,1363
312,1363
277,1363
505,1364
249,1364
947,1364
955,1365
283,1365
271,1366
535,1367
958,1367
336,1367
337,1368
71,1370
868,1370
712,1371
230,1372
751,1373
586,1375
782,1375
154,1376
915,1376
1,1377
78,1377
985,1379
819,1379
595,1381
562,1384
582,1386
190,1388
997,1389
317,1390
950,1391
290,1391
812,1391
360,1393
205,1393
83,1393
937,1393
775,1393
214,1394
351,1394
471,1394
547,1395
223,1396
467,1397
63,1397
853,1397
334,1398
546,1400
687,1400
791,1400
621,1402
485,1403
30,1403
599,1404
908,1405
948,1407
507,1407
476,1407
82,1408
108,1409
55,1409
951,1410
714,1410
109,1411
292,1411
604,1413
591,1414
111,1414
12,1416
565,1417
368,1418
220,1420
320,1420
710,1420
994,1420
475,1420
94,1421
754,1421
729,1421
145,1422
176,1422
167,1423
48,1424
187,1424
755,1424
275,1425
148,1426
186,1426
56,1426
143,1427
737,1427
252,1428
663,1428
357,1430
814,1432
385,1432
574,1432
494,1435
605,1435
67,1436
68,1436
229,1438
900,1439
676,1441
850,1446
301,1447
480,1448
822,1448
570,1450
960,1452
719,1453
746,1453
442,1454
940,1456
984,1456
581,1457
311,1457
784,1458
879,1460
864,1461
699,1461
678,1462
415,1462
105,1462
33,1462
260,1465
183,1466
748,1466
756,1466
969,1467
975,1467
907,1472
132,1472
324,1472
151,1474
700,1475
204,1476
365,1477
73,1478
412,1478
123,1479
726,1480
23,1480
996,1481
10,1482
164,1483
414,1483
377,1483
470,1487
128,1489
865,1493
874,1494
561,1498
159,1499
603,1500
124,1500
922,1504
440,1505
806,1506
299,1506
548,1510
328,1510
593,1511
862,1512
466,1513
64,1514
537,1514
517,1515
390,1515
560,1517
813,1518
757,1519
258,1522
326,1523
49,1525
212,1527
794,1527
749,1527
519,1529
264,1529
766,1530
307,1530
472,1534
659,1534
790,1534
979,1536
93,1538
957,1539
572,1539
387,1539
653,1540
155,1541
734,1542
944,1542
932,1548
114,1550
861,1552
774,1552
793,1553
259,1556
664,1557
224,1558
304,1559
193,1560
51,1565
418,1565
100,1566
538,1568
585,1570
818,1571
912,1575
964,1575
371,1576
363,1577
419,1581
626,1584
825,1585
987,1585
541,1587
623,1587
765,1588
233,1589
130,1590
620,1590
671,1592
986,1593
38,1594
504,1594
196,1596
639,1598
122,1599
881,1606
741,1607
342,1608
495,1610
972,1610
931,1617
484,1617
680,1621
479,1623
16,1623
551,1624
429,1625
358,1626
53,1626
638,1632
502,1633
518,1634
218,1635
318,1636
496,1638
32,1638
967,1638
199,1639
792,1641
22,1646
745,1646
202,1646
911,1647
625,1648
272,1649
566,1651
160,1651
941,1655
704,1658
837,1659
134,1662
970,1666
650,1666
930,1667
238,1667
9,1668
829,1672
939,1672
738,1673
564,1674
434,1674
447,1674
943,1675
702,1676
816,1676
344,1678
432,1681
693,1682
672,1683
444,1683
28,1684
136,1686
285,1687
776,1689
855,1690
674,1691
329,1691
339,1697
350,1697
131,1697
884,1698
512,1699
596,1700
954,1701
181,1702
99,1704
408,1705
331,1709
500,1709
450,1712
697,1713
52,1718
780,1722
381,1723
681,1724
841,1725
691,1726
860,1728
578,1730
373,1730
980,1731
242,1731
62,1731
87,1733
753,1735
152,1735
894,1737
11,1738
184,1739
867,1742
327,1742
279,1743
253,1745
445,1746
646,1747
527,1751
231,1751
777,1756
630,1757
240,1763
610,1767
942,1768
135,1768
840,1769
346,1769
863,1769
424,1770
356,1771
511,1771
764,1772
634,1774
978,1774
612,1778
925,1779
539,1781
207,1782
189,1782
847,1783
50,1785
826,1785
723,1788
977,1789
175,1791
66,1794
367,1794
567,1797
577,1802
395,1802
451,1804
772,1808
396,1808
393,1809
563,1810
820,1811
513,1815
927,1821
40,1822
549,1823
72,1824
413,1824
559,1824
188,1829
851,1831
952,1837
474,1837
617,1837
158,1839
140,1839
696,1844
232,1845
580,1849
635,1851
730,1852
901,1852
361,1852
463,1854
305,1858
801,1859
592,1861
173,1864
968,1866
454,1869
213,1870
248,1871
971,1871
752,1873
921,1873
110,1876
569,1883
995,1888
956,1898
425,1899
707,1902
544,1903
241,1904
192,1905
644,1905
727,1906
778,1909
629,1911
269,1915
919,1916
426,1918
652,1923
966,1927
171,1927
788,1930
405,1932
557,1933
887,1935
533,1936
888,1938
161,1939
606,1943
369,1944
402,1949
594,1953
556,1953
988,1955
433,1955
410,1957
430,1963
651,1963
553,1967
163,1970
936,1971
601,1973
355,1974
178,1977
421,1978
58,1979
417,1981
804,1982
364,1983
807,1985
703,1985
265,1987
26,1994
80,1994
613,1996
509,2004
400,2008
877,2011
821,2012
35,2016
845,2021
340,2024
718,2024
675,2024
913,2025
657,2026
216,2026
732,2029
904,2029
785,2031
833,2032
550,2033
684,2034
686,2035
57,2036
370,2043
116,2044
796,2045
411,2050
113,2051
7,2055
536,2056
448,2057
530,2066
86,2067
388,2069
168,2070
91,2071
909,2073
354,2077
811,2079
44,2085
898,2086
162,2087
156,2087
348,2088
953,2090
267,2094
771,2095
452,2096
677,2096
981,2106
138,2106
273,2113
237,2113
501,2115
762,2117
588,2118
716,2120
481,2122
386,2125
20,2125
739,2131
492,2132
112,2135
47,2136
688,2137
636,2144
656,2145
786,2154
679,2156
571,2170
803,2170
97,2172
848,2174
647,2180
933,2183
883,2185
392,2187
322,2188
284,2193
446,2196
787,2205
106,2206
627,2209
983,2210
795,2218
437,2224
468,2225
14,2225
991,2225
895,2236
608,2237
126,2239
607,2240
742,2243
293,2245
477,2247
303,2247
810,2253
920,2254
529,2258
670,2259
878,2261
321,2264
905,2268
532,2271
65,2275
455,2276
843,2280
642,2286
103,2292
399,2296
934,2298
247,2306
314,2307
255,2310
611,2312
36,2321
831,2332
261,2349
619,2353
486,2364
146,2367
225,2376
750,2391
74,2396
506,2398
493,2399
614,2399
701,2401
706,2404
195,2411
404,2412
649,2420
37,2430
150,2445
720,2447
658,2449
288,2450
45,2455
157,2455
107,2464
823,2469
834,2470
119,2470
869,2482
315,2490
294,2502
735,2516
250,2521
6,2525
166,2534
892,2538
521,2550
335,2552
694,2553
736,2572
198,2579
747,2581
552,2591
660,2605
809,2606
98,2627
525,2639
873,2645
880,2646
177,2656
799,2679
319,2696
306,2702
302,2703
974,2706
428,2709
142,2709
15,2725
276,2725
724,2727
600,2764
227,2767
842,2799
286,2804
174,2837
523,2852
802,2856
926,2860
84,2869
282,2896
768,2897
854,2906
949,2921
441,2934
362,2961
76,2975
43,2975
808,3006
633,3021
899,3043
215,3050
733,3065
172,3079
666,3084
709,3139
918,3141
254,3211
514,3216
462,3263
245,3265
488,3266
144,3308
449,3336
169,3348
876,3352
95,3388
266,3482
121,3518
844,3560
989,3592
401,3637
763,3775
46,3824
584,3840
228,3847
889,3925
60,4133
101,4165

simblock.block.ProofOfWorkBlock@12579c2d:34
776,0
513,218
825,299
381,380
967,437
403,461
831,521
486,527
712,550
841,599
749,603
400,609
502,661
103,676
40,689
753,697
869,726
406,743
726,744
197,744
94,762
107,766
160,773
606,785
27,796
479,819
859,819
23,825
826,826
510,827
196,830
504,846
235,865
577,872
545,878
54,900
807,901
248,903
472,903
373,908
221,908
716,910
952,910
415,917
569,918
896,921
90,936
325,939
83,948
813,949
390,956
112,960
729,965
593,971
105,972
630,985
470,986
199,987
122,988
311,992
625,992
647,992
355,993
195,993
444,994
162,996
73,1000
832,1004
567,1007
906,1008
998,1029
601,1032
202,1033
61,1035
968,1037
1,1044
986,1046
3,1049
882,1051
838,1052
661,1053
270,1055
495,1055
745,1059
165,1061
610,1069
691,1070
512,1070
720,1071
297,1075
553,1077
367,1078
676,1081
594,1082
540,1082
816,1085
412,1086
216,1087
167,1089
604,1092
480,1092
432,1093
955,1096
309,1101
131,1102
106,1110
721,1114
308,1114
88,1114
277,1119
564,1123
226,1124
907,1125
794,1126
371,1127
463,1128
201,1128
936,1131
742,1131
168,1131
189,1132
351,1135
229,1138
294,1140
314,1142
539,1142
516,1143
187,1144
424,1144
740,1146
98,1148
681,1149
279,1152
527,1153
547,1154
699,1156
448,1158
576,1159
910,1160
556,1162
648,1164
377,1165
426,1166
348,1169
369,1170
205,1174
922,1174
173,1175
344,1176
461,1176
733,1176
758,1177
914,1181
956,1183
683,1185
572,1187
304,1187
342,1190
589,1194
900,1197
299,1197
298,1199
743,1201
329,1201
356,1202
529,1203
541,1204
847,1206
451,1207
64,1208
563,1208
423,1209
535,1209
396,1209
478,1210
696,1211
497,1212
353,1213
544,1213
659,1213
772,1213
787,1214
583,1215
81,1215
427,1216
454,1216
511,1217
241,1218
220,1220
252,1220
145,1222
843,1223
755,1224
701,1224
146,1225
272,1227
494,1227
915,1233
310,1234
459,1236
923,1236
276,1237
644,1238
629,1238
115,1239
622,1241
856,1243
746,1243
925,1243
533,1245
117,1245
963,1246
857,1247
982,1250
765,1251
457,1251
9,1252
559,1255
30,1257
171,1257
672,1258
14,1258
638,1259
154,1261
11,1261
885,1262
542,1264
443,1265
136,1265
996,1265
332,1267
837,1267
685,1268
318,1268
713,1268
178,1269
77,1270
346,1271
141,1272
143,1273
975,1273
491,1275
891,1276
22,1276
120,1279
842,1279
690,1281
15,1282
170,1288
32,1289
108,1289
764,1291
635,1291
66,1291
99,1292
34,1292
25,1292
331,1293
992,1294
669,1295
586,1296
224,1296
361,1297
714,1297
867,1297
2,1297
868,1298
883,1298
312,1298
677,1299
912,1300
222,1300
175,1300
901,1300
520,1303
435,1303
137,1304
484,1304
820,1306
697,1307
977,1308
839,1308
871,1309
290,1310
987,1310
702,1311
349,1313
997,1313
781,1313
551,1314
650,1314
364,1315
414,1315
664,1317
475,1318
835,1318
565,1318
63,1319
259,1319
817,1320
429,1321
591,1323
935,1324
830,1326
850,1328
637,1332
579,1333
920,1333
18,1335
568,1336
330,1338
778,1339
300,1340
662,1341
995,1343
734,1344
762,1345
334,1345
72,1346
582,1347
219,1347
386,1347
590,1349
481,1350
946,1350
738,1350
236,1351
621,1351
870,1352
281,1352
575,1354
719,1354
365,1356
988,1358
711,1358
28,1358
554,1359
780,1360
723,1360
536,1361
135,1361
383,1362
471,1363
296,1363
153,1364
244,1366
184,1367
950,1368
5,1368
398,1370
939,1371
450,1371
979,1372
580,1372
855,1374
667,1374
566,1375
366,1375
822,1375
947,1376
186,1376
612,1377
815,1378
760,1378
779,1379
496,1382
501,1384
684,1384
617,1384
305,1387
921,1387
694,1389
292,1390
884,1391
181,1392
52,1393
665,1394
13,1395
671,1395
643,1395
132,1395
980,1397
307,1397
317,1397
411,1398
908,1398
74,1400
358,1400
562,1400
218,1400
640,1402
518,1402
327,1407
549,1408
488,1408
238,1409
482,1411
917,1412
754,1413
708,1413
282,1413
570,1415
673,1416
717,1418
387,1418
655,1418
728,1420
704,1424
827,1424
705,1426
651,1426
389,1426
972,1427
657,1427
385,1428
741,1428
981,1429
264,1430
819,1431
139,1431
104,1433
271,1433
8,1433
65,1433
116,1434
407,1437
382,1437
931,1439
961,1441
506,1445
814,1447
812,1447
198,1447
560,1450
623,1450
634,1452
806,1453
409,1453
182,1454
78,1458
38,1462
698,1463
102,1464
783,1464
67,1466
395,1469
678,1469
602,1470
761,1471
324,1471
204,1472
736,1474
232,1477
624,1479
525,1480
801,1480
775,1481
133,1481
487,1481
893,1481
598,1484
902,1488
460,1489
434,1489
338,1491
531,1491
722,1492
730,1492
333,1493
87,1494
62,1494
517,1495
528,1495
805,1495
291,1497
620,1498
792,1502
419,1506
546,1509
262,1509
110,1512
505,1513
937,1514
323,1515
430,1517
320,1517
155,1519
253,1519
798,1522
929,1528
862,1528
249,1529
209,1529
653,1529
710,1531
368,1533
19,1535
991,1535
821,1538
287,1538
938,1540
960,1541
124,1544
350,1546
265,1547
96,1547
268,1548
585,1549
682,1549
336,1550
55,1550
207,1553
957,1554
149,1556
68,1557
357,1561
942,1562
818,1564
789,1566
777,1568
605,1571
416,1571
206,1572
17,1573
274,1574
674,1574
257,1574
256,1578
283,1579
689,1581
152,1581
739,1581
954,1582
118,1584
748,1584
797,1585
595,1585
328,1587
615,1588
984,1589
587,1590
43,1592
793,1593
288,1596
800,1596
49,1596
928,1598
89,1600
278,1601
874,1601
211,1602
759,1602
51,1605
4,1606
440,1608
858,1609
930,1613
466,1613
919,1616
767,1616
964,1618
35,1620
418,1624
29,1630
993,1630
485,1631
212,1632
326,1632
225,1634
92,1636
692,1637
372,1639
410,1639
48,1642
791,1643
157,1644
258,1647
130,1647
172,1651
483,1651
824,1652
796,1652
784,1653
16,1655
41,1656
555,1656
774,1657
100,1662
499,1663
69,1665
301,1668
828,1668
275,1669
39,1670
363,1670
378,1672
994,1672
111,1674
10,1675
183,1676
695,1677
596,1677
771,1678
374,1681
809,1681
890,1684
12,1685
578,1688
442,1689
24,1690
618,1696
864,1698
944,1699
56,1704
164,1705
658,1707
632,1707
53,1709
731,1709
537,1713
888,1714
284,1715
408,1717
932,1718
47,1719
782,1719
180,1721
246,1726
597,1728
881,1733
239,1734
123,1735
447,1737
469,1738
608,1744
766,1747
507,1749
725,1751
380,1754
534,1754
687,1756
493,1758
230,1759
693,1760
840,1760
347,1760
727,1764
71,1764
515,1766
909,1767
532,1767
508,1771
191,1775
500,1775
42,1776
467,1776
903,1778
639,1778
247,1778
394,1779
829,1781
1000,1789
519,1791
82,1792
140,1797
142,1798
628,1802
163,1806
177,1806
852,1809
866,1811
422,1812
642,1812
476,1816
715,1821
724,1821
119,1821
498,1821
401,1822
468,1822
417,1824
227,1825
193,1826
251,1830
148,1837
795,1838
757,1842
911,1842
462,1843
208,1845
46,1847
626,1847
134,1847
879,1848
397,1849
948,1850
31,1850
949,1855
179,1857
543,1861
836,1862
456,1862
636,1863
75,1865
125,1872
159,1874
886,1874
421,1876
584,1877
129,1880
60,1882
234,1884
851,1884
803,1887
905,1889
875,1889
245,1891
293,1891
80,1891
846,1893
679,1904
492,1906
465,1906
823,1906
21,1907
316,1911
340,1915
876,1918
302,1921
254,1924
735,1926
376,1927
924,1927
990,1930
941,1930
737,1930
91,1933
261,1934
286,1935
756,1935
413,1935
861,1937
573,1939
203,1939
834,1943
609,1944
354,1945
799,1945
770,1949
670,1949
313,1949
339,1949
747,1952
113,1952
860,1952
863,1953
811,1953
788,1955
854,1957
458,1958
786,1961
341,1962
895,1962
285,1963
321,1964
763,1965
428,1968
592,1969
57,1969
147,1978
530,1979
574,1982
101,1987
243,1989
959,1998
240,1999
158,2000
37,2002
260,2006
810,2010
675,2011
362,2011
295,2013
989,2016
503,2016
538,2017
969,2021
420,2025
965,2031
971,2035
489,2035
431,2036
109,2040
266,2044
161,2053
773,2054
315,2056
263,2056
700,2061
899,2063
441,2064
335,2069
581,2072
523,2072
114,2074
514,2078
873,2081
343,2083
128,2085
79,2089
614,2090
436,2100
33,2101
127,2103
940,2116
790,2118
213,2119
121,2122
473,2125
999,2129
445,2130
897,2134
848,2136
951,2137
970,2140
95,2141
550,2142
384,2159
666,2166
156,2171
611,2172
668,2173
194,2174
399,2180
521,2183
509,2184
289,2188
844,2189
84,2191
359,2192
752,2195
887,2195
646,2197
7,2198
85,2198
59,2205
223,2209
433,2209
280,2209
943,2212
437,2214
26,2214
641,2219
953,2227
627,2228
889,2229
645,2229
176,2235
660,2246
524,2246
375,2248
76,2251
631,2261
490,2263
750,2268
833,2273
913,2275
214,2290
393,2294
616,2299
916,2301
652,2303
388,2305
945,2307
464,2308
70,2311
151,2315
894,2318
607,2322
898,2329
93,2333
6,2338
588,2339
599,2349
269,2351
192,2354
853,2362
962,2363
169,2375
654,2375
558,2382
391,2383
237,2384
934,2393
379,2397
231,2403
603,2413
453,2422
217,2428
656,2430
904,2435
686,2445
150,2449
974,2456
804,2457
973,2468
680,2468
663,2476
233,2482
548,2484
352,2485
976,2489
768,2505
477,2509
845,2514
345,2516
732,2531
439,2538
190,2540
872,2557
58,2559
927,2560
522,2562
138,2570
404,2579
744,2587
769,2592
880,2600
526,2609
552,2625
425,2631
402,2631
785,2637
449,2642
706,2651
633,2651
751,2658
985,2662
958,2664
360,2674
86,2683
200,2689
255,2714
561,2719
242,2732
892,2752
718,2766
474,2766
849,2784
306,2792
600,2819
185,2834
267,2835
877,2860
619,2863
337,2865
188,2888
210,2895
215,2900
613,2902
166,2912
926,2913
438,2962
703,2980
707,3008
126,3014
250,3034
688,3047
865,3071
557,3078
50,3082
303,3103
983,3108
709,3109
228,3140
966,3162
174,3166
933,3200
319,3233
446,3274
918,3312
144,3335
405,3342
20,3348
802,3383
370,3388
808,3412
322,3420
36,3458
392,3523
455,3564
978,3585
649,3586
97,3648
45,3660
44,3668
273,3773
452,3845
878,3919
571,4026

simblock.block.ProofOfWorkBlock@4f5f8e5e:35
541,0
387,151
757,207
195,268
797,304
971,335
737,355
457,367
687,391
359,412
106,416
420,426
67,452
89,454
177,468
838,472
751,484
938,485
608,508
295,512
487,514
886,521
537,542
798,543
767,547
384,549
890,550
713,565
534,567
251,569
456,571
300,574
74,578
993,593
151,601
127,602
324,602
376,604
784,606
778,608
154,609
714,620
54,620
744,623
849,624
790,628
88,630
442,633
134,634
102,637
33,650
343,657
761,658
975,660
948,662
410,663
597,663
653,666
575,668
200,673
75,675
535,677
125,677
558,680
561,682
958,685
830,687
182,688
465,690
267,690
999,691
984,693
505,694
77,700
347,700
320,707
337,708
870,715
836,717
914,718
528,718
453,719
68,720
292,722
431,722
289,722
526,729
146,730
233,731
740,732
872,734
143,734
193,736
538,739
644,739
34,741
851,742
5,744
717,744
263,747
970,747
996,748
908,748
309,750
185,750
718,750
323,752
491,756
925,758
342,760
262,761
522,768
739,769
247,769
274,769
672,770
545,774
620,774
599,774
754,775
673,776
118,777
236,778
205,778
278,781
609,781
194,781
521,783
333,786
83,787
668,790
715,790
363,790
641,792
439,793
458,797
940,798
281,799
591,799
858,800
828,800
104,801
17,802
70,803
866,805
375,805
546,805
498,805
187,806
520,806
682,809
853,810
471,810
490,811
932,813
316,815
728,815
298,816
928,816
560,818
864,820
915,820
398,823
59,824
239,824
992,826
275,826
833,826
704,827
654,828
191,831
903,832
747,832
55,832
467,833
856,834
418,835
669,835
139,837
469,838
208,839
965,839
336,840
24,842
180,842
470,842
328,843
920,845
579,847
916,848
941,848
8,848
214,850
69,850
10,850
960,851
706,852
165,853
443,856
663,857
532,857
766,858
39,860
662,860
664,860
963,861
503,861
508,862
366,862
71,862
222,862
29,864
861,864
210,864
488,865
464,867
868,868
172,868
622,870
783,870
897,870
832,870
202,871
813,871
730,872
879,872
167,873
377,873
746,874
973,875
128,877
791,877
524,879
440,880
85,880
581,881
412,882
824,883
147,883
929,883
27,884
924,887
383,888
565,888
819,889
590,894
476,894
153,895
760,895
234,896
907,896
985,896
708,898
700,899
473,899
257,899
955,900
827,901
612,901
779,902
882,902
19,903
485,903
213,905
972,906
582,906
260,906
722,908
284,908
595,909
351,909
352,909
379,910
632,911
531,911
230,911
15,912
283,913
789,913
904,915
570,916
296,917
552,917
573,917
756,919
629,919
209,919
394,920
90,920
268,920
852,920
79,920
489,921
459,922
475,925
781,925
981,925
249,926
615,926
695,927
358,927
671,927
280,928
256,929
92,931
681,932
665,932
945,933
13,933
360,934
698,934
959,934
976,935
769,935
902,936
840,937
605,938
378,938
871,939
997,939
988,939
770,940
585,940
562,940
372,940
130,941
630,944
63,946
811,949
31,950
869,951
885,951
888,952
602,952
604,952
203,953
380,954
145,956
48,956
329,956
419,957
448,958
42,960
743,960
49,962
327,964
87,966
543,966
969,966
240,967
461,967
218,967
587,968
628,968
229,968
460,969
950,969
1000,970
93,970
164,972
438,973
759,974
149,975
56,976
422,976
12,977
881,977
326,977
518,978
368,981
725,981
190,982
148,982
818,982
912,983
846,983
374,985
648,985
424,985
414,985
21,986
947,987
436,987
407,989
817,991
393,991
517,991
204,991
389,992
30,992
271,993
423,994
96,996
639,997
468,998
124,998
631,998
129,998
637,998
667,1000
434,1002
258,1006
345,1007
350,1007
586,1008
116,1010
290,1011
466,1011
610,1012
758,1012
159,1012
857,1013
123,1013
962,1014
297,1014
385,1017
357,1017
307,1017
482,1017
574,1018
875,1020
416,1021
81,1023
163,1023
576,1023
16,1024
692,1024
944,1025
814,1028
911,1028
923,1031
226,1031
427,1033
115,1035
18,1035
710,1035
497,1037
231,1038
41,1039
515,1039
301,1039
655,1040
736,1040
198,1041
176,1042
951,1043
800,1045
217,1046
391,1047
772,1047
25,1048
994,1049
893,1050
313,1051
501,1051
542,1052
990,1053
227,1054
616,1055
645,1056
782,1057
53,1058
111,1058
99,1058
624,1058
502,1059
957,1060
478,1060
603,1062
793,1062
711,1063
367,1065
282,1066
150,1068
499,1071
109,1071
917,1071
179,1077
618,1077
937,1078
152,1079
397,1080
243,1082
507,1083
173,1085
731,1087
854,1088
288,1088
598,1090
396,1091
773,1096
979,1101
496,1102
338,1102
82,1103
223,1104
294,1105
705,1106
305,1108
14,1108
408,1112
158,1115
775,1115
701,1115
685,1115
435,1116
80,1116
463,1119
865,1120
486,1121
906,1122
117,1126
659,1126
826,1128
821,1131
720,1132
186,1133
693,1134
689,1135
699,1135
483,1138
479,1139
299,1140
364,1141
246,1147
98,1150
847,1155
386,1156
640,1158
982,1161
859,1162
312,1163
578,1164
64,1166
35,1166
764,1167
183,1167
548,1172
748,1172
815,1172
400,1173
842,1174
103,1179
62,1180
365,1181
72,1182
454,1183
850,1186
835,1189
961,1190
277,1191
939,1195
317,1197
3,1197
430,1199
555,1201
942,1202
331,1203
349,1205
40,1207
536,1211
697,1211
855,1212
860,1215
334,1215
252,1218
930,1219
211,1219
206,1220
839,1222
805,1223
680,1225
264,1226
577,1227
677,1228
61,1230
900,1232
946,1233
533,1235
1,1237
525,1237
135,1237
511,1238
771,1240
197,1241
141,1243
432,1247
51,1247
122,1250
47,1250
259,1252
168,1253
43,1254
547,1254
674,1255
11,1258
65,1260
919,1262
411,1265
774,1266
73,1267
977,1268
723,1269
626,1269
395,1269
684,1270
986,1271
964,1271
792,1274
253,1274
248,1276
189,1277
727,1278
155,1278
796,1281
884,1283
572,1284
472,1284
4,1285
843,1286
891,1289
265,1290
356,1290
241,1291
207,1292
922,1292
742,1293
272,1293
589,1293
729,1295
549,1297
506,1297
242,1297
807,1298
980,1298
308,1299
580,1301
806,1302
279,1304
794,1309
635,1315
445,1317
643,1319
341,1319
527,1320
657,1320
801,1322
112,1323
369,1324
504,1324
110,1325
910,1329
175,1330
874,1330
593,1331
787,1336
734,1338
100,1340
52,1341
140,1341
956,1341
554,1342
409,1342
406,1342
160,1342
500,1343
823,1345
78,1348
741,1351
494,1353
749,1354
451,1354
276,1357
829,1359
661,1360
382,1360
23,1362
954,1362
968,1364
484,1366
678,1368
863,1371
967,1371
108,1371
36,1376
638,1377
344,1379
481,1379
613,1380
995,1382
596,1382
676,1384
346,1386
931,1389
291,1391
310,1392
181,1395
219,1397
162,1398
921,1406
2,1406
413,1407
987,1410
429,1410
38,1411
224,1412
719,1415
625,1415
314,1420
733,1421
311,1423
390,1424
201,1427
634,1428
171,1429
495,1432
978,1432
601,1434
480,1435
594,1436
361,1439
896,1441
898,1443
712,1443
762,1445
142,1446
647,1448
841,1450
330,1451
355,1455
559,1456
161,1458
519,1461
131,1462
776,1462
690,1464
563,1469
566,1470
105,1470
287,1472
170,1474
403,1475
933,1489
883,1495
516,1497
780,1504
880,1508
132,1509
9,1511
696,1513
617,1514
621,1514
216,1516
107,1518
845,1522
786,1522
237,1525
901,1528
66,1530
966,1531
84,1534
335,1535
373,1537
509,1538
679,1540
244,1543
716,1547
750,1548
989,1550
513,1550
255,1553
529,1556
405,1557
935,1558
22,1559
998,1559
755,1564
196,1565
721,1567
848,1573
144,1574
113,1575
50,1576
261,1580
433,1581
844,1583
450,1592
745,1593
321,1602
270,1603
735,1603
120,1604
133,1605
388,1605
777,1608
568,1608
322,1611
583,1614
892,1615
636,1618
26,1620
452,1621
831,1621
670,1624
765,1626
91,1626
651,1630
348,1634
402,1634
137,1635
709,1636
660,1637
332,1638
94,1638
523,1638
550,1640
371,1641
650,1641
623,1644
694,1644
803,1645
455,1645
46,1646
340,1649
86,1652
877,1658
949,1664
245,1666
646,1667
810,1667
285,1668
6,1669
592,1674
232,1676
600,1682
401,1683
691,1684
212,1685
238,1686
425,1692
392,1697
816,1700
804,1704
553,1708
166,1708
666,1712
381,1714
732,1716
606,1722
28,1732
184,1734
530,1734
753,1735
567,1736
607,1745
318,1759
812,1762
822,1776
873,1792
539,1800
556,1804
269,1804
913,1806
114,1808
220,1811
540,1815
569,1818
557,1825
809,1828
44,1833
477,1840
658,1842
325,1846
991,1858
726,1859
199,1859
293,1868
235,1870
927,1873
895,1875
354,1875
926,1876
156,1879
642,1880
304,1882
887,1891
627,1892
404,1896
686,1898
399,1900
820,1904
544,1906
799,1906
551,1906
474,1908
339,1926
588,1927
688,1931
370,1932
834,1934
876,1934
795,1943
447,1947
303,1957
266,1972
564,1973
415,1985
462,1989
353,1990
215,1997
306,2007
493,2010
58,2012
702,2015
652,2024
752,2028
656,2036
683,2040
254,2046
426,2051
444,2076
889,2079
138,2085
909,2093
785,2096
707,2106
221,2118
492,2125
514,2142
619,2144
421,2148
95,2157
649,2166
862,2169
441,2169
768,2181
952,2185
802,2192
808,2194
905,2198
825,2214
703,2218
225,2221
126,2229
119,2231
273,2232
633,2255
192,2272
512,2288
934,2294
228,2297
37,2301
675,2320
76,2329
97,2335
101,2362
57,2363
837,2389
510,2394
60,2434
763,2442
584,2450
286,2452
315,2453
136,2458
121,2469
449,2475
174,2514
611,2559
867,2565
32,2573
302,2595
878,2612
178,2629
45,2646
188,2740
724,2740
157,2750
738,2750
894,2751
983,2781
936,2810
169,2811
788,2842
571,2850
953,2930
899,2937
417,2952
943,3022
437,3041
250,3049
428,3095
918,3121
362,3146
20,3229
974,3325
319,3390
7,3444
446,3571
614,3692

simblock.block.ProofOfWorkBlock@49a5951b:36
619,0
516,793
906,1008
729,1090
390,1150
806,1181
272,1226
197,1263
807,1308
702,1310
623,1344
850,1368
356,1390
100,1393
318,1398
287,1436
841,1449
921,1451
94,1472
232,1477
486,1483
259,1484
712,1506
244,1524
451,1528
494,1531
901,1532
643,1536
311,1565
606,1572
812,1573
519,1588
568,1611
883,1616
771,1617
395,1617
73,1619
680,1621
365,1624
381,1635
745,1647
765,1655
168,1657
476,1660
677,1664
279,1671
108,1674
547,1687
361,1695
525,1697
403,1699
801,1701
224,1701
825,1704
264,1705
9,1707
720,1715
406,1718
107,1730
755,1732
132,1739
341,1741
110,1741
551,1746
859,1753
638,1753
995,1755
141,1755
741,1756
690,1757
415,1768
676,1783
831,1785
373,1787
249,1787
749,1788
510,1788
986,1789
173,1792
430,1801
394,1806
435,1812
721,1813
235,1814
827,1821
481,1822
478,1824
152,1827
922,1829
527,1835
248,1835
337,1836
736,1837
862,1837
317,1838
130,1838
64,1841
699,1842
2,1842
314,1844
569,1845
577,1853
171,1855
408,1855
288,1858
226,1868
162,1869
178,1871
572,1871
304,1871
409,1872
78,1873
28,1876
11,1876
742,1881
692,1883
919,1883
444,1884
503,1885
761,1889
189,1894
387,1895
62,1895
112,1896
657,1897
651,1905
170,1912
40,1916
325,1917
610,1917
952,1918
977,1920
308,1921
601,1922
252,1924
221,1924
839,1925
211,1925
837,1926
696,1927
447,1934
800,1934
753,1935
589,1935
719,1936
513,1938
372,1939
114,1940
124,1941
348,1941
175,1946
500,1949
105,1949
647,1950
691,1951
14,1953
910,1954
39,1956
566,1956
650,1957
432,1959
137,1960
564,1962
4,1962
991,1962
201,1964
117,1966
533,1967
213,1971
819,1971
240,1971
981,1971
216,1972
540,1975
683,1976
155,1977
776,1978
529,1978
891,1979
987,1979
158,1983
225,1988
466,1989
160,1991
61,1992
420,1994
222,1995
632,1998
332,1998
625,1999
88,2000
630,2001
684,2001
23,2005
829,2005
594,2006
1000,2008
998,2009
330,2009
353,2011
386,2012
764,2013
426,2013
718,2013
220,2014
726,2015
760,2015
65,2016
659,2021
98,2021
701,2022
733,2022
603,2023
935,2024
496,2026
661,2027
996,2027
835,2028
136,2031
687,2032
958,2035
199,2035
369,2036
495,2036
669,2038
135,2040
397,2041
355,2041
939,2044
820,2044
772,2044
554,2044
975,2047
578,2048
997,2050
722,2051
556,2053
826,2054
270,2054
797,2054
796,2055
936,2057
223,2059
537,2059
586,2059
400,2060
93,2061
867,2061
445,2062
47,2062
257,2062
789,2062
815,2064
450,2065
884,2066
472,2068
780,2068
879,2070
10,2071
80,2072
196,2072
816,2072
291,2072
672,2074
463,2076
454,2085
616,2086
479,2086
338,2088
697,2088
532,2089
678,2090
448,2091
299,2092
538,2094
685,2094
146,2094
1,2094
950,2095
531,2095
855,2096
512,2097
553,2098
3,2098
762,2101
583,2103
798,2103
484,2103
502,2104
923,2105
184,2106
139,2107
459,2110
247,2111
346,2112
253,2114
276,2116
334,2118
674,2118
282,2118
15,2119
214,2120
716,2120
205,2123
52,2124
573,2124
440,2124
842,2126
103,2126
212,2131
181,2135
367,2136
694,2136
546,2137
641,2139
120,2139
856,2139
931,2142
506,2143
875,2145
106,2145
310,2146
331,2148
32,2148
305,2148
679,2148
954,2149
294,2150
198,2151
560,2152
767,2152
860,2153
434,2153
858,2154
133,2154
559,2154
480,2156
941,2156
639,2157
498,2159
667,2159
131,2159
251,2163
375,2163
624,2164
833,2165
469,2165
787,2165
916,2165
102,2167
536,2167
631,2167
626,2172
72,2173
957,2173
832,2178
79,2178
967,2179
593,2182
621,2183
617,2183
634,2185
204,2186
382,2186
605,2188
351,2188
629,2188
665,2192
947,2193
580,2194
563,2194
411,2196
969,2197
971,2198
327,2198
791,2198
344,2199
122,2199
774,2200
328,2200
487,2201
31,2201
988,2202
5,2202
715,2203
504,2207
364,2208
30,2210
281,2210
350,2211
320,2212
814,2213
256,2215
734,2215
290,2216
549,2219
342,2222
871,2223
69,2223
300,2225
541,2225
900,2227
179,2227
68,2230
203,2232
544,2233
164,2233
805,2234
443,2235
929,2235
770,2239
730,2239
150,2239
499,2240
22,2242
863,2244
620,2245
511,2245
555,2247
896,2249
471,2250
71,2252
429,2252
398,2254
265,2255
847,2256
483,2258
497,2260
596,2260
490,2261
323,2262
461,2263
167,2265
289,2266
635,2266
219,2269
612,2270
316,2271
738,2273
298,2274
615,2277
379,2278
83,2282
788,2282
285,2286
682,2287
956,2287
579,2288
727,2289
521,2290
389,2290
964,2290
695,2291
843,2293
539,2294
238,2299
92,2300
371,2300
271,2302
508,2303
518,2303
345,2309
793,2309
777,2309
864,2310
48,2310
582,2310
309,2313
662,2313
374,2314
567,2317
296,2319
773,2320
739,2325
743,2325
283,2325
888,2325
159,2326
751,2326
90,2326
182,2327
41,2328
914,2329
416,2329
782,2331
456,2332
49,2333
35,2335
585,2337
821,2337
209,2338
759,2339
515,2341
143,2341
104,2342
794,2343
436,2343
147,2344
66,2344
74,2345
43,2345
465,2348
349,2352
960,2353
654,2354
811,2355
312,2358
728,2358
115,2358
54,2359
292,2361
267,2361
838,2364
360,2364
140,2365
123,2366
775,2368
818,2369
622,2372
297,2373
412,2373
129,2374
758,2374
830,2377
717,2377
357,2378
528,2378
754,2380
231,2380
663,2381
27,2381
980,2381
207,2382
542,2385
822,2388
968,2391
176,2391
930,2393
992,2396
458,2396
473,2398
59,2402
470,2403
999,2407
280,2407
938,2408
491,2409
258,2410
275,2414
962,2415
784,2416
208,2417
903,2418
854,2419
861,2419
313,2424
902,2426
99,2429
714,2430
233,2431
18,2432
218,2432
118,2436
951,2436
396,2437
383,2438
866,2439
227,2439
693,2439
779,2439
668,2439
757,2440
865,2446
151,2447
154,2447
485,2448
591,2452
329,2454
153,2454
994,2456
597,2457
307,2458
195,2458
640,2460
976,2461
602,2462
972,2462
520,2464
358,2465
946,2466
70,2466
925,2467
870,2470
792,2471
236,2475
111,2477
783,2477
740,2478
689,2483
590,2485
29,2485
38,2486
979,2488
366,2491
851,2493
904,2498
710,2500
852,2500
467,2501
828,2502
517,2502
239,2503
377,2503
534,2505
12,2506
570,2507
439,2507
725,2509
306,2514
874,2514
766,2515
268,2515
648,2516
380,2518
973,2518
982,2519
928,2523
522,2527
278,2530
192,2530
670,2530
644,2530
217,2533
698,2534
407,2535
200,2535
206,2537
869,2538
322,2539
399,2542
810,2544
55,2545
604,2548
169,2548
857,2549
453,2549
917,2550
427,2551
25,2551
16,2551
336,2552
489,2557
241,2558
944,2559
893,2559
77,2559
836,2562
51,2568
558,2570
301,2571
229,2574
86,2575
91,2576
671,2577
293,2578
840,2578
890,2579
384,2582
598,2583
335,2584
940,2585
63,2589
985,2590
608,2590
535,2592
423,2592
422,2594
711,2596
911,2597
834,2601
756,2601
431,2604
599,2605
581,2605
778,2606
983,2609
464,2611
963,2612
746,2612
618,2615
924,2616
984,2616
543,2617
363,2620
633,2625
215,2629
81,2635
149,2635
97,2640
584,2643
53,2646
885,2649
414,2651
352,2658
177,2660
723,2660
795,2661
920,2663
172,2668
260,2669
526,2674
446,2675
315,2675
737,2675
393,2675
509,2678
368,2678
266,2679
127,2679
501,2684
649,2685
824,2685
424,2685
587,2690
681,2691
274,2698
57,2700
418,2704
530,2707
34,2709
873,2710
889,2713
370,2715
85,2719
493,2721
872,2722
750,2724
376,2724
524,2725
128,2726
943,2726
156,2730
277,2734
157,2735
747,2737
628,2738
165,2742
75,2745
700,2745
799,2746
881,2752
142,2752
419,2753
802,2758
202,2759
548,2761
945,2765
897,2765
636,2766
96,2768
50,2771
646,2778
295,2779
882,2780
46,2781
191,2782
713,2787
905,2787
119,2787
263,2787
417,2792
284,2796
20,2799
433,2802
927,2803
645,2808
194,2809
125,2809
844,2809
234,2816
7,2816
880,2817
735,2823
230,2826
909,2828
262,2830
245,2830
768,2840
82,2841
425,2843
477,2844
482,2848
664,2852
849,2853
505,2854
24,2858
441,2864
637,2865
990,2866
731,2870
562,2876
846,2895
752,2896
109,2900
17,2901
652,2908
326,2916
817,2916
658,2921
33,2921
588,2925
42,2926
56,2927
428,2928
163,2933
273,2933
475,2941
89,2946
359,2950
180,2952
269,2958
21,2958
401,2970
413,2973
655,2974
121,2976
250,2980
948,2982
781,2984
514,2984
254,2985
492,2985
848,2989
937,2991
613,2995
457,3000
144,3000
460,3011
724,3013
339,3019
592,3020
210,3026
324,3029
343,3032
993,3032
706,3034
186,3038
898,3040
786,3043
113,3047
347,3048
44,3050
552,3050
887,3066
803,3069
989,3072
243,3074
183,3076
134,3077
190,3090
932,3092
907,3099
965,3100
942,3104
660,3118
813,3120
769,3122
193,3123
116,3126
185,3133
614,3151
161,3155
853,3167
468,3173
286,3173
449,3175
571,3182
955,3184
961,3207
908,3209
438,3212
653,3222
763,3222
145,3225
709,3229
261,3236
362,3238
37,3240
876,3247
87,3251
574,3256
60,3263
707,3272
242,3273
442,3275
405,3277
886,3279
809,3286
878,3287
934,3299
953,3301
673,3305
333,3309
642,3314
388,3317
340,3338
8,3342
627,3343
748,3347
926,3369
523,3371
404,3374
19,3387
385,3388
705,3395
708,3396
237,3402
95,3423
321,3423
488,3434
595,3446
744,3456
545,3465
303,3466
174,3473
246,3482
187,3492
611,3509
686,3510
899,3517
507,3518
933,3526
561,3527
912,3527
675,3528
392,3537
918,3543
421,3549
148,3560
6,3563
609,3577
804,3592
565,3608
808,3617
67,3625
452,3626
892,3642
823,3655
688,3668
138,3671
302,3683
704,3692
410,3707
600,3712
970,3737
845,3743
790,3752
877,3760
166,3765
36,3780
576,3784
462,3787
437,3793
959,3803
455,3839
13,3871
607,3889
228,3912
895,3913
868,3924
894,3956
319,3966
915,3979
45,3986
188,3990
126,4043
474,4074
402,4150
76,4160
84,4179
58,4195
785,4250
354,4314
378,4343
26,4408
656,4420
978,4433
913,4507
550,4580
391,4739
703,4759
557,4831
732,5015
966,5082
575,5155
666,5625
974,6123
101,6620
255,7117
949,7617

simblock.block.ProofOfWorkBlock@f72b8da:37
64,0
771,219
742,302
551,390
862,452
586,475
762,524
272,541
110,557
755,607
72,609
837,623
288,639
677,689
451,692
772,694
409,695
361,708
199,723
919,742
168,771
265,773
738,773
736,776
264,776
977,778
764,807
211,826
197,835
684,836
741,849
921,853
952,855
540,856
610,860
829,863
806,866
178,868
573,884
981,903
922,908
745,913
630,915
964,916
201,919
430,931
867,933
906,939
232,940
226,942
152,942
935,946
554,947
47,951
850,951
107,952
691,965
304,992
52,993
356,996
525,998
777,998
734,999
594,1000
998,1001
549,1013
676,1015
132,1022
28,1024
310,1024
629,1026
78,1027
853,1032
445,1034
566,1034
559,1037
643,1037
3,1050
80,1052
92,1062
699,1068
103,1071
659,1074
62,1076
108,1078
447,1079
285,1081
651,1082
569,1083
721,1084
807,1085
291,1086
701,1087
812,1087
570,1089
32,1089
4,1090
650,1092
900,1093
117,1098
816,1099
536,1103
901,1104
326,1104
705,1108
968,1108
697,1113
774,1120
547,1120
842,1121
181,1125
139,1125
939,1131
635,1132
847,1134
330,1137
883,1142
517,1145
679,1146
529,1151
589,1154
831,1156
133,1157
496,1158
855,1158
683,1161
702,1162
601,1166
94,1166
991,1167
616,1167
276,1169
502,1170
481,1170
396,1174
73,1174
415,1174
373,1174
539,1175
564,1177
43,1177
841,1178
112,1180
311,1181
365,1181
287,1183
596,1188
957,1188
454,1190
531,1199
395,1202
217,1202
10,1203
450,1203
987,1206
638,1207
753,1208
16,1208
145,1211
283,1212
65,1213
580,1214
153,1215
432,1217
325,1218
331,1219
235,1220
219,1222
114,1227
351,1227
680,1229
626,1229
403,1231
299,1235
160,1240
908,1240
826,1242
241,1242
314,1243
896,1243
597,1244
40,1245
224,1245
727,1245
765,1246
367,1246
66,1249
712,1250
995,1250
986,1251
334,1252
318,1252
516,1253
512,1253
555,1256
171,1256
863,1257
85,1259
206,1259
467,1261
141,1262
815,1262
510,1263
839,1265
184,1266
506,1267
787,1268
262,1271
61,1272
231,1275
14,1275
137,1276
364,1280
469,1283
999,1284
479,1284
865,1286
68,1288
369,1288
936,1291
253,1293
70,1293
155,1296
23,1296
769,1298
248,1300
694,1301
903,1303
484,1303
674,1306
583,1308
690,1309
162,1310
172,1310
196,1310
472,1311
563,1314
439,1315
884,1316
74,1317
480,1319
593,1320
294,1320
390,1322
256,1324
344,1324
175,1325
317,1325
11,1328
511,1328
346,1329
435,1330
100,1333
221,1333
308,1333
259,1336
460,1337
426,1337
212,1338
780,1339
946,1339
486,1341
220,1341
678,1343
533,1343
18,1343
282,1344
238,1344
623,1345
910,1348
860,1350
538,1350
794,1352
830,1354
608,1355
664,1355
519,1356
840,1358
81,1360
205,1361
495,1361
637,1362
980,1363
874,1364
9,1365
298,1368
236,1369
716,1369
82,1374
42,1374
406,1376
578,1377
577,1380
556,1380
720,1381
568,1381
189,1383
604,1384
158,1384
408,1384
665,1385
543,1386
22,1387
371,1388
397,1389
723,1390
617,1391
632,1393
931,1394
105,1395
625,1395
93,1396
279,1398
381,1399
444,1400
923,1402
1,1402
956,1405
718,1408
843,1408
216,1409
544,1411
661,1413
606,1414
579,1415
448,1415
429,1415
849,1417
386,1419
729,1423
944,1423
886,1424
27,1425
932,1428
468,1429
411,1431
75,1431
135,1432
252,1432
225,1432
198,1432
838,1433
527,1434
621,1437
733,1439
350,1441
281,1442
136,1444
131,1444
407,1445
222,1446
673,1446
567,1447
214,1448
719,1448
2,1448
647,1450
915,1451
127,1452
274,1453
634,1454
51,1455
366,1455
970,1457
115,1458
124,1458
104,1459
622,1459
463,1460
902,1460
383,1460
500,1462
722,1462
776,1463
200,1465
355,1465
400,1465
125,1467
277,1468
116,1468
820,1470
382,1473
244,1474
585,1474
967,1477
963,1478
810,1479
251,1481
715,1482
582,1482
494,1482
270,1484
332,1484
341,1486
696,1488
352,1490
190,1491
758,1491
897,1494
945,1494
87,1494
891,1495
106,1497
120,1498
761,1499
324,1501
173,1502
420,1503
33,1505
268,1507
143,1508
56,1508
870,1509
83,1511
38,1511
194,1511
744,1513
98,1515
183,1515
916,1515
669,1517
13,1518
827,1523
851,1524
458,1525
89,1526
414,1528
328,1528
41,1529
122,1529
990,1529
693,1530
140,1531
835,1533
854,1534
572,1534
587,1535
682,1535
739,1536
725,1537
53,1538
348,1539
295,1542
434,1543
749,1547
553,1549
560,1550
134,1551
759,1551
376,1552
483,1554
35,1554
801,1556
793,1558
537,1559
818,1562
825,1564
938,1564
881,1566
950,1567
164,1568
836,1570
925,1571
917,1574
754,1574
353,1574
657,1577
760,1580
498,1582
501,1582
996,1585
257,1586
929,1587
969,1587
316,1588
856,1589
243,1590
728,1594
942,1595
706,1595
230,1595
832,1596
631,1597
954,1597
767,1598
852,1602
979,1602
947,1605
792,1607
358,1607
456,1608
345,1608
937,1608
668,1612
377,1613
147,1614
796,1619
766,1621
48,1623
783,1625
15,1625
5,1626
612,1626
552,1630
541,1632
920,1633
378,1633
343,1634
208,1635
641,1636
313,1636
789,1637
129,1637
737,1641
700,1642
872,1642
545,1644
595,1649
503,1652
520,1653
49,1653
258,1655
940,1656
504,1657
645,1657
618,1659
576,1660
461,1661
672,1663
602,1669
275,1669
368,1670
620,1671
442,1671
476,1672
179,1673
654,1675
778,1676
711,1678
88,1678
628,1680
859,1681
470,1683
888,1684
800,1685
278,1685
558,1689
142,1689
423,1691
490,1693
521,1695
363,1695
713,1696
489,1699
193,1699
1000,1701
710,1703
218,1703
207,1704
167,1705
71,1705
822,1706
746,1708
336,1709
412,1710
17,1713
185,1713
824,1717
101,1718
962,1718
695,1719
422,1720
513,1720
861,1722
146,1723
833,1725
170,1729
868,1730
443,1730
333,1731
689,1732
797,1733
493,1736
515,1737
813,1739
372,1739
904,1740
309,1744
416,1745
775,1746
698,1747
391,1747
374,1747
465,1748
575,1751
912,1751
296,1752
667,1757
889,1758
305,1758
685,1759
290,1760
895,1761
574,1762
639,1762
473,1763
848,1765
478,1766
398,1767
128,1768
864,1770
213,1771
307,1774
975,1774
34,1776
914,1776
466,1778
233,1780
323,1781
960,1782
911,1784
203,1785
994,1789
743,1791
834,1791
717,1800
644,1800
615,1804
961,1805
857,1806
392,1808
907,1809
819,1810
973,1812
176,1813
151,1813
757,1815
31,1815
389,1815
360,1815
546,1816
882,1818
46,1818
784,1818
984,1820
890,1821
770,1827
263,1828
138,1832
195,1833
499,1833
811,1837
63,1840
182,1843
475,1844
240,1846
242,1847
909,1847
247,1849
751,1851
828,1851
327,1851
918,1854
385,1854
805,1855
943,1857
561,1860
941,1861
154,1862
297,1864
740,1869
246,1870
204,1870
782,1874
817,1876
424,1878
301,1879
109,1881
983,1883
663,1885
714,1888
210,1890
726,1892
505,1892
271,1894
877,1895
928,1896
879,1898
69,1898
735,1899
245,1901
966,1902
482,1906
452,1907
846,1909
342,1909
611,1910
535,1911
380,1911
438,1917
144,1917
666,1920
581,1920
260,1921
953,1922
79,1922
102,1923
619,1932
322,1934
565,1935
329,1936
790,1936
646,1937
266,1939
656,1943
747,1945
707,1952
609,1952
399,1955
808,1955
157,1958
289,1959
781,1960
119,1961
603,1964
130,1965
303,1968
785,1969
948,1975
899,1975
809,1976
300,1979
394,1986
165,1987
387,1989
993,1990
592,1994
491,1995
384,1996
487,1996
187,1997
223,2001
688,2008
799,2008
972,2008
321,2010
180,2014
76,2014
803,2014
320,2017
532,2020
614,2021
349,2023
111,2023
7,2028
77,2028
955,2028
156,2036
413,2037
50,2040
359,2041
933,2042
649,2043
39,2045
958,2047
446,2048
459,2050
526,2050
704,2055
267,2060
192,2061
930,2062
96,2063
261,2064
191,2065
670,2067
19,2069
671,2070
148,2072
965,2073
893,2073
24,2076
284,2084
177,2085
169,2085
988,2085
858,2088
773,2094
202,2096
319,2097
67,2097
823,2104
362,2105
431,2111
528,2112
687,2113
421,2114
215,2115
375,2118
477,2120
731,2128
97,2136
524,2136
662,2137
121,2143
534,2152
876,2156
633,2160
99,2162
59,2165
254,2166
640,2170
455,2170
898,2170
269,2173
927,2179
924,2179
976,2181
410,2182
795,2192
118,2192
229,2193
880,2196
370,2199
905,2204
239,2204
885,2207
418,2215
598,2221
209,2222
518,2223
627,2226
686,2226
166,2226
86,2233
636,2233
12,2237
113,2239
21,2242
186,2245
869,2246
959,2253
338,2257
542,2258
312,2260
798,2267
388,2267
337,2267
562,2268
29,2270
584,2271
875,2273
508,2281
642,2281
871,2286
752,2308
708,2310
425,2312
992,2313
433,2314
188,2315
404,2315
441,2316
340,2329
985,2336
30,2338
522,2345
437,2346
255,2352
756,2355
599,2355
814,2357
306,2358
951,2368
57,2392
934,2392
393,2400
149,2401
20,2415
54,2417
449,2419
548,2422
8,2431
90,2432
488,2437
982,2443
302,2446
655,2449
474,2453
845,2458
971,2458
440,2460
926,2463
126,2472
660,2474
417,2475
234,2485
280,2487
514,2514
652,2518
997,2520
292,2529
730,2531
6,2538
949,2559
913,2564
45,2568
249,2579
989,2595
428,2601
786,2606
821,2607
293,2609
123,2611
600,2611
453,2616
607,2623
866,2626
873,2630
150,2632
457,2644
648,2663
228,2663
675,2667
550,2681
507,2694
588,2702
605,2709
462,2712
401,2720
250,2734
724,2737
497,2753
464,2785
419,2790
590,2794
692,2800
427,2806
237,2808
681,2820
347,2844
530,2850
95,2858
55,2868
750,2873
788,2914
402,2915
436,2927
658,2955
878,2965
227,2969
315,2972
379,2972
25,2975
779,2979
892,2981
84,2987
509,2992
653,3018
591,3046
557,3075
357,3103
36,3105
974,3107
523,3126
159,3150
791,3154
174,3227
44,3231
732,3232
894,3233
624,3279
405,3283
471,3324
802,3325
354,3394
58,3472
768,3480
161,3483
804,3487
485,3497
37,3524
844,3527
335,3575
286,3641
978,3710
703,3732
709,3742
571,3785
91,3789
339,3900
887,3980
613,4037
60,4114
273,4159
26,4363

simblock.block.ProofOfWorkBlock@59befcf6:38
208,0
442,149
644,205
648,270
458,300
866,330
903,355
951,358
465,386
63,412
257,417
961,425
668,442
243,471
419,476
548,478
872,481
818,482
389,498
366,517
928,519
359,528
609,534
210,538
537,539
466,540
360,542
461,555
970,563
8,575
505,575
202,577
524,581
412,584
130,590
751,592
503,595
713,599
976,600
824,613
835,621
234,626
391,631
333,633
18,634
468,635
602,635
277,636
587,637
180,639
206,640
470,640
376,648
233,653
55,656
262,657
146,668
90,669
562,670
993,681
338,683
605,684
59,688
779,689
431,689
971,690
915,692
574,695
123,695
295,696
434,697
534,697
561,697
947,698
372,700
827,705
775,708
164,709
88,711
283,713
960,714
706,719
711,725
973,725
227,727
700,727
671,728
920,729
443,731
312,737
757,738
673,740
204,742
498,743
669,746
517,746
148,748
298,748
598,749
407,752
229,752
836,753
929,753
267,754
383,756
999,756
127,757
116,758
817,760
655,763
861,764
930,764
528,769
410,770
280,773
186,776
240,777
377,778
758,781
198,782
217,783
355,785
183,786
53,786
585,786
231,787
448,788
662,788
1000,788
858,788
159,788
522,788
545,788
271,789
10,790
916,791
125,794
754,795
387,798
882,799
124,801
488,803
75,803
997,805
838,805
924,806
420,806
917,809
932,810
996,810
70,814
96,815
297,816
672,818
499,819
71,820
849,821
158,823
689,827
476,830
5,831
153,833
284,833
579,833
222,833
988,834
950,834
664,835
854,837
200,837
191,838
423,839
994,840
769,840
885,840
324,843
34,843
941,843
958,845
767,845
289,845
811,845
631,846
380,846
278,846
193,846
394,846
532,848
190,848
104,848
19,849
27,849
972,849
814,849
722,850
690,850
828,851
766,851
490,852
336,852
575,855
213,856
115,857
128,857
214,860
708,860
118,860
857,861
979,862
937,862
654,863
67,863
87,864
218,867
345,867
908,868
106,869
761,872
471,874
147,874
39,876
427,877
347,877
150,878
17,879
852,880
748,880
581,882
551,884
604,885
603,886
328,886
746,887
890,888
464,888
813,888
904,888
565,890
467,891
456,891
840,892
685,893
343,893
790,893
31,895
469,895
374,896
29,896
92,896
992,897
109,897
357,899
789,900
68,902
54,902
853,903
541,903
969,904
42,905
149,905
74,905
300,905
460,905
975,906
982,906
194,906
956,906
363,907
203,907
129,908
418,908
307,908
379,908
305,910
246,910
821,910
590,911
89,911
869,912
497,912
508,914
959,914
893,915
612,916
744,916
864,916
531,917
163,917
560,917
667,918
134,918
385,921
205,921
870,921
538,921
965,921
292,922
49,923
582,924
692,924
543,924
830,926
244,926
985,926
944,927
718,928
501,929
552,930
615,931
459,932
453,933
320,933
94,934
747,935
819,936
438,936
33,937
888,939
740,940
323,940
990,942
260,942
911,944
632,944
797,945
942,946
778,946
223,947
839,947
715,948
258,948
69,948
176,949
984,949
886,949
759,950
482,950
165,950
249,951
457,952
489,953
384,953
30,953
573,953
485,954
730,956
622,959
12,959
151,960
145,961
291,961
358,961
576,961
940,962
268,962
628,962
955,962
143,962
487,964
473,965
187,965
350,966
326,967
962,968
185,968
242,969
681,969
475,970
81,970
375,970
239,971
698,972
21,972
798,973
422,974
25,974
736,974
77,975
274,976
436,976
301,976
263,977
139,978
618,978
914,979
756,980
599,982
897,983
653,983
414,985
868,985
580,985
739,987
41,987
865,988
875,988
793,988
597,990
595,991
356,991
182,992
251,993
515,993
704,994
329,994
521,997
727,1000
902,1001
309,1002
368,1002
256,1003
337,1003
705,1003
948,1005
851,1005
352,1005
773,1005
313,1006
252,1006
737,1008
177,1008
558,1009
640,1009
83,1009
56,1010
682,1012
832,1012
179,1013
912,1013
99,1014
856,1015
710,1015
770,1015
24,1016
570,1017
641,1019
296,1019
881,1020
743,1020
535,1020
351,1020
693,1021
624,1023
520,1024
945,1024
349,1024
48,1024
172,1026
782,1028
16,1028
645,1029
483,1031
957,1031
784,1033
963,1034
93,1036
221,1036
102,1037
637,1038
15,1040
247,1040
494,1041
591,1041
79,1043
938,1044
82,1045
13,1045
620,1047
731,1047
547,1049
608,1049
717,1050
791,1050
342,1052
154,1054
65,1055
393,1058
846,1059
378,1060
879,1061
236,1063
398,1064
439,1064
230,1065
167,1070
111,1071
665,1072
906,1076
738,1076
760,1078
841,1079
687,1084
663,1086
871,1086
725,1087
833,1089
491,1091
714,1091
189,1091
702,1092
542,1092
925,1093
424,1094
195,1096
275,1097
526,1098
201,1099
695,1103
287,1103
137,1105
630,1107
659,1119
900,1120
907,1121
825,1123
430,1126
290,1129
416,1129
610,1131
209,1131
454,1131
346,1133
527,1135
859,1136
105,1139
66,1139
723,1141
800,1141
440,1141
553,1143
691,1143
586,1145
276,1149
85,1149
596,1153
783,1154
629,1154
720,1159
51,1163
43,1163
211,1164
310,1167
451,1174
728,1174
344,1176
935,1178
173,1178
815,1179
224,1180
435,1183
264,1184
780,1185
781,1185
764,1186
919,1190
155,1190
365,1191
556,1191
331,1192
314,1192
601,1195
651,1197
863,1200
564,1201
38,1201
281,1203
288,1203
529,1203
507,1206
734,1207
792,1210
518,1211
829,1213
272,1214
855,1219
332,1221
820,1221
62,1223
175,1224
108,1226
923,1231
626,1233
733,1236
78,1239
657,1239
697,1240
563,1244
445,1244
721,1247
544,1247
495,1249
502,1251
826,1251
9,1253
316,1260
160,1260
381,1260
842,1263
472,1267
216,1268
367,1269
478,1270
386,1272
171,1273
831,1275
135,1276
408,1276
516,1277
415,1279
661,1279
162,1280
716,1280
719,1282
429,1282
131,1283
235,1288
519,1289
678,1290
536,1290
432,1292
373,1292
639,1292
225,1295
40,1299
593,1299
679,1300
330,1301
299,1303
353,1303
100,1306
122,1307
11,1308
566,1311
35,1313
212,1313
801,1314
80,1315
304,1315
500,1316
742,1317
822,1317
546,1317
207,1323
141,1324
413,1330
794,1332
2,1334
61,1336
931,1336
196,1336
397,1337
168,1338
219,1342
282,1344
480,1346
411,1348
254,1349
390,1351
325,1354
755,1357
540,1359
796,1360
253,1362
616,1363
22,1364
765,1366
771,1366
572,1366
371,1372
806,1372
554,1372
638,1373
481,1374
694,1376
991,1378
777,1379
447,1380
823,1380
712,1382
577,1383
1,1385
939,1386
967,1390
968,1392
883,1392
569,1393
843,1397
341,1398
995,1400
513,1400
650,1408
132,1414
406,1415
980,1418
946,1420
910,1421
348,1430
45,1433
998,1433
867,1436
421,1437
525,1442
987,1443
184,1447
799,1448
922,1449
140,1449
805,1451
279,1452
533,1454
73,1454
107,1458
14,1461
696,1462
776,1467
891,1468
52,1469
120,1469
72,1473
248,1474
683,1474
95,1483
339,1484
361,1486
837,1487
643,1488
635,1489
862,1491
808,1493
192,1493
901,1497
136,1497
103,1503
873,1505
860,1506
306,1507
294,1508
812,1508
680,1515
896,1517
232,1524
735,1525
402,1527
112,1529
437,1534
954,1535
786,1539
220,1541
496,1541
318,1542
763,1545
707,1545
449,1546
884,1547
486,1548
802,1550
699,1550
117,1552
510,1553
606,1554
308,1554
404,1559
504,1563
152,1564
493,1564
364,1571
28,1574
479,1578
588,1579
334,1582
876,1582
215,1583
255,1583
877,1585
983,1586
986,1587
557,1592
909,1593
156,1595
927,1596
676,1600
741,1603
848,1605
197,1606
6,1607
512,1614
809,1614
559,1621
889,1623
181,1624
492,1633
484,1636
32,1636
772,1641
382,1642
514,1646
936,1646
981,1647
370,1650
157,1651
101,1655
785,1656
701,1659
245,1662
23,1662
395,1666
119,1668
241,1671
170,1675
753,1676
273,1677
774,1679
788,1687
426,1688
396,1693
199,1696
600,1701
768,1708
226,1713
745,1717
749,1721
474,1724
816,1725
589,1725
634,1727
607,1728
511,1728
952,1733
362,1735
966,1735
285,1735
807,1735
455,1736
259,1740
592,1747
666,1752
584,1752
37,1759
4,1760
64,1761
322,1767
677,1776
57,1776
142,1779
617,1789
670,1789
506,1792
732,1794
977,1808
311,1811
571,1811
555,1814
834,1819
762,1819
409,1823
266,1827
652,1829
98,1831
319,1835
686,1837
238,1842
7,1844
583,1845
567,1846
964,1854
810,1870
660,1873
36,1874
91,1877
228,1878
804,1879
20,1881
444,1883
895,1890
795,1891
327,1896
578,1899
114,1901
974,1903
403,1905
642,1907
845,1908
110,1910
674,1912
428,1931
133,1931
878,1946
847,1955
113,1979
933,1980
850,1981
568,1982
3,1982
594,1983
918,1990
658,1997
978,1999
729,2002
709,2011
161,2012
874,2015
621,2018
269,2019
623,2025
250,2027
934,2036
47,2068
405,2077
549,2085
943,2101
684,2101
340,2102
675,2109
550,2117
401,2126
647,2128
315,2133
188,2133
627,2151
265,2155
44,2158
625,2159
433,2161
97,2175
86,2176
649,2184
174,2185
921,2191
293,2193
178,2197
126,2198
633,2199
989,2230
926,2249
317,2262
392,2267
50,2268
523,2284
335,2304
539,2304
425,2313
270,2324
724,2353
400,2363
441,2388
913,2395
803,2406
887,2409
752,2422
369,2441
750,2443
169,2461
388,2470
286,2477
144,2489
894,2495
787,2500
949,2519
450,2547
60,2554
166,2561
898,2576
619,2588
953,2600
121,2640
303,2650
76,2674
726,2676
509,2688
844,2691
905,2714
463,2717
703,2724
321,2727
646,2756
614,2762
892,2763
237,2772
446,2835
477,2844
58,2859
530,2870
688,2884
899,2917
399,2977
636,2977
26,3001
611,3008
613,3010
462,3041
417,3059
84,3061
880,3076
46,3103
261,3169
452,3287
138,3295
302,3319
354,3627
656,3667

simblock.block.ProofOfWorkBlock@411d3331:39
602,0
307,149
932,206
456,263
194,304
945,323
205,354
851,366
185,384
16,411
234,413
457,423
704,461
879,471
871,471
507,471
231,472
582,479
182,505
722,514
378,519
903,528
375,528
410,531
963,537
948,538
394,546
229,565
419,568
665,570
274,572
74,573
790,576
376,584
358,586
597,592
971,594
300,607
938,610
324,611
542,621
944,621
573,623
885,625
565,626
267,627
793,630
999,632
54,635
309,643
398,644
737,649
522,651
886,651
24,658
280,664
89,665
920,667
747,668
483,672
689,673
628,678
797,680
693,682
668,682
524,682
856,683
118,685
994,685
872,685
528,689
18,694
760,695
560,697
973,700
778,701
870,707
387,708
71,709
473,715
962,716
148,723
950,726
937,726
682,726
70,727
328,728
342,734
491,735
93,735
407,736
263,741
377,741
236,741
824,743
125,744
431,749
756,751
761,751
10,752
233,753
746,754
15,757
940,759
268,760
711,760
773,761
33,762
984,765
671,766
835,770
106,771
17,774
781,775
499,776
143,778
439,778
260,781
99,782
442,782
203,782
292,784
537,786
195,790
813,791
12,792
975,792
667,793
389,794
257,795
730,795
830,797
955,799
728,801
323,803
330,803
193,804
840,806
757,806
21,806
581,808
631,809
39,809
715,811
853,811
301,812
692,814
262,814
191,816
177,816
695,816
916,817
852,817
8,817
329,820
102,821
471,822
271,823
187,823
821,826
618,828
739,828
875,831
295,831
443,833
902,834
333,835
277,836
608,838
857,839
243,840
343,840
783,840
53,840
5,842
159,842
130,847
210,847
532,848
336,848
832,849
791,850
744,851
383,851
296,853
700,853
819,854
468,854
622,855
67,858
384,859
436,860
200,860
30,861
63,862
453,862
612,863
305,863
240,864
958,865
464,867
88,867
574,868
669,868
959,869
990,870
546,873
396,873
914,873
558,873
368,874
570,874
258,874
497,875
864,877
230,878
904,878
81,879
982,879
562,880
908,880
49,880
591,882
123,883
861,887
545,887
104,888
639,888
890,888
218,889
489,889
972,890
278,890
217,891
769,893
338,894
320,896
849,897
27,897
915,898
137,898
418,898
965,898
92,899
180,900
151,900
153,901
576,902
708,903
150,903
461,904
460,905
605,905
503,905
186,908
501,910
770,910
548,911
992,911
698,911
609,912
846,913
313,913
164,914
907,914
128,915
828,916
458,917
881,918
427,919
498,920
48,920
587,921
942,921
632,921
202,922
440,923
912,924
163,924
603,924
19,924
466,927
25,927
897,929
517,929
552,929
869,930
83,931
893,931
363,932
467,932
561,932
158,935
487,936
422,937
969,937
147,937
316,938
154,939
526,941
345,942
779,942
281,943
917,944
655,944
29,944
718,944
249,948
520,949
789,949
246,951
911,951
996,951
818,951
811,952
414,952
637,953
929,954
298,956
448,956
838,958
221,959
858,959
385,961
96,962
653,962
985,963
620,963
585,963
373,964
534,964
359,965
599,965
758,965
569,965
924,966
740,966
214,966
59,967
801,968
423,969
470,970
372,971
251,972
482,974
434,974
412,974
979,974
283,976
476,977
79,978
515,978
663,978
961,978
172,980
82,980
75,981
928,981
13,982
34,983
469,983
594,983
227,985
645,986
759,987
531,988
882,988
664,989
350,989
275,989
337,990
352,990
395,990
73,991
145,991
579,992
90,994
505,994
183,995
85,995
69,996
357,996
206,997
988,997
629,997
149,999
133,999
748,999
604,999
685,1000
198,1001
312,1001
993,1001
782,1002
997,1003
868,1003
640,1005
535,1005
393,1007
731,1007
31,1009
575,1009
272,1010
284,1011
490,1011
590,1013
976,1013
111,1014
488,1015
705,1018
827,1018
416,1019
662,1022
406,1023
438,1023
775,1024
190,1028
839,1028
706,1030
176,1032
641,1032
465,1033
289,1034
888,1035
767,1037
672,1038
420,1038
957,1039
970,1040
56,1040
951,1041
521,1042
859,1044
541,1044
239,1044
87,1045
167,1046
941,1047
598,1047
222,1048
127,1049
165,1050
494,1050
146,1051
714,1052
687,1052
1000,1054
391,1054
710,1055
77,1056
644,1057
116,1057
459,1058
371,1058
743,1059
854,1063
360,1063
615,1065
725,1065
624,1066
129,1066
800,1068
179,1068
798,1070
817,1073
766,1074
648,1075
171,1079
282,1080
209,1080
836,1082
326,1084
496,1086
551,1087
847,1090
814,1093
960,1094
139,1094
347,1099
212,1100
4,1101
42,1102
247,1104
242,1105
208,1106
543,1106
751,1107
925,1107
366,1107
41,1108
734,1109
717,1114
109,1115
508,1117
867,1120
745,1124
771,1125
134,1126
374,1128
22,1129
408,1130
865,1131
124,1132
555,1133
68,1134
967,1134
866,1135
463,1135
480,1135
43,1136
554,1136
556,1139
583,1142
415,1144
981,1147
621,1148
833,1152
173,1153
762,1154
472,1155
681,1157
968,1160
921,1160
518,1162
654,1162
204,1162
485,1162
356,1163
980,1169
235,1170
61,1174
175,1175
318,1175
424,1176
237,1180
601,1181
986,1182
954,1183
291,1184
223,1184
426,1186
650,1191
549,1192
855,1195
55,1196
726,1198
288,1200
344,1202
713,1209
784,1210
510,1211
346,1212
14,1213
617,1214
738,1216
38,1217
719,1217
429,1218
820,1218
676,1218
122,1219
754,1220
749,1221
657,1222
794,1225
244,1227
103,1228
829,1231
297,1232
155,1233
232,1233
891,1233
643,1233
580,1235
862,1238
765,1238
780,1239
930,1242
178,1245
409,1247
677,1247
651,1249
112,1249
40,1250
673,1252
351,1254
837,1257
500,1258
361,1259
397,1261
447,1263
120,1264
35,1266
379,1266
451,1270
52,1271
475,1273
310,1274
220,1278
680,1279
238,1280
519,1281
152,1281
311,1283
386,1286
506,1287
578,1288
946,1289
265,1297
721,1300
382,1301
935,1301
432,1302
977,1303
630,1303
843,1305
741,1305
586,1305
504,1306
610,1309
720,1310
479,1311
390,1312
564,1313
525,1315
317,1315
812,1316
716,1317
365,1317
559,1320
11,1322
635,1323
108,1326
454,1328
727,1329
638,1333
684,1333
98,1335
80,1335
201,1337
400,1337
367,1338
276,1339
690,1340
226,1343
62,1347
755,1347
196,1347
435,1348
478,1350
634,1350
805,1352
723,1354
334,1355
998,1356
481,1356
32,1356
516,1357
696,1357
252,1359
353,1364
596,1364
566,1364
547,1370
207,1371
777,1374
987,1385
964,1386
141,1389
181,1389
199,1390
563,1392
364,1393
413,1394
219,1395
792,1397
23,1397
850,1398
896,1399
484,1401
78,1402
593,1405
544,1405
626,1406
131,1407
114,1411
910,1412
736,1413
842,1419
679,1423
170,1425
403,1427
659,1429
184,1432
826,1433
511,1434
341,1435
105,1435
939,1437
160,1439
742,1440
889,1443
733,1447
332,1450
529,1452
51,1455
796,1456
486,1459
753,1462
380,1464
678,1465
947,1465
349,1471
369,1472
691,1472
884,1475
675,1476
327,1476
683,1477
697,1481
831,1484
772,1484
331,1485
625,1486
9,1487
774,1487
144,1491
922,1498
527,1499
764,1500
110,1500
113,1504
445,1505
874,1507
294,1508
577,1509
224,1509
822,1515
340,1516
248,1517
919,1517
807,1520
900,1521
402,1521
699,1528
290,1528
712,1530
132,1531
302,1533
540,1533
308,1539
216,1542
802,1545
279,1550
421,1551
213,1553
348,1554
834,1554
325,1559
211,1561
411,1561
57,1563
225,1563
286,1568
923,1569
50,1570
613,1570
444,1572
430,1573
703,1576
322,1577
293,1581
94,1583
168,1584
115,1585
785,1585
91,1587
189,1587
539,1589
873,1590
162,1599
381,1599
572,1600
688,1606
567,1606
64,1612
729,1621
878,1622
816,1624
392,1625
936,1627
732,1628
314,1630
795,1634
787,1635
2,1644
619,1645
450,1645
589,1648
253,1649
550,1650
536,1655
557,1656
709,1657
887,1658
140,1661
107,1665
72,1669
860,1671
606,1675
660,1678
156,1678
883,1679
815,1679
425,1683
245,1685
287,1686
841,1691
533,1693
995,1693
399,1697
502,1697
174,1711
952,1711
285,1715
933,1724
495,1724
786,1726
339,1728
446,1731
702,1731
701,1738
592,1740
46,1746
388,1748
956,1750
848,1752
126,1754
776,1755
303,1756
646,1760
649,1761
417,1764
433,1768
642,1770
437,1777
3,1781
735,1786
299,1799
810,1801
138,1801
877,1802
513,1802
825,1807
803,1819
943,1821
694,1826
750,1833
37,1838
966,1839
906,1842
808,1846
362,1847
255,1848
553,1848
65,1851
259,1853
647,1855
404,1856
119,1860
656,1861
931,1866
1,1869
76,1869
983,1873
752,1874
530,1874
600,1874
319,1875
157,1877
215,1882
136,1882
100,1884
918,1893
28,1894
636,1898
799,1904
66,1914
595,1916
36,1920
616,1922
926,1922
58,1924
823,1928
509,1929
95,1936
405,1938
895,1940
493,1948
264,1955
266,1969
804,1970
670,1978
806,1996
844,2012
117,2019
241,2021
611,2038
661,2040
978,2043
809,2044
86,2049
652,2053
901,2060
270,2064
633,2067
991,2083
898,2085
658,2093
905,2094
315,2104
674,2126
588,2126
584,2128
953,2129
452,2129
913,2134
370,2142
192,2148
571,2156
261,2157
623,2166
763,2168
26,2187
304,2190
934,2190
724,2201
514,2204
166,2212
273,2215
627,2218
909,2219
538,2239
428,2253
169,2254
512,2255
449,2261
135,2295
892,2307
47,2336
142,2339
686,2353
707,2358
863,2362
899,2390
880,2397
97,2412
441,2416
306,2446
477,2454
355,2470
269,2472
335,2484
197,2507
607,2509
250,2513
44,2527
666,2528
568,2534
845,2546
768,2643
927,2706
354,2746
60,2752
6,2755
254,2767
101,2787
121,2791
492,2811
462,2818
20,2827
974,2832
321,3034
876,3044
989,3059
401,3100
949,3109
455,3122
161,3329
894,3334
188,3366
788,3392
228,3407
474,3407
45,3613
84,3636
523,3702
7,3927
614,3936

simblock.block.ProofOfWorkBlock@587d717:39
115,0
947,149
595,208
620,270
473,296
274,328
840,354
945,357
167,384
127,411
971,419
545,420
501,442
439,452
671,470
747,477
903,479
503,494
631,502
740,509
42,512
669,533
256,534
347,536
21,541
217,559
851,560
526,568
868,568
609,569
761,570
681,574
145,591
599,591
214,591
379,598
139,603
68,609
209,616
706,624
89,624
79,625
672,625
366,626
537,627
591,630
932,636
560,644
655,647
410,652
897,652
470,660
598,661
434,661
573,665
581,671
12,678
323,682
182,682
522,682
673,683
278,690
260,692
604,693
104,693
890,694
612,696
150,696
574,702
268,704
508,709
654,710
438,712
109,716
639,717
570,718
380,718
893,720
830,722
781,723
988,724
714,727
468,731
324,738
475,738
314,739
88,740
30,741
928,742
970,744
385,747
957,749
41,750
543,750
59,751
961,752
870,753
996,753
644,757
505,758
222,760
16,763
236,768
257,769
102,772
760,772
590,773
982,774
881,774
305,775
466,775
558,775
227,775
902,776
727,778
497,778
515,779
653,779
124,781
682,782
529,782
24,783
662,786
485,789
942,790
123,798
471,798
469,798
521,799
853,800
871,802
705,803
849,806
963,806
959,807
464,807
914,808
81,808
307,810
158,812
316,812
440,812
422,813
929,815
18,818
343,820
63,823
296,824
398,826
548,827
431,827
827,830
13,830
467,831
231,831
281,831
507,832
418,832
300,832
846,835
886,836
483,836
448,836
821,837
118,837
375,837
442,840
29,841
999,842
912,843
904,843
240,843
640,846
757,847
579,847
695,847
39,847
146,848
769,848
637,849
349,853
746,854
249,855
962,856
641,857
195,859
944,859
789,860
938,862
838,863
246,865
34,865
917,865
205,866
176,866
85,866
751,867
960,867
920,867
743,869
93,870
352,870
374,870
958,871
292,873
407,873
363,873
247,875
708,876
190,877
456,877
791,880
710,880
180,882
461,883
128,883
183,884
839,885
562,886
730,888
973,890
387,890
17,890
668,890
159,892
416,892
725,892
908,892
715,893
924,894
284,894
153,894
875,896
814,897
698,897
997,898
313,900
383,900
692,901
31,902
33,903
179,903
491,904
70,905
143,905
782,907
819,908
337,909
223,910
621,912
664,912
164,912
243,913
972,915
378,915
106,916
342,917
27,917
436,920
618,922
790,922
969,923
75,923
858,924
116,925
535,925
585,925
689,926
818,926
615,926
10,926
531,927
420,928
754,929
129,929
993,929
603,930
198,930
350,930
711,931
55,931
882,931
717,931
534,932
546,933
482,936
532,937
74,937
520,937
950,937
394,938
975,939
206,940
576,940
976,941
25,942
916,944
817,946
915,948
857,948
561,948
87,948
186,951
718,952
951,952
218,953
733,954
608,955
297,957
925,958
801,958
854,959
262,960
756,961
283,961
861,962
783,962
828,963
770,963
552,963
540,964
832,964
605,966
336,967
704,968
345,968
793,970
77,972
53,972
208,972
372,973
852,975
811,978
457,979
328,979
295,981
130,981
298,983
465,983
258,983
992,984
277,984
965,984
275,984
389,985
391,985
213,986
48,986
96,986
239,986
177,987
911,987
427,987
19,987
203,987
358,988
458,988
280,989
377,989
869,990
242,990
766,992
267,994
565,995
517,995
22,996
778,996
542,996
835,998
125,999
312,999
979,1000
83,1001
289,1001
488,1003
628,1004
498,1004
865,1004
713,1005
948,1006
450,1008
632,1009
685,1011
279,1013
251,1016
731,1020
775,1020
134,1020
487,1021
687,1021
330,1022
326,1022
955,1022
148,1023
460,1024
665,1024
797,1024
667,1025
338,1025
49,1026
813,1027
728,1027
798,1030
784,1030
71,1033
210,1035
290,1036
384,1036
317,1038
833,1040
700,1040
541,1040
8,1041
359,1042
657,1042
459,1043
393,1044
187,1045
872,1045
73,1045
1000,1045
320,1047
333,1047
994,1050
758,1051
263,1053
234,1053
888,1054
92,1056
165,1058
518,1059
723,1060
112,1061
836,1061
90,1065
154,1065
690,1066
866,1066
622,1069
525,1070
648,1072
941,1072
650,1073
171,1074
56,1076
985,1077
193,1078
288,1080
147,1080
663,1081
824,1083
15,1083
496,1084
748,1084
419,1084
742,1084
773,1085
386,1086
582,1092
149,1093
575,1093
907,1093
577,1094
489,1095
397,1096
191,1096
99,1097
282,1097
412,1100
697,1102
443,1102
82,1107
229,1107
645,1108
368,1109
233,1111
736,1111
5,1113
891,1119
360,1120
800,1129
555,1129
587,1133
54,1135
291,1137
842,1137
453,1140
178,1141
586,1143
40,1146
200,1147
294,1148
204,1149
357,1150
741,1154
937,1155
679,1160
490,1164
610,1166
65,1166
984,1168
202,1169
381,1170
252,1171
524,1173
309,1176
414,1177
516,1179
606,1182
831,1182
981,1186
759,1186
170,1188
504,1192
259,1197
226,1203
510,1204
578,1204
476,1205
767,1205
597,1208
940,1212
536,1212
334,1213
952,1213
860,1213
264,1213
105,1214
80,1214
151,1218
270,1220
850,1222
371,1223
696,1224
238,1225
772,1226
779,1227
820,1230
694,1233
100,1235
329,1235
863,1236
883,1236
196,1239
432,1240
272,1240
764,1240
78,1241
885,1243
807,1244
98,1246
409,1249
141,1249
796,1253
137,1253
977,1255
691,1256
361,1256
365,1257
651,1257
625,1259
429,1261
301,1262
567,1262
346,1264
133,1266
749,1268
547,1268
677,1269
506,1269
841,1271
287,1271
304,1274
513,1276
544,1277
744,1284
253,1285
478,1286
762,1286
556,1289
930,1289
332,1289
780,1294
122,1294
271,1302
403,1302
47,1302
495,1303
551,1306
481,1306
327,1310
910,1310
62,1311
11,1316
553,1316
527,1317
617,1317
919,1323
248,1325
596,1329
554,1335
344,1336
843,1338
211,1338
415,1339
659,1340
423,1341
539,1343
463,1345
396,1345
569,1346
987,1348
311,1350
447,1351
3,1352
564,1357
221,1357
225,1359
353,1362
1,1363
136,1363
131,1364
991,1371
228,1371
43,1373
776,1374
734,1377
64,1377
299,1381
774,1384
862,1384
825,1387
634,1387
566,1388
454,1388
35,1392
413,1393
451,1396
69,1397
765,1397
502,1400
568,1401
680,1403
946,1403
212,1404
995,1405
181,1405
580,1405
382,1406
325,1408
702,1409
533,1415
184,1416
9,1424
72,1424
720,1425
638,1429
674,1430
220,1430
400,1431
623,1433
135,1434
192,1435
480,1435
369,1435
484,1436
2,1436
4,1437
923,1437
216,1440
241,1443
117,1448
395,1449
956,1449
968,1452
898,1452
152,1455
572,1458
877,1458
107,1460
635,1461
61,1465
896,1469
308,1469
805,1476
348,1480
678,1480
132,1481
636,1483
173,1486
855,1486
792,1487
224,1490
600,1496
108,1498
721,1499
189,1508
199,1509
745,1513
500,1516
110,1518
52,1519
411,1526
894,1527
493,1529
684,1535
589,1540
285,1541
719,1543
57,1552
26,1552
310,1554
829,1556
219,1556
921,1557
235,1558
424,1560
934,1561
60,1561
511,1563
619,1565
864,1566
584,1569
906,1570
964,1570
939,1573
155,1574
616,1575
103,1576
355,1587
633,1588
709,1589
643,1591
954,1595
163,1595
859,1596
822,1598
935,1599
367,1599
265,1599
873,1600
244,1600
786,1602
494,1606
44,1606
998,1606
785,1609
588,1609
666,1610
254,1611
593,1613
771,1614
901,1617
989,1617
509,1617
815,1620
351,1620
269,1620
931,1623
676,1624
693,1630
364,1631
624,1636
119,1642
160,1651
390,1653
602,1653
215,1654
401,1655
477,1656
512,1656
777,1657
804,1662
990,1670
445,1671
113,1672
834,1675
91,1676
140,1678
601,1680
559,1683
550,1689
735,1691
549,1691
162,1698
273,1698
943,1704
499,1706
563,1709
114,1714
724,1719
799,1719
306,1719
452,1721
433,1723
753,1725
172,1726
726,1727
837,1728
879,1728
900,1733
168,1733
156,1740
111,1742
370,1744
927,1744
806,1745
626,1746
230,1747
856,1749
763,1750
51,1758
707,1759
647,1761
266,1767
376,1768
936,1768
261,1772
232,1773
986,1773
607,1775
36,1775
472,1775
435,1777
826,1778
340,1779
874,1780
823,1783
701,1786
538,1788
356,1789
878,1801
528,1808
630,1808
844,1812
722,1822
729,1828
699,1833
670,1835
408,1842
847,1843
739,1846
428,1849
922,1851
557,1858
788,1859
97,1868
712,1871
895,1874
399,1876
629,1880
652,1885
194,1895
514,1897
174,1897
66,1899
909,1903
6,1903
884,1904
926,1908
138,1914
14,1915
45,1917
101,1924
614,1926
867,1929
197,1939
768,1939
642,1943
594,1945
449,1945
23,1948
38,1955
426,1957
207,1961
318,1963
755,1978
157,1981
703,1982
86,1986
530,1996
392,2001
293,2005
185,2006
245,2006
406,2008
675,2016
76,2022
166,2027
967,2030
142,2031
462,2036
362,2047
523,2055
913,2057
750,2060
889,2069
738,2080
331,2081
20,2082
94,2088
812,2099
787,2108
46,2114
446,2116
892,2126
949,2127
980,2131
583,2131
161,2132
732,2136
373,2136
658,2142
716,2147
425,2151
28,2154
899,2178
250,2191
121,2223
321,2232
315,2243
175,2250
661,2251
58,2253
611,2264
201,2273
519,2278
421,2286
660,2292
571,2298
276,2301
120,2306
752,2313
437,2318
404,2320
627,2335
126,2342
7,2348
144,2353
388,2391
286,2408
405,2416
683,2430
613,2432
95,2434
169,2438
966,2446
67,2450
479,2453
444,2471
810,2481
188,2489
339,2520
492,2562
302,2563
795,2567
686,2578
845,2587
933,2590
876,2593
905,2597
32,2609
319,2614
794,2623
983,2661
802,2674
649,2690
455,2715
335,2717
808,2731
953,2762
816,2778
341,2797
322,2803
880,2875
646,2875
887,2877
656,2905
848,2911
978,2919
592,2924
417,2938
255,2964
430,2975
237,3001
84,3022
688,3050
809,3056
974,3062
37,3143
486,3149
402,3158
441,3163
474,3264
803,3355
354,3406
50,3433
303,3492
918,3774

simblock.block.ProofOfWorkBlock@fcfa5e0:40
323,0
29,158
526,217
143,280
706,318
268,338
942,368
204,382
375,395
368,427
789,433
180,444
127,460
840,477
483,483
938,489
83,491
436,508
853,520
27,523
149,537
945,542
929,542
75,546
640,548
632,552
875,564
722,575
705,583
761,588
868,591
579,600
109,600
15,603
852,605
68,606
410,613
818,613
128,621
743,628
300,635
206,638
984,640
387,642
378,653
256,655
522,656
997,656
96,658
420,662
501,662
177,663
385,668
102,670
838,670
56,671
856,673
759,680
631,684
19,690
573,691
374,692
90,693
685,694
267,696
283,697
576,700
543,704
836,705
682,711
590,712
687,713
289,714
476,716
187,718
458,720
947,726
970,727
328,727
664,731
758,731
849,733
324,734
242,737
971,738
870,739
147,741
53,741
531,743
599,746
957,749
769,750
574,752
744,753
695,754
352,755
717,755
813,756
615,758
422,759
456,759
358,761
668,762
431,764
275,768
570,768
499,769
950,770
473,770
944,770
79,774
828,777
824,782
920,783
552,783
246,787
89,788
897,789
150,789
457,791
819,793
376,793
389,794
541,795
979,795
904,795
384,799
217,799
662,801
194,801
751,804
418,808
468,808
145,809
548,810
959,810
301,813
278,814
996,815
223,816
115,816
505,817
498,818
329,818
871,819
292,820
438,820
604,821
490,821
618,821
628,822
609,823
602,824
167,825
866,826
366,826
928,827
861,827
297,828
249,829
434,831
857,834
591,836
125,838
561,838
973,838
851,839
882,839
439,840
243,842
116,843
999,845
345,847
163,848
960,849
186,850
423,851
229,851
320,852
781,853
797,854
214,854
407,854
222,855
151,856
210,858
565,860
955,860
475,861
669,862
912,862
470,862
704,865
379,865
965,865
305,865
343,867
714,868
791,869
532,872
783,872
667,873
655,874
461,874
982,875
542,876
260,876
698,876
240,877
88,878
641,878
582,878
21,878
730,879
81,880
940,881
274,882
728,882
372,883
653,885
183,885
251,885
672,886
612,886
993,886
841,886
535,887
230,887
893,889
885,889
990,891
693,891
77,891
782,892
924,893
416,893
524,894
903,895
689,896
85,896
284,896
164,896
139,896
520,898
419,899
811,900
545,900
386,903
491,903
503,905
8,906
336,906
827,906
298,906
357,906
489,910
537,910
350,910
398,910
975,911
198,912
917,912
208,912
153,913
459,915
236,915
858,915
195,915
832,915
992,916
193,919
234,919
190,919
637,920
471,921
921,922
182,922
10,923
969,923
440,923
130,925
1000,927
518,928
11,929
218,929
790,930
671,931
507,931
123,931
888,932
814,932
534,932
869,933
508,934
517,934
380,935
886,936
754,936
309,939
994,941
39,942
239,942
247,942
497,942
154,943
191,943
713,944
427,944
41,944
961,945
608,945
673,945
24,946
624,947
93,947
377,949
271,951
25,951
129,951
654,951
663,952
941,953
902,953
620,954
692,954
312,954
817,956
213,956
87,957
681,958
106,958
176,960
779,960
326,960
118,962
71,963
962,965
985,965
665,965
59,965
5,965
263,967
453,968
932,968
951,969
316,970
205,970
711,971
466,971
280,971
467,971
846,972
338,972
148,974
92,975
963,975
13,976
231,976
63,976
562,977
17,979
747,979
727,979
333,980
48,982
313,983
639,984
835,984
104,985
16,988
111,988
739,988
864,988
915,990
49,991
82,991
342,994
560,994
908,996
916,996
448,997
203,998
383,999
775,1000
67,1000
469,1000
773,1001
925,1001
937,1001
757,1001
359,1002
770,1002
179,1003
528,1003
465,1004
648,1005
914,1005
1,1005
69,1007
227,1008
521,1009
30,1011
34,1012
865,1013
748,1013
839,1015
394,1016
31,1016
598,1016
644,1019
988,1019
487,1021
134,1021
890,1021
35,1021
159,1023
746,1024
800,1024
233,1025
54,1025
833,1026
262,1026
488,1027
767,1027
482,1030
710,1030
412,1031
558,1032
460,1033
716,1037
295,1037
766,1038
363,1038
700,1038
603,1039
911,1040
715,1040
257,1040
202,1041
575,1043
12,1044
442,1044
464,1046
948,1047
645,1049
485,1051
200,1052
546,1053
55,1053
587,1055
581,1056
572,1056
70,1057
478,1059
209,1059
718,1060
756,1061
307,1061
793,1061
347,1062
146,1065
731,1066
708,1066
391,1073
403,1073
830,1075
185,1079
341,1080
337,1080
723,1082
33,1082
165,1086
443,1086
290,1088
725,1090
282,1092
42,1092
606,1092
569,1093
158,1095
601,1098
881,1100
360,1100
544,1101
515,1101
784,1102
414,1104
676,1105
906,1106
346,1106
778,1109
821,1110
976,1110
248,1111
253,1114
585,1120
597,1120
755,1125
393,1126
683,1128
99,1136
18,1136
605,1140
72,1142
566,1142
907,1145
764,1145
238,1145
277,1146
108,1146
958,1148
281,1148
47,1152
330,1152
426,1154
103,1157
447,1157
170,1160
987,1160
450,1161
296,1161
879,1165
737,1168
496,1169
199,1170
617,1172
390,1173
657,1175
172,1176
702,1179
900,1180
74,1181
923,1182
504,1184
265,1184
859,1185
553,1187
219,1188
133,1188
892,1188
547,1191
826,1192
798,1194
674,1194
232,1195
424,1197
843,1198
124,1199
625,1200
344,1201
883,1202
589,1206
872,1207
533,1211
742,1212
580,1213
952,1213
32,1218
318,1219
972,1220
595,1221
62,1222
981,1224
556,1227
734,1228
212,1229
946,1231
516,1232
64,1235
235,1235
365,1237
3,1239
760,1240
780,1241
51,1242
78,1245
244,1246
264,1247
173,1247
211,1249
397,1250
820,1252
136,1253
371,1253
540,1256
626,1258
622,1258
874,1263
549,1265
721,1265
65,1266
152,1274
52,1276
772,1277
120,1278
178,1280
829,1280
241,1283
638,1284
155,1284
382,1285
317,1285
777,1287
977,1288
936,1288
623,1289
684,1289
171,1291
964,1292
647,1295
258,1297
454,1300
815,1300
361,1301
481,1310
226,1310
680,1312
22,1313
114,1314
901,1314
291,1317
842,1318
862,1318
635,1319
939,1320
500,1320
444,1322
967,1324
510,1325
696,1327
807,1330
272,1332
355,1333
279,1333
661,1336
677,1337
196,1338
564,1338
381,1340
331,1342
621,1343
367,1344
411,1346
276,1347
563,1347
527,1349
678,1352
726,1354
310,1354
327,1355
73,1356
175,1356
512,1357
740,1357
968,1357
472,1358
519,1359
207,1364
314,1364
408,1365
551,1366
980,1369
787,1370
270,1370
197,1371
98,1372
536,1372
596,1373
395,1373
2,1377
432,1378
774,1379
339,1383
643,1384
812,1385
369,1386
954,1388
847,1389
14,1395
110,1396
801,1397
502,1398
719,1398
413,1399
506,1400
555,1401
160,1405
259,1405
224,1407
738,1409
577,1410
429,1411
94,1413
854,1415
451,1415
762,1415
135,1417
100,1420
816,1421
712,1423
634,1429
741,1430
308,1434
831,1436
690,1442
304,1444
891,1449
880,1449
629,1451
805,1451
396,1452
435,1452
117,1454
107,1455
554,1459
776,1459
252,1470
650,1471
409,1472
26,1472
220,1482
796,1483
729,1490
860,1490
480,1491
140,1506
511,1507
479,1509
567,1509
910,1510
105,1514
679,1514
192,1515
898,1516
131,1516
122,1521
750,1522
749,1524
771,1525
616,1525
991,1527
332,1528
995,1531
850,1535
931,1535
559,1535
651,1535
144,1538
294,1542
896,1542
745,1543
348,1547
691,1549
594,1550
319,1551
855,1557
141,1557
863,1558
288,1567
388,1575
401,1579
356,1580
837,1581
765,1585
57,1586
694,1589
400,1591
922,1594
43,1598
373,1599
245,1599
36,1609
607,1613
894,1614
493,1616
492,1619
349,1621
568,1621
887,1622
353,1622
792,1623
430,1624
113,1625
630,1625
873,1626
126,1626
588,1630
311,1639
299,1641
584,1643
184,1643
44,1644
670,1645
918,1651
6,1652
709,1653
95,1657
463,1659
269,1659
927,1661
825,1663
735,1667
285,1671
686,1672
221,1680
794,1680
405,1683
334,1686
909,1687
97,1692
867,1694
795,1696
66,1697
216,1697
50,1699
530,1700
513,1702
441,1703
998,1704
119,1708
181,1712
733,1715
112,1721
261,1724
370,1724
724,1727
763,1730
720,1732
550,1740
926,1742
659,1742
823,1743
445,1751
462,1755
351,1759
707,1763
406,1764
884,1764
978,1765
703,1766
919,1768
895,1770
627,1771
933,1771
935,1776
162,1792
201,1793
40,1794
273,1796
166,1796
28,1800
433,1804
45,1813
699,1814
610,1815
943,1816
642,1822
788,1825
306,1826
474,1829
452,1831
768,1833
189,1836
586,1852
810,1856
799,1865
38,1867
325,1869
101,1878
753,1880
484,1881
287,1881
822,1892
417,1894
446,1904
286,1905
402,1910
538,1913
174,1920
399,1921
80,1931
736,1934
934,1938
583,1939
633,1947
266,1947
848,1947
415,1952
225,1957
4,1963
649,1972
486,1972
611,1978
293,1991
878,1993
157,2008
156,2012
646,2031
578,2040
404,2041
619,2043
806,2051
61,2052
340,2055
956,2068
392,2076
876,2078
808,2084
529,2087
557,2088
899,2095
675,2099
953,2103
449,2105
137,2108
986,2118
844,2131
168,2134
600,2147
364,2149
614,2153
905,2169
321,2176
592,2202
701,2209
254,2213
658,2220
930,2225
688,2232
525,2238
804,2240
362,2246
37,2262
786,2277
495,2281
9,2293
142,2296
315,2314
656,2317
161,2337
215,2337
425,2340
652,2360
834,2367
613,2370
636,2385
23,2386
60,2388
571,2391
421,2417
877,2417
138,2438
84,2457
322,2460
539,2466
989,2503
121,2521
86,2524
889,2526
514,2565
437,2578
752,2622
785,2625
697,2636
428,2642
46,2663
7,2668
509,2674
523,2677
76,2700
477,2727
335,2790
303,2799
593,2806
660,2810
966,2858
983,2918
949,2923
20,2923
169,2945
974,2961
132,2975
255,2986
809,3010
58,3074
188,3087
302,3112
494,3146
666,3220
845,3243
237,3273
354,3354
91,3428
228,3525
732,3557
802,3715
455,3808
913,3840

simblock.block.ProofOfWorkBlock@2c225ee3:41
415,0
651,222
625,305
299,396
259,442
850,481
787,530
112,534
753,562
749,613
212,616
696,618
314,646
9,661
184,696
806,699
349,699
122,733
351,746
178,748
199,765
348,779
606,781
659,781
816,788
631,811
171,818
647,828
65,832
386,833
566,836
578,851
634,853
94,865
650,866
450,866
14,867
922,872
721,880
559,914
837,916
80,916
510,917
110,920
435,921
78,928
657,937
98,938
629,947
500,948
519,948
265,948
40,957
381,957
601,962
579,969
406,970
502,977
325,984
208,987
231,993
513,998
160,998
318,1001
843,1001
952,1003
995,1006
525,1010
998,1015
294,1015
221,1019
740,1027
224,1032
734,1036
288,1036
196,1038
883,1044
577,1045
847,1047
936,1047
454,1050
780,1051
512,1058
66,1058
43,1060
211,1067
107,1068
859,1080
168,1082
538,1082
533,1083
364,1085
434,1085
4,1085
556,1086
764,1086
173,1093
311,1093
141,1097
32,1098
451,1098
855,1099
400,1099
190,1103
410,1113
331,1114
369,1119
403,1120
390,1122
170,1129
472,1130
720,1131
938,1132
826,1133
220,1133
554,1134
717,1136
465,1139
661,1141
103,1141
463,1141
919,1142
683,1143
495,1145
85,1145
860,1148
248,1149
179,1153
712,1156
815,1156
896,1158
367,1159
828,1162
621,1163
812,1164
801,1165
643,1167
567,1167
480,1168
793,1169
991,1171
729,1171
11,1175
108,1175
680,1179
181,1179
127,1179
742,1180
679,1180
841,1183
152,1184
23,1184
445,1184
105,1189
383,1194
931,1195
540,1195
824,1198
565,1202
226,1209
863,1212
840,1212
117,1213
733,1215
308,1216
977,1218
136,1218
825,1220
553,1220
506,1222
496,1224
572,1225
396,1227
635,1231
921,1231
350,1234
741,1234
291,1236
672,1237
361,1237
511,1240
279,1241
346,1243
1,1243
216,1245
73,1245
516,1245
252,1245
954,1246
270,1252
444,1252
644,1254
175,1260
747,1261
626,1261
125,1261
699,1265
276,1265
432,1265
504,1266
776,1266
120,1267
568,1267
132,1267
551,1268
327,1269
992,1269
3,1270
986,1271
239,1271
770,1272
24,1274
980,1274
945,1276
569,1277
701,1278
47,1281
373,1281
697,1282
71,1283
494,1289
736,1292
305,1293
884,1294
453,1295
304,1298
917,1300
774,1300
956,1301
822,1301
61,1302
48,1303
593,1303
356,1304
594,1306
310,1306
326,1307
835,1308
748,1310
583,1311
64,1312
272,1312
235,1312
537,1313
681,1315
155,1317
536,1317
67,1319
684,1320
888,1320
395,1322
223,1324
131,1324
973,1325
268,1326
807,1327
586,1329
481,1329
893,1332
539,1333
563,1334
630,1335
891,1335
114,1335
838,1335
460,1337
755,1337
344,1337
197,1338
422,1340
746,1347
820,1348
574,1349
244,1349
355,1349
987,1349
928,1350
691,1351
478,1351
330,1351
702,1352
639,1352
363,1353
751,1353
426,1354
967,1354
2,1354
831,1355
772,1355
674,1355
716,1356
964,1356
497,1358
365,1360
612,1361
183,1361
187,1363
700,1363
632,1366
743,1367
135,1367
408,1368
469,1369
714,1371
690,1375
842,1376
993,1376
241,1377
238,1377
754,1378
910,1383
901,1383
153,1383
862,1386
317,1386
374,1387
689,1388
829,1388
881,1389
547,1390
225,1391
491,1392
564,1392
475,1394
447,1395
100,1396
296,1396
982,1397
484,1398
777,1400
162,1400
429,1411
997,1413
687,1413
412,1415
677,1415
765,1416
903,1416
201,1416
366,1417
253,1418
467,1421
411,1423
676,1424
589,1425
229,1428
195,1428
923,1430
328,1432
22,1433
906,1434
726,1434
353,1436
610,1436
282,1438
219,1438
62,1440
851,1441
769,1442
473,1443
55,1445
12,1446
821,1447
857,1449
819,1450
976,1450
911,1451
332,1451
214,1451
526,1453
185,1457
527,1460
115,1464
35,1466
424,1469
387,1469
678,1469
287,1470
874,1471
590,1471
549,1472
133,1473
232,1474
140,1474
260,1475
580,1475
72,1476
485,1477
814,1479
930,1480
608,1480
932,1481
849,1482
694,1483
471,1485
488,1485
605,1485
617,1486
204,1489
907,1490
715,1492
719,1493
870,1494
213,1496
147,1496
771,1497
10,1498
738,1499
104,1502
722,1503
951,1503
479,1504
439,1505
8,1507
762,1507
209,1508
673,1509
544,1515
240,1518
150,1520
941,1525
562,1526
414,1529
981,1530
301,1530
137,1530
946,1531
334,1532
440,1532
443,1532
290,1533
668,1534
242,1534
767,1535
598,1535
88,1536
5,1536
154,1537
969,1539
320,1539
663,1539
16,1540
778,1542
521,1543
781,1544
134,1546
957,1547
397,1549
388,1555
151,1558
783,1559
529,1559
215,1560
698,1560
51,1562
528,1563
257,1565
882,1565
222,1565
990,1565
757,1569
264,1570
758,1570
409,1571
576,1572
728,1579
476,1581
358,1582
280,1582
28,1583
914,1584
393,1586
307,1589
233,1589
503,1590
886,1590
879,1593
163,1596
378,1598
419,1598
682,1600
723,1601
596,1605
561,1605
379,1607
545,1608
398,1608
616,1609
623,1611
604,1612
423,1612
875,1614
111,1616
461,1616
961,1616
56,1617
246,1619
191,1620
994,1620
457,1622
575,1623
18,1624
560,1625
685,1625
727,1627
27,1630
641,1630
298,1633
380,1633
542,1635
897,1637
313,1639
867,1640
971,1640
792,1641
38,1642
939,1647
416,1647
456,1648
385,1649
555,1649
281,1649
871,1652
653,1653
295,1655
552,1655
459,1656
83,1658
599,1659
645,1659
146,1660
695,1663
944,1664
251,1665
29,1666
648,1666
745,1667
800,1669
25,1670
302,1671
984,1672
486,1673
21,1674
243,1674
805,1675
968,1677
948,1678
960,1678
531,1681
704,1681
87,1683
431,1686
70,1691
664,1696
448,1699
33,1699
164,1706
609,1707
692,1708
501,1708
93,1709
289,1709
916,1710
39,1713
498,1713
885,1715
591,1720
368,1721
343,1722
230,1722
278,1722
597,1723
803,1723
206,1734
508,1736
86,1736
996,1736
37,1740
505,1741
277,1742
101,1743
74,1743
856,1745
63,1747
250,1747
306,1750
84,1752
823,1755
666,1756
588,1757
487,1758
312,1762
130,1764
118,1769
139,1769
59,1774
618,1774
520,1776
192,1777
207,1778
371,1780
477,1783
323,1786
198,1787
929,1788
143,1791
846,1792
532,1793
603,1795
789,1796
256,1798
79,1798
41,1799
149,1801
955,1802
854,1803
710,1806
852,1807
210,1807
392,1807
266,1808
77,1809
254,1809
417,1809
775,1809
193,1810
900,1811
236,1814
52,1815
20,1815
949,1816
382,1819
53,1819
49,1820
799,1821
258,1821
92,1822
662,1822
546,1823
595,1825
711,1825
869,1826
796,1830
785,1832
611,1832
940,1833
620,1833
708,1836
724,1837
446,1837
744,1839
602,1841
935,1843
262,1845
732,1846
548,1852
142,1853
427,1854
959,1854
284,1855
81,1857
283,1858
490,1860
205,1863
515,1866
466,1867
890,1871
91,1873
790,1874
297,1879
102,1881
523,1883
165,1886
129,1887
54,1888
483,1888
784,1889
176,1889
836,1891
315,1892
904,1897
106,1897
830,1899
177,1899
418,1899
172,1901
293,1905
832,1908
655,1910
584,1916
709,1916
974,1918
889,1918
404,1921
970,1927
898,1935
121,1942
157,1946
759,1949
99,1949
189,1956
909,1961
442,1961
963,1962
182,1962
670,1964
768,1964
203,1965
347,1967
76,1968
522,1968
269,1971
858,1973
517,1973
158,1976
458,1977
535,1979
827,1982
58,1983
791,1984
370,1988
194,1989
763,1993
421,1993
813,1994
441,1994
303,1994
384,1996
489,1998
558,2000
161,2004
989,2005
582,2006
394,2009
82,2011
794,2013
464,2018
866,2019
972,2023
988,2026
437,2026
649,2027
861,2028
607,2028
872,2029
336,2030
839,2030
109,2034
452,2035
200,2040
425,2041
492,2042
761,2043
352,2045
619,2047
167,2052
391,2056
428,2056
665,2060
706,2061
962,2062
865,2068
375,2068
337,2068
943,2071
271,2075
844,2078
34,2084
249,2089
493,2096
834,2097
895,2101
920,2104
188,2108
362,2111
613,2111
113,2119
622,2122
833,2122
402,2127
965,2138
360,2138
798,2139
128,2140
802,2146
654,2148
640,2151
570,2152
637,2152
752,2152
96,2155
913,2156
705,2162
669,2163
518,2169
255,2170
333,2173
357,2179
818,2182
124,2184
430,2188
292,2196
975,2205
779,2205
316,2206
234,2209
1000,2220
614,2221
656,2223
887,2229
263,2231
942,2234
324,2242
31,2243
116,2243
169,2248
804,2254
218,2258
660,2262
880,2262
725,2265
46,2267
156,2270
138,2275
646,2277
26,2279
19,2280
873,2280
90,2297
627,2300
321,2308
247,2312
868,2317
530,2317
985,2317
217,2329
933,2330
15,2330
912,2331
915,2332
782,2332
731,2342
413,2346
541,2351
543,2353
628,2354
341,2359
180,2362
624,2366
937,2385
703,2386
145,2391
376,2396
285,2398
810,2401
69,2405
420,2409
864,2416
600,2419
267,2424
773,2424
737,2441
17,2457
899,2464
934,2467
335,2474
342,2476
6,2482
811,2486
573,2493
877,2498
75,2501
68,2505
468,2506
750,2510
261,2513
499,2522
329,2525
97,2526
159,2531
592,2531
372,2539
788,2539
638,2551
524,2552
338,2558
652,2567
809,2573
958,2579
436,2579
42,2583
817,2599
581,2601
766,2607
36,2610
730,2616
148,2631
319,2637
202,2649
286,2654
735,2655
89,2660
667,2666
433,2669
947,2678
300,2680
718,2699
760,2707
925,2708
905,2715
671,2717
795,2724
507,2732
642,2733
245,2747
853,2754
756,2758
615,2761
377,2780
571,2790
902,2797
557,2800
399,2808
186,2811
126,2823
95,2837
345,2841
999,2844
894,2849
514,2854
57,2861
30,2872
275,2872
13,2883
449,2902
273,2902
227,2906
7,2912
658,2921
739,2937
797,2940
470,2954
713,2977
675,2985
438,2986
44,3004
585,3015
274,3029
908,3054
401,3064
924,3089
60,3096
474,3102
693,3116
926,3118
50,3124
339,3152
587,3160
636,3161
119,3171
950,3189
462,3205
979,3230
322,3258
808,3285
482,3301
354,3329
389,3333
405,3340
876,3349
407,3365
309,3404
892,3409
953,3423
633,3453
918,3474
848,3502
166,3517
123,3558
550,3577
983,3580
45,3587
707,3644
144,3700
359,3731
927,3754
174,3766
686,3829
688,3895
534,3907
237,4004
878,4038
845,4077
966,4143
978,4151
786,4325
340,4405
228,4574
455,4652
509,4821

simblock.block.ProofOfWorkBlock@62084850:42
709,0
513,731
160,950
396,1006
749,1035
831,1118
430,1168
776,1204
525,1228
621,1253
741,1267
919,1271
825,1286
736,1310
311,1346
625,1348
553,1349
40,1367
638,1395
630,1398
837,1434
348,1435
23,1439
403,1439
349,1444
967,1457
547,1479
220,1481
80,1484
390,1487
168,1492
219,1520
381,1522
65,1522
406,1526
594,1528
977,1529
820,1537
935,1561
787,1566
400,1566
901,1567
529,1574
373,1575
691,1576
122,1583
355,1604
859,1609
952,1609
712,1612
780,1613
351,1613
720,1618
331,1634
624,1641
294,1644
486,1649
415,1650
445,1653
699,1656
334,1656
185,1658
991,1659
14,1660
94,1660
762,1664
472,1669
643,1673
726,1688
807,1690
221,1693
764,1695
162,1696
426,1698
921,1699
841,1701
860,1707
478,1715
617,1717
650,1720
494,1726
28,1738
511,1740
308,1743
226,1743
241,1745
815,1746
496,1748
606,1748
661,1751
816,1755
364,1755
629,1757
936,1758
484,1760
765,1763
502,1771
216,1773
287,1777
559,1780
987,1781
863,1784
946,1785
679,1786
323,1787
981,1791
843,1791
297,1792
721,1794
367,1795
632,1795
544,1796
9,1796
734,1801
677,1803
883,1804
279,1805
330,1807
683,1808
806,1808
938,1819
853,1820
225,1823
277,1823
558,1823
968,1823
697,1827
299,1827
112,1830
212,1831
753,1833
176,1833
235,1834
569,1834
659,1836
435,1836
120,1837
850,1837
357,1839
175,1842
512,1845
208,1845
105,1846
463,1848
238,1852
224,1856
318,1862
314,1862
198,1862
48,1863
551,1867
506,1868
923,1868
586,1868
538,1872
184,1873
141,1874
651,1875
270,1876
601,1876
948,1878
382,1879
107,1883
444,1883
676,1884
253,1886
450,1886
265,1887
4,1887
272,1889
931,1890
361,1896
829,1901
201,1904
826,1905
304,1908
998,1910
211,1912
310,1912
801,1915
110,1916
248,1923
564,1923
480,1924
742,1925
252,1926
103,1928
593,1930
716,1932
740,1932
623,1932
772,1933
61,1933
171,1936
900,1937
146,1939
127,1941
986,1942
276,1943
309,1943
812,1946
583,1948
536,1949
167,1953
855,1953
32,1953
647,1954
78,1955
896,1957
555,1957
98,1958
82,1959
70,1962
231,1963
2,1966
332,1966
429,1967
540,1967
847,1968
317,1968
869,1969
533,1969
566,1969
135,1971
137,1973
597,1973
338,1973
580,1974
906,1974
867,1975
956,1976
233,1976
481,1979
152,1980
549,1983
862,1983
635,1984
568,1985
495,1986
133,1988
945,1989
654,1989
365,1990
411,1991
187,1992
189,1993
325,1993
560,1995
503,1997
268,1998
64,1999
81,2000
644,2001
696,2001
868,2002
280,2004
451,2004
777,2004
874,2005
516,2005
85,2007
685,2008
288,2010
610,2011
291,2011
447,2012
353,2013
197,2015
19,2015
995,2016
598,2016
244,2016
223,2017
448,2018
865,2019
766,2019
259,2020
702,2021
485,2021
964,2022
117,2026
408,2030
346,2031
694,2032
33,2033
761,2034
298,2038
73,2042
337,2044
556,2045
108,2048
271,2048
3,2049
706,2049
18,2050
690,2052
616,2052
884,2053
578,2055
572,2056
680,2057
922,2060
432,2060
657,2062
729,2062
22,2064
341,2064
678,2065
356,2072
384,2072
771,2073
705,2073
717,2074
67,2075
504,2076
178,2076
1,2076
939,2079
471,2080
479,2083
500,2083
954,2084
136,2085
72,2086
173,2087
409,2088
589,2089
947,2091
10,2091
596,2091
519,2098
641,2099
684,2100
822,2100
386,2101
282,2103
903,2103
915,2105
835,2105
910,2107
924,2108
218,2109
990,2110
520,2110
301,2110
897,2115
38,2116
870,2116
757,2116
232,2117
290,2119
243,2122
155,2126
718,2128
326,2130
128,2130
196,2131
419,2132
984,2133
414,2135
994,2135
170,2135
792,2136
891,2136
344,2137
800,2137
195,2138
774,2138
951,2139
377,2140
542,2141
66,2141
100,2142
278,2142
358,2145
733,2145
738,2146
719,2146
756,2146
469,2148
673,2148
838,2149
34,2150
275,2150
380,2151
412,2154
689,2154
849,2155
819,2155
794,2155
383,2157
11,2158
567,2159
114,2159
929,2160
626,2160
154,2161
861,2161
454,2162
132,2164
90,2165
163,2165
701,2165
320,2167
911,2167
957,2172
664,2173
260,2178
708,2179
842,2180
327,2183
371,2184
27,2185
295,2185
856,2185
395,2186
181,2187
805,2187
205,2188
29,2191
857,2192
893,2192
456,2192
230,2193
267,2193
790,2194
745,2195
539,2195
714,2196
980,2197
976,2198
602,2202
440,2204
603,2204
693,2205
475,2205
410,2205
336,2205
236,2208
824,2210
782,2211
149,2213
193,2215
262,2217
554,2218
199,2218
457,2219
821,2220
148,2220
47,2221
63,2221
134,2225
634,2225
153,2226
928,2229
755,2229
328,2236
360,2237
535,2242
52,2242
131,2243
87,2246
387,2246
731,2248
79,2249
490,2249
522,2249
42,2250
186,2252
74,2253
615,2256
814,2257
35,2258
96,2260
247,2261
366,2262
548,2263
590,2269
487,2269
257,2276
531,2276
592,2278
16,2278
674,2281
871,2281
552,2282
397,2282
256,2283
944,2286
476,2288
751,2289
313,2290
21,2290
962,2290
692,2292
17,2295
979,2295
343,2296
369,2297
62,2298
296,2298
917,2298
389,2299
988,2300
955,2301
527,2302
145,2304
13,2308
461,2309
329,2309
563,2310
239,2311
882,2314
140,2314
769,2314
958,2315
147,2316
418,2316
854,2317
209,2319
746,2320
640,2321
960,2322
754,2323
570,2323
930,2323
292,2324
628,2324
229,2326
510,2328
620,2330
453,2331
591,2331
467,2331
604,2332
25,2332
587,2332
773,2333
682,2334
281,2335
574,2336
711,2336
234,2338
704,2338
524,2341
858,2342
488,2342
255,2349
993,2350
813,2354
125,2354
803,2354
483,2354
983,2355
378,2355
545,2358
227,2361
737,2363
442,2364
55,2366
489,2366
391,2368
264,2369
106,2371
655,2371
747,2371
811,2375
866,2376
350,2376
748,2377
56,2377
809,2380
501,2380
713,2381
775,2381
93,2383
608,2384
398,2384
99,2387
436,2387
86,2388
499,2390
388,2390
612,2391
124,2392
104,2393
515,2396
116,2396
5,2400
416,2400
949,2402
965,2402
666,2408
222,2408
577,2412
139,2414
562,2416
576,2418
157,2419
636,2420
316,2422
151,2422
770,2423
374,2425
59,2426
665,2430
723,2430
840,2431
941,2437
818,2438
802,2438
537,2438
605,2439
895,2440
89,2443
913,2444
30,2446
51,2453
433,2453
985,2453
50,2457
274,2458
934,2459
293,2461
618,2461
969,2462
970,2463
210,2463
532,2467
443,2468
796,2469
180,2469
347,2472
468,2477
439,2477
526,2478
307,2482
84,2482
908,2486
959,2487
585,2487
263,2487
43,2490
101,2491
507,2492
541,2493
394,2493
470,2494
207,2494
8,2495
888,2495
428,2495
932,2496
204,2497
130,2497
763,2500
793,2500
379,2501
83,2503
698,2504
839,2505
129,2505
305,2505
431,2510
671,2510
767,2513
1000,2515
342,2517
477,2517
996,2517
26,2519
872,2520
182,2521
652,2524
521,2527
438,2527
165,2532
912,2533
421,2537
424,2541
648,2542
730,2545
460,2549
75,2550
758,2551
172,2553
246,2555
925,2555
827,2555
169,2556
363,2559
785,2561
852,2563
126,2564
778,2564
31,2566
111,2567
194,2567
799,2577
599,2578
670,2582
724,2583
53,2586
362,2586
427,2591
619,2591
370,2592
642,2592
710,2597
789,2598
584,2599
76,2603
961,2603
254,2604
739,2606
161,2609
881,2611
179,2616
687,2620
627,2623
672,2628
622,2629
399,2631
974,2633
245,2634
71,2637
646,2637
509,2639
392,2639
46,2640
177,2641
458,2643
15,2651
728,2651
203,2653
518,2654
660,2656
834,2664
645,2665
982,2667
164,2670
909,2673
890,2674
372,2674
784,2675
102,2678
143,2680
474,2681
750,2681
121,2682
735,2684
875,2685
192,2686
200,2689
285,2690
703,2692
700,2693
405,2697
45,2700
251,2703
732,2703
649,2704
639,2704
997,2705
582,2706
49,2708
266,2711
828,2715
321,2717
725,2718
12,2722
142,2723
302,2723
937,2728
579,2728
324,2729
744,2730
240,2731
289,2734
92,2737
115,2738
695,2738
497,2741
972,2743
449,2745
24,2755
846,2759
215,2760
791,2765
943,2772
333,2774
530,2781
113,2782
465,2787
727,2787
752,2789
214,2803
942,2804
492,2804
88,2807
493,2813
315,2817
213,2820
637,2827
940,2829
508,2830
879,2832
899,2836
54,2842
441,2842
795,2844
886,2844
482,2849
768,2850
975,2851
190,2851
887,2852
312,2855
950,2855
39,2857
319,2863
885,2870
810,2875
466,2878
973,2879
914,2883
907,2884
668,2884
95,2890
836,2902
851,2903
464,2904
927,2905
920,2908
817,2910
565,2911
561,2916
376,2922
581,2933
57,2934
37,2936
368,2937
688,2939
614,2940
69,2942
303,2947
58,2950
933,2950
491,2964
804,2973
7,2976
663,2983
261,2983
760,2992
992,3005
528,3009
889,3010
609,3010
662,3021
250,3023
715,3024
283,3026
607,3030
345,3031
498,3033
798,3034
284,3034
352,3052
385,3052
258,3053
848,3055
833,3057
423,3058
404,3058
41,3060
707,3076
971,3079
242,3083
459,3084
249,3091
158,3095
437,3095
686,3100
999,3115
779,3116
989,3123
68,3139
873,3148
191,3149
892,3155
166,3156
832,3157
123,3165
575,3178
571,3186
452,3187
393,3193
675,3194
864,3197
783,3199
473,3208
401,3224
413,3225
420,3231
202,3232
669,3233
300,3255
880,3264
446,3267
613,3267
206,3268
573,3268
926,3275
656,3279
138,3279
514,3283
375,3291
150,3291
44,3301
898,3308
543,3313
422,3324
359,3326
786,3332
144,3342
335,3356
631,3368
407,3387
339,3400
77,3405
759,3407
306,3408
523,3408
845,3421
658,3429
902,3442
595,3445
905,3446
918,3464
217,3468
653,3489
425,3501
505,3504
876,3514
877,3515
462,3527
97,3530
830,3545
322,3555
434,3567
354,3569
904,3589
633,3590
156,3590
20,3606
722,3618
963,3622
916,3628
550,3649
119,3676
517,3677
36,3716
183,3719
6,3738
534,3743
237,3764
109,3764
557,3777
118,3797
878,3805
273,3818
788,3845
228,3854
159,3857
823,3868
966,3898
953,3925
797,3941
667,3956
743,3971
588,3989
611,4014
600,4024
174,4054
286,4065
402,4102
417,4106
844,4116
781,4128
681,4143
546,4148
894,4335
188,4355
91,4364
808,4366
978,4382
60,4585
269,4604
340,4637
455,4888

simblock.block.ProofOfWorkBlock@3773133:43
300,0
146,154
546,221
368,286
30,305
852,344
147,361
521,375
773,405
976,418
49,432
722,436
158,458
297,474
602,478
682,489
828,513
159,514
68,515
143,516
740,524
372,532
366,536
990,547
31,570
374,571
864,573
375,575
992,575
662,577
585,582
284,583
561,586
333,597
183,606
711,609
453,612
179,627
464,628
526,628
791,630
164,631
915,634
70,635
704,639
438,640
692,642
343,642
872,645
522,653
870,661
497,662
222,665
962,669
945,669
940,678
562,683
840,684
8,686
671,686
81,687
640,688
835,688
747,691
622,691
280,692
761,696
324,698
706,698
608,699
328,700
75,704
491,708
19,715
485,718
420,722
524,722
116,722
187,724
893,725
778,725
783,725
243,728
928,731
824,732
127,734
134,740
416,742
92,743
695,743
985,745
717,745
305,745
476,747
90,748
576,749
407,749
214,750
231,753
488,758
851,758
323,759
648,764
769,764
698,765
82,767
598,769
458,776
950,777
743,779
575,781
997,781
759,781
124,782
969,782
268,783
24,784
902,785
757,788
194,789
663,789
888,791
746,791
532,791
520,792
18,792
618,792
489,793
731,793
469,796
67,798
96,799
655,800
434,800
545,801
941,801
385,802
191,806
104,806
797,808
628,809
832,809
360,809
394,810
558,811
718,814
871,815
916,815
645,818
83,819
760,820
398,820
565,821
358,823
465,824
283,825
338,825
681,828
33,831
960,833
531,835
295,836
517,838
483,839
573,839
612,839
148,841
236,842
599,844
123,844
93,845
715,845
139,845
190,846
725,846
292,847
471,848
274,849
281,849
958,850
993,850
316,852
904,852
342,852
239,853
53,854
422,854
17,856
890,856
728,857
800,858
609,858
48,859
959,859
912,861
54,863
713,863
150,864
296,865
948,867
903,867
257,867
955,869
277,871
88,872
938,873
466,873
853,873
920,873
443,875
436,875
838,876
203,877
574,877
667,878
789,878
879,879
165,879
208,880
620,881
767,882
505,883
459,883
917,883
384,884
856,884
475,884
869,888
515,888
542,890
644,892
790,892
963,892
56,892
12,892
260,893
751,893
753,894
579,896
118,897
79,897
218,898
210,900
595,902
758,903
74,903
39,903
461,903
130,904
1000,907
180,907
106,908
431,908
996,909
359,910
590,911
109,912
125,913
154,914
87,915
262,915
537,915
11,915
687,915
988,917
329,917
59,917
350,919
942,921
534,921
975,921
503,921
637,921
705,923
307,923
817,923
167,923
29,923
858,926
27,928
639,928
5,928
247,930
971,931
320,931
149,931
744,932
654,932
195,932
830,932
205,932
508,933
930,934
819,934
470,934
77,935
693,936
182,937
334,937
924,937
198,937
278,937
442,938
582,938
737,938
814,940
153,940
518,942
836,942
234,943
309,943
727,946
881,947
868,947
951,947
710,948
186,949
251,949
378,950
363,950
501,951
779,952
811,952
410,953
965,954
301,955
10,955
979,956
256,957
99,957
427,959
202,961
275,963
605,963
258,963
781,964
947,964
543,965
412,965
289,966
925,966
849,967
21,967
246,969
861,970
391,971
176,971
798,971
499,972
846,973
482,974
700,975
468,976
357,976
85,976
383,976
937,977
34,977
770,977
423,977
857,977
708,977
490,977
653,979
973,979
659,980
249,980
102,982
866,983
42,983
456,984
498,985
882,987
206,988
739,989
714,989
71,990
129,991
128,992
886,993
448,993
326,993
669,993
897,994
689,996
665,997
908,997
570,998
541,998
999,998
111,999
200,1003
467,1004
16,1004
875,1004
528,1005
424,1005
419,1005
69,1005
380,1006
833,1008
89,1009
440,1009
641,1010
463,1011
907,1011
172,1012
151,1015
298,1016
233,1017
15,1018
624,1018
793,1019
347,1019
994,1020
970,1020
379,1021
961,1021
115,1022
487,1022
673,1023
651,1023
685,1023
240,1023
163,1027
25,1028
105,1029
865,1031
217,1032
756,1033
784,1034
263,1034
312,1034
730,1035
813,1035
984,1037
145,1038
213,1038
282,1038
827,1039
775,1040
345,1040
929,1041
63,1043
782,1044
227,1044
185,1045
885,1046
668,1047
631,1047
591,1049
507,1051
632,1052
230,1052
439,1052
414,1053
548,1054
177,1055
914,1055
982,1060
981,1061
821,1061
754,1062
512,1062
825,1063
604,1064
337,1065
818,1065
287,1066
957,1069
807,1070
457,1071
831,1073
610,1073
944,1074
377,1075
676,1077
223,1083
766,1085
290,1085
601,1085
625,1085
242,1087
389,1089
271,1089
535,1091
209,1092
267,1096
418,1098
376,1099
615,1100
815,1101
430,1104
672,1104
932,1105
28,1110
13,1111
41,1112
229,1113
854,1114
587,1114
94,1117
460,1117
133,1119
55,1119
900,1120
560,1121
972,1122
572,1124
108,1125
749,1127
393,1128
936,1135
806,1136
597,1139
586,1140
120,1147
664,1147
839,1148
500,1152
336,1155
603,1159
356,1160
204,1161
14,1165
755,1166
78,1170
826,1171
716,1173
634,1175
496,1180
593,1183
367,1188
386,1189
702,1191
551,1192
677,1193
311,1195
776,1195
911,1195
742,1195
352,1197
61,1197
794,1199
684,1200
193,1203
390,1203
691,1207
381,1210
721,1210
519,1211
510,1212
486,1212
353,1213
136,1214
723,1215
332,1215
556,1216
906,1217
4,1219
555,1222
310,1224
820,1226
473,1228
991,1232
931,1233
189,1235
201,1237
683,1239
643,1240
426,1241
173,1242
792,1244
265,1245
680,1246
52,1247
117,1247
578,1248
626,1249
408,1251
841,1254
415,1254
197,1255
387,1256
168,1256
211,1256
43,1257
910,1258
313,1266
638,1268
563,1273
968,1275
304,1275
170,1279
64,1280
207,1280
432,1280
559,1282
995,1282
349,1283
986,1284
291,1284
589,1285
748,1285
796,1285
382,1289
131,1290
344,1290
566,1291
738,1293
901,1294
525,1294
484,1296
679,1296
780,1297
762,1297
822,1305
494,1311
80,1312
444,1314
403,1315
232,1315
696,1317
226,1317
406,1319
629,1320
114,1320
411,1321
552,1322
502,1323
244,1324
325,1327
279,1329
569,1331
859,1331
224,1332
829,1332
623,1335
1,1336
954,1337
445,1337
919,1339
741,1339
581,1341
533,1342
155,1346
843,1346
720,1346
712,1349
447,1351
964,1352
314,1355
110,1356
238,1357
564,1358
538,1360
812,1363
980,1365
396,1366
98,1367
62,1368
674,1368
554,1368
51,1369
539,1370
479,1371
867,1372
616,1377
745,1378
72,1379
635,1380
361,1384
772,1385
435,1385
40,1386
891,1386
219,1387
400,1387
220,1390
248,1391
348,1396
764,1398
733,1398
967,1401
32,1405
132,1407
241,1408
137,1409
2,1412
103,1415
771,1415
630,1416
701,1417
694,1417
580,1418
617,1419
451,1419
341,1421
9,1425
122,1429
921,1430
506,1431
536,1438
196,1444
697,1450
454,1451
192,1452
65,1452
450,1454
513,1455
162,1462
527,1462
371,1462
511,1466
896,1467
594,1468
657,1468
678,1468
736,1470
330,1475
22,1483
977,1491
750,1495
38,1497
874,1498
331,1502
719,1504
235,1504
140,1505
774,1510
606,1511
181,1515
73,1521
633,1522
308,1522
237,1527
327,1531
734,1533
429,1536
823,1537
413,1539
842,1540
112,1541
225,1542
998,1542
144,1548
141,1550
621,1550
339,1551
987,1554
553,1555
421,1556
364,1556
3,1558
100,1559
801,1559
752,1560
299,1561
596,1566
395,1569
35,1570
726,1577
614,1579
45,1581
884,1588
57,1589
480,1591
84,1591
650,1592
152,1594
388,1594
66,1595
355,1596
544,1597
956,1600
452,1602
889,1603
584,1616
729,1617
670,1617
935,1620
294,1621
138,1622
946,1624
26,1628
317,1631
549,1634
6,1634
285,1635
161,1636
952,1637
495,1641
288,1647
504,1653
878,1659
293,1660
939,1663
550,1664
97,1665
91,1668
703,1669
264,1674
175,1675
270,1675
804,1676
212,1685
401,1689
365,1692
785,1695
799,1695
873,1697
765,1697
397,1705
690,1711
647,1712
577,1712
913,1713
399,1715
315,1720
529,1722
860,1731
306,1731
369,1734
253,1735
895,1736
768,1738
613,1739
178,1742
121,1743
735,1745
658,1754
346,1761
855,1761
23,1767
816,1769
441,1770
273,1771
592,1777
876,1781
660,1787
216,1790
276,1790
335,1795
113,1800
887,1806
805,1814
156,1814
481,1815
433,1822
221,1825
449,1827
607,1828
686,1833
259,1833
266,1834
228,1835
425,1836
370,1841
642,1842
786,1844
627,1845
922,1846
923,1847
76,1847
943,1855
261,1859
636,1865
319,1866
493,1874
844,1878
478,1881
808,1885
675,1887
157,1904
905,1904
107,1909
688,1922
509,1927
417,1929
516,1937
318,1939
978,1956
707,1957
302,1959
795,1961
166,1961
160,1963
934,1964
568,1967
126,1980
898,1980
402,1988
619,1994
847,1995
340,1995
588,2003
837,2004
255,2006
171,2017
252,2018
174,2023
404,2023
437,2028
803,2028
286,2030
7,2039
567,2053
455,2061
802,2065
530,2066
611,2069
810,2078
953,2085
119,2097
392,2100
763,2111
250,2111
95,2112
321,2112
446,2113
850,2115
724,2117
269,2123
787,2129
661,2136
86,2140
949,2141
883,2145
169,2147
60,2160
188,2165
409,2171
362,2172
989,2186
199,2190
477,2194
472,2196
547,2197
877,2255
974,2279
709,2296
405,2312
646,2313
428,2314
583,2315
474,2323
926,2333
933,2341
254,2351
351,2361
862,2365
777,2373
834,2384
44,2387
322,2397
215,2401
909,2402
845,2421
523,2424
848,2424
656,2456
514,2457
46,2487
863,2490
880,2490
918,2505
540,2532
272,2534
927,2539
58,2543
245,2564
142,2598
649,2624
373,2667
652,2670
666,2699
20,2699
36,2704
135,2707
184,2710
966,2717
37,2750
809,2766
354,2831
101,2844
557,2847
892,2881
699,2883
492,2912
462,2955
50,2990
899,3057
47,3058
894,3151
983,3225
788,3237
600,3280
571,3342
732,3630
303,3980

simblock.block.ProofOfWorkBlock@7d677d7b:43
972,0
574,150
865,208
597,267
924,335
88,400
769,462
345,521
882,577
639,634
940,692
207,862
287,1032
553,1210
998,1409
463,1579
199,1757
496,1926
413,2101
22,2272
45,2581
97,2867
848,3170
86,3469
880,3767

simblock.block.ProofOfWorkBlock@5cf9f1f4:44
732,0
934,319
660,465
646,619
675,667
433,854
78,878
201,944
428,1005
254,1009
370,1079
349,1102
519,1147
72,1160
156,1161
157,1166
367,1196
395,1206
588,1226
114,1243
922,1269
346,1305
679,1318
137,1328
435,1366
86,1372
551,1377
199,1386
95,1398
141,1404
837,1409
364,1412
901,1415
584,1416
173,1419
98,1425
62,1448
684,1459
847,1464
586,1475
144,1476
365,1483
429,1486
181,1489
221,1490
1,1494
353,1497
100,1509
334,1523
643,1527
404,1532
850,1536
411,1542
538,1547
913,1551
388,1554
765,1557
803,1562
735,1566
451,1572
699,1573
279,1580
276,1583
341,1584
506,1585
862,1597
64,1603
719,1604
635,1607
626,1619
889,1625
777,1630
749,1631
272,1633
896,1633
816,1636
606,1642
891,1642
963,1653
525,1655
696,1660
578,1661
674,1668
472,1671
355,1671
486,1673
677,1675
855,1684
629,1686
554,1686
527,1687
540,1688
566,1689
802,1689
35,1691
26,1698
408,1699
987,1701
462,1703
649,1707
444,1710
559,1711
211,1711
261,1712
294,1712
801,1714
741,1717
348,1717
397,1719
968,1721
883,1724
235,1724
510,1725
299,1737
53,1738
25,1740
308,1748
511,1749
65,1749
327,1750
936,1750
661,1752
356,1758
556,1760
678,1764
216,1764
787,1766
9,1768
676,1773
845,1774
935,1776
991,1777
112,1780
702,1783
494,1790
60,1790
755,1791
282,1793
253,1794
529,1799
2,1799
23,1800
564,1800
967,1804
727,1805
117,1806
771,1806
382,1807
226,1807
264,1818
371,1818
796,1820
705,1827
815,1828
136,1835
43,1836
753,1840
794,1841
808,1843
976,1846
829,1846
567,1849
120,1853
132,1853
980,1853
94,1854
589,1856
32,1856
310,1857
504,1858
752,1859
833,1862
502,1864
325,1865
621,1866
894,1867
969,1869
923,1870
121,1873
381,1875
807,1875
631,1876
73,1879
449,1882
657,1883
481,1885
220,1886
617,1887
594,1887
454,1888
869,1889
39,1890
746,1891
825,1891
426,1892
189,1893
745,1895
480,1896
840,1897
40,1899
842,1904
140,1907
14,1912
97,1913
950,1913
185,1915
163,1917
291,1919
930,1920
106,1920
13,1924
184,1926
296,1927
105,1929
122,1932
267,1934
450,1934
421,1935
683,1937
314,1937
569,1937
998,1938
906,1939
400,1939
772,1939
647,1940
568,1940
415,1941
863,1945
531,1945
311,1945
131,1945
804,1946
500,1947
479,1948
947,1948
859,1948
819,1950
332,1951
237,1951
248,1955
946,1956
701,1958
770,1958
651,1959
634,1961
168,1964
841,1965
583,1968
593,1968
270,1968
460,1970
680,1970
503,1973
197,1976
52,1976
151,1977
135,1977
495,1977
475,1978
160,1981
729,1983
843,1985
21,1988
133,1988
306,1988
47,1990
202,1991
34,1994
289,1994
386,1997
721,1997
255,1999
580,2000
970,2002
581,2003
321,2006
99,2008
691,2009
252,2009
762,2010
275,2010
38,2013
888,2015
720,2016
831,2017
212,2018
768,2019
171,2020
860,2022
964,2023
390,2024
505,2026
925,2027
669,2028
740,2029
712,2030
648,2035
820,2035
823,2035
489,2037
153,2038
139,2040
471,2040
107,2040
738,2040
18,2043
482,2045
447,2046
822,2047
882,2048
318,2050
108,2052
19,2055
513,2057
403,2058
910,2059
536,2060
663,2062
459,2066
695,2067
398,2070
80,2073
307,2074
924,2075
939,2076
897,2079
689,2079
66,2079
440,2079
835,2079
851,2083
736,2083
393,2084
986,2086
92,2087
461,2088
764,2089
995,2089
956,2091
931,2092
905,2093
508,2093
3,2094
639,2094
256,2095
711,2095
698,2096
981,2097
920,2101
241,2103
919,2103
217,2103
90,2104
129,2104
547,2105
134,2105
271,2107
369,2107
115,2107
239,2108
776,2108
733,2111
572,2113
630,2115
928,2117
342,2119
478,2121
484,2126
800,2129
579,2130
396,2135
378,2135
898,2135
890,2136
756,2136
247,2137
671,2137
366,2141
625,2142
465,2142
210,2143
616,2143
373,2144
10,2144
379,2145
879,2147
260,2149
965,2157
59,2159
297,2161
558,2161
259,2163
875,2164
797,2164
638,2167
15,2167
766,2167
805,2167
61,2168
650,2169
249,2169
673,2169
664,2169
880,2170
878,2170
93,2171
240,2171
178,2175
690,2178
874,2178
557,2179
521,2182
806,2183
387,2184
208,2184
577,2186
238,2186
549,2186
870,2188
316,2189
29,2191
222,2192
962,2193
101,2198
654,2198
884,2198
420,2199
180,2200
700,2201
997,2203
333,2206
555,2206
288,2207
726,2207
498,2214
982,2216
87,2216
304,2216
628,2216
56,2217
836,2218
351,2220
360,2221
242,2222
893,2223
954,2224
918,2224
499,2225
886,2227
858,2233
722,2233
293,2236
832,2237
477,2238
175,2240
867,2243
507,2244
12,2246
790,2249
485,2249
230,2250
563,2250
24,2254
814,2259
223,2259
501,2260
359,2261
602,2262
251,2263
209,2264
952,2267
102,2268
391,2269
988,2270
338,2270
697,2270
921,2271
992,2272
155,2272
496,2274
127,2274
467,2275
871,2276
614,2276
653,2278
200,2279
597,2281
734,2286
996,2290
743,2292
295,2292
710,2296
881,2297
542,2299
751,2299
422,2300
4,2302
685,2302
717,2306
418,2307
162,2308
520,2313
394,2314
903,2315
91,2315
165,2317
194,2318
445,2318
582,2319
329,2319
203,2320
70,2322
142,2324
22,2324
469,2327
458,2328
553,2330
915,2336
497,2339
419,2339
77,2342
938,2342
46,2342
973,2345
902,2346
864,2348
266,2349
562,2349
944,2350
147,2350
320,2351
68,2352
290,2356
328,2356
789,2359
620,2362
618,2363
984,2366
824,2367
146,2368
856,2374
716,2376
615,2378
730,2378
457,2379
714,2380
49,2380
277,2380
79,2380
389,2381
138,2381
358,2382
406,2383
176,2383
708,2384
522,2389
414,2389
322,2389
27,2390
817,2391
88,2394
533,2395
990,2398
846,2399
940,2402
545,2404
236,2404
385,2405
470,2405
463,2411
41,2413
892,2416
706,2418
989,2419
718,2420
280,2422
737,2423
409,2425
622,2425
539,2428
215,2432
528,2433
966,2433
145,2433
128,2434
792,2435
1000,2436
229,2436
707,2441
609,2442
627,2449
748,2449
799,2452
213,2454
666,2455
725,2455
798,2456
827,2457
152,2461
28,2461
207,2462
872,2466
452,2468
11,2470
164,2472
330,2473
281,2475
167,2475
244,2476
324,2477
392,2480
961,2486
544,2490
104,2493
89,2494
441,2495
84,2495
723,2496
526,2496
231,2500
110,2502
951,2504
368,2505
83,2508
655,2515
453,2516
927,2519
169,2519
363,2520
361,2521
574,2521
821,2523
483,2524
895,2525
826,2525
834,2526
305,2528
69,2530
58,2531
344,2533
337,2536
405,2537
225,2538
265,2540
838,2546
301,2549
739,2554
331,2555
524,2555
298,2557
809,2557
757,2557
150,2559
206,2561
57,2562
196,2562
785,2563
975,2563
183,2564
315,2567
561,2570
383,2571
932,2572
688,2573
177,2573
50,2575
292,2576
309,2579
401,2579
652,2580
245,2580
788,2583
541,2583
636,2583
516,2585
813,2586
600,2588
550,2593
937,2598
233,2599
640,2599
76,2600
715,2607
434,2608
492,2613
941,2613
637,2614
71,2617
6,2624
287,2625
604,2631
518,2632
443,2632
493,2636
694,2636
172,2640
543,2655
474,2662
30,2663
659,2668
186,2670
977,2670
849,2672
250,2675
744,2677
384,2682
633,2682
232,2683
904,2693
234,2694
374,2698
468,2698
959,2699
376,2707
742,2707
509,2714
512,2719
994,2725
601,2726
476,2726
431,2730
911,2733
665,2734
560,2734
844,2737
811,2737
432,2745
109,2745
885,2745
848,2746
124,2748
148,2750
709,2752
972,2752
116,2759
953,2768
182,2772
909,2772
912,2772
7,2776
760,2778
750,2778
774,2783
473,2784
704,2787
416,2792
783,2802
219,2803
149,2804
36,2807
641,2810
54,2812
830,2814
113,2815
899,2821
103,2832
490,2833
33,2846
262,2847
257,2847
170,2852
793,2866
375,2869
692,2869
769,2874
603,2877
971,2881
670,2884
852,2886
786,2887
943,2896
417,2897
957,2905
672,2914
44,2915
303,2918
130,2922
535,2923
380,2923
668,2926
605,2926
51,2930
246,2930
413,2947
570,2949
942,2949
123,2958
907,2961
274,2967
795,2967
983,2974
190,2976
317,2977
446,2977
312,2982
610,2984
612,2986
464,2997
488,3000
37,3008
283,3022
955,3024
204,3034
74,3036
438,3047
20,3047
778,3051
430,3057
791,3060
587,3060
399,3069
611,3070
424,3077
191,3078
159,3092
423,3096
784,3097
754,3099
187,3103
55,3107
599,3109
900,3112
818,3117
300,3128
916,3135
667,3137
326,3137
548,3152
592,3162
974,3163
166,3165
81,3177
218,3180
759,3197
775,3201
656,3221
362,3224
67,3231
466,3233
861,3233
302,3251
619,3255
336,3258
810,3266
780,3268
985,3274
929,3275
31,3276
48,3279
158,3284
607,3285
125,3287
491,3288
174,3296
644,3301
412,3303
319,3307
993,3324
868,3324
812,3331
873,3341
857,3343
514,3346
658,3347
596,3370
908,3376
948,3382
608,3387
926,3390
188,3391
119,3410
45,3411
8,3414
747,3417
624,3434
590,3449
269,3471
354,3472
517,3475
347,3498
193,3504
523,3529
402,3540
96,3541
877,3541
763,3544
645,3555
642,3557
731,3557
192,3569
917,3569
268,3578
724,3579
372,3584
682,3586
357,3634
5,3637
224,3638
591,3640
552,3656
571,3662
143,3671
85,3679
728,3683
126,3699
713,3716
339,3719
214,3723
532,3732
876,3776
161,3795
949,3795
284,3802
613,3807
530,3830
243,3833
565,3839
534,3861
865,3867
313,3868
258,3885
118,3897
782,3935
853,3935
82,3943
437,3947
286,3971
576,3979
958,3988
999,4020
767,4021
228,4029
546,4032
573,4037
439,4039
703,4045
686,4049
273,4081
335,4084
839,4099
866,4167
16,4173
693,4194
407,4211
227,4237
350,4242
887,4293
632,4321
278,4325
195,4329
448,4340
781,4389
585,4391
779,4403
945,4467
687,4475
63,4507
828,4535
487,4542
681,4567
263,4623
377,4688
111,4705
933,4708
345,4741
179,4771
410,4778
598,4805
662,4834
595,4841
914,4929
978,4990
285,5043
198,5069
154,5077
323,5107
442,5143
427,5227
340,5237
515,5371
352,5385
758,5393
17,5409
205,5441
455,5495
343,5544
575,5677
960,5756
42,5763
854,5847
761,6060
979,6121
537,6145
773,6364
456,6469
436,6666
75,6822
425,7245

simblock.block.ProofOfWorkBlock@34eb7918:44
742,0
762,220
64,302
629,389
919,438
738,474
110,520
225,524
677,557
586,601
331,610
630,616
952,641
168,656
981,686
536,690
299,691
112,698
755,725
390,739
554,745
690,748
288,767
596,771
847,773
676,779
734,784
736,819
152,823
80,825
806,827
601,828
741,829
764,848
40,854
841,856
659,860
137,860
815,868
777,874
650,881
447,907
403,909
977,911
691,911
314,912
697,919
884,920
712,923
771,931
583,938
117,941
831,952
197,952
238,955
272,963
381,965
661,965
745,968
774,988
395,995
397,1000
415,1000
559,1000
175,1002
344,1002
409,1005
11,1007
531,1009
578,1012
199,1014
637,1017
178,1019
361,1020
522,1029
287,1032
211,1038
863,1040
906,1041
451,1042
510,1046
133,1047
406,1047
587,1048
9,1049
131,1050
481,1050
812,1057
450,1069
513,1072
248,1075
638,1075
94,1079
903,1084
680,1084
349,1086
556,1086
382,1086
160,1087
330,1089
14,1093
226,1098
551,1100
855,1102
216,1104
396,1109
867,1117
780,1122
356,1123
4,1127
494,1128
28,1130
516,1131
173,1131
699,1132
569,1134
787,1134
879,1134
998,1137
107,1139
22,1140
23,1143
701,1143
568,1144
986,1145
995,1146
547,1151
66,1154
279,1156
862,1156
253,1158
105,1158
81,1161
122,1163
684,1164
657,1174
486,1174
982,1175
529,1175
753,1175
52,1175
544,1176
317,1179
366,1179
78,1180
891,1191
420,1192
939,1194
826,1194
284,1195
130,1198
577,1201
431,1202
496,1205
538,1205
555,1207
921,1209
837,1213
430,1215
259,1215
525,1220
987,1220
25,1220
860,1220
371,1222
692,1224
504,1224
426,1224
500,1225
135,1227
412,1227
132,1227
235,1227
264,1228
291,1233
458,1233
180,1235
418,1236
674,1237
353,1240
472,1244
901,1247
479,1247
502,1248
311,1256
445,1257
973,1257
696,1258
651,1259
687,1259
333,1261
772,1263
610,1263
503,1265
625,1265
351,1268
843,1269
616,1269
232,1273
767,1275
617,1275
324,1276
285,1277
435,1277
705,1277
432,1280
606,1283
461,1285
944,1287
252,1290
443,1290
62,1290
872,1292
305,1292
749,1292
679,1293
511,1297
850,1297
444,1299
318,1302
932,1302
220,1302
567,1304
589,1304
776,1306
553,1306
289,1307
400,1307
540,1307
594,1308
295,1309
634,1311
297,1313
858,1314
373,1317
991,1322
923,1323
938,1325
566,1331
296,1333
475,1334
104,1334
73,1340
721,1340
580,1346
146,1348
155,1348
722,1349
171,1349
512,1350
936,1351
914,1351
819,1352
124,1355
765,1355
718,1356
19,1356
244,1358
717,1359
747,1360
365,1361
792,1361
15,1362
294,1363
389,1366
120,1366
900,1366
219,1370
310,1371
564,1371
471,1371
811,1373
484,1374
950,1374
408,1374
996,1374
626,1374
579,1375
979,1375
967,1376
720,1376
683,1378
575,1381
864,1382
93,1382
572,1383
170,1386
96,1386
585,1387
32,1390
621,1392
348,1392
325,1393
704,1393
224,1396
31,1397
910,1399
965,1402
300,1402
840,1404
151,1404
341,1405
134,1408
162,1410
719,1410
459,1410
820,1412
407,1414
193,1415
548,1416
620,1416
893,1418
380,1421
262,1423
56,1425
935,1425
729,1428
92,1432
532,1433
83,1435
793,1435
364,1436
632,1436
865,1436
103,1437
34,1438
208,1438
623,1439
2,1441
108,1442
618,1443
963,1444
334,1444
196,1444
871,1444
27,1445
784,1445
265,1446
783,1447
508,1450
147,1450
662,1450
728,1450
129,1453
830,1453
726,1455
533,1457
100,1457
955,1458
825,1462
223,1464
539,1466
48,1472
77,1473
883,1473
308,1474
713,1474
416,1475
375,1477
355,1478
454,1480
280,1481
346,1482
857,1482
439,1483
628,1483
338,1485
3,1488
756,1488
480,1488
240,1493
332,1495
398,1498
328,1500
563,1501
369,1501
928,1501
360,1505
635,1506
849,1506
179,1506
186,1506
464,1507
212,1508
125,1510
714,1511
576,1511
761,1513
75,1515
646,1516
665,1518
598,1522
827,1523
562,1525
352,1525
693,1526
658,1527
271,1527
836,1528
972,1528
816,1529
644,1530
128,1531
869,1534
842,1538
870,1542
422,1542
702,1542
832,1543
290,1545
920,1545
49,1546
590,1547
912,1547
59,1548
467,1548
931,1549
177,1550
609,1550
852,1552
570,1553
731,1557
672,1558
506,1564
230,1566
828,1566
276,1568
797,1569
298,1570
694,1570
115,1572
419,1573
517,1573
323,1573
270,1574
256,1575
999,1576
782,1576
326,1576
47,1577
739,1577
915,1579
655,1579
505,1581
275,1581
42,1584
501,1584
980,1584
292,1586
545,1587
414,1593
685,1593
194,1595
102,1596
5,1596
154,1597
274,1598
478,1599
470,1600
429,1600
856,1601
18,1602
466,1603
85,1604
866,1605
593,1605
908,1606
283,1609
897,1609
700,1611
217,1613
139,1618
203,1621
70,1621
260,1624
350,1626
434,1626
358,1627
888,1627
460,1629
231,1629
663,1631
740,1631
543,1632
453,1633
257,1635
21,1636
754,1637
88,1640
424,1641
673,1642
727,1643
41,1645
243,1645
859,1646
301,1650
309,1650
386,1652
937,1654
206,1654
716,1655
760,1655
962,1657
615,1657
222,1657
368,1658
868,1659
8,1660
924,1663
268,1665
723,1668
885,1668
968,1669
824,1675
304,1676
495,1678
599,1680
907,1681
695,1681
312,1687
61,1689
374,1690
970,1690
515,1691
258,1693
964,1693
947,1694
778,1697
183,1703
69,1703
469,1703
247,1705
744,1705
33,1705
643,1707
476,1707
549,1708
190,1712
74,1713
775,1714
277,1721
30,1722
423,1723
603,1723
182,1724
376,1724
343,1724
565,1726
560,1728
482,1729
63,1731
956,1734
960,1734
805,1738
535,1740
527,1741
631,1741
706,1745
202,1746
798,1746
153,1747
394,1747
612,1747
359,1747
518,1748
221,1748
227,1751
971,1753
313,1754
1,1756
789,1757
951,1760
602,1761
200,1761
242,1764
142,1764
975,1765
608,1765
410,1766
367,1767
145,1772
473,1772
660,1777
185,1778
647,1778
946,1780
667,1780
440,1782
708,1782
114,1783
757,1785
363,1786
383,1787
711,1797
934,1798
347,1799
645,1803
241,1806
307,1807
29,1810
278,1810
143,1811
990,1811
158,1811
520,1812
653,1812
213,1815
751,1818
521,1818
7,1821
489,1824
627,1827
327,1828
992,1831
123,1831
316,1832
210,1833
682,1833
959,1834
758,1835
666,1838
35,1838
491,1839
51,1839
266,1843
411,1843
385,1843
101,1844
234,1845
57,1846
236,1846
957,1854
181,1854
605,1854
582,1854
195,1857
191,1857
413,1859
592,1861
584,1863
983,1863
799,1867
321,1867
448,1868
985,1869
918,1870
149,1873
336,1874
24,1876
746,1877
604,1878
948,1882
43,1882
16,1882
941,1884
89,1885
648,1887
922,1890
834,1893
157,1894
498,1894
433,1895
187,1895
172,1896
229,1897
267,1897
542,1898
176,1900
339,1904
743,1907
969,1909
282,1909
201,1914
851,1917
136,1919
204,1920
759,1921
633,1922
468,1923
801,1923
87,1923
302,1924
189,1925
72,1929
438,1933
329,1933
796,1934
345,1934
675,1936
38,1938
654,1939
111,1940
442,1940
384,1941
17,1941
127,1942
807,1943
552,1949
681,1958
207,1958
997,1960
214,1962
39,1968
940,1973
372,1973
141,1974
519,1977
315,1979
161,1979
261,1983
639,1983
854,1984
766,1985
239,1986
769,1989
994,1995
488,1996
456,1997
895,1998
794,1999
67,2001
875,2007
786,2008
404,2008
388,2009
463,2012
905,2014
730,2016
861,2018
698,2019
853,2021
167,2023
98,2023
664,2023
880,2025
954,2025
614,2026
523,2027
725,2028
71,2028
144,2031
362,2031
320,2031
165,2042
497,2048
800,2055
988,2056
773,2056
184,2062
942,2063
768,2065
809,2065
976,2068
642,2069
169,2070
379,2071
622,2077
246,2077
46,2081
715,2082
874,2082
822,2088
455,2090
710,2091
528,2095
342,2096
209,2097
483,2098
848,2098
993,2101
678,2107
813,2108
205,2114
254,2114
441,2115
399,2115
65,2116
823,2122
150,2122
421,2125
428,2126
641,2126
126,2130
76,2132
164,2136
763,2142
121,2145
817,2145
487,2146
595,2151
917,2157
790,2161
340,2161
50,2163
263,2164
953,2165
12,2173
873,2180
68,2182
949,2184
911,2186
882,2190
140,2195
319,2196
791,2196
148,2197
803,2199
735,2201
251,2202
490,2202
425,2208
752,2210
597,2213
20,2219
669,2220
573,2223
477,2224
10,2230
269,2234
896,2235
337,2236
886,2237
821,2246
814,2249
829,2252
192,2253
387,2258
174,2258
670,2259
417,2268
904,2270
457,2271
558,2271
198,2272
574,2274
393,2276
894,2278
943,2278
925,2282
835,2301
6,2317
779,2325
245,2325
930,2326
984,2327
526,2327
437,2330
818,2331
611,2335
449,2337
838,2338
237,2350
546,2351
898,2352
707,2354
79,2357
524,2360
303,2366
255,2373
116,2374
499,2376
13,2378
1000,2381
802,2391
250,2395
561,2398
119,2399
427,2406
391,2412
733,2422
737,2423
90,2424
156,2431
750,2434
392,2437
109,2443
770,2444
446,2451
688,2456
53,2456
933,2463
402,2468
44,2475
113,2478
541,2478
188,2479
86,2480
810,2499
591,2502
916,2505
649,2507
58,2509
926,2518
619,2523
607,2533
54,2535
99,2548
357,2572
493,2576
581,2585
474,2589
724,2598
163,2598
370,2602
978,2606
927,2607
890,2621
945,2621
84,2624
966,2627
557,2644
961,2653
804,2653
640,2675
218,2689
636,2703
808,2704
401,2704
889,2706
537,2722
785,2727
703,2730
845,2732
249,2746
36,2752
273,2759
899,2765
462,2766
748,2772
97,2787
788,2795
233,2796
781,2796
909,2830
514,2832
588,2841
507,2850
887,2852
509,2852
306,2855
354,2863
671,2871
550,2875
892,2903
881,2914
624,2920
485,2953
833,2979
652,2990
913,2990
989,3001
878,3018
55,3028
138,3035
656,3039
281,3052
465,3088
958,3094
293,3113
600,3115
82,3139
118,3157
732,3163
929,3231
530,3249
405,3271
106,3285
286,3288
689,3317
228,3336
668,3341
974,3360
534,3411
436,3467
159,3493
377,3520
795,3539
613,3545
95,3610
902,3650
37,3651
846,3677
166,3768
686,3786
571,3792
839,3859
709,3898
322,3899
876,4027
45,4037
26,4128
452,4148
91,4151
335,4309
60,4378
877,4396
844,4398
492,4632
215,4643

simblock.block.ProofOfWorkBlock@5e2ca02d:44
92,0
988,153
158,210
431,267
710,303
904,323
30,360
394,361
289,388
562,417
681,419
153,445
698,459
468,472
17,474
585,476
223,516
39,517
668,525
176,528
565,533
434,541
960,565
662,571
783,575
760,575
214,587
329,593
835,594
453,599
564,617
206,622
620,622
973,622
743,633
604,633
102,650
915,651
754,655
350,656
233,675
928,679
383,683
654,684
868,685
940,685
366,691
489,706
85,712
789,715
612,715
628,717
275,723
951,737
758,739
497,740
183,745
246,746
689,747
545,754
124,762
576,771
159,774
655,784
626,786
163,789
249,795
440,796
151,803
984,803
235,805
916,809
888,809
186,811
937,823
912,827
427,827
508,827
49,830
422,841
602,852
267,852
208,857
561,860
599,868
598,876
818,881
609,883
409,887
648,890
862,891
297,892
375,896
42,897
167,909
958,912
870,918
959,922
316,923
195,924
145,938
74,941
756,943
347,954
89,955
341,955
639,956
469,969
722,974
106,974
813,975
629,979
837,979
410,979
18,980
231,984
944,994
277,998
298,1000
882,1012
800,1013
220,1019
10,1030
295,1030
247,1031
164,1032
309,1036
640,1037
962,1041
204,1043
466,1060
128,1061
288,1062
994,1062
120,1063
170,1068
622,1069
56,1073
573,1087
412,1088
465,1093
230,1097
118,1114
470,1117
761,1117
411,1125
240,1131
146,1133
771,1139
251,1145
673,1147
843,1148
281,1150
815,1152
518,1158
729,1164
779,1170
485,1176
925,1187
948,1189
406,1198
924,1198
168,1200
221,1201
127,1202
8,1205
621,1214
558,1218
130,1227
244,1234
328,1234
653,1238
853,1238
225,1238
226,1239
139,1245
9,1247
524,1256
499,1260
104,1261
992,1269
638,1275
210,1276
88,1288
551,1289
996,1294
871,1300
520,1303
651,1311
866,1321
945,1321
239,1328
308,1333
979,1333
196,1338
941,1339
222,1345
695,1351
570,1358
775,1360
396,1369
968,1370
500,1376
35,1377
886,1380
507,1385
838,1389
716,1390
796,1404
343,1408
82,1408
923,1408
367,1409
643,1410
548,1416
217,1416
55,1418
660,1422
408,1428
387,1437
478,1448
982,1448
80,1469
778,1470
517,1475
908,1476
265,1482
346,1491
712,1504
371,1508
358,1528
949,1536
107,1538
674,1552
539,1553
310,1556
482,1559
906,1559
73,1577
349,1577
749,1581
38,1581
921,1582
439,1582
90,1586
181,1587
4,1591
141,1600
14,1607
554,1619
3,1623
990,1626
902,1638
879,1644
683,1660
486,1662
860,1676
447,1677
68,1695
546,1701
293,1705
841,1712
527,1730
764,1730
776,1733
661,1748
184,1751
874,1752
327,1754
62,1756
525,1757
147,1758
799,1765
623,1770
569,1777
742,1790
444,1796
936,1831
589,1836
595,1845
646,1846
365,1847
721,1852
302,1853
152,1864
269,1888
855,1899
484,1899
178,1901
299,1909
264,1922
787,1922
395,1923
919,1927
519,1928
901,1945
736,1948
232,1951
567,1960
353,1971
610,2003
650,2005
433,2006
169,2009
399,2010
259,2015
701,2023
282,2024
859,2040
804,2058
549,2074
910,2078
369,2096
400,2099
553,2101
494,2117
504,2124
878,2129
201,2135
174,2173
382,2174
636,2184
356,2191
437,2192
325,2196
634,2196
613,2216
557,2219
22,2244
750,2246
103,2251
675,2258
533,2270
373,2271
171,2271
913,2290
435,2298
402,2299
495,2303
690,2305
441,2322
953,2342
606,2368
291,2375
122,2421
803,2444
472,2444
362,2459
450,2459
652,2469
331,2474
142,2475
250,2493
788,2504
934,2513
335,2531
611,2534
445,2543
36,2544
850,2546
509,2573
666,2578
192,2578
933,2584
344,2592
989,2595
699,2619
463,2628
306,2633
536,2646
166,2746
927,2753
428,2760
160,2763
810,2783
47,2794
238,2802
724,2825
530,2829
492,2867
614,2876
86,2892
446,2921
844,2929
807,2933
272,2963
136,2988
97,3036
892,3051
816,3103
254,3116
918,3130
649,3150
388,3190
709,3220
656,3237
405,3250
26,3276
584,3323
887,3385
983,3392
966,3433
188,3433
658,3474
802,3503
571,3532
452,3561
834,3667
823,3786
732,3827
354,3902
322,3951
46,4126
303,4171
845,4236
101,4492
876,4533
909,4820
266,4832

simblock.block.ProofOfWorkBlock@6221352b:45
347,0
961,151
81,209
890,298
262,303
960,355
821,361
587,362
595,412
817,418
950,437
782,454
230,465
260,469
12,496
576,504
689,513
858,520
982,521
757,525
969,527
251,550
531,552
654,560
545,569
13,573
418,573
932,578
672,581
336,585
811,608
791,608
870,610
789,617
407,618
640,619
903,625
925,630
366,631
53,637
632,643
85,647
379,650
5,651
779,661
440,668
297,668
296,669
562,676
648,678
263,678
328,679
937,680
359,681
682,682
940,687
115,688
973,689
999,693
183,700
25,700
839,701
484,701
70,706
924,710
88,711
535,714
561,719
352,722
542,722
376,725
681,730
83,731
508,733
708,734
21,737
473,738
193,739
797,739
55,740
605,740
668,741
938,741
945,747
849,749
104,754
743,754
814,755
466,757
31,757
615,758
163,759
590,759
965,760
770,764
761,766
793,766
186,768
358,769
368,775
846,776
150,778
89,778
56,781
992,781
205,784
459,786
333,790
767,793
718,794
869,794
249,796
316,797
177,798
345,799
69,799
109,799
467,801
234,801
68,804
505,805
947,810
456,810
641,812
744,813
852,814
828,814
548,815
871,817
172,817
920,819
915,819
242,819
143,823
1000,824
865,825
928,825
715,826
118,827
608,830
307,830
422,830
773,832
754,833
275,834
48,837
747,838
971,838
612,839
579,842
522,842
313,844
602,845
295,845
996,848
824,848
280,850
902,851
208,851
766,855
343,855
993,857
541,858
864,858
41,859
756,860
18,860
700,860
129,861
448,862
305,862
581,863
123,863
153,865
626,868
917,868
628,869
546,869
497,872
790,873
574,873
908,874
959,874
134,876
346,876
300,877
198,877
609,879
146,880
378,882
8,882
955,882
389,883
438,884
236,884
17,884
79,885
904,886
988,886
96,888
760,890
693,890
338,891
866,892
182,894
176,894
515,894
725,895
180,896
854,896
886,897
818,898
885,900
19,902
507,902
185,903
538,903
840,904
59,907
879,907
194,907
984,908
489,909
233,910
471,910
187,910
372,910
380,911
527,911
872,912
585,912
482,913
948,913
942,913
148,913
42,914
645,915
759,915
116,916
573,917
639,918
598,918
412,918
278,918
624,918
488,919
39,919
881,920
33,920
769,921
730,921
565,922
706,922
243,925
914,927
857,927
597,928
990,930
130,930
67,930
897,932
680,933
420,934
469,934
229,935
217,935
227,935
240,936
395,937
257,937
290,938
491,940
501,940
665,940
962,941
717,941
888,941
476,942
460,942
526,943
274,943
781,943
312,943
813,944
783,944
912,945
461,947
963,947
975,948
669,948
419,949
195,950
836,951
210,951
972,952
739,952
714,953
958,954
620,955
758,956
671,958
214,959
398,959
393,960
458,960
618,961
102,962
323,962
309,963
835,965
465,965
164,965
391,966
861,966
798,966
976,969
558,969
722,969
727,969
537,970
267,970
265,970
604,970
213,970
532,971
203,973
570,973
517,973
99,974
29,974
406,975
71,976
775,977
90,977
87,978
485,978
350,978
301,978
377,979
431,979
457,980
499,980
704,981
483,982
970,983
158,983
742,984
705,984
687,984
521,987
653,987
832,989
830,990
154,990
375,991
10,991
277,992
73,992
139,993
819,993
124,993
439,995
383,999
994,999
292,1000
434,1001
329,1001
298,1002
979,1003
631,1003
159,1004
106,1004
827,1004
128,1005
284,1005
503,1006
74,1006
637,1009
82,1010
838,1011
125,1013
442,1013
929,1016
847,1019
16,1019
875,1019
916,1019
751,1020
191,1020
92,1021
394,1022
223,1023
673,1024
149,1027
202,1028
281,1029
357,1029
520,1030
374,1031
54,1031
324,1032
271,1032
204,1032
740,1034
190,1034
622,1035
145,1037
711,1037
997,1037
239,1038
246,1038
957,1040
49,1040
34,1041
985,1041
291,1041
951,1042
165,1043
695,1043
231,1043
363,1043
778,1044
710,1045
833,1047
414,1048
24,1048
851,1048
543,1050
283,1051
127,1051
151,1052
868,1052
731,1055
416,1056
349,1057
944,1057
75,1059
77,1059
27,1062
226,1062
893,1062
534,1063
651,1064
63,1065
487,1066
728,1067
746,1067
167,1068
209,1073
644,1074
560,1074
386,1076
384,1077
258,1077
268,1079
856,1079
552,1085
411,1085
663,1086
528,1086
655,1087
591,1088
423,1088
911,1088
387,1089
820,1092
603,1093
93,1097
784,1098
30,1099
253,1099
453,1100
289,1100
599,1102
222,1102
582,1103
256,1103
490,1103
800,1104
385,1106
371,1107
853,1108
436,1110
247,1110
141,1113
930,1114
698,1117
15,1120
692,1123
360,1123
475,1125
147,1125
337,1128
601,1129
443,1129
891,1130
748,1131
524,1134
320,1137
594,1145
478,1147
664,1148
882,1149
173,1153
179,1153
427,1154
518,1155
737,1157
667,1157
424,1159
218,1159
200,1160
32,1161
353,1161
998,1163
511,1163
468,1166
712,1166
498,1166
907,1169
638,1171
100,1171
415,1178
1,1179
716,1180
621,1180
470,1182
373,1184
72,1185
825,1189
713,1192
450,1195
551,1197
64,1197
111,1200
749,1201
264,1201
464,1205
677,1205
355,1206
580,1209
304,1210
410,1213
738,1213
954,1213
936,1213
662,1216
326,1220
796,1224
342,1224
206,1226
843,1227
720,1227
623,1228
762,1228
40,1228
314,1230
330,1233
212,1235
772,1235
822,1237
43,1237
276,1237
806,1237
325,1247
568,1247
207,1248
181,1249
702,1251
364,1251
931,1251
755,1254
968,1254
409,1255
659,1259
175,1259
583,1259
606,1261
883,1262
575,1266
540,1267
647,1269
745,1270
559,1271
967,1271
774,1272
495,1276
787,1278
244,1278
447,1279
122,1281
900,1281
133,1282
863,1283
685,1284
536,1284
941,1284
554,1285
408,1285
311,1287
964,1289
331,1290
140,1293
47,1293
578,1294
445,1295
462,1297
120,1297
248,1297
426,1298
224,1298
502,1299
211,1300
696,1302
801,1312
805,1312
723,1316
610,1318
221,1318
910,1320
513,1321
625,1322
764,1322
729,1323
344,1324
66,1325
500,1325
987,1326
661,1327
593,1327
776,1328
61,1330
189,1333
765,1333
52,1337
519,1339
674,1339
318,1341
981,1348
630,1348
678,1349
351,1351
566,1354
463,1354
3,1358
815,1360
319,1361
481,1362
110,1363
901,1364
430,1364
741,1364
38,1367
494,1368
690,1368
516,1369
196,1373
699,1374
812,1380
771,1381
400,1382
279,1384
884,1385
220,1385
935,1386
101,1389
850,1389
232,1395
719,1398
78,1401
684,1401
270,1402
413,1404
572,1405
396,1406
238,1407
844,1410
510,1412
367,1412
922,1413
197,1416
736,1416
896,1416
341,1418
486,1419
986,1419
327,1420
2,1422
132,1423
831,1424
332,1427
171,1429
4,1430
826,1430
108,1430
435,1432
136,1433
688,1435
168,1436
14,1436
596,1436
726,1438
112,1439
480,1441
80,1441
403,1446
525,1448
382,1448
451,1449
657,1449
829,1452
155,1453
539,1457
348,1459
454,1462
855,1462
356,1464
365,1465
321,1466
794,1468
544,1471
906,1472
777,1473
178,1482
35,1486
162,1487
752,1489
433,1490
299,1492
556,1494
529,1496
786,1496
429,1497
506,1498
862,1499
235,1503
219,1504
472,1510
613,1514
241,1517
170,1518
107,1522
589,1522
199,1526
9,1530
555,1536
569,1537
308,1538
660,1539
873,1543
51,1550
114,1550
643,1555
28,1555
701,1557
228,1558
919,1567
792,1567
493,1567
315,1571
121,1575
921,1581
834,1583
842,1590
437,1591
816,1592
892,1594
679,1595
117,1596
7,1599
509,1599
310,1601
288,1605
721,1607
514,1608
676,1610
103,1611
152,1616
946,1623
62,1624
188,1625
479,1625
157,1627
105,1633
607,1636
216,1636
397,1637
735,1638
184,1639
550,1641
254,1642
697,1643
694,1643
939,1645
192,1646
768,1647
340,1648
949,1649
405,1651
455,1651
709,1652
215,1655
285,1655
404,1656
670,1660
317,1664
732,1665
803,1669
11,1669
980,1671
259,1672
322,1674
991,1675
650,1676
733,1685
401,1688
600,1690
795,1693
889,1694
563,1695
974,1695
282,1695
91,1696
734,1696
584,1702
810,1703
425,1703
841,1703
44,1707
369,1707
978,1710
272,1714
634,1716
306,1719
444,1724
287,1725
432,1726
943,1730
909,1735
252,1741
913,1742
874,1751
785,1757
144,1761
98,1761
683,1763
895,1769
294,1770
390,1775
927,1775
402,1776
642,1777
523,1778
859,1779
37,1781
616,1782
370,1785
934,1787
807,1789
250,1800
905,1805
586,1808
780,1808
977,1815
137,1816
547,1822
399,1838
135,1839
878,1842
877,1845
361,1848
627,1849
237,1851
898,1852
512,1860
926,1862
880,1865
334,1865
131,1867
417,1871
617,1873
588,1875
504,1879
138,1883
161,1885
860,1885
646,1888
802,1895
169,1897
995,1897
867,1901
724,1904
97,1928
174,1931
619,1935
22,1935
894,1947
956,1952
65,1956
95,1957
76,1958
261,1966
753,1979
36,1981
567,1985
837,1991
449,1992
156,1993
381,1995
496,1995
592,2005
58,2006
635,2009
707,2037
94,2040
477,2045
26,2046
549,2054
763,2056
899,2059
269,2059
166,2062
266,2064
923,2068
633,2071
201,2073
160,2079
577,2105
691,2124
303,2127
636,2137
933,2143
225,2149
530,2153
392,2158
553,2159
23,2169
966,2175
564,2175
388,2182
428,2190
629,2222
952,2232
533,2242
823,2247
611,2249
245,2273
119,2276
809,2300
666,2316
989,2343
286,2347
804,2351
57,2360
799,2398
354,2402
6,2417
876,2439
649,2443
848,2444
452,2452
255,2465
113,2473
557,2478
983,2493
339,2508
918,2514
703,2523
421,2525
273,2529
50,2561
675,2636
86,2641
60,2665
887,2684
788,2704
750,2725
142,2729
474,2766
614,2782
492,2808
46,2827
302,2828
652,2846
45,2960
686,2975
126,2993
808,3018
84,3084
335,3130
656,3177
953,3244
845,3264
658,3334
20,3549
293,3549
362,3832
446,3888
571,4135
441,4423

simblock.block.ProofOfWorkBlock@65bcc05f:46
236,0
12,150
167,208
622,265
85,302
16,321
274,362
115,368
89,382
30,420
793,421
654,424
358,439
562,452
932,469
420,477
924,480
410,490
902,510
620,516
461,525
127,534
715,541
229,546
832,546
431,548
915,570
231,571
947,574
532,580
836,582
87,585
945,594
604,596
13,598
830,602
888,602
214,604
617,615
398,619
130,625
375,627
700,628
326,628
609,632
186,637
176,638
125,648
209,650
301,655
948,657
501,660
669,662
689,664
198,668
827,672
267,674
507,680
81,681
124,682
882,684
508,685
595,691
907,693
275,696
893,697
870,698
74,701
754,704
316,704
210,707
851,710
914,715
542,719
357,721
79,724
466,726
692,730
971,730
280,731
693,731
632,735
681,736
205,736
88,738
336,743
545,746
760,747
146,748
916,748
42,751
992,752
727,752
416,753
249,755
471,755
27,755
511,759
33,761
82,761
456,762
865,766
223,769
407,773
69,774
470,775
534,779
239,781
698,784
599,784
379,784
590,785
997,787
155,787
869,787
565,787
295,788
746,788
824,788
985,789
856,789
747,791
517,791
172,791
17,793
775,794
979,800
904,802
240,803
233,803
177,804
665,806
337,810
59,810
925,812
469,812
833,813
838,813
879,814
268,814
271,815
251,817
247,819
813,819
476,822
260,823
846,824
730,830
944,830
83,830
499,830
439,830
503,831
531,832
849,835
328,835
890,835
639,836
900,838
453,840
158,840
179,840
671,841
418,842
587,843
835,844
258,845
458,845
393,845
575,846
497,847
743,847
922,848
377,848
394,849
631,849
34,849
782,850
381,850
243,851
68,852
99,852
8,853
928,856
871,856
296,857
106,860
655,860
359,861
206,861
602,862
648,862
972,862
180,863
257,865
560,866
352,868
984,869
145,871
92,871
312,871
940,872
664,874
828,875
811,875
728,876
448,878
96,878
637,879
289,880
163,881
960,882
191,882
389,883
71,885
950,887
323,888
118,888
116,889
552,890
366,890
378,891
77,892
218,892
49,893
143,895
324,895
744,896
200,896
333,898
93,898
18,899
185,900
840,900
574,900
372,900
528,900
39,902
695,902
165,904
770,904
561,904
53,906
468,907
920,907
283,907
300,908
1000,908
790,909
773,910
618,910
598,911
151,911
128,911
993,911
457,912
440,913
331,913
582,914
797,915
800,916
994,917
917,917
875,919
412,920
522,921
343,923
713,923
897,924
739,924
903,925
374,925
284,925
427,925
28,926
621,927
778,928
685,928
640,928
164,929
391,931
858,934
190,935
682,936
464,936
204,937
710,938
938,938
488,938
965,938
345,938
929,939
999,939
526,939
213,941
761,941
821,941
687,942
764,943
350,943
347,944
475,944
725,945
222,946
320,947
246,948
819,948
969,948
278,950
791,950
783,951
628,951
757,952
624,952
489,954
605,955
473,957
579,958
384,958
573,959
148,960
767,960
990,961
524,962
518,962
182,962
19,963
443,963
714,964
667,964
342,964
789,966
970,966
597,967
414,967
982,967
570,968
338,968
482,969
419,970
387,970
717,971
961,972
422,972
941,973
498,974
543,975
988,976
766,976
491,976
385,978
98,978
708,979
15,982
230,982
748,982
242,983
839,984
31,986
292,987
912,987
256,988
653,988
90,989
781,990
852,992
434,992
111,993
67,993
25,994
705,994
591,994
465,994
885,995
483,996
911,996
908,996
109,996
996,997
360,997
277,998
861,999
183,1000
881,1000
740,1000
4,1000
305,1003
558,1004
853,1005
731,1006
108,1006
798,1006
668,1007
630,1007
955,1007
672,1008
951,1009
5,1010
329,1011
368,1011
24,1011
673,1011
21,1014
217,1014
718,1016
711,1017
576,1018
208,1018
610,1019
490,1019
227,1019
408,1020
202,1020
263,1021
150,1022
460,1023
153,1024
975,1025
634,1027
886,1027
10,1027
123,1027
485,1027
541,1028
976,1028
872,1029
515,1029
520,1032
548,1032
400,1032
963,1036
193,1037
866,1039
262,1040
281,1040
644,1040
615,1041
663,1041
104,1041
70,1043
371,1044
662,1044
535,1046
194,1047
546,1048
779,1050
467,1050
195,1051
756,1052
937,1056
958,1056
868,1057
149,1058
444,1060
581,1062
641,1062
704,1063
603,1064
758,1065
936,1065
593,1065
102,1068
480,1070
606,1073
380,1073
41,1074
423,1074
521,1075
784,1077
769,1078
438,1081
776,1081
962,1081
107,1082
154,1084
706,1085
187,1087
737,1087
135,1087
313,1089
831,1089
383,1089
430,1090
48,1092
54,1093
612,1093
159,1093
854,1094
505,1095
549,1097
436,1098
973,1098
75,1099
29,1102
539,1103
442,1103
309,1105
645,1106
722,1107
459,1108
363,1111
496,1112
537,1113
942,1113
651,1115
290,1119
818,1122
351,1123
178,1123
129,1125
447,1126
298,1129
11,1133
234,1134
694,1139
857,1140
139,1145
181,1147
367,1149
376,1154
814,1155
279,1156
297,1156
736,1157
577,1162
487,1162
564,1163
64,1163
147,1164
959,1165
647,1167
311,1167
726,1168
817,1169
569,1172
122,1173
114,1174
829,1180
751,1181
40,1183
538,1186
954,1190
987,1194
248,1197
334,1198
307,1198
701,1198
957,1198
196,1199
105,1203
513,1203
265,1204
120,1205
397,1209
512,1211
426,1211
55,1211
843,1212
765,1213
896,1217
219,1218
43,1220
203,1220
578,1224
369,1225
544,1225
749,1226
472,1227
9,1235
2,1237
484,1240
14,1240
555,1241
62,1242
221,1243
103,1243
211,1243
94,1243
486,1244
536,1245
589,1251
805,1251
759,1254
540,1254
134,1254
850,1256
3,1257
998,1257
745,1258
344,1259
787,1260
696,1260
66,1260
310,1262
980,1263
47,1264
585,1268
516,1270
891,1270
140,1273
197,1275
259,1276
527,1277
638,1278
137,1279
753,1281
57,1283
52,1283
32,1285
680,1286
314,1287
986,1287
822,1290
533,1291
171,1292
216,1294
220,1295
847,1295
755,1295
625,1295
341,1296
152,1301
502,1302
317,1306
583,1306
794,1309
519,1310
330,1313
63,1315
382,1316
702,1321
567,1323
299,1325
287,1325
729,1327
395,1328
232,1329
272,1332
110,1333
429,1335
100,1339
742,1339
580,1340
1,1342
495,1342
56,1343
981,1344
594,1345
78,1345
252,1346
554,1349
506,1352
424,1355
864,1356
51,1357
933,1362
173,1363
967,1366
697,1366
403,1367
650,1367
815,1368
61,1372
432,1373
141,1374
771,1377
716,1378
136,1379
349,1379
38,1381
225,1383
413,1384
719,1387
253,1388
777,1390
666,1391
825,1395
734,1399
199,1399
652,1400
762,1401
556,1402
346,1402
184,1408
684,1411
712,1412
276,1412
801,1414
504,1414
946,1415
964,1416
812,1422
659,1427
160,1428
117,1430
451,1431
883,1434
35,1435
481,1436
678,1438
175,1439
878,1441
842,1443
906,1447
65,1447
356,1450
683,1451
995,1455
235,1455
923,1456
780,1456
826,1457
72,1457
132,1463
361,1463
450,1465
406,1466
699,1468
282,1472
939,1477
559,1480
898,1485
306,1486
215,1487
201,1490
670,1495
318,1496
930,1497
353,1499
572,1500
921,1501
241,1503
974,1504
723,1508
691,1509
547,1513
557,1513
968,1516
291,1521
224,1523
901,1525
905,1528
608,1530
44,1531
873,1533
322,1534
733,1537
837,1537
22,1539
892,1543
931,1545
600,1549
23,1550
553,1553
863,1556
772,1558
131,1559
675,1565
732,1566
441,1569
596,1569
529,1569
796,1577
261,1578
388,1579
862,1582
690,1582
411,1585
294,1590
454,1591
635,1592
500,1596
401,1600
956,1600
657,1601
37,1603
720,1603
752,1604
112,1608
364,1608
45,1611
269,1617
445,1619
792,1620
688,1621
877,1622
703,1624
977,1626
402,1627
207,1631
174,1632
619,1636
478,1640
566,1645
510,1646
157,1648
613,1651
919,1651
462,1656
138,1656
633,1659
91,1661
676,1665
285,1669
315,1676
661,1678
876,1679
168,1680
449,1681
348,1682
588,1684
642,1685
884,1687
910,1692
435,1695
943,1696
786,1708
189,1708
860,1708
586,1709
909,1712
437,1722
867,1722
807,1729
991,1729
646,1731
607,1733
463,1733
97,1735
802,1743
288,1747
46,1750
855,1750
433,1750
785,1755
479,1757
113,1761
874,1761
156,1762
170,1763
264,1766
325,1776
238,1776
643,1780
563,1780
80,1790
327,1791
166,1793
823,1798
889,1799
50,1818
226,1818
245,1820
396,1822
952,1822
735,1822
266,1825
255,1826
58,1830
303,1831
493,1840
804,1843
859,1852
270,1852
660,1854
390,1856
514,1857
492,1863
895,1864
623,1865
425,1867
934,1879
415,1880
474,1880
417,1881
841,1882
399,1891
935,1893
365,1896
530,1899
161,1907
724,1909
244,1920
966,1923
774,1935
551,1935
525,1949
133,1950
629,1953
20,1956
799,1968
834,1969
627,1978
806,1990
626,1991
142,2006
188,2006
523,2013
809,2016
550,2022
721,2023
750,2026
803,2028
477,2030
738,2031
927,2035
370,2046
86,2051
601,2052
405,2056
820,2064
308,2069
409,2075
254,2080
649,2080
339,2083
848,2101
355,2105
119,2106
887,2111
616,2121
844,2122
169,2124
636,2127
768,2136
452,2147
237,2149
335,2151
677,2165
656,2167
6,2183
686,2206
918,2218
913,2237
989,2239
494,2245
332,2253
162,2275
795,2276
455,2297
73,2299
788,2308
709,2313
584,2328
949,2328
568,2334
319,2335
273,2342
983,2349
286,2367
810,2371
250,2373
26,2394
228,2410
76,2412
741,2423
707,2427
808,2433
121,2436
674,2447
212,2470
392,2498
679,2504
293,2524
192,2530
144,2559
845,2585
304,2594
509,2597
404,2620
340,2626
386,2675
302,2709
95,2722
658,2724
321,2742
816,2780
421,2782
611,2820
36,2855
926,2863
592,2930
101,2943
373,2950
953,2960
60,3028
899,3050
354,3073
978,3123
446,3159
362,3236
126,3243
428,3315
571,3520
880,3558
763,3606
7,3818
84,3912
614,4210
894,4509

simblock.block.ProofOfWorkBlock@39e719fc:47
135,0
936,219
168,309
922,441
70,499
679,526
28,528
65,613
510,618
407,646
451,662
309,673
481,703
602,711
650,713
578,746
411,747
564,764
537,772
373,785
976,797
910,798
185,822
753,827
349,829
520,830
308,832
103,839
837,845
16,847
969,862
307,868
52,880
427,880
365,883
177,887
181,908
211,912
472,919
545,919
842,922
863,922
617,926
761,927
216,932
300,932
700,936
517,943
648,947
818,960
807,966
310,967
112,968
938,973
919,975
489,982
999,988
593,989
693,989
777,993
257,994
890,999
486,1002
491,1003
397,1004
283,1004
3,1005
986,1008
299,1014
991,1016
682,1018
585,1021
304,1023
89,1023
948,1029
210,1031
343,1038
993,1038
73,1048
699,1048
231,1050
755,1053
556,1054
272,1056
716,1057
552,1057
662,1060
945,1061
773,1063
864,1065
744,1066
131,1068
232,1070
193,1079
205,1081
851,1081
868,1085
403,1085
843,1086
967,1087
867,1087
546,1087
139,1088
465,1092
730,1093
125,1096
8,1098
496,1098
262,1100
549,1102
454,1104
702,1106
932,1109
295,1113
590,1115
872,1116
179,1119
206,1121
759,1124
333,1125
457,1126
221,1130
615,1131
480,1136
282,1136
824,1137
105,1137
551,1138
736,1139
963,1139
540,1139
806,1139
415,1140
789,1141
69,1142
497,1144
53,1144
518,1145
631,1145
838,1148
426,1150
379,1151
900,1153
573,1153
143,1153
445,1154
292,1154
132,1154
604,1155
961,1158
998,1165
332,1167
23,1169
251,1169
628,1169
620,1169
280,1171
704,1172
914,1174
358,1177
990,1177
503,1178
71,1178
311,1179
470,1180
75,1181
204,1182
813,1182
729,1183
681,1183
580,1184
764,1186
329,1186
252,1187
502,1189
243,1189
651,1190
797,1191
839,1192
198,1195
390,1196
194,1199
368,1201
488,1201
93,1202
393,1203
347,1208
714,1209
669,1209
281,1211
120,1212
904,1213
916,1213
565,1213
626,1213
208,1214
350,1216
351,1218
141,1218
826,1218
324,1220
106,1221
637,1221
816,1222
559,1223
596,1224
122,1225
765,1226
992,1228
127,1229
151,1230
661,1231
483,1231
318,1232
265,1234
284,1234
223,1234
665,1235
133,1237
960,1237
696,1239
769,1239
423,1239
671,1241
971,1242
289,1243
790,1244
146,1244
482,1244
911,1245
466,1245
372,1246
453,1247
180,1248
355,1249
828,1250
722,1251
337,1253
117,1255
259,1256
984,1256
521,1257
366,1258
640,1258
781,1258
603,1259
903,1261
326,1261
202,1263
224,1264
67,1265
270,1265
782,1266
39,1266
705,1267
201,1267
317,1268
979,1268
931,1268
316,1269
928,1269
314,1269
34,1270
536,1271
14,1271
742,1272
859,1272
107,1272
747,1272
164,1274
217,1274
102,1276
160,1277
478,1277
800,1278
29,1281
331,1282
114,1283
641,1283
618,1284
599,1285
499,1286
901,1287
418,1287
191,1287
79,1288
475,1288
153,1289
136,1294
182,1294
374,1294
364,1294
775,1295
819,1296
595,1298
855,1298
361,1298
431,1298
762,1299
912,1299
422,1299
148,1301
439,1302
569,1302
504,1302
424,1302
195,1303
381,1304
853,1304
698,1304
165,1304
825,1305
513,1306
673,1306
525,1308
840,1309
647,1310
323,1313
61,1313
608,1313
33,1314
74,1314
5,1314
830,1314
83,1314
692,1315
383,1315
406,1316
507,1317
539,1318
186,1318
632,1320
275,1321
298,1324
947,1324
629,1324
558,1324
832,1325
459,1326
708,1326
338,1326
189,1327
687,1327
827,1328
772,1328
739,1329
531,1331
920,1331
962,1332
939,1333
852,1334
865,1335
490,1335
297,1336
2,1336
854,1338
22,1339
384,1342
353,1344
727,1344
294,1345
801,1347
334,1347
271,1347
263,1348
655,1350
685,1350
941,1351
544,1351
253,1352
908,1352
857,1352
432,1353
678,1354
942,1354
577,1355
896,1355
923,1356
798,1356
110,1357
99,1358
81,1358
635,1359
951,1359
49,1359
80,1359
570,1359
850,1361
794,1361
203,1361
218,1362
30,1362
147,1364
32,1364
247,1364
176,1365
701,1365
278,1366
391,1367
921,1368
717,1368
389,1369
601,1370
137,1370
771,1370
985,1371
64,1372
836,1372
190,1372
970,1372
587,1373
875,1375
847,1379
821,1379
233,1380
414,1381
690,1382
959,1382
538,1384
767,1385
367,1386
11,1386
778,1387
783,1387
17,1388
508,1388
244,1389
305,1389
776,1390
728,1390
320,1390
369,1391
997,1392
874,1395
352,1396
756,1401
78,1401
907,1401
833,1402
644,1403
222,1403
360,1403
277,1403
737,1404
111,1404
734,1405
815,1406
154,1408
605,1410
715,1411
230,1413
130,1415
697,1416
377,1417
387,1417
524,1421
975,1422
811,1423
981,1423
212,1423
96,1425
38,1425
450,1426
301,1426
817,1428
178,1430
226,1430
479,1431
594,1432
464,1432
48,1432
547,1433
886,1433
505,1435
476,1435
929,1436
946,1437
167,1437
528,1438
935,1439
575,1439
519,1443
238,1443
235,1445
812,1445
115,1445
529,1445
956,1447
19,1447
416,1448
625,1450
758,1450
657,1451
572,1452
27,1453
435,1457
866,1458
498,1459
754,1460
741,1460
363,1460
683,1462
748,1462
634,1463
219,1463
713,1464
760,1464
541,1464
197,1468
348,1470
395,1474
18,1474
40,1475
805,1476
566,1476
325,1477
159,1478
494,1479
738,1480
870,1481
72,1483
668,1483
227,1484
987,1484
820,1484
645,1485
784,1486
175,1487
487,1489
841,1492
375,1492
988,1492
256,1493
394,1495
930,1495
643,1497
882,1498
814,1501
796,1502
1,1503
718,1504
288,1506
225,1507
330,1509
158,1510
171,1511
893,1511
77,1516
787,1516
419,1517
591,1518
276,1518
327,1520
954,1521
563,1521
313,1522
562,1522
43,1524
62,1525
287,1529
891,1530
268,1530
59,1533
385,1534
344,1534
516,1535
952,1535
746,1537
672,1539
342,1539
831,1541
495,1542
860,1544
173,1546
312,1548
90,1549
444,1549
346,1551
378,1555
638,1559
467,1562
937,1562
774,1567
996,1574
356,1576
260,1579
21,1579
100,1579
553,1580
473,1581
964,1584
382,1587
982,1587
187,1590
977,1590
710,1591
66,1592
624,1594
726,1601
822,1602
458,1606
51,1606
200,1609
429,1610
743,1610
357,1611
92,1613
888,1616
279,1616
87,1616
972,1616
561,1616
199,1616
328,1618
616,1618
468,1619
554,1620
691,1621
386,1622
9,1623
430,1625
779,1632
209,1634
20,1635
793,1636
237,1638
140,1641
695,1641
749,1641
248,1644
731,1644
579,1645
770,1648
623,1650
220,1653
532,1654
881,1654
25,1655
512,1655
463,1658
291,1660
290,1661
835,1663
740,1663
733,1663
680,1663
396,1667
621,1671
723,1671
108,1672
47,1672
116,1673
676,1674
207,1676
871,1677
581,1679
345,1680
677,1681
152,1686
684,1689
583,1690
589,1691
184,1691
213,1692
719,1692
412,1692
533,1693
792,1693
885,1696
163,1696
706,1696
88,1697
712,1699
484,1699
829,1700
371,1701
873,1703
54,1705
144,1705
527,1706
118,1706
884,1708
335,1709
555,1710
560,1711
35,1711
630,1714
612,1715
12,1716
869,1718
906,1720
968,1722
876,1722
460,1723
409,1723
980,1727
995,1727
469,1731
413,1738
109,1740
666,1741
229,1744
511,1754
15,1760
341,1761
721,1762
434,1763
398,1766
408,1766
440,1774
98,1778
653,1782
745,1788
751,1789
656,1790
654,1791
670,1792
134,1793
622,1793
694,1794
442,1794
242,1794
913,1795
598,1796
856,1802
57,1806
780,1811
646,1814
447,1816
485,1819
526,1820
897,1824
725,1826
4,1827
506,1828
576,1828
586,1833
55,1834
493,1834
609,1835
688,1836
336,1841
848,1842
285,1844
477,1847
443,1847
720,1851
588,1852
834,1854
10,1855
689,1855
492,1857
155,1861
568,1863
501,1865
944,1869
926,1869
887,1870
214,1871
889,1878
639,1880
448,1881
456,1882
400,1883
523,1885
663,1889
862,1889
172,1889
611,1893
707,1897
170,1898
104,1899
895,1901
861,1901
613,1902
255,1907
953,1910
686,1915
927,1918
989,1919
236,1922
649,1928
246,1933
123,1936
405,1939
471,1941
795,1946
933,1952
763,1952
121,1952
1000,1965
13,1968
879,1968
380,1968
902,1971
592,1985
880,1989
966,1991
113,1992
215,1995
917,1998
296,2002
44,2002
909,2013
94,2013
319,2014
42,2015
437,2020
129,2023
943,2025
898,2031
973,2031
514,2033
799,2034
241,2039
535,2040
269,2041
584,2045
138,2045
619,2048
548,2049
452,2050
421,2050
446,2052
543,2054
924,2061
542,2062
196,2063
267,2065
664,2066
449,2067
124,2069
441,2073
858,2077
509,2080
376,2082
636,2095
785,2095
534,2110
949,2118
254,2118
274,2120
192,2122
582,2122
711,2123
703,2125
302,2131
658,2131
724,2135
85,2141
145,2144
26,2150
974,2158
392,2161
142,2166
249,2167
735,2172
925,2174
250,2175
261,2176
234,2180
36,2185
606,2196
607,2198
766,2202
63,2209
883,2211
808,2214
50,2216
438,2223
266,2225
6,2235
86,2236
610,2237
802,2238
68,2240
994,2242
550,2243
791,2256
849,2262
614,2268
461,2283
362,2294
169,2294
245,2303
425,2308
940,2318
846,2323
322,2332
958,2348
674,2350
37,2363
7,2365
119,2369
156,2373
410,2375
402,2378
567,2406
293,2410
239,2411
899,2412
41,2413
633,2421
957,2421
786,2424
303,2427
82,2429
918,2437
188,2442
150,2445
652,2451
950,2458
174,2463
388,2481
462,2496
240,2501
810,2505
522,2505
264,2519
149,2521
571,2530
574,2548
877,2553
46,2566
757,2587
24,2596
934,2598
597,2604
892,2612
965,2623
667,2636
157,2641
845,2659
45,2662
95,2665
675,2668
258,2674
660,2675
627,2678
515,2682
983,2690
315,2691
162,2693
642,2737
399,2755
91,2769
788,2779
306,2803
436,2812
58,2826
955,2847
56,2862
659,2863
354,2866
404,2881
161,2906
905,2917
166,2923
97,2942
804,2957
878,2973
978,3003
709,3018
128,3022
500,3033
915,3044
803,3048
530,3053
732,3077
339,3132
228,3190
750,3193
359,3201
31,3228
340,3251
823,3268
752,3270
101,3298
600,3298
321,3322
401,3329
273,3382
420,3402
370,3440
455,3453
844,3516
76,3549
183,3579
433,3580
60,3604
417,3613
286,3645
474,3779
768,3803
428,3892
809,4025
894,4196
126,4277
84,4499
557,4528

simblock.block.ProofOfWorkBlock@7074c51c:48
879,0
975,174
342,230
628,299
277,325
944,355
343,381
305,385
945,411
218,440
316,443
246,447
819,468
233,476
475,500
387,503
739,506
963,527
839,531
333,533
711,538
640,558
309,562
937,574
90,580
520,588
467,590
85,591
312,592
10,595
139,598
940,619
460,633
861,635
545,643
857,646
789,648
489,650
53,651
531,652
885,652
865,653
498,654
759,656
206,657
955,658
447,674
872,677
146,683
147,686
488,687
507,691
384,698
202,698
835,701
855,701
145,702
368,707
296,707
150,709
143,710
840,710
438,710
971,711
292,714
541,714
18,714
337,715
366,727
59,734
718,735
562,739
673,740
193,742
358,742
992,744
581,745
357,746
99,746
897,747
604,749
778,754
380,758
522,759
295,763
962,765
127,765
336,766
951,767
389,767
797,770
609,770
69,771
695,771
821,771
868,773
813,776
229,783
824,788
187,790
904,791
727,792
612,797
12,799
916,799
410,800
984,800
881,800
79,801
689,801
55,801
499,801
470,802
87,803
464,803
875,807
490,807
324,810
775,811
70,814
459,814
692,816
653,820
979,822
33,824
579,824
30,825
8,825
521,828
457,828
39,828
29,829
74,829
289,829
976,831
508,833
491,834
543,835
728,836
19,836
501,840
93,840
34,840
243,843
345,845
320,846
664,847
833,849
386,851
928,851
856,854
546,856
234,856
849,856
761,858
471,858
958,858
372,859
217,859
526,859
917,861
681,861
25,862
439,862
465,863
468,864
49,864
620,864
631,864
852,866
704,866
948,867
42,867
274,867
195,868
574,869
561,870
284,870
17,870
448,871
731,871
88,876
216,878
27,881
165,882
576,882
740,883
485,884
104,885
668,887
838,887
67,888
864,888
420,889
888,889
13,891
590,892
416,892
301,892
5,893
458,893
524,895
700,895
264,896
123,896
965,897
222,898
398,899
645,899
54,899
118,900
996,901
102,903
149,904
116,906
260,909
597,909
422,911
667,912
595,912
41,912
942,912
198,912
920,914
394,915
257,916
791,916
722,916
208,917
912,918
130,918
687,918
298,918
993,919
263,919
81,920
191,920
205,921
754,921
644,922
830,923
414,923
751,923
115,924
177,924
587,924
997,925
757,925
744,925
249,925
344,926
706,927
988,928
280,928
383,928
518,929
532,930
818,932
777,932
210,932
239,932
251,933
163,938
760,939
643,940
770,940
434,940
847,941
153,942
176,943
817,943
972,944
941,945
648,947
990,949
300,949
570,949
608,951
186,951
204,951
360,952
185,953
236,953
615,954
655,954
932,956
240,956
214,956
24,958
548,958
427,959
743,959
793,959
258,960
866,961
31,961
853,961
453,962
63,963
377,963
969,965
950,966
517,969
602,970
338,970
585,970
134,972
129,972
717,973
985,974
599,974
256,975
190,976
158,976
669,976
48,976
482,977
313,977
537,977
271,977
758,978
961,979
1000,979
682,980
407,981
960,982
124,982
528,982
15,982
907,982
995,982
637,984
705,984
442,986
947,986
925,986
283,987
982,988
773,988
436,988
242,988
323,989
424,993
505,994
21,994
665,994
180,997
816,999
466,1000
929,1002
515,1002
781,1002
767,1004
747,1005
164,1006
618,1007
148,1008
419,1008
359,1009
167,1010
497,1010
473,1011
828,1012
890,1012
352,1013
183,1014
994,1015
154,1015
267,1015
547,1015
297,1016
223,1017
82,1017
487,1018
730,1019
262,1019
938,1020
278,1020
469,1022
294,1022
209,1023
957,1024
203,1025
851,1026
128,1027
886,1028
598,1028
385,1028
973,1028
83,1030
832,1030
379,1033
790,1033
375,1033
871,1033
151,1034
858,1036
902,1037
535,1037
440,1038
476,1039
836,1040
639,1040
782,1040
328,1041
867,1041
456,1044
870,1045
662,1046
827,1046
622,1046
800,1046
651,1047
16,1047
75,1050
582,1050
552,1050
500,1051
230,1052
741,1053
746,1055
558,1055
680,1055
893,1055
512,1058
714,1058
854,1059
391,1060
92,1060
194,1061
882,1063
915,1064
766,1064
232,1064
575,1066
347,1066
725,1067
125,1068
719,1068
431,1069
68,1072
77,1074
268,1074
914,1077
671,1078
737,1078
783,1078
798,1080
708,1081
710,1082
224,1083
409,1083
182,1084
329,1085
227,1087
924,1087
986,1088
534,1088
748,1089
350,1089
784,1092
713,1093
443,1094
769,1095
663,1095
326,1096
641,1097
393,1100
605,1101
461,1102
411,1104
999,1106
693,1107
846,1109
172,1110
591,1110
519,1110
814,1112
111,1112
903,1115
811,1116
353,1118
331,1118
654,1119
213,1119
135,1125
756,1127
71,1128
96,1129
247,1131
43,1133
503,1135
89,1136
109,1137
624,1139
555,1142
281,1144
162,1145
884,1145
381,1146
56,1147
363,1148
672,1150
542,1151
32,1151
106,1152
231,1154
678,1159
715,1159
378,1160
275,1165
418,1166
423,1167
734,1167
560,1170
616,1170
40,1173
911,1175
367,1180
629,1185
970,1186
108,1187
400,1188
697,1189
395,1190
874,1192
569,1193
376,1193
638,1195
51,1201
908,1202
265,1204
606,1204
330,1204
805,1206
603,1206
412,1207
589,1208
565,1208
228,1209
954,1210
200,1210
572,1211
235,1211
723,1215
307,1215
946,1217
685,1217
290,1219
959,1223
351,1223
220,1225
779,1225
694,1226
120,1227
596,1230
621,1232
78,1232
308,1232
623,1234
729,1236
650,1240
593,1241
397,1241
842,1241
270,1242
820,1244
287,1246
238,1249
334,1250
632,1250
107,1251
936,1258
114,1259
325,1261
796,1263
495,1264
173,1264
494,1265
513,1266
776,1267
573,1268
9,1268
221,1268
910,1268
159,1268
635,1269
698,1271
430,1271
563,1276
483,1276
720,1277
869,1281
525,1282
435,1282
829,1282
415,1286
136,1289
736,1290
921,1290
516,1293
630,1293
676,1294
956,1295
38,1296
478,1301
837,1303
578,1303
527,1304
906,1305
50,1307
807,1311
364,1311
674,1314
3,1316
765,1318
241,1320
610,1321
900,1322
659,1322
253,1323
594,1323
930,1324
179,1324
171,1328
733,1331
964,1333
23,1335
374,1335
382,1339
787,1340
199,1342
390,1343
1,1349
566,1351
991,1352
657,1353
887,1353
196,1355
486,1357
348,1358
551,1360
812,1360
178,1361
207,1363
212,1363
980,1364
450,1366
361,1368
244,1369
935,1371
413,1373
445,1373
11,1374
189,1374
822,1375
279,1376
831,1376
349,1376
175,1378
291,1378
753,1380
529,1380
702,1382
891,1385
683,1391
567,1392
61,1393
272,1393
94,1396
701,1398
226,1399
454,1399
539,1399
901,1401
299,1402
429,1402
634,1404
408,1404
583,1404
815,1406
768,1408
472,1412
762,1412
506,1414
919,1416
2,1417
750,1419
432,1419
896,1420
677,1420
477,1422
556,1424
219,1424
764,1425
923,1425
371,1428
780,1430
922,1435
65,1436
369,1438
396,1440
977,1440
931,1440
117,1441
62,1442
658,1448
559,1448
625,1449
197,1449
749,1450
152,1452
155,1456
661,1457
536,1463
742,1464
168,1468
577,1469
131,1471
716,1473
967,1475
863,1480
785,1480
688,1482
310,1484
745,1486
877,1493
544,1496
112,1501
647,1505
73,1507
511,1508
843,1509
426,1509
314,1512
373,1513
276,1525
103,1531
883,1533
327,1535
804,1539
22,1543
341,1544
601,1545
850,1546
549,1546
509,1548
356,1549
771,1550
318,1551
462,1551
580,1552
211,1555
550,1561
987,1563
304,1565
14,1566
826,1569
774,1572
451,1573
160,1573
66,1574
859,1574
660,1580
252,1583
514,1585
237,1587
841,1588
122,1594
156,1604
686,1607
636,1608
7,1613
684,1613
510,1614
110,1614
484,1617
332,1620
690,1622
285,1622
140,1623
201,1625
225,1628
504,1634
286,1638
568,1638
340,1641
52,1643
666,1643
45,1645
192,1646
786,1656
523,1661
860,1664
105,1666
927,1669
633,1671
248,1675
974,1676
895,1678
898,1678
126,1681
794,1683
98,1687
322,1692
26,1695
732,1696
978,1699
834,1699
370,1699
592,1700
95,1702
170,1703
642,1703
696,1705
530,1706
607,1707
404,1711
480,1716
588,1716
479,1717
880,1718
161,1719
259,1719
121,1720
998,1721
346,1724
157,1727
738,1728
463,1732
670,1734
399,1737
876,1737
649,1737
28,1742
406,1744
355,1744
444,1745
86,1749
806,1757
388,1761
306,1762
6,1765
132,1766
611,1775
97,1782
46,1783
493,1787
72,1787
626,1790
365,1790
943,1791
788,1797
181,1797
57,1803
652,1810
64,1813
772,1819
707,1823
392,1832
554,1845
571,1847
703,1847
802,1848
755,1849
403,1853
496,1855
166,1856
58,1862
533,1866
735,1872
169,1878
35,1880
141,1880
133,1889
699,1893
646,1905
894,1905
91,1907
354,1908
926,1912
100,1916
862,1916
282,1920
691,1921
402,1929
709,1929
428,1930
137,1931
909,1934
726,1937
966,1956
553,1958
617,1962
899,1964
939,1964
446,1973
584,1979
848,1982
261,1989
712,1991
273,2001
763,2003
724,2009
799,2012
425,2012
540,2029
586,2031
845,2032
288,2036
452,2057
481,2065
437,2079
613,2087
311,2088
801,2098
47,2100
405,2103
37,2105
315,2128
600,2130
933,2131
317,2134
968,2134
953,2141
417,2144
873,2162
174,2167
76,2172
721,2202
564,2204
319,2213
60,2222
679,2237
949,2245
538,2260
825,2269
981,2270
266,2272
905,2275
656,2276
254,2294
752,2294
250,2299
810,2314
844,2339
184,2375
792,2378
619,2384
934,2384
302,2387
502,2407
142,2418
255,2418
144,2420
80,2430
803,2434
113,2435
4,2441
215,2445
269,2449
627,2471
421,2505
119,2552
557,2558
335,2577
449,2580
101,2584
952,2604
823,2660
293,2670
614,2675
321,2690
455,2700
913,2724
892,2728
889,2731
36,2733
983,2849
878,2850
989,2861
44,2898
433,2953
138,2955
808,3009
441,3013
809,3031
795,3031
84,3032
188,3159
401,3181
918,3192
245,3249
20,3256
362,3300
492,3463
339,3536
675,3591
303,3597
474,3760

simblock.block.ProofOfWorkBlock@12c1c2ab:49
868,0
819,152
769,210
965,272
590,306
127,328
25,363
53,366
744,388
8,424
653,425
508,428
468,445
758,464
125,481
475,481
21,482
143,487
942,505
75,516
581,516
89,524
251,539
106,540
186,544
740,552
460,553
576,574
499,574
916,574
885,578
290,579
532,588
191,596
984,598
271,599
278,603
471,609
497,613
879,616
39,631
410,632
372,634
924,636
324,636
34,637
526,642
531,645
150,645
618,653
118,655
521,660
210,665
323,665
312,666
570,669
27,672
522,673
349,683
262,688
958,689
839,692
574,693
439,694
711,694
307,696
852,697
713,699
93,703
963,704
869,704
180,704
561,711
545,711
728,712
972,722
857,722
673,724
947,725
662,726
470,728
18,728
1000,728
333,732
258,743
163,747
591,749
773,750
489,752
74,752
858,753
229,754
565,755
689,755
283,757
17,757
165,760
151,760
418,760
352,762
705,763
300,766
524,767
376,768
585,771
779,772
975,772
739,781
130,782
838,782
398,783
284,784
864,784
872,784
268,785
63,786
232,788
945,790
982,791
849,791
391,793
791,795
124,798
295,800
973,801
693,803
368,804
639,806
434,806
507,807
546,808
466,809
851,810
102,810
959,811
962,813
615,813
198,814
83,814
427,815
342,816
218,818
914,818
970,818
345,820
206,822
29,822
488,824
836,824
856,826
183,828
77,828
628,828
59,829
714,831
620,832
950,834
230,838
882,839
482,839
818,839
56,841
781,841
645,842
667,842
296,843
194,848
277,849
830,849
47,850
247,851
389,851
96,851
249,853
893,854
717,854
187,855
263,855
505,860
903,860
558,861
871,861
884,861
929,862
971,862
316,863
149,865
147,865
204,865
595,866
394,866
457,867
902,868
104,869
485,869
134,869
483,869
380,871
979,872
640,872
431,872
190,874
948,875
343,876
33,876
575,876
379,876
957,877
205,878
375,878
692,879
865,880
350,880
48,882
476,882
730,883
256,883
298,883
937,883
10,883
832,884
377,887
904,887
746,888
944,889
641,890
336,891
928,891
999,895
875,896
90,896
195,898
423,898
840,898
71,898
917,901
146,902
587,903
299,903
231,904
16,904
214,907
461,910
562,910
458,910
185,911
665,911
811,911
835,912
828,912
886,913
756,913
68,915
13,916
81,918
19,919
109,919
579,919
5,921
969,923
669,924
67,924
42,925
69,926
503,926
153,926
374,927
597,927
491,929
416,929
420,929
992,929
257,930
385,930
599,931
469,931
582,932
648,932
573,932
543,932
115,933
866,934
655,934
759,934
535,935
798,936
154,936
955,936
465,937
778,937
203,940
501,940
612,940
357,941
757,941
608,941
217,942
609,942
915,942
793,944
870,944
748,944
897,944
139,945
941,946
960,948
301,950
932,951
528,953
993,953
727,953
15,953
997,954
881,954
366,955
698,956
518,957
209,958
243,958
360,959
363,960
990,960
751,961
988,961
976,964
116,967
821,968
259,969
722,969
358,971
861,971
761,972
227,972
654,973
912,974
443,974
213,974
31,975
685,975
242,976
813,977
920,977
158,977
275,978
326,979
687,981
725,982
55,983
456,983
239,983
41,983
292,984
747,985
515,986
814,986
520,987
833,988
789,989
560,989
280,989
542,989
422,990
359,990
281,990
498,991
760,991
743,991
419,991
54,992
70,993
223,993
644,994
159,994
289,994
541,994
731,995
663,995
888,996
338,997
602,998
699,998
775,1000
770,1000
240,1000
908,1001
87,1002
548,1002
704,1004
495,1004
193,1005
996,1006
723,1007
328,1008
222,1009
951,1010
304,1010
260,1011
537,1011
925,1012
384,1012
961,1012
637,1012
111,1016
30,1016
487,1018
305,1018
361,1020
473,1022
753,1024
92,1025
890,1025
85,1027
172,1029
846,1029
208,1030
309,1032
145,1033
824,1033
766,1033
383,1034
459,1034
708,1034
919,1035
164,1037
922,1038
176,1038
453,1039
320,1040
407,1040
668,1040
827,1041
297,1042
490,1043
605,1043
680,1044
332,1044
88,1046
664,1047
200,1047
783,1048
128,1048
438,1049
517,1049
938,1051
800,1053
817,1053
129,1054
784,1056
782,1057
148,1058
414,1058
329,1060
695,1064
721,1065
99,1065
234,1065
442,1066
534,1067
622,1068
555,1070
182,1070
715,1072
911,1072
767,1075
854,1077
954,1080
480,1081
556,1081
682,1083
179,1084
603,1085
632,1085
24,1087
141,1090
940,1091
737,1091
246,1092
624,1093
790,1093
412,1095
202,1100
589,1103
167,1104
671,1105
424,1105
847,1106
337,1106
79,1108
133,1109
464,1110
552,1110
710,1112
700,1112
776,1112
177,1113
51,1113
674,1114
274,1116
901,1116
378,1123
718,1125
334,1125
985,1126
120,1128
463,1129
82,1129
448,1129
387,1135
544,1142
311,1147
631,1149
706,1151
930,1154
181,1158
598,1159
310,1159
754,1160
681,1161
806,1161
657,1162
264,1163
49,1168
233,1170
409,1171
679,1172
403,1174
797,1177
252,1178
853,1179
168,1180
152,1181
123,1182
991,1184
502,1185
516,1185
977,1188
236,1191
390,1192
749,1192
697,1196
527,1197
867,1197
551,1199
445,1199
117,1201
171,1203
43,1204
397,1209
765,1210
994,1212
774,1214
796,1214
238,1215
921,1216
672,1217
539,1217
822,1218
467,1218
413,1219
40,1220
32,1220
440,1221
313,1225
12,1227
346,1229
801,1232
554,1232
478,1233
267,1235
952,1238
741,1241
386,1241
862,1243
381,1245
860,1246
604,1247
108,1247
771,1248
224,1248
132,1251
170,1251
511,1252
235,1254
288,1254
887,1255
563,1255
66,1255
981,1259
219,1259
780,1260
393,1263
279,1264
536,1265
623,1272
891,1278
690,1279
650,1281
211,1281
647,1282
569,1283
874,1284
2,1284
226,1285
696,1285
678,1285
500,1286
547,1287
726,1288
429,1294
907,1294
580,1295
175,1298
837,1298
472,1299
272,1299
369,1300
841,1300
355,1301
450,1302
533,1306
215,1308
572,1309
435,1312
22,1313
444,1315
594,1315
178,1317
935,1319
408,1322
764,1325
481,1325
61,1326
447,1328
843,1329
815,1330
432,1331
330,1332
62,1333
683,1334
643,1336
792,1341
184,1341
484,1346
436,1346
137,1346
512,1347
136,1348
244,1349
510,1349
221,1351
494,1353
659,1354
734,1354
910,1356
496,1358
173,1358
28,1362
567,1363
621,1366
64,1368
803,1369
112,1369
568,1373
72,1375
995,1375
964,1377
755,1377
341,1378
451,1380
65,1381
719,1383
601,1383
529,1384
772,1384
220,1386
826,1386
617,1386
939,1387
78,1387
325,1388
253,1389
610,1390
276,1390
923,1390
103,1395
540,1396
676,1397
998,1399
265,1403
980,1404
712,1408
294,1411
9,1413
241,1413
691,1414
308,1415
199,1415
716,1417
825,1417
44,1418
762,1422
52,1423
162,1425
946,1426
331,1434
248,1434
883,1437
140,1438
98,1440
255,1450
829,1452
549,1453
635,1455
11,1456
777,1456
107,1460
538,1461
855,1464
430,1464
732,1468
661,1470
638,1471
327,1471
382,1471
634,1472
189,1476
987,1480
131,1481
967,1482
559,1484
321,1489
577,1491
76,1500
519,1503
936,1503
820,1505
729,1508
720,1509
629,1520
593,1522
400,1523
282,1525
347,1527
564,1529
367,1531
974,1532
733,1532
931,1533
225,1542
38,1543
50,1546
513,1548
110,1548
896,1550
201,1553
402,1554
898,1556
356,1557
314,1557
35,1558
652,1558
486,1559
578,1559
600,1565
135,1568
626,1570
157,1571
968,1572
160,1574
785,1576
677,1581
660,1585
317,1588
395,1588
553,1589
26,1594
584,1596
454,1598
14,1606
613,1607
506,1609
269,1614
452,1614
763,1622
411,1631
122,1636
892,1639
859,1639
630,1641
738,1643
73,1644
787,1644
876,1646
525,1646
686,1646
303,1648
571,1652
1,1656
4,1656
285,1657
91,1658
192,1659
768,1659
396,1662
750,1663
943,1663
86,1665
927,1668
873,1672
291,1678
97,1685
119,1690
926,1698
845,1700
583,1700
895,1701
315,1702
810,1709
804,1711
550,1714
114,1714
807,1717
100,1717
646,1723
415,1724
586,1728
23,1728
523,1728
212,1728
95,1729
877,1730
642,1737
351,1738
834,1738
684,1745
633,1747
261,1751
348,1753
566,1754
658,1758
702,1760
58,1760
306,1762
735,1768
863,1776
736,1776
978,1779
287,1785
237,1786
670,1787
60,1787
805,1788
889,1791
812,1803
842,1807
596,1808
675,1812
36,1813
724,1813
353,1814
94,1814
607,1815
373,1817
479,1820
364,1829
84,1830
918,1831
433,1832
688,1834
588,1839
477,1841
417,1844
953,1844
371,1853
188,1855
592,1868
406,1869
611,1878
949,1881
906,1887
627,1891
900,1894
365,1899
956,1904
286,1907
270,1911
745,1915
707,1917
318,1922
392,1928
509,1931
799,1939
57,1943
37,1947
425,1951
335,1952
701,1964
344,1966
197,1977
45,1979
794,1983
909,1987
216,1987
105,1990
786,1999
619,2000
933,2012
196,2024
816,2040
126,2043
493,2062
339,2080
405,2083
625,2085
250,2086
616,2090
156,2096
703,2096
989,2104
388,2104
441,2111
138,2123
808,2130
504,2134
694,2141
245,2148
254,2161
155,2162
370,2167
986,2171
80,2171
636,2180
788,2182
557,2186
795,2212
905,2224
273,2226
302,2274
428,2284
752,2306
651,2315
514,2324
404,2326
228,2346
3,2348
421,2366
455,2372
121,2373
142,2378
462,2389
6,2400
7,2402
666,2402
166,2413
709,2425
293,2434
492,2455
399,2459
174,2482
850,2486
809,2506
426,2522
161,2569
880,2578
340,2599
966,2607
844,2636
449,2649
742,2656
437,2663
401,2672
530,2682
831,2694
913,2695
614,2705
823,2725
354,2747
474,2759
878,2774
446,2810
606,2866
169,2870
20,2897
649,2935
319,2943
899,2979
113,2983
983,3003
802,3007
207,3036
894,3074
362,3226
144,3228
322,3319
266,3350
934,3526
848,3632
46,3699
656,3865
101,4040

simblock.block.ProofOfWorkBlock@33bae1c0:50
238,0
544,224
780,307
762,388
373,450
556,474
351,523
162,532
331,557
736,610
919,617
733,619
596,648
931,668
367,692
815,699
583,700
787,743
820,749
311,750
11,778
578,780
734,782
650,785
728,823
525,825
460,825
396,829
220,830
486,834
559,836
721,837
822,861
211,863
601,864
397,867
987,869
502,885
212,908
586,910
276,917
553,918
936,923
577,924
66,925
80,939
131,946
445,946
112,950
738,956
625,967
197,971
284,973
765,977
819,978
32,991
826,992
93,996
606,997
984,1002
353,1003
224,1006
216,1006
547,1007
496,1007
472,1009
529,1022
314,1029
416,1033
429,1034
4,1036
965,1037
922,1042
430,1049
151,1050
318,1051
843,1051
226,1054
825,1056
181,1061
400,1065
406,1075
494,1081
594,1083
901,1085
173,1087
299,1088
132,1089
270,1089
694,1090
867,1091
114,1093
77,1093
850,1093
674,1096
616,1100
178,1102
740,1102
390,1105
62,1115
480,1125
651,1128
697,1128
203,1130
638,1130
538,1133
219,1133
910,1136
330,1137
107,1139
386,1142
53,1143
135,1143
726,1144
225,1146
489,1150
352,1151
461,1151
500,1154
515,1161
191,1162
860,1163
908,1164
551,1164
679,1168
168,1173
921,1174
78,1175
668,1175
777,1176
291,1176
22,1181
426,1183
985,1183
991,1184
749,1186
137,1187
470,1187
952,1189
99,1189
431,1192
906,1196
755,1197
569,1199
89,1199
635,1201
868,1203
214,1206
23,1206
342,1207
478,1211
610,1212
512,1212
699,1212
432,1214
349,1219
647,1220
629,1223
982,1223
40,1225
870,1227
408,1227
381,1228
252,1228
411,1229
65,1230
410,1230
2,1231
630,1234
566,1236
510,1237
831,1239
325,1243
741,1245
570,1247
816,1247
690,1249
950,1251
195,1251
326,1251
155,1252
73,1252
19,1253
549,1253
79,1253
705,1258
863,1258
519,1261
753,1263
16,1264
498,1265
615,1265
986,1267
590,1267
481,1268
415,1270
160,1270
152,1271
980,1276
729,1279
693,1280
776,1280
103,1282
536,1283
567,1285
450,1289
230,1293
563,1294
282,1295
64,1298
484,1299
453,1300
859,1302
917,1302
977,1303
271,1304
9,1305
995,1306
1,1307
748,1308
371,1309
504,1310
766,1310
764,1311
272,1311
275,1311
521,1311
939,1312
434,1313
147,1316
661,1316
537,1317
140,1317
756,1317
677,1319
742,1319
874,1319
117,1320
235,1321
229,1322
201,1322
466,1322
508,1324
683,1327
85,1328
807,1329
346,1331
879,1331
689,1332
105,1333
30,1333
110,1333
540,1334
885,1336
893,1339
5,1340
327,1340
171,1341
582,1343
300,1345
265,1346
145,1347
418,1347
451,1349
488,1351
691,1351
568,1352
883,1352
685,1355
120,1356
13,1357
761,1359
520,1360
369,1361
516,1361
543,1361
82,1362
513,1363
52,1365
712,1371
34,1371
8,1371
967,1372
678,1373
801,1375
773,1376
664,1378
125,1380
409,1380
495,1380
746,1382
407,1386
941,1388
221,1388
782,1389
355,1389
233,1390
812,1390
923,1392
72,1392
43,1392
454,1394
531,1395
74,1395
59,1396
626,1396
196,1396
760,1399
676,1399
295,1400
133,1400
884,1402
565,1403
900,1403
308,1403
183,1403
623,1404
28,1404
69,1404
534,1404
154,1404
54,1405
150,1406
772,1406
842,1407
998,1410
743,1410
348,1412
506,1413
695,1413
361,1413
702,1415
3,1416
435,1417
277,1418
701,1418
555,1419
928,1419
535,1422
256,1422
243,1422
946,1423
829,1423
932,1424
774,1424
951,1425
244,1428
423,1429
581,1429
209,1432
189,1432
294,1434
797,1435
323,1436
806,1437
731,1439
141,1444
467,1445
471,1445
193,1445
94,1446
847,1446
122,1447
130,1447
382,1447
285,1449
422,1451
727,1453
328,1453
179,1455
465,1455
915,1456
310,1457
784,1457
304,1459
912,1459
199,1460
914,1461
608,1461
363,1461
790,1461
979,1462
139,1462
593,1462
81,1463
654,1465
576,1466
403,1466
904,1472
618,1475
696,1478
298,1479
856,1480
395,1480
153,1480
713,1480
187,1481
864,1483
792,1484
374,1485
539,1486
960,1486
858,1487
698,1487
108,1487
935,1488
882,1489
14,1489
356,1491
12,1492
511,1492
968,1492
457,1493
280,1494
100,1498
115,1500
855,1500
891,1501
444,1501
837,1502
612,1502
896,1503
579,1503
259,1503
222,1506
316,1506
947,1510
92,1512
672,1513
241,1514
794,1514
789,1514
479,1516
48,1517
680,1517
307,1517
981,1518
964,1519
805,1520
366,1520
849,1520
572,1521
851,1521
288,1522
669,1522
716,1524
104,1525
258,1525
958,1525
213,1526
628,1528
239,1530
398,1532
720,1534
501,1536
648,1536
379,1539
1000,1540
954,1541
365,1542
296,1546
692,1552
956,1552
447,1553
719,1555
580,1555
134,1556
554,1557
383,1559
589,1561
27,1563
811,1564
463,1564
564,1569
347,1571
682,1571
658,1573
67,1574
70,1574
575,1574
473,1575
387,1576
505,1578
124,1579
605,1580
817,1581
621,1581
993,1582
483,1584
546,1585
622,1587
469,1588
532,1590
827,1590
813,1591
424,1592
290,1595
364,1596
394,1596
427,1598
957,1599
541,1602
350,1603
111,1610
542,1612
336,1613
143,1614
945,1614
527,1618
47,1619
990,1620
440,1620
21,1620
159,1622
503,1628
597,1628
962,1629
730,1630
205,1631
558,1631
236,1634
172,1634
127,1635
924,1638
136,1639
659,1642
591,1643
853,1644
603,1645
344,1649
176,1653
391,1654
783,1657
491,1658
334,1659
662,1659
184,1661
617,1661
657,1662
866,1662
287,1664
231,1665
824,1666
263,1667
301,1669
129,1669
875,1670
771,1672
232,1673
217,1674
854,1675
177,1676
533,1677
71,1677
439,1681
499,1682
881,1686
185,1687
552,1688
35,1690
359,1694
725,1696
248,1697
343,1698
938,1698
751,1701
436,1702
846,1703
969,1703
940,1706
312,1706
632,1707
663,1711
645,1712
341,1713
665,1713
681,1716
438,1717
770,1719
802,1720
653,1720
200,1721
29,1722
862,1729
68,1733
487,1735
413,1738
545,1740
170,1743
861,1747
548,1748
485,1749
888,1754
793,1755
42,1755
260,1756
15,1759
976,1760
872,1760
711,1762
194,1762
102,1767
63,1768
971,1772
24,1773
242,1774
959,1775
560,1775
518,1776
585,1777
278,1777
592,1780
227,1781
377,1789
903,1792
180,1794
747,1794
988,1796
675,1797
482,1797
333,1797
303,1798
419,1805
56,1805
146,1805
943,1805
890,1806
317,1806
251,1807
930,1808
714,1809
223,1811
723,1811
587,1812
268,1815
706,1816
899,1818
821,1818
389,1819
320,1820
898,1821
800,1821
994,1823
660,1825
973,1827
208,1830
649,1831
88,1832
607,1832
852,1833
670,1836
175,1836
38,1837
464,1838
684,1840
562,1840
148,1842
75,1843
574,1843
634,1845
524,1848
517,1851
33,1851
475,1854
913,1855
17,1859
667,1859
920,1861
315,1862
584,1863
796,1864
840,1868
905,1868
182,1870
737,1873
98,1873
830,1877
106,1882
240,1885
791,1885
907,1886
595,1886
526,1886
759,1889
838,1892
715,1895
810,1896
128,1897
609,1898
345,1901
44,1908
443,1908
997,1910
264,1914
360,1914
61,1919
641,1922
655,1928
113,1931
293,1931
671,1933
414,1934
83,1935
118,1937
631,1937
476,1941
490,1941
18,1944
362,1944
989,1945
656,1950
309,1951
204,1953
329,1953
10,1953
839,1955
781,1967
961,1970
305,1971
497,1972
169,1973
627,1979
164,1979
286,1980
754,1980
752,1980
87,1982
55,1983
412,1987
758,1988
873,1989
6,1989
368,1992
604,1992
428,1994
101,1995
51,1996
942,1997
385,1997
975,2001
639,2003
643,2006
493,2006
836,2008
909,2009
50,2009
944,2011
246,2016
528,2017
86,2019
234,2019
421,2022
289,2024
332,2024
841,2028
619,2029
95,2029
869,2032
378,2036
880,2043
750,2046
785,2048
739,2053
324,2054
614,2055
895,2055
599,2057
441,2058
420,2058
700,2061
167,2065
687,2067
266,2071
710,2072
249,2072
708,2073
283,2075
384,2077
97,2086
507,2088
247,2088
437,2094
393,2104
889,2106
523,2108
20,2109
190,2109
144,2110
84,2110
245,2112
769,2113
228,2117
376,2118
273,2123
779,2125
814,2126
933,2128
644,2137
202,2143
123,2145
857,2150
804,2153
735,2154
798,2154
448,2154
894,2155
7,2156
313,2158
25,2160
372,2162
970,2167
253,2171
358,2171
835,2171
633,2173
338,2177
354,2178
96,2184
207,2187
717,2191
557,2192
744,2195
745,2197
210,2199
126,2200
163,2201
109,2201
388,2201
550,2203
763,2203
425,2210
934,2214
983,2227
707,2230
832,2232
666,2234
637,2236
775,2241
999,2242
722,2246
337,2250
257,2252
174,2260
865,2263
803,2264
620,2283
642,2286
718,2291
972,2292
417,2292
261,2292
897,2304
514,2309
474,2309
818,2312
732,2314
58,2318
274,2325
90,2328
477,2331
186,2334
45,2337
886,2340
262,2343
925,2353
703,2355
795,2357
41,2359
809,2367
459,2371
871,2373
911,2376
375,2378
157,2383
319,2385
46,2397
462,2403
449,2404
206,2406
799,2409
636,2409
442,2416
996,2418
149,2421
948,2426
767,2434
339,2435
640,2437
335,2438
255,2441
392,2449
686,2451
402,2462
963,2465
458,2471
281,2479
370,2481
927,2482
254,2484
433,2486
446,2502
704,2502
455,2502
49,2511
673,2517
306,2518
292,2533
401,2538
116,2553
992,2556
121,2560
926,2564
833,2591
456,2593
561,2597
267,2607
688,2608
522,2611
36,2616
845,2620
588,2623
613,2629
158,2639
321,2645
279,2645
878,2651
757,2655
57,2687
161,2690
828,2694
949,2698
119,2721
937,2732
887,2738
978,2742
60,2752
399,2757
892,2760
530,2766
955,2767
778,2772
302,2796
834,2811
297,2816
492,2824
39,2829
405,2847
138,2867
788,2879
357,2881
876,2882
602,2943
598,2948
26,2955
953,2972
724,2979
31,2999
848,2999
808,3001
340,3004
929,3007
974,3007
571,3098
380,3120
918,3124
573,3125
786,3129
237,3138
218,3182
188,3199
509,3229
192,3236
404,3250
646,3257
198,3295
624,3303
916,3368
156,3380
611,3389
269,3453
468,3472
902,3479
652,3490
250,3571
166,3638
768,3720
142,3743
823,3744
37,3810
76,3985
709,3994
322,4070
966,4233
844,4243
215,4319
600,4481
91,4499
877,4569
452,4816

simblock.block.ProofOfWorkBlock@54be3b06:50
279,0
841,224
657,308
529,397
734,443
390,530
815,531
165,571
112,613
479,613
430,618
556,665
381,696
400,703
673,722
647,731
465,744
406,746
299,747
382,757
27,779
630,784
919,790
253,828
764,831
683,832
226,834
497,835
837,851
772,866
360,869
638,871
559,875
18,893
77,898
79,908
344,910
968,913
850,913
753,914
175,918
102,921
196,921
711,928
979,931
220,936
466,951
248,955
977,956
787,957
475,957
415,964
831,969
583,976
836,986
14,992
222,996
467,996
577,996
371,1001
762,1002
601,1006
396,1007
427,1011
494,1022
164,1022
160,1030
580,1038
610,1040
171,1044
159,1046
696,1047
531,1047
921,1049
986,1051
277,1052
717,1053
310,1054
456,1056
586,1064
483,1067
38,1069
495,1073
565,1073
891,1075
641,1076
606,1078
458,1079
578,1079
8,1084
691,1084
208,1084
229,1085
510,1085
87,1088
825,1090
617,1094
198,1096
32,1097
538,1099
398,1100
963,1108
83,1109
496,1112
671,1113
317,1124
103,1125
789,1126
883,1127
439,1129
349,1130
661,1133
923,1135
713,1135
922,1137
94,1138
618,1138
539,1141
205,1141
626,1141
488,1142
534,1143
536,1145
225,1145
460,1147
667,1148
705,1152
346,1155
338,1157
984,1158
137,1158
201,1160
776,1161
712,1162
856,1166
233,1167
609,1169
563,1170
150,1176
214,1176
331,1176
721,1177
110,1181
270,1181
625,1183
357,1184
964,1187
513,1189
41,1189
172,1193
334,1195
81,1197
743,1198
698,1200
96,1200
420,1201
336,1202
337,1204
821,1205
962,1205
754,1209
629,1211
454,1211
653,1214
885,1214
130,1215
566,1217
733,1219
116,1219
378,1220
124,1221
706,1222
570,1223
239,1224
982,1224
701,1226
916,1226
547,1226
616,1227
840,1229
231,1231
105,1231
973,1232
864,1233
342,1233
549,1236
866,1237
981,1238
615,1239
257,1241
884,1241
522,1241
211,1243
391,1247
364,1247
300,1247
426,1249
499,1251
242,1252
267,1256
470,1259
938,1259
579,1259
896,1260
330,1261
760,1261
55,1263
720,1264
203,1264
669,1265
930,1265
122,1265
727,1267
940,1268
816,1269
329,1270
23,1271
975,1271
295,1271
88,1272
411,1274
640,1276
634,1276
947,1277
298,1277
525,1278
591,1278
120,1279
457,1280
745,1281
573,1282
575,1282
281,1283
838,1284
581,1285
996,1287
375,1288
773,1289
127,1289
832,1291
374,1291
332,1292
644,1293
650,1295
842,1296
485,1297
136,1297
665,1298
416,1298
143,1300
74,1300
169,1301
967,1303
870,1304
207,1305
90,1306
183,1306
532,1306
288,1307
104,1308
173,1308
857,1309
450,1315
663,1315
351,1316
453,1316
213,1317
639,1317
937,1318
34,1318
503,1318
178,1319
274,1324
276,1325
987,1325
651,1328
271,1328
602,1329
33,1329
219,1331
849,1332
471,1332
28,1333
312,1333
256,1335
489,1336
552,1336
950,1337
900,1337
473,1338
333,1338
904,1338
106,1341
123,1341
108,1343
442,1344
361,1344
40,1345
903,1345
314,1347
991,1347
422,1347
988,1348
309,1349
461,1349
862,1351
85,1351
853,1353
980,1353
109,1354
929,1354
13,1355
182,1355
729,1356
682,1357
554,1358
576,1358
98,1359
875,1359
117,1359
440,1361
328,1362
318,1362
574,1363
16,1363
43,1364
952,1365
308,1365
206,1368
723,1368
569,1368
568,1369
740,1370
664,1372
632,1373
814,1373
141,1375
739,1375
714,1375
674,1377
403,1378
29,1381
847,1381
498,1381
443,1382
719,1382
412,1382
70,1383
384,1384
235,1385
747,1386
168,1386
385,1387
782,1388
283,1389
718,1389
436,1390
685,1390
951,1392
519,1393
798,1393
64,1396
307,1397
153,1400
548,1401
194,1403
292,1404
179,1404
359,1404
383,1405
813,1405
730,1406
507,1407
221,1408
960,1408
824,1408
767,1410
790,1411
704,1412
693,1412
710,1412
355,1413
75,1413
604,1413
53,1414
445,1415
199,1417
708,1418
520,1418
689,1419
582,1420
912,1420
25,1421
827,1422
972,1422
268,1423
757,1426
540,1427
826,1428
379,1432
888,1432
282,1435
956,1435
654,1435
766,1436
676,1438
15,1439
695,1440
737,1440
247,1440
320,1441
828,1442
505,1442
781,1443
345,1443
997,1443
423,1445
365,1445
941,1446
52,1448
914,1448
955,1448
506,1449
63,1450
177,1450
147,1450
31,1450
377,1452
777,1454
839,1454
694,1455
958,1455
258,1456
726,1457
78,1457
585,1457
22,1458
542,1460
447,1460
868,1462
882,1463
195,1464
635,1465
659,1466
680,1467
907,1467
1,1467
72,1468
897,1469
459,1470
463,1470
304,1473
184,1474
162,1474
352,1474
672,1476
218,1477
628,1477
185,1479
562,1479
243,1480
305,1482
504,1486
944,1486
468,1486
408,1489
154,1493
598,1493
347,1494
553,1495
928,1495
597,1497
741,1497
209,1497
49,1500
73,1500
722,1501
687,1501
681,1501
778,1502
407,1502
697,1502
833,1510
961,1510
419,1511
819,1511
994,1514
434,1514
146,1514
939,1515
546,1517
48,1518
668,1518
369,1518
204,1520
167,1521
736,1521
999,1521
325,1522
533,1523
692,1524
65,1526
758,1528
275,1531
180,1532
187,1535
742,1536
608,1537
724,1540
662,1542
115,1544
410,1545
643,1546
481,1547
249,1548
114,1549
244,1549
527,1549
181,1549
35,1550
985,1551
993,1553
863,1555
348,1555
234,1556
521,1557
872,1558
945,1558
995,1561
4,1562
700,1565
911,1565
111,1566
139,1567
387,1569
925,1569
725,1571
501,1574
252,1575
444,1575
353,1576
71,1578
291,1579
151,1580
93,1583
429,1584
749,1587
232,1587
806,1589
770,1593
595,1596
528,1597
129,1598
792,1598
125,1600
716,1603
414,1606
908,1610
236,1611
240,1612
765,1613
134,1616
62,1617
259,1617
835,1618
881,1622
284,1623
572,1624
893,1625
699,1625
191,1625
212,1627
350,1627
51,1627
89,1628
589,1629
324,1630
511,1630
738,1631
472,1631
593,1633
957,1633
21,1635
133,1644
238,1646
197,1647
367,1650
149,1653
917,1655
784,1656
3,1658
954,1659
795,1659
464,1660
380,1664
327,1665
264,1667
859,1668
971,1669
800,1669
786,1671
946,1672
39,1673
131,1674
761,1676
66,1676
545,1676
854,1682
910,1686
811,1688
61,1691
959,1691
820,1695
906,1695
502,1696
263,1700
631,1700
451,1700
189,1700
11,1705
12,1708
858,1708
823,1710
395,1713
478,1713
294,1713
262,1717
100,1718
435,1719
645,1721
341,1722
272,1725
702,1725
469,1727
969,1727
846,1729
393,1730
805,1730
17,1730
518,1730
200,1732
801,1734
620,1736
775,1740
551,1742
152,1745
358,1746
59,1746
128,1747
409,1748
656,1750
594,1751
678,1751
251,1752
796,1752
931,1755
771,1756
135,1757
822,1758
311,1759
366,1762
224,1767
564,1767
289,1771
555,1773
932,1773
895,1776
794,1778
7,1784
732,1785
933,1785
42,1785
433,1787
368,1790
679,1792
166,1795
480,1795
68,1797
829,1798
170,1798
867,1799
780,1800
759,1800
193,1801
246,1802
80,1804
188,1804
655,1807
216,1817
541,1817
432,1819
751,1822
901,1824
260,1828
118,1828
690,1828
709,1835
490,1835
101,1836
486,1837
807,1838
592,1838
935,1841
571,1848
155,1849
290,1850
9,1850
227,1851
287,1856
515,1858
484,1862
296,1862
983,1863
362,1863
627,1865
855,1866
500,1869
890,1873
873,1875
230,1877
202,1877
936,1878
321,1880
843,1881
544,1882
462,1883
47,1886
424,1888
516,1889
834,1895
623,1895
684,1896
190,1898
265,1899
677,1899
323,1902
148,1904
621,1905
976,1905
728,1908
389,1910
99,1911
785,1911
934,1915
889,1917
560,1918
413,1920
107,1922
648,1927
132,1927
30,1928
82,1929
524,1935
335,1943
376,1943
755,1945
493,1949
397,1949
788,1951
91,1953
399,1955
523,1955
611,1957
943,1963
812,1965
584,1965
373,1966
809,1968
537,1970
517,1974
803,1975
670,1975
119,1977
326,1983
878,1990
768,1995
322,1997
26,1999
161,2001
24,2003
774,2004
388,2004
818,2005
50,2012
241,2014
894,2017
660,2019
752,2020
37,2024
476,2025
688,2032
646,2032
156,2033
879,2035
750,2035
543,2039
44,2041
157,2041
614,2042
802,2047
254,2050
860,2051
756,2053
869,2054
567,2059
817,2063
192,2066
60,2069
402,2070
425,2072
2,2073
769,2077
590,2077
715,2079
113,2079
666,2081
512,2082
477,2085
316,2085
301,2087
293,2087
686,2090
142,2091
915,2093
386,2094
57,2098
998,2099
622,2106
642,2109
558,2109
20,2113
1000,2118
163,2120
965,2121
898,2128
250,2132
392,2134
67,2144
763,2148
636,2148
992,2148
926,2151
313,2157
46,2161
121,2168
215,2170
535,2180
624,2184
5,2193
514,2197
799,2197
95,2204
217,2208
343,2212
269,2226
874,2226
746,2226
448,2235
845,2238
452,2239
86,2248
587,2250
909,2250
223,2253
865,2256
880,2259
920,2260
356,2264
76,2265
675,2269
446,2273
852,2273
948,2274
255,2277
905,2281
487,2282
550,2287
600,2288
953,2288
306,2289
176,2294
924,2296
612,2296
791,2304
491,2318
340,2318
949,2319
731,2325
92,2331
237,2346
492,2350
394,2359
902,2361
437,2362
913,2366
652,2367
266,2373
658,2376
84,2381
261,2384
793,2400
431,2417
186,2424
97,2431
599,2431
508,2440
10,2454
942,2468
605,2470
280,2472
278,2477
405,2485
779,2485
54,2492
285,2501
804,2505
748,2508
619,2511
966,2512
138,2513
844,2513
887,2521
370,2528
871,2533
421,2537
927,2546
144,2557
633,2566
607,2567
797,2580
140,2594
783,2605
703,2609
19,2610
526,2615
892,2624
649,2637
744,2641
474,2656
861,2658
877,2665
418,2675
637,2676
417,2725
530,2733
6,2742
482,2761
899,2766
441,2767
561,2783
830,2788
990,2799
918,2807
56,2815
404,2832
69,2834
297,2849
303,2857
245,2914
810,2915
363,2945
372,2959
848,2967
58,2967
970,2974
36,2982
886,2988
228,2990
158,3023
588,3037
509,3054
354,3076
974,3115
145,3146
438,3154
449,3165
603,3167
557,3215
989,3232
978,3263
876,3302
210,3321
339,3337
851,3345
45,3402
319,3414
174,3417
273,3465
126,3517
428,3550
455,3571
707,3584
286,3676
808,3697
401,3764
613,3801
735,3935
302,3997
315,4016

simblock.block.ProofOfWorkBlock@10a9fe06:51
186,0
565,150
770,206
499,263
599,299
769,319
440,356
383,356
251,376
760,413
497,417
333,417
970,433
15,449
139,473
727,474
818,476
204,479
793,494
520,506
545,506
150,515
521,530
890,533
618,534
231,540
885,542
576,566
797,566
263,567
296,572
609,574
88,582
343,584
278,588
744,599
988,601
25,602
541,603
758,611
148,622
522,622
668,623
443,625
295,625
39,626
604,629
258,629
146,630
179,638
907,645
55,654
717,656
70,657
537,659
195,659
398,660
118,661
903,663
300,667
377,671
754,679
608,680
985,680
54,681
127,682
570,682
757,682
374,688
198,689
693,691
962,691
389,692
410,693
620,694
790,701
629,705
423,712
8,713
385,715
532,718
759,718
422,719
16,720
871,720
471,720
960,721
130,723
453,724
218,731
439,733
125,734
546,738
412,738
575,738
904,739
154,740
347,741
394,742
488,744
902,749
872,749
602,750
740,750
644,751
470,751
384,752
316,754
581,756
971,757
246,757
323,760
92,763
791,763
489,770
233,772
979,774
419,775
208,776
897,777
746,777
942,777
982,778
71,778
12,778
104,779
994,779
976,780
655,780
893,780
932,785
993,785
63,786
476,787
653,791
183,794
858,794
961,795
342,796
866,797
508,800
612,802
672,802
459,803
747,806
305,806
209,807
456,807
888,808
213,809
56,809
102,809
767,810
517,810
234,812
761,812
531,813
89,813
99,814
798,815
773,816
561,817
336,818
718,821
835,822
191,825
292,827
359,830
289,831
190,831
856,833
947,833
789,833
708,834
366,834
1000,835
869,835
90,836
485,836
475,836
673,836
458,837
30,838
582,839
881,840
172,840
775,840
271,840
702,841
716,841
67,841
167,842
498,842
912,842
284,842
420,845
93,847
992,848
827,849
615,850
836,851
573,853
839,854
68,855
868,856
466,858
782,859
631,860
524,860
217,863
194,863
222,864
917,864
851,866
714,866
75,867
711,867
689,868
562,868
503,869
864,869
814,870
309,871
587,871
163,871
236,872
938,873
648,873
277,874
180,876
590,878
59,878
534,879
103,880
852,880
414,880
710,882
85,884
695,884
945,887
467,887
329,888
778,888
205,889
328,889
352,890
164,891
937,891
320,891
257,892
996,892
482,893
969,895
783,895
886,895
5,895
518,895
483,895
147,896
372,897
109,898
645,898
811,898
239,898
42,899
728,899
705,901
957,901
307,901
442,901
507,902
281,903
350,905
833,905
706,905
262,906
669,907
41,908
940,909
853,909
106,909
200,910
364,910
79,911
17,911
861,912
31,912
743,912
965,913
468,915
391,916
637,917
151,917
203,920
586,922
40,922
928,923
916,924
924,924
260,925
999,925
585,926
558,927
436,927
193,928
997,930
542,930
665,932
821,932
667,933
461,933
654,934
18,935
692,935
464,935
13,935
368,936
427,937
153,938
929,943
505,943
641,944
176,944
990,944
915,946
662,947
828,947
312,948
920,948
345,948
819,949
671,949
879,949
465,950
434,950
53,951
81,951
543,952
944,952
473,953
951,953
159,954
813,955
418,956
597,957
145,957
387,957
908,959
185,959
275,959
681,960
739,960
925,960
326,961
77,962
431,962
229,963
210,963
223,965
870,966
950,966
704,966
338,967
838,968
958,968
448,971
535,971
722,971
941,972
116,972
206,973
337,976
598,977
946,978
96,978
972,978
713,980
865,980
832,981
526,981
74,984
87,984
846,984
766,984
380,985
227,985
280,987
552,987
48,989
21,989
548,990
360,990
214,991
824,992
603,993
283,994
202,996
324,1000
187,1000
379,1000
817,1000
47,1001
955,1002
298,1002
123,1003
847,1004
460,1005
737,1006
622,1006
19,1006
242,1006
149,1007
501,1008
663,1008
914,1012
952,1012
274,1014
857,1014
247,1015
640,1016
290,1017
240,1017
177,1017
730,1018
781,1018
107,1018
784,1020
267,1020
621,1020
24,1021
358,1021
685,1022
975,1022
407,1022
363,1023
376,1024
115,1024
10,1024
959,1024
430,1027
134,1028
725,1030
525,1032
830,1034
984,1037
756,1038
393,1040
182,1041
882,1042
128,1042
574,1042
249,1043
664,1044
515,1044
73,1045
357,1047
27,1050
487,1051
549,1052
256,1052
165,1052
82,1053
313,1056
32,1060
416,1061
682,1062
490,1063
158,1068
129,1071
301,1072
800,1074
365,1074
849,1074
83,1076
628,1076
378,1078
605,1079
840,1080
69,1080
850,1081
124,1082
230,1088
469,1091
936,1091
696,1094
268,1094
687,1095
38,1096
742,1097
170,1099
34,1100
314,1102
438,1103
751,1104
579,1105
1,1117
373,1120
51,1121
963,1124
776,1125
243,1126
748,1126
973,1127
566,1127
896,1131
491,1132
560,1137
591,1140
911,1140
510,1140
361,1142
698,1146
749,1146
353,1148
816,1150
143,1151
504,1152
981,1152
332,1153
406,1153
624,1154
875,1157
720,1158
554,1159
141,1163
931,1164
248,1171
948,1172
991,1172
64,1173
815,1173
28,1176
826,1176
432,1176
291,1179
265,1181
700,1181
939,1181
259,1183
49,1184
221,1185
225,1187
731,1189
661,1189
647,1190
519,1190
216,1192
812,1193
415,1194
855,1194
33,1195
252,1195
595,1196
841,1196
930,1201
639,1202
264,1202
472,1204
657,1210
794,1212
806,1214
910,1214
528,1214
555,1217
481,1217
480,1218
567,1219
964,1220
311,1220
635,1222
66,1223
500,1223
184,1226
854,1228
919,1229
738,1230
168,1232
679,1236
650,1237
349,1239
241,1240
502,1241
160,1242
325,1242
512,1244
677,1245
559,1246
137,1252
211,1253
623,1255
244,1256
601,1258
375,1259
131,1260
299,1269
334,1269
457,1270
594,1271
715,1271
771,1272
173,1273
450,1273
288,1273
551,1274
651,1276
529,1281
23,1283
632,1285
122,1285
967,1287
779,1293
987,1295
224,1296
772,1298
226,1298
447,1299
516,1300
220,1301
235,1302
862,1303
112,1307
451,1316
424,1317
544,1318
986,1319
330,1320
568,1321
348,1322
369,1322
883,1322
680,1325
589,1326
891,1328
980,1330
52,1330
822,1330
253,1334
413,1335
829,1337
429,1339
178,1341
495,1342
922,1346
825,1347
111,1348
764,1350
408,1351
199,1352
381,1354
691,1354
304,1356
820,1357
755,1357
634,1358
684,1359
796,1360
596,1360
723,1360
279,1361
445,1362
625,1362
533,1362
977,1363
860,1365
617,1365
120,1366
331,1367
212,1367
801,1372
197,1374
108,1375
808,1376
297,1377
765,1382
454,1382
219,1386
287,1386
564,1388
741,1388
2,1389
196,1391
367,1393
506,1395
807,1396
110,1398
272,1403
29,1407
310,1410
733,1412
678,1413
396,1413
577,1414
276,1416
998,1416
65,1416
676,1419
133,1421
11,1425
901,1426
188,1428
175,1436
346,1439
390,1443
317,1443
753,1443
395,1443
572,1449
867,1453
36,1456
823,1457
14,1466
254,1468
933,1468
633,1472
729,1472
152,1473
540,1473
719,1481
405,1482
155,1484
302,1490
787,1490
62,1491
386,1491
35,1492
578,1493
135,1493
732,1496
563,1500
117,1501
270,1502
580,1504
607,1506
762,1507
411,1509
171,1514
656,1516
78,1519
701,1523
745,1527
308,1527
613,1528
906,1534
100,1534
536,1535
935,1538
616,1542
282,1544
863,1545
98,1545
777,1549
619,1549
355,1551
321,1552
887,1554
709,1555
484,1556
293,1558
786,1558
659,1559
630,1561
805,1565
968,1567
478,1571
834,1571
161,1573
768,1579
9,1581
780,1582
113,1583
22,1584
138,1585
344,1589
583,1590
140,1591
774,1592
72,1596
974,1598
435,1599
877,1601
989,1604
845,1608
4,1610
610,1610
399,1610
114,1613
874,1614
966,1614
788,1616
513,1622
403,1631
76,1633
492,1635
94,1638
876,1639
237,1641
371,1643
340,1645
493,1648
588,1649
437,1650
898,1650
50,1655
285,1656
735,1657
404,1660
569,1661
426,1663
356,1664
486,1667
319,1670
455,1677
433,1678
496,1686
553,1695
95,1698
261,1699
724,1701
527,1707
923,1710
956,1718
327,1721
43,1721
734,1721
189,1721
884,1726
809,1726
294,1728
303,1736
306,1737
978,1747
550,1750
351,1751
401,1753
428,1754
462,1756
880,1756
909,1760
690,1764
121,1768
726,1769
638,1769
795,1770
402,1777
392,1779
463,1783
397,1786
339,1786
409,1789
370,1793
556,1800
688,1801
810,1808
626,1808
37,1813
80,1818
889,1831
7,1832
627,1833
712,1834
831,1837
750,1837
266,1840
752,1843
614,1851
421,1851
670,1853
250,1856
232,1865
166,1866
707,1874
592,1879
192,1879
658,1880
995,1883
511,1892
479,1893
926,1895
843,1897
646,1899
61,1900
6,1903
523,1904
273,1923
494,1923
144,1925
162,1935
892,1935
699,1940
792,1942
703,1945
873,1948
156,1950
983,1954
895,1958
136,1960
683,1961
126,1966
763,1985
652,1993
514,2002
837,2010
649,2010
918,2011
315,2012
3,2018
571,2038
721,2040
686,2041
804,2041
269,2053
842,2066
174,2072
181,2073
119,2077
660,2090
255,2092
697,2094
44,2101
943,2102
859,2111
954,2112
642,2115
101,2123
921,2129
934,2148
611,2170
57,2174
799,2176
157,2178
201,2180
417,2182
530,2186
547,2190
446,2195
45,2209
600,2219
844,2222
362,2233
509,2244
341,2245
899,2249
694,2264
97,2277
400,2283
643,2292
335,2293
238,2300
84,2311
803,2313
900,2355
425,2357
286,2361
207,2367
474,2391
142,2400
382,2414
539,2434
46,2437
58,2455
318,2459
444,2462
953,2466
20,2478
441,2481
894,2516
675,2526
169,2529
215,2535
606,2543
636,2567
26,2584
593,2603
878,2640
785,2652
228,2697
538,2715
449,2752
388,2771
736,2776
913,2824
927,2851
452,2873
105,2889
905,2923
949,2936
132,2947
477,2979
674,3061
86,3071
584,3138
354,3214
557,3227
802,3229
666,3247
60,3269
322,3346
91,3514
245,3561
848,3654

simblock.block.ProofOfWorkBlock@117fe0cf:52
860,0
80,228
2,313
741,452
537,494
787,534
3,538
919,616
472,638
970,648
93,671
837,675
131,698
971,706
901,722
625,756
661,757
160,758
590,764
284,801
515,822
982,823
529,834
843,837
308,838
225,840
565,847
355,856
612,858
840,870
90,875
761,878
693,880
968,891
582,896
556,913
531,915
620,916
699,921
168,922
538,926
685,927
510,930
866,934
249,937
367,942
583,946
534,971
262,972
203,972
191,973
748,974
690,975
454,980
513,985
229,986
503,991
665,993
502,995
415,996
383,996
826,1004
762,1006
351,1008
211,1016
505,1022
272,1025
628,1025
205,1027
42,1029
99,1030
277,1030
40,1031
947,1031
824,1032
940,1034
53,1037
343,1042
869,1043
853,1046
148,1048
460,1049
599,1052
481,1055
400,1055
668,1055
332,1056
554,1060
430,1062
25,1064
827,1065
348,1066
130,1074
764,1075
252,1081
789,1084
214,1086
151,1087
133,1087
973,1087
938,1087
217,1088
640,1089
647,1090
390,1091
574,1093
283,1093
128,1095
728,1095
61,1098
705,1102
70,1104
886,1105
676,1106
706,1106
988,1116
475,1120
773,1121
915,1121
508,1123
149,1124
925,1125
932,1126
740,1128
734,1130
201,1135
626,1136
279,1137
334,1137
373,1140
962,1140
708,1141
569,1142
488,1143
107,1143
541,1143
406,1143
857,1144
364,1145
632,1145
59,1145
993,1145
746,1146
585,1147
23,1148
120,1148
644,1150
426,1151
521,1152
758,1159
525,1160
412,1160
63,1163
55,1163
793,1163
999,1164
606,1169
486,1171
204,1174
691,1175
653,1177
124,1179
511,1179
951,1179
897,1179
744,1179
639,1181
281,1181
153,1181
127,1181
615,1182
517,1183
874,1183
739,1184
579,1184
814,1184
145,1185
881,1188
313,1189
453,1190
68,1192
75,1192
745,1193
545,1196
143,1196
485,1196
689,1199
352,1199
258,1199
301,1200
146,1200
296,1201
243,1201
337,1202
929,1203
410,1204
682,1205
831,1206
27,1206
956,1208
667,1209
522,1209
835,1209
581,1214
94,1214
365,1215
65,1216
213,1217
270,1218
479,1219
818,1220
171,1220
89,1220
756,1220
650,1223
366,1223
997,1228
186,1228
494,1231
435,1231
979,1232
219,1234
749,1235
767,1235
33,1235
195,1235
387,1235
115,1236
777,1237
4,1237
167,1237
727,1239
908,1239
498,1240
139,1240
375,1241
81,1241
641,1242
605,1244
489,1244
304,1244
471,1246
972,1247
674,1247
416,1247
210,1248
105,1249
608,1253
775,1254
276,1254
419,1255
916,1255
208,1255
669,1256
552,1257
384,1257
275,1257
177,1257
1000,1258
950,1258
548,1259
858,1260
570,1260
172,1260
952,1260
849,1261
189,1264
817,1264
629,1264
295,1264
466,1265
132,1265
316,1266
15,1266
263,1267
896,1270
518,1270
499,1271
681,1272
297,1273
963,1274
936,1275
507,1275
244,1275
338,1275
614,1275
941,1275
747,1276
751,1278
819,1278
291,1279
13,1281
638,1281
378,1282
672,1283
469,1283
996,1285
912,1290
587,1291
268,1291
757,1291
10,1291
256,1293
984,1293
231,1294
260,1297
836,1297
178,1298
305,1299
5,1299
230,1300
30,1301
464,1301
110,1302
403,1303
783,1303
714,1303
122,1304
976,1304
64,1305
17,1305
782,1306
998,1307
910,1308
822,1310
223,1312
439,1312
12,1312
591,1312
22,1313
864,1314
163,1314
720,1314
349,1314
96,1314
278,1315
197,1316
546,1316
553,1317
298,1317
18,1319
815,1319
179,1319
772,1320
473,1321
431,1322
28,1322
798,1324
461,1325
34,1325
731,1328
381,1329
684,1329
780,1331
54,1331
111,1331
710,1332
398,1333
222,1334
679,1335
353,1335
19,1335
937,1335
867,1336
528,1337
209,1338
476,1338
839,1338
944,1339
78,1340
180,1340
618,1340
713,1340
559,1343
8,1343
39,1344
442,1344
501,1345
692,1346
290,1346
512,1348
725,1349
903,1349
164,1350
662,1350
206,1351
535,1351
271,1352
655,1353
108,1353
165,1354
77,1354
374,1354
129,1355
397,1357
921,1357
491,1357
975,1357
884,1357
847,1358
309,1358
851,1359
986,1359
67,1359
226,1360
832,1360
16,1360
812,1362
43,1363
890,1363
821,1363
961,1363
92,1364
358,1364
969,1365
805,1366
712,1367
564,1368
478,1369
496,1369
520,1371
173,1371
597,1375
31,1376
852,1377
346,1377
457,1378
21,1379
236,1380
987,1381
330,1383
856,1386
74,1387
218,1387
98,1387
450,1388
663,1389
299,1389
959,1390
888,1390
697,1390
182,1391
429,1391
135,1391
307,1392
456,1392
345,1394
931,1395
562,1396
216,1396
407,1397
995,1397
694,1397
274,1398
617,1401
187,1401
202,1401
603,1401
336,1402
79,1403
328,1405
737,1405
695,1406
292,1406
137,1406
771,1406
893,1407
544,1408
257,1409
368,1411
185,1411
677,1412
369,1412
928,1413
224,1414
418,1414
247,1415
233,1416
841,1417
754,1423
103,1424
320,1426
939,1426
125,1427
567,1429
558,1429
83,1430
154,1431
490,1432
391,1432
990,1432
289,1433
24,1434
311,1434
434,1437
954,1437
451,1438
294,1438
992,1439
341,1444
325,1445
721,1445
854,1447
519,1448
743,1448
568,1450
379,1450
532,1450
842,1451
480,1452
155,1452
220,1452
542,1455
329,1458
123,1460
234,1461
657,1465
807,1466
162,1466
576,1467
882,1469
422,1470
51,1470
621,1470
806,1473
73,1473
200,1473
140,1475
52,1476
432,1479
194,1482
868,1483
361,1484
409,1485
994,1487
48,1490
563,1491
170,1492
540,1493
382,1493
82,1494
865,1494
776,1495
495,1496
327,1503
359,1504
967,1507
942,1511
577,1513
324,1515
459,1516
326,1516
357,1517
671,1518
715,1522
870,1523
875,1525
593,1525
504,1526
452,1528
774,1528
389,1529
648,1533
977,1533
586,1533
829,1535
601,1535
49,1536
526,1538
104,1543
420,1543
175,1545
792,1549
396,1550
438,1553
536,1557
838,1558
371,1560
38,1560
227,1561
482,1562
56,1566
242,1570
623,1570
487,1570
265,1573
765,1574
980,1575
444,1575
797,1576
356,1576
445,1578
212,1578
333,1580
596,1581
100,1581
883,1581
891,1582
424,1583
1,1583
221,1584
729,1586
282,1587
184,1587
555,1588
794,1591
288,1592
698,1592
414,1593
981,1595
589,1595
964,1595
863,1597
253,1600
862,1606
117,1606
240,1607
930,1611
318,1611
985,1613
659,1618
572,1621
458,1624
134,1624
830,1626
703,1628
604,1637
331,1639
635,1639
680,1640
906,1642
181,1643
755,1645
62,1646
323,1650
112,1656
820,1657
317,1657
733,1660
922,1662
88,1663
813,1664
136,1668
800,1670
506,1672
248,1676
717,1682
259,1683
484,1684
386,1684
983,1688
801,1690
152,1691
549,1691
634,1692
687,1692
738,1693
948,1695
736,1696
29,1698
232,1699
524,1701
958,1702
159,1703
280,1707
900,1711
347,1712
467,1713
190,1715
598,1717
492,1720
238,1724
588,1726
566,1728
35,1728
923,1730
533,1731
796,1735
302,1735
960,1740
241,1748
285,1748
161,1751
11,1752
779,1753
405,1754
759,1754
594,1755
500,1756
246,1759
622,1761
408,1765
848,1766
388,1767
678,1768
924,1769
723,1775
949,1775
516,1776
630,1776
790,1780
141,1785
784,1785
619,1789
41,1791
264,1792
724,1793
447,1797
393,1802
578,1811
527,1812
631,1813
121,1815
551,1817
142,1820
913,1821
633,1821
887,1823
58,1824
547,1825
245,1827
602,1830
732,1830
193,1838
991,1841
907,1842
935,1844
523,1858
742,1858
595,1859
183,1859
470,1859
47,1861
707,1863
421,1864
816,1864
437,1867
360,1867
401,1868
509,1872
966,1872
645,1874
911,1875
722,1878
933,1882
465,1882
87,1888
428,1888
711,1891
670,1894
199,1898
156,1902
86,1904
443,1911
463,1917
113,1918
934,1920
702,1925
72,1926
394,1926
965,1926
207,1927
50,1928
176,1935
350,1936
642,1939
802,1940
833,1940
45,1943
917,1944
753,1947
477,1948
696,1951
448,1955
600,1959
616,1963
44,1966
363,1967
370,1968
592,1975
101,1976
192,1980
493,1980
157,1981
372,1986
293,1987
446,1988
855,1989
250,1990
300,1993
686,1993
413,2004
834,2009
957,2012
785,2013
411,2014
114,2014
441,2020
287,2030
32,2037
636,2038
811,2042
846,2042
267,2050
427,2061
624,2062
423,2063
943,2063
84,2064
861,2066
455,2069
340,2073
877,2097
643,2098
69,2102
550,2104
750,2107
889,2107
735,2107
76,2110
808,2110
795,2112
116,2112
770,2112
109,2114
649,2117
539,2120
95,2123
609,2127
828,2132
610,2140
788,2149
399,2150
652,2156
666,2158
716,2162
251,2166
760,2167
607,2171
580,2175
804,2180
701,2185
989,2189
158,2192
9,2204
873,2206
683,2207
688,2213
914,2216
85,2216
321,2222
543,2225
26,2232
497,2237
440,2243
769,2244
362,2246
700,2247
926,2260
909,2263
266,2272
376,2283
726,2284
768,2286
188,2290
147,2291
871,2292
799,2293
946,2295
102,2307
310,2311
803,2315
880,2336
575,2343
613,2356
730,2356
14,2362
571,2362
380,2369
344,2375
786,2377
66,2381
654,2391
514,2392
239,2402
845,2406
895,2410
766,2418
573,2419
872,2427
810,2433
584,2453
899,2454
404,2454
850,2457
392,2460
150,2463
198,2465
196,2482
71,2483
879,2483
892,2491
335,2505
955,2521
6,2525
719,2532
673,2532
483,2545
395,2545
235,2556
462,2580
474,2591
561,2593
261,2598
237,2614
885,2615
859,2631
791,2639
560,2646
7,2655
704,2659
312,2661
254,2676
36,2680
978,2693
718,2697
898,2706
651,2717
664,2719
314,2726
97,2743
646,2744
433,2751
918,2771
675,2772
902,2773
385,2798
322,2803
530,2815
342,2832
809,2834
57,2864
637,2873
306,2873
354,2879
174,2894
825,2896
144,2914
169,2934
611,2942
106,2950
449,2961
20,3002
255,3004
781,3013
319,3019
927,3027
763,3045
468,3053
878,3061
660,3086
557,3086
656,3119
273,3129
436,3130
627,3176
425,3179
118,3190
974,3251
228,3251
658,3293
46,3301
778,3311
138,3331
126,3337
315,3349
269,3369
339,3384
303,3434
402,3499
920,3550
119,3552
844,3567
286,3633
905,3636
37,3778
953,3805
823,3818
945,3905
752,3919
417,4263
876,4865

simblock.block.ProofOfWorkBlock@b85ef9f:53
981,0
253,225
638,307
447,390
14,461
774,473
841,528
346,542
64,558
430,611
995,614
38,624
311,681
533,693
264,696
270,701
112,705
890,732
610,742
445,760
651,767
586,776
555,777
32,791
479,823
496,829
235,836
78,853
566,855
484,859
199,861
637,881
129,882
220,883
176,895
373,898
381,905
976,910
160,910
94,916
862,917
921,920
344,926
196,927
35,936
764,943
62,949
815,959
720,966
438,976
772,981
369,986
279,986
529,993
409,994
356,998
635,1002
816,1004
578,1008
117,1010
606,1011
512,1019
1,1020
110,1025
545,1029
180,1032
70,1037
443,1038
745,1046
654,1049
559,1050
141,1055
510,1061
704,1063
831,1066
630,1067
765,1070
975,1071
386,1074
212,1074
837,1075
917,1080
956,1080
325,1081
736,1082
536,1086
924,1088
935,1088
187,1089
308,1091
712,1094
491,1095
572,1096
563,1102
9,1103
719,1103
904,1106
771,1111
379,1114
867,1117
111,1118
776,1123
343,1125
789,1125
454,1128
355,1133
733,1134
283,1136
729,1137
829,1139
272,1139
631,1142
968,1143
716,1144
485,1145
226,1149
390,1149
265,1159
66,1162
107,1162
680,1165
674,1166
506,1167
982,1168
349,1168
782,1170
697,1170
225,1172
211,1175
539,1176
977,1178
701,1178
595,1179
828,1181
175,1183
838,1185
668,1186
239,1189
334,1190
288,1193
874,1193
872,1194
864,1196
275,1197
948,1198
396,1199
936,1201
338,1202
632,1203
549,1204
577,1205
682,1213
883,1217
556,1219
219,1222
47,1223
922,1226
669,1227
137,1227
152,1227
914,1227
923,1227
371,1228
364,1229
11,1232
784,1234
316,1234
495,1235
734,1235
996,1236
623,1237
109,1240
910,1240
959,1241
289,1241
23,1241
554,1244
758,1245
519,1247
178,1248
331,1250
806,1250
301,1250
17,1251
407,1253
520,1253
367,1254
466,1255
400,1258
579,1259
657,1261
836,1262
150,1262
382,1262
690,1267
702,1268
310,1270
524,1271
194,1271
957,1271
22,1274
295,1274
104,1277
181,1277
861,1278
885,1278
525,1281
672,1284
971,1285
753,1286
931,1286
964,1288
826,1290
952,1291
891,1291
351,1292
440,1292
991,1296
49,1298
204,1301
938,1301
309,1302
136,1302
497,1302
608,1303
43,1303
643,1304
551,1304
780,1305
583,1306
866,1307
850,1307
884,1308
436,1310
348,1310
662,1311
65,1311
124,1312
998,1313
304,1313
318,1314
177,1315
853,1316
191,1316
986,1316
125,1316
173,1317
480,1318
252,1318
683,1319
794,1319
621,1321
721,1323
705,1324
294,1324
846,1324
197,1325
467,1326
248,1329
256,1330
40,1330
594,1330
327,1332
415,1332
4,1334
888,1335
490,1335
747,1336
970,1337
770,1342
317,1343
984,1343
337,1346
647,1346
69,1348
900,1349
939,1349
394,1350
230,1350
504,1350
73,1351
739,1352
189,1353
852,1353
901,1353
825,1353
217,1354
580,1355
127,1355
450,1356
624,1358
757,1358
979,1359
644,1361
347,1364
90,1364
727,1366
807,1368
486,1369
146,1369
915,1372
759,1372
330,1372
221,1372
478,1375
937,1376
410,1377
618,1378
29,1379
538,1380
634,1380
993,1381
960,1382
870,1383
820,1384
406,1384
612,1384
224,1385
143,1386
205,1388
912,1389
676,1389
103,1389
352,1389
679,1391
742,1391
919,1392
691,1392
324,1392
395,1394
827,1394
314,1395
120,1395
805,1396
214,1397
353,1398
865,1399
108,1400
332,1400
185,1402
946,1402
500,1403
907,1404
102,1405
847,1407
604,1407
655,1407
246,1408
358,1409
929,1409
461,1410
906,1410
494,1411
140,1411
259,1415
328,1416
374,1418
723,1418
950,1419
684,1420
992,1420
1000,1422
172,1423
609,1425
526,1426
385,1426
481,1427
967,1428
560,1429
163,1431
699,1431
661,1433
298,1433
849,1433
52,1433
435,1434
908,1434
762,1435
30,1435
307,1436
96,1436
408,1438
708,1440
238,1441
262,1442
822,1444
756,1445
751,1445
133,1445
397,1446
170,1446
695,1448
132,1450
544,1451
296,1451
79,1452
27,1453
361,1454
74,1455
516,1455
457,1456
987,1460
263,1460
593,1461
616,1462
451,1462
546,1463
423,1464
162,1464
698,1466
463,1469
291,1470
444,1470
941,1471
859,1471
531,1472
260,1475
375,1475
928,1475
842,1476
812,1477
537,1479
341,1480
365,1480
740,1483
434,1483
659,1486
287,1486
464,1487
641,1487
153,1488
601,1489
148,1490
465,1491
376,1492
412,1494
432,1495
471,1496
505,1496
151,1496
345,1498
63,1501
213,1501
210,1503
851,1505
685,1507
574,1507
171,1515
34,1515
48,1516
562,1517
453,1521
792,1522
575,1522
3,1526
738,1527
72,1528
139,1528
940,1528
925,1529
280,1531
472,1531
513,1531
997,1531
114,1533
184,1534
617,1536
233,1538
903,1538
969,1538
483,1539
547,1539
135,1542
746,1543
819,1544
231,1545
561,1546
429,1546
82,1546
201,1547
713,1548
271,1549
564,1549
403,1552
857,1552
678,1553
893,1554
502,1554
414,1554
645,1560
755,1561
677,1562
227,1562
80,1563
155,1564
582,1565
147,1566
21,1566
568,1567
620,1569
398,1569
665,1573
323,1573
569,1574
875,1576
567,1578
916,1578
722,1580
689,1580
629,1582
19,1583
236,1583
299,1583
728,1584
692,1584
2,1590
384,1592
779,1594
336,1595
251,1601
687,1603
377,1605
777,1607
863,1609
360,1609
954,1610
439,1610
543,1612
416,1612
693,1613
741,1616
573,1616
650,1616
460,1616
540,1617
521,1617
209,1617
541,1618
944,1618
856,1619
585,1620
696,1620
207,1625
168,1628
973,1629
200,1633
470,1634
896,1634
737,1635
424,1637
824,1640
469,1640
932,1642
268,1643
105,1647
258,1648
565,1649
843,1650
681,1653
419,1653
208,1654
664,1654
980,1655
552,1656
297,1659
488,1663
868,1666
625,1667
783,1669
247,1670
918,1671
25,1671
243,1672
411,1673
368,1673
985,1677
249,1678
475,1678
576,1680
116,1688
744,1690
186,1691
840,1693
106,1693
93,1693
773,1695
553,1697
257,1700
149,1701
507,1704
363,1705
796,1706
797,1708
622,1709
881,1709
223,1713
57,1713
801,1715
122,1715
749,1717
372,1718
818,1718
216,1720
961,1723
855,1723
730,1725
15,1725
476,1728
182,1729
193,1732
724,1734
570,1736
930,1736
61,1736
787,1736
326,1737
313,1738
605,1738
59,1740
33,1740
7,1745
190,1746
839,1746
99,1749
581,1749
615,1750
894,1750
418,1757
962,1757
88,1757
589,1757
743,1759
767,1761
715,1763
86,1765
614,1766
590,1766
244,1766
306,1767
596,1768
51,1771
619,1772
218,1772
284,1773
202,1775
895,1776
459,1777
748,1779
342,1779
87,1783
813,1785
761,1787
426,1789
793,1790
766,1790
393,1792
357,1796
98,1796
999,1803
598,1803
532,1807
28,1807
667,1810
817,1812
814,1813
320,1817
882,1817
795,1822
587,1825
673,1826
626,1826
81,1827
167,1827
798,1828
886,1829
656,1831
229,1835
302,1836
854,1839
534,1841
274,1843
188,1850
8,1850
158,1850
871,1855
988,1856
834,1856
517,1856
511,1858
934,1859
503,1865
234,1868
636,1869
206,1870
710,1872
892,1874
250,1874
128,1875
902,1875
522,1878
392,1882
100,1884
387,1885
54,1887
174,1890
527,1891
990,1893
290,1894
726,1899
535,1899
725,1901
329,1906
627,1909
717,1910
276,1910
157,1911
292,1913
477,1913
994,1914
242,1914
404,1918
835,1920
350,1921
887,1924
788,1925
50,1925
300,1925
131,1933
165,1933
790,1938
305,1941
362,1941
144,1944
897,1948
947,1948
422,1949
911,1949
909,1952
913,1952
501,1953
215,1955
452,1956
85,1957
800,1963
735,1963
366,1965
898,1966
592,1968
482,1968
267,1969
425,1970
101,1971
431,1971
518,1972
860,1973
293,1980
442,1981
791,1985
649,1986
142,1987
489,1988
391,1988
953,1989
933,1989
277,1989
799,1991
869,1995
156,2000
53,2002
688,2004
821,2005
39,2006
778,2009
95,2018
195,2018
769,2020
607,2020
402,2021
278,2025
115,2026
775,2028
965,2030
312,2032
528,2033
550,2035
370,2037
700,2052
591,2054
714,2056
492,2062
118,2062
67,2063
514,2064
241,2070
18,2071
709,2081
832,2082
5,2084
179,2087
694,2088
499,2089
628,2094
285,2096
833,2097
943,2098
781,2108
802,2109
121,2111
281,2115
978,2116
192,2118
315,2124
958,2124
31,2131
810,2133
91,2145
266,2147
731,2147
448,2149
183,2150
303,2152
468,2157
920,2163
498,2163
12,2165
113,2168
269,2169
660,2173
880,2173
399,2174
322,2174
752,2175
71,2177
130,2179
41,2185
873,2191
963,2192
203,2194
222,2202
254,2204
949,2204
10,2206
458,2209
889,2212
161,2218
164,2218
6,2219
972,2219
339,2221
633,2222
462,2225
56,2225
640,2228
77,2231
286,2234
433,2245
60,2255
16,2257
42,2260
413,2262
282,2263
446,2266
509,2276
437,2279
154,2283
646,2285
848,2289
92,2291
671,2298
20,2321
515,2323
493,2324
830,2327
658,2328
955,2333
378,2345
823,2348
945,2351
119,2354
46,2356
711,2359
261,2359
639,2363
84,2371
340,2374
597,2375
663,2376
126,2378
879,2385
989,2387
89,2392
123,2393
134,2394
428,2394
642,2396
653,2400
55,2405
804,2417
441,2420
675,2422
232,2433
542,2436
36,2436
750,2441
13,2469
754,2472
335,2475
584,2489
508,2501
571,2507
703,2511
421,2512
858,2519
240,2521
732,2532
169,2532
530,2534
68,2550
666,2555
83,2562
75,2563
548,2570
670,2574
427,2575
942,2576
359,2577
383,2579
255,2607
588,2607
905,2610
354,2615
523,2642
473,2645
760,2647
652,2652
389,2675
974,2685
686,2691
602,2702
557,2723
951,2726
145,2741
811,2746
487,2752
718,2752
319,2760
24,2761
58,2774
877,2782
611,2811
333,2823
26,2824
600,2863
456,2878
388,2897
449,2914
648,2926
706,2935
97,2941
44,2943
899,2987
845,2990
37,2992
926,2993
474,3033
245,3034
198,3057
166,3061
558,3101
159,3114
785,3151
321,3164
273,3242
420,3243
45,3252
405,3269
603,3277
599,3289
613,3314
809,3335
380,3416
138,3423
878,3498
983,3508
707,3525
808,3536
876,3579
803,3624
455,3681
927,3748
228,3757
417,3778
237,3831
768,3884
763,4004
786,4008
966,4028
76,4131
401,4254
844,4277

simblock.block.ProofOfWorkBlock@40c1c18b:54
791,0
664,155
781,216
505,307
124,308
852,364
984,364
761,367
535,422
56,422
543,426
531,456
19,459
204,483
542,485
328,487
959,512
420,515
579,517
682,521
214,524
576,542
758,545
243,552
143,569
637,573
522,575
941,577
468,581
907,581
537,582
53,583
81,605
778,605
888,609
419,611
150,615
864,626
313,631
111,634
958,636
917,640
920,640
904,643
488,647
865,649
466,649
886,662
961,664
470,665
654,666
90,667
431,668
438,668
631,669
284,672
164,680
671,682
570,688
740,691
71,695
418,697
249,699
503,699
186,701
18,701
800,703
971,705
640,708
969,710
573,711
387,719
705,721
725,722
890,722
819,723
838,723
985,725
458,726
205,728
366,730
123,730
146,731
970,733
39,736
868,737
300,739
639,740
854,746
585,750
230,752
297,753
757,754
16,754
849,756
612,758
389,758
1000,758
644,759
82,760
562,760
789,761
257,764
240,766
498,768
59,769
548,775
704,777
982,778
177,780
398,783
31,783
689,784
779,784
25,784
139,787
461,790
485,790
552,792
813,793
206,794
329,794
973,795
692,796
34,796
414,801
96,804
465,804
439,809
508,809
471,809
12,810
423,811
262,811
609,812
251,812
814,814
858,815
528,816
63,817
267,818
783,818
8,818
453,818
434,819
217,819
903,821
836,821
672,823
407,825
234,826
489,826
223,831
717,831
360,831
27,834
869,835
324,836
491,839
483,839
42,840
473,840
979,841
851,843
352,843
346,843
590,843
604,844
180,847
515,848
653,850
756,850
517,851
289,851
298,852
394,852
828,852
296,853
499,853
793,854
784,854
151,854
739,858
68,859
116,860
695,861
69,864
153,866
582,866
459,867
376,868
274,869
77,869
950,869
130,870
893,871
608,874
33,874
256,874
30,875
872,877
945,877
271,877
824,878
846,879
518,881
747,881
932,881
746,881
798,881
534,882
323,882
187,883
383,884
830,887
482,888
209,890
227,890
377,891
442,892
908,892
924,893
879,893
767,893
128,894
79,896
333,896
602,896
731,898
182,898
782,899
190,899
475,899
835,900
840,901
744,901
988,903
743,904
681,905
937,907
990,907
597,907
929,908
599,908
662,908
501,909
727,909
106,910
818,910
857,910
359,912
605,913
158,913
277,913
89,914
769,914
336,915
902,918
827,919
976,920
629,920
193,923
87,923
163,924
999,924
947,924
565,926
972,926
67,927
963,927
521,928
391,929
194,929
669,930
722,930
648,931
975,931
467,931
167,933
342,934
685,935
98,935
545,936
185,936
350,936
83,938
54,938
280,939
993,939
210,940
713,940
412,940
457,941
202,941
93,941
715,941
260,941
41,943
247,943
912,944
622,944
558,944
104,945
198,947
129,948
754,948
711,948
997,949
497,951
992,951
460,952
574,955
546,956
777,956
532,956
290,957
443,957
305,957
231,958
875,958
871,958
357,958
147,959
301,959
472,960
13,961
773,961
962,961
618,962
928,963
490,964
48,964
102,965
598,966
118,966
698,966
268,966
833,966
24,966
737,967
882,967
655,967
320,969
440,969
507,970
520,970
595,970
17,970
770,972
236,975
242,975
358,975
307,976
208,976
363,977
853,977
667,978
159,979
916,980
10,980
275,981
218,981
881,981
70,982
343,984
326,984
710,987
125,987
179,988
292,988
22,988
165,989
728,989
384,991
281,992
821,992
955,994
632,995
337,995
263,996
55,996
665,997
940,997
427,998
628,998
925,1000
368,1000
99,1000
700,1001
817,1001
965,1001
996,1002
938,1003
448,1003
706,1004
145,1004
469,1005
109,1005
591,1005
312,1006
278,1007
641,1013
49,1013
229,1014
946,1014
942,1014
708,1014
815,1015
668,1016
283,1017
372,1018
839,1020
396,1021
759,1021
233,1022
183,1023
464,1025
176,1026
603,1026
615,1027
575,1027
246,1028
476,1029
172,1033
524,1034
861,1034
85,1035
620,1035
456,1036
105,1037
856,1038
327,1039
75,1039
148,1040
200,1040
416,1045
897,1046
624,1047
911,1048
718,1048
316,1049
663,1050
811,1051
944,1053
5,1053
345,1053
714,1054
760,1055
951,1056
775,1057
295,1057
1,1058
484,1059
790,1060
309,1060
587,1060
422,1060
154,1062
338,1063
378,1069
797,1070
213,1073
766,1075
239,1076
175,1077
915,1078
115,1079
561,1079
526,1081
645,1084
149,1086
560,1087
393,1088
92,1089
191,1091
380,1092
379,1093
487,1093
673,1095
866,1097
693,1099
936,1103
203,1104
551,1105
832,1105
687,1107
960,1111
35,1112
748,1113
74,1113
88,1114
822,1116
885,1118
347,1119
15,1120
374,1121
549,1121
94,1122
38,1123
66,1126
241,1130
874,1130
914,1132
831,1134
494,1135
998,1136
837,1136
812,1136
516,1139
870,1139
134,1141
541,1150
994,1151
62,1152
348,1154
436,1154
896,1156
341,1157
720,1160
308,1161
197,1169
43,1171
751,1171
581,1172
330,1173
221,1174
375,1175
957,1176
730,1178
216,1179
385,1180
108,1182
742,1183
287,1184
510,1185
344,1186
568,1188
956,1189
21,1190
726,1192
792,1193
265,1197
222,1200
847,1204
4,1205
117,1207
771,1211
674,1212
991,1213
621,1224
478,1226
397,1227
922,1228
72,1228
850,1229
931,1230
406,1231
716,1232
127,1236
29,1236
776,1237
891,1237
723,1240
563,1240
807,1242
634,1246
3,1248
432,1249
51,1249
719,1250
429,1250
28,1254
787,1256
199,1258
110,1261
294,1261
486,1262
536,1263
512,1266
196,1267
331,1269
413,1274
606,1276
765,1277
365,1279
806,1280
168,1280
211,1281
733,1283
411,1284
780,1285
596,1286
112,1286
141,1286
386,1288
745,1289
238,1292
616,1292
410,1295
395,1295
569,1295
162,1296
684,1297
195,1298
454,1299
678,1300
435,1302
137,1303
279,1303
381,1304
390,1304
276,1305
107,1305
371,1305
317,1307
617,1307
219,1308
679,1311
796,1312
547,1312
826,1313
495,1315
954,1315
424,1321
772,1322
863,1328
479,1329
901,1330
61,1330
683,1330
529,1331
264,1336
734,1340
408,1340
220,1341
332,1345
32,1345
762,1345
677,1347
690,1347
566,1349
409,1349
258,1351
540,1351
738,1352
511,1352
843,1352
855,1353
173,1354
867,1358
842,1359
226,1360
140,1361
525,1361
527,1363
647,1364
288,1365
445,1366
2,1368
181,1368
583,1372
923,1373
364,1375
311,1376
980,1378
910,1381
189,1382
451,1385
623,1396
564,1397
638,1400
270,1407
948,1408
794,1410
502,1411
114,1417
36,1418
463,1419
224,1421
403,1421
513,1422
533,1423
661,1426
135,1427
64,1430
361,1431
572,1437
310,1439
444,1443
721,1449
78,1451
253,1451
367,1453
862,1453
382,1457
538,1465
586,1466
646,1468
506,1469
702,1470
349,1473
635,1473
272,1477
578,1477
282,1478
981,1479
131,1482
906,1483
729,1483
519,1485
170,1486
325,1488
481,1488
155,1493
450,1494
138,1495
680,1497
625,1501
749,1501
120,1504
967,1507
228,1509
650,1511
103,1518
184,1522
580,1524
248,1524
160,1525
553,1527
447,1530
14,1530
52,1533
235,1535
930,1543
252,1543
859,1543
504,1545
892,1553
887,1554
355,1555
334,1561
619,1564
804,1564
763,1565
577,1570
670,1575
724,1577
433,1580
697,1585
250,1586
57,1586
909,1587
136,1592
987,1593
808,1595
949,1596
845,1597
306,1599
452,1600
894,1600
73,1601
152,1602
610,1608
269,1612
686,1615
23,1621
273,1623
314,1623
995,1624
636,1628
76,1634
480,1636
550,1637
293,1637
699,1638
556,1640
142,1645
555,1646
437,1647
232,1648
801,1648
11,1653
799,1656
530,1657
883,1657
755,1658
259,1661
121,1663
712,1664
935,1666
732,1666
133,1666
735,1671
40,1675
370,1678
188,1680
919,1681
709,1681
514,1688
884,1693
613,1694
496,1695
492,1695
825,1696
255,1697
657,1701
399,1705
428,1707
964,1710
225,1711
207,1713
400,1714
968,1716
425,1725
913,1729
659,1733
178,1733
126,1733
302,1736
156,1749
691,1751
943,1754
322,1754
736,1757
392,1758
652,1760
97,1760
898,1761
60,1763
895,1768
369,1771
860,1777
786,1782
607,1785
873,1788
774,1792
95,1794
630,1795
921,1806
86,1807
805,1814
589,1818
829,1819
809,1824
47,1825
455,1830
430,1832
356,1835
46,1836
626,1836
696,1840
161,1846
65,1847
877,1853
952,1855
113,1864
100,1865
318,1866
80,1876
45,1877
261,1878
707,1883
353,1883
844,1884
816,1886
841,1888
405,1904
544,1907
500,1907
174,1912
101,1926
694,1926
785,1932
244,1933
285,1936
266,1945
753,1949
768,1956
588,1964
651,1966
50,1975
926,1977
286,1992
84,2001
764,2005
900,2006
554,2007
688,2010
601,2017
299,2019
415,2029
660,2037
119,2040
878,2045
523,2057
559,2061
426,2064
388,2071
319,2074
291,2078
171,2079
983,2082
933,2085
880,2095
593,2102
166,2105
144,2107
421,2111
876,2111
212,2126
927,2136
567,2137
192,2149
795,2152
402,2159
848,2163
600,2176
201,2181
633,2190
977,2192
701,2234
304,2241
122,2250
462,2255
986,2273
978,2276
592,2290
254,2291
953,2297
643,2299
26,2301
493,2314
321,2326
446,2331
627,2331
614,2368
215,2376
939,2381
810,2385
889,2396
899,2397
649,2404
676,2410
741,2412
594,2421
675,2426
974,2438
351,2449
157,2456
834,2463
557,2487
703,2576
404,2580
373,2581
237,2583
44,2592
509,2602
335,2611
132,2619
752,2662
245,2664
401,2691
750,2692
934,2703
6,2704
315,2709
642,2722
918,2726
966,2747
820,2753
169,2775
539,2791
477,2869
823,2877
441,2887
339,2898
340,2945
58,2945
788,2952
9,2963
905,2998
611,3005
571,3036
656,3042
417,3053
666,3073
658,3081
37,3090
584,3151
449,3184
474,3254
20,3256
802,3261
989,3283
362,3324
354,3426
7,3485
91,3543
303,3826
803,3843

simblock.block.ProofOfWorkBlock@5f182c8b:54
676,0
684,224
94,306
677,387
901,477
330,570
395,654
56,828
68,1008
579,1185
470,1359
322,1607
45,1894

simblock.block.ProofOfWorkBlock@b74b4c4:55
93,0
460,147
639,203
908,260
229,297
280,325
458,355
77,359
693,385
217,409
30,413
342,416
982,442
210,445
123,466
754,469
819,472
914,487
665,498
962,502
548,506
591,518
907,526
352,530
316,531
53,535
130,551
149,554
840,561
622,564
531,565
783,568
343,568
165,575
222,585
34,590
779,591
965,592
231,594
748,595
602,608
249,610
467,618
257,623
412,623
879,624
846,625
590,626
159,628
767,631
442,636
453,636
209,643
993,647
407,650
615,650
301,652
648,653
833,654
33,657
912,657
925,664
545,667
875,675
970,680
456,681
573,682
459,683
778,683
85,684
466,684
830,686
124,689
508,692
195,692
832,693
948,694
972,700
737,708
251,709
706,709
747,710
345,711
431,713
236,713
471,713
298,714
743,716
68,718
461,722
542,723
497,724
485,725
81,728
69,732
143,739
8,739
54,739
21,740
576,741
13,743
468,746
333,747
640,747
868,749
793,749
379,750
668,750
565,751
973,753
609,757
398,757
515,758
394,763
722,765
782,768
263,768
746,769
277,771
87,771
929,771
358,773
312,774
947,775
869,776
632,776
281,777
620,779
654,779
861,779
191,780
710,782
18,783
789,783
27,783
963,785
104,785
928,788
544,789
951,789
503,791
55,791
25,793
423,796
579,798
16,798
797,799
773,799
558,799
960,801
163,802
727,804
725,805
31,805
618,805
218,806
360,809
377,810
888,812
979,812
214,814
89,814
552,816
740,817
337,819
617,820
730,821
945,821
427,824
849,826
715,827
574,827
391,829
835,830
916,831
924,831
147,834
326,834
758,834
520,835
950,836
667,837
731,837
975,841
488,841
292,842
838,844
233,845
988,846
990,846
465,848
151,848
75,850
853,850
274,850
695,851
871,851
419,851
271,854
673,854
769,855
295,857
655,857
150,858
944,858
470,859
39,859
828,859
781,860
366,860
487,861
63,862
681,862
448,862
202,863
438,863
775,863
353,864
757,866
543,866
102,868
289,868
385,869
524,869
88,870
418,873
817,874
941,875
821,876
19,876
118,878
836,878
129,879
445,881
262,881
49,881
307,882
305,883
663,884
739,887
71,887
323,888
190,888
420,889
645,889
90,889
41,890
534,890
813,891
521,891
955,891
116,893
985,894
205,894
561,895
29,896
347,897
890,898
357,898
893,899
193,899
541,900
56,901
290,904
595,905
581,906
599,906
387,906
517,907
483,907
410,908
383,908
115,910
751,910
698,911
976,913
612,915
984,915
961,915
10,916
177,916
186,918
167,919
856,919
560,920
692,920
766,921
870,921
475,922
903,923
937,925
368,925
756,926
283,926
182,927
713,928
526,929
885,929
1000,929
824,930
203,932
380,932
275,932
624,933
897,934
971,934
384,934
183,935
708,935
653,935
958,937
814,937
434,938
700,939
491,940
940,941
669,941
858,941
436,945
761,945
644,946
992,946
372,946
932,948
476,948
994,948
522,948
96,948
628,949
234,950
902,951
800,951
568,951
239,952
180,953
770,953
206,954
42,955
213,955
297,955
687,956
957,956
662,957
145,957
498,958
546,958
502,958
528,959
904,961
267,961
501,963
414,963
232,964
223,965
744,966
689,966
359,967
605,967
243,968
872,969
857,970
671,970
714,971
374,972
208,972
324,972
439,972
911,974
17,975
469,975
59,976
759,977
851,977
582,980
309,980
598,981
268,983
139,983
146,984
867,984
5,985
153,985
886,987
111,988
791,991
127,991
760,994
505,995
604,995
473,996
164,996
443,997
827,997
881,997
798,998
393,999
247,1000
365,1002
539,1002
535,1003
70,1004
711,1004
154,1004
99,1005
125,1006
631,1006
915,1007
490,1007
575,1008
664,1008
852,1008
866,1008
562,1009
482,1009
82,1011
672,1012
48,1012
811,1012
705,1012
597,1013
256,1013
717,1014
278,1015
260,1016
424,1016
854,1016
328,1018
162,1020
507,1020
440,1023
432,1024
570,1025
457,1025
422,1025
106,1026
996,1026
336,1027
338,1028
969,1030
227,1031
24,1031
749,1031
818,1032
563,1032
728,1032
194,1034
92,1035
242,1035
682,1036
997,1037
704,1039
329,1039
685,1039
204,1040
585,1040
350,1041
198,1041
258,1042
252,1044
741,1044
320,1047
464,1047
864,1050
240,1051
478,1054
15,1055
511,1055
608,1061
952,1061
176,1061
74,1062
185,1062
109,1066
128,1066
718,1066
816,1067
172,1067
376,1067
141,1069
79,1069
742,1069
148,1070
134,1071
296,1073
999,1074
882,1074
917,1078
641,1080
378,1082
920,1084
801,1085
230,1086
755,1092
331,1092
67,1093
80,1096
279,1096
790,1096
187,1097
959,1097
363,1099
516,1103
559,1104
499,1106
246,1109
683,1112
596,1113
702,1117
537,1117
510,1118
489,1119
771,1121
784,1122
12,1123
313,1125
567,1125
300,1125
891,1129
938,1135
158,1138
736,1139
580,1139
197,1142
603,1144
105,1144
179,1146
284,1147
980,1150
547,1151
416,1152
375,1154
587,1154
930,1155
334,1161
554,1162
519,1166
616,1168
408,1169
527,1172
78,1172
332,1173
954,1176
942,1176
447,1177
72,1177
114,1179
389,1179
200,1180
551,1181
691,1181
900,1185
921,1187
586,1195
103,1196
883,1198
94,1199
155,1203
847,1204
327,1204
922,1205
83,1206
22,1207
661,1209
518,1211
66,1211
168,1212
720,1213
967,1214
429,1217
28,1218
981,1218
199,1218
173,1221
986,1222
216,1224
140,1225
998,1225
812,1226
606,1227
556,1227
533,1230
415,1231
397,1233
532,1234
549,1235
733,1237
181,1237
806,1238
839,1240
780,1241
348,1242
189,1242
211,1243
825,1244
355,1245
136,1249
395,1249
630,1251
381,1260
341,1261
831,1262
299,1262
837,1265
344,1265
288,1267
680,1267
621,1267
132,1268
32,1269
637,1271
723,1271
946,1273
110,1274
884,1282
98,1283
330,1283
859,1284
351,1287
843,1288
569,1289
135,1290
356,1294
753,1295
650,1295
566,1295
226,1296
259,1296
346,1297
65,1297
860,1298
690,1298
494,1301
865,1303
35,1308
454,1309
411,1310
887,1311
484,1312
841,1313
382,1321
112,1322
170,1322
43,1325
107,1326
578,1328
712,1329
64,1329
538,1332
829,1333
796,1335
936,1339
626,1341
729,1343
61,1343
405,1344
314,1344
677,1345
282,1345
480,1347
318,1347
137,1349
765,1351
317,1354
38,1357
244,1359
536,1360
995,1361
734,1361
745,1364
923,1364
719,1367
120,1368
253,1368
122,1373
807,1373
325,1375
513,1376
701,1376
285,1377
638,1377
647,1380
152,1383
450,1384
133,1385
777,1386
463,1387
51,1388
504,1388
697,1389
820,1390
40,1390
495,1394
699,1395
221,1396
390,1400
794,1400
291,1401
321,1401
14,1404
607,1406
694,1406
361,1407
564,1408
805,1409
555,1415
906,1421
273,1422
369,1423
62,1424
264,1435
52,1436
479,1438
481,1439
270,1442
679,1448
649,1453
500,1453
931,1454
977,1456
493,1458
512,1460
646,1461
896,1463
196,1465
308,1467
47,1470
373,1471
877,1471
1,1476
406,1478
310,1478
619,1481
786,1482
991,1485
956,1487
430,1488
572,1491
629,1491
452,1497
2,1499
425,1501
160,1505
855,1507
477,1509
435,1510
492,1512
822,1513
235,1515
724,1515
509,1517
444,1522
174,1524
939,1525
529,1527
175,1533
968,1534
688,1539
11,1541
659,1542
804,1544
451,1546
738,1547
557,1547
402,1551
228,1551
248,1551
943,1553
4,1555
50,1556
117,1557
593,1559
901,1561
496,1562
212,1565
815,1565
676,1565
9,1568
785,1569
426,1575
651,1576
113,1576
589,1580
636,1581
272,1589
514,1592
987,1593
762,1596
588,1600
763,1603
57,1610
935,1611
675,1615
311,1616
909,1616
863,1620
666,1621
100,1623
845,1626
367,1630
171,1632
121,1635
803,1635
788,1636
339,1637
709,1639
583,1641
201,1641
530,1647
178,1648
627,1648
862,1654
696,1655
188,1656
610,1670
633,1678
400,1679
131,1682
95,1682
774,1683
750,1684
905,1685
795,1685
371,1686
306,1686
45,1692
302,1692
643,1693
396,1694
625,1707
220,1708
594,1711
224,1716
792,1722
623,1731
286,1737
225,1737
577,1738
919,1742
553,1744
523,1745
934,1745
933,1745
192,1746
266,1750
850,1755
660,1756
678,1758
437,1760
294,1764
91,1771
245,1773
571,1775
735,1778
322,1780
73,1780
3,1781
525,1797
787,1797
978,1798
261,1798
58,1800
23,1802
613,1809
895,1812
241,1812
119,1815
506,1827
340,1829
486,1835
156,1838
433,1839
808,1851
752,1852
364,1853
874,1853
878,1862
927,1869
84,1873
254,1875
540,1879
910,1880
707,1886
238,1889
721,1894
349,1906
657,1907
101,1914
413,1915
287,1916
834,1922
474,1922
600,1923
966,1926
703,1927
386,1928
892,1934
716,1940
670,1953
764,1955
772,1967
732,1967
388,1968
184,1974
392,1975
26,1979
157,1988
776,2002
36,2003
276,2005
768,2019
401,2020
964,2023
44,2031
611,2034
674,2035
169,2053
472,2053
684,2060
293,2060
409,2077
642,2084
873,2116
446,2121
108,2126
989,2136
265,2137
207,2143
584,2151
417,2157
809,2158
304,2174
823,2185
913,2190
658,2192
60,2199
97,2202
842,2204
319,2206
428,2218
634,2223
802,2235
166,2250
550,2257
635,2260
6,2261
335,2261
799,2291
844,2303
953,2306
144,2314
826,2319
974,2327
142,2346
614,2351
652,2372
219,2394
441,2399
403,2430
399,2435
86,2438
949,2458
255,2479
449,2486
20,2486
126,2491
354,2503
250,2504
269,2549
983,2558
726,2566
76,2575
37,2597
404,2597
686,2601
315,2602
601,2618
455,2632
889,2682
894,2690
46,2694
237,2778
810,2779
303,2826
161,2846
926,2848
421,2849
462,2859
592,2900
138,2902
848,2929
362,2967
880,3079
656,3123
876,3134
898,3138
370,3190
7,3431
918,3548
899,3890

simblock.block.ProofOfWorkBlock@4e1447e0:56
973,0
150,300
587,358
17,422
471,457
82,479
858,509
706,514
817,539
130,568
151,570
129,578
612,595
667,610
821,624
246,627
482,630
920,637
203,654
21,661
102,663
543,667
811,682
562,684
743,688
468,690
383,693
932,712
448,718
515,720
127,724
180,727
345,733
961,741
158,743
418,745
214,748
475,749
669,749
800,763
751,772
33,774
456,780
628,781
705,781
163,781
485,788
39,791
149,794
316,797
944,801
281,803
278,805
994,808
128,810
384,812
574,818
222,824
19,828
570,828
440,830
198,833
85,835
672,837
283,838
394,838
206,840
508,840
604,842
779,843
338,846
689,846
260,847
139,849
49,853
695,855
653,857
602,859
284,861
971,862
524,867
654,867
903,869
904,872
537,873
323,876
125,880
665,882
982,883
959,885
640,886
431,886
366,889
242,890
791,891
92,893
620,894
962,895
165,897
89,897
104,899
296,899
118,900
164,901
890,901
924,902
249,902
585,906
542,911
251,911
970,911
230,912
598,915
16,916
87,919
850,922
505,923
352,923
465,924
990,924
715,927
618,929
491,929
90,930
748,930
790,930
410,931
838,934
227,938
929,939
467,940
247,940
972,940
947,944
869,945
727,945
781,945
528,947
231,947
648,947
960,951
897,952
53,953
81,955
644,956
359,956
30,956
870,957
167,959
882,959
769,959
778,964
740,966
760,967
342,967
814,967
385,969
517,974
15,974
940,974
412,979
24,979
233,979
624,979
42,980
988,981
498,982
754,984
271,984
976,985
243,985
673,986
879,986
798,987
473,989
999,989
819,989
655,990
257,991
728,991
275,991
71,991
902,991
109,995
185,997
256,997
579,998
917,998
522,998
590,999
476,1001
34,1001
59,1002
177,1004
458,1005
70,1007
438,1007
888,1007
700,1008
347,1008
407,1011
637,1011
692,1012
565,1013
13,1013
191,1013
488,1015
852,1017
434,1017
552,1017
443,1018
868,1018
503,1018
937,1018
708,1019
535,1020
758,1021
148,1022
312,1022
955,1023
124,1023
204,1025
531,1025
483,1026
29,1026
744,1029
348,1030
145,1030
507,1030
747,1032
722,1033
374,1034
605,1035
893,1036
93,1038
263,1039
391,1041
866,1041
298,1041
685,1041
739,1042
885,1043
277,1045
857,1045
115,1045
914,1047
520,1047
886,1047
770,1047
68,1048
839,1048
907,1048
387,1048
490,1048
106,1048
200,1048
881,1048
360,1053
766,1055
239,1055
75,1055
497,1056
725,1056
782,1057
464,1058
609,1059
969,1059
41,1060
783,1062
300,1063
186,1064
682,1064
828,1064
830,1065
123,1065
99,1065
853,1065
928,1065
912,1066
691,1067
210,1068
576,1068
925,1069
74,1070
297,1072
460,1072
218,1073
350,1073
208,1073
854,1073
253,1074
996,1074
767,1075
875,1076
761,1077
176,1077
872,1079
668,1081
963,1081
840,1082
292,1082
320,1083
469,1084
950,1085
268,1086
376,1087
466,1087
595,1088
459,1090
295,1093
291,1093
916,1093
423,1094
911,1094
442,1095
671,1096
143,1096
195,1096
687,1097
489,1098
560,1101
827,1102
344,1102
377,1103
326,1104
146,1105
775,1105
545,1105
236,1105
718,1105
56,1106
54,1107
641,1107
147,1108
759,1109
379,1109
737,1111
439,1112
470,1112
992,1114
436,1114
289,1114
664,1115
915,1115
731,1116
862,1116
234,1117
643,1118
77,1118
945,1120
187,1121
184,1123
985,1123
849,1123
88,1123
324,1124
521,1125
591,1125
427,1125
209,1126
343,1127
333,1127
424,1128
190,1128
681,1129
217,1130
453,1130
710,1131
546,1132
561,1132
711,1132
10,1133
182,1133
313,1135
836,1135
662,1138
280,1141
267,1142
194,1142
582,1142
389,1144
288,1144
851,1146
116,1146
942,1146
205,1146
309,1146
358,1147
305,1148
8,1148
368,1151
329,1151
698,1151
416,1152
558,1153
25,1153
813,1154
606,1154
603,1155
31,1155
730,1157
258,1158
581,1160
938,1160
837,1160
12,1162
79,1162
532,1163
541,1163
240,1163
615,1164
457,1164
526,1164
784,1166
18,1167
363,1169
632,1169
773,1169
213,1171
328,1171
55,1171
865,1172
202,1173
965,1174
678,1175
622,1175
134,1175
223,1176
111,1177
419,1177
518,1178
307,1178
274,1180
357,1183
797,1183
704,1185
229,1185
573,1185
824,1186
586,1187
818,1189
96,1190
63,1190
631,1193
153,1193
757,1194
846,1194
538,1200
375,1200
501,1202
793,1203
979,1203
487,1206
499,1207
393,1207
48,1209
461,1210
395,1210
196,1213
510,1213
67,1213
589,1215
717,1216
5,1217
948,1221
832,1221
957,1222
861,1224
713,1224
398,1224
422,1225
864,1226
290,1229
219,1229
575,1229
94,1229
835,1233
597,1234
693,1234
608,1234
951,1235
956,1238
780,1239
645,1243
663,1243
922,1244
353,1244
235,1245
380,1248
304,1253
680,1253
980,1255
4,1256
287,1257
262,1259
984,1259
626,1262
414,1263
856,1263
193,1265
714,1276
136,1276
762,1276
72,1278
122,1278
154,1280
534,1284
241,1287
378,1287
225,1287
610,1288
993,1289
967,1294
259,1294
65,1296
860,1299
372,1301
548,1302
867,1303
923,1309
183,1317
420,1320
906,1323
396,1324
683,1326
40,1326
481,1326
559,1329
207,1330
946,1331
939,1332
479,1333
103,1334
131,1335
765,1335
806,1336
958,1338
594,1338
51,1343
796,1343
173,1344
349,1345
871,1347
238,1348
555,1351
825,1354
276,1355
580,1357
696,1359
62,1361
527,1362
776,1365
310,1365
733,1366
952,1366
486,1366
908,1368
172,1369
382,1369
997,1376
381,1379
564,1380
400,1383
977,1383
831,1383
35,1384
409,1384
371,1385
596,1386
812,1389
337,1390
566,1391
629,1395
133,1395
616,1395
311,1396
494,1397
855,1399
1000,1400
168,1405
445,1407
726,1410
986,1411
444,1412
563,1413
135,1416
771,1417
578,1417
117,1418
426,1419
539,1423
397,1424
175,1425
336,1425
556,1426
638,1427
152,1428
132,1429
52,1431
197,1432
536,1433
199,1435
749,1439
162,1439
318,1440
756,1442
346,1444
429,1447
108,1448
941,1448
265,1452
9,1452
716,1454
577,1456
14,1457
181,1457
954,1457
32,1458
829,1459
107,1460
936,1461
105,1462
480,1465
572,1465
697,1466
529,1468
308,1473
569,1474
141,1474
403,1476
472,1481
975,1481
544,1485
690,1485
330,1486
369,1486
512,1487
435,1498
679,1499
356,1500
232,1502
684,1502
317,1503
694,1503
69,1505
408,1506
361,1508
919,1509
805,1514
931,1516
533,1517
991,1517
995,1517
506,1519
299,1519
110,1520
884,1521
66,1524
593,1524
676,1525
220,1525
792,1528
568,1530
896,1535
650,1536
630,1536
599,1538
753,1538
413,1538
327,1540
504,1543
844,1543
454,1545
64,1545
843,1545
930,1548
496,1550
891,1553
478,1554
170,1554
547,1557
677,1561
639,1562
495,1565
987,1567
516,1569
901,1571
841,1572
502,1575
741,1576
451,1576
874,1579
100,1582
463,1582
820,1582
646,1583
554,1594
159,1595
657,1596
332,1598
567,1598
362,1600
822,1602
61,1603
621,1607
826,1607
738,1608
3,1611
270,1612
27,1618
78,1619
623,1621
703,1624
910,1626
525,1627
334,1628
935,1628
745,1635
406,1637
752,1638
215,1642
433,1645
750,1647
675,1648
998,1650
120,1652
789,1653
634,1660
894,1660
786,1661
787,1663
212,1670
415,1670
80,1671
699,1676
720,1678
98,1678
6,1680
550,1683
617,1688
513,1688
140,1696
583,1701
432,1702
474,1705
724,1708
211,1710
255,1716
551,1716
511,1721
723,1723
293,1723
331,1723
245,1723
179,1726
355,1729
847,1730
447,1730
493,1736
625,1739
285,1745
392,1746
261,1746
794,1750
842,1755
633,1761
921,1768
670,1769
450,1770
755,1777
11,1778
588,1780
659,1780
50,1788
401,1788
351,1791
964,1791
60,1794
252,1797
365,1800
642,1800
57,1801
160,1802
492,1802
97,1805
686,1815
523,1816
370,1817
157,1820
768,1820
47,1822
339,1826
364,1826
188,1826
736,1828
815,1829
286,1829
592,1835
636,1836
584,1836
373,1837
763,1840
601,1840
509,1843
279,1845
764,1847
649,1852
735,1854
455,1856
83,1859
933,1862
192,1862
892,1863
734,1864
201,1865
898,1867
91,1876
863,1877
340,1878
417,1878
848,1880
144,1880
189,1881
788,1882
795,1885
367,1886
322,1894
803,1899
137,1899
386,1900
709,1903
989,1904
166,1905
895,1905
729,1906
266,1908
58,1910
804,1910
966,1912
613,1916
306,1916
44,1918
411,1925
228,1928
702,1939
221,1940
178,1962
877,1966
315,1968
114,1970
549,1971
301,1974
519,1975
119,1984
656,1994
142,1998
37,2002
237,2004
73,2006
927,2006
171,2007
883,2009
514,2012
84,2022
978,2025
244,2026
155,2035
248,2038
833,2044
688,2049
1,2051
674,2056
216,2069
428,2069
721,2080
666,2087
635,2098
607,2102
746,2106
553,2109
425,2117
661,2123
250,2130
477,2132
294,2133
321,2140
701,2140
484,2145
619,2146
76,2153
949,2160
600,2162
889,2163
707,2170
38,2176
95,2183
269,2186
319,2189
913,2189
121,2194
430,2195
712,2204
918,2210
934,2213
540,2218
926,2224
859,2225
314,2228
354,2242
23,2248
126,2250
282,2253
968,2279
742,2279
156,2287
254,2295
43,2304
614,2304
719,2314
983,2315
101,2316
816,2317
226,2352
801,2367
900,2388
799,2389
647,2392
272,2396
112,2399
873,2400
441,2417
325,2428
421,2444
390,2449
302,2454
774,2477
113,2479
974,2481
777,2483
807,2499
264,2523
809,2527
981,2537
652,2542
437,2561
772,2564
651,2570
449,2578
658,2581
341,2597
28,2658
2,2660
138,2675
500,2675
45,2678
402,2679
273,2699
880,2704
943,2732
808,2762
571,2807
404,2825
452,2826
224,2837
22,2844
462,2855
905,2859
335,2859
732,2881
46,2920
810,2926
953,2953
36,2961
20,2973
26,2974
174,2982
823,3107
405,3123
557,3141
303,3150
399,3159
530,3165
627,3179
388,3245
161,3258
785,3266
802,3407
878,3427
611,3449
169,3467
86,3543
7,3580
887,3694
446,3807
899,3892
845,3980
909,4267
876,4552
660,4835
834,5117

simblock.block.ProofOfWorkBlock@53e647f8:57
857,0
856,152
305,209
612,268
16,303
198,326
522,357
990,364
581,384
692,414
146,415
27,421
542,454
89,460
333,472
278,472
663,477
383,481
838,505
82,512
236,513
202,523
988,530
145,530
54,533
740,537
902,538
722,563
30,566
501,569
56,569
338,571
222,576
973,587
711,593
438,595
271,596
783,601
151,611
769,622
476,623
19,624
932,626
942,626
499,627
546,633
83,634
375,638
971,643
88,651
813,654
427,655
96,658
25,659
622,662
604,667
214,671
835,673
488,679
372,680
687,680
234,682
17,684
217,685
473,688
418,689
897,690
618,691
491,692
884,694
150,695
239,697
505,701
807,703
760,706
467,708
391,710
535,713
328,713
398,715
639,716
358,720
590,724
336,726
865,726
781,728
928,729
243,729
507,730
468,730
681,735
524,735
751,738
582,740
240,740
79,745
739,745
471,745
300,745
609,747
165,748
965,750
528,751
85,751
997,752
890,752
350,754
644,757
992,757
669,758
205,763
975,767
756,768
940,769
517,770
158,772
849,773
920,773
128,773
885,775
377,776
167,777
298,778
526,781
640,782
15,783
143,783
307,786
941,787
682,789
190,789
824,789
115,790
342,792
394,792
870,792
654,794
757,797
281,798
229,798
587,799
698,802
139,803
147,804
470,806
218,806
233,807
573,807
852,808
531,808
277,809
292,809
357,809
42,810
453,812
872,812
565,813
597,816
520,817
123,820
948,820
748,820
469,821
773,823
778,823
443,826
503,827
498,829
784,829
508,829
368,830
312,830
811,830
994,831
668,832
789,832
818,832
562,833
929,834
727,837
664,838
81,840
637,841
653,844
68,844
708,845
127,845
262,845
955,846
251,847
585,849
655,849
700,850
482,851
12,852
579,852
256,854
924,855
830,855
231,856
950,856
420,857
871,859
947,861
289,861
685,862
782,862
153,863
118,863
466,863
200,864
297,864
840,866
162,866
309,866
758,867
465,867
869,869
730,870
875,871
93,871
48,873
959,873
706,874
316,874
534,875
527,875
915,876
164,877
33,877
230,878
521,879
489,879
461,879
888,881
195,882
414,884
671,884
34,885
800,885
689,886
134,887
74,889
440,890
63,890
603,891
49,891
705,892
24,892
518,892
904,895
846,895
944,896
39,896
912,898
191,898
337,900
41,900
423,900
206,902
154,902
186,902
130,903
576,903
320,903
903,903
497,904
483,904
710,905
183,905
1000,905
558,905
412,905
667,906
374,908
963,909
827,911
798,912
263,912
665,912
203,913
13,913
569,913
323,914
347,914
8,916
729,919
641,919
439,920
410,920
599,921
552,921
385,922
548,922
458,922
797,923
345,923
179,924
570,924
893,924
296,925
532,925
982,925
344,927
29,928
907,929
31,929
343,930
759,931
177,931
87,931
819,932
424,933
389,934
985,935
71,935
715,936
257,937
295,937
5,938
962,938
879,938
163,940
662,940
925,941
543,941
728,941
969,942
59,942
836,944
149,945
274,946
267,946
993,946
713,946
407,946
194,947
793,948
116,948
360,949
720,950
515,950
828,951
970,952
779,952
908,953
999,955
598,956
645,957
814,957
541,958
628,958
384,959
106,959
957,959
602,959
280,960
77,960
754,961
434,962
951,962
416,962
148,962
329,962
352,963
464,963
129,963
858,965
102,965
868,966
737,968
718,968
537,969
268,970
187,970
574,971
67,971
945,971
53,972
817,973
10,973
866,975
595,976
833,977
393,977
182,978
976,978
223,978
313,978
851,980
378,980
832,982
442,982
210,982
996,983
696,983
448,984
109,984
624,987
591,987
104,988
180,989
324,989
850,990
18,991
881,991
958,992
456,992
193,995
717,996
99,996
839,997
283,998
704,999
242,1000
204,1000
304,1001
900,1001
371,1001
984,1002
275,1002
561,1002
701,1002
55,1003
21,1004
731,1005
886,1005
457,1005
23,1009
693,1009
475,1011
861,1011
380,1012
560,1012
436,1012
185,1013
176,1014
575,1015
69,1015
387,1015
70,1018
159,1018
632,1019
92,1019
376,1019
111,1019
695,1019
246,1019
485,1020
617,1021
911,1021
979,1022
484,1023
208,1025
972,1025
766,1025
620,1025
361,1026
648,1028
460,1028
961,1029
615,1029
326,1031
226,1031
770,1032
673,1034
853,1038
124,1039
917,1039
938,1041
864,1044
490,1044
954,1045
290,1046
260,1047
38,1047
791,1049
213,1049
605,1050
545,1052
821,1053
536,1056
714,1057
366,1059
301,1060
968,1060
916,1060
422,1060
249,1062
487,1063
419,1064
747,1064
790,1069
960,1070
379,1072
914,1073
258,1075
882,1075
459,1075
75,1078
284,1083
125,1083
937,1084
749,1085
359,1085
525,1086
247,1087
854,1089
744,1090
209,1091
589,1093
3,1095
952,1096
936,1101
608,1105
847,1107
107,1111
767,1114
672,1115
114,1116
683,1117
403,1117
775,1117
967,1122
780,1123
431,1127
725,1127
219,1131
721,1132
4,1135
572,1136
90,1139
447,1140
635,1140
66,1141
299,1143
761,1144
211,1146
463,1149
502,1151
808,1152
444,1153
472,1156
332,1157
753,1158
516,1160
112,1160
152,1162
539,1164
564,1169
556,1172
651,1172
631,1173
679,1175
630,1177
331,1178
334,1179
216,1180
349,1184
723,1185
171,1187
409,1190
367,1192
291,1193
155,1193
238,1194
395,1194
265,1197
638,1198
743,1201
776,1203
131,1204
400,1205
94,1206
479,1211
634,1212
221,1216
65,1216
287,1221
554,1221
939,1222
995,1228
327,1228
318,1230
141,1231
981,1232
746,1232
616,1233
586,1234
676,1234
843,1235
2,1237
883,1242
594,1242
772,1244
311,1244
606,1245
812,1245
396,1246
43,1246
764,1247
73,1252
822,1252
270,1254
931,1254
986,1255
980,1261
363,1265
964,1265
815,1266
601,1266
855,1269
930,1271
496,1271
486,1275
132,1276
842,1276
294,1277
241,1278
364,1279
365,1279
593,1282
563,1283
874,1284
140,1285
28,1286
117,1286
494,1287
533,1287
495,1288
135,1290
580,1291
225,1292
282,1293
445,1294
621,1296
805,1297
697,1297
168,1298
197,1300
519,1300
702,1301
390,1302
110,1303
742,1304
647,1306
80,1307
690,1307
771,1311
450,1312
381,1312
923,1315
577,1315
859,1315
567,1319
308,1320
555,1321
51,1321
921,1322
382,1323
340,1328
511,1328
11,1329
699,1331
867,1332
478,1332
568,1334
513,1335
733,1336
451,1339
232,1344
120,1348
348,1349
103,1350
820,1355
826,1356
351,1357
529,1360
454,1360
480,1366
100,1366
506,1366
62,1366
736,1371
244,1372
626,1373
9,1374
235,1375
625,1375
910,1376
891,1377
712,1381
196,1384
755,1384
432,1387
72,1388
540,1391
643,1392
896,1393
657,1395
173,1397
411,1402
841,1403
774,1403
248,1404
47,1406
709,1409
716,1417
52,1418
178,1419
946,1420
288,1420
566,1421
943,1424
426,1425
255,1427
64,1427
421,1431
922,1438
166,1439
738,1447
253,1452
189,1454
369,1458
829,1460
623,1461
137,1461
919,1464
726,1466
887,1468
659,1468
224,1476
133,1476
339,1477
276,1480
22,1481
675,1489
987,1490
991,1490
261,1492
650,1492
272,1493
734,1498
584,1498
259,1499
806,1500
680,1502
78,1506
906,1508
227,1517
905,1518
408,1518
646,1519
40,1520
413,1524
184,1526
553,1529
346,1536
613,1543
549,1545
837,1549
386,1553
880,1557
45,1559
691,1561
325,1562
273,1563
105,1564
169,1566
175,1567
452,1567
156,1570
430,1573
504,1574
629,1575
429,1578
762,1578
481,1578
286,1582
335,1582
161,1585
293,1596
795,1596
7,1596
547,1599
415,1600
370,1601
317,1602
310,1603
588,1604
600,1604
285,1607
91,1609
804,1609
898,1611
392,1615
619,1615
330,1617
860,1624
901,1633
686,1634
406,1634
126,1635
677,1636
500,1641
892,1641
108,1646
170,1647
95,1649
362,1649
927,1649
934,1651
121,1654
44,1655
949,1661
752,1661
61,1662
678,1666
220,1670
119,1673
199,1673
732,1675
181,1676
703,1677
397,1679
978,1685
172,1690
633,1691
157,1696
98,1698
245,1698
373,1699
306,1704
509,1705
792,1710
788,1713
122,1714
37,1716
32,1720
913,1723
512,1723
670,1726
745,1734
6,1738
544,1740
462,1741
583,1743
596,1747
652,1752
510,1754
474,1757
188,1757
750,1758
889,1759
873,1762
538,1770
356,1770
144,1771
974,1774
35,1774
642,1777
303,1777
492,1778
863,1779
799,1781
933,1785
433,1788
825,1794
735,1795
417,1795
989,1802
192,1804
794,1805
355,1815
777,1818
101,1835
1,1838
796,1839
823,1846
895,1849
741,1849
953,1861
810,1865
977,1869
765,1869
401,1870
649,1875
341,1881
816,1885
269,1888
314,1891
786,1892
877,1894
998,1896
266,1902
684,1910
571,1918
514,1919
76,1931
848,1941
97,1943
831,1944
201,1944
425,1945
768,1951
174,1962
559,1976
252,1988
674,1993
250,1996
58,1998
607,2005
315,2018
212,2018
785,2024
666,2027
399,2041
435,2045
36,2045
319,2051
160,2056
142,2057
493,2058
610,2061
237,2067
523,2068
477,2072
578,2080
138,2084
787,2117
688,2122
388,2123
113,2143
136,2157
551,2166
592,2171
956,2173
50,2178
611,2200
966,2205
441,2215
658,2217
801,2222
724,2225
557,2227
809,2236
926,2239
862,2250
636,2263
207,2290
935,2332
803,2335
405,2336
264,2341
694,2342
437,2343
215,2344
302,2352
844,2352
449,2358
707,2373
279,2394
402,2406
878,2460
14,2503
228,2532
446,2539
353,2564
656,2571
876,2618
57,2627
428,2644
20,2664
719,2682
983,2692
899,2694
86,2704
661,2734
550,2818
322,2903
26,2913
763,2930
530,2964
404,3023
455,3102
834,3185
60,3212
627,3305
254,3310
46,3459
660,3471
321,3497
354,3675
802,3755
894,3795
918,4023
845,4050
84,4094
909,4333
614,4391

simblock.block.ProofOfWorkBlock@1019a4b9:58
417,0
734,754
841,972
721,1031
226,1062
762,1149
390,1198
299,1237
197,1251
381,1281
66,1298
494,1308
175,1318
9,1336
610,1366
4,1367
536,1380
556,1401
400,1417
406,1419
238,1450
279,1451
415,1452
586,1464
745,1469
691,1490
733,1503
776,1516
683,1517
500,1519
330,1527
815,1537
248,1544
173,1548
720,1553
486,1554
601,1554
629,1575
701,1587
638,1589
554,1589
566,1600
884,1603
430,1604
577,1608
812,1611
578,1616
211,1623
630,1630
311,1631
516,1635
351,1640
259,1641
896,1650
650,1662
324,1669
625,1672
657,1673
155,1674
454,1676
736,1679
780,1681
583,1683
116,1684
445,1687
694,1689
850,1693
699,1697
62,1701
606,1702
919,1709
479,1714
697,1715
987,1716
729,1718
661,1722
847,1723
496,1729
529,1731
883,1734
513,1734
801,1740
659,1744
676,1746
314,1757
110,1759
317,1762
596,1763
409,1763
105,1765
344,1768
910,1772
939,1773
199,1777
504,1778
152,1779
1,1779
859,1782
52,1787
112,1791
221,1798
755,1800
107,1802
831,1803
220,1807
22,1810
40,1810
270,1814
196,1814
365,1815
186,1816
712,1816
704,1823
371,1824
837,1826
549,1829
252,1829
696,1832
824,1834
14,1834
726,1838
171,1840
772,1844
435,1844
331,1845
78,1846
751,1848
922,1850
738,1850
826,1855
679,1855
787,1856
432,1857
906,1857
426,1861
539,1865
235,1868
98,1868
17,1868
39,1869
393,1869
568,1870
131,1871
702,1871
742,1874
361,1878
94,1881
986,1885
223,1886
429,1887
718,1889
143,1890
510,1891
216,1892
336,1893
749,1895
647,1897
108,1897
32,1902
995,1902
334,1908
288,1908
589,1909
178,1911
594,1913
816,1915
753,1915
572,1916
774,1919
386,1920
651,1921
80,1924
23,1925
355,1925
977,1928
544,1929
806,1929
64,1930
991,1936
764,1936
3,1939
244,1939
291,1940
141,1940
137,1941
162,1941
525,1942
229,1943
114,1945
741,1946
102,1948
540,1948
512,1949
967,1950
67,1951
31,1952
635,1954
310,1954
807,1959
225,1960
396,1963
100,1965
565,1967
282,1967
616,1969
901,1972
292,1974
680,1977
168,1978
204,1978
674,1978
825,1980
134,1983
117,1986
861,1988
450,1989
907,1990
548,1990
519,1990
678,1991
923,1994
569,1994
637,1995
863,1995
325,1997
551,1998
981,1999
403,2000
527,2002
160,2002
122,2004
498,2004
327,2004
864,2007
11,2007
559,2009
90,2009
382,2011
389,2013
82,2017
467,2017
968,2018
323,2019
104,2019
438,2020
472,2021
955,2022
451,2023
201,2023
690,2024
373,2024
623,2024
575,2025
944,2026
478,2026
212,2029
253,2031
444,2034
767,2034
61,2035
822,2035
308,2036
480,2037
364,2037
954,2038
133,2040
502,2041
499,2042
103,2042
301,2043
320,2045
153,2045
617,2045
891,2045
222,2046
241,2047
518,2048
560,2049
318,2049
350,2050
677,2053
771,2053
123,2058
998,2058
65,2059
136,2060
456,2061
595,2062
593,2062
442,2062
886,2063
538,2066
609,2069
356,2071
181,2071
579,2072
329,2073
777,2074
727,2075
232,2078
73,2078
921,2080
346,2080
843,2081
634,2082
684,2085
463,2086
719,2086
349,2087
243,2088
219,2090
411,2091
580,2093
281,2094
563,2100
618,2100
533,2101
952,2102
398,2102
488,2103
950,2103
820,2103
487,2104
723,2104
287,2106
643,2107
408,2107
672,2111
511,2112
531,2113
294,2118
367,2118
971,2119
304,2119
189,2121
980,2122
410,2122
874,2123
695,2125
532,2127
814,2127
465,2129
195,2129
964,2130
447,2131
33,2131
96,2131
363,2134
395,2134
992,2135
495,2136
621,2137
275,2137
59,2139
120,2140
484,2141
996,2145
458,2146
555,2147
862,2147
276,2149
348,2152
163,2152
433,2152
43,2153
604,2153
265,2154
936,2154
341,2158
481,2159
132,2160
685,2160
2,2162
506,2163
553,2163
267,2163
145,2164
224,2166
639,2168
988,2169
716,2169
778,2170
682,2170
366,2171
759,2172
765,2173
268,2173
236,2174
665,2174
965,2176
295,2177
448,2177
794,2178
842,2179
505,2179
798,2180
482,2181
564,2181
130,2184
982,2187
567,2188
274,2189
692,2190
475,2191
47,2193
769,2194
473,2195
938,2197
849,2198
88,2198
213,2199
312,2199
353,2200
135,2200
912,2201
541,2202
140,2202
547,2204
728,2208
641,2211
337,2211
147,2212
792,2213
731,2215
369,2215
608,2218
993,2222
867,2222
146,2222
28,2223
714,2223
468,2224
626,2224
79,2224
187,2227
377,2227
87,2228
920,2229
935,2230
717,2230
345,2230
956,2231
106,2233
184,2234
8,2235
581,2237
41,2238
424,2240
893,2241
347,2243
431,2245
272,2246
598,2250
332,2252
931,2253
74,2254
49,2258
38,2259
227,2259
882,2259
744,2260
903,2261
380,2261
461,2262
963,2264
385,2265
747,2265
624,2267
1000,2268
313,2273
520,2274
534,2275
149,2277
422,2277
240,2281
946,2281
522,2281
185,2282
497,2282
830,2283
177,2283
125,2286
414,2288
725,2290
832,2291
328,2295
93,2295
375,2299
576,2300
471,2302
766,2303
198,2304
605,2306
836,2308
470,2308
897,2309
858,2312
35,2312
645,2314
72,2315
948,2315
833,2316
930,2316
42,2317
932,2317
949,2317
264,2318
819,2318
280,2320
360,2326
278,2326
154,2331
170,2334
976,2336
434,2337
53,2339
715,2339
757,2341
191,2342
205,2342
298,2342
857,2344
681,2344
230,2345
829,2345
781,2346
13,2348
379,2348
517,2352
124,2353
182,2354
419,2354
391,2354
374,2354
378,2355
760,2356
150,2357
397,2358
70,2359
416,2363
192,2364
928,2365
811,2365
872,2366
957,2366
667,2367
16,2370
846,2372
854,2372
194,2373
440,2374
284,2376
985,2378
5,2378
951,2378
796,2379
81,2380
453,2383
706,2383
283,2385
21,2386
999,2386
654,2386
180,2387
503,2388
805,2388
644,2389
622,2390
207,2390
990,2392
611,2393
739,2394
242,2396
904,2396
352,2398
779,2398
614,2399
620,2401
246,2401
75,2402
881,2402
257,2405
508,2406
791,2409
915,2409
200,2410
30,2410
115,2412
12,2413
256,2414
92,2414
975,2414
469,2415
813,2416
148,2416
983,2416
466,2417
615,2417
233,2421
48,2422
914,2425
490,2428
25,2429
290,2432
476,2434
10,2435
947,2435
139,2440
342,2441
612,2442
994,2443
917,2446
85,2446
603,2446
655,2448
258,2451
713,2453
856,2455
24,2457
997,2457
338,2457
460,2457
333,2459
670,2460
802,2461
839,2462
573,2462
748,2463
855,2464
307,2466
941,2466
127,2471
239,2473
277,2475
63,2475
574,2476
262,2485
761,2486
530,2487
552,2491
908,2492
866,2496
289,2498
662,2499
297,2501
658,2505
960,2506
800,2513
190,2515
412,2518
698,2518
165,2518
929,2520
752,2521
543,2522
590,2522
142,2523
900,2524
441,2528
384,2529
71,2529
159,2531
750,2532
485,2533
209,2533
420,2537
827,2539
15,2541
263,2541
597,2543
111,2544
54,2546
285,2546
889,2547
214,2547
245,2547
675,2551
326,2552
421,2552
119,2556
970,2556
459,2556
600,2558
916,2559
821,2559
737,2560
296,2562
215,2566
208,2568
689,2571
925,2572
203,2572
840,2575
404,2577
962,2578
526,2581
852,2583
68,2584
740,2585
368,2587
972,2587
266,2588
423,2590
83,2590
885,2591
19,2591
790,2592
489,2595
853,2596
51,2600
86,2603
261,2604
770,2606
302,2609
570,2609
343,2609
217,2610
784,2613
646,2615
439,2620
144,2621
700,2622
260,2623
305,2624
427,2625
179,2628
673,2628
535,2630
584,2635
984,2636
722,2637
76,2637
383,2637
775,2643
888,2645
961,2646
18,2648
129,2651
309,2651
989,2656
362,2659
895,2662
663,2663
250,2663
979,2667
166,2667
319,2668
20,2669
911,2673
924,2678
703,2683
550,2685
642,2687
783,2690
669,2691
868,2691
860,2695
69,2697
387,2705
402,2705
966,2706
164,2707
870,2713
756,2716
172,2719
869,2721
101,2725
34,2730
773,2733
585,2733
303,2734
358,2735
666,2739
838,2740
167,2744
316,2745
84,2745
602,2747
247,2747
763,2750
206,2750
121,2753
582,2755
664,2758
452,2765
521,2770
631,2770
905,2771
628,2772
926,2773
546,2782
958,2783
477,2784
879,2786
376,2786
810,2787
710,2789
413,2797
156,2797
851,2798
828,2803
57,2806
671,2807
953,2808
118,2808
97,2808
591,2814
782,2823
592,2823
973,2825
898,2826
109,2829
501,2830
443,2831
6,2832
633,2838
492,2841
687,2841
705,2842
60,2843
803,2845
193,2846
514,2846
877,2847
937,2851
405,2854
588,2862
418,2863
693,2864
865,2867
943,2868
26,2875
95,2878
151,2879
91,2884
793,2890
464,2894
483,2909
27,2911
29,2915
835,2922
542,2924
89,2924
528,2926
249,2931
913,2931
306,2933
743,2933
46,2936
632,2948
169,2949
873,2952
786,2952
652,2955
754,2957
587,2960
817,2962
627,2964
457,2964
437,2971
56,2973
388,2981
251,2982
372,2986
183,2993
300,2997
507,3002
407,3012
945,3018
875,3024
399,3032
524,3036
735,3036
113,3040
668,3042
157,3044
789,3053
890,3063
271,3068
878,3075
446,3084
845,3089
202,3094
523,3100
58,3103
545,3104
491,3106
649,3111
795,3114
99,3123
834,3126
709,3133
234,3133
653,3149
809,3155
871,3161
730,3168
902,3168
619,3169
933,3170
392,3175
640,3177
493,3181
269,3181
732,3196
758,3199
254,3202
138,3205
656,3205
974,3207
462,3208
804,3209
158,3210
210,3215
537,3234
436,3240
293,3248
969,3250
7,3260
724,3274
340,3280
174,3284
50,3293
474,3295
708,3308
558,3322
808,3331
818,3335
255,3338
660,3347
357,3350
273,3350
562,3351
55,3352
785,3361
844,3361
636,3378
823,3384
359,3385
599,3389
322,3409
899,3411
797,3414
36,3420
354,3421
218,3426
768,3433
887,3451
686,3452
918,3455
321,3461
161,3461
515,3482
425,3498
176,3515
394,3516
799,3531
339,3540
449,3541
509,3550
607,3554
959,3573
231,3590
557,3608
37,3609
228,3610
44,3611
940,3614
978,3628
188,3638
788,3666
909,3669
894,3689
128,3692
711,3695
286,3703
688,3746
561,3749
746,3766
370,3783
428,3804
934,3840
571,3858
401,3875
942,3878
45,3951
880,3953
848,3976
77,4007
648,4052
876,4056
613,4107
892,4127
335,4207
455,4214
927,4235
707,4291
315,4383
237,4482
126,4633

simblock.block.ProofOfWorkBlock@6f488cf4:59
914,0
89,152
453,209
280,266
857,300
637,325
104,356
387,356
959,382
111,413
461,414
541,422
379,439
581,451
191,472
389,479
948,480
438,481
832,500
21,504
420,505
202,507
893,528
835,531
458,537
590,539
698,556
75,562
579,563
457,564
198,566
204,583
292,584
668,588
982,597
672,600
195,602
25,602
307,612
55,615
39,619
938,621
869,623
612,624
384,627
760,630
744,631
185,631
925,640
357,645
597,653
443,654
289,654
622,655
870,659
687,660
957,661
740,664
334,669
352,671
154,672
366,675
882,678
243,679
274,680
827,684
856,684
83,684
442,685
217,687
476,687
560,689
93,697
470,701
575,707
545,711
300,713
210,713
383,715
180,716
858,716
309,716
773,716
27,717
251,720
711,722
491,722
947,726
127,729
748,730
295,731
410,732
96,735
222,738
423,738
233,739
973,742
975,743
49,745
305,745
343,747
466,748
427,749
769,751
881,752
767,753
528,758
130,760
398,763
260,764
963,765
997,766
951,769
582,771
976,771
984,773
53,773
234,774
223,774
669,774
177,774
434,775
391,776
839,778
312,779
731,779
770,780
830,780
418,786
518,787
488,787
599,787
552,791
323,791
971,792
937,793
56,794
230,795
374,795
836,795
645,796
715,796
639,800
376,801
838,801
972,802
885,803
338,803
42,807
239,807
828,807
337,808
924,812
358,812
333,813
106,813
499,815
208,815
602,817
471,819
852,820
109,821
460,822
537,826
817,827
851,828
833,829
268,829
278,831
503,831
727,832
74,832
591,832
16,834
543,836
81,836
994,836
996,836
128,836
505,837
99,838
257,838
54,839
372,840
517,840
71,841
34,841
236,843
917,844
609,845
840,846
149,846
665,847
13,847
928,848
440,852
854,852
821,853
412,854
424,855
146,856
797,857
757,858
456,859
663,859
186,860
958,860
940,862
79,862
407,863
758,863
867,864
782,865
779,866
990,866
150,866
125,867
90,868
570,868
33,869
240,870
8,870
368,871
267,873
618,876
521,877
961,878
751,878
448,879
993,880
380,881
710,881
515,882
945,884
164,884
194,884
872,885
19,886
662,886
631,887
115,887
532,887
689,889
102,890
681,890
739,890
979,892
143,892
382,893
754,894
375,894
907,896
890,896
145,897
789,898
206,898
501,898
574,898
879,899
932,899
558,899
123,900
271,900
320,902
77,903
459,904
209,904
249,905
342,905
475,906
871,906
706,908
653,909
814,909
151,910
640,910
916,912
385,913
59,913
713,913
432,914
861,914
884,914
347,915
608,916
63,916
682,917
992,918
671,919
377,919
875,919
632,921
468,921
853,921
29,922
205,923
48,924
129,924
214,924
746,924
603,925
283,925
277,925
163,925
473,925
648,926
69,927
507,927
587,927
153,927
148,927
908,927
183,928
920,928
775,929
70,931
10,933
868,935
714,936
263,938
179,939
439,939
213,940
1000,943
87,943
705,944
242,944
490,944
431,945
761,945
866,946
561,949
124,951
227,951
167,951
329,953
190,953
944,953
962,954
535,954
790,955
849,955
187,955
467,958
743,959
811,959
328,959
965,959
82,960
482,961
620,961
818,962
693,962
203,964
969,964
565,965
147,965
465,966
700,968
604,970
585,970
730,971
756,971
791,972
766,972
520,973
218,974
822,974
175,974
483,975
419,975
915,975
800,976
988,976
308,976
941,977
298,977
999,978
641,979
793,981
759,981
301,982
165,982
598,984
722,984
508,984
363,985
526,985
489,985
573,985
141,986
5,987
498,988
336,991
297,992
728,994
262,995
725,995
595,995
628,997
673,997
313,998
371,998
562,999
487,999
819,1002
324,1002
929,1002
654,1004
256,1007
275,1008
903,1008
897,1008
23,1008
576,1009
718,1010
116,1012
605,1014
422,1014
359,1015
41,1016
708,1018
17,1018
954,1019
655,1020
902,1020
542,1021
864,1021
664,1021
778,1021
281,1025
158,1025
351,1028
360,1030
118,1031
139,1031
685,1032
704,1032
970,1032
394,1032
737,1033
497,1033
284,1033
416,1034
538,1034
326,1034
193,1034
229,1035
378,1036
644,1041
88,1042
798,1042
30,1043
784,1043
846,1043
350,1046
85,1048
960,1049
24,1049
15,1050
68,1052
781,1057
496,1057
296,1058
865,1058
346,1058
73,1059
246,1060
172,1062
182,1063
522,1064
842,1064
176,1066
247,1066
531,1067
200,1068
792,1070
955,1071
829,1072
134,1072
231,1074
624,1074
813,1076
258,1080
463,1081
414,1083
888,1083
904,1083
38,1083
469,1085
524,1087
162,1087
31,1088
272,1090
436,1091
783,1092
563,1092
906,1093
430,1094
464,1095
316,1097
886,1099
911,1102
159,1109
950,1109
349,1110
815,1112
621,1114
692,1116
393,1118
28,1118
137,1119
747,1121
445,1122
586,1122
572,1125
12,1126
534,1128
18,1132
400,1134
327,1137
859,1138
485,1140
863,1140
330,1144
290,1144
578,1147
615,1149
667,1149
486,1150
472,1153
548,1155
825,1156
546,1160
511,1163
549,1167
559,1170
749,1172
774,1173
92,1175
807,1178
910,1179
390,1179
659,1182
683,1185
220,1189
677,1190
181,1190
345,1191
502,1191
94,1195
65,1199
406,1201
201,1202
199,1203
680,1204
314,1204
536,1205
67,1205
103,1206
547,1207
702,1208
32,1208
122,1211
43,1213
287,1214
500,1214
717,1214
826,1216
824,1217
66,1217
513,1218
299,1218
696,1219
241,1225
720,1225
396,1226
755,1226
860,1228
411,1228
794,1231
912,1232
777,1235
985,1238
62,1240
676,1241
694,1242
325,1242
140,1243
294,1244
942,1247
721,1250
494,1250
765,1251
211,1251
883,1252
409,1253
450,1254
2,1254
197,1256
616,1256
831,1258
219,1258
429,1260
117,1263
265,1264
47,1264
365,1265
690,1267
72,1267
939,1267
745,1269
625,1269
806,1270
64,1270
484,1271
356,1274
529,1275
61,1277
189,1279
981,1280
397,1280
226,1285
105,1286
695,1288
650,1289
634,1290
504,1290
168,1290
361,1292
14,1294
248,1295
403,1295
35,1296
843,1299
196,1300
413,1301
998,1304
930,1307
566,1308
796,1309
712,1313
931,1314
317,1315
255,1318
1,1319
936,1320
80,1323
244,1323
601,1325
3,1326
11,1327
987,1333
901,1334
40,1335
216,1335
946,1338
221,1342
112,1342
415,1346
847,1349
408,1349
922,1352
252,1355
478,1357
986,1360
742,1362
564,1366
923,1369
808,1369
310,1370
610,1371
170,1372
152,1373
495,1374
583,1374
780,1374
967,1376
364,1380
480,1382
726,1382
510,1384
626,1384
533,1386
367,1387
78,1389
173,1390
318,1390
635,1390
44,1392
171,1392
178,1395
630,1396
729,1396
734,1397
454,1403
506,1404
594,1409
52,1411
107,1411
225,1411
519,1413
580,1417
956,1419
386,1423
279,1423
623,1424
697,1425
837,1426
291,1427
678,1427
896,1429
22,1430
753,1433
238,1434
980,1438
155,1438
891,1438
110,1438
516,1439
589,1443
995,1451
850,1452
596,1453
237,1455
771,1457
136,1458
525,1458
752,1460
719,1465
253,1467
688,1470
540,1472
138,1482
647,1484
716,1485
523,1486
544,1490
738,1492
405,1493
341,1494
113,1495
108,1502
638,1504
900,1511
619,1513
660,1517
557,1521
723,1525
340,1534
577,1536
331,1541
878,1542
699,1543
161,1550
674,1551
100,1556
304,1556
224,1558
51,1559
160,1561
652,1563
447,1563
98,1564
184,1566
449,1568
235,1569
142,1570
611,1573
788,1575
709,1575
45,1578
269,1580
322,1580
927,1584
527,1584
613,1587
968,1587
905,1590
288,1591
657,1592
344,1592
593,1594
95,1595
435,1596
555,1600
556,1601
444,1603
481,1604
114,1605
270,1607
131,1610
509,1610
703,1615
675,1615
966,1616
261,1621
855,1622
776,1624
381,1625
735,1625
192,1626
732,1629
841,1631
550,1633
772,1635
642,1638
686,1641
670,1641
97,1650
273,1652
57,1653
974,1653
321,1654
750,1656
348,1656
952,1657
606,1658
785,1658
551,1661
157,1664
479,1665
845,1665
455,1667
285,1667
144,1667
388,1669
369,1673
462,1674
649,1675
633,1680
909,1690
84,1694
820,1697
934,1699
943,1702
989,1704
701,1706
514,1711
355,1713
26,1716
339,1721
259,1723
768,1726
119,1726
816,1728
921,1728
812,1731
58,1731
691,1736
567,1744
810,1748
763,1750
512,1751
207,1751
964,1754
9,1762
530,1763
539,1764
568,1766
786,1767
679,1770
392,1776
311,1776
953,1780
919,1780
977,1794
895,1795
724,1799
978,1800
120,1802
425,1802
801,1809
584,1813
873,1820
353,1828
433,1829
4,1835
417,1835
762,1846
266,1847
898,1848
795,1848
156,1852
646,1859
188,1860
46,1861
877,1869
799,1874
121,1877
303,1879
402,1889
887,1889
174,1893
36,1893
658,1895
264,1899
332,1900
132,1906
451,1907
554,1913
629,1923
6,1923
86,1925
736,1933
661,1940
874,1940
395,1949
844,1953
913,1953
809,1956
607,1957
803,1958
617,1968
474,1971
804,1976
991,1979
892,1980
50,1992
643,1997
126,2006
133,2006
452,2008
245,2010
492,2016
764,2016
428,2033
373,2074
399,2076
212,2079
477,2080
848,2081
933,2083
862,2089
627,2103
823,2107
135,2109
250,2114
651,2121
20,2128
232,2131
684,2177
335,2183
60,2191
894,2199
286,2208
656,2210
91,2219
493,2235
166,2242
741,2245
569,2249
315,2257
636,2263
215,2280
880,2293
293,2294
37,2303
282,2304
614,2333
437,2371
254,2398
319,2403
426,2416
446,2447
441,2465
421,2473
276,2473
370,2480
802,2519
592,2519
228,2537
588,2544
949,2570
600,2572
926,2588
935,2592
707,2601
805,2644
404,2686
76,2760
553,2762
306,2786
787,2815
918,2817
302,2842
834,2855
733,2986
354,3026
362,3048
101,3132
169,3153
983,3172
899,3197
876,3272
571,3340
666,3452
401,3558
7,3642
889,3850

simblock.block.ProofOfWorkBlock@560990d2:60
230,0
668,151
920,211
951,300
262,310
233,356
687,362
328,366
88,414
517,419
407,427
928,451
53,459
518,473
813,487
524,507
277,514
243,515
961,516
996,520
208,530
150,553
427,565
685,565
350,567
784,573
442,574
648,576
958,577
284,580
959,596
650,600
39,609
695,611
476,622
924,622
326,623
562,628
289,629
458,632
202,633
608,636
814,636
358,640
309,643
640,656
644,663
971,663
443,666
817,667
468,668
579,672
830,678
722,678
389,679
198,679
609,683
615,685
526,688
912,693
999,694
179,697
448,703
19,704
71,709
558,714
281,719
148,720
357,721
917,721
343,724
68,724
487,725
123,726
470,729
203,730
275,731
872,732
576,734
205,736
465,738
316,740
937,741
875,742
257,743
975,744
575,747
700,749
534,752
655,753
383,762
591,762
345,764
791,766
189,769
590,770
824,776
548,778
90,778
158,779
206,780
17,780
360,784
985,785
838,786
106,786
819,787
342,788
970,789
92,789
54,791
945,791
797,791
185,792
672,793
903,793
210,794
204,795
251,795
505,797
717,798
960,800
751,800
866,804
692,806
453,806
33,807
191,811
56,811
545,813
359,814
155,814
641,816
969,816
984,816
706,818
366,821
338,822
631,824
780,825
69,826
789,829
916,830
292,830
29,831
811,831
605,833
149,834
800,835
104,836
663,837
681,837
929,840
881,841
639,842
394,842
979,843
861,843
75,844
194,846
775,846
718,847
223,848
940,849
375,849
420,849
457,849
760,850
622,851
783,852
24,853
857,855
662,855
587,856
632,857
839,857
461,861
419,865
870,867
295,868
925,868
333,868
994,869
27,870
423,870
363,871
773,873
312,873
490,873
904,873
324,876
595,876
34,877
475,878
147,878
418,878
520,879
180,880
628,881
508,881
229,881
714,882
5,883
87,883
271,887
67,887
669,888
83,888
466,889
698,889
372,890
851,890
336,892
63,892
387,892
546,892
434,893
482,897
766,897
473,898
376,899
574,899
459,900
59,900
195,901
501,902
521,903
193,905
871,906
393,906
941,906
12,906
299,908
944,908
827,909
109,910
767,911
485,911
296,913
532,913
846,914
869,919
858,920
258,921
725,921
298,921
384,924
849,926
436,927
962,927
186,928
74,928
151,929
645,929
693,930
737,931
818,934
143,934
85,934
431,934
268,935
187,936
246,936
55,936
908,937
154,939
511,939
439,940
973,940
965,941
380,942
570,943
391,943
781,943
153,944
856,944
744,944
890,945
748,945
491,946
715,946
963,946
988,947
798,948
412,948
267,948
239,948
682,948
840,950
234,950
673,950
134,951
854,953
283,953
460,955
654,955
177,957
997,957
31,957
602,958
604,958
585,959
163,960
15,962
667,962
99,962
337,962
320,963
280,963
218,963
758,964
882,964
713,967
1000,967
396,968
671,968
565,969
879,970
301,970
190,974
49,976
79,976
96,977
410,978
705,978
938,978
424,979
747,981
248,983
81,984
915,984
347,984
770,985
560,985
711,985
214,986
835,986
247,987
114,987
976,987
256,988
535,988
597,989
612,989
240,989
483,990
469,992
620,992
183,993
907,995
865,995
16,997
759,998
216,998
710,999
127,1000
746,1000
48,1000
242,1001
182,1003
821,1003
836,1004
902,1004
227,1004
329,1005
77,1005
116,1005
159,1006
129,1006
528,1008
145,1009
740,1010
102,1010
8,1011
115,1011
488,1012
503,1012
948,1012
377,1013
739,1013
828,1016
637,1016
499,1018
832,1018
139,1018
323,1019
982,1019
581,1020
226,1021
757,1022
897,1023
754,1024
274,1024
164,1024
13,1025
853,1025
236,1027
756,1028
728,1029
416,1031
833,1032
353,1033
708,1033
955,1034
456,1035
378,1035
30,1036
313,1037
704,1037
598,1041
542,1042
93,1043
992,1043
885,1044
290,1044
125,1044
374,1045
886,1046
543,1047
464,1048
689,1048
541,1048
89,1050
761,1050
779,1051
794,1051
209,1052
769,1052
531,1054
200,1054
793,1055
515,1059
300,1060
522,1060
731,1060
18,1061
471,1062
720,1063
507,1064
489,1065
993,1067
111,1067
618,1067
583,1068
172,1068
124,1068
294,1069
367,1070
727,1071
41,1071
94,1071
782,1072
9,1074
249,1074
146,1074
3,1074
263,1074
914,1074
25,1075
942,1075
128,1075
217,1076
730,1081
552,1082
165,1083
168,1085
919,1090
990,1090
176,1102
379,1104
888,1104
743,1110
422,1110
65,1111
561,1111
498,1113
755,1114
467,1115
972,1115
219,1117
665,1117
790,1119
664,1122
231,1125
659,1129
497,1130
438,1131
297,1132
135,1132
893,1134
694,1134
314,1137
950,1138
573,1138
677,1138
130,1139
282,1140
430,1141
932,1142
414,1148
325,1149
429,1151
42,1153
967,1154
578,1155
911,1159
408,1160
749,1160
381,1161
964,1163
947,1166
537,1167
225,1169
868,1170
451,1171
279,1177
910,1177
599,1179
318,1179
260,1182
852,1187
348,1192
10,1192
762,1192
108,1193
626,1194
385,1195
935,1197
100,1198
606,1198
344,1200
551,1200
594,1203
310,1208
207,1209
440,1213
28,1215
349,1215
624,1215
112,1215
22,1217
252,1217
883,1220
753,1222
957,1223
307,1224
603,1226
118,1227
716,1230
539,1230
11,1231
540,1234
494,1234
661,1236
601,1239
368,1240
373,1241
305,1244
736,1244
506,1245
956,1246
787,1246
398,1246
516,1248
409,1251
554,1251
224,1253
51,1257
70,1258
733,1261
502,1262
778,1262
287,1263
167,1264
901,1266
276,1266
939,1266
829,1267
923,1268
577,1268
222,1270
196,1271
559,1273
308,1275
288,1277
536,1282
674,1282
173,1283
132,1283
653,1284
110,1285
73,1286
623,1286
771,1288
432,1289
701,1291
855,1291
201,1292
986,1292
529,1295
411,1296
278,1300
175,1304
863,1304
213,1306
14,1306
105,1307
847,1308
38,1309
60,1310
23,1310
241,1310
327,1311
304,1311
346,1314
2,1314
47,1315
291,1315
796,1317
723,1320
589,1322
181,1322
140,1324
486,1325
896,1327
745,1327
199,1329
690,1331
629,1331
1,1331
527,1333
776,1342
82,1342
696,1345
341,1346
995,1347
361,1350
831,1351
403,1351
232,1352
162,1352
582,1357
684,1362
563,1362
426,1364
504,1364
691,1366
21,1367
998,1367
334,1369
906,1373
481,1373
122,1376
62,1377
382,1378
616,1381
405,1384
987,1387
859,1389
547,1389
66,1390
980,1391
160,1395
525,1395
630,1396
738,1396
572,1397
390,1399
721,1403
270,1406
211,1408
556,1408
842,1409
697,1414
930,1415
564,1416
702,1416
311,1417
825,1421
352,1423
651,1427
638,1432
864,1437
593,1438
400,1439
264,1441
805,1443
678,1447
815,1448
178,1451
634,1454
991,1454
954,1456
812,1460
635,1461
968,1461
712,1467
57,1471
679,1478
500,1479
259,1480
777,1480
774,1481
931,1482
683,1485
510,1488
493,1491
397,1492
40,1494
843,1496
495,1497
801,1497
680,1500
544,1500
117,1501
170,1501
676,1509
989,1511
652,1514
441,1516
484,1520
519,1520
152,1525
765,1530
884,1531
285,1534
479,1535
253,1536
131,1539
643,1542
675,1544
584,1548
555,1550
909,1552
742,1553
719,1557
362,1558
4,1558
934,1564
120,1568
509,1568
804,1572
339,1573
752,1576
119,1577
611,1580
32,1581
406,1583
726,1587
569,1587
64,1590
867,1590
741,1591
647,1593
184,1598
703,1601
724,1602
317,1606
293,1608
192,1609
272,1610
686,1613
463,1613
732,1618
860,1620
133,1620
7,1622
922,1626
933,1629
98,1632
889,1635
254,1635
568,1650
415,1650
78,1652
91,1656
369,1656
927,1656
255,1658
97,1660
474,1662
567,1665
107,1665
492,1668
220,1669
330,1669
188,1670
95,1671
764,1671
141,1671
688,1672
795,1678
161,1680
322,1681
52,1681
45,1681
351,1681
709,1684
735,1685
670,1686
402,1689
332,1690
315,1695
6,1696
895,1698
966,1698
472,1699
121,1702
44,1704
983,1709
786,1711
454,1712
820,1719
596,1720
949,1726
625,1727
86,1734
580,1736
621,1738
156,1739
642,1739
785,1742
876,1743
421,1743
303,1748
331,1753
816,1754
768,1756
197,1759
335,1763
265,1767
952,1768
586,1773
550,1775
862,1779
826,1782
450,1783
20,1790
658,1792
228,1801
478,1803
50,1805
729,1813
822,1819
356,1822
806,1822
76,1822
364,1834
607,1834
553,1835
850,1842
844,1847
103,1849
417,1852
792,1856
809,1858
245,1863
35,1866
808,1872
530,1875
734,1875
660,1877
235,1890
306,1890
845,1891
807,1892
610,1896
810,1904
627,1905
444,1909
926,1917
413,1919
250,1921
340,1922
788,1934
891,1936
496,1950
841,1952
171,1953
874,1953
137,1954
286,1955
174,1978
157,1986
566,1991
43,1995
169,2003
900,2004
977,2005
981,2013
848,2016
266,2023
873,2037
513,2039
113,2049
549,2051
455,2057
212,2064
834,2065
72,2069
613,2085
166,2087
61,2088
514,2089
898,2102
302,2119
445,2124
617,2127
269,2131
978,2132
533,2132
101,2134
592,2155
261,2158
636,2163
386,2164
480,2168
633,2174
772,2174
37,2175
58,2175
365,2177
244,2185
892,2191
894,2191
656,2210
913,2212
401,2219
571,2238
399,2238
446,2244
355,2244
388,2262
699,2264
657,2300
395,2302
619,2320
425,2325
221,2337
46,2344
946,2346
943,2347
600,2348
138,2359
435,2360
974,2379
523,2387
392,2409
126,2450
142,2460
84,2489
273,2496
238,2502
936,2507
707,2509
837,2518
799,2523
433,2549
877,2558
588,2584
437,2605
887,2610
215,2632
750,2642
36,2650
803,2652
370,2665
921,2680
538,2681
899,2728
649,2742
237,2778
878,2804
802,2808
763,2835
646,2845
371,2851
512,2852
144,2881
880,2921
321,2934
953,2936
666,2942
918,2945
447,3023
136,3027
905,3090
449,3096
462,3133
80,3200
823,3221
428,3317
557,3374
477,3378
26,3490
404,3510
319,3625
452,3775
614,3926
354,4116

simblock.block.ProofOfWorkBlock@45513ae8:60
26,0
254,398
339,559
878,705
157,743
169,865
660,892
86,961
983,967
894,1010
557,1020
913,1040
404,1117
880,1129
95,1186
652,1238
742,1242
735,1272
844,1275
732,1281
317,1287
261,1307
477,1350
306,1351
441,1393
60,1417
889,1425
255,1431
37,1455
449,1460
755,1465
834,1470
898,1504
91,1504
815,1504
765,1505
237,1536
877,1546
629,1548
930,1551
399,1564
763,1570
421,1584
310,1586
433,1587
934,1610
966,1614
516,1622
152,1632
126,1663
121,1665
540,1669
428,1684
494,1687
613,1699
155,1701
550,1710
114,1717
788,1717
762,1721
808,1741
611,1743
568,1750
617,1754
646,1755
900,1767
823,1773
474,1776
610,1795
64,1804
752,1811
842,1814
666,1823
340,1825
181,1842
215,1854
989,1856
887,1860
170,1881
677,1893
802,1897
80,1910
101,1913
636,1917
335,1923
49,1923
571,1938
293,1942
843,1947
633,1968
738,1975
946,1977
401,1979
140,1980
211,1981
630,1985
867,1993
967,2004
529,2007
506,2012
519,2017
225,2020
73,2031
112,2042
627,2046
848,2054
952,2059
315,2072
837,2073
584,2075
829,2077
634,2079
446,2082
392,2084
953,2086
6,2088
845,2088
219,2094
89,2097
355,2103
113,2115
745,2117
57,2118
918,2118
860,2126
926,2126
78,2142
156,2152
291,2162
593,2164
269,2170
564,2174
586,2180
444,2186
250,2191
38,2207
787,2208
319,2229
689,2232
614,2233
750,2234
780,2237
40,2243
659,2243
864,2250
184,2256
625,2260
720,2266
657,2268
28,2278
103,2279
517,2281
472,2288
741,2293
430,2299
905,2299
371,2302
84,2305
61,2305
935,2314
173,2315
166,2318
658,2327
831,2330
578,2331
621,2334
464,2338
514,2341
978,2348
998,2349
303,2352
702,2365
512,2370
174,2378
995,2379
527,2379
228,2384
968,2387
226,2396
445,2409
66,2411
608,2424
266,2425
485,2429
701,2435
353,2437
901,2444
616,2445
949,2448
322,2451
463,2454
85,2459
311,2465
109,2469
201,2472
944,2476
304,2496
555,2497
196,2502
772,2502
483,2513
649,2513
921,2515
734,2526
919,2534
252,2535
798,2543
651,2545
364,2548
495,2561
409,2562
810,2567
718,2569
956,2579
703,2582
35,2583
716,2583
160,2590
931,2591
648,2600
110,2602
697,2602
284,2605
426,2606
135,2611
906,2612
230,2612
11,2619
238,2624
251,2632
282,2636
822,2641
484,2644
904,2648
2,2649
47,2654
197,2659
88,2661
532,2662
454,2663
253,2669
859,2670
856,2676
32,2690
717,2695
764,2702
98,2706
4,2707
691,2709
987,2710
687,2726
749,2734
274,2734
76,2736
530,2741
244,2755
554,2756
468,2757
567,2762
406,2765
460,2779
748,2786
354,2794
279,2797
811,2797
479,2803
903,2806
601,2807
351,2814
871,2825
551,2825
502,2826
936,2830
249,2837
965,2839
334,2845
951,2846
417,2847
923,2852
690,2853
756,2864
917,2864
589,2865
434,2870
824,2870
318,2872
779,2886
136,2895
588,2899
980,2900
766,2906
694,2907
622,2909
991,2910
395,2913
475,2918
883,2921
663,2925
224,2930
476,2930
130,2932
94,2960
357,2963
728,2966
525,2966
420,2967
707,2967
469,2967
809,2968
379,2979
243,2981
189,2986
65,2987
736,2993
342,3013
637,3013
328,3013
432,3014
592,3015
427,3017
865,3023
212,3024
876,3026
977,3028
369,3031
116,3031
656,3037
375,3039
832,3050
513,3050
632,3053
638,3054
884,3071
721,3073
768,3097
580,3103
15,3110
733,3112
825,3113
771,3116
185,3124
556,3127
415,3134
236,3137
209,3144
603,3150
855,3156
221,3156
376,3156
330,3164
436,3164
272,3174
41,3175
13,3179
596,3188
879,3193
861,3198
362,3208
932,3210
759,3211
257,3214
976,3216
908,3222
500,3224
107,3227
678,3230
857,3231
910,3240
496,3244
461,3251
699,3252
737,3253
298,3259
389,3265
604,3265
786,3271
714,3277
849,3279
510,3285
178,3291
400,3298
331,3301
179,3312
407,3313
552,3317
731,3321
59,3324
370,3326
590,3331
587,3332
19,3337
397,3339
916,3357
641,3359
833,3367
1000,3368
693,3371
971,3378
566,3388
492,3401
277,3405
62,3417
775,3421
164,3423
316,3429
314,3432
187,3442
922,3452
366,3457
151,3463
854,3465
929,3466
457,3486
826,3486
650,3490
447,3491
431,3492
751,3493
847,3503
90,3505
265,3506
67,3506
711,3509
535,3510
276,3510
872,3516
36,3522
673,3523
123,3526
948,3527
911,3535
563,3536
288,3546
131,3550
562,3552
797,3553
969,3559
757,3563
560,3563
145,3581
639,3588
688,3590
206,3595
853,3598
198,3612
352,3618
242,3626
246,3627
193,3631
938,3638
508,3640
631,3652
993,3661
448,3662
598,3671
148,3671
730,3674
531,3679
990,3698
643,3714
222,3723
263,3725
443,3730
893,3734
997,3744
615,3744
933,3747
954,3752
200,3755
679,3759
42,3760
258,3769
50,3770
522,3784
383,3787
204,3788
286,3801
149,3802
806,3805
281,3806
305,3807
790,3808
753,3813
981,3815
570,3815
48,3817
924,3821
591,3836
388,3840
868,3847
821,3854
760,3855
134,3860
312,3861
740,3862
573,3875
607,3875
575,3910
813,3911
202,3923
410,3925
704,3928
767,3928
618,3937
115,3942
972,3947
548,3962
289,3970
262,3971
108,3972
458,3973
962,3977
425,3978
118,3985
984,3998
177,4008
210,4009
561,4024
549,4025
925,4029
159,4029
70,4037
307,4042
273,4052
56,4056
947,4059
665,4068
726,4077
819,4090
536,4091
957,4094
283,4100
180,4103
111,4106
422,4117
747,4119
53,4127
818,4145
398,4160
473,4160
127,4165
338,4169
309,4198
873,4203
405,4203
163,4203
498,4204
359,4219
907,4224
374,4228
385,4241
124,4250
490,4265
609,4270
487,4271
223,4294
17,4295
852,4298
456,4310
836,4324
459,4330
380,4337
725,4345
467,4349
915,4356
488,4356
565,4359
597,4362
781,4364
902,4366
640,4375
190,4377
846,4382
347,4388
754,4393
24,4398
336,4403
214,4411
217,4418
778,4425
839,4430
830,4455
92,4458
851,4463
534,4472
515,4518
154,4523
840,4528
692,4546
708,4551
959,4552
542,4558
292,4563
350,4577
158,4594
125,4613
143,4628
466,4652
681,4662
268,4664
81,4666
172,4677
870,4693
256,4696
337,4705
579,4708
424,4712
920,4715
439,4716
791,4724
368,4735
963,4739
662,4756
74,4765
526,4777
313,4816
412,4828
941,4852
789,4865
960,4885
176,4905
16,4907
698,4913
69,4929
858,4939
668,4961
817,4971
520,4977
758,4993
682,5000
83,5005
827,5005
167,5022
29,5031
761,5037
229,5063
275,5065
55,5078
866,5116
31,5123
208,5131
296,5169
205,5184
343,5213
8,5236
950,5242
442,5252
63,5263
247,5278
102,5279
958,5304
150,5304
994,5329
602,5331
875,5336
599,5349
323,5368
33,5377
192,5379
838,5413
773,5415
835,5468
595,5502
914,5577
195,5599
471,5612
71,5614
231,5618
890,5640
784,5675
973,5698
239,5708
945,5718
39,5765
182,5769
377,5804
545,5875
419,5915
345,5916
507,5942
793,5946
360,5975
503,5978
387,6092
82,6102
218,6115
271,6174
297,6216
75,6226
416,6242
372,6299
705,6324
814,6474
30,6474
194,6531
267,6540
619,6559
624,6647
897,6675
671,6821
537,6833
727,6858
644,7023
25,7133
653,7172
10,7247
722,7527
928,7637

simblock.block.ProofOfWorkBlock@47ea258d:61
444,0
94,221
426,320
137,407
729,440
511,489
403,522
842,538
1,576
676,604
201,650
356,658
219,662
197,690
98,710
677,733
160,746
516,746
503,750
481,760
325,760
850,777
741,791
294,808
745,816
330,822
807,829
601,831
308,843
862,846
533,867
472,869
525,879
264,884
23,890
274,898
538,901
901,903
874,912
486,915
776,926
970,930
495,930
696,933
114,950
287,951
556,953
505,954
513,965
133,965
623,968
152,979
956,982
843,984
684,985
265,986
134,989
346,996
173,996
415,999
755,999
103,1008
959,1009
699,1009
866,1012
896,1020
569,1027
690,1033
117,1038
341,1038
331,1041
559,1047
120,1048
324,1050
9,1052
73,1057
680,1062
244,1062
771,1066
816,1067
332,1067
936,1071
395,1072
199,1072
669,1073
480,1080
390,1081
311,1085
284,1089
504,1090
80,1091
2,1091
774,1099
997,1104
624,1105
396,1105
52,1106
664,1107
12,1109
621,1110
447,1116
867,1119
847,1119
409,1120
367,1120
327,1124
59,1127
488,1129
919,1130
400,1134
373,1138
751,1138
554,1142
451,1144
381,1145
759,1146
22,1147
270,1148
382,1148
568,1148
364,1153
829,1154
136,1157
398,1160
221,1160
612,1164
622,1165
519,1168
721,1169
365,1170
726,1170
40,1172
826,1172
209,1172
635,1173
208,1175
973,1176
299,1177
616,1181
129,1186
767,1186
977,1187
510,1188
921,1189
363,1196
143,1199
967,1200
742,1201
432,1203
72,1206
484,1210
272,1210
855,1212
822,1213
553,1214
78,1218
21,1219
496,1220
910,1223
543,1223
551,1223
883,1224
53,1225
171,1226
564,1226
200,1228
3,1230
630,1230
865,1231
397,1232
806,1234
765,1235
617,1239
63,1239
224,1240
345,1241
407,1241
47,1243
712,1245
980,1245
634,1248
818,1250
502,1250
812,1252
463,1253
561,1253
48,1255
796,1256
225,1256
353,1256
769,1257
288,1257
734,1257
229,1259
579,1260
998,1264
181,1264
85,1264
986,1265
629,1267
704,1271
991,1271
204,1272
216,1273
349,1273
139,1279
170,1281
210,1281
222,1281
440,1282
112,1284
659,1285
424,1286
914,1288
837,1288
361,1289
805,1289
461,1290
259,1290
430,1296
971,1296
454,1296
406,1297
787,1298
203,1299
610,1299
387,1300
965,1301
14,1301
253,1302
566,1302
679,1302
589,1304
226,1305
537,1307
32,1308
825,1309
749,1309
414,1310
938,1313
988,1313
422,1315
314,1316
981,1319
55,1319
720,1320
369,1320
30,1321
107,1322
168,1323
840,1324
772,1324
65,1325
906,1327
984,1328
864,1328
236,1329
628,1329
824,1330
884,1331
736,1332
106,1332
366,1332
661,1335
235,1336
995,1337
567,1337
963,1338
184,1339
783,1339
131,1340
923,1342
234,1343
539,1343
860,1345
577,1345
230,1346
87,1346
586,1346
458,1348
450,1348
434,1348
992,1349
443,1350
108,1351
762,1353
928,1355
189,1355
576,1356
431,1358
4,1362
941,1362
61,1362
128,1363
544,1363
380,1365
478,1367
574,1367
10,1369
668,1369
935,1369
64,1372
465,1372
792,1373
891,1373
351,1373
104,1374
262,1375
317,1375
146,1377
717,1377
924,1378
841,1379
348,1379
358,1379
777,1381
801,1381
815,1382
706,1383
135,1384
445,1385
33,1386
939,1386
13,1388
701,1389
304,1391
205,1395
650,1396
794,1396
374,1398
879,1398
122,1398
932,1399
435,1400
716,1401
248,1403
512,1404
643,1405
100,1405
555,1406
83,1407
471,1408
125,1408
851,1409
790,1409
580,1409
852,1409
761,1409
626,1412
479,1413
338,1413
410,1414
531,1414
357,1415
485,1416
153,1417
211,1418
334,1419
70,1420
950,1423
105,1424
282,1425
429,1426
869,1427
945,1427
383,1427
547,1428
111,1428
378,1430
386,1430
667,1432
494,1432
947,1432
700,1433
900,1434
141,1435
522,1435
697,1437
163,1438
56,1438
89,1439
343,1440
196,1440
738,1441
961,1441
857,1442
412,1443
247,1448
593,1449
620,1449
423,1450
827,1451
79,1452
678,1452
964,1454
162,1456
653,1457
655,1457
596,1457
212,1458
232,1459
730,1461
132,1461
355,1461
868,1461
268,1462
931,1465
665,1465
789,1466
605,1466
499,1467
115,1467
683,1467
925,1468
694,1468
35,1470
178,1471
954,1472
702,1473
164,1477
728,1478
179,1478
820,1478
753,1479
43,1481
582,1482
301,1482
689,1482
922,1484
975,1485
1000,1485
540,1485
710,1487
573,1489
527,1489
946,1491
256,1492
993,1492
685,1496
819,1496
863,1497
310,1502
464,1503
917,1503
722,1503
524,1503
839,1503
280,1504
870,1506
328,1507
979,1508
291,1508
368,1509
8,1510
536,1510
960,1510
69,1511
733,1511
416,1512
968,1516
831,1518
631,1519
66,1520
640,1520
773,1520
38,1523
575,1525
93,1525
594,1532
281,1532
18,1538
318,1538
337,1539
252,1540
500,1540
28,1542
329,1543
957,1546
780,1549
674,1551
681,1551
902,1552
439,1553
542,1553
719,1555
506,1555
371,1558
292,1560
572,1561
457,1564
408,1565
625,1565
908,1569
227,1569
608,1570
647,1570
257,1575
723,1576
615,1576
952,1579
940,1580
532,1582
213,1582
942,1583
469,1585
342,1585
692,1586
145,1586
528,1587
155,1588
814,1592
518,1593
578,1596
800,1596
563,1598
320,1600
279,1600
781,1601
11,1603
835,1604
193,1604
565,1605
77,1607
297,1607
176,1609
470,1616
529,1616
191,1616
740,1617
944,1618
764,1620
987,1621
682,1626
175,1630
490,1630
638,1631
124,1632
871,1634
271,1634
606,1636
546,1636
147,1637
757,1639
258,1640
497,1640
393,1640
350,1641
51,1641
326,1644
157,1645
413,1647
651,1648
560,1649
976,1651
260,1652
872,1654
705,1654
418,1655
96,1659
487,1659
715,1661
526,1661
130,1661
214,1664
344,1666
859,1667
695,1668
489,1671
912,1674
748,1677
238,1678
240,1678
183,1683
99,1683
379,1683
562,1685
127,1685
151,1686
614,1686
102,1688
916,1690
389,1690
140,1693
648,1695
766,1698
34,1699
88,1703
220,1703
779,1708
618,1708
20,1708
838,1711
549,1712
595,1718
591,1719
746,1724
165,1724
548,1725
994,1726
948,1727
491,1728
714,1733
520,1735
969,1736
468,1741
793,1743
508,1743
172,1743
707,1748
607,1749
233,1750
687,1750
169,1750
302,1751
930,1752
384,1754
91,1756
517,1758
739,1758
62,1759
217,1760
821,1761
27,1762
109,1766
285,1767
75,1771
583,1773
639,1778
999,1778
830,1779
295,1779
861,1780
604,1782
223,1782
743,1785
854,1785
298,1787
309,1788
893,1789
68,1791
194,1792
691,1801
645,1802
154,1803
316,1804
411,1806
657,1806
290,1808
810,1809
25,1811
937,1812
82,1815
190,1817
303,1821
377,1824
180,1826
49,1826
41,1827
436,1827
782,1833
456,1834
498,1836
849,1837
890,1842
24,1843
663,1848
405,1849
455,1850
844,1850
31,1851
306,1855
167,1857
501,1857
534,1859
750,1860
778,1860
654,1862
71,1863
417,1863
590,1866
57,1868
267,1872
483,1873
515,1874
507,1876
74,1876
898,1877
584,1881
218,1884
206,1885
246,1886
305,1892
996,1892
642,1895
362,1897
836,1899
915,1901
5,1904
557,1906
7,1909
989,1912
882,1913
881,1918
29,1920
856,1921
802,1923
81,1924
897,1925
126,1928
138,1931
354,1931
300,1933
283,1933
636,1934
50,1937
828,1937
727,1937
585,1938
887,1941
110,1943
535,1947
19,1952
711,1954
581,1956
239,1956
54,1958
958,1960
46,1964
195,1964
473,1967
962,1967
493,1973
760,1979
427,1986
185,1989
446,1991
76,1991
149,1994
376,1997
698,1997
261,1997
693,2001
823,2002
521,2002
672,2006
448,2006
198,2008
92,2012
15,2015
795,2016
442,2018
166,2019
321,2021
313,2025
245,2027
904,2028
116,2032
90,2036
888,2037
266,2037
550,2037
312,2037
834,2041
587,2048
148,2048
101,2049
45,2051
903,2054
336,2057
799,2058
725,2061
401,2062
231,2063
39,2069
833,2069
215,2072
476,2080
192,2081
16,2085
421,2088
95,2091
428,2094
756,2096
360,2098
333,2099
770,2110
182,2111
509,2111
758,2115
241,2115
637,2115
909,2120
933,2125
797,2125
375,2130
278,2132
187,2136
598,2136
474,2139
352,2140
627,2142
441,2143
955,2146
597,2152
123,2156
752,2160
951,2162
277,2163
853,2168
296,2171
907,2175
775,2179
118,2184
255,2185
391,2191
735,2193
754,2197
848,2211
641,2213
763,2214
315,2214
875,2216
632,2217
920,2225
466,2227
399,2232
832,2239
713,2239
929,2243
26,2249
570,2260
17,2264
467,2274
876,2275
174,2277
482,2279
492,2279
558,2283
269,2286
552,2287
207,2289
985,2291
322,2300
113,2301
250,2304
798,2306
142,2306
394,2309
885,2309
846,2317
633,2318
475,2319
895,2319
747,2324
649,2333
359,2339
666,2341
972,2348
813,2352
911,2357
811,2362
242,2365
905,2366
592,2372
670,2373
784,2373
121,2377
44,2383
788,2389
913,2392
438,2399
731,2403
249,2414
845,2415
599,2416
671,2416
340,2416
459,2424
453,2438
541,2447
658,2453
927,2460
307,2461
276,2463
144,2464
177,2466
251,2471
158,2480
385,2483
86,2486
150,2496
662,2503
392,2510
275,2513
686,2517
202,2535
419,2541
708,2548
263,2553
880,2554
709,2557
926,2558
36,2564
609,2576
186,2584
646,2584
437,2585
990,2590
744,2599
603,2613
404,2619
949,2620
889,2631
243,2634
974,2639
688,2639
460,2645
372,2653
858,2653
237,2660
37,2667
388,2670
673,2671
254,2673
289,2678
899,2690
293,2703
545,2715
934,2716
323,2721
943,2721
602,2727
983,2727
402,2733
425,2744
347,2764
67,2793
808,2805
732,2805
877,2806
817,2818
982,2828
886,2828
619,2830
433,2835
156,2849
718,2852
6,2866
588,2883
119,2892
675,2895
159,2897
42,2899
652,2909
452,2919
188,2928
611,2938
286,2950
613,2964
894,2966
791,2968
97,2979
228,2982
644,3011
420,3025
477,3044
804,3059
918,3068
523,3080
768,3083
786,3098
724,3134
571,3139
703,3155
966,3158
84,3173
737,3195
514,3205
58,3211
449,3219
803,3232
370,3236
892,3314
953,3328
660,3337
60,3338
873,3371
462,3405
600,3407
656,3411
273,3444
978,3456
339,3487
530,3632
319,3656
785,3668
161,3736
335,3888
878,3985
809,4229

simblock.block.ProofOfWorkBlock@747f5cf7:62
11,0
23,222
450,323
132,412
697,439
987,495
304,521
559,538
606,577
991,604
567,621
216,632
331,662
512,670
510,686
122,704
114,719
906,733
117,742
226,753
919,768
577,771
764,789
651,797
691,801
224,815
580,827
65,832
586,834
821,838
529,850
650,850
847,851
1,852
314,876
330,877
355,878
519,887
272,899
479,905
40,912
502,913
910,920
884,922
921,926
594,933
241,934
133,936
365,946
100,951
480,960
995,969
536,970
629,970
390,986
3,987
780,989
456,990
733,991
451,996
178,998
265,1002
415,1006
64,1010
14,1014
368,1016
386,1017
939,1023
201,1028
189,1029
538,1031
107,1034
152,1034
105,1042
930,1046
936,1048
173,1050
267,1051
610,1052
587,1052
238,1057
734,1058
279,1068
643,1069
444,1070
168,1071
525,1072
299,1076
952,1077
196,1078
807,1080
938,1085
32,1090
583,1091
310,1095
147,1099
554,1100
73,1101
252,1101
549,1101
170,1101
52,1111
162,1112
81,1113
112,1115
453,1117
232,1118
749,1120
563,1126
771,1127
626,1129
569,1130
815,1130
923,1131
381,1133
308,1134
513,1136
78,1136
630,1140
234,1141
221,1142
589,1147
623,1148
430,1149
859,1150
9,1151
967,1153
291,1154
294,1157
80,1158
726,1160
13,1169
408,1170
801,1170
219,1170
300,1173
463,1175
225,1177
765,1177
235,1180
288,1182
578,1183
676,1183
435,1183
701,1188
883,1188
576,1189
831,1193
344,1193
820,1197
369,1197
71,1199
447,1203
465,1204
516,1205
411,1206
874,1206
406,1207
901,1208
961,1209
841,1211
931,1212
871,1213
432,1217
108,1219
922,1219
351,1219
504,1220
544,1222
472,1222
66,1224
736,1224
668,1225
445,1227
689,1230
683,1230
526,1230
998,1232
199,1233
187,1234
400,1234
327,1234
103,1235
566,1238
745,1241
762,1243
486,1243
346,1246
837,1247
625,1247
741,1251
787,1253
712,1253
881,1254
655,1258
547,1258
993,1259
260,1260
290,1260
22,1261
484,1263
352,1264
212,1265
531,1266
356,1266
494,1266
130,1268
43,1270
500,1271
481,1272
116,1274
68,1278
596,1278
175,1281
556,1283
702,1286
104,1287
374,1289
21,1290
28,1290
806,1291
348,1291
268,1292
94,1292
861,1292
396,1296
729,1296
131,1297
151,1297
2,1298
657,1298
539,1300
755,1302
62,1302
426,1302
659,1302
454,1304
968,1304
429,1305
325,1307
361,1307
980,1308
409,1309
638,1310
601,1310
572,1312
508,1316
863,1317
137,1317
141,1318
253,1320
110,1321
835,1321
4,1322
12,1325
956,1326
546,1327
748,1327
244,1327
682,1328
753,1328
992,1328
257,1330
896,1332
678,1335
120,1339
553,1341
8,1342
72,1344
621,1346
699,1346
672,1346
171,1347
867,1347
75,1348
864,1349
51,1350
18,1350
885,1350
680,1351
776,1351
751,1353
63,1358
332,1359
466,1359
540,1361
541,1362
825,1363
826,1363
891,1363
970,1364
954,1365
738,1365
217,1367
367,1368
558,1369
373,1370
948,1371
251,1372
434,1374
15,1374
977,1377
511,1378
564,1379
343,1381
593,1382
184,1383
366,1383
976,1384
850,1384
950,1384
403,1384
673,1384
860,1386
311,1386
211,1388
111,1389
674,1389
185,1390
341,1390
811,1392
371,1392
719,1394
378,1396
816,1396
353,1398
377,1398
551,1399
981,1404
940,1404
74,1407
506,1408
647,1408
798,1409
568,1410
960,1411
690,1413
935,1415
328,1415
958,1416
684,1417
317,1417
407,1417
731,1417
475,1418
264,1420
979,1421
973,1421
777,1423
602,1428
214,1431
309,1431
812,1432
775,1434
248,1434
276,1435
843,1435
635,1437
204,1438
287,1438
222,1439
773,1440
191,1441
457,1441
836,1441
698,1443
123,1443
334,1443
955,1446
155,1446
487,1447
145,1448
503,1448
620,1448
617,1448
965,1452
720,1453
679,1454
39,1454
220,1459
986,1465
696,1465
528,1466
395,1466
579,1466
925,1467
914,1468
364,1469
661,1469
159,1470
382,1470
270,1473
35,1474
604,1474
705,1474
828,1474
616,1477
695,1477
716,1477
664,1478
715,1479
5,1480
305,1480
139,1480
990,1480
767,1480
259,1481
789,1481
236,1482
336,1487
640,1488
607,1488
295,1488
637,1488
535,1488
855,1490
271,1492
875,1493
440,1495
615,1496
774,1497
136,1498
205,1499
284,1502
842,1503
150,1504
947,1505
792,1506
964,1506
962,1509
772,1510
781,1510
385,1511
84,1511
975,1514
723,1517
791,1522
347,1523
932,1525
784,1526
160,1526
609,1526
473,1527
48,1528
227,1529
416,1531
118,1531
882,1532
77,1533
527,1534
727,1534
813,1535
180,1536
631,1537
186,1538
591,1538
533,1539
318,1541
838,1541
242,1542
197,1542
375,1544
461,1544
98,1550
521,1550
608,1554
376,1554
301,1555
677,1557
478,1557
213,1557
721,1558
622,1560
38,1561
951,1566
16,1567
422,1568
148,1570
469,1570
198,1571
545,1571
782,1573
908,1575
337,1582
307,1582
805,1583
424,1583
498,1584
644,1585
662,1586
179,1589
459,1589
634,1590
282,1590
714,1591
313,1594
106,1594
900,1595
839,1595
822,1595
164,1596
93,1597
840,1598
397,1599
412,1602
468,1602
140,1603
358,1606
988,1607
582,1607
854,1609
829,1609
256,1610
560,1614
819,1616
761,1616
783,1616
911,1617
423,1620
316,1621
277,1621
758,1622
704,1622
176,1625
694,1626
10,1627
438,1628
718,1629
153,1631
489,1631
907,1631
239,1632
562,1634
67,1635
47,1635
928,1635
86,1637
862,1637
372,1638
190,1640
890,1641
663,1641
193,1641
19,1643
524,1644
648,1644
942,1646
618,1648
917,1650
852,1651
92,1653
338,1653
542,1653
532,1655
414,1655
654,1656
759,1658
628,1658
537,1660
700,1663
794,1666
830,1667
793,1667
870,1667
223,1670
740,1673
996,1673
972,1674
129,1675
263,1678
800,1681
448,1683
243,1684
296,1686
645,1687
632,1687
994,1688
58,1692
476,1693
125,1698
893,1700
27,1702
520,1702
90,1702
492,1705
379,1708
796,1709
398,1711
495,1715
329,1716
708,1717
425,1717
349,1717
181,1720
728,1720
207,1720
817,1721
517,1724
230,1725
555,1726
209,1726
33,1729
442,1731
518,1733
158,1733
324,1733
743,1734
488,1734
433,1736
192,1738
88,1741
157,1742
380,1742
202,1742
827,1743
499,1747
89,1747
96,1748
138,1750
394,1753
399,1758
552,1759
17,1759
470,1760
275,1760
856,1761
739,1764
169,1767
350,1769
717,1771
598,1772
143,1772
467,1774
603,1778
897,1779
585,1782
669,1783
824,1784
681,1794
49,1794
302,1794
156,1796
857,1797
20,1798
747,1798
59,1799
685,1799
756,1800
387,1801
814,1805
496,1806
194,1807
849,1809
79,1811
99,1812
135,1814
851,1818
574,1818
766,1819
711,1819
953,1822
101,1822
485,1824
605,1827
543,1827
471,1828
312,1828
482,1829
87,1833
597,1838
383,1839
200,1839
872,1840
878,1840
246,1841
70,1845
909,1845
245,1847
269,1848
342,1850
389,1851
797,1854
142,1856
146,1858
834,1858
128,1859
281,1859
339,1859
165,1863
46,1865
886,1866
362,1866
750,1866
982,1873
417,1875
804,1878
258,1878
894,1880
505,1882
946,1885
82,1890
493,1897
937,1898
29,1899
392,1901
298,1902
306,1903
853,1905
924,1906
846,1907
195,1907
971,1908
177,1908
266,1912
619,1913
41,1917
612,1919
903,1921
933,1922
384,1923
744,1924
523,1926
458,1929
483,1933
803,1934
879,1935
42,1935
667,1936
778,1947
888,1947
119,1948
944,1954
437,1957
724,1957
941,1957
670,1958
161,1965
688,1968
182,1972
575,1973
868,1974
280,1975
929,1980
56,1981
292,1982
818,1983
61,1984
646,1988
460,1989
283,1990
565,1992
491,1997
233,1998
823,1998
413,2000
799,2001
600,2003
427,2004
915,2008
550,2010
590,2012
345,2012
858,2014
464,2015
865,2016
262,2016
319,2019
735,2021
611,2023
833,2024
26,2026
69,2029
671,2036
154,2042
393,2048
949,2051
652,2057
24,2058
285,2059
653,2064
477,2068
6,2069
421,2072
904,2076
959,2079
584,2079
249,2082
278,2082
115,2091
240,2092
887,2095
692,2097
54,2097
210,2098
44,2107
410,2109
706,2110
289,2111
895,2114
752,2114
360,2115
391,2116
497,2122
127,2132
763,2133
354,2144
658,2144
595,2150
920,2156
707,2156
742,2156
985,2157
206,2159
455,2161
957,2163
665,2169
109,2170
866,2174
768,2176
446,2181
1000,2182
760,2186
912,2194
788,2195
172,2198
55,2199
710,2201
757,2214
693,2215
439,2223
754,2235
869,2238
83,2242
649,2244
113,2254
97,2256
297,2257
229,2259
121,2264
363,2269
237,2270
639,2273
60,2274
419,2276
102,2278
507,2285
945,2295
357,2304
420,2308
943,2317
876,2327
802,2332
687,2334
902,2334
30,2338
166,2339
134,2344
522,2356
50,2360
588,2362
333,2362
642,2370
570,2371
514,2373
770,2375
916,2387
984,2389
231,2390
974,2395
934,2398
163,2399
614,2404
321,2414
124,2414
320,2441
359,2448
208,2453
25,2456
666,2459
326,2462
999,2471
149,2477
880,2481
449,2482
490,2484
633,2495
274,2501
737,2507
91,2519
969,2523
515,2529
431,2553
218,2565
746,2566
592,2571
997,2572
303,2575
810,2576
402,2579
983,2613
76,2614
963,2616
261,2621
418,2622
443,2637
790,2641
95,2642
918,2643
53,2644
899,2647
370,2648
573,2651
428,2661
57,2671
561,2676
725,2681
873,2696
85,2711
203,2712
188,2724
441,2729
167,2742
534,2761
255,2767
656,2793
501,2817
581,2822
571,2823
613,2824
889,2830
436,2833
641,2855
599,2856
686,2866
660,2874
315,2877
340,2885
769,2885
174,2890
293,2891
31,2892
675,2897
779,2934
898,2943
848,2945
785,2972
183,2993
624,3010
34,3029
286,3054
548,3061
36,3076
273,3077
405,3094
474,3095
845,3114
250,3134
636,3137
892,3144
905,3150
722,3185
927,3193
404,3195
832,3203
7,3204
732,3221
323,3243
335,3302
530,3329
809,3334
144,3343
786,3363
37,3378
713,3382
401,3393
247,3420
709,3441
627,3444
703,3469
795,3555
730,3558
989,3583
126,3586
254,3604
228,3616
322,3628
978,3641
926,3660
844,3688
913,3716
462,3806
557,3834
509,3867
877,3876
808,3917
388,4054
452,4124
966,4167
215,4375
45,4416

simblock.block.ProofOfWorkBlock@7b881c31:63
185,0
602,177
309,272
300,326
948,330
257,388
689,396
337,423
938,455
852,475
457,481
204,491
456,501
546,546
150,546
30,548
817,549
70,557
797,573
700,580
779,606
442,609
422,611
698,611
368,612
945,625
74,629
440,629
643,631
491,637
791,637
111,642
993,651
722,664
620,666
746,667
387,680
280,683
222,688
102,690
427,694
243,695
471,695
959,697
760,698
961,699
158,703
366,704
517,709
664,722
673,724
560,724
608,725
8,726
518,727
71,738
307,742
249,746
886,748
920,752
813,752
96,755
743,756
951,757
740,757
453,759
146,760
682,760
548,760
374,762
759,768
147,774
628,779
858,779
597,780
89,780
55,780
33,781
574,782
393,785
528,786
470,787
328,790
394,798
359,801
576,803
984,806
800,807
859,807
19,810
798,811
143,811
130,813
747,814
458,816
521,816
545,818
418,819
183,819
640,820
665,822
963,823
407,826
778,833
669,835
562,836
925,837
191,837
375,837
229,838
336,839
757,842
838,843
541,843
202,843
641,844
149,844
604,844
543,845
31,846
570,846
505,847
21,847
871,849
685,850
54,852
932,855
681,855
123,857
828,858
434,862
872,863
695,869
706,870
164,871
29,871
208,873
853,874
221,874
908,875
467,875
190,875
711,876
115,876
717,878
343,879
420,882
240,884
109,884
223,887
520,888
879,890
937,891
63,892
296,893
301,894
93,895
439,898
263,900
522,900
924,900
83,901
345,901
163,902
851,902
715,902
251,903
875,904
230,904
979,906
618,907
767,907
56,908
391,909
748,910
79,911
725,911
928,912
667,912
423,913
824,913
213,914
227,914
5,915
68,915
231,915
459,918
639,918
104,919
350,920
612,922
179,924
383,927
1000,928
751,928
857,928
49,932
165,932
468,932
739,932
972,932
324,933
609,933
526,934
897,934
866,935
503,936
531,937
515,937
965,940
996,940
811,942
497,942
134,944
209,945
671,946
358,949
582,949
990,950
461,952
372,953
890,956
193,956
39,956
975,957
912,957
348,958
233,958
127,958
692,959
398,959
329,960
756,961
766,962
289,962
587,962
239,962
869,963
465,963
997,963
904,965
561,965
581,966
704,967
535,967
128,968
713,968
277,969
552,969
139,969
950,970
498,971
298,971
718,971
835,972
769,972
338,974
281,975
292,975
450,975
297,978
24,978
396,978
214,978
744,980
655,980
92,982
342,984
352,984
973,985
573,986
590,986
323,987
632,987
118,988
419,989
777,990
295,990
260,991
460,992
558,992
775,993
833,993
663,993
888,994
693,995
167,995
284,996
217,996
710,997
34,999
653,999
731,1000
42,1000
153,1001
443,1002
982,1002
579,1003
599,1005
210,1005
320,1005
203,1006
466,1006
99,1007
864,1007
90,1009
870,1009
569,1010
773,1010
194,1010
914,1011
605,1012
106,1012
10,1013
839,1014
177,1015
48,1017
754,1018
218,1018
448,1019
182,1019
67,1020
384,1021
262,1021
865,1021
631,1022
542,1023
38,1024
483,1024
705,1025
172,1025
463,1025
534,1026
501,1026
840,1027
507,1029
819,1031
598,1031
861,1031
389,1032
976,1035
830,1036
234,1037
489,1037
148,1038
915,1039
69,1039
23,1039
416,1039
929,1040
17,1040
903,1041
357,1041
305,1043
944,1044
585,1044
730,1044
154,1045
678,1047
312,1048
360,1048
782,1048
885,1050
818,1051
955,1051
16,1052
15,1053
637,1055
41,1055
116,1056
81,1057
53,1057
12,1057
708,1058
662,1059
941,1061
942,1062
832,1062
508,1062
856,1063
999,1063
377,1064
77,1065
911,1067
75,1067
940,1068
268,1068
893,1069
988,1069
59,1070
902,1070
907,1070
836,1074
363,1074
770,1074
13,1075
537,1077
485,1078
985,1078
849,1079
992,1080
591,1080
672,1081
283,1082
274,1083
789,1087
87,1087
200,1087
241,1088
242,1090
645,1090
868,1091
316,1093
27,1096
85,1097
668,1097
438,1097
917,1098
25,1100
846,1100
313,1103
236,1104
793,1105
11,1105
958,1107
487,1107
910,1108
349,1109
326,1111
278,1115
969,1116
565,1117
176,1117
256,1118
482,1118
624,1118
476,1119
186,1120
145,1121
125,1123
603,1124
275,1125
499,1125
916,1125
124,1128
511,1129
727,1129
18,1130
376,1130
881,1131
847,1132
379,1133
615,1135
532,1135
479,1135
654,1135
271,1136
380,1137
616,1138
424,1138
195,1138
741,1138
347,1138
962,1139
994,1141
674,1145
502,1146
644,1150
82,1150
114,1150
436,1153
737,1155
882,1158
755,1158
488,1158
94,1160
151,1161
947,1163
533,1163
699,1167
73,1167
205,1168
414,1171
258,1173
122,1175
827,1176
921,1176
105,1179
88,1179
761,1180
787,1181
595,1182
506,1184
758,1189
170,1189
61,1190
566,1191
135,1195
648,1196
412,1196
490,1197
790,1198
559,1199
728,1200
206,1200
279,1201
971,1202
891,1205
469,1206
525,1208
395,1212
290,1214
610,1215
219,1216
386,1219
806,1221
159,1222
635,1222
738,1225
385,1225
408,1228
680,1229
814,1230
651,1234
960,1236
247,1236
862,1239
207,1240
513,1241
954,1242
486,1243
108,1245
690,1246
253,1246
780,1248
567,1251
781,1251
687,1252
801,1253
378,1255
473,1256
922,1257
187,1257
304,1258
784,1259
397,1259
577,1259
103,1261
51,1262
575,1263
160,1264
400,1267
822,1268
472,1270
129,1273
481,1273
638,1275
291,1277
578,1278
365,1280
783,1281
622,1284
252,1286
410,1288
529,1294
299,1296
238,1298
120,1300
162,1303
504,1306
432,1307
2,1309
586,1311
815,1313
72,1313
14,1314
173,1315
267,1316
464,1320
659,1320
141,1321
98,1322
133,1323
270,1324
189,1324
968,1324
589,1327
527,1328
451,1331
676,1332
726,1333
475,1335
175,1336
684,1336
594,1336
919,1336
198,1337
716,1340
860,1341
842,1344
936,1345
264,1346
4,1346
723,1347
181,1348
854,1349
327,1349
855,1351
625,1351
606,1351
225,1353
22,1356
484,1356
621,1358
444,1358
152,1358
683,1359
995,1360
843,1360
112,1362
538,1365
78,1366
355,1366
66,1366
771,1366
382,1368
403,1370
720,1370
371,1370
821,1377
406,1379
596,1383
220,1391
792,1391
496,1391
1,1392
314,1394
282,1395
332,1397
454,1403
331,1403
572,1404
626,1404
52,1405
346,1408
413,1410
211,1410
516,1412
136,1412
447,1413
3,1415
341,1416
344,1417
554,1420
364,1421
977,1423
131,1424
244,1425
734,1427
40,1428
774,1429
65,1429
197,1430
433,1436
935,1436
192,1437
952,1439
361,1440
47,1441
44,1444
601,1447
199,1447
906,1450
991,1455
35,1461
776,1465
480,1470
32,1471
805,1474
980,1476
43,1479
841,1481
563,1483
829,1486
325,1487
729,1490
132,1491
701,1492
110,1495
679,1496
411,1500
28,1502
62,1505
356,1506
896,1506
629,1507
657,1508
60,1511
330,1513
884,1514
224,1517
634,1518
232,1519
580,1520
901,1522
392,1523
137,1528
445,1528
539,1528
353,1529
867,1531
100,1532
478,1532
745,1533
140,1533
477,1535
927,1537
259,1537
196,1538
171,1540
512,1542
493,1544
80,1551
721,1551
967,1558
796,1561
430,1565
553,1566
719,1566
544,1567
617,1568
500,1571
425,1575
930,1577
564,1579
311,1582
786,1583
237,1585
235,1589
661,1590
401,1590
762,1592
850,1596
646,1598
547,1598
519,1599
276,1603
831,1603
64,1606
749,1608
286,1608
923,1611
20,1613
157,1614
788,1615
319,1617
795,1621
138,1623
555,1626
97,1631
178,1632
121,1646
964,1648
510,1652
429,1656
524,1664
733,1665
321,1666
642,1667
998,1667
874,1670
449,1672
381,1672
57,1674
946,1675
26,1676
288,1678
317,1681
285,1684
495,1686
627,1687
889,1691
76,1692
287,1695
261,1696
494,1699
409,1705
550,1707
212,1713
894,1714
390,1717
816,1719
989,1720
765,1720
549,1721
709,1722
702,1722
600,1722
250,1724
820,1729
735,1729
168,1730
556,1732
248,1735
686,1739
670,1746
877,1747
966,1749
216,1751
530,1753
933,1755
369,1761
536,1761
649,1762
514,1764
696,1771
592,1772
117,1773
435,1774
802,1775
523,1775
373,1781
161,1784
226,1785
571,1797
50,1803
750,1804
421,1806
764,1806
909,1811
254,1814
95,1815
623,1820
335,1822
441,1830
334,1836
957,1842
551,1844
269,1848
794,1849
155,1851
293,1851
492,1853
823,1855
426,1860
58,1861
119,1862
913,1868
826,1869
593,1870
844,1875
647,1877
619,1878
978,1886
825,1890
388,1890
895,1890
636,1892
845,1893
677,1894
611,1895
987,1896
763,1898
807,1898
107,1903
834,1904
540,1912
691,1919
768,1936
939,1944
981,1945
863,1955
272,1959
354,1964
887,1965
156,1969
215,1970
310,1982
675,1988
266,1997
362,1998
228,2001
613,2008
308,2010
339,2010
431,2021
837,2022
812,2023
666,2033
707,2036
340,2039
986,2042
452,2043
37,2047
367,2048
688,2048
614,2048
898,2058
318,2059
509,2062
873,2065
180,2066
446,2066
630,2070
455,2084
956,2090
84,2095
113,2108
188,2113
876,2126
883,2126
905,2129
184,2130
848,2147
417,2155
588,2156
918,2162
45,2175
752,2180
405,2181
650,2185
808,2186
724,2198
900,2199
970,2201
697,2213
953,2228
245,2234
931,2237
265,2246
742,2268
428,2270
568,2296
7,2301
86,2301
399,2321
652,2330
166,2345
36,2350
144,2356
799,2360
656,2363
322,2367
201,2370
714,2376
9,2387
46,2388
660,2398
899,2398
732,2413
174,2414
753,2416
402,2458
703,2465
294,2466
974,2470
315,2484
809,2491
926,2524
474,2532
584,2534
415,2541
333,2549
6,2550
437,2555
694,2557
557,2633
370,2634
583,2635
633,2640
934,2698
273,2698
772,2719
246,2724
736,2729
804,2745
303,2753
404,2754
943,2772
126,2840
892,2840
712,2894
351,2903
462,2919
880,2935
302,2941
306,2948
785,2986
169,3002
142,3123
607,3143
878,3182
91,3186
658,3200
949,3206
983,3278
101,3301
255,3397
803,3484
810,3621

simblock.block.ProofOfWorkBlock@6425c8b2:64
901,0
272,223
367,304
676,388
906,455
741,470
78,529
921,538
2,575
330,607
353,610
771,620
516,674
677,690
556,694
225,696
132,702
604,749
586,750
765,757
252,758
395,777
486,779
511,781
168,783
472,793
494,829
117,835
199,836
606,839
361,845
697,848
276,860
133,862
684,863
3,880
729,891
655,897
547,910
742,916
630,920
764,920
946,920
216,922
879,925
100,926
64,927
346,932
736,933
80,944
681,953
94,957
394,961
860,965
610,965
287,973
991,978
998,979
131,995
98,999
373,1000
867,1000
135,1002
690,1002
224,1003
331,1005
139,1010
702,1011
349,1014
510,1014
862,1016
201,1019
623,1021
444,1021
837,1027
685,1037
63,1044
211,1050
409,1050
341,1051
107,1054
651,1055
568,1055
120,1064
103,1065
952,1066
512,1071
775,1072
975,1073
825,1082
137,1083
371,1083
616,1084
734,1087
11,1088
577,1093
589,1094
232,1094
650,1094
762,1094
874,1098
65,1100
469,1102
147,1103
366,1104
683,1105
72,1107
807,1111
275,1111
160,1115
240,1129
819,1131
621,1132
56,1134
479,1136
749,1138
582,1138
859,1139
617,1139
923,1139
104,1140
381,1141
197,1142
935,1144
226,1146
504,1148
334,1150
566,1152
23,1153
755,1155
812,1158
551,1161
912,1161
407,1162
32,1166
22,1168
988,1169
454,1170
464,1171
162,1171
919,1178
801,1179
519,1179
152,1182
585,1185
533,1185
308,1186
536,1186
594,1187
342,1188
40,1189
377,1192
356,1193
970,1196
699,1197
787,1198
855,1198
265,1199
745,1200
816,1201
673,1207
573,1207
267,1211
554,1215
850,1217
936,1218
662,1219
450,1219
314,1220
841,1221
390,1221
325,1221
696,1223
461,1223
939,1223
806,1227
305,1228
502,1228
539,1228
173,1230
760,1230
820,1231
264,1233
59,1234
259,1234
720,1234
112,1236
1,1236
738,1237
525,1237
71,1237
601,1240
910,1241
114,1241
981,1242
780,1247
925,1247
214,1250
219,1251
963,1252
364,1252
408,1253
903,1254
728,1257
28,1260
730,1264
527,1266
403,1266
358,1266
938,1267
426,1268
52,1269
995,1271
61,1272
14,1273
712,1273
622,1273
159,1273
583,1274
958,1278
317,1278
826,1280
518,1281
593,1282
312,1284
106,1286
701,1286
294,1286
831,1287
307,1288
178,1289
351,1289
277,1294
580,1294
75,1296
562,1297
400,1298
397,1302
310,1302
540,1303
396,1303
386,1304
896,1305
270,1306
884,1306
931,1306
726,1310
747,1310
24,1311
900,1311
520,1312
432,1312
244,1313
773,1313
579,1313
945,1313
842,1315
967,1316
365,1316
411,1316
146,1317
248,1318
158,1320
962,1321
130,1321
256,1321
332,1322
141,1322
496,1323
710,1323
654,1323
522,1323
847,1324
175,1325
549,1327
564,1328
863,1328
629,1329
35,1329
993,1331
987,1332
559,1335
288,1335
968,1338
451,1339
615,1340
231,1341
665,1341
39,1342
602,1346
740,1348
316,1351
475,1352
62,1352
108,1352
661,1353
415,1354
21,1355
731,1357
297,1357
691,1358
753,1360
488,1360
721,1361
891,1361
570,1362
15,1364
815,1367
300,1368
555,1369
659,1369
545,1369
693,1370
102,1372
66,1373
416,1374
986,1375
625,1375
53,1376
692,1377
189,1379
835,1379
928,1380
944,1380
714,1381
790,1381
563,1382
463,1382
382,1383
538,1385
513,1386
222,1386
304,1387
431,1387
92,1387
311,1389
191,1389
369,1390
792,1390
327,1390
821,1390
638,1391
706,1391
324,1391
328,1393
956,1396
733,1396
857,1397
360,1398
414,1399
694,1400
643,1401
529,1401
10,1403
458,1404
698,1405
355,1405
679,1406
595,1407
713,1408
774,1412
767,1412
235,1413
532,1415
110,1416
553,1418
268,1419
517,1420
210,1421
122,1421
680,1422
495,1422
344,1423
336,1424
883,1425
202,1427
624,1427
73,1427
868,1427
979,1428
374,1428
836,1430
383,1433
87,1433
635,1434
689,1434
412,1434
279,1436
843,1437
567,1438
882,1438
922,1440
439,1441
457,1443
719,1443
136,1446
118,1446
761,1447
387,1447
634,1449
263,1449
603,1450
632,1450
489,1450
777,1451
569,1453
212,1454
657,1455
965,1457
318,1458
123,1460
241,1461
552,1461
93,1461
8,1462
74,1462
725,1464
885,1465
977,1469
480,1470
647,1472
544,1473
682,1473
678,1474
19,1475
960,1475
881,1477
751,1478
176,1479
171,1479
220,1482
47,1490
548,1491
249,1491
840,1491
423,1492
68,1492
609,1492
717,1493
213,1495
5,1495
976,1496
865,1497
410,1497
484,1498
897,1498
99,1498
980,1500
378,1500
521,1502
348,1503
295,1504
916,1505
309,1505
221,1506
748,1507
572,1509
443,1511
430,1512
260,1514
482,1517
578,1517
262,1518
190,1519
183,1521
930,1525
445,1525
481,1526
796,1526
996,1528
333,1531
282,1533
170,1534
984,1534
969,1535
153,1541
398,1543
478,1544
196,1545
43,1545
165,1548
301,1549
500,1549
653,1550
708,1551
783,1552
460,1552
813,1553
716,1555
81,1556
422,1557
343,1558
105,1558
181,1561
614,1566
447,1566
908,1566
438,1568
291,1569
645,1572
829,1575
674,1575
955,1576
155,1577
942,1577
453,1580
744,1581
424,1581
869,1581
48,1581
832,1581
368,1585
917,1587
789,1588
992,1589
299,1589
271,1589
492,1591
895,1592
350,1594
864,1596
723,1597
38,1598
727,1598
822,1601
182,1601
206,1602
695,1603
705,1604
96,1605
620,1605
253,1606
172,1606
345,1608
715,1612
42,1613
902,1618
204,1622
389,1623
817,1628
503,1634
179,1634
236,1635
824,1636
483,1636
115,1637
915,1638
474,1638
871,1638
546,1638
385,1639
466,1641
418,1643
352,1643
157,1646
468,1650
669,1652
375,1653
83,1653
338,1655
33,1655
920,1656
125,1656
772,1660
537,1661
853,1662
875,1664
498,1665
470,1667
296,1669
722,1672
671,1673
973,1673
440,1674
34,1674
852,1674
972,1675
41,1675
640,1675
999,1676
794,1677
70,1679
838,1679
127,1683
379,1685
429,1685
164,1686
971,1686
180,1686
89,1688
805,1688
145,1688
9,1696
326,1697
827,1699
746,1701
85,1703
16,1704
323,1707
947,1712
830,1720
649,1721
528,1723
163,1724
814,1724
13,1724
608,1725
406,1726
207,1728
459,1730
770,1731
490,1733
205,1734
626,1740
997,1744
951,1744
449,1744
151,1744
776,1745
800,1745
526,1748
839,1749
506,1749
994,1751
737,1751
242,1756
964,1757
50,1759
937,1761
739,1762
759,1762
298,1763
663,1765
359,1765
618,1770
238,1771
448,1775
866,1776
161,1777
154,1781
561,1781
961,1781
58,1784
347,1791
756,1791
929,1797
588,1799
91,1800
246,1800
55,1803
140,1805
810,1805
889,1806
754,1806
907,1808
12,1812
420,1813
833,1814
768,1814
957,1815
890,1815
51,1816
230,1817
784,1818
587,1818
27,1819
456,1828
417,1828
505,1830
893,1830
278,1830
633,1832
185,1833
607,1835
79,1837
501,1837
30,1839
261,1842
200,1843
124,1844
255,1844
46,1845
467,1849
672,1849
292,1850
858,1850
487,1852
29,1853
802,1853
218,1853
844,1855
274,1855
302,1855
782,1857
550,1857
156,1859
82,1859
798,1864
69,1864
184,1871
116,1873
718,1874
763,1879
668,1880
954,1882
670,1883
465,1883
303,1885
953,1885
121,1897
363,1900
524,1901
237,1902
167,1904
233,1905
596,1911
799,1914
45,1915
433,1918
320,1922
636,1922
194,1923
234,1932
142,1934
534,1936
111,1936
138,1940
243,1941
927,1941
427,1941
950,1942
941,1943
399,1944
357,1946
497,1951
7,1951
535,1954
557,1955
856,1955
413,1960
177,1961
983,1964
818,1971
560,1971
924,1971
660,1974
786,1974
266,1975
229,1976
4,1976
932,1987
704,1987
223,1987
391,1991
711,1994
269,2003
982,2004
258,2008
639,2008
54,2010
76,2011
990,2014
887,2022
186,2024
811,2028
599,2028
899,2028
217,2028
793,2031
284,2033
507,2036
428,2039
795,2040
541,2040
558,2041
914,2042
101,2050
743,2055
421,2057
766,2062
707,2067
688,2068
245,2069
452,2070
627,2076
25,2078
530,2087
514,2090
195,2098
909,2102
849,2107
473,2108
283,2109
329,2111
848,2112
644,2117
515,2118
828,2121
129,2128
187,2128
434,2128
788,2130
846,2131
851,2138
781,2140
735,2141
388,2141
435,2145
290,2146
321,2147
354,2150
97,2154
18,2155
362,2156
870,2159
491,2160
797,2161
509,2161
335,2162
322,2164
31,2165
442,2166
872,2173
380,2182
508,2183
113,2193
401,2199
888,2199
499,2204
779,2206
803,2211
477,2211
209,2214
485,2214
591,2219
384,2225
834,2225
306,2240
648,2242
84,2257
109,2258
174,2260
873,2266
441,2271
597,2272
905,2278
646,2278
257,2286
631,2286
769,2293
758,2296
823,2297
854,2300
143,2302
476,2305
687,2306
88,2310
666,2312
404,2315
57,2320
949,2326
752,2328
637,2334
150,2336
273,2338
77,2347
590,2349
193,2355
315,2358
227,2379
757,2384
531,2391
493,2392
419,2396
339,2401
370,2404
247,2406
166,2410
709,2417
280,2423
600,2424
192,2427
576,2433
6,2435
619,2436
239,2460
880,2463
778,2467
37,2468
750,2472
904,2475
67,2478
911,2479
149,2481
985,2485
44,2487
436,2488
293,2488
700,2522
628,2525
119,2530
86,2538
664,2539
724,2552
605,2555
281,2558
878,2567
376,2567
584,2579
203,2583
989,2586
95,2588
574,2607
943,2621
543,2640
198,2647
791,2651
49,2654
393,2659
886,2659
286,2659
592,2664
876,2667
667,2668
892,2671
523,2695
861,2699
933,2713
611,2718
571,2722
934,2726
940,2729
894,2739
90,2742
425,2779
974,2787
1000,2789
26,2803
898,2814
959,2822
926,2826
128,2830
948,2834
612,2834
251,2842
254,2846
652,2880
598,2889
405,2901
978,2906
215,2914
804,2918
542,2932
809,2963
134,2965
658,2968
437,2974
575,2997
337,3010
581,3010
372,3019
877,3053
446,3060
392,3066
966,3080
20,3107
471,3114
144,3128
565,3139
675,3149
455,3155
285,3172
17,3185
148,3185
36,3213
126,3227
918,3263
60,3302
808,3328
208,3347
188,3348
641,3358
228,3374
462,3402
656,3432
289,3522
686,3551
169,3559
785,3607
402,3623
313,3723
913,3864
250,3923
703,4114
319,4173
732,4373
845,4426
613,4674
340,4923
642,5183

simblock.block.ProofOfWorkBlock@62ceb5c:65
489,0
917,153
984,210
520,269
976,302
904,326
784,358
498,363
615,382
456,417
70,418
466,429
343,451
648,455
542,476
599,481
756,487
468,488
687,508
283,518
87,526
775,530
243,532
915,533
818,543
214,558
55,566
8,568
75,574
177,575
950,581
374,583
928,587
628,594
667,595
761,599
154,603
210,606
664,615
604,630
864,631
662,632
191,635
781,635
561,637
871,639
151,639
790,639
751,640
440,645
692,653
298,657
526,660
960,665
96,669
323,672
147,675
866,681
281,687
872,688
941,689
517,691
85,693
996,693
461,693
418,694
251,695
465,695
582,696
218,699
737,700
164,706
109,708
423,710
965,717
453,723
39,724
53,726
208,727
970,728
573,730
329,730
744,732
893,736
875,736
471,739
338,743
30,746
485,748
653,749
620,749
962,751
783,752
267,752
789,752
146,752
398,753
890,755
289,755
372,756
71,756
127,757
130,760
292,760
470,760
344,763
167,768
379,769
505,772
870,772
576,781
260,781
778,781
961,783
888,785
274,785
268,785
434,786
865,786
681,786
139,786
757,786
194,788
81,789
457,789
309,790
359,790
937,791
959,792
17,792
951,793
412,797
350,797
546,803
222,804
15,805
534,805
296,807
19,807
16,808
312,809
907,810
333,812
759,813
347,813
499,814
640,814
476,814
488,815
427,816
118,816
483,816
59,817
467,818
986,818
407,818
29,822
728,826
436,827
833,828
460,829
123,830
419,833
838,837
469,837
324,839
689,842
1000,843
42,843
522,843
104,843
326,844
336,844
438,844
125,844
487,845
34,845
67,845
903,846
150,846
543,846
280,847
558,847
102,847
897,847
579,848
134,848
190,849
747,849
294,849
515,850
262,850
671,851
797,855
18,855
908,859
422,859
743,859
685,861
301,862
849,862
698,862
853,863
665,863
246,864
54,864
947,866
574,867
271,868
240,870
739,870
654,870
532,870
205,871
942,872
748,873
518,874
295,875
180,876
706,877
482,881
813,882
693,882
217,882
695,883
89,885
106,886
618,886
740,889
602,889
204,892
249,894
537,896
145,897
958,898
852,899
591,899
944,900
631,900
817,900
945,900
389,900
198,900
612,900
708,900
885,901
830,901
827,901
41,901
714,902
195,902
531,903
798,903
773,903
925,903
882,904
985,904
912,905
672,905
5,906
491,906
632,906
916,906
115,907
793,907
442,908
79,908
717,908
424,909
458,910
858,911
258,912
475,913
49,913
92,914
938,914
722,914
368,915
957,915
940,917
705,917
800,918
187,918
565,919
535,919
587,920
149,920
236,922
360,923
570,924
297,924
832,926
116,926
384,929
971,931
473,932
352,932
814,933
229,934
381,935
448,936
63,936
209,937
278,937
439,938
414,939
163,939
394,939
464,939
868,941
366,942
766,943
83,943
376,944
185,946
99,946
48,946
835,947
378,949
213,949
869,950
663,950
791,951
758,951
598,952
33,953
828,955
380,956
233,957
605,957
203,958
730,958
313,958
416,958
586,959
955,959
718,959
328,959
383,959
963,960
377,962
143,963
247,963
159,963
811,964
760,964
861,964
782,964
590,964
186,964
256,965
767,965
932,966
501,966
886,966
595,966
704,966
172,967
263,967
503,967
770,967
990,968
300,969
507,970
393,971
639,971
239,971
320,971
710,971
124,973
74,973
193,975
682,975
24,976
88,977
720,978
508,980
545,980
21,981
25,983
93,983
357,983
851,984
948,984
920,987
726,988
969,990
930,990
47,991
431,992
284,993
746,993
420,994
846,995
836,995
997,995
972,996
700,996
854,996
914,997
819,998
988,999
490,999
82,1000
10,1002
153,1003
363,1005
727,1005
148,1006
992,1006
699,1006
641,1006
56,1008
305,1008
524,1011
725,1011
31,1011
821,1012
560,1013
385,1015
585,1017
182,1018
994,1019
769,1020
232,1020
841,1021
562,1021
715,1022
200,1022
637,1023
27,1023
552,1023
856,1023
603,1023
839,1024
982,1024
999,1024
277,1026
443,1026
129,1026
189,1027
669,1027
622,1028
711,1030
128,1030
179,1033
375,1033
227,1035
528,1035
176,1035
900,1039
77,1040
497,1042
840,1044
346,1044
541,1044
345,1049
358,1051
857,1052
973,1052
713,1054
609,1055
275,1056
206,1057
13,1058
881,1061
165,1065
749,1068
712,1068
90,1068
993,1068
391,1072
577,1073
624,1074
655,1074
569,1074
645,1076
307,1080
924,1082
902,1082
223,1082
69,1082
731,1083
754,1083
337,1085
257,1086
342,1087
826,1088
242,1089
929,1092
112,1103
549,1106
644,1108
230,1109
911,1113
111,1113
395,1116
183,1121
831,1124
68,1125
578,1126
816,1128
879,1129
921,1129
500,1133
450,1133
979,1137
231,1138
349,1138
290,1138
202,1139
931,1141
581,1143
575,1150
568,1151
511,1153
616,1153
282,1154
397,1154
184,1156
445,1156
411,1157
647,1158
677,1160
316,1161
796,1162
241,1163
855,1163
265,1165
353,1166
824,1169
776,1169
967,1171
459,1173
847,1177
779,1179
310,1179
65,1180
331,1180
862,1180
630,1183
170,1184
410,1184
923,1187
596,1188
317,1190
556,1194
114,1194
226,1194
12,1194
956,1195
98,1197
334,1199
980,1201
964,1202
765,1202
484,1204
521,1205
486,1209
837,1209
32,1210
683,1214
291,1217
365,1218
555,1218
28,1219
444,1220
152,1224
859,1225
548,1230
621,1230
516,1231
78,1234
525,1235
495,1241
723,1241
234,1242
780,1243
4,1243
396,1243
107,1250
158,1250
629,1250
1,1251
51,1252
676,1252
155,1252
680,1254
987,1254
387,1256
52,1256
922,1257
608,1261
806,1264
733,1269
244,1269
594,1272
753,1276
14,1277
211,1277
529,1281
764,1282
287,1282
995,1286
371,1286
162,1287
341,1288
117,1289
110,1293
719,1293
426,1294
219,1296
403,1297
998,1299
673,1300
939,1302
625,1302
659,1303
405,1309
815,1310
843,1310
863,1311
504,1312
175,1313
860,1316
805,1317
668,1318
429,1321
691,1323
946,1323
553,1325
527,1328
390,1328
512,1330
702,1331
891,1334
171,1335
820,1335
136,1336
201,1337
38,1337
62,1338
276,1338
701,1340
272,1341
168,1342
432,1346
593,1348
451,1352
94,1352
566,1353
299,1355
408,1356
73,1357
597,1358
977,1359
755,1361
264,1363
651,1363
252,1363
513,1365
825,1365
919,1371
580,1371
173,1373
539,1373
248,1374
108,1374
356,1374
66,1377
634,1380
454,1382
583,1387
409,1387
551,1388
850,1390
697,1390
355,1390
540,1392
910,1392
327,1394
734,1397
716,1397
6,1400
762,1402
801,1404
774,1405
131,1407
270,1410
808,1412
135,1413
132,1414
311,1416
100,1416
652,1417
430,1420
901,1421
181,1423
119,1427
567,1429
975,1434
564,1435
2,1440
788,1442
255,1445
225,1447
472,1451
896,1452
325,1457
506,1460
103,1465
690,1468
481,1469
536,1471
519,1474
978,1474
238,1476
694,1483
330,1487
883,1489
413,1491
493,1491
141,1492
220,1495
674,1501
224,1502
318,1502
415,1502
259,1503
538,1507
729,1512
981,1512
361,1515
197,1516
606,1516
741,1522
314,1525
787,1526
279,1526
373,1528
452,1534
768,1535
795,1536
554,1536
479,1537
777,1538
9,1539
425,1543
678,1543
235,1544
304,1545
401,1546
207,1547
906,1549
563,1552
848,1552
80,1558
64,1560
72,1560
610,1562
161,1562
122,1564
991,1568
285,1569
11,1571
478,1571
772,1573
510,1578
140,1582
771,1583
142,1583
348,1583
557,1587
435,1596
286,1596
253,1597
844,1597
496,1607
293,1613
530,1614
121,1615
404,1616
57,1620
735,1622
834,1625
113,1627
721,1629
943,1630
642,1633
633,1634
807,1635
188,1637
370,1639
97,1640
601,1641
812,1641
351,1641
245,1647
315,1647
169,1648
983,1651
44,1651
406,1658
657,1658
785,1664
829,1673
35,1675
909,1677
952,1677
954,1678
221,1680
273,1682
635,1683
688,1683
216,1684
874,1688
84,1693
613,1694
661,1695
494,1695
649,1696
335,1698
968,1699
76,1710
646,1710
105,1710
437,1711
670,1712
22,1712
867,1714
367,1722
794,1723
91,1723
736,1727
571,1728
160,1730
802,1732
589,1733
339,1737
607,1746
332,1748
927,1753
364,1755
463,1756
905,1758
895,1762
623,1769
686,1773
656,1778
724,1783
156,1794
192,1795
876,1798
196,1799
269,1809
212,1812
266,1823
696,1828
643,1828
989,1837
842,1843
750,1844
738,1847
823,1848
799,1850
619,1851
913,1854
480,1855
137,1855
792,1856
133,1859
679,1870
120,1871
892,1871
544,1879
492,1880
742,1881
306,1884
514,1887
617,1889
703,1894
95,1898
935,1900
650,1903
588,1908
627,1908
399,1914
417,1914
302,1919
592,1920
953,1924
887,1927
533,1927
974,1930
58,1936
308,1955
732,1973
261,1975
174,1978
502,1983
878,1993
614,2000
709,2009
763,2011
550,2011
547,2012
884,2019
926,2022
400,2028
660,2029
936,2030
369,2040
636,2040
611,2052
684,2053
3,2066
894,2072
382,2074
433,2079
509,2081
250,2093
873,2114
386,2136
933,2139
462,2142
319,2164
934,2167
23,2183
572,2189
845,2193
559,2199
288,2204
786,2212
626,2220
421,2259
523,2263
321,2269
474,2282
803,2291
877,2292
666,2302
322,2325
402,2330
228,2342
392,2350
362,2359
199,2368
138,2370
745,2371
822,2375
7,2375
157,2390
446,2392
61,2393
889,2404
898,2425
215,2427
144,2465
600,2477
638,2541
178,2548
707,2552
949,2562
40,2567
449,2574
804,2614
455,2630
354,2631
60,2634
166,2642
36,2655
303,2680
675,2695
340,2709
43,2734
880,2763
50,2767
388,2830
966,2849
126,2857
254,2865
45,2899
447,2908
86,2955
441,2978
658,2991
752,2993
37,3024
584,3153
899,3189
428,3217
101,3238
20,3290
46,3309
918,3333
237,3436
809,3529
810,3672
26,3721
477,4008

simblock.block.ProofOfWorkBlock@304404d3:66
58,0
28,733
837,960
136,1016
986,1071
617,1152
741,1178
325,1234
168,1238
201,1267
726,1291
572,1294
435,1320
564,1339
445,1353
699,1373
318,1397
511,1406
171,1408
430,1435
199,1454
900,1458
806,1468
160,1487
114,1487
712,1487
593,1489
147,1512
694,1515
495,1516
967,1516
956,1537
519,1539
910,1549
630,1568
406,1569
241,1571
551,1573
807,1575
472,1579
133,1583
494,1598
749,1599
577,1600
235,1606
525,1614
117,1618
4,1620
415,1629
444,1631
52,1633
120,1652
496,1656
137,1662
668,1663
232,1663
146,1665
816,1678
64,1679
829,1681
364,1684
107,1685
995,1687
812,1689
826,1697
267,1697
403,1707
506,1707
776,1710
365,1711
513,1713
98,1718
272,1719
647,1719
87,1721
883,1725
842,1740
334,1740
751,1742
502,1743
162,1743
72,1744
73,1758
62,1761
867,1763
566,1763
252,1764
331,1765
349,1767
454,1767
481,1770
728,1778
458,1787
841,1788
351,1790
265,1791
80,1791
173,1792
23,1794
355,1795
224,1795
650,1800
348,1800
65,1801
720,1802
22,1805
729,1806
372,1814
222,1815
211,1819
221,1824
390,1824
521,1825
745,1825
1,1826
621,1827
504,1827
141,1831
155,1834
655,1836
923,1837
893,1841
108,1843
346,1846
484,1846
678,1846
461,1847
197,1848
771,1848
463,1848
977,1850
556,1850
299,1851
94,1852
112,1855
886,1856
651,1856
760,1862
291,1870
105,1872
757,1872
645,1872
361,1873
297,1873
152,1875
451,1875
549,1878
987,1880
219,1881
919,1882
225,1883
2,1883
661,1885
559,1885
382,1888
440,1890
216,1890
416,1893
288,1894
304,1896
862,1902
442,1904
88,1904
701,1905
772,1905
214,1906
529,1906
528,1907
690,1907
896,1909
906,1911
691,1913
480,1913
341,1913
625,1914
659,1915
594,1917
148,1918
270,1921
486,1927
536,1928
30,1929
850,1929
203,1930
408,1930
103,1931
580,1932
131,1932
696,1935
122,1935
783,1937
248,1937
259,1939
515,1939
102,1942
132,1942
959,1947
657,1949
61,1951
179,1951
369,1952
825,1952
935,1958
330,1959
973,1960
296,1962
832,1962
567,1962
15,1963
831,1963
853,1964
398,1965
40,1967
820,1967
901,1968
426,1969
184,1972
327,1973
538,1975
764,1976
814,1980
601,1982
14,1983
135,1985
380,1987
546,1987
979,1987
643,1989
522,1990
407,1991
539,1991
638,1992
289,1993
276,1994
843,1994
684,1995
447,1996
196,1997
554,1999
847,1999
616,2000
280,2000
679,2001
520,2002
610,2003
677,2003
99,2007
439,2007
828,2007
431,2007
716,2008
167,2009
279,2009
226,2010
715,2010
860,2011
859,2011
395,2012
209,2013
702,2013
189,2014
928,2015
233,2015
308,2015
753,2017
5,2019
775,2020
778,2022
968,2024
81,2024
336,2024
962,2024
780,2025
635,2026
667,2026
640,2029
175,2030
884,2031
356,2033
418,2033
787,2034
516,2035
545,2039
540,2040
980,2043
915,2045
801,2046
931,2047
294,2047
409,2047
583,2048
612,2048
333,2049
544,2049
998,2049
375,2051
891,2053
501,2053
685,2055
765,2057
984,2058
602,2062
469,2063
3,2063
386,2065
31,2065
397,2066
11,2066
457,2068
429,2070
770,2070
553,2072
721,2074
324,2074
344,2075
170,2075
130,2075
443,2076
680,2077
992,2077
177,2079
981,2079
260,2079
230,2079
373,2080
815,2083
733,2084
921,2085
936,2087
220,2087
774,2088
353,2089
27,2089
719,2090
952,2091
359,2091
626,2094
676,2094
479,2095
1000,2095
412,2096
618,2096
360,2097
864,2100
869,2102
922,2105
314,2105
35,2106
212,2106
713,2107
78,2108
589,2109
576,2111
991,2112
609,2115
110,2118
264,2119
792,2119
932,2120
411,2122
734,2123
870,2126
282,2127
287,2128
954,2129
725,2129
178,2129
275,2130
762,2131
208,2132
181,2133
541,2135
258,2135
163,2135
244,2136
671,2137
736,2138
385,2141
527,2141
310,2142
422,2145
100,2145
432,2146
800,2146
198,2146
66,2147
591,2148
822,2152
191,2153
941,2154
295,2155
489,2155
39,2156
755,2156
578,2158
838,2158
115,2158
654,2160
629,2160
205,2161
930,2161
510,2162
833,2162
9,2164
634,2169
819,2169
606,2170
381,2171
448,2173
615,2174
706,2176
738,2176
366,2177
586,2177
332,2179
674,2179
731,2180
21,2180
747,2183
476,2184
118,2187
555,2187
673,2188
343,2188
436,2188
531,2188
253,2188
512,2189
961,2192
863,2193
210,2193
89,2196
311,2196
368,2201
47,2202
313,2202
942,2203
849,2206
427,2209
268,2210
982,2210
907,2211
374,2211
316,2211
92,2211
964,2212
569,2212
378,2212
488,2214
16,2214
48,2214
396,2214
271,2214
988,2214
948,2214
456,2215
139,2215
854,2217
796,2220
83,2220
777,2221
746,2222
51,2222
194,2225
723,2226
187,2229
309,2231
125,2231
478,2236
857,2236
328,2239
503,2240
669,2240
939,2242
697,2244
200,2245
243,2245
82,2248
827,2250
491,2250
999,2251
622,2253
851,2256
623,2258
742,2261
852,2262
581,2263
434,2263
743,2266
532,2266
524,2266
183,2267
561,2267
570,2268
70,2270
840,2271
317,2273
945,2276
608,2277
756,2279
292,2281
90,2284
119,2286
960,2287
18,2287
575,2290
231,2290
326,2290
338,2293
558,2293
256,2294
695,2294
904,2295
568,2295
240,2295
363,2297
683,2298
242,2301
485,2306
997,2309
582,2309
367,2309
337,2310
563,2315
283,2318
798,2320
387,2322
305,2322
127,2323
565,2325
420,2329
410,2329
176,2332
391,2337
128,2338
417,2340
394,2342
908,2342
681,2346
281,2346
347,2347
223,2349
497,2350
414,2350
903,2352
140,2352
33,2353
739,2354
59,2356
766,2358
976,2360
855,2360
358,2362
969,2362
682,2363
874,2364
587,2365
882,2367
542,2367
632,2367
996,2370
239,2371
63,2375
55,2375
154,2377
916,2381
153,2383
262,2384
8,2384
597,2384
758,2386
123,2387
692,2388
93,2388
150,2391
624,2392
805,2394
500,2396
794,2400
278,2401
761,2403
821,2406
41,2407
384,2407
543,2408
789,2412
29,2415
143,2420
383,2423
705,2424
217,2424
790,2425
74,2426
54,2429
856,2431
810,2432
773,2441
468,2441
350,2442
190,2443
722,2445
246,2446
285,2447
740,2447
473,2448
944,2449
298,2450
236,2451
963,2451
43,2457
636,2460
86,2461
342,2463
96,2466
718,2467
793,2468
744,2468
13,2470
865,2472
284,2472
585,2472
165,2474
714,2476
38,2479
946,2481
579,2485
730,2488
188,2488
993,2488
974,2494
111,2494
920,2494
889,2496
717,2496
892,2496
573,2498
970,2498
975,2501
17,2506
595,2510
261,2515
345,2516
675,2516
493,2518
872,2519
534,2519
784,2521
535,2522
274,2522
846,2524
379,2528
42,2530
475,2532
754,2532
186,2535
596,2536
811,2538
371,2538
818,2541
483,2548
899,2548
471,2550
803,2552
302,2553
687,2554
888,2557
104,2558
909,2558
560,2559
257,2559
362,2562
938,2563
791,2567
584,2577
664,2578
509,2581
707,2582
465,2582
868,2583
68,2585
620,2586
85,2588
423,2597
665,2599
817,2600
662,2605
913,2609
809,2609
951,2611
7,2613
943,2614
642,2616
413,2620
950,2621
750,2621
599,2622
839,2622
631,2624
552,2624
195,2625
129,2625
693,2626
926,2627
735,2627
446,2629
352,2630
912,2632
983,2632
603,2632
781,2635
759,2636
782,2641
459,2642
263,2643
312,2645
142,2647
507,2648
97,2649
227,2649
56,2650
437,2651
547,2651
206,2652
748,2658
121,2661
424,2662
933,2667
247,2669
492,2669
467,2669
498,2671
985,2677
399,2681
32,2684
290,2684
836,2694
218,2695
598,2696
989,2698
250,2699
49,2700
611,2701
727,2705
641,2707
902,2707
145,2707
947,2710
808,2710
238,2711
277,2712
672,2713
990,2714
323,2715
207,2717
462,2722
192,2724
377,2727
487,2732
124,2732
477,2739
202,2742
571,2743
971,2745
84,2755
795,2759
881,2759
266,2760
10,2762
514,2764
193,2764
319,2768
663,2768
914,2773
307,2774
871,2789
470,2799
460,2799
388,2800
164,2801
389,2801
71,2801
101,2803
958,2804
813,2806
249,2807
315,2811
905,2813
12,2816
953,2819
46,2820
482,2821
924,2825
234,2826
972,2828
404,2832
895,2833
709,2835
421,2837
182,2843
600,2848
824,2851
653,2856
844,2857
688,2860
752,2863
879,2867
523,2869
95,2874
77,2875
113,2879
450,2881
590,2883
57,2883
229,2884
60,2885
75,2890
159,2890
213,2891
689,2891
788,2897
53,2905
172,2905
204,2906
157,2911
670,2915
562,2919
613,2921
441,2934
79,2935
37,2936
957,2939
329,2944
405,2944
438,2946
804,2949
644,2950
185,2964
785,2968
245,2969
646,2972
357,2973
508,2975
453,2975
466,2979
320,2980
517,2981
19,2981
897,2981
890,2997
704,2999
34,3002
949,3005
940,3005
321,3014
876,3021
464,3027
151,3030
737,3049
533,3058
711,3059
708,3063
116,3064
911,3067
24,3068
637,3081
994,3082
955,3083
76,3086
877,3089
149,3094
91,3104
69,3110
537,3112
875,3125
392,3128
25,3138
156,3140
169,3143
393,3150
300,3155
648,3156
710,3158
858,3164
449,3173
797,3174
490,3177
917,3179
499,3180
619,3181
666,3192
237,3194
639,3204
686,3220
604,3227
166,3230
700,3236
180,3244
548,3247
834,3256
400,3257
574,3260
769,3267
138,3269
36,3281
894,3282
965,3283
67,3292
866,3300
799,3301
929,3330
518,3330
767,3351
937,3352
698,3355
605,3355
614,3356
592,3375
848,3377
293,3380
425,3380
106,3383
254,3391
978,3421
925,3423
885,3424
401,3443
927,3445
779,3461
845,3476
322,3482
633,3496
873,3504
215,3504
830,3508
109,3525
158,3528
652,3533
26,3534
126,3534
880,3535
6,3545
161,3558
658,3593
823,3609
802,3628
20,3629
144,3634
934,3638
376,3641
340,3642
303,3668
301,3681
455,3693
433,3694
835,3714
786,3725
44,3729
474,3730
419,3736
607,3740
45,3752
898,3754
370,3784
428,3790
887,3812
861,3815
724,3876
402,3878
452,3882
628,3895
588,3933
732,3947
660,3954
557,3977
627,3979
354,4058
763,4062
306,4097
526,4120
228,4125
335,4126
255,4130
550,4232
918,4236
174,4312
273,4319
878,4354
530,4374
649,4384
966,4482
505,4500
703,4561
339,4571
656,4596
50,4632
286,4824
269,4852
134,4883
768,5103
251,5266

simblock.block.ProofOfWorkBlock@43ea3fe0:67
35,0
346,227
445,443
984,497
78,525
253,617
323,652
536,662
29,672
1,704
506,744
586,748
468,781
334,792
127,803
389,824
331,826
199,836
112,838
343,860
705,860
457,862
719,873
226,882
320,893
837,912
664,919
981,920
201,921
765,924
283,927
206,934
242,949
89,954
736,965
884,966
772,967
384,974
214,981
268,984
868,991
38,1002
875,1008
367,1008
444,1010
590,1013
102,1014
865,1017
816,1018
740,1019
308,1023
208,1031
330,1046
870,1048
409,1048
30,1049
575,1050
435,1050
853,1052
489,1053
990,1057
635,1057
128,1065
578,1066
738,1070
475,1075
608,1076
886,1077
14,1084
467,1084
758,1088
976,1088
938,1089
23,1091
235,1098
311,1099
551,1100
349,1100
90,1101
695,1107
526,1108
528,1108
418,1109
811,1112
466,1117
430,1117
204,1122
312,1125
11,1127
454,1130
610,1133
164,1133
668,1137
114,1137
947,1138
982,1140
325,1142
849,1144
866,1144
491,1145
774,1147
885,1151
309,1154
73,1154
942,1155
344,1155
205,1158
103,1164
904,1164
223,1165
251,1165
375,1167
673,1167
948,1169
836,1170
473,1170
345,1172
294,1172
498,1175
436,1178
890,1180
680,1181
721,1181
589,1185
727,1189
167,1191
964,1192
396,1194
442,1194
68,1196
531,1197
471,1198
382,1200
67,1201
644,1202
992,1203
27,1205
146,1205
917,1209
52,1210
856,1211
501,1212
771,1212
827,1213
791,1216
74,1216
769,1217
137,1218
64,1219
996,1221
958,1222
944,1223
744,1225
797,1226
963,1227
631,1227
248,1227
476,1229
447,1231
366,1231
236,1232
347,1233
751,1233
511,1234
706,1235
573,1235
193,1237
872,1237
556,1237
393,1238
219,1239
274,1240
901,1245
994,1245
267,1248
211,1250
270,1250
257,1251
459,1252
861,1252
820,1253
422,1254
173,1254
151,1254
713,1256
326,1258
186,1259
461,1259
852,1260
485,1262
81,1264
136,1267
569,1267
75,1268
289,1269
616,1269
882,1270
376,1271
854,1272
577,1272
542,1273
782,1273
819,1273
862,1273
398,1274
689,1274
546,1275
783,1275
863,1276
387,1276
779,1278
262,1278
794,1278
739,1281
143,1282
922,1283
581,1284
298,1284
328,1285
959,1285
773,1288
754,1288
604,1289
840,1290
979,1290
532,1291
314,1291
200,1293
993,1293
742,1293
653,1294
305,1294
28,1296
104,1297
759,1297
961,1297
407,1298
847,1300
743,1302
414,1304
469,1306
871,1306
438,1308
234,1308
697,1310
715,1311
153,1312
189,1313
368,1314
638,1314
116,1315
465,1316
426,1317
134,1317
412,1318
352,1319
566,1319
15,1320
654,1320
572,1320
560,1320
587,1321
176,1322
540,1323
299,1323
456,1323
120,1324
148,1326
637,1327
246,1329
258,1329
276,1329
70,1330
907,1330
385,1330
910,1331
372,1331
915,1332
497,1332
307,1334
338,1336
504,1336
641,1337
118,1338
332,1338
243,1339
717,1339
595,1344
864,1345
746,1346
440,1346
928,1346
987,1346
301,1347
537,1348
220,1349
165,1349
77,1350
470,1350
420,1350
122,1351
519,1351
674,1351
429,1351
701,1352
857,1353
676,1354
762,1354
756,1355
63,1355
667,1355
662,1356
13,1357
180,1357
800,1357
570,1357
549,1358
147,1360
337,1362
249,1364
365,1364
357,1365
655,1365
778,1366
533,1367
154,1367
391,1367
725,1368
932,1369
304,1370
923,1371
213,1372
329,1373
394,1373
784,1373
630,1374
596,1374
648,1374
336,1374
698,1375
185,1376
579,1376
17,1377
937,1378
224,1378
508,1378
8,1378
965,1379
92,1379
968,1380
59,1380
710,1383
341,1383
902,1383
789,1384
760,1385
999,1386
12,1386
5,1387
555,1387
770,1387
40,1388
33,1389
950,1389
622,1390
851,1391
256,1393
747,1394
183,1394
419,1395
32,1396
149,1397
510,1398
618,1400
624,1401
731,1401
960,1402
733,1402
230,1403
672,1403
813,1404
525,1405
360,1405
980,1405
107,1406
229,1407
939,1407
753,1408
21,1408
453,1410
280,1410
935,1411
602,1411
434,1412
94,1412
995,1413
781,1414
10,1415
541,1415
19,1416
888,1416
621,1416
247,1417
197,1418
374,1419
232,1420
403,1421
991,1422
583,1424
139,1424
16,1424
975,1425
460,1427
521,1427
132,1428
263,1428
285,1428
271,1429
443,1429
54,1431
956,1432
824,1432
355,1433
179,1433
31,1434
272,1435
554,1436
597,1436
677,1437
110,1437
66,1437
620,1437
833,1438
580,1441
496,1441
371,1442
841,1442
85,1443
704,1443
316,1443
240,1444
1000,1444
565,1445
358,1445
712,1445
628,1448
832,1449
62,1450
815,1453
946,1453
831,1454
822,1454
106,1454
264,1454
505,1457
177,1457
807,1457
133,1459
518,1461
195,1461
601,1462
598,1464
260,1464
364,1464
908,1464
472,1466
561,1466
903,1469
115,1469
196,1471
835,1471
163,1471
217,1473
690,1473
363,1474
2,1476
780,1480
125,1483
386,1483
350,1483
687,1484
342,1485
55,1486
679,1487
722,1488
171,1489
881,1489
190,1490
100,1491
24,1492
241,1495
737,1495
643,1496
172,1496
955,1498
850,1499
490,1502
65,1503
568,1505
324,1505
41,1505
775,1507
634,1507
594,1509
181,1510
265,1510
615,1513
184,1514
130,1514
891,1514
416,1515
400,1516
361,1516
748,1518
951,1518
450,1519
221,1520
287,1520
516,1522
313,1522
160,1523
567,1525
99,1527
379,1533
843,1533
718,1533
538,1535
378,1535
651,1536
500,1539
327,1540
82,1545
152,1545
629,1545
72,1548
678,1550
792,1551
914,1553
612,1553
488,1554
381,1559
766,1559
548,1559
117,1560
741,1561
79,1562
259,1564
96,1565
48,1565
141,1568
632,1570
842,1573
479,1573
140,1574
684,1576
356,1576
921,1576
829,1578
941,1578
545,1579
512,1580
617,1582
216,1582
233,1582
582,1584
805,1584
439,1584
998,1585
275,1585
310,1586
317,1587
931,1588
659,1589
564,1589
80,1591
936,1592
290,1592
969,1594
879,1595
451,1598
639,1600
734,1602
906,1602
714,1603
605,1603
828,1605
318,1606
625,1606
34,1610
244,1611
191,1613
626,1614
207,1616
529,1616
682,1619
482,1620
129,1622
178,1622
657,1623
108,1626
432,1627
520,1629
170,1629
51,1632
957,1641
552,1643
693,1643
295,1643
411,1643
168,1644
896,1645
495,1647
53,1648
135,1654
558,1654
699,1655
796,1657
647,1662
723,1662
513,1664
3,1668
383,1670
650,1671
720,1673
920,1673
210,1674
919,1674
225,1677
288,1678
563,1684
645,1685
25,1687
954,1688
182,1689
694,1691
970,1693
825,1694
755,1696
478,1696
576,1698
481,1699
527,1703
745,1703
801,1705
155,1709
424,1710
860,1711
603,1714
661,1720
282,1721
39,1721
708,1723
683,1724
867,1728
859,1729
464,1731
131,1731
22,1733
692,1733
821,1737
188,1739
380,1739
463,1743
480,1745
702,1748
855,1748
826,1748
279,1749
839,1749
962,1754
623,1754
503,1759
162,1760
175,1760
351,1765
47,1766
42,1767
18,1769
707,1772
202,1773
585,1777
790,1777
252,1777
231,1780
198,1783
291,1784
973,1784
297,1784
399,1785
900,1787
194,1791
764,1794
333,1795
61,1800
830,1801
761,1802
286,1803
880,1805
729,1808
390,1809
703,1812
749,1815
4,1815
945,1816
726,1817
377,1825
652,1831
681,1831
798,1833
691,1833
397,1837
799,1841
408,1842
611,1843
43,1844
484,1847
640,1850
87,1850
846,1851
492,1855
911,1856
277,1858
777,1858
413,1859
395,1861
145,1861
544,1867
685,1867
967,1867
918,1868
417,1876
212,1877
812,1880
893,1884
844,1884
688,1886
254,1893
793,1895
159,1897
953,1898
203,1900
823,1904
574,1907
157,1908
123,1909
787,1913
550,1914
858,1915
238,1915
514,1916
895,1919
105,1920
406,1926
966,1927
730,1935
642,1936
786,1938
593,1939
609,1945
818,1949
916,1952
284,1958
158,1958
109,1958
599,1960
483,1965
98,1973
448,1976
348,1977
303,1977
898,1978
788,1985
874,1986
952,1986
562,1988
806,1989
433,1991
71,1992
989,1995
192,1997
724,2002
711,2003
121,2004
474,2005
269,2008
404,2009
502,2010
209,2012
553,2013
802,2015
636,2017
776,2022
370,2023
700,2025
808,2031
296,2032
111,2036
785,2036
97,2036
9,2039
144,2041
239,2044
943,2045
306,2050
649,2055
7,2064
321,2066
925,2070
897,2070
458,2071
45,2073
402,2075
95,2081
57,2082
988,2082
373,2091
423,2092
883,2099
119,2102
58,2112
986,2114
646,2114
266,2116
675,2116
619,2118
392,2124
56,2125
300,2126
88,2131
767,2132
524,2132
940,2139
93,2143
539,2148
716,2150
515,2152
606,2156
494,2158
150,2161
607,2162
592,2164
930,2165
869,2165
584,2176
302,2181
113,2182
559,2189
977,2191
795,2198
507,2202
933,2205
814,2206
261,2214
83,2218
446,2225
46,2236
627,2238
218,2248
735,2249
834,2251
369,2260
905,2265
669,2267
934,2272
926,2272
696,2273
142,2285
36,2286
768,2291
804,2293
665,2300
535,2304
278,2307
838,2308
425,2312
174,2319
894,2322
431,2326
319,2327
415,2330
353,2331
499,2332
427,2337
517,2339
547,2361
493,2366
887,2373
591,2378
44,2392
663,2394
656,2396
91,2398
161,2401
84,2413
803,2414
817,2422
449,2433
124,2440
293,2447
486,2450
50,2474
86,2479
359,2481
187,2482
848,2484
728,2485
340,2489
750,2501
543,2501
227,2508
69,2520
899,2525
335,2525
878,2528
666,2539
388,2543
997,2553
974,2555
809,2559
6,2566
156,2569
222,2570
138,2584
534,2596
509,2619
912,2619
76,2621
670,2627
889,2642
924,2656
600,2660
972,2681
428,2688
101,2701
971,2703
169,2716
709,2718
354,2725
487,2730
462,2732
873,2739
810,2755
732,2759
477,2762
929,2772
530,2775
215,2780
985,2797
455,2801
60,2804
633,2815
763,2825
614,2846
410,2857
437,2869
588,2893
315,2905
522,2906
913,2907
339,2951
671,2953
245,2964
49,2972
909,2976
686,2981
362,3027
292,3036
660,3052
557,3064
166,3065
845,3072
752,3075
757,3129
978,3144
37,3157
237,3192
273,3200
983,3208
26,3236
228,3242
658,3278
281,3302
927,3302
441,3314
20,3383
405,3394
401,3405
421,3476
949,3485
523,3500
322,3551
613,3641
892,3656
876,3749
255,3759
452,3798
571,3892
126,3903
877,4052
250,4064

simblock.block.ProofOfWorkBlock@20f3490f:68
945,0
602,151
309,207
375,270
307,304
778,333
491,358
394,367
546,389
824,421
337,421
940,450
582,458
700,477
420,479
313,483
456,491
104,506
879,507
760,514
937,526
49,537
30,538
423,543
813,547
185,549
916,563
990,564
153,571
106,571
222,572
194,582
711,595
342,600
458,603
457,605
70,606
48,607
90,619
886,619
206,623
163,627
130,627
861,629
948,629
695,633
5,637
851,643
835,644
944,658
243,659
384,659
263,661
663,661
821,669
427,671
295,671
231,672
88,675
312,675
358,676
292,680
275,684
99,684
440,685
999,688
706,689
146,692
543,693
198,695
545,696
393,699
971,700
597,700
689,700
8,712
819,716
682,717
338,718
591,722
705,722
832,724
305,725
561,725
932,729
336,731
467,731
75,732
853,733
147,733
260,733
378,735
296,736
743,741
797,741
387,745
208,746
581,747
585,749
668,751
475,753
431,754
139,755
123,756
938,757
89,758
329,758
871,759
984,760
442,766
102,771
247,771
664,771
975,773
992,774
925,777
766,777
870,778
759,779
195,780
521,781
852,781
92,781
791,783
53,783
204,784
300,786
15,786
740,788
366,789
488,789
595,791
461,792
618,794
372,794
800,794
790,796
988,797
904,797
793,800
277,804
116,807
915,810
385,810
640,811
518,811
316,812
994,813
587,813
875,813
963,814
448,814
74,819
993,821
350,822
81,822
751,824
599,824
818,826
249,826
693,826
176,827
200,828
959,828
965,829
672,829
628,829
210,831
236,833
856,834
434,834
608,834
548,835
407,836
669,837
615,837
840,838
352,838
471,839
42,839
864,840
744,840
781,842
574,842
714,843
558,844
271,845
246,845
257,845
560,845
297,846
27,846
357,847
612,848
836,849
490,850
56,851
681,851
522,851
284,851
524,852
233,853
16,856
972,856
958,858
739,860
671,862
704,862
609,867
202,867
159,867
343,868
997,870
996,870
508,870
345,871
483,872
485,872
507,872
256,872
489,874
914,877
13,878
469,879
239,879
55,880
708,880
476,883
541,883
439,884
459,885
828,885
973,888
87,888
374,888
172,889
846,889
67,890
347,890
573,891
775,892
520,892
268,893
333,893
25,894
82,894
154,895
782,895
757,896
648,896
869,896
811,896
240,897
29,897
576,897
391,897
205,898
465,899
798,899
754,900
854,900
438,901
814,902
280,902
985,902
565,902
769,903
19,903
466,903
955,903
230,905
761,906
145,906
961,907
604,908
164,908
165,908
21,908
274,908
323,908
383,908
718,909
59,911
377,911
637,911
182,912
838,913
39,915
324,916
468,917
498,917
223,917
419,919
528,921
654,921
817,922
214,924
632,924
414,925
505,926
722,927
190,927
868,927
77,928
79,928
531,930
685,930
698,931
897,931
218,932
83,933
38,935
262,936
68,937
258,938
912,938
982,938
368,939
503,942
497,942
193,943
115,943
63,943
360,945
631,945
730,945
436,945
203,945
34,946
725,946
731,946
227,947
359,948
728,948
187,948
717,948
605,949
298,950
624,950
662,951
424,952
849,952
278,952
267,952
713,953
641,953
389,954
962,955
535,955
570,957
470,958
858,959
85,959
398,959
12,959
976,960
443,961
866,961
356,962
150,962
537,962
827,962
908,964
301,964
692,965
127,966
453,966
534,967
902,968
872,968
773,970
10,972
881,972
710,973
167,973
598,974
1000,975
552,976
951,977
747,977
929,978
499,979
109,979
93,980
928,980
829,981
882,981
143,983
148,983
969,984
626,984
412,984
183,985
363,986
687,986
590,988
865,988
947,990
137,990
746,990
460,990
917,994
487,994
920,994
422,995
229,996
979,996
111,999
942,999
213,1000
406,1001
783,1002
758,1003
830,1005
645,1005
473,1006
418,1006
789,1006
526,1008
655,1008
950,1009
242,1010
833,1011
957,1011
501,1012
128,1014
186,1015
893,1015
54,1017
517,1018
283,1019
151,1019
96,1019
970,1021
727,1021
69,1025
290,1026
885,1027
857,1027
579,1028
715,1028
317,1030
17,1032
376,1032
326,1034
767,1035
180,1037
379,1038
482,1038
118,1040
129,1041
158,1041
281,1042
603,1043
575,1044
24,1046
396,1048
924,1049
217,1052
251,1053
665,1055
71,1060
124,1062
532,1063
748,1063
502,1067
346,1067
903,1067
18,1068
41,1071
125,1071
330,1073
919,1073
620,1076
923,1077
770,1077
890,1077
568,1078
320,1078
907,1078
149,1079
941,1082
960,1083
719,1084
553,1085
179,1085
289,1088
653,1092
328,1098
911,1098
756,1101
639,1101
774,1103
464,1104
66,1108
777,1116
622,1118
556,1122
43,1123
409,1123
567,1125
134,1126
191,1133
177,1134
173,1135
931,1137
259,1137
367,1138
839,1138
209,1140
667,1140
784,1141
416,1143
365,1143
33,1145
380,1151
644,1152
860,1153
234,1154
331,1155
28,1156
968,1157
554,1158
562,1161
253,1161
11,1162
32,1164
344,1166
946,1167
341,1170
500,1171
891,1173
3,1174
4,1176
888,1180
511,1181
415,1185
72,1185
454,1186
112,1186
742,1188
51,1188
430,1188
527,1204
451,1208
105,1210
410,1210
94,1211
765,1211
580,1212
98,1213
31,1216
496,1217
371,1218
435,1218
22,1221
395,1222
841,1224
779,1226
874,1227
577,1229
361,1233
981,1233
702,1234
922,1235
540,1236
516,1239
450,1240
625,1240
542,1243
349,1245
723,1245
472,1246
353,1246
122,1247
110,1247
991,1248
62,1248
826,1249
638,1250
478,1251
189,1252
635,1254
936,1254
47,1255
616,1256
238,1258
883,1261
998,1261
136,1265
930,1265
447,1266
201,1267
479,1268
494,1269
673,1271
369,1271
237,1274
515,1274
980,1274
9,1275
986,1276
318,1276
135,1278
977,1279
771,1280
657,1282
796,1283
310,1285
529,1286
78,1286
589,1286
621,1290
484,1290
288,1291
226,1293
906,1294
197,1294
400,1295
510,1296
716,1296
397,1297
107,1299
683,1303
219,1304
184,1305
749,1306
248,1306
726,1308
445,1308
634,1309
651,1309
691,1310
921,1311
697,1314
196,1318
593,1324
481,1325
327,1326
432,1328
155,1328
736,1328
679,1329
559,1329
175,1329
737,1330
776,1331
141,1332
411,1333
862,1334
690,1335
506,1336
314,1340
617,1342
413,1342
311,1343
772,1344
170,1345
162,1347
815,1348
563,1356
551,1357
987,1358
463,1359
555,1360
734,1360
244,1361
822,1366
1,1366
207,1373
525,1375
133,1375
680,1379
678,1381
630,1383
847,1384
211,1387
884,1392
334,1396
544,1398
279,1399
712,1400
964,1403
842,1405
480,1410
232,1412
291,1412
659,1414
351,1416
650,1416
23,1418
386,1418
694,1419
956,1421
834,1422
381,1427
939,1428
252,1428
437,1429
967,1432
322,1432
643,1433
684,1433
373,1438
753,1443
199,1446
261,1446
696,1448
429,1450
2,1451
35,1455
181,1456
896,1458
73,1462
837,1465
108,1465
426,1466
831,1469
954,1470
745,1471
364,1478
647,1480
80,1480
539,1483
601,1483
738,1485
787,1486
64,1494
52,1494
286,1495
221,1497
547,1499
103,1500
131,1501
807,1504
14,1504
898,1506
245,1514
808,1514
901,1518
600,1518
270,1518
519,1522
794,1525
676,1526
140,1527
390,1531
549,1532
388,1537
995,1537
786,1545
699,1556
171,1557
913,1558
117,1558
613,1561
113,1561
144,1561
339,1564
741,1571
688,1573
661,1574
943,1575
533,1576
623,1579
421,1580
729,1584
850,1584
293,1584
325,1586
873,1587
308,1587
512,1589
405,1591
26,1594
877,1594
282,1596
721,1597
806,1600
114,1604
594,1608
876,1609
530,1609
65,1610
174,1612
91,1614
785,1615
40,1615
132,1617
927,1619
273,1621
764,1631
212,1632
629,1633
666,1634
425,1638
732,1639
332,1640
795,1644
302,1644
564,1646
780,1648
224,1649
606,1653
235,1654
392,1661
652,1663
95,1664
160,1665
900,1665
120,1665
572,1669
686,1670
408,1671
812,1671
272,1671
50,1674
536,1674
61,1675
588,1680
84,1688
966,1690
735,1690
952,1691
265,1692
321,1696
513,1697
895,1699
433,1701
156,1702
157,1704
319,1706
76,1708
97,1712
805,1712
161,1714
584,1715
649,1715
768,1722
646,1723
677,1726
355,1733
126,1739
801,1743
586,1744
285,1750
909,1752
382,1752
340,1754
452,1756
610,1756
220,1757
592,1763
578,1763
138,1770
675,1778
404,1782
762,1784
276,1785
566,1791
978,1794
670,1795
178,1804
441,1805
486,1811
225,1814
799,1818
348,1819
255,1831
264,1836
303,1842
168,1842
569,1844
403,1845
660,1851
899,1852
755,1855
953,1864
627,1866
509,1871
550,1872
216,1875
269,1880
6,1883
752,1891
878,1892
720,1897
614,1900
37,1900
707,1905
733,1913
803,1913
58,1924
100,1926
724,1935
701,1942
889,1946
843,1946
241,1957
825,1959
477,1962
86,1974
619,1977
750,1987
399,1993
887,1996
867,2003
504,2013
658,2013
933,2014
910,2025
121,2038
859,2048
20,2064
57,2078
514,2089
142,2090
166,2097
656,2099
287,2102
449,2104
402,2110
446,2118
354,2127
45,2128
792,2130
294,2133
306,2136
905,2138
934,2149
36,2158
935,2172
370,2178
633,2182
495,2183
763,2183
299,2220
596,2222
523,2226
254,2227
60,2229
926,2254
250,2294
444,2299
583,2305
918,2322
816,2347
492,2360
892,2372
192,2382
674,2392
804,2400
855,2401
607,2413
703,2430
894,2433
169,2446
802,2453
844,2467
152,2468
863,2475
848,2476
455,2508
989,2520
820,2526
538,2583
304,2649
428,2659
493,2664
315,2671
636,2685
557,2737
823,2752
119,2757
228,2792
335,2808
362,2809
809,2819
401,2877
788,2938
611,2948
417,3013
709,3046
880,3058
845,3078
571,3107
188,3110
474,3186
949,3228
642,3230
974,3363
46,3392
983,3399
7,3410
462,3512
215,3514
266,3732
810,3743
44,3814
101,4097

simblock.block.ProofOfWorkBlock@6609c024:69
990,0
491,761
992,823
546,882
637,912
948,940
490,969
148,974
338,997
309,1029
118,1032
443,1063
856,1064
13,1089
813,1091
204,1093
82,1121
389,1122
186,1122
487,1129
183,1144
773,1146
872,1147
560,1152
223,1178
458,1178
427,1179
42,1181
853,1185
414,1205
800,1205
301,1210
760,1214
328,1222
663,1229
537,1235
543,1238
700,1238
352,1242
345,1242
130,1242
251,1249
376,1262
96,1262
30,1267
214,1272
769,1274
838,1277
827,1277
737,1285
16,1286
610,1290
457,1295
350,1295
950,1295
731,1295
407,1297
298,1297
83,1298
821,1299
149,1305
29,1306
609,1306
485,1315
206,1318
746,1326
710,1326
360,1326
143,1327
281,1328
973,1330
576,1332
524,1333
115,1335
597,1336
372,1351
890,1351
996,1352
54,1353
363,1353
871,1354
865,1355
343,1356
67,1357
12,1358
685,1359
665,1360
920,1361
15,1362
191,1363
111,1363
190,1365
574,1366
791,1369
292,1375
239,1375
185,1384
671,1384
465,1387
482,1388
669,1389
33,1390
783,1391
790,1391
575,1391
139,1393
579,1394
866,1394
972,1397
153,1399
582,1404
961,1406
499,1406
982,1410
27,1411
377,1411
419,1412
542,1413
387,1413
159,1414
915,1415
448,1419
503,1420
751,1421
164,1422
438,1422
667,1423
522,1424
125,1425
79,1426
885,1426
722,1427
167,1429
90,1430
296,1434
468,1436
234,1437
757,1437
337,1443
233,1443
128,1445
789,1445
398,1445
375,1447
471,1447
202,1450
316,1451
725,1453
668,1453
307,1453
336,1454
861,1454
552,1454
689,1455
598,1456
605,1457
730,1459
436,1459
459,1460
517,1460
295,1461
957,1461
480,1461
793,1463
839,1466
914,1467
857,1469
187,1469
932,1470
304,1471
852,1472
628,1473
179,1473
591,1473
333,1474
258,1476
993,1477
217,1477
177,1478
150,1479
74,1480
326,1481
31,1481
25,1482
274,1482
940,1482
88,1482
958,1483
497,1485
501,1486
208,1487
903,1487
249,1493
507,1493
182,1494
236,1495
21,1495
210,1499
925,1500
104,1500
654,1502
639,1504
640,1504
797,1504
263,1505
988,1505
123,1505
904,1505
393,1507
320,1507
154,1508
81,1508
841,1508
687,1510
761,1510
102,1511
672,1511
329,1512
134,1512
833,1513
431,1513
570,1513
599,1513
85,1514
460,1514
997,1515
242,1515
257,1516
706,1517
955,1518
124,1518
434,1518
109,1519
941,1519
970,1519
63,1520
93,1520
641,1523
704,1525
508,1525
875,1526
744,1529
618,1530
828,1531
969,1533
203,1533
10,1533
324,1534
928,1535
17,1535
565,1536
602,1536
869,1537
770,1537
535,1538
644,1538
960,1538
835,1538
612,1539
534,1540
230,1540
391,1540
39,1541
384,1543
55,1544
947,1546
439,1547
798,1547
461,1547
68,1548
41,1548
979,1548
412,1548
488,1549
673,1550
456,1551
897,1552
267,1552
1,1554
603,1556
698,1556
127,1557
259,1559
194,1560
781,1560
205,1561
824,1561
917,1561
146,1562
470,1563
975,1563
695,1564
342,1564
165,1565
87,1566
222,1566
70,1567
886,1569
198,1569
505,1569
453,1571
938,1572
1000,1574
849,1574
604,1574
49,1575
864,1575
775,1576
747,1576
985,1576
483,1577
280,1577
717,1577
851,1577
358,1579
75,1579
379,1580
498,1581
218,1583
323,1583
922,1584
383,1586
779,1586
840,1587
965,1588
380,1589
718,1590
745,1590
247,1591
893,1591
662,1591
229,1592
366,1592
116,1592
819,1593
374,1593
180,1594
778,1596
440,1597
653,1597
581,1597
561,1598
410,1598
541,1598
71,1598
422,1598
18,1599
758,1600
283,1602
163,1602
464,1603
858,1603
631,1603
213,1604
595,1604
246,1604
951,1605
994,1605
944,1606
902,1607
984,1609
911,1610
907,1611
260,1613
89,1613
99,1617
8,1617
313,1618
518,1619
916,1620
92,1620
418,1621
271,1621
365,1622
832,1624
532,1624
520,1625
158,1626
846,1626
942,1627
147,1628
971,1629
881,1629
475,1630
531,1630
608,1631
145,1631
830,1631
879,1632
743,1632
106,1633
962,1633
368,1633
587,1634
77,1635
805,1636
297,1636
908,1637
193,1638
937,1639
711,1640
347,1641
912,1641
403,1641
423,1642
573,1642
305,1643
268,1644
24,1645
357,1646
59,1647
954,1647
390,1647
240,1647
416,1648
817,1650
655,1650
341,1651
176,1653
836,1654
814,1654
624,1656
528,1656
811,1659
277,1660
256,1660
784,1660
870,1661
759,1662
868,1662
620,1663
754,1665
681,1666
469,1666
748,1667
476,1668
510,1670
466,1670
888,1673
454,1674
53,1674
615,1674
151,1676
959,1676
648,1677
265,1678
3,1678
562,1680
200,1681
489,1681
705,1681
727,1682
622,1682
677,1683
394,1683
767,1690
590,1691
424,1693
929,1694
48,1695
23,1696
385,1698
172,1698
782,1700
473,1702
359,1704
558,1705
69,1705
231,1706
545,1707
762,1710
854,1710
312,1710
739,1712
714,1712
569,1713
294,1713
547,1713
882,1715
526,1717
227,1717
278,1718
432,1720
645,1723
708,1725
275,1725
578,1726
589,1729
290,1732
976,1733
442,1733
467,1733
349,1736
5,1737
66,1738
650,1738
479,1740
175,1745
209,1747
35,1747
999,1748
651,1753
496,1756
701,1757
728,1758
692,1761
300,1762
664,1766
766,1768
430,1770
536,1770
173,1771
981,1771
715,1772
716,1783
445,1785
756,1785
693,1785
355,1786
629,1786
64,1787
674,1788
566,1789
963,1789
594,1789
378,1791
548,1793
212,1794
19,1794
129,1794
919,1794
197,1795
451,1795
11,1800
219,1801
843,1802
690,1802
820,1802
207,1805
515,1806
924,1808
694,1809
806,1810
807,1816
408,1819
780,1819
734,1822
740,1823
521,1823
679,1826
643,1828
621,1829
34,1833
346,1833
921,1842
291,1842
563,1842
420,1845
141,1847
344,1847
299,1848
289,1850
195,1851
117,1852
837,1853
244,1854
729,1854
65,1854
931,1856
133,1857
883,1864
348,1864
199,1865
580,1866
939,1867
930,1868
616,1869
181,1869
100,1871
884,1876
678,1877
512,1878
140,1882
625,1883
235,1884
936,1884
787,1886
243,1887
632,1887
110,1889
676,1889
831,1889
279,1890
221,1890
818,1891
107,1894
369,1898
617,1899
968,1899
114,1900
262,1901
702,1902
967,1906
825,1907
284,1907
987,1907
538,1907
413,1908
135,1908
478,1909
906,1910
334,1912
691,1912
32,1913
371,1914
108,1915
80,1915
738,1916
901,1917
78,1920
131,1920
332,1920
238,1923
105,1927
713,1927
98,1928
331,1934
318,1934
712,1937
977,1939
822,1940
373,1943
682,1945
980,1946
585,1947
155,1947
136,1949
386,1949
956,1950
794,1953
896,1953
325,1954
723,1955
184,1957
684,1957
525,1958
112,1958
288,1959
162,1963
429,1964
540,1964
586,1964
472,1964
699,1965
577,1965
120,1966
867,1968
998,1969
327,1970
61,1975
946,1975
72,1978
504,1979
40,1979
829,1980
826,1980
495,1980
47,1981
103,1982
481,1982
860,1985
572,1985
527,1989
661,1989
415,1996
51,1997
634,1997
945,2001
792,2003
56,2004
14,2004
248,2004
264,2011
923,2017
400,2019
444,2024
801,2024
630,2024
638,2027
122,2027
450,2031
361,2031
696,2033
564,2035
601,2038
253,2038
216,2038
795,2041
749,2042
900,2047
119,2049
680,2050
659,2054
272,2056
606,2058
812,2060
28,2064
52,2064
317,2068
657,2069
991,2071
544,2072
964,2073
952,2075
220,2077
38,2080
719,2083
855,2084
502,2084
511,2087
583,2090
152,2091
364,2091
910,2092
308,2093
584,2096
428,2099
726,2099
382,2101
142,2102
646,2104
626,2104
755,2112
776,2113
771,2114
559,2117
73,2129
529,2130
402,2132
551,2135
588,2138
842,2141
764,2142
788,2144
933,2149
232,2151
356,2151
636,2154
196,2154
567,2156
447,2165
192,2168
381,2171
533,2173
850,2173
736,2174
596,2177
339,2180
157,2183
224,2184
463,2191
241,2193
57,2194
409,2195
549,2197
642,2198
255,2204
171,2206
406,2206
433,2206
330,2209
62,2221
189,2228
600,2232
426,2233
613,2236
493,2237
880,2238
556,2238
97,2240
989,2241
774,2245
252,2247
60,2247
474,2248
506,2252
815,2254
786,2257
286,2258
4,2261
519,2262
168,2262
492,2262
859,2262
802,2263
121,2266
138,2267
772,2270
45,2274
898,2274
666,2277
397,2283
285,2283
607,2289
237,2291
523,2295
174,2299
293,2300
421,2302
273,2303
126,2304
913,2306
777,2308
302,2310
486,2312
95,2313
799,2314
974,2317
995,2320
245,2321
435,2322
733,2323
362,2324
863,2326
753,2327
847,2330
683,2334
156,2336
86,2341
635,2342
611,2342
593,2345
516,2346
404,2351
441,2352
226,2355
647,2356
735,2357
392,2360
113,2362
396,2363
514,2365
500,2366
592,2366
927,2372
170,2372
709,2373
720,2375
555,2397
477,2397
462,2418
395,2420
966,2427
411,2427
656,2428
310,2430
446,2436
670,2436
652,2437
935,2438
314,2440
270,2442
983,2443
623,2448
658,2450
949,2451
804,2453
785,2456
161,2458
571,2467
554,2482
721,2483
873,2486
874,2494
862,2498
137,2504
94,2506
37,2509
282,2513
539,2519
627,2522
228,2525
367,2527
44,2530
46,2532
321,2535
22,2536
649,2541
449,2545
844,2547
353,2548
6,2550
765,2557
340,2563
894,2573
211,2573
808,2588
26,2600
768,2601
425,2605
201,2607
796,2609
513,2614
250,2621
43,2621
311,2624
254,2625
36,2630
530,2635
978,2642
660,2649
905,2651
225,2667
741,2676
553,2687
351,2694
50,2704
354,2704
816,2713
287,2733
686,2733
455,2742
76,2744
303,2782
878,2786
703,2790
891,2794
178,2795
763,2825
675,2831
943,2832
724,2838
276,2842
892,2843
986,2863
388,2864
58,2874
509,2888
732,2891
688,2891
484,2894
619,2900
215,2913
7,2933
823,2935
810,2940
934,2947
261,2960
2,2968
269,2978
895,3010
568,3012
166,3017
494,3045
742,3066
315,3069
399,3094
877,3115
84,3126
557,3127
633,3131
452,3175
437,3182
550,3183
20,3211
132,3216
926,3228
160,3242
953,3250
169,3256
370,3262
899,3288
335,3300
401,3304
752,3353
697,3390
750,3408
144,3419
614,3424
707,3468
319,3471
266,3520
405,3522
918,3524
9,3562
848,3563
889,3586
306,3602
417,3692
188,3707
887,3808
91,3845
876,3868
809,3909
101,3944
845,4092
803,4145
834,4388
909,4672
322,4973

simblock.block.ProofOfWorkBlock@21f3f024:70
387,0
975,149
938,207
541,264
316,300
453,324
18,356
879,357
420,380
305,414
982,415
757,429
759,436
85,449
609,473
185,475
277,491
971,498
89,500
963,508
124,528
438,531
789,533
223,539
251,556
376,557
739,565
345,566
692,568
177,577
628,577
70,588
698,588
375,589
281,590
187,600
200,606
797,614
687,616
262,624
467,624
205,626
15,627
689,628
819,634
951,640
737,643
465,646
88,647
243,648
164,649
937,649
154,650
267,657
713,659
386,663
562,667
457,670
343,681
79,682
249,682
639,685
857,688
710,689
503,692
342,693
34,693
948,694
27,698
278,699
104,703
300,704
840,705
118,705
96,707
307,708
422,713
932,714
295,715
312,716
604,717
972,717
996,718
475,719
902,723
798,726
125,733
217,738
109,741
357,745
145,745
489,746
458,746
758,748
637,750
602,751
849,752
945,753
962,754
520,754
434,755
298,755
890,756
398,761
605,762
818,763
924,764
239,765
158,765
470,765
526,766
537,768
886,769
195,771
268,771
69,773
182,773
813,774
410,775
236,775
839,775
722,776
744,778
827,778
718,779
821,780
814,783
460,784
714,792
790,792
202,793
83,794
685,797
682,797
575,797
360,800
323,802
333,802
838,803
993,807
246,809
944,810
836,812
309,812
888,815
359,815
292,816
992,817
517,818
143,818
885,820
864,821
440,821
233,822
612,825
791,825
203,825
130,826
134,827
599,828
448,829
74,830
148,830
68,831
706,831
498,831
917,833
294,834
491,835
590,836
573,836
591,837
297,838
581,839
384,840
664,840
999,841
868,841
111,841
483,842
466,842
950,844
640,845
558,846
209,846
754,847
833,847
988,849
856,849
456,851
916,851
183,852
366,852
668,852
218,853
468,853
194,857
769,858
824,859
585,860
760,860
644,860
778,861
773,862
263,864
30,865
903,869
328,869
662,873
672,873
681,874
150,875
180,875
10,876
374,876
407,877
970,877
960,878
67,879
597,880
761,882
206,883
559,883
830,884
673,884
320,886
861,888
39,890
965,892
128,892
418,892
240,894
234,895
54,896
431,896
997,897
53,897
198,897
508,898
973,898
102,898
77,898
416,899
336,900
280,900
784,901
574,902
940,903
222,904
915,904
595,904
488,904
301,905
846,905
669,905
19,905
731,905
55,907
165,907
783,907
75,909
487,909
756,909
615,909
229,910
582,910
928,911
521,912
129,912
854,912
8,912
865,914
507,914
347,916
851,917
522,917
499,918
663,918
835,920
24,920
214,921
947,921
93,921
368,922
565,923
149,923
167,923
190,924
275,924
959,924
265,924
957,925
213,927
363,928
329,929
289,930
92,930
545,931
284,932
412,933
941,934
256,935
337,935
33,935
979,936
515,937
191,939
71,940
587,940
210,940
193,941
775,941
893,942
152,942
671,943
667,943
372,949
389,952
704,952
715,952
231,952
501,954
424,954
904,955
648,956
535,956
127,957
767,958
920,958
984,959
393,961
257,961
17,962
443,962
283,962
358,964
665,964
379,965
21,965
828,965
654,965
570,965
459,965
746,965
532,966
872,968
576,969
271,970
858,970
463,971
485,971
324,971
471,972
969,973
469,973
552,975
414,975
561,975
770,976
473,977
147,978
31,979
800,980
406,980
146,981
16,981
730,981
728,981
740,981
725,982
643,982
423,983
994,983
49,983
598,985
48,987
958,989
929,989
985,989
419,991
476,993
29,993
653,994
711,995
490,995
380,996
25,996
747,996
620,996
439,997
548,997
608,999
13,1000
176,1004
258,1005
123,1005
208,1008
447,1009
882,1010
385,1010
695,1010
41,1011
227,1011
383,1012
391,1012
907,1013
82,1014
179,1015
274,1015
313,1016
230,1018
394,1019
543,1019
782,1019
897,1021
377,1021
172,1021
781,1022
1000,1022
748,1025
871,1025
204,1025
442,1027
817,1028
579,1029
700,1030
524,1031
645,1032
42,1036
378,1038
247,1038
869,1039
497,1039
90,1040
764,1040
693,1040
482,1043
350,1043
631,1044
436,1045
63,1045
624,1046
163,1048
5,1051
881,1052
925,1053
546,1053
461,1054
870,1055
811,1055
99,1058
616,1060
793,1060
153,1064
326,1068
186,1069
531,1070
505,1071
224,1072
534,1075
780,1076
242,1077
560,1077
745,1077
942,1079
168,1081
955,1081
518,1081
115,1084
842,1084
464,1086
651,1088
912,1090
908,1091
990,1093
852,1096
655,1097
346,1098
555,1098
296,1099
542,1102
371,1105
454,1110
931,1110
743,1111
622,1114
314,1120
116,1122
496,1123
618,1126
603,1127
690,1127
866,1128
12,1130
863,1130
641,1131
480,1135
137,1136
911,1136
964,1136
352,1137
59,1138
259,1138
638,1142
511,1142
578,1143
56,1146
159,1152
500,1153
850,1153
338,1154
525,1155
705,1157
976,1160
189,1163
832,1164
774,1165
356,1168
151,1168
712,1170
103,1171
919,1173
717,1174
981,1174
629,1174
14,1174
696,1176
444,1178
630,1178
43,1181
708,1184
175,1187
843,1188
875,1188
162,1193
435,1193
226,1194
22,1195
914,1195
678,1200
139,1200
779,1202
310,1202
38,1205
413,1207
679,1209
677,1210
691,1211
272,1211
325,1212
409,1214
427,1214
141,1215
282,1223
397,1224
853,1225
694,1226
635,1227
171,1230
617,1235
751,1236
566,1238
400,1241
568,1243
805,1244
961,1244
563,1245
382,1245
796,1246
749,1248
502,1250
946,1254
787,1254
884,1254
429,1255
106,1257
910,1258
610,1258
896,1258
65,1258
676,1259
831,1259
120,1260
829,1262
921,1262
341,1262
987,1263
212,1267
445,1267
211,1268
353,1268
318,1270
806,1272
765,1273
196,1274
238,1278
9,1279
98,1280
998,1285
577,1287
11,1287
450,1287
580,1290
494,1291
415,1291
105,1293
538,1294
3,1294
50,1295
528,1300
170,1301
606,1301
977,1303
155,1305
396,1307
232,1308
221,1310
479,1313
727,1314
980,1314
719,1316
547,1317
734,1317
650,1317
736,1318
762,1322
112,1323
777,1324
478,1324
2,1325
721,1325
486,1325
252,1327
40,1329
114,1332
390,1332
952,1333
771,1333
432,1333
697,1334
906,1334
589,1338
657,1340
900,1341
634,1341
73,1344
527,1344
935,1345
539,1347
4,1348
883,1350
28,1350
381,1352
593,1353
583,1358
244,1359
220,1361
1,1364
504,1364
51,1365
554,1366
131,1370
201,1373
956,1373
199,1376
601,1378
776,1383
794,1383
132,1383
529,1384
451,1386
107,1387
586,1390
279,1390
78,1394
874,1394
680,1397
184,1399
738,1406
930,1407
270,1408
23,1410
173,1414
891,1415
986,1415
188,1418
253,1418
723,1420
94,1425
364,1425
484,1425
967,1425
299,1427
334,1430
701,1430
733,1431
349,1431
361,1432
533,1435
519,1435
564,1436
287,1437
160,1439
702,1439
847,1445
81,1445
62,1451
64,1453
551,1455
625,1456
369,1457
812,1459
351,1464
569,1468
572,1468
344,1470
660,1470
549,1470
716,1472
365,1476
290,1478
288,1481
544,1483
110,1484
939,1486
355,1486
108,1490
540,1496
699,1497
161,1497
901,1503
922,1512
860,1512
367,1513
192,1516
510,1517
516,1518
621,1518
807,1518
923,1520
207,1522
35,1522
898,1523
166,1525
52,1527
241,1531
235,1538
936,1540
339,1545
481,1549
156,1549
720,1554
991,1555
237,1556
122,1556
933,1565
121,1567
826,1567
837,1581
772,1584
254,1587
646,1588
7,1592
269,1592
887,1595
878,1597
688,1597
61,1598
594,1600
219,1602
348,1602
119,1607
675,1608
181,1609
841,1610
264,1618
514,1618
788,1620
452,1622
584,1623
87,1626
140,1626
753,1629
934,1632
766,1644
623,1646
556,1646
136,1650
530,1652
273,1652
684,1654
388,1654
72,1654
626,1656
732,1656
472,1657
607,1657
97,1660
95,1663
966,1664
248,1666
26,1666
430,1670
340,1670
392,1672
909,1674
855,1674
768,1679
308,1681
404,1684
553,1686
995,1689
801,1690
588,1690
322,1692
523,1693
927,1696
750,1705
47,1710
276,1710
822,1710
729,1712
735,1712
126,1713
255,1713
658,1713
876,1715
642,1719
968,1725
395,1725
895,1726
100,1728
619,1733
600,1739
670,1742
91,1752
285,1754
652,1754
686,1755
786,1755
724,1757
661,1757
808,1762
804,1770
674,1772
954,1772
135,1772
493,1773
873,1797
286,1799
261,1799
889,1804
495,1808
913,1812
742,1818
133,1822
513,1823
117,1824
755,1827
627,1828
317,1829
709,1829
613,1837
647,1840
683,1842
157,1848
216,1849
815,1851
113,1853
304,1858
656,1859
331,1861
512,1862
315,1865
174,1876
399,1881
703,1884
330,1884
449,1886
633,1894
567,1894
405,1897
335,1902
763,1903
506,1904
877,1905
169,1905
726,1906
905,1914
978,1918
446,1934
32,1938
477,1940
417,1945
291,1946
880,1960
894,1963
845,1980
632,1984
592,1988
425,1990
37,1998
178,2003
266,2008
321,2011
848,2014
293,2015
403,2016
596,2019
327,2020
408,2033
943,2042
426,2042
142,2050
462,2056
228,2056
785,2058
402,2063
411,2073
611,2082
862,2085
949,2107
260,2107
825,2109
550,2110
795,2113
659,2116
834,2138
45,2146
250,2148
58,2163
557,2168
799,2177
803,2182
370,2185
752,2186
792,2186
354,2186
80,2197
197,2202
66,2203
820,2213
802,2227
536,2254
86,2258
421,2267
509,2274
810,2280
428,2285
433,2308
636,2345
844,2347
809,2351
76,2356
666,2358
441,2364
311,2369
816,2387
974,2393
36,2396
215,2401
6,2405
953,2428
101,2455
455,2467
138,2468
892,2484
306,2490
707,2514
437,2538
859,2539
60,2552
867,2562
319,2569
245,2591
926,2619
144,2639
302,2645
989,2695
57,2711
225,2739
46,2744
823,2753
649,2775
492,2824
614,2868
918,2891
332,2911
899,2987
20,3064
84,3073
373,3085
44,3115
983,3233
741,3266
401,3398
303,3405
362,3549
474,3709
571,3837

simblock.block.ProofOfWorkBlock@737ee5ba:70
260,0
267,149
766,213
55,271
507,297
640,334
465,354
359,365
109,394
48,421
234,427
508,427
932,449
937,452
912,477
374,482
866,484
775,488
96,503
347,509
993,516
944,521
604,541
15,545
526,545
668,553
466,560
757,573
482,574
439,576
501,577
16,579
602,600
996,603
453,604
336,604
624,611
498,611
881,633
431,636
718,637
18,637
283,639
754,642
420,644
378,644
350,644
118,653
467,654
903,658
81,662
591,663
828,663
163,664
333,669
17,671
615,672
585,673
74,695
971,696
751,697
503,697
561,700
574,701
473,701
30,702
289,703
641,707
947,712
542,713
376,715
214,720
196,720
982,721
961,722
39,727
423,729
517,729
115,733
830,734
56,734
434,734
886,736
897,738
259,748
316,751
871,752
689,752
292,753
427,754
818,755
997,758
632,759
230,760
372,761
328,764
948,768
19,771
448,774
644,775
205,776
177,778
969,781
258,781
518,783
187,785
618,786
827,789
534,790
940,791
582,791
82,791
573,793
69,794
416,797
879,797
461,798
194,798
1000,802
239,808
312,809
524,810
419,810
456,810
976,810
537,811
811,812
888,814
394,814
208,815
800,816
128,817
123,818
739,819
323,820
924,821
327,822
489,828
246,828
343,829
849,831
790,831
890,837
672,837
464,838
552,838
398,839
698,841
422,845
268,846
263,848
149,849
295,849
296,850
928,850
497,850
375,852
861,853
938,856
167,860
130,861
31,862
917,864
379,865
87,866
240,867
471,868
864,870
249,872
667,873
42,873
545,874
663,874
77,875
290,877
821,877
53,879
218,879
747,880
904,881
436,882
941,884
562,884
950,887
182,887
597,888
281,888
992,889
587,889
274,889
8,892
783,895
942,895
973,896
5,899
407,902
145,903
838,903
102,905
309,905
856,907
700,909
483,909
3,909
360,912
10,912
469,914
515,914
595,914
988,916
920,917
858,918
962,920
410,922
299,923
127,925
885,929
338,930
925,930
485,933
870,934
605,934
907,934
164,935
12,935
682,936
532,937
851,938
150,938
307,938
664,941
598,942
965,942
990,943
984,943
590,945
852,945
505,947
609,948
460,952
280,953
262,953
297,954
560,954
27,955
813,960
797,960
662,960
651,961
558,961
792,962
893,964
824,965
442,965
836,965
236,966
443,966
576,967
958,967
146,968
198,970
760,970
722,972
639,972
158,973
54,974
210,975
368,976
951,981
566,983
994,986
692,986
265,988
279,989
383,990
758,991
620,991
83,992
681,993
147,994
470,994
551,994
366,995
872,995
233,996
744,996
480,1000
172,1003
778,1003
915,1005
865,1007
528,1009
99,1010
654,1012
875,1013
687,1013
251,1015
75,1016
979,1017
711,1020
300,1020
49,1021
71,1021
206,1023
229,1023
389,1023
68,1024
275,1025
183,1025
257,1026
242,1027
645,1028
106,1029
148,1031
495,1032
59,1032
412,1034
222,1037
418,1037
543,1038
577,1043
586,1043
853,1048
24,1048
531,1050
671,1050
116,1051
847,1052
529,1057
628,1060
767,1064
9,1065
522,1065
991,1066
835,1067
868,1068
520,1069
33,1071
929,1071
415,1073
516,1074
180,1076
963,1076
41,1077
694,1081
567,1081
846,1081
278,1081
955,1082
387,1083
683,1086
708,1086
34,1087
92,1088
284,1088
793,1089
63,1092
361,1093
88,1094
743,1095
203,1096
385,1096
204,1097
902,1103
960,1105
219,1106
380,1107
32,1108
21,1110
432,1114
731,1117
395,1123
579,1124
134,1125
713,1128
211,1130
655,1130
817,1131
908,1131
759,1132
207,1132
390,1133
565,1136
826,1140
716,1141
695,1144
972,1144
781,1144
696,1145
243,1146
510,1149
715,1150
426,1150
440,1151
476,1151
685,1153
458,1154
548,1154
320,1158
38,1160
78,1161
625,1164
110,1165
850,1165
151,1166
519,1166
65,1166
386,1168
29,1172
137,1173
491,1174
202,1175
630,1180
806,1180
468,1182
139,1187
195,1187
653,1187
869,1189
648,1189
324,1191
734,1192
165,1192
353,1193
330,1194
659,1197
730,1201
298,1201
129,1202
348,1202
105,1203
959,1207
143,1209
985,1212
397,1212
80,1213
445,1216
720,1217
967,1218
568,1219
308,1223
819,1224
638,1227
923,1230
103,1230
178,1233
13,1233
85,1233
841,1234
753,1235
454,1237
221,1238
657,1239
231,1239
952,1242
89,1243
745,1243
447,1243
673,1248
791,1248
837,1248
261,1250
569,1255
816,1256
957,1257
867,1257
67,1257
311,1258
601,1259
513,1264
171,1267
342,1272
840,1273
801,1277
276,1278
697,1279
248,1280
373,1282
900,1285
647,1287
51,1290
344,1292
596,1293
968,1294
782,1297
855,1298
635,1299
98,1301
736,1301
606,1302
287,1303
674,1303
580,1304
241,1305
61,1305
776,1307
212,1308
610,1310
120,1313
987,1313
502,1314
490,1315
179,1315
272,1319
771,1325
313,1330
512,1331
805,1331
429,1333
742,1333
170,1335
43,1337
939,1338
451,1338
549,1338
124,1339
334,1343
408,1349
825,1351
954,1353
733,1354
527,1356
253,1359
310,1362
699,1364
723,1364
355,1366
774,1369
863,1371
859,1371
28,1373
977,1376
406,1379
765,1383
787,1383
400,1385
2,1387
740,1388
554,1396
538,1396
444,1397
430,1397
822,1401
331,1401
621,1402
661,1403
676,1406
626,1407
131,1410
317,1414
486,1414
37,1414
680,1416
478,1417
820,1420
945,1421
381,1424
578,1424
192,1426
304,1428
484,1428
936,1428
14,1429
702,1434
564,1444
594,1445
90,1447
553,1448
435,1449
332,1450
220,1452
479,1453
860,1453
741,1454
294,1456
749,1457
160,1461
117,1461
599,1464
823,1465
232,1471
862,1471
843,1474
935,1475
201,1475
235,1477
677,1477
168,1477
173,1477
772,1479
72,1479
831,1479
884,1480
189,1485
25,1490
224,1490
112,1496
193,1506
544,1507
62,1507
369,1508
525,1508
506,1509
729,1509
237,1511
108,1513
738,1513
100,1516
175,1519
396,1523
216,1525
44,1526
536,1527
364,1529
152,1531
377,1534
228,1534
500,1536
539,1539
690,1540
617,1541
140,1543
319,1544
891,1546
487,1546
367,1547
717,1550
474,1553
66,1553
132,1554
271,1555
878,1557
930,1559
755,1560
786,1561
684,1562
998,1562
769,1562
393,1563
107,1568
706,1575
559,1576
371,1577
314,1577
756,1578
365,1579
318,1579
64,1582
35,1585
227,1585
675,1587
889,1587
807,1591
47,1593
665,1595
802,1596
796,1598
931,1598
705,1599
141,1601
492,1601
346,1602
839,1603
352,1608
322,1614
391,1615
511,1617
494,1618
433,1627
52,1630
919,1632
111,1634
335,1634
122,1638
223,1639
79,1640
475,1645
23,1645
244,1647
649,1652
555,1652
981,1654
910,1656
455,1659
570,1662
288,1663
631,1663
540,1666
11,1667
438,1670
770,1673
255,1674
922,1677
481,1678
556,1679
50,1680
646,1683
325,1684
504,1690
191,1692
829,1692
70,1695
616,1697
337,1697
73,1698
225,1700
252,1701
704,1704
550,1706
174,1710
873,1711
916,1711
600,1713
135,1714
714,1714
215,1714
547,1716
953,1719
603,1729
622,1736
493,1737
509,1745
906,1746
411,1747
159,1749
349,1749
815,1749
273,1752
779,1752
533,1755
356,1755
245,1756
727,1758
693,1759
217,1762
914,1764
523,1765
301,1766
403,1766
114,1773
521,1775
40,1775
499,1777
637,1777
777,1782
277,1782
999,1786
157,1787
409,1789
345,1794
612,1794
488,1795
156,1796
57,1797
974,1798
184,1799
138,1813
563,1813
619,1814
384,1815
94,1815
899,1818
20,1821
748,1826
575,1826
382,1832
643,1837
607,1838
584,1838
326,1849
392,1850
351,1851
934,1856
803,1856
341,1856
282,1860
421,1861
660,1866
185,1867
642,1869
773,1870
834,1870
701,1875
363,1877
437,1880
264,1884
833,1885
844,1886
880,1887
133,1889
761,1908
176,1912
45,1914
405,1917
964,1918
226,1919
583,1922
269,1923
161,1925
921,1926
746,1933
546,1945
877,1945
329,1947
764,1947
190,1953
22,1955
913,1955
197,1959
142,1961
901,1961
514,1962
652,1966
496,1968
535,1969
477,1971
213,1971
357,1976
388,1978
679,1981
898,1982
842,1984
703,1995
808,1995
36,1996
286,2001
629,2007
199,2024
728,2026
876,2028
814,2028
721,2028
76,2035
425,2044
7,2046
762,2047
581,2048
970,2050
250,2050
735,2052
285,2052
892,2053
162,2056
633,2057
726,2059
557,2081
650,2092
136,2098
91,2099
401,2100
809,2108
608,2124
144,2125
589,2131
4,2133
166,2140
798,2142
980,2144
905,2144
794,2144
854,2146
315,2149
636,2149
424,2150
848,2156
58,2163
592,2169
883,2178
402,2178
918,2199
291,2203
688,2203
909,2205
97,2206
750,2210
719,2216
966,2217
707,2225
709,2228
799,2236
946,2240
785,2246
788,2254
1,2263
340,2266
6,2268
95,2272
155,2273
238,2274
302,2275
613,2277
670,2295
188,2298
623,2307
459,2328
86,2332
983,2332
627,2335
417,2337
321,2338
462,2384
669,2388
995,2389
450,2411
209,2415
611,2417
181,2420
113,2428
588,2432
404,2444
463,2448
399,2459
732,2493
254,2494
119,2498
989,2501
978,2514
887,2519
449,2521
658,2543
303,2559
125,2563
370,2564
804,2567
737,2568
270,2582
724,2590
678,2596
656,2615
874,2618
763,2625
784,2633
358,2644
986,2651
949,2667
46,2679
789,2688
200,2711
93,2725
614,2725
943,2727
593,2727
446,2763
530,2795
362,2802
126,2811
926,2851
927,2851
691,2852
933,2853
686,2868
247,2874
121,2874
810,2887
911,2903
452,2906
60,2907
256,2989
104,3023
84,3030
780,3064
845,3092
339,3153
169,3162
26,3190
428,3193
725,3217
857,3273
712,3290
293,3383
441,3435
894,3492
354,3529
101,3536
571,3672
768,3725

simblock.block.ProofOfWorkBlock@4cf3db09:71
620,0
897,151
827,215
747,274
950,301
971,331
944,365
476,366
508,391
41,425
366,425
903,447
503,451
296,460
689,479
558,484
996,487
562,504
81,509
692,513
507,519
871,519
924,542
582,542
612,542
79,544
256,567
183,570
338,573
10,575
227,576
27,576
552,590
191,598
150,598
18,601
231,603
267,603
389,607
172,609
599,624
790,626
372,629
185,629
34,635
104,637
955,638
545,644
875,646
893,648
290,659
751,659
767,659
531,659
713,662
240,662
213,665
16,666
888,669
963,670
704,672
118,678
115,680
466,687
664,689
793,690
427,691
239,691
969,691
973,694
682,695
597,695
278,704
109,708
83,715
505,715
85,717
328,718
385,720
917,724
932,724
861,724
990,725
15,725
711,726
665,728
394,729
982,729
570,729
911,731
257,737
158,743
632,745
307,745
585,745
886,747
758,748
434,749
159,751
546,751
483,751
19,752
575,754
300,754
343,756
988,760
693,761
985,764
590,765
836,767
163,769
274,771
520,774
21,776
705,777
853,779
644,780
289,780
979,781
17,781
948,781
203,782
360,783
501,784
725,785
222,786
134,786
87,786
491,787
453,791
754,794
347,798
631,799
336,801
928,801
398,801
840,802
295,804
761,804
756,805
333,806
487,807
671,808
475,808
205,810
959,810
773,810
722,811
653,811
229,811
90,811
717,813
236,814
129,814
384,817
857,818
565,819
195,819
518,820
781,821
468,824
673,826
775,826
698,828
324,828
497,832
88,832
379,832
139,834
907,835
947,836
301,836
116,837
186,838
609,838
687,838
879,840
193,841
524,842
130,842
419,843
423,843
992,843
8,844
49,845
832,845
82,846
443,850
177,850
210,852
96,852
39,853
769,855
12,855
187,855
251,860
744,860
603,861
870,862
407,862
576,863
357,864
53,864
304,865
471,865
102,867
326,868
526,868
608,868
280,869
374,869
817,869
865,870
639,870
77,870
542,872
784,872
31,874
146,875
377,875
534,876
375,876
739,877
581,880
74,880
275,880
262,880
885,881
730,882
260,883
746,884
640,887
99,887
833,889
789,889
59,890
179,891
350,893
378,894
42,894
284,895
904,895
345,895
313,897
281,898
929,898
866,899
737,900
363,901
298,901
984,901
881,901
856,902
945,902
63,902
440,902
249,903
587,903
420,905
89,906
93,906
663,907
962,907
813,908
723,908
320,909
68,909
75,911
517,912
757,912
710,912
485,913
925,916
961,920
459,920
202,922
997,923
263,923
528,923
994,924
458,925
292,926
200,926
71,926
811,926
329,926
368,926
233,927
1000,927
522,928
902,928
70,928
55,929
858,929
470,929
976,931
830,931
145,932
206,932
602,932
940,934
654,934
938,934
153,935
209,935
164,936
541,936
424,937
740,937
376,937
543,938
957,938
548,940
337,941
268,943
465,944
436,945
111,945
839,947
890,950
849,951
92,951
819,951
352,952
824,952
243,952
783,953
114,955
532,955
561,956
167,956
429,956
217,956
662,958
467,959
958,959
488,960
54,960
624,961
828,962
127,962
24,962
782,962
521,963
128,963
165,963
422,964
498,965
194,965
412,966
457,967
993,967
123,968
916,969
838,969
358,969
791,971
835,973
615,974
312,975
798,977
941,978
67,979
342,980
69,980
309,980
920,980
431,982
218,982
106,982
149,983
442,983
230,984
868,984
143,984
736,985
681,985
297,985
972,986
667,988
718,988
852,988
473,989
598,989
359,989
198,990
818,990
148,991
591,992
323,992
242,992
937,993
33,994
965,994
912,994
291,996
448,996
814,998
490,998
655,999
13,1000
147,1001
25,1001
125,1002
220,1004
634,1004
872,1004
460,1004
391,1005
908,1006
461,1007
648,1008
480,1008
641,1008
759,1010
190,1010
30,1012
29,1012
305,1013
567,1014
482,1015
914,1016
618,1017
283,1017
951,1017
731,1018
714,1019
715,1020
574,1022
942,1023
223,1023
851,1026
727,1026
595,1027
410,1030
349,1030
5,1030
622,1032
975,1032
999,1032
797,1036
864,1036
706,1037
668,1038
778,1038
869,1039
579,1040
204,1040
685,1040
331,1042
246,1046
489,1046
176,1047
700,1047
387,1047
770,1048
464,1048
605,1051
777,1053
380,1053
416,1056
124,1057
695,1058
510,1060
258,1061
151,1061
414,1061
645,1061
108,1064
214,1066
728,1066
882,1068
208,1068
960,1069
748,1073
48,1073
672,1074
846,1076
499,1081
708,1082
180,1083
247,1085
535,1085
931,1087
647,1088
515,1091
182,1094
23,1095
2,1095
970,1097
137,1097
854,1097
604,1099
910,1099
915,1103
415,1106
469,1107
779,1108
181,1112
559,1114
316,1118
743,1119
396,1121
863,1122
393,1124
439,1128
265,1128
426,1129
373,1129
409,1129
637,1129
22,1130
383,1132
560,1139
516,1141
272,1141
536,1142
456,1150
406,1153
154,1153
386,1155
841,1156
35,1156
502,1159
253,1161
3,1163
271,1166
496,1167
282,1168
766,1170
173,1171
310,1176
277,1176
28,1177
451,1178
883,1179
72,1180
760,1181
815,1181
4,1181
749,1181
986,1183
234,1186
628,1188
745,1191
287,1191
862,1191
806,1193
874,1193
397,1193
946,1196
800,1197
556,1199
650,1201
906,1205
820,1209
201,1209
438,1210
968,1216
103,1217
572,1217
573,1217
238,1219
78,1219
610,1219
244,1220
678,1221
716,1221
939,1221
294,1222
741,1223
512,1225
821,1229
361,1231
563,1232
252,1232
537,1233
184,1234
807,1235
367,1236
506,1240
792,1241
47,1241
991,1241
753,1245
418,1246
564,1246
540,1247
601,1249
651,1252
9,1253
952,1254
635,1254
219,1255
616,1257
805,1258
334,1259
330,1260
486,1266
669,1267
617,1267
94,1269
259,1270
61,1270
801,1275
829,1275
511,1280
131,1281
346,1284
56,1285
447,1286
921,1287
527,1287
445,1291
729,1293
141,1293
930,1293
780,1295
65,1297
371,1298
162,1299
594,1299
680,1300
484,1300
1,1301
694,1304
529,1306
764,1309
51,1310
353,1310
812,1311
248,1313
919,1313
765,1319
132,1323
327,1325
73,1325
891,1330
364,1332
623,1334
454,1334
596,1335
884,1337
923,1337
822,1338
659,1341
160,1346
589,1347
954,1347
408,1348
697,1350
847,1352
860,1353
896,1354
432,1355
11,1356
117,1356
390,1357
430,1358
580,1361
279,1363
189,1364
674,1365
867,1366
450,1366
967,1368
577,1375
696,1382
463,1383
64,1385
395,1387
38,1389
772,1390
794,1391
318,1391
80,1392
987,1396
733,1402
435,1403
676,1405
66,1407
170,1407
449,1408
152,1408
411,1411
555,1412
403,1412
842,1416
319,1417
922,1417
348,1418
629,1422
554,1423
381,1425
110,1426
998,1428
212,1430
643,1431
995,1434
52,1436
774,1437
178,1438
207,1438
606,1440
264,1444
269,1445
413,1448
771,1450
956,1459
196,1461
702,1462
763,1463
533,1466
232,1469
826,1470
140,1472
400,1473
850,1473
120,1475
161,1478
787,1480
122,1480
625,1485
112,1487
675,1492
321,1493
966,1496
45,1499
619,1499
762,1500
538,1502
873,1507
493,1509
221,1513
519,1516
768,1517
216,1517
135,1522
677,1527
76,1528
481,1529
472,1534
855,1535
553,1539
107,1540
365,1540
479,1541
586,1542
964,1546
144,1546
795,1547
255,1552
785,1556
900,1559
254,1560
40,1560
936,1561
913,1562
171,1577
315,1578
199,1578
837,1579
633,1580
344,1581
657,1582
91,1586
649,1587
823,1587
735,1589
495,1590
351,1592
690,1595
843,1598
121,1598
571,1601
175,1601
569,1602
100,1602
626,1612
444,1613
166,1617
709,1620
831,1621
421,1622
211,1632
293,1632
691,1639
539,1640
895,1641
225,1644
593,1645
989,1645
325,1647
97,1649
138,1650
720,1651
174,1656
600,1657
197,1657
306,1660
433,1668
478,1669
670,1670
568,1671
57,1671
285,1682
732,1686
513,1689
750,1695
494,1706
523,1707
630,1710
370,1710
712,1711
755,1711
699,1711
898,1718
157,1719
514,1720
322,1721
188,1724
509,1725
155,1731
311,1732
845,1736
340,1738
332,1748
661,1750
224,1751
399,1764
133,1766
660,1769
638,1772
288,1775
86,1778
613,1782
549,1782
356,1783
37,1783
588,1787
84,1790
525,1793
95,1800
354,1802
401,1803
428,1806
168,1808
636,1810
504,1820
452,1821
892,1822
776,1823
339,1825
734,1843
237,1843
584,1843
592,1844
417,1856
355,1861
192,1861
557,1869
810,1869
933,1875
308,1880
226,1886
934,1886
362,1886
105,1888
474,1890
927,1899
299,1902
802,1902
405,1914
825,1920
113,1923
719,1927
547,1940
36,1940
703,1945
98,1945
303,1947
317,1952
621,1953
652,1960
978,1968
721,1985
261,1985
369,1990
977,1993
392,1996
949,2008
878,2013
909,2018
809,2053
724,2055
544,2062
679,2064
462,2072
796,2072
889,2082
235,2089
20,2103
14,2103
614,2105
273,2107
270,2110
382,2116
58,2121
62,2122
583,2125
26,2127
834,2128
286,2129
887,2148
742,2155
492,2161
101,2164
980,2165
848,2177
250,2180
877,2182
7,2185
799,2199
899,2211
786,2223
578,2233
566,2237
119,2242
32,2259
136,2274
726,2282
341,2285
905,2292
169,2296
627,2304
901,2306
607,2307
859,2326
701,2337
142,2365
388,2405
666,2408
943,2412
918,2415
684,2418
683,2434
752,2435
894,2436
935,2459
43,2463
804,2476
276,2483
808,2528
156,2529
707,2563
686,2568
500,2594
816,2605
876,2625
6,2628
981,2634
642,2652
241,2657
611,2689
530,2743
446,2752
551,2763
314,2775
926,2776
46,2780
50,2814
656,2816
880,2831
788,2910
404,2912
245,2917
425,2943
738,2946
302,2988
455,3051
441,3098
266,3123
126,3195
402,3197
228,3214
437,3231
477,3236
550,3334
44,3384
646,3479
844,3496
974,3514
688,3519
658,3535
215,3619
335,3671
60,3795
953,3802
983,3969
803,4099

simblock.block.ProofOfWorkBlock@302873b8:71
832,0
870,158
622,215
27,277
914,353
760,409
371,586
221,758
559,927
900,1101
425,1384
933,1665
462,1949
691,2189
100,2552
772,2906
472,3259
825,3613
500,3967
15,4365
223,4763
503,5165
146,5564
39,5967
274,6368
934,6838
354,7336
909,7832
156,8335
898,8832
421,9332

simblock.block.ProofOfWorkBlock@22d4d79a:72
621,0
547,236
749,318
294,411
40,460
935,492
625,534
287,543
348,616
184,633
923,635
893,667
629,676
807,699
946,712
569,714
373,722
415,756
677,761
472,773
837,782
551,795
1,806
764,811
374,827
787,841
690,843
748,849
364,850
103,854
170,860
435,862
216,864
73,879
882,886
998,893
556,893
742,894
451,921
516,925
122,935
977,935
353,936
643,939
280,942
117,944
859,945
931,948
555,961
651,975
368,975
855,977
299,978
676,980
2,992
454,999
292,999
453,1004
224,1011
64,1012
843,1017
512,1018
61,1019
160,1022
277,1022
173,1023
65,1029
891,1029
422,1032
168,1033
225,1037
412,1037
460,1042
538,1058
869,1059
850,1060
137,1061
314,1061
740,1061
661,1065
885,1066
847,1067
635,1074
583,1076
968,1081
506,1083
369,1083
350,1088
650,1089
925,1092
540,1096
680,1098
564,1100
997,1100
696,1103
590,1103
244,1106
346,1106
536,1110
513,1110
683,1111
816,1113
936,1114
479,1121
609,1125
722,1126
640,1130
152,1131
147,1134
922,1140
753,1142
618,1144
351,1145
745,1147
906,1149
191,1150
218,1150
465,1153
331,1154
896,1156
743,1157
815,1159
883,1159
702,1159
504,1163
495,1164
716,1165
463,1171
4,1172
962,1176
72,1178
939,1178
884,1181
774,1182
304,1183
41,1183
355,1184
327,1187
444,1188
717,1190
252,1195
940,1195
311,1196
644,1198
395,1198
852,1198
229,1200
54,1201
659,1201
310,1202
684,1203
781,1205
109,1206
52,1206
606,1206
424,1206
195,1209
127,1212
55,1212
251,1216
276,1217
461,1222
860,1222
365,1223
762,1224
849,1225
80,1226
171,1226
448,1227
162,1229
806,1230
568,1230
199,1231
27,1234
32,1235
784,1239
431,1239
525,1240
434,1240
863,1241
267,1241
678,1242
481,1242
510,1246
325,1246
226,1247
382,1247
13,1248
771,1248
219,1250
942,1252
494,1253
519,1255
312,1256
135,1257
615,1257
411,1259
265,1260
872,1260
502,1262
407,1263
937,1265
106,1267
729,1267
201,1270
308,1270
120,1270
605,1272
956,1272
473,1273
104,1273
398,1274
23,1276
500,1278
328,1281
295,1281
499,1282
375,1285
179,1285
349,1286
778,1286
914,1288
212,1288
1000,1288
567,1289
777,1290
901,1290
10,1290
397,1291
554,1291
733,1291
867,1292
423,1295
450,1299
429,1300
663,1303
18,1304
755,1305
647,1307
699,1307
68,1308
811,1308
3,1309
552,1310
386,1311
89,1312
623,1312
744,1313
812,1313
178,1317
981,1318
484,1319
819,1319
317,1321
232,1321
980,1322
96,1323
98,1324
794,1324
831,1326
574,1327
478,1327
858,1328
480,1328
430,1329
698,1330
233,1330
35,1330
728,1331
141,1332
593,1332
765,1333
85,1333
549,1334
559,1334
110,1335
426,1335
30,1337
679,1338
272,1339
234,1339
668,1340
146,1341
344,1348
713,1348
711,1349
63,1349
910,1350
881,1350
332,1352
496,1354
864,1355
112,1355
132,1356
988,1356
371,1359
996,1360
205,1361
75,1361
517,1362
475,1364
576,1367
767,1367
537,1369
701,1370
528,1370
100,1371
9,1372
259,1373
865,1374
486,1375
77,1376
526,1376
406,1376
356,1376
381,1376
657,1378
330,1378
503,1379
704,1379
964,1380
177,1383
912,1383
577,1383
822,1385
274,1385
83,1385
268,1386
518,1388
585,1389
952,1389
67,1390
241,1391
610,1393
197,1393
432,1394
827,1395
291,1396
586,1399
719,1400
726,1400
400,1401
297,1401
697,1401
820,1401
828,1402
87,1402
383,1405
231,1406
48,1407
928,1408
511,1408
489,1410
776,1410
66,1411
298,1411
189,1411
270,1412
589,1412
155,1413
498,1413
221,1414
515,1414
28,1416
601,1416
12,1416
22,1417
440,1418
915,1418
334,1418
919,1419
508,1419
533,1419
921,1420
947,1422
830,1425
403,1426
467,1428
439,1429
959,1430
223,1430
476,1431
826,1433
789,1433
995,1435
608,1436
924,1437
16,1437
124,1437
342,1439
133,1439
775,1441
824,1441
563,1443
107,1443
204,1445
111,1445
957,1446
222,1446
836,1447
566,1448
385,1452
376,1454
93,1456
79,1456
720,1457
544,1458
390,1458
196,1460
945,1461
418,1462
108,1462
158,1462
282,1462
838,1463
149,1463
772,1464
736,1465
979,1465
396,1465
359,1466
721,1467
734,1467
527,1468
648,1469
352,1469
638,1469
580,1471
950,1474
674,1475
870,1476
123,1477
487,1478
214,1478
868,1478
409,1480
718,1482
911,1484
842,1485
288,1485
5,1486
634,1487
358,1489
818,1489
345,1489
74,1489
49,1492
211,1492
630,1493
813,1494
534,1495
986,1497
582,1497
114,1498
131,1500
626,1500
581,1502
553,1503
408,1503
967,1505
78,1505
459,1505
535,1506
829,1507
641,1507
738,1509
596,1510
341,1511
669,1516
236,1519
539,1520
416,1520
715,1522
128,1523
366,1525
164,1526
389,1526
751,1528
599,1528
783,1528
841,1530
213,1530
230,1534
691,1535
125,1536
209,1538
248,1538
43,1538
874,1544
694,1544
165,1545
708,1545
318,1546
447,1547
987,1547
99,1548
238,1550
616,1550
594,1551
377,1553
705,1553
14,1553
565,1554
620,1555
917,1555
532,1556
360,1558
307,1559
53,1560
521,1563
501,1566
56,1568
546,1570
969,1572
290,1574
591,1574
712,1577
208,1577
780,1578
747,1579
116,1579
840,1580
797,1580
982,1582
862,1583
361,1583
445,1584
139,1584
628,1586
805,1587
960,1588
316,1589
253,1590
602,1590
206,1590
700,1594
256,1598
153,1599
545,1599
8,1600
336,1601
604,1602
313,1603
832,1604
343,1606
617,1611
329,1615
730,1616
894,1617
284,1617
410,1617
739,1621
672,1624
814,1626
639,1627
766,1628
443,1630
961,1630
62,1631
825,1633
999,1633
247,1636
105,1637
782,1637
941,1637
587,1639
853,1643
326,1644
792,1648
929,1648
11,1649
200,1650
572,1652
279,1653
176,1653
301,1656
187,1656
175,1659
490,1659
217,1662
741,1667
338,1667
497,1669
181,1669
300,1670
183,1670
24,1672
954,1672
871,1675
235,1676
51,1679
457,1680
186,1681
151,1682
857,1683
520,1684
449,1685
419,1688
907,1688
930,1690
320,1692
264,1693
163,1693
275,1696
262,1699
632,1699
854,1701
71,1708
603,1708
725,1711
192,1714
723,1716
29,1717
207,1718
706,1721
570,1723
140,1725
908,1726
305,1727
203,1730
81,1731
115,1734
367,1734
242,1734
154,1735
667,1738
796,1738
243,1741
452,1744
598,1745
129,1746
990,1746
278,1752
687,1754
994,1754
333,1759
693,1760
156,1760
754,1763
654,1765
47,1766
148,1767
309,1768
899,1769
932,1769
391,1773
394,1774
323,1779
798,1780
469,1783
38,1788
902,1791
879,1793
541,1793
665,1798
190,1802
761,1803
773,1803
34,1804
991,1809
324,1809
468,1810
645,1814
655,1814
283,1818
951,1818
94,1822
39,1824
59,1826
306,1831
118,1831
441,1835
926,1838
220,1839
770,1841
802,1843
493,1843
637,1844
42,1844
779,1845
612,1846
993,1848
671,1849
974,1850
799,1850
785,1854
522,1857
627,1862
984,1864
963,1865
652,1868
750,1869
900,1869
913,1871
337,1875
970,1881
614,1883
688,1886
215,1887
296,1890
560,1896
471,1897
17,1898
142,1898
84,1900
898,1903
578,1904
347,1904
646,1907
724,1907
470,1909
384,1910
378,1911
895,1911
817,1911
126,1917
399,1920
876,1921
271,1921
548,1921
239,1926
592,1927
833,1929
69,1937
130,1939
321,1941
249,1941
769,1941
877,1944
584,1946
185,1947
404,1948
558,1950
121,1950
790,1951
737,1953
245,1956
157,1962
417,1964
491,1966
978,1969
180,1975
788,1976
483,1978
903,1978
801,1979
976,1979
973,1980
662,1983
442,1985
682,1989
466,1991
666,1992
7,1994
543,1994
622,1999
401,2001
808,2007
809,2008
91,2010
727,2021
905,2022
260,2022
933,2022
757,2023
315,2025
134,2027
642,2027
562,2027
760,2029
695,2031
851,2037
597,2039
529,2041
752,2043
6,2046
421,2056
393,2059
102,2071
37,2075
735,2075
595,2078
673,2079
531,2080
834,2081
31,2087
670,2090
293,2091
281,2100
888,2101
302,2114
944,2114
210,2115
414,2117
413,2117
844,2121
464,2124
714,2125
934,2125
240,2125
436,2126
182,2128
953,2139
477,2142
136,2148
873,2148
58,2150
653,2151
88,2152
488,2156
257,2157
955,2161
800,2165
172,2165
958,2166
938,2168
26,2172
920,2173
455,2180
250,2189
113,2191
681,2198
631,2199
255,2199
943,2200
624,2204
427,2204
458,2206
159,2207
388,2213
710,2215
909,2228
611,2245
573,2246
897,2252
886,2255
289,2261
685,2270
675,2271
542,2272
340,2276
92,2276
433,2283
150,2287
15,2294
791,2295
759,2301
505,2302
793,2303
474,2314
20,2317
194,2330
143,2330
880,2330
561,2332
380,2337
285,2340
619,2341
866,2341
948,2342
387,2348
856,2349
19,2373
575,2384
965,2384
266,2385
731,2386
579,2388
362,2399
966,2400
57,2405
372,2432
709,2436
363,2436
485,2449
707,2452
303,2453
607,2454
804,2457
263,2469
246,2477
756,2478
588,2481
392,2498
916,2504
86,2505
145,2510
405,2516
660,2521
70,2522
972,2526
319,2526
82,2535
95,2539
437,2547
420,2547
169,2552
202,2554
482,2561
890,2562
971,2563
992,2565
101,2569
50,2581
810,2590
523,2592
985,2605
821,2622
975,2644
21,2652
339,2653
664,2656
33,2682
732,2684
456,2690
633,2691
823,2700
600,2701
227,2712
193,2721
25,2727
861,2744
636,2744
571,2747
446,2770
166,2771
370,2782
357,2784
425,2788
254,2790
845,2798
689,2800
656,2800
983,2801
658,2812
524,2829
746,2830
613,2838
188,2848
507,2857
258,2869
550,2902
438,2903
649,2948
144,2949
97,2952
892,2959
758,2962
509,2974
90,2976
354,2987
167,3012
322,3020
428,3021
228,3030
918,3031
46,3036
402,3037
835,3038
198,3044
76,3045
795,3051
119,3060
692,3079
36,3089
514,3112
379,3152
138,3200
462,3200
786,3201
889,3221
848,3222
273,3242
803,3249
875,3256
878,3275
768,3279
269,3289
335,3299
846,3329
949,3337
989,3350
904,3431
557,3450
237,3476
261,3478
839,3506
44,3527
286,3548
530,3598
887,3680
927,3727
60,3753
174,3781
45,3808
161,3932
492,4000
686,4056
703,4179
763,4429

simblock.block.ProofOfWorkBlock@51319075:72
758,0
18,171
590,235
924,292
791,348
27,404
497,465
535,498
214,521
778,567
389,582
961,629
664,688
124,745
506,757
852,802
984,838
328,858
419,895
31,914
162,933
205,957
725,973
204,1014
781,1030
90,1071
66,1102
243,1134
689,1191
777,1216
672,1219
505,1256
805,1272
366,1278
56,1316
116,1335
817,1341
696,1392
459,1392
591,1398
556,1444
562,1455
883,1490
412,1499
271,1511
628,1557
259,1564
865,1572
187,1613
464,1631
472,1660
329,1669
821,1688
405,1728
945,1730
939,1736
779,1746
869,1791
722,1809
494,1833
39,1849
561,1868
128,1905
729,1925
971,1938
338,1965
55,1996
415,2006
362,2011
585,2022
185,2054
977,2107
575,2117
390,2175
742,2201
837,2284
956,2287
421,2306
170,2354
152,2376
547,2454
168,2461
952,2524
47,2551
449,2588
601,2624
721,2638
80,2720
859,2810
493,2811
649,2881
245,2908
691,2987
7,3017
441,3094
934,3180
788,3191
6,3272
509,3380
474,3491
656,3520
126,3555
658,3895

simblock.block.ProofOfWorkBlock@3f03c8db:73
428,0
646,398
735,545
584,695
732,814
157,850
170,959
156,960
834,996
803,1010
86,1057
934,1128
244,1176
433,1211
815,1218
555,1221
122,1258
657,1270
660,1285
880,1316
923,1339
462,1352
97,1361
255,1365
341,1397
823,1415
977,1426
474,1435
382,1437
635,1440
995,1476
675,1476
883,1476
131,1480
332,1481
279,1496
388,1511
588,1516
580,1518
292,1520
808,1520
935,1522
529,1531
28,1545
73,1560
863,1567
516,1570
261,1572
647,1577
174,1588
762,1602
774,1604
120,1615
683,1641
110,1643
40,1651
478,1651
556,1657
137,1659
112,1659
878,1663
704,1669
250,1674
802,1677
589,1685
772,1690
988,1694
369,1695
235,1702
796,1707
502,1708
308,1709
841,1720
117,1726
449,1727
893,1728
105,1732
415,1734
569,1734
319,1740
794,1741
334,1741
266,1744
554,1746
621,1751
444,1758
401,1758
430,1760
986,1767
373,1768
432,1773
320,1780
989,1782
424,1784
696,1785
197,1788
80,1790
61,1791
964,1802
606,1804
510,1804
454,1805
364,1806
547,1807
52,1813
121,1814
194,1821
892,1822
742,1825
199,1829
450,1830
583,1831
718,1831
644,1836
291,1836
981,1838
759,1838
254,1839
280,1841
919,1842
564,1849
710,1852
551,1858
408,1860
370,1863
535,1864
956,1871
837,1871
623,1872
94,1873
344,1874
629,1879
324,1879
882,1881
966,1882
447,1885
664,1885
315,1886
891,1888
990,1891
397,1892
270,1894
805,1894
787,1899
937,1900
340,1906
630,1907
138,1908
321,1909
804,1909
318,1914
311,1914
754,1917
559,1919
252,1920
141,1920
791,1922
484,1922
540,1925
29,1931
3,1932
617,1934
609,1938
304,1940
15,1940
381,1941
549,1945
417,1945
480,1945
843,1949
463,1951
314,1953
14,1956
406,1957
218,1957
885,1957
568,1958
850,1960
346,1960
269,1961
536,1967
572,1967
330,1971
378,1972
394,1974
930,1978
672,1981
511,1981
894,1983
936,1985
206,1987
528,1990
496,1992
404,1992
472,1993
864,1994
905,1995
171,1995
816,2001
198,2003
719,2003
698,2003
862,2003
634,2005
173,2007
533,2007
180,2008
926,2009
721,2010
847,2011
681,2012
922,2013
403,2013
859,2014
153,2014
238,2015
491,2016
563,2017
860,2019
887,2019
904,2022
967,2022
229,2025
248,2027
764,2027
355,2028
481,2028
390,2028
504,2028
259,2029
674,2031
294,2032
955,2033
345,2033
335,2036
717,2036
835,2037
525,2039
689,2040
578,2040
299,2041
573,2041
56,2042
729,2044
85,2044
41,2044
66,2047
807,2048
367,2049
107,2050
49,2050
470,2051
152,2051
661,2052
780,2053
293,2053
856,2054
398,2056
383,2057
987,2060
375,2061
991,2061
89,2062
312,2063
752,2064
610,2064
202,2066
691,2066
84,2067
639,2067
544,2068
227,2072
961,2074
570,2074
620,2075
160,2075
654,2078
451,2081
219,2084
348,2087
706,2087
594,2087
297,2089
605,2091
35,2093
310,2095
419,2096
755,2096
471,2097
217,2099
798,2101
741,2101
264,2103
289,2104
70,2108
695,2110
23,2112
166,2113
365,2115
325,2115
699,2119
676,2120
396,2123
896,2126
287,2126
928,2127
712,2127
434,2128
103,2129
844,2129
760,2130
473,2132
187,2132
849,2133
763,2134
910,2134
725,2135
820,2137
139,2137
212,2139
566,2139
585,2140
738,2141
223,2141
349,2145
949,2146
242,2147
944,2147
385,2147
822,2148
998,2150
867,2152
159,2153
90,2155
2,2157
817,2160
241,2162
221,2163
196,2164
577,2164
498,2167
495,2168
165,2168
593,2169
125,2170
203,2173
500,2175
768,2176
72,2177
465,2178
184,2178
150,2181
740,2184
715,2188
220,2188
739,2189
921,2189
185,2193
353,2197
505,2197
881,2197
234,2197
368,2198
626,2198
582,2199
422,2201
730,2203
560,2204
347,2204
126,2205
135,2209
716,2210
871,2210
869,2210
327,2211
65,2211
27,2211
147,2211
649,2211
840,2213
151,2213
918,2214
176,2215
322,2216
517,2217
746,2218
209,2218
386,2220
226,2221
361,2222
32,2222
842,2224
104,2225
87,2225
562,2226
295,2227
756,2228
611,2229
720,2230
257,2234
984,2235
640,2236
115,2237
769,2240
231,2240
296,2240
486,2241
912,2242
351,2242
435,2243
301,2243
195,2246
99,2248
468,2250
281,2251
277,2252
538,2252
521,2254
776,2258
845,2258
98,2259
527,2260
997,2262
932,2262
201,2262
356,2262
532,2266
667,2266
670,2268
162,2269
1000,2272
445,2273
389,2275
26,2276
21,2277
163,2277
140,2278
778,2278
723,2279
708,2282
363,2283
260,2286
469,2286
826,2287
342,2287
93,2290
146,2291
586,2293
901,2295
684,2299
679,2300
136,2301
831,2302
915,2302
688,2302
148,2305
515,2305
274,2306
553,2307
249,2307
632,2309
393,2310
963,2311
874,2311
829,2311
861,2312
207,2315
411,2318
133,2318
499,2321
531,2321
251,2321
45,2322
483,2324
9,2324
906,2324
477,2329
326,2329
697,2332
77,2333
22,2334
737,2335
996,2336
825,2339
164,2341
865,2345
33,2346
940,2347
539,2347
12,2355
624,2360
144,2360
938,2362
181,2362
418,2364
53,2369
179,2369
550,2370
957,2371
458,2372
994,2372
59,2373
576,2374
734,2375
604,2376
971,2377
690,2377
169,2381
338,2384
366,2389
128,2392
329,2392
975,2393
359,2393
191,2393
68,2396
464,2396
24,2401
288,2402
482,2404
890,2404
376,2407
514,2411
328,2412
749,2413
145,2415
870,2415
777,2420
380,2420
743,2421
230,2423
813,2423
948,2424
941,2426
64,2428
622,2429
106,2429
236,2429
581,2431
400,2437
508,2440
427,2444
686,2448
123,2450
437,2454
587,2456
700,2457
911,2457
290,2461
47,2461
317,2462
237,2463
668,2463
628,2464
262,2465
272,2465
18,2466
616,2469
733,2470
265,2471
812,2473
155,2477
908,2479
208,2484
824,2486
522,2486
770,2486
240,2487
34,2490
983,2490
665,2494
985,2494
142,2499
801,2502
873,2502
542,2505
913,2506
952,2508
409,2508
702,2509
655,2510
395,2511
182,2512
452,2514
116,2514
615,2515
453,2518
161,2519
431,2519
492,2523
819,2528
43,2531
968,2533
38,2536
414,2536
526,2538
596,2538
866,2541
489,2543
943,2545
811,2545
534,2545
54,2547
130,2555
175,2559
636,2561
19,2562
331,2563
100,2563
877,2564
653,2566
980,2567
851,2567
168,2569
663,2570
283,2571
114,2573
638,2574
306,2575
167,2577
416,2577
455,2579
392,2580
149,2580
245,2581
992,2583
884,2586
766,2588
313,2589
258,2590
371,2591
939,2592
692,2592
656,2595
188,2598
384,2603
858,2603
751,2605
744,2607
420,2610
709,2611
757,2612
457,2612
92,2613
641,2615
724,2617
95,2619
518,2620
172,2620
745,2620
225,2621
786,2623
399,2628
546,2629
931,2636
945,2636
50,2639
303,2639
907,2643
750,2647
200,2647
413,2649
79,2657
650,2661
239,2662
31,2668
268,2672
216,2672
614,2678
592,2679
590,2681
7,2687
178,2689
479,2692
343,2693
132,2693
307,2695
441,2696
642,2703
571,2710
784,2712
493,2713
512,2715
71,2717
899,2718
920,2721
976,2726
51,2727
429,2732
694,2737
748,2738
558,2741
387,2744
1,2744
711,2746
267,2747
680,2758
806,2758
898,2759
902,2759
797,2761
339,2763
440,2763
402,2766
669,2767
783,2768
134,2774
785,2774
591,2781
954,2783
460,2784
872,2784
557,2790
703,2791
494,2794
830,2795
631,2796
900,2797
412,2803
548,2804
612,2806
302,2809
895,2812
652,2827
701,2835
37,2837
795,2843
501,2843
485,2854
677,2854
953,2860
228,2865
256,2870
790,2871
857,2876
421,2876
119,2882
788,2884
60,2884
978,2885
127,2886
736,2887
771,2895
13,2899
947,2911
648,2914
951,2915
909,2916
809,2921
886,2924
113,2930
707,2932
101,2934
124,2934
183,2934
6,2936
186,2941
637,2943
946,2945
567,2949
336,2951
833,2955
552,2961
11,2964
973,2968
848,2969
974,2972
391,2980
243,2980
213,2981
58,2985
889,2992
753,2996
651,3009
530,3015
875,3018
818,3029
575,3031
600,3038
426,3039
662,3046
300,3054
108,3058
76,3061
969,3080
83,3093
276,3095
488,3102
246,3107
215,3109
541,3110
78,3114
405,3118
423,3121
497,3130
74,3133
607,3138
189,3153
129,3154
765,3155
685,3161
358,3175
810,3182
603,3185
506,3194
888,3196
678,3208
726,3212
55,3213
666,3218
362,3222
25,3233
970,3235
91,3236
868,3248
4,3257
800,3277
232,3291
467,3294
775,3298
789,3305
305,3308
728,3316
253,3318
852,3325
278,3326
821,3329
67,3334
102,3335
828,3343
282,3358
36,3363
519,3372
298,3382
876,3390
579,3400
846,3402
942,3411
627,3412
286,3435
523,3446
513,3453
476,3456
75,3462
659,3470
475,3476
81,3490
214,3511
705,3515
927,3515
233,3516
20,3524
792,3538
205,3546
633,3564
46,3574
643,3580
839,3601
10,3605
57,3610
855,3619
727,3627
713,3631
714,3632
509,3640
782,3642
601,3644
273,3658
781,3668
354,3676
853,3681
625,3702
903,3702
211,3730
109,3754
446,3757
673,3779
456,3816
767,3816
88,3821
44,3831
224,3840
16,3849
62,3878
192,3878
613,3889
204,3895
284,3899
917,3932
263,3941
158,3945
374,3960
827,3988
658,3998
993,4016
520,4027
779,4030
671,4049
832,4069
645,4089
747,4119
490,4121
350,4154
154,4165
309,4172
143,4177
193,4207
565,4239
537,4242
608,4249
693,4256
425,4263
360,4309
879,4309
793,4326
407,4365
982,4366
466,4377
618,4395
275,4398
960,4463
687,4464
950,4476
933,4506
111,4507
42,4522
96,4542
8,4543
372,4555
503,4597
925,4614
247,4627
574,4661
543,4663
357,4704
439,4717
599,4729
210,4746
487,4762
30,4765
959,4775
854,4844
323,4857
979,4893
507,4913
929,4927
333,4946
962,4962
799,5064
352,5069
177,5070
761,5071
897,5074
682,5081
814,5142
999,5150
17,5157
459,5214
190,5224
377,5241
965,5262
524,5301
595,5372
731,5374
836,5378
972,5432
63,5455
924,5491
443,5515
914,5534
602,5567
48,5593
438,5650
436,5671
410,5673
222,5675
118,5758
461,5780
916,5814
271,5832
337,5847
958,5954
561,5973
773,5977
598,6058
316,6112
545,6130
39,6197
69,6281
442,6286
5,6301
619,6518
379,6553
82,6582
285,6656
722,6904
448,7005
758,7354
597,7612

simblock.block.ProofOfWorkBlock@4bfe1305:74
138,0
848,324
808,469
44,618
788,671
157,777
166,853
40,884
335,930
86,996
909,1022
557,1061
293,1077
822,1099
472,1099
995,1152
254,1152
512,1181
571,1213
513,1263
823,1263
735,1308
270,1318
65,1322
834,1335
449,1344
238,1344
415,1345
629,1348
264,1349
921,1373
666,1396
697,1404
538,1407
611,1410
322,1412
583,1415
998,1420
547,1430
572,1457
60,1460
433,1463
500,1479
119,1480
160,1489
32,1489
966,1498
556,1505
355,1507
103,1516
235,1538
936,1539
913,1543
22,1546
877,1547
596,1566
850,1567
742,1568
776,1574
178,1575
356,1587
594,1594
2,1595
237,1601
122,1605
638,1606
763,1612
862,1613
802,1620
447,1623
23,1624
454,1625
991,1631
580,1632
787,1640
880,1648
403,1651
261,1651
847,1653
269,1653
923,1654
171,1655
544,1658
831,1663
980,1672
694,1676
291,1677
996,1679
272,1682
660,1689
437,1692
827,1698
801,1700
226,1707
66,1715
553,1715
563,1722
777,1723
52,1726
294,1734
287,1735
901,1737
299,1737
331,1738
308,1739
765,1739
369,1740
762,1741
215,1744
435,1748
688,1748
898,1748
967,1749
756,1756
495,1757
536,1759
481,1761
339,1763
683,1764
884,1765
474,1767
483,1768
255,1773
940,1779
390,1784
259,1793
952,1795
630,1796
426,1797
381,1798
228,1798
514,1799
223,1800
397,1801
121,1803
224,1806
429,1808
3,1810
680,1813
816,1816
621,1817
484,1820
196,1821
450,1822
485,1824
220,1826
625,1830
716,1832
109,1833
643,1835
26,1837
712,1839
825,1840
610,1843
135,1843
241,1845
133,1846
736,1848
476,1849
523,1851
930,1851
838,1853
910,1855
542,1855
306,1857
606,1865
351,1866
184,1870
504,1871
509,1871
175,1873
559,1880
677,1880
73,1881
162,1882
382,1882
9,1883
502,1883
487,1889
860,1891
670,1893
367,1896
225,1897
729,1897
204,1903
117,1903
132,1904
221,1904
855,1904
661,1904
170,1905
79,1906
59,1906
981,1914
174,1914
540,1915
100,1916
233,1917
753,1918
640,1920
141,1921
837,1925
842,1925
679,1927
792,1929
881,1930
105,1932
311,1932
750,1934
623,1934
668,1934
137,1935
566,1939
375,1942
158,1943
328,1946
721,1946
577,1946
549,1947
401,1947
404,1948
83,1949
477,1951
519,1953
325,1954
843,1956
478,1956
569,1957
349,1958
516,1959
897,1959
330,1960
741,1961
479,1961
334,1962
849,1962
567,1964
891,1965
568,1965
501,1968
755,1969
4,1970
674,1970
671,1974
344,1974
247,1975
978,1975
208,1976
894,1976
591,1976
506,1977
535,1978
124,1978
463,1984
95,1985
168,1986
632,1989
289,1989
938,1989
764,1990
37,1996
841,1996
408,1999
647,2000
672,2000
772,2001
131,2002
651,2004
338,2005
589,2006
783,2007
809,2007
47,2008
713,2009
719,2011
494,2011
91,2013
699,2015
252,2015
327,2017
815,2018
813,2019
127,2019
733,2022
620,2025
510,2025
361,2025
826,2027
440,2029
118,2031
695,2031
5,2032
386,2035
634,2035
398,2037
480,2037
1000,2038
935,2039
310,2045
659,2047
539,2048
96,2048
738,2051
820,2052
565,2054
430,2055
794,2057
657,2059
702,2060
48,2062
139,2062
64,2063
315,2064
107,2065
704,2065
416,2066
906,2067
216,2067
726,2067
774,2069
30,2069
982,2070
342,2073
496,2077
147,2078
267,2078
427,2079
373,2080
7,2080
486,2081
187,2081
720,2082
6,2084
151,2088
94,2089
527,2089
732,2091
92,2094
108,2097
710,2097
120,2098
956,2098
829,2099
814,2101
892,2101
576,2101
365,2102
343,2104
329,2105
830,2107
268,2110
258,2111
944,2117
989,2117
957,2118
685,2120
31,2121
560,2122
752,2122
106,2123
874,2124
116,2124
684,2124
807,2125
990,2126
197,2126
217,2127
554,2128
332,2128
760,2129
473,2130
249,2130
928,2132
353,2132
203,2136
181,2136
637,2137
348,2138
696,2139
654,2140
954,2143
98,2143
18,2144
734,2145
115,2146
113,2147
663,2148
85,2150
469,2150
961,2151
93,2154
968,2154
708,2155
757,2155
969,2156
949,2158
986,2158
391,2164
410,2169
578,2170
747,2171
33,2172
918,2172
42,2174
234,2175
214,2177
797,2178
902,2180
511,2181
129,2185
395,2186
14,2189
346,2189
173,2190
451,2191
907,2193
273,2193
35,2194
412,2195
301,2195
352,2196
649,2197
110,2198
703,2198
528,2200
422,2202
140,2203
796,2206
717,2206
491,2207
314,2208
383,2209
319,2210
418,2212
775,2212
341,2214
248,2216
896,2216
613,2218
298,2219
424,2220
609,2221
446,2221
183,2221
72,2223
445,2225
219,2227
531,2227
43,2229
804,2232
146,2233
784,2234
280,2235
929,2238
942,2242
824,2244
104,2244
114,2245
812,2246
130,2247
790,2250
206,2254
458,2254
525,2255
232,2256
191,2256
239,2256
278,2258
865,2260
867,2263
8,2263
333,2265
876,2267
723,2268
859,2268
658,2271
770,2274
805,2274
914,2274
631,2275
323,2277
123,2279
213,2281
653,2282
200,2282
212,2287
50,2289
508,2290
199,2291
633,2293
975,2296
25,2297
489,2297
664,2298
207,2299
641,2302
562,2303
590,2304
939,2304
575,2305
962,2305
817,2308
893,2309
300,2310
636,2311
292,2314
711,2315
727,2316
493,2317
189,2321
917,2322
964,2326
492,2328
665,2328
739,2331
21,2332
70,2335
128,2337
218,2339
551,2342
202,2342
887,2344
971,2344
371,2345
552,2345
144,2345
872,2346
737,2348
89,2349
616,2349
209,2351
692,2352
102,2353
985,2353
240,2353
533,2356
746,2356
434,2358
537,2359
548,2360
453,2362
82,2363
394,2364
574,2365
41,2367
58,2369
34,2371
655,2375
882,2375
832,2379
988,2381
421,2381
895,2382
16,2382
687,2385
165,2387
963,2394
612,2395
282,2396
362,2396
266,2399
159,2401
800,2402
555,2403
626,2409
598,2409
885,2409
614,2409
706,2411
290,2412
994,2417
593,2419
56,2420
678,2420
317,2420
911,2420
253,2421
724,2423
99,2424
585,2429
63,2431
210,2431
517,2433
54,2434
767,2434
605,2436
154,2439
250,2443
818,2449
541,2451
522,2452
751,2455
417,2456
532,2456
615,2456
744,2459
743,2462
676,2469
176,2470
714,2471
573,2472
396,2472
155,2472
276,2474
12,2474
380,2475
411,2476
67,2476
700,2478
277,2478
970,2479
646,2482
564,2483
581,2485
992,2486
285,2489
190,2491
364,2491
387,2492
691,2492
707,2495
977,2499
599,2502
347,2504
312,2511
912,2512
946,2514
497,2517
236,2517
172,2518
701,2519
943,2520
858,2521
628,2521
182,2522
288,2525
372,2526
586,2527
715,2529
263,2530
20,2531
161,2533
57,2533
363,2536
164,2539
624,2540
550,2541
464,2543
806,2546
705,2549
419,2556
101,2556
409,2562
768,2563
588,2566
915,2566
295,2569
87,2573
145,2574
384,2577
931,2579
470,2581
125,2586
243,2592
163,2594
503,2595
38,2601
350,2604
947,2606
368,2608
444,2608
76,2608
112,2611
148,2614
869,2617
888,2617
871,2623
579,2625
245,2634
785,2635
840,2636
488,2636
932,2637
974,2648
193,2648
428,2649
899,2649
257,2651
186,2655
878,2658
718,2659
543,2660
999,2662
456,2662
819,2667
854,2668
635,2668
84,2670
955,2677
900,2685
49,2691
230,2694
19,2695
378,2697
669,2698
766,2703
730,2704
244,2704
597,2707
607,2708
441,2709
167,2710
524,2712
17,2716
156,2716
74,2717
662,2717
868,2718
584,2722
754,2725
392,2729
399,2731
227,2731
28,2732
997,2732
922,2733
62,2737
570,2745
152,2745
499,2747
438,2752
745,2753
725,2754
460,2760
846,2769
587,2772
873,2772
780,2774
414,2775
36,2780
622,2781
134,2781
731,2784
601,2785
13,2786
782,2789
201,2790
296,2790
529,2792
10,2797
457,2805
406,2808
452,2812
88,2821
811,2823
15,2826
324,2831
771,2838
845,2844
799,2849
682,2854
46,2856
979,2857
810,2864
987,2867
941,2869
498,2871
592,2876
722,2878
231,2885
303,2890
886,2892
759,2892
260,2894
455,2900
400,2906
798,2910
934,2910
603,2912
953,2926
279,2935
675,2939
90,2944
302,2953
11,2954
97,2958
965,2958
126,2959
558,2965
933,2990
205,2992
673,2993
194,2995
686,2996
545,2996
863,2997
136,3000
984,3006
650,3012
789,3013
229,3017
926,3021
870,3023
111,3030
432,3037
656,3044
667,3044
69,3046
265,3047
642,3049
307,3054
530,3059
436,3063
211,3067
518,3069
828,3073
937,3073
521,3080
604,3097
627,3097
945,3104
546,3108
188,3116
864,3117
405,3118
379,3123
61,3123
388,3142
321,3149
617,3152
340,3160
256,3168
639,3168
468,3173
316,3189
192,3191
1,3194
853,3205
905,3207
951,3209
803,3212
844,3213
600,3225
793,3240
413,3253
883,3257
861,3263
78,3263
786,3271
475,3292
45,3294
927,3299
304,3301
326,3310
903,3310
407,3312
376,3323
709,3331
839,3348
791,3351
983,3356
354,3356
462,3367
297,3371
320,3371
195,3372
169,3372
889,3389
420,3397
465,3404
648,3416
142,3439
77,3456
51,3461
149,3468
27,3488
490,3513
80,3517
821,3523
795,3542
973,3554
959,3561
857,3599
359,3600
370,3604
976,3613
919,3620
425,3622
960,3648
271,3650
728,3662
150,3668
153,3671
652,3702
520,3704
75,3709
749,3723
283,3771
286,3792
467,3793
769,3812
856,3818
393,3822
561,3867
402,3872
690,3880
852,3908
866,3910
374,3910
619,3922
242,3948
71,3955
345,3965
275,3973
534,4007
890,4010
177,4017
879,4036
748,4073
526,4094
385,4120
318,4139
740,4159
836,4170
358,4210
313,4221
431,4247
185,4256
779,4260
336,4263
833,4305
851,4308
908,4336
439,4365
758,4370
284,4397
582,4417
608,4438
68,4508
305,4511
958,4561
337,4564
644,4566
681,4608
461,4613
505,4640
466,4696
948,4724
459,4748
262,4805
198,4818
595,4862
274,4905
251,4938

simblock.block.ProofOfWorkBlock@e469f74:74
650,0
780,227
299,311
168,415
216,508
778,682
423,830
109,861
945,907
342,967
436,992
313,1024
904,1043
296,1054
384,1080
545,1110
305,1138
431,1169
585,1182
92,1192
791,1194
864,1218
893,1227
5,1249
102,1249
757,1255
917,1288
88,1288
543,1307
756,1316
438,1344
59,1345
374,1351
468,1373
631,1393
145,1400
210,1402
965,1407
919,1430
761,1435
975,1458
234,1461
176,1492
333,1516
167,1519
812,1528
329,1548
230,1566
692,1573
67,1577
682,1583
563,1585
220,1602
489,1605
522,1635
416,1641
488,1642
298,1662
205,1700
730,1700
857,1702
554,1704
466,1725
937,1739
334,1755
537,1757
781,1759
467,1760
308,1776
124,1782
179,1817
971,1817
818,1842
15,1873
947,1875
789,1877
755,1878
700,1912
131,1924
576,1925
651,1934
984,1936
858,1942
100,1966
888,1992
948,1999
382,2011
679,2051
472,2053
116,2056
542,2056
794,2098
701,2104
540,2112
790,2112
353,2152
802,2159
465,2173
80,2184
702,2228
626,2228
398,2230
867,2247
120,2275
454,2280
643,2282
950,2287
287,2326
907,2354
699,2355
98,2403
966,2417
14,2417
112,2462
905,2510
551,2533
749,2551
126,2559
594,2575
848,2582
946,2588
192,2613
310,2632
589,2702
647,2725
822,2749
696,2761
36,2801
629,2805
486,2885
197,2896
493,2897
568,2936
883,2978
432,3066
703,3086
322,3107
346,3118
362,3176
44,3182
293,3268
939,3291
138,3350
254,3370
335,3390
657,3467
166,3467
642,3472
571,3566
876,3635
449,3690
402,3763
215,3776
989,3869
509,3918
339,3972
157,4060
611,4084
169,4168
86,4233
660,4265
974,4376
627,4508
321,4552
46,4581
788,4661
7,4850
926,4872
37,5191
303,5714

simblock.block.ProofOfWorkBlock@7e677be6:75
852,0
300,154
143,212
864,273
773,304
959,330
146,361
128,362
791,387
497,419
229,421
828,424
695,444
407,453
420,476
914,479
164,481
992,484
96,501
191,509
333,512
624,515
368,533
751,537
640,541
759,549
535,549
671,564
835,565
165,570
372,570
90,572
531,579
180,584
602,589
352,594
468,597
789,599
545,603
961,608
778,609
31,626
439,626
775,628
297,630
714,633
187,633
637,634
210,638
214,643
888,643
183,646
465,649
398,652
218,655
599,660
124,664
177,664
70,666
48,669
179,670
687,676
870,684
722,688
30,690
442,690
118,691
483,692
82,693
387,698
743,699
993,699
941,702
292,706
213,709
366,715
947,715
920,716
202,717
460,719
434,719
338,720
77,721
819,723
664,726
632,727
374,727
81,731
872,734
867,735
903,735
5,736
345,741
836,742
394,743
526,747
653,747
990,748
685,749
761,749
605,750
147,752
204,753
375,754
440,755
648,759
838,759
517,762
875,763
485,765
438,771
597,771
377,773
546,775
591,776
574,777
257,777
473,778
744,778
475,778
83,779
464,779
329,779
275,783
358,784
725,785
491,786
109,787
590,787
59,790
167,792
579,792
609,793
476,796
500,797
208,800
281,801
422,802
833,803
68,804
779,805
950,805
960,805
148,806
260,807
929,809
565,811
958,811
263,812
522,814
423,815
907,815
622,815
817,815
654,817
932,818
467,820
360,821
541,826
448,826
631,829
79,832
289,833
16,833
766,834
615,835
27,835
988,835
971,836
672,837
324,837
650,838
42,838
639,839
598,841
890,843
328,843
938,844
482,845
570,845
951,845
247,846
537,847
969,848
129,848
916,848
25,848
975,850
249,851
940,851
21,852
217,852
431,858
8,858
466,859
359,859
827,860
552,860
562,861
316,862
10,863
818,865
620,866
380,866
534,867
436,867
41,868
937,868
102,868
363,869
840,869
150,870
747,870
55,871
19,871
53,872
234,873
347,875
88,875
190,875
29,877
231,879
965,879
71,880
153,881
811,881
902,886
54,886
928,889
700,890
970,892
412,893
312,893
706,893
172,894
692,894
618,895
461,895
323,895
997,897
915,898
239,898
106,899
758,900
740,902
410,903
655,905
871,905
689,905
416,905
669,905
227,905
49,906
663,906
982,906
797,907
731,907
343,907
419,909
730,910
458,911
193,911
621,912
469,912
195,913
336,916
18,916
427,916
856,917
378,917
798,918
769,919
963,919
205,923
782,923
414,924
63,924
944,925
295,925
127,925
154,926
350,926
521,927
718,927
767,927
813,927
24,927
976,927
879,928
868,928
298,928
134,928
85,929
727,929
34,931
99,931
587,931
853,931
104,931
604,933
282,935
503,936
307,936
93,936
857,937
821,937
376,938
708,939
800,942
532,943
825,944
490,945
746,946
576,946
698,947
962,948
861,950
784,951
203,952
242,953
252,954
15,956
790,957
243,957
186,957
200,957
268,957
908,957
781,958
116,959
267,960
705,961
866,962
760,962
824,962
443,963
74,963
693,964
770,964
942,965
728,965
457,965
793,966
198,967
149,967
418,968
542,969
383,969
507,969
659,970
912,970
357,971
665,971
236,972
955,973
393,973
471,973
17,975
839,975
305,975
882,976
125,976
75,977
644,982
13,982
296,982
67,983
424,984
558,984
501,984
979,985
115,985
520,985
948,987
256,988
277,988
561,989
612,990
897,990
886,990
498,991
185,993
667,994
92,994
108,994
1000,994
505,995
12,995
209,995
924,996
585,996
595,997
489,998
865,999
515,999
151,1000
309,1001
713,1002
139,1002
223,1003
972,1007
240,1008
710,1008
560,1009
925,1011
274,1015
628,1017
999,1017
276,1017
163,1018
831,1018
641,1018
389,1019
330,1019
801,1020
854,1020
456,1021
337,1021
284,1021
87,1022
518,1023
994,1024
379,1024
846,1028
668,1030
326,1031
682,1031
869,1031
885,1032
645,1032
499,1032
11,1033
748,1033
391,1034
222,1035
278,1038
677,1038
575,1039
582,1040
528,1041
182,1041
774,1041
893,1041
711,1042
851,1043
739,1043
320,1045
176,1045
158,1048
548,1049
367,1049
904,1051
524,1051
262,1051
973,1052
881,1054
342,1054
995,1054
849,1055
603,1058
508,1059
634,1061
681,1064
673,1064
145,1068
883,1072
569,1073
459,1074
111,1076
194,1077
233,1078
230,1079
105,1082
280,1085
957,1087
470,1087
783,1088
756,1090
749,1090
271,1093
487,1094
985,1100
314,1102
159,1104
283,1105
506,1105
830,1106
56,1111
251,1111
737,1112
984,1112
573,1115
911,1115
717,1116
117,1118
123,1120
816,1120
69,1121
397,1123
716,1124
246,1126
259,1128
822,1130
226,1133
814,1133
704,1133
715,1138
516,1138
430,1138
945,1139
235,1141
395,1141
453,1144
221,1147
201,1147
754,1148
199,1156
589,1157
987,1159
630,1160
327,1160
780,1161
301,1162
130,1164
863,1165
946,1167
344,1169
996,1169
385,1170
847,1172
581,1173
33,1176
178,1179
160,1185
736,1187
726,1190
921,1190
617,1190
694,1191
258,1192
175,1194
39,1197
608,1200
1,1202
832,1205
850,1206
98,1207
539,1208
290,1209
919,1210
365,1210
411,1210
3,1210
762,1212
796,1219
494,1220
991,1222
32,1223
80,1223
792,1224
723,1224
551,1225
826,1225
206,1226
936,1226
543,1228
110,1228
502,1231
264,1231
386,1232
662,1233
272,1236
65,1238
311,1238
253,1239
107,1239
549,1244
28,1246
610,1248
623,1248
408,1250
279,1251
390,1252
536,1255
858,1255
478,1258
445,1259
353,1261
89,1261
495,1263
956,1266
738,1266
906,1267
540,1269
409,1271
567,1271
635,1273
764,1274
120,1277
444,1277
556,1280
52,1284
572,1284
317,1285
683,1287
676,1288
137,1289
829,1290
72,1293
964,1293
657,1293
626,1296
356,1296
720,1299
38,1301
980,1301
777,1301
776,1305
450,1308
544,1308
432,1308
679,1309
580,1310
212,1311
702,1318
755,1318
196,1320
719,1321
171,1323
954,1325
901,1328
291,1331
61,1332
114,1332
923,1334
135,1336
616,1337
741,1338
519,1340
406,1340
241,1341
403,1343
155,1350
721,1352
812,1352
480,1355
22,1358
922,1360
593,1361
566,1362
339,1363
578,1365
529,1365
132,1365
742,1367
967,1369
288,1369
733,1371
181,1372
772,1376
435,1376
884,1380
310,1380
429,1382
986,1383
133,1383
843,1388
415,1390
103,1393
299,1395
479,1395
661,1396
806,1397
238,1397
496,1397
504,1400
629,1401
382,1404
732,1407
78,1408
211,1408
270,1409
596,1410
168,1410
40,1411
23,1411
325,1413
173,1414
321,1416
896,1421
64,1422
346,1424
660,1424
805,1426
207,1426
131,1426
643,1430
248,1433
538,1435
533,1439
428,1443
525,1446
771,1447
877,1450
625,1452
381,1454
413,1456
331,1462
563,1463
35,1465
606,1465
555,1466
152,1470
646,1470
837,1471
674,1479
966,1480
57,1482
355,1485
361,1485
809,1487
122,1487
216,1487
348,1492
441,1494
559,1496
910,1502
51,1506
224,1508
935,1513
568,1515
750,1524
447,1526
712,1532
452,1533
138,1533
697,1535
228,1536
47,1536
484,1538
807,1539
232,1543
2,1547
678,1547
170,1548
265,1551
396,1552
690,1553
934,1554
860,1556
472,1558
437,1560
141,1561
684,1564
219,1565
119,1566
794,1568
799,1570
859,1571
73,1571
752,1572
174,1573
189,1574
197,1579
968,1581
486,1581
285,1584
449,1585
815,1585
523,1589
768,1590
952,1601
399,1605
14,1606
306,1607
334,1611
917,1614
121,1618
895,1618
140,1621
402,1626
481,1626
162,1627
43,1627
225,1633
293,1636
981,1636
649,1636
94,1639
873,1640
547,1640
900,1641
318,1641
26,1642
887,1645
97,1645
686,1648
493,1649
421,1649
577,1649
492,1652
680,1656
943,1656
527,1657
95,1665
509,1674
594,1675
286,1678
550,1681
294,1685
426,1685
898,1686
261,1690
703,1691
512,1696
463,1701
273,1708
266,1708
161,1708
638,1710
9,1711
607,1711
611,1713
874,1719
244,1721
765,1722
745,1726
4,1731
513,1740
369,1741
371,1744
184,1745
734,1749
364,1753
341,1754
652,1756
862,1757
592,1766
335,1772
446,1775
670,1775
647,1776
530,1780
319,1781
425,1789
454,1794
156,1795
488,1796
349,1797
66,1808
696,1810
322,1815
998,1819
931,1822
20,1825
62,1825
583,1826
86,1837
142,1843
953,1843
50,1850
304,1854
136,1865
613,1866
477,1874
842,1880
351,1890
691,1897
675,1901
709,1910
636,1911
514,1913
511,1915
237,1920
855,1923
802,1926
707,1929
845,1929
60,1944
433,1945
989,1957
930,1958
455,1961
462,1972
417,1972
786,1974
977,1983
753,1992
763,1996
451,1998
254,2000
785,2002
404,2003
401,2005
584,2013
820,2025
927,2029
735,2029
76,2038
388,2038
405,2040
878,2041
619,2048
701,2052
269,2056
554,2069
724,2073
188,2080
834,2090
564,2090
250,2092
891,2092
913,2095
340,2102
795,2108
978,2108
157,2120
892,2128
400,2128
808,2149
601,2157
787,2166
699,2169
91,2173
315,2197
45,2204
909,2213
58,2216
841,2227
510,2229
557,2233
126,2244
905,2249
651,2252
899,2261
586,2264
949,2275
370,2285
889,2288
823,2292
729,2301
302,2304
46,2316
6,2316
939,2329
848,2360
144,2374
392,2375
810,2382
255,2388
303,2399
894,2405
880,2411
373,2416
656,2418
101,2425
933,2455
983,2475
588,2480
804,2488
688,2514
113,2549
803,2561
876,2570
600,2588
553,2594
788,2611
36,2618
658,2722
166,2738
918,2766
332,2767
633,2799
84,2860
215,2875
245,2894
844,3026
362,3055
354,3068
614,3157
169,3178
474,3200
571,3344
926,3367
666,3475
7,3645
384,3693
313,3750
757,3808
308,3980
220,4160
627,4188
100,4337
112,4341
287,4511
192,4798
37,5029
44,5081
974,5364
642,5647

simblock.block.ProofOfWorkBlock@281565df:76
59,0
963,152
756,209
488,268
879,307
475,363
31,370
849,378
106,420
869,421
200,427
582,454
342,456
783,477
955,478
326,486
904,511
819,512
531,513
147,518
467,530
713,535
278,538
485,549
958,569
165,570
945,571
545,574
731,576
130,577
85,580
359,586
222,595
570,609
528,611
202,617
698,621
591,625
574,626
150,628
628,628
710,628
90,632
213,635
151,638
886,639
885,643
206,644
377,651
176,660
53,664
431,667
793,667
87,668
470,670
307,678
410,680
343,681
830,684
127,684
83,685
585,685
524,690
858,693
944,693
902,696
440,699
124,700
195,701
940,707
711,707
118,709
128,720
143,721
27,725
916,725
604,725
146,726
88,726
790,727
77,727
102,727
637,729
281,738
979,741
996,744
839,744
778,745
336,746
419,746
305,747
542,748
757,749
234,750
324,751
975,752
590,753
599,757
42,758
394,760
243,760
503,764
247,767
857,767
116,770
149,775
988,777
366,781
497,781
575,781
233,782
747,783
655,784
204,784
937,784
375,784
328,785
706,785
827,785
17,786
705,786
689,787
246,788
499,791
193,794
561,794
1000,795
836,800
68,803
218,803
685,804
754,805
669,805
159,808
739,809
414,810
25,810
576,811
868,812
296,813
12,813
256,814
654,815
15,815
744,816
532,817
203,817
543,822
129,823
422,824
74,824
835,824
761,825
961,826
912,829
970,833
740,833
194,834
962,835
223,835
387,837
125,837
482,837
187,838
728,840
468,840
453,841
10,842
16,842
959,843
383,843
33,843
507,844
971,844
602,844
695,844
239,846
420,846
615,848
81,848
69,849
999,852
541,854
881,857
448,858
8,859
814,860
526,860
992,861
460,861
872,861
673,861
30,863
517,866
96,867
579,868
769,871
852,871
851,872
82,873
548,874
644,874
186,875
167,877
508,877
300,878
751,879
573,879
483,879
758,880
890,881
951,882
320,882
925,882
897,883
947,883
34,884
667,884
950,885
722,885
268,886
773,886
389,889
380,889
352,893
154,893
54,893
139,893
436,894
972,894
39,894
313,895
456,895
930,897
466,897
948,897
416,898
864,898
973,899
487,899
598,900
875,901
358,901
280,902
813,903
687,904
418,904
704,905
229,905
407,906
853,906
89,907
18,908
345,911
680,911
737,911
824,913
866,913
821,914
581,915
379,915
717,917
760,917
640,918
833,918
782,919
490,920
743,920
249,921
458,922
153,922
459,923
454,925
443,925
457,926
612,927
183,928
275,928
79,929
93,930
376,930
565,930
311,930
274,931
907,932
789,932
993,934
258,934
312,935
297,935
67,936
942,936
148,936
725,936
965,937
231,938
56,938
914,938
671,939
840,939
924,939
271,940
230,940
641,940
811,942
289,942
501,943
518,945
277,945
476,945
357,945
323,946
227,946
692,947
5,948
469,949
104,950
664,951
427,951
861,952
775,952
663,953
172,953
552,954
329,955
609,955
257,956
185,957
595,958
587,959
797,960
179,962
779,963
368,964
603,964
746,964
917,964
267,965
236,966
537,968
284,968
682,969
535,969
301,970
715,971
263,974
653,974
398,975
938,976
932,977
393,978
882,979
374,980
205,980
662,982
439,983
347,983
123,984
626,985
180,985
198,986
714,986
767,987
177,988
984,989
748,990
505,991
766,991
378,991
442,992
645,993
465,994
190,994
260,994
976,995
982,996
730,996
854,997
665,997
71,997
800,997
759,997
856,1001
546,1001
928,1001
791,1002
846,1002
99,1003
969,1004
817,1005
718,1006
434,1006
134,1006
295,1008
620,1008
70,1008
242,1009
115,1009
521,1009
21,1010
298,1011
994,1012
672,1012
109,1013
798,1015
915,1016
770,1017
145,1017
990,1017
464,1018
384,1018
164,1019
423,1020
214,1020
960,1022
360,1024
828,1025
262,1025
13,1027
208,1028
708,1028
903,1030
727,1030
217,1031
309,1031
290,1032
668,1033
491,1033
597,1034
391,1034
424,1036
648,1042
48,1043
726,1044
624,1045
618,1046
631,1046
461,1046
498,1050
534,1051
522,1051
784,1052
838,1052
558,1054
292,1054
781,1054
238,1055
957,1055
693,1056
65,1058
700,1058
622,1060
240,1061
232,1061
350,1063
191,1064
283,1064
632,1065
515,1067
527,1067
657,1068
338,1068
883,1069
62,1069
677,1069
908,1069
920,1070
92,1070
562,1070
438,1072
888,1084
385,1084
209,1086
871,1087
870,1089
363,1089
742,1089
344,1092
681,1093
539,1097
226,1100
337,1100
100,1100
98,1101
605,1103
473,1103
985,1104
24,1104
893,1105
372,1109
210,1113
75,1114
586,1115
252,1118
235,1121
911,1121
929,1124
365,1125
182,1125
412,1125
19,1127
865,1128
332,1129
41,1130
111,1130
818,1131
580,1132
679,1133
282,1136
369,1137
484,1139
555,1141
251,1142
832,1145
986,1145
610,1147
447,1149
333,1150
131,1152
841,1153
107,1155
478,1159
941,1159
560,1162
63,1169
745,1170
163,1170
325,1173
353,1173
755,1173
29,1174
304,1177
137,1178
577,1187
471,1189
241,1190
489,1191
842,1191
762,1193
160,1194
594,1194
567,1194
847,1195
40,1198
997,1198
980,1198
299,1199
158,1200
608,1202
606,1203
525,1204
55,1209
43,1213
569,1214
536,1214
639,1215
794,1217
49,1219
549,1219
386,1220
634,1221
519,1223
504,1224
276,1225
318,1226
540,1227
816,1227
409,1227
780,1228
108,1229
259,1231
554,1233
647,1235
287,1236
578,1237
270,1238
310,1238
807,1240
512,1240
822,1241
494,1242
367,1244
850,1245
967,1246
923,1246
516,1246
279,1248
806,1249
196,1250
371,1251
968,1251
635,1257
316,1258
583,1259
520,1260
547,1261
553,1262
288,1263
683,1268
356,1270
66,1276
596,1278
114,1280
723,1281
51,1282
502,1284
593,1285
702,1287
141,1287
719,1290
224,1290
776,1293
291,1293
843,1293
792,1294
486,1298
47,1299
753,1301
691,1305
481,1305
52,1309
211,1311
544,1311
73,1312
513,1312
533,1312
132,1316
381,1317
480,1318
860,1318
253,1320
220,1321
408,1323
105,1325
564,1329
171,1332
954,1333
3,1334
801,1339
32,1339
936,1341
330,1341
734,1342
23,1343
729,1343
738,1344
331,1345
199,1345
140,1346
510,1348
221,1351
173,1358
617,1358
572,1359
946,1361
551,1362
884,1363
862,1364
327,1365
981,1366
697,1366
563,1367
796,1368
244,1368
566,1368
964,1369
867,1369
701,1370
506,1370
496,1371
559,1373
321,1373
228,1375
144,1383
390,1385
771,1385
601,1386
135,1388
432,1389
931,1389
355,1389
977,1390
812,1390
308,1390
1,1392
511,1393
136,1393
14,1394
678,1394
264,1395
212,1398
38,1398
921,1398
638,1401
736,1401
805,1402
219,1402
112,1403
346,1403
413,1407
133,1409
629,1410
94,1413
651,1414
9,1415
415,1416
22,1416
175,1417
749,1417
820,1419
272,1423
690,1424
910,1424
411,1429
939,1429
72,1431
35,1434
826,1440
991,1447
265,1450
987,1452
891,1452
952,1453
429,1460
11,1462
479,1464
896,1466
207,1467
2,1478
998,1479
152,1481
659,1482
630,1482
335,1485
248,1487
462,1489
400,1496
435,1496
556,1501
922,1504
426,1512
314,1512
887,1515
403,1515
825,1516
348,1518
237,1521
703,1521
956,1525
650,1531
837,1532
674,1536
935,1537
334,1537
452,1538
451,1542
774,1542
619,1556
919,1557
876,1557
361,1559
777,1560
625,1560
765,1562
815,1562
933,1564
170,1567
392,1568
568,1571
611,1571
103,1573
285,1575
906,1576
643,1577
716,1579
684,1580
444,1584
642,1588
995,1589
652,1590
764,1594
168,1597
189,1597
523,1598
317,1600
110,1602
895,1605
752,1611
169,1619
584,1619
694,1625
269,1626
844,1628
649,1628
763,1629
901,1631
156,1634
445,1637
161,1642
768,1644
636,1645
91,1645
571,1646
119,1652
741,1656
495,1659
675,1661
86,1663
322,1669
623,1673
831,1676
633,1682
803,1683
787,1683
676,1686
261,1690
395,1691
666,1698
588,1700
788,1701
493,1701
201,1703
661,1707
699,1709
686,1710
909,1712
696,1713
873,1714
614,1715
874,1716
157,1724
417,1724
396,1727
472,1733
425,1734
804,1736
455,1737
225,1742
404,1744
4,1749
364,1750
126,1751
61,1754
898,1755
58,1755
349,1756
592,1763
509,1765
989,1771
306,1775
117,1778
550,1781
670,1799
406,1803
399,1805
616,1812
121,1814
809,1828
6,1828
732,1831
351,1843
78,1845
26,1846
421,1846
477,1848
245,1849
397,1852
720,1854
735,1854
802,1857
621,1857
60,1859
354,1863
293,1871
772,1872
192,1874
45,1874
530,1878
28,1881
430,1883
795,1883
178,1885
95,1896
707,1899
589,1903
120,1906
953,1907
848,1908
733,1913
341,1919
162,1922
216,1926
142,1927
215,1930
880,1941
174,1943
84,1961
834,1965
319,1974
855,1975
724,1982
557,1984
122,1989
303,2012
450,2015
799,2020
927,2021
646,2027
181,2029
712,2044
97,2047
463,2051
50,2059
294,2059
607,2065
138,2065
892,2066
254,2067
656,2074
382,2092
197,2095
315,2128
402,2131
433,2133
339,2142
894,2144
255,2145
859,2148
405,2164
613,2169
266,2172
863,2179
166,2190
441,2201
373,2202
388,2210
627,2213
900,2217
64,2220
709,2258
721,2265
188,2272
934,2287
974,2300
926,2300
449,2302
500,2321
829,2349
949,2360
7,2368
362,2378
155,2386
37,2411
823,2414
877,2431
529,2440
57,2452
273,2457
808,2479
943,2485
983,2487
76,2492
80,2492
750,2493
600,2514
250,2561
966,2585
918,2619
184,2628
810,2640
688,2644
538,2662
878,2674
101,2704
899,2709
660,2709
340,2741
913,2763
286,2768
785,2782
658,2794
845,2801
370,2882
786,2930
428,2933
44,2949
905,2964
889,3031
46,3053
113,3058
437,3069
302,3069
36,3083
514,3165
20,3233
401,3237
978,3411
446,3413
492,3520
474,3825

simblock.block.ProofOfWorkBlock@63eb1be8:77
460,0
93,151
342,207
352,268
149,299
819,327
908,356
778,359
229,388
448,416
202,419
615,446
706,449
982,451
13,472
343,489
590,490
316,505
730,506
665,508
791,512
965,522
959,532
970,536
475,546
779,561
508,562
628,563
839,567
835,567
864,569
579,589
8,594
77,596
218,602
938,602
210,605
639,605
29,607
53,619
685,621
737,625
79,626
313,627
12,628
928,629
96,637
758,639
725,651
833,659
262,659
879,659
16,662
109,662
249,662
789,662
358,663
535,663
698,672
560,680
868,681
757,684
914,684
667,686
217,688
861,692
186,694
925,695
165,696
537,696
840,701
865,706
345,708
641,713
988,715
993,717
693,718
531,718
640,718
459,718
30,719
205,719
324,722
941,722
179,722
99,724
872,731
124,733
517,738
143,739
722,740
916,743
213,744
951,744
305,745
929,747
767,747
717,749
312,751
127,753
598,753
18,753
814,757
222,757
648,758
668,763
63,765
436,765
869,765
745,766
695,766
821,768
800,769
907,772
275,773
827,775
739,775
280,775
257,775
380,776
585,776
487,776
828,779
689,779
440,781
83,782
271,788
31,789
746,789
497,793
542,795
662,797
431,799
751,800
296,800
574,802
236,803
289,803
591,804
190,805
292,808
773,809
374,810
932,810
945,811
944,811
301,812
972,814
185,814
102,814
846,815
180,816
748,816
298,817
1000,819
888,820
412,820
153,820
534,821
284,822
521,823
242,823
963,824
999,827
948,827
830,827
992,828
39,830
290,830
59,832
790,833
416,833
5,833
832,835
468,836
70,836
90,839
618,839
920,840
744,841
917,841
333,843
770,843
653,844
781,845
552,846
747,847
971,848
470,850
19,851
27,853
754,854
147,856
911,856
263,857
570,858
357,859
81,859
385,860
700,860
88,864
711,864
414,865
461,865
239,866
996,867
123,868
54,868
423,868
92,871
134,871
158,871
609,872
501,873
407,873
150,874
67,874
761,876
654,877
775,878
231,878
759,880
632,880
942,880
438,881
368,881
979,882
230,884
849,884
575,886
25,886
128,887
80,888
163,888
453,889
420,890
522,890
491,890
104,891
543,891
164,892
379,892
561,893
503,893
631,895
548,895
277,895
439,896
145,896
326,896
182,897
870,897
246,898
243,898
75,899
471,899
769,900
961,901
177,901
297,903
714,903
464,903
195,905
573,906
818,907
962,908
465,908
581,908
903,909
562,910
259,910
515,910
760,910
871,911
947,912
499,912
214,913
673,914
645,916
655,916
545,917
637,917
793,917
458,918
824,918
106,920
74,921
56,921
587,921
466,923
456,923
410,926
193,927
565,928
260,928
915,930
33,931
498,932
602,932
256,932
856,932
838,933
49,933
209,933
41,935
55,936
622,937
997,938
389,938
337,938
617,939
187,939
558,940
384,940
904,942
15,943
875,944
891,944
710,945
836,945
418,948
682,948
247,949
240,949
756,950
976,951
518,952
505,952
692,952
198,952
960,954
167,955
731,956
924,956
489,957
671,957
328,957
890,957
485,959
17,961
595,961
973,962
727,962
10,963
424,963
467,964
740,964
597,966
713,968
148,968
955,969
604,969
937,970
457,970
866,970
129,971
986,972
811,972
21,974
728,974
69,974
274,975
391,975
705,975
644,975
672,977
893,977
208,978
87,979
419,980
857,982
118,984
194,984
690,984
48,985
398,986
526,987
338,988
82,988
146,989
191,989
394,991
582,991
576,992
377,993
154,994
476,995
885,997
366,997
130,999
307,999
268,1000
116,1000
922,1000
320,1000
183,1001
295,1001
858,1001
990,1002
782,1004
957,1004
24,1004
902,1005
784,1006
687,1006
851,1008
783,1009
393,1010
797,1013
620,1013
176,1013
817,1014
708,1015
852,1016
329,1016
159,1017
309,1019
663,1020
442,1020
347,1023
733,1023
507,1024
605,1024
490,1025
376,1025
985,1026
994,1026
203,1026
115,1029
528,1029
743,1029
125,1029
718,1031
488,1031
969,1032
940,1033
624,1036
42,1036
200,1037
139,1041
950,1041
482,1042
196,1043
434,1045
882,1045
854,1046
111,1048
612,1048
473,1050
532,1052
283,1052
826,1053
233,1054
64,1055
984,1055
360,1055
204,1056
422,1057
363,1057
372,1058
912,1059
172,1061
344,1061
958,1061
300,1062
483,1063
469,1064
137,1064
278,1069
219,1069
578,1070
813,1070
409,1070
481,1070
886,1071
704,1072
664,1073
599,1074
378,1074
546,1077
443,1078
657,1078
350,1079
232,1083
766,1083
331,1084
677,1091
227,1097
741,1098
234,1098
847,1101
661,1104
681,1106
34,1106
787,1106
89,1109
375,1109
353,1110
472,1111
715,1112
625,1112
1,1113
774,1114
980,1119
669,1119
504,1120
170,1122
755,1122
258,1123
855,1126
251,1126
816,1127
71,1127
881,1130
85,1132
541,1133
267,1135
629,1135
383,1136
765,1137
162,1139
323,1144
265,1148
287,1149
712,1151
334,1151
946,1152
432,1152
603,1153
413,1153
995,1155
596,1156
400,1159
577,1161
427,1162
264,1163
47,1170
447,1172
806,1172
32,1176
349,1178
867,1183
223,1184
524,1185
691,1186
716,1187
279,1188
281,1190
884,1190
151,1192
359,1193
897,1195
98,1195
361,1196
608,1199
348,1200
73,1203
415,1210
634,1214
168,1214
304,1215
529,1216
525,1217
794,1221
173,1223
122,1224
549,1230
356,1232
351,1233
593,1233
496,1233
859,1238
516,1238
610,1240
211,1243
206,1244
61,1246
736,1248
853,1249
831,1249
317,1249
998,1251
66,1253
975,1254
749,1254
841,1254
68,1258
837,1259
921,1262
325,1263
723,1263
635,1264
444,1264
38,1267
373,1271
160,1272
720,1272
638,1274
572,1274
551,1274
566,1276
762,1277
386,1280
175,1281
282,1281
863,1283
510,1283
178,1284
314,1285
734,1285
238,1286
308,1286
512,1287
967,1287
900,1288
270,1289
136,1290
555,1290
981,1291
288,1291
367,1294
253,1295
623,1297
103,1298
502,1299
235,1301
311,1303
189,1304
131,1304
527,1305
454,1307
387,1308
336,1310
181,1310
310,1310
224,1312
805,1313
606,1313
520,1314
843,1315
276,1316
110,1316
621,1317
699,1320
371,1321
62,1322
51,1323
738,1325
216,1326
801,1330
141,1333
936,1333
906,1333
862,1333
494,1336
197,1336
429,1338
643,1338
651,1341
500,1341
294,1345
390,1345
780,1345
519,1346
553,1350
513,1352
228,1354
589,1356
43,1358
112,1360
14,1360
697,1361
207,1364
798,1364
272,1364
820,1366
171,1367
887,1369
586,1373
616,1373
772,1379
330,1382
568,1386
478,1386
954,1386
105,1387
327,1393
433,1396
484,1396
511,1397
155,1402
539,1403
564,1404
11,1408
796,1409
480,1416
430,1418
237,1421
679,1421
702,1422
956,1424
225,1427
874,1431
777,1431
495,1433
556,1434
768,1436
4,1447
694,1450
355,1451
450,1452
536,1455
807,1455
22,1457
365,1458
764,1458
220,1460
435,1461
78,1464
199,1465
860,1472
364,1473
140,1480
626,1482
2,1483
892,1485
647,1485
676,1486
678,1487
35,1489
252,1490
822,1492
580,1492
514,1493
94,1494
571,1500
244,1501
381,1502
901,1503
40,1506
910,1514
506,1517
930,1518
619,1518
397,1520
896,1520
119,1529
3,1534
226,1535
557,1536
752,1537
405,1538
931,1539
28,1539
987,1544
201,1544
804,1548
285,1555
318,1557
724,1557
445,1557
530,1558
594,1564
261,1568
588,1572
680,1574
771,1578
726,1579
174,1590
346,1593
156,1593
212,1596
107,1597
584,1598
157,1598
463,1601
559,1604
825,1605
652,1605
133,1605
50,1609
701,1609
601,1611
636,1614
509,1617
633,1618
108,1619
949,1619
742,1620
152,1624
114,1624
567,1626
684,1629
100,1632
91,1633
983,1633
877,1638
250,1639
306,1640
909,1643
425,1646
607,1646
97,1647
544,1648
23,1648
370,1650
45,1650
812,1653
396,1655
248,1658
815,1659
696,1659
120,1661
188,1666
670,1668
121,1669
241,1671
646,1672
408,1676
538,1677
785,1682
299,1685
411,1687
388,1687
952,1688
703,1688
613,1694
845,1700
135,1704
399,1704
132,1708
935,1712
65,1714
719,1714
95,1730
291,1730
20,1733
880,1734
523,1738
786,1738
803,1738
750,1739
72,1756
688,1758
927,1760
630,1767
382,1774
58,1775
989,1776
57,1777
533,1777
658,1779
939,1780
550,1783
563,1785
341,1792
395,1794
686,1796
221,1797
968,1799
451,1800
650,1801
293,1805
627,1805
943,1806
842,1820
428,1822
554,1830
964,1830
683,1831
721,1832
369,1835
883,1836
660,1836
895,1855
953,1859
966,1859
933,1861
991,1862
735,1866
899,1875
707,1877
753,1878
659,1882
321,1884
923,1889
709,1893
322,1900
421,1917
452,1922
437,1931
26,1935
37,1939
977,1953
117,1954
340,1957
479,1963
9,1964
315,1966
492,1969
600,1970
583,1978
332,1979
402,1979
266,1981
674,1990
52,2000
844,2004
486,2006
403,2008
184,2011
732,2024
354,2031
776,2036
905,2051
649,2061
401,2073
978,2073
477,2080
192,2081
339,2088
36,2118
335,2124
547,2125
850,2141
808,2143
144,2147
426,2154
829,2164
763,2170
792,2178
406,2178
919,2183
802,2193
417,2197
898,2201
918,2219
161,2224
809,2224
446,2228
913,2246
441,2256
834,2266
142,2267
86,2281
878,2285
462,2288
729,2295
795,2308
799,2323
569,2328
392,2333
540,2349
273,2350
493,2363
254,2420
319,2424
166,2430
404,2433
126,2455
873,2459
60,2467
614,2469
876,2512
255,2531
101,2538
76,2540
455,2561
169,2569
286,2569
245,2584
934,2591
810,2623
823,2632
788,2646
7,2650
926,2672
44,2722
113,2723
675,2743
449,2749
84,2767
6,2803
302,2840
848,2863
666,2873
46,2879
474,2884
592,2885
138,2917
642,2930
656,2963
889,3030
894,3077
269,3095
974,3217
303,3261
362,3313
215,3508
611,3790

simblock.block.ProofOfWorkBlock@37e22608:77
61,0
859,216
332,306
3,399
463,451
120,481
805,529
910,534
946,571
308,613
494,622
510,623
504,670
891,696
252,703
749,704
211,708
213,750
496,750
495,752
616,777
816,788
2,791
403,832
311,837
241,841
353,848
244,859
699,867
219,872
661,875
751,888
334,917
486,919
355,920
521,924
386,925
304,931
390,955
593,955
874,959
235,974
65,1001
991,1001
921,1005
863,1015
860,1016
464,1025
330,1039
420,1043
325,1054
291,1058
842,1060
879,1065
549,1065
310,1083
170,1085
678,1086
867,1088
15,1097
472,1097
128,1100
103,1117
812,1124
648,1133
299,1136
197,1138
986,1144
837,1147
478,1166
168,1167
998,1169
270,1170
901,1181
416,1198
479,1200
936,1218
94,1221
329,1223
367,1226
726,1228
341,1229
580,1234
573,1250
516,1251
147,1274
488,1276
862,1283
690,1289
259,1293
454,1300
360,1302
776,1306
769,1307
826,1311
538,1312
765,1318
562,1344
394,1344
148,1344
602,1345
130,1357
481,1373
432,1375
23,1376
483,1380
460,1397
373,1399
916,1414
968,1421
681,1427
338,1429
265,1429
426,1456
851,1457
967,1458
178,1460
372,1464
204,1476
123,1481
825,1487
591,1495
599,1500
16,1505
764,1506
583,1510
149,1517
976,1520
513,1523
700,1526
82,1528
582,1535
987,1542
758,1555
608,1576
162,1578
336,1588
371,1592
185,1606
381,1607
811,1621
31,1631
821,1633
296,1633
151,1637
604,1650
760,1659
747,1670
563,1675
173,1678
485,1682
465,1686
982,1686
503,1694
712,1695
941,1699
560,1701
778,1704
693,1715
637,1731
227,1755
841,1758
160,1764
267,1767
904,1769
970,1782
452,1787
957,1804
1000,1805
210,1806
172,1817
664,1826
668,1829
316,1832
106,1846
444,1851
985,1859
427,1861
858,1867
297,1870
124,1875
193,1878
641,1879
866,1893
208,1893
143,1910
743,1931
480,1935
69,1940
631,1945
422,1951
71,1955
515,1979
698,1982
854,1992
644,1996
972,2004
601,2016
375,2033
961,2039
949,2040
920,2041
744,2041
54,2048
574,2051
766,2054
405,2063
581,2065
17,2067
925,2080
552,2108
526,2119
942,2122
689,2129
202,2137
522,2153
872,2168
505,2169
917,2170
87,2177
289,2191
473,2207
158,2216
280,2227
278,2240
597,2241
937,2245
996,2248
491,2253
58,2280
448,2285
845,2289
438,2294
636,2294
377,2302
417,2313
393,2314
869,2327
915,2331
704,2348
653,2350
999,2357
955,2365
157,2372
893,2382
305,2397
333,2407
994,2415
389,2417
612,2419
587,2422
695,2427
813,2460
234,2467
490,2478
973,2490
85,2505
102,2506
284,2523
892,2528
624,2528
718,2539
707,2557
439,2560
68,2572
37,2595
528,2595
385,2595
655,2596
362,2621
731,2640
195,2641
899,2665
437,2669
218,2673
56,2681
692,2694
164,2697
298,2723
142,2727
592,2734
163,2739
833,2749
585,2772
614,2796
894,2807
878,2810
249,2815
600,2844
654,2855
254,2870
250,2873
146,2875
835,2896
880,2903
905,2921
74,2936
424,2946
918,2977
339,2984
849,3016
455,3030
183,3032
138,3060
662,3069
898,3071
174,3097
446,3114
974,3119
121,3124
844,3153
169,3160
633,3184
343,3190
846,3206
6,3239
378,3246
402,3307
404,3320
584,3348
923,3348
571,3364
763,3372
474,3406
441,3407
675,3411
962,3425
933,3431
101,3606
392,3616
943,3627
803,3627
809,3646
768,3671
36,3679
408,3866
273,3866
161,3875
557,3893
126,4144
239,4166
347,4466
620,4767
398,5077
800,5379

simblock.block.ProofOfWorkBlock@28d81624:77
38,0
253,218
112,436
145,517
14,520
346,603
199,655
981,686
375,693
712,738
311,745
657,820
35,824
566,827
289,862
25,869
248,877
334,905
344,909
107,960
78,988
762,992
165,1016
526,1038
325,1044
663,1044
719,1071
651,1086
841,1113
635,1146
445,1156
578,1169
632,1190
704,1213
775,1220
64,1230
1,1239
73,1258
211,1340
612,1366
739,1370
129,1392
83,1393
499,1406
347,1417
431,1514
916,1548
518,1548
222,1576
292,1583
969,1590
918,1650
761,1693
377,1725
962,1730
111,1755
940,1758
56,1765
448,1866
524,1899
545,1904
887,1904
158,1929
227,1933
18,1940
543,2043
316,2079
781,2093
309,2103
599,2107
990,2120
660,2155
515,2220
154,2269
972,2284
818,2293
878,2353
675,2416
169,2424
410,2474
530,2522
493,2530
273,2602
585,2648
245,2672
670,2777
605,2822
401,2854
877,2920
658,3069
845,3102
927,3358
763,3605

simblock.block.ProofOfWorkBlock@5b1f71c4:78
769,0
521,148
278,205
125,261
546,301
377,317
740,359
391,373
757,381
177,411
608,415
868,432
558,452
88,465
414,467
180,468
284,471
972,488
127,509
243,516
612,521
198,525
718,526
343,527
410,529
289,530
25,546
871,564
328,565
748,567
49,573
488,577
942,580
835,582
548,589
890,592
139,602
747,606
305,614
29,617
970,621
223,624
992,627
39,631
473,633
955,633
524,634
882,637
744,637
231,642
541,649
818,662
487,664
186,664
153,667
420,671
800,671
988,673
811,673
861,676
203,679
292,680
937,680
692,681
865,683
67,684
96,687
711,689
70,689
471,690
819,693
597,694
778,706
256,706
61,707
869,711
234,714
722,714
653,720
453,721
427,722
323,724
528,728
706,729
27,730
668,732
715,733
154,734
576,736
383,739
779,739
193,740
59,740
456,742
637,744
146,745
993,746
300,747
728,747
187,749
130,750
639,751
798,751
620,757
468,757
759,767
333,769
359,770
573,770
840,770
791,770
938,773
531,775
10,777
727,778
34,780
515,780
448,785
324,786
824,786
618,786
475,787
30,788
218,789
342,790
233,791
590,793
813,795
893,796
602,797
503,798
669,802
202,802
945,804
387,804
782,804
298,805
227,806
85,807
143,808
247,808
924,811
581,812
866,813
965,813
704,814
132,815
985,815
543,820
681,822
790,822
717,823
490,825
145,826
587,827
662,827
963,827
958,828
320,828
424,829
710,830
499,831
385,831
917,833
229,836
210,837
118,837
465,837
739,838
312,840
864,840
698,842
191,842
83,842
281,844
443,844
853,846
839,848
54,848
89,848
283,849
773,849
870,849
526,851
517,852
693,854
251,855
783,856
875,859
990,860
295,861
971,861
347,861
313,862
407,862
16,863
920,864
459,865
574,867
754,867
879,868
903,868
598,869
904,869
979,871
793,871
158,871
366,872
32,873
204,874
984,875
226,875
705,877
930,878
491,879
165,880
775,880
713,881
208,882
975,882
246,882
102,883
737,884
996,885
163,886
398,886
205,886
925,886
5,887
908,890
831,891
123,892
63,893
542,893
31,894
13,894
280,894
969,894
147,896
183,896
532,897
260,897
394,899
687,900
262,900
731,900
209,900
8,902
375,902
21,903
520,904
336,905
789,905
838,905
959,906
962,907
434,907
416,907
902,908
431,908
827,908
617,909
522,910
565,910
997,913
761,914
164,916
695,916
82,917
689,918
379,918
423,918
851,920
682,920
994,921
436,921
338,922
18,922
81,923
857,923
467,923
345,924
48,924
579,926
33,926
518,928
665,928
849,930
460,932
881,932
859,933
982,933
858,933
217,936
888,937
42,938
814,939
885,939
329,940
767,940
951,940
999,941
71,941
464,941
591,942
124,942
268,942
148,942
309,943
948,944
498,945
79,945
1000,946
961,948
673,949
12,949
615,950
852,950
151,950
797,950
575,951
41,951
297,953
240,953
457,954
307,954
585,954
497,954
736,955
599,955
756,955
93,956
537,956
644,957
301,958
708,958
603,959
663,959
932,960
928,962
277,962
389,963
947,963
194,964
645,965
562,965
872,965
461,966
294,967
150,967
358,968
376,968
104,968
760,968
743,969
92,972
296,973
470,974
109,975
770,975
561,976
222,976
128,977
56,977
507,979
224,979
271,979
275,979
422,980
19,982
77,982
263,983
501,983
725,984
821,984
784,986
766,987
349,988
69,988
239,992
914,993
357,994
648,995
535,996
348,996
604,998
466,998
534,999
182,999
159,1000
380,1000
508,1000
957,1000
622,1003
758,1005
505,1006
374,1006
828,1006
236,1007
75,1008
929,1010
944,1010
372,1011
476,1011
632,1012
485,1012
960,1013
940,1013
179,1013
316,1014
911,1017
907,1017
350,1018
560,1018
671,1020
438,1021
115,1021
595,1024
482,1024
15,1024
176,1027
623,1027
442,1034
552,1036
149,1038
836,1039
753,1039
912,1040
440,1041
817,1042
134,1042
483,1043
258,1044
242,1045
167,1047
352,1049
776,1049
272,1049
430,1052
700,1055
230,1056
99,1056
363,1056
87,1056
751,1056
52,1057
206,1057
886,1060
915,1061
129,1062
369,1062
190,1062
973,1063
986,1063
418,1064
856,1065
131,1066
641,1068
360,1069
664,1070
830,1070
326,1071
976,1072
746,1072
274,1072
55,1075
655,1075
624,1076
257,1079
332,1079
781,1080
106,1081
68,1082
583,1082
393,1084
412,1087
384,1088
846,1092
368,1096
24,1096
215,1096
287,1096
635,1097
185,1098
249,1098
9,1101
626,1101
667,1101
651,1102
66,1104
654,1104
609,1107
640,1111
897,1113
605,1114
439,1117
17,1117
378,1119
23,1123
832,1124
935,1125
512,1125
730,1126
489,1127
235,1127
841,1127
850,1129
214,1129
672,1130
469,1130
941,1130
657,1136
351,1137
337,1138
950,1138
419,1138
723,1139
221,1140
720,1142
200,1144
90,1145
451,1147
863,1148
409,1148
946,1149
683,1150
415,1152
279,1153
267,1154
364,1157
429,1159
916,1160
346,1165
371,1169
567,1169
111,1170
397,1170
160,1171
248,1171
458,1173
40,1177
594,1177
630,1178
684,1180
570,1182
792,1182
780,1183
265,1184
628,1185
220,1186
685,1188
714,1190
647,1194
116,1195
117,1197
815,1198
545,1199
172,1200
47,1210
445,1211
919,1211
812,1212
168,1215
536,1216
956,1218
513,1223
755,1228
62,1231
625,1232
547,1232
741,1233
122,1233
291,1234
794,1234
638,1235
173,1236
317,1236
114,1237
171,1239
954,1239
964,1241
276,1241
540,1244
833,1245
555,1246
195,1246
610,1248
987,1249
968,1250
74,1253
931,1253
400,1255
53,1255
486,1256
677,1258
529,1264
601,1265
691,1267
559,1270
367,1270
22,1271
829,1272
120,1273
553,1273
484,1275
112,1280
386,1281
533,1285
826,1285
311,1287
771,1287
110,1289
807,1290
855,1291
107,1291
901,1292
408,1295
28,1295
825,1296
241,1296
701,1297
582,1301
566,1303
72,1303
596,1304
108,1306
519,1308
330,1308
211,1309
396,1310
152,1311
290,1312
478,1313
680,1316
556,1316
738,1317
181,1318
361,1319
238,1320
616,1321
314,1321
264,1322
589,1322
679,1326
891,1328
119,1329
162,1329
318,1329
572,1330
764,1332
631,1333
494,1334
4,1337
675,1338
382,1340
554,1341
837,1341
64,1341
762,1343
78,1344
884,1347
862,1350
860,1352
806,1352
480,1354
310,1354
447,1362
749,1365
910,1367
502,1370
259,1370
479,1373
854,1374
308,1381
843,1385
356,1389
967,1389
155,1390
432,1390
196,1391
921,1393
568,1394
454,1395
621,1399
525,1400
105,1403
716,1406
413,1406
564,1407
133,1409
178,1410
678,1411
721,1412
772,1414
170,1414
527,1415
510,1417
390,1418
270,1421
676,1421
697,1424
403,1425
506,1427
197,1429
219,1429
51,1431
406,1433
939,1435
303,1435
690,1439
141,1441
1,1442
733,1442
381,1443
496,1443
577,1445
481,1445
184,1447
896,1453
395,1462
65,1465
331,1465
103,1466
729,1466
288,1468
726,1474
712,1474
734,1474
991,1480
140,1481
304,1484
822,1488
365,1490
435,1495
913,1495
192,1497
629,1497
745,1501
586,1502
949,1504
405,1505
980,1505
774,1505
327,1511
584,1516
319,1517
952,1517
450,1519
544,1520
175,1522
922,1524
516,1525
650,1526
539,1527
847,1545
803,1547
50,1548
213,1555
189,1558
126,1560
411,1562
58,1564
906,1565
36,1570
216,1573
787,1580
742,1581
670,1583
2,1583
696,1584
201,1584
334,1585
877,1586
867,1589
933,1595
252,1598
816,1601
804,1603
703,1604
642,1605
634,1605
785,1607
35,1611
805,1613
905,1615
977,1615
315,1617
282,1617
199,1618
321,1619
144,1621
84,1622
285,1632
340,1633
98,1635
808,1636
614,1636
834,1638
299,1639
820,1641
549,1645
11,1646
588,1648
306,1651
255,1652
43,1660
493,1661
788,1668
801,1669
421,1678
425,1681
593,1682
795,1682
244,1683
656,1683
842,1690
563,1690
253,1694
100,1696
752,1697
293,1700
613,1702
101,1705
500,1706
709,1709
633,1710
492,1711
273,1729
844,1732
874,1732
895,1734
578,1744
658,1745
38,1745
606,1751
909,1753
702,1754
341,1755
580,1756
26,1756
225,1760
768,1764
437,1767
719,1769
261,1769
883,1786
724,1786
156,1786
286,1788
592,1798
455,1799
649,1799
137,1808
463,1811
796,1813
923,1816
355,1817
643,1818
707,1834
786,1838
135,1839
504,1858
694,1859
232,1860
981,1863
266,1866
166,1878
652,1887
91,1888
966,1890
388,1897
989,1899
370,1903
245,1904
600,1916
325,1918
207,1924
659,1930
699,1932
666,1934
735,1935
974,1946
943,1947
777,1949
732,1963
509,1964
936,1983
161,1984
995,1985
7,1986
998,1988
95,1990
511,1990
550,1992
607,1994
900,2008
686,2016
335,2018
636,2035
452,2039
845,2039
80,2040
228,2040
142,2054
269,2071
873,2073
113,2075
250,2085
212,2089
462,2090
353,2093
551,2102
569,2103
344,2121
892,2121
876,2140
339,2155
444,2155
765,2161
373,2180
750,2180
474,2214
495,2220
611,2228
926,2232
809,2244
237,2247
302,2249
6,2251
73,2258
426,2266
428,2269
810,2274
94,2276
97,2285
927,2291
136,2295
401,2303
399,2315
174,2322
557,2323
472,2334
37,2334
661,2352
953,2359
121,2359
889,2361
898,2374
157,2383
138,2385
983,2395
646,2426
674,2435
571,2438
60,2444
14,2464
660,2505
44,2510
978,2529
76,2532
514,2549
619,2558
169,2568
880,2587
188,2589
887,2591
878,2604
538,2610
799,2615
404,2636
523,2659
362,2660
763,2682
45,2727
530,2747
3,2780
823,2789
441,2842
86,2887
449,2906
894,2907
254,2925
417,2929
392,2968
57,3016
322,3068
402,3071
627,3088
899,3183
477,3194
433,3250
918,3273
20,3314
688,3357
848,3368
802,3477
354,3616
446,3653
934,3657
46,3998

simblock.block.ProofOfWorkBlock@4195658:79
65,0
749,217
936,299
454,381
807,434
308,464
621,515
679,521
472,552
625,599
674,601
373,602
304,636
451,657
3,685
837,686
276,688
481,688
224,740
349,750
935,752
216,768
998,770
270,771
135,772
956,772
599,809
486,821
729,825
787,828
62,829
777,832
294,835
859,850
922,854
583,854
502,855
647,861
403,869
755,874
564,907
874,908
430,910
843,910
371,914
211,915
415,915
140,916
547,924
513,932
311,935
355,944
23,947
699,954
620,957
334,961
314,971
299,974
946,976
551,985
602,987
650,989
265,989
484,990
661,990
638,994
73,996
107,997
495,999
364,999
411,1005
348,1013
520,1015
168,1017
687,1027
201,1028
610,1035
510,1038
910,1041
351,1048
774,1051
738,1052
386,1052
516,1053
332,1055
221,1057
555,1060
569,1061
133,1071
780,1071
178,1075
61,1075
365,1077
379,1077
22,1078
181,1080
816,1081
806,1082
883,1082
131,1083
408,1086
504,1092
463,1098
277,1098
769,1099
931,1101
828,1108
40,1110
742,1115
257,1116
117,1120
825,1123
232,1127
80,1129
884,1130
220,1130
929,1133
327,1134
122,1135
855,1135
310,1136
538,1136
426,1138
850,1145
184,1147
831,1147
141,1150
356,1151
231,1154
762,1156
369,1156
226,1157
967,1157
939,1161
171,1164
196,1164
252,1164
445,1165
397,1165
8,1166
52,1167
435,1167
578,1169
367,1169
866,1169
172,1170
920,1178
494,1179
776,1182
867,1182
628,1182
500,1188
70,1188
179,1190
617,1190
346,1191
256,1194
2,1196
696,1197
72,1204
957,1205
826,1206
594,1208
554,1209
137,1209
529,1212
479,1212
200,1212
945,1213
841,1214
712,1216
626,1219
519,1220
593,1220
635,1221
489,1223
132,1225
764,1228
919,1233
726,1234
541,1234
651,1235
525,1235
643,1239
567,1240
353,1241
1,1243
112,1243
14,1243
465,1248
191,1248
580,1249
189,1249
630,1249
125,1249
962,1249
835,1251
697,1251
820,1252
827,1252
341,1252
94,1253
745,1253
811,1253
842,1254
103,1255
870,1258
753,1258
863,1260
229,1266
418,1268
544,1269
568,1270
741,1270
540,1273
821,1274
43,1274
244,1275
734,1278
932,1278
678,1279
604,1279
893,1280
596,1283
391,1283
908,1285
394,1285
64,1287
801,1288
533,1288
219,1292
412,1293
680,1293
512,1293
987,1294
406,1296
720,1297
289,1298
282,1299
684,1302
390,1304
896,1304
110,1305
691,1305
316,1306
700,1310
747,1310
233,1310
325,1313
653,1314
180,1314
733,1315
74,1316
977,1317
78,1317
120,1320
718,1321
283,1326
765,1327
836,1327
272,1328
690,1329
382,1331
287,1332
152,1332
235,1332
410,1335
307,1335
606,1335
739,1336
459,1339
822,1339
972,1339
657,1339
197,1339
577,1342
705,1343
759,1344
815,1345
856,1345
114,1346
480,1346
695,1346
396,1349
906,1351
860,1352
701,1354
771,1355
361,1355
259,1355
566,1356
444,1356
432,1356
440,1357
805,1358
218,1362
849,1362
59,1362
629,1363
358,1364
853,1365
722,1367
263,1368
170,1368
536,1369
508,1370
888,1370
664,1370
278,1371
190,1372
589,1372
291,1374
225,1376
736,1379
891,1382
55,1382
964,1382
984,1383
506,1384
89,1386
981,1386
429,1388
249,1389
812,1390
423,1391
542,1392
90,1393
539,1396
431,1399
921,1399
162,1399
556,1400
900,1400
744,1401
264,1401
901,1402
317,1405
886,1405
549,1407
296,1407
471,1408
527,1408
381,1409
797,1409
330,1410
253,1411
980,1412
98,1413
952,1414
772,1415
105,1415
923,1416
160,1416
871,1417
574,1417
668,1418
85,1418
975,1421
333,1423
996,1423
546,1425
757,1426
487,1427
645,1428
464,1428
586,1428
186,1428
615,1429
655,1429
41,1429
847,1430
563,1430
134,1433
241,1433
9,1433
106,1434
800,1434
623,1435
988,1436
882,1436
28,1439
279,1441
331,1444
51,1445
659,1445
902,1445
955,1446
309,1449
601,1450
262,1451
108,1452
565,1454
312,1454
153,1455
794,1457
387,1458
862,1460
4,1460
238,1462
383,1462
366,1463
683,1464
694,1466
790,1466
83,1467
727,1467
32,1469
993,1470
409,1471
721,1474
881,1474
173,1476
25,1477
15,1478
632,1480
139,1484
676,1484
778,1485
937,1485
176,1487
511,1492
422,1493
345,1493
247,1494
991,1495
677,1496
634,1496
175,1498
719,1498
12,1500
760,1501
982,1501
164,1502
713,1503
374,1506
30,1507
363,1508
865,1508
716,1509
47,1511
242,1513
879,1513
872,1514
223,1514
496,1514
916,1514
357,1516
851,1519
730,1521
491,1521
439,1522
478,1523
248,1523
450,1525
930,1529
447,1530
968,1534
994,1534
352,1539
377,1540
11,1541
71,1541
31,1542
395,1543
829,1546
522,1546
288,1546
158,1547
746,1548
704,1551
552,1552
81,1555
995,1555
205,1557
212,1557
507,1563
904,1564
301,1566
79,1570
911,1571
195,1573
204,1574
99,1575
728,1576
104,1578
222,1578
671,1581
710,1582
35,1582
323,1583
854,1583
92,1584
48,1586
302,1586
416,1586
292,1587
75,1589
928,1589
631,1590
890,1590
66,1591
576,1593
612,1596
885,1597
832,1597
572,1598
148,1598
766,1598
467,1599
384,1599
603,1602
19,1602
830,1602
608,1602
637,1603
251,1604
118,1607
203,1613
553,1620
499,1620
501,1622
372,1622
558,1624
328,1624
442,1626
689,1627
503,1630
34,1631
963,1631
38,1632
13,1632
682,1634
5,1635
840,1637
151,1637
378,1637
116,1639
154,1642
368,1642
869,1642
618,1643
16,1646
669,1646
524,1647
448,1648
344,1651
165,1651
944,1653
875,1654
209,1654
342,1658
824,1660
770,1662
798,1663
864,1665
275,1667
714,1668
469,1668
667,1669
531,1671
673,1672
685,1673
598,1673
775,1673
992,1675
443,1675
960,1675
193,1676
424,1676
155,1678
505,1681
986,1682
985,1683
717,1687
236,1689
817,1690
129,1692
267,1693
740,1695
82,1696
941,1696
485,1697
298,1697
329,1700
136,1700
861,1710
597,1710
207,1712
958,1714
846,1719
970,1720
68,1720
380,1721
654,1722
663,1727
54,1728
290,1729
587,1733
497,1733
100,1734
590,1736
582,1738
305,1740
532,1743
156,1745
182,1748
609,1751
773,1753
29,1755
187,1758
640,1759
21,1760
997,1760
570,1761
969,1761
77,1765
528,1765
756,1766
146,1766
18,1768
142,1768
633,1768
948,1770
535,1771
942,1771
206,1772
280,1774
336,1776
93,1776
147,1776
39,1776
260,1777
295,1779
414,1779
833,1781
708,1781
605,1785
819,1793
839,1802
145,1802
20,1805
711,1806
698,1806
167,1808
115,1809
857,1810
786,1811
545,1815
517,1815
584,1815
692,1819
781,1819
246,1819
559,1820
460,1821
912,1821
592,1821
490,1827
823,1827
732,1834
838,1836
413,1837
579,1837
202,1839
737,1840
475,1841
281,1841
109,1842
111,1849
575,1849
783,1849
96,1850
398,1852
796,1853
163,1854
87,1857
515,1858
534,1858
97,1861
758,1862
157,1866
976,1867
979,1870
476,1870
227,1870
917,1871
350,1872
441,1874
518,1875
119,1877
938,1878
666,1878
91,1883
69,1884
1000,1887
493,1888
57,1889
399,1890
627,1890
581,1892
401,1898
751,1898
483,1900
7,1903
616,1904
456,1905
548,1906
789,1907
192,1910
268,1913
60,1913
343,1914
457,1926
665,1929
735,1931
715,1931
320,1934
644,1936
101,1937
903,1938
56,1945
239,1945
591,1945
482,1945
271,1947
814,1948
537,1950
315,1951
427,1953
27,1955
767,1956
989,1956
130,1958
649,1958
907,1958
338,1962
42,1963
45,1968
245,1969
58,1971
799,1977
113,1977
999,1979
707,1979
102,1980
126,1981
918,1981
909,1981
433,1982
326,1983
428,1985
470,1987
706,1988
686,1989
318,1993
208,1994
49,1994
795,1995
652,1996
297,1998
934,2004
127,2004
926,2007
560,2010
725,2011
46,2011
913,2015
230,2015
462,2016
943,2022
300,2023
785,2024
613,2027
274,2028
26,2031
672,2032
359,2033
782,2033
961,2044
622,2044
619,2044
925,2046
458,2046
243,2047
562,2050
521,2056
971,2062
688,2065
951,2069
973,2072
639,2073
53,2075
198,2081
214,2082
723,2083
421,2086
234,2088
810,2101
887,2104
284,2117
63,2119
33,2122
818,2124
648,2126
990,2126
693,2128
813,2134
607,2135
784,2136
804,2140
393,2140
237,2144
636,2156
743,2157
852,2160
149,2161
954,2163
159,2164
914,2171
915,2172
240,2176
37,2182
477,2186
641,2192
880,2195
6,2196
845,2204
808,2205
573,2208
983,2212
324,2219
670,2220
488,2222
731,2223
67,2225
183,2229
509,2234
779,2235
752,2235
370,2236
492,2236
185,2246
614,2247
217,2250
437,2259
88,2260
293,2261
335,2262
285,2263
658,2264
526,2266
924,2268
452,2276
611,2278
898,2279
788,2280
894,2287
754,2291
24,2299
177,2301
793,2304
498,2312
624,2318
702,2336
748,2341
858,2346
420,2351
703,2352
543,2364
362,2369
557,2370
250,2370
561,2377
950,2382
709,2384
646,2386
927,2392
385,2393
17,2403
389,2404
949,2409
150,2411
417,2425
375,2429
194,2436
466,2441
213,2441
313,2442
261,2443
319,2449
266,2453
138,2453
947,2464
404,2472
802,2473
642,2475
10,2475
50,2481
889,2484
899,2495
895,2503
95,2508
848,2509
188,2512
400,2513
953,2515
933,2518
258,2525
474,2525
876,2527
360,2538
419,2552
436,2556
959,2578
662,2580
791,2587
873,2589
523,2595
763,2606
761,2612
303,2612
161,2629
215,2639
438,2649
588,2655
269,2657
844,2673
792,2683
44,2689
446,2697
940,2709
388,2715
210,2718
897,2727
128,2733
675,2751
453,2753
660,2755
809,2759
376,2778
724,2779
169,2812
892,2829
966,2841
228,2844
306,2853
750,2864
199,2871
255,2879
468,2888
124,2894
681,2919
337,2939
166,2941
392,2945
965,2956
974,2963
405,2964
905,3001
514,3003
36,3007
121,3026
425,3050
550,3090
803,3094
530,3102
407,3107
595,3119
86,3189
571,3192
174,3195
354,3199
449,3218
834,3284
347,3286
402,3297
84,3326
339,3340
600,3344
322,3446
286,3458
123,3463
254,3469
877,3539
656,3568
76,3593
585,3637
878,3695
273,3717
144,3723
321,3792
868,3810
768,3842
143,3987
461,4165
473,4341
434,4516
340,5015

simblock.block.ProofOfWorkBlock@68220320:80
633,0
898,392
666,695
120,730
913,841
219,947
113,987
72,995
252,1030
293,1047
538,1114
306,1160
160,1178
816,1198
201,1216
494,1246
426,1260
910,1265
978,1269
61,1280
894,1281
577,1286
684,1299
787,1330
525,1343
812,1350
341,1382
551,1390
430,1399
822,1414
32,1418
254,1427
133,1430
867,1432
472,1433
437,1433
859,1464
986,1471
173,1481
678,1483
741,1483
224,1495
332,1499
355,1505
753,1508
887,1508
733,1513
496,1513
155,1517
837,1519
62,1521
80,1546
772,1546
699,1552
601,1563
583,1565
559,1565
999,1566
991,1567
806,1572
752,1573
137,1580
946,1581
877,1583
291,1584
171,1596
998,1597
504,1599
244,1601
855,1604
451,1608
114,1612
345,1619
638,1621
647,1630
270,1630
477,1633
211,1636
563,1640
480,1649
396,1649
311,1649
65,1652
22,1653
919,1653
539,1656
327,1662
613,1662
3,1665
690,1665
593,1666
196,1680
117,1685
921,1687
28,1689
935,1690
676,1691
1,1694
463,1697
643,1702
529,1705
606,1709
843,1711
556,1712
511,1712
325,1716
308,1716
121,1718
390,1720
512,1725
808,1732
810,1733
318,1733
486,1733
73,1734
842,1735
850,1736
4,1737
513,1737
677,1738
970,1739
435,1739
157,1740
131,1741
216,1741
537,1741
777,1745
674,1752
2,1753
23,1763
506,1763
136,1767
860,1767
665,1769
796,1770
445,1770
406,1771
64,1772
847,1779
107,1779
630,1783
749,1784
334,1788
982,1788
829,1789
568,1791
765,1792
126,1792
481,1794
624,1795
891,1797
824,1798
386,1799
745,1799
883,1801
330,1802
826,1803
353,1804
348,1807
432,1808
625,1810
720,1813
403,1815
736,1818
108,1819
444,1821
900,1821
299,1822
495,1822
189,1823
168,1824
721,1825
553,1827
170,1830
987,1830
184,1831
365,1831
786,1832
519,1835
755,1835
40,1836
106,1839
706,1845
471,1846
103,1848
964,1848
381,1850
213,1850
540,1855
841,1857
206,1858
679,1860
617,1862
692,1865
382,1866
14,1869
288,1874
884,1875
723,1879
691,1879
393,1880
479,1883
580,1884
314,1884
805,1885
651,1885
901,1887
397,1888
661,1889
343,1889
9,1890
351,1892
178,1894
26,1895
70,1895
701,1897
972,1901
514,1903
373,1903
623,1903
923,1903
771,1904
294,1904
874,1906
775,1907
956,1909
544,1911
555,1914
262,1916
162,1916
346,1916
705,1917
774,1917
287,1918
81,1919
141,1919
205,1920
49,1927
11,1929
310,1931
657,1932
536,1932
815,1933
279,1933
94,1934
726,1935
922,1938
569,1938
265,1939
981,1941
86,1942
112,1943
990,1944
971,1944
199,1945
186,1945
980,1948
91,1950
48,1954
967,1954
153,1955
235,1956
572,1957
181,1957
696,1958
792,1959
952,1960
939,1962
742,1962
590,1962
356,1963
21,1966
526,1967
510,1970
925,1970
185,1970
241,1973
230,1973
98,1975
110,1975
331,1977
554,1978
750,1979
303,1981
595,1982
140,1987
683,1988
820,1988
746,1990
204,1990
968,1990
478,1990
238,1993
667,1996
621,1996
977,1999
764,2000
147,2001
31,2001
629,2001
702,2001
574,2002
685,2002
869,2003
8,2007
957,2013
78,2014
317,2014
361,2015
862,2015
367,2016
240,2016
476,2017
566,2018
951,2019
616,2022
305,2023
282,2024
762,2025
415,2025
610,2026
851,2027
313,2028
527,2028
175,2030
780,2031
309,2037
10,2038
863,2038
450,2038
660,2040
628,2044
650,2047
864,2047
871,2048
865,2049
825,2052
149,2053
608,2058
400,2059
516,2059
659,2059
135,2060
940,2061
760,2066
163,2067
716,2068
807,2070
534,2071
861,2073
454,2073
531,2074
281,2077
12,2078
852,2079
817,2080
838,2080
697,2080
546,2081
154,2082
586,2082
587,2083
248,2084
122,2085
694,2086
662,2087
626,2088
914,2092
208,2093
469,2093
916,2094
735,2095
549,2097
210,2098
681,2100
52,2100
43,2100
570,2102
497,2105
407,2106
409,2107
489,2107
596,2108
54,2109
823,2110
105,2110
487,2111
369,2112
655,2113
491,2113
548,2113
770,2115
868,2118
609,2119
500,2122
878,2122
931,2123
466,2124
594,2126
350,2127
484,2130
932,2131
256,2131
134,2131
411,2134
930,2136
35,2137
239,2141
533,2142
258,2144
183,2144
176,2145
259,2146
896,2148
118,2148
518,2148
778,2149
423,2150
132,2151
950,2151
214,2153
973,2154
482,2155
447,2157
766,2157
695,2160
190,2161
995,2161
776,2162
542,2162
936,2163
344,2164
680,2167
567,2167
604,2167
729,2168
858,2170
349,2170
364,2171
82,2174
394,2176
522,2177
485,2181
799,2182
376,2183
429,2187
88,2188
757,2188
408,2188
95,2189
264,2193
87,2194
985,2194
236,2196
908,2196
870,2200
833,2201
320,2202
790,2203
29,2204
663,2206
635,2210
814,2213
915,2213
247,2215
312,2218
460,2221
521,2223
719,2223
954,2225
937,2227
277,2228
260,2229
123,2234
738,2235
582,2236
329,2236
358,2237
440,2238
882,2239
906,2240
375,2242
575,2244
232,2245
881,2246
872,2248
797,2248
492,2249
653,2251
220,2252
152,2252
781,2253
517,2257
693,2258
524,2262
144,2263
285,2263
419,2263
290,2263
298,2266
272,2267
145,2267
963,2268
687,2268
217,2269
734,2269
139,2269
249,2269
712,2271
928,2272
565,2274
130,2275
783,2276
501,2279
893,2281
267,2282
187,2283
27,2283
79,2284
827,2285
912,2286
754,2287
109,2287
875,2288
18,2291
615,2293
212,2299
17,2300
602,2301
278,2301
731,2303
51,2306
165,2310
191,2310
371,2313
268,2313
558,2316
508,2317
111,2318
295,2319
19,2321
292,2322
377,2323
620,2323
890,2325
436,2326
490,2326
751,2328
984,2328
275,2328
561,2328
499,2329
96,2329
150,2331
465,2333
177,2333
993,2334
605,2338
794,2342
801,2343
969,2344
664,2344
779,2344
979,2345
362,2348
263,2352
560,2353
800,2354
748,2363
456,2366
372,2368
15,2371
387,2374
193,2375
63,2377
434,2377
221,2378
143,2378
744,2378
584,2381
634,2382
422,2385
715,2386
622,2387
36,2389
34,2392
194,2394
274,2394
172,2397
413,2401
324,2403
38,2404
515,2406
756,2407
99,2408
743,2410
831,2413
418,2414
398,2416
222,2416
44,2419
547,2422
637,2423
885,2425
246,2425
414,2427
802,2429
449,2431
905,2433
307,2434
997,2435
714,2436
782,2436
5,2438
711,2440
1000,2441
53,2442
532,2444
955,2444
758,2445
728,2447
304,2449
793,2451
493,2452
840,2453
682,2454
370,2454
448,2455
401,2457
76,2458
836,2459
600,2460
473,2461
576,2464
669,2464
443,2464
245,2464
50,2465
102,2466
904,2467
129,2467
892,2469
592,2477
296,2477
503,2478
56,2481
918,2481
654,2483
297,2487
804,2487
975,2487
352,2494
233,2495
316,2497
589,2497
520,2498
389,2499
722,2502
85,2503
689,2503
33,2507
374,2509
708,2509
446,2511
283,2511
280,2513
966,2515
507,2516
791,2517
452,2524
84,2526
632,2527
949,2529
47,2529
597,2529
470,2532
188,2545
226,2547
857,2548
363,2552
97,2552
74,2552
416,2553
888,2557
101,2558
844,2558
710,2562
203,2568
202,2569
207,2572
698,2572
380,2572
276,2576
645,2580
433,2584
195,2584
368,2587
284,2587
148,2589
46,2592
464,2599
992,2600
700,2602
707,2607
90,2615
100,2616
55,2617
289,2618
828,2621
197,2626
461,2628
541,2629
717,2629
441,2631
315,2631
182,2631
151,2635
670,2638
607,2639
300,2641
438,2641
958,2641
880,2647
929,2648
391,2662
379,2666
909,2669
357,2671
725,2671
920,2675
384,2675
579,2676
988,2677
455,2677
421,2679
395,2682
784,2685
976,2686
71,2686
333,2687
234,2694
427,2694
983,2698
385,2704
974,2709
895,2710
37,2711
340,2713
128,2713
7,2717
686,2723
138,2725
468,2726
41,2727
399,2730
636,2730
989,2731
747,2731
89,2743
483,2745
45,2748
924,2755
266,2758
164,2761
948,2764
581,2764
58,2765
167,2767
564,2770
337,2774
458,2775
552,2776
598,2777
795,2783
215,2784
557,2786
410,2786
962,2793
342,2793
996,2794
251,2798
627,2799
944,2803
811,2804
618,2804
846,2805
412,2811
42,2815
903,2815
866,2821
502,2827
156,2830
646,2838
933,2841
424,2846
405,2847
301,2848
599,2849
92,2850
818,2850
223,2854
505,2855
218,2871
180,2872
965,2873
366,2873
813,2883
66,2887
474,2900
573,2905
709,2924
428,2930
146,2934
641,2940
849,2942
116,2947
640,2947
77,2951
255,2958
631,2958
261,2961
668,2967
718,2968
227,2969
761,2969
231,2971
879,2977
648,2977
845,2977
673,2980
30,2980
319,2980
947,2988
926,2989
402,2995
938,3004
945,3008
907,3010
942,3010
642,3013
656,3016
253,3017
737,3023
125,3029
75,3031
237,3036
338,3046
159,3052
562,3061
69,3069
124,3070
854,3075
68,3078
417,3085
649,3093
703,3093
927,3099
578,3106
488,3109
585,3114
328,3116
13,3119
225,3140
459,3146
759,3148
550,3150
830,3151
835,3152
671,3164
769,3169
848,3172
523,3173
20,3173
798,3183
543,3183
832,3197
658,3203
732,3204
739,3207
24,3222
57,3233
243,3240
994,3246
672,3250
740,3252
917,3255
509,3261
269,3267
941,3293
853,3295
571,3295
354,3306
773,3309
886,3309
383,3317
713,3319
378,3325
404,3335
336,3340
889,3343
360,3346
25,3357
763,3357
730,3370
431,3371
302,3375
727,3385
321,3391
83,3395
166,3398
271,3422
228,3423
767,3424
591,3434
614,3446
934,3450
323,3451
953,3455
612,3468
789,3485
257,3519
803,3526
67,3527
16,3532
639,3537
273,3543
286,3554
420,3571
588,3580
392,3583
834,3590
688,3593
453,3597
158,3607
535,3609
192,3612
462,3617
457,3623
943,3624
198,3627
528,3641
60,3647
6,3676
839,3685
724,3690
545,3699
119,3708
59,3725
229,3757
809,3767
821,3772
174,3782
442,3789
250,3809
322,3820
788,3829
209,3836
675,3843
388,3852
169,3858
652,3862
467,3875
897,3876
876,3895
127,3895
39,3920
961,3932
873,3934
179,3939
347,3986
339,4015
115,4063
911,4065
603,4092
785,4102
768,4105
142,4110
899,4116
959,4123
856,4137
335,4192
93,4202
819,4220
902,4224
359,4251
161,4267
960,4291
611,4364
475,4366
200,4391
530,4443
439,4452
704,4472
326,4518
425,4522
498,4571
242,4591
104,4815
619,4869
644,4893

simblock.block.ProofOfWorkBlock@7a1c3d2f:81
205,0
664,152
761,211
517,280
90,305
54,337
419,363
781,364
932,404
689,420
904,421
385,431
366,460
182,463
984,477
789,480
856,488
70,499
148,513
888,514
128,519
669,521
56,541
262,556
488,562
326,563
234,571
468,572
431,573
945,576
55,577
838,577
18,578
130,581
243,603
300,608
973,614
473,618
537,618
1000,624
489,629
79,630
542,631
59,631
5,634
585,634
715,635
323,635
256,637
185,638
857,638
864,646
204,660
104,667
828,667
581,668
992,668
963,672
16,674
971,675
109,683
960,686
102,688
576,690
628,690
240,690
737,691
442,692
498,695
760,696
591,697
640,698
665,700
27,700
961,706
407,706
711,713
505,719
868,720
74,722
453,725
714,726
727,726
147,726
522,726
336,727
223,728
535,729
398,731
682,734
67,736
997,739
937,745
604,747
573,747
143,748
85,748
24,748
835,752
861,755
915,755
116,756
865,757
941,757
990,758
543,760
177,763
19,763
773,768
534,769
214,771
552,772
846,774
870,777
615,777
508,779
439,780
96,780
866,782
833,783
791,783
758,784
681,784
717,784
258,785
546,785
372,785
482,787
268,787
89,787
903,788
902,788
31,789
222,789
12,789
979,798
179,798
324,799
127,799
176,802
783,804
871,805
800,808
948,809
612,812
206,812
123,812
316,814
663,816
312,818
520,820
13,820
329,822
475,822
75,824
436,825
296,826
150,826
982,826
457,832
854,833
518,833
970,833
374,833
817,835
526,836
996,836
487,838
277,838
994,839
545,839
180,840
747,840
347,840
692,840
343,840
186,841
993,841
605,841
916,841
609,842
938,844
305,845
620,845
985,845
83,846
33,846
418,846
507,846
283,847
671,849
574,849
852,850
77,850
87,851
342,852
832,852
34,853
667,854
655,854
423,855
940,856
200,856
280,860
756,860
164,862
371,863
687,865
30,866
579,871
295,871
706,871
88,872
965,872
233,873
849,873
158,874
25,874
10,877
759,878
798,879
247,879
836,880
950,882
851,882
217,882
53,883
17,884
187,886
320,887
145,889
728,890
464,892
111,892
704,893
757,894
515,894
718,894
743,895
885,896
227,897
740,897
958,897
653,897
363,898
501,898
260,898
631,898
68,899
879,900
263,900
925,901
465,901
654,901
284,902
15,903
193,904
951,904
917,904
483,906
394,906
853,906
249,907
345,907
471,908
972,908
146,908
165,909
125,911
858,911
278,911
988,911
153,911
301,911
976,912
297,914
822,915
195,916
420,916
466,917
485,917
359,917
461,918
599,923
210,924
685,927
476,928
819,928
149,929
618,929
99,929
939,930
738,931
881,934
414,935
959,935
275,935
558,936
491,937
748,937
639,937
467,938
290,939
524,940
470,941
231,941
890,941
63,941
731,941
389,941
213,942
782,944
460,944
412,945
912,945
608,947
562,949
793,949
292,950
267,951
908,952
797,952
929,952
590,952
541,953
29,954
118,954
947,954
410,955
229,956
770,956
390,956
307,957
469,957
289,958
456,958
775,959
159,959
208,960
531,960
376,960
337,960
705,962
309,962
944,963
924,963
448,965
897,965
637,965
725,966
313,967
93,968
893,968
377,969
969,971
587,973
532,974
980,976
813,976
172,978
597,978
218,979
872,980
730,981
41,981
129,982
490,984
528,984
246,985
384,986
769,986
167,988
700,988
298,988
274,990
814,992
521,992
910,994
69,994
882,995
875,995
387,995
328,996
548,996
954,996
333,996
360,997
458,998
115,998
154,1000
338,1002
662,1002
134,1003
549,1003
928,1005
271,1005
81,1006
645,1007
238,1009
239,1010
975,1010
151,1010
695,1010
710,1011
582,1013
82,1014
632,1016
42,1016
8,1017
202,1017
602,1017
744,1018
739,1019
358,1019
257,1020
622,1020
698,1021
827,1022
209,1022
784,1022
942,1023
416,1025
49,1027
693,1030
668,1030
242,1031
304,1034
559,1034
427,1038
350,1039
644,1040
962,1042
673,1045
194,1045
92,1045
911,1046
503,1046
163,1047
71,1049
999,1050
598,1053
351,1053
434,1055
957,1056
751,1056
499,1056
378,1056
914,1056
708,1056
766,1057
459,1059
821,1062
424,1066
183,1068
236,1069
723,1069
191,1072
565,1074
624,1074
383,1074
595,1075
368,1075
21,1077
955,1078
746,1079
357,1079
379,1079
767,1082
361,1084
139,1087
391,1089
393,1092
560,1092
594,1093
198,1095
824,1097
568,1099
774,1101
124,1103
964,1103
886,1105
440,1106
603,1106
648,1109
380,1111
570,1112
422,1113
276,1113
776,1113
352,1115
203,1115
907,1116
39,1116
344,1118
364,1118
561,1119
811,1123
22,1126
830,1127
472,1129
754,1130
330,1131
396,1133
884,1133
617,1133
764,1134
753,1134
375,1135
497,1135
843,1136
713,1138
538,1139
409,1139
840,1149
790,1149
133,1150
920,1152
190,1156
596,1161
103,1163
818,1165
230,1167
527,1167
281,1169
506,1169
659,1170
672,1172
722,1179
762,1179
66,1179
516,1181
4,1187
411,1188
395,1189
586,1189
496,1191
120,1191
171,1191
930,1193
106,1194
540,1194
778,1195
900,1195
572,1196
211,1197
981,1201
676,1204
251,1205
299,1208
502,1211
48,1212
484,1213
23,1213
160,1216
341,1218
647,1219
386,1222
580,1224
641,1225
444,1233
869,1234
438,1235
936,1235
478,1236
369,1238
847,1239
140,1240
35,1241
426,1242
779,1243
841,1245
805,1246
986,1246
745,1247
792,1248
11,1248
52,1249
694,1249
923,1250
512,1250
839,1251
719,1251
32,1251
367,1254
901,1256
219,1257
771,1262
51,1264
225,1268
696,1269
635,1272
616,1273
279,1274
332,1276
702,1278
677,1281
529,1282
863,1283
348,1284
65,1284
38,1284
569,1285
381,1289
554,1290
135,1290
141,1290
107,1292
175,1292
443,1292
447,1294
883,1299
62,1301
575,1302
162,1303
547,1304
355,1305
825,1306
189,1306
432,1306
400,1307
734,1307
264,1307
610,1309
232,1310
212,1311
136,1312
122,1313
311,1313
248,1313
726,1316
435,1322
445,1326
772,1327
621,1332
544,1334
40,1335
807,1337
650,1338
131,1340
684,1340
896,1341
829,1341
556,1345
820,1345
566,1346
291,1348
454,1351
577,1356
226,1359
224,1360
308,1360
968,1362
733,1362
831,1362
921,1363
606,1365
181,1367
108,1369
651,1373
184,1374
504,1376
294,1378
629,1381
270,1382
78,1382
325,1384
601,1386
64,1387
525,1387
228,1388
513,1391
451,1392
244,1395
690,1396
287,1396
428,1399
413,1403
365,1406
987,1408
94,1409
891,1410
47,1410
646,1411
450,1412
680,1412
132,1415
661,1415
173,1415
995,1417
241,1420
777,1421
235,1421
221,1421
716,1423
812,1424
349,1425
110,1425
519,1427
919,1431
331,1433
634,1434
867,1439
479,1445
408,1454
898,1455
112,1456
780,1459
429,1463
536,1464
57,1465
763,1469
430,1470
334,1473
991,1474
170,1474
674,1479
691,1479
252,1481
60,1482
533,1482
796,1482
967,1483
816,1484
555,1487
406,1487
196,1494
161,1504
530,1505
657,1506
801,1508
906,1508
741,1510
934,1511
253,1512
551,1513
155,1514
282,1521
563,1522
703,1526
138,1533
765,1534
356,1534
44,1535
686,1536
480,1538
564,1546
201,1549
643,1550
815,1551
874,1551
199,1554
935,1558
642,1563
495,1564
786,1564
100,1568
998,1569
523,1571
105,1572
399,1577
152,1579
584,1581
862,1581
795,1582
567,1583
626,1583
787,1585
207,1588
9,1589
670,1591
314,1591
578,1592
119,1592
463,1594
117,1596
327,1601
286,1601
401,1606
14,1612
245,1615
261,1618
95,1621
302,1623
265,1625
892,1632
749,1632
98,1636
887,1637
952,1645
26,1646
500,1649
404,1650
823,1650
720,1655
288,1656
550,1656
405,1656
859,1656
220,1657
931,1658
848,1659
889,1659
592,1663
850,1664
860,1665
611,1671
285,1677
638,1678
216,1680
433,1681
804,1682
589,1685
492,1687
625,1691
477,1693
927,1696
909,1705
259,1707
511,1716
353,1718
583,1721
943,1724
178,1725
310,1732
97,1738
28,1738
273,1739
481,1740
855,1742
735,1745
742,1749
613,1752
736,1752
977,1755
600,1756
73,1761
806,1762
593,1765
922,1765
403,1767
72,1767
880,1770
683,1773
354,1774
768,1776
946,1782
810,1784
392,1796
630,1797
415,1817
933,1821
3,1821
956,1826
1,1826
318,1832
266,1834
156,1848
826,1848
61,1851
619,1852
382,1855
607,1861
462,1862
425,1872
46,1874
794,1891
2,1896
510,1898
306,1898
636,1917
553,1922
474,1922
339,1922
397,1925
80,1927
269,1934
873,1935
197,1937
373,1943
844,1946
701,1947
755,1950
837,1950
799,1952
50,1953
697,1954
346,1965
114,1967
983,1968
315,1968
709,1974
660,1978
877,1982
494,1986
254,1991
678,1995
237,2003
721,2005
293,2019
845,2021
174,2024
317,2024
486,2025
421,2048
809,2081
446,2083
43,2093
752,2105
729,2116
623,2120
84,2126
834,2132
539,2133
679,2137
388,2143
272,2167
113,2176
168,2177
750,2192
137,2193
699,2197
989,2208
321,2209
918,2211
649,2214
45,2215
899,2216
724,2216
319,2223
455,2248
788,2249
614,2250
905,2254
895,2262
493,2267
188,2289
842,2290
707,2291
913,2292
571,2302
652,2306
656,2322
953,2377
340,2388
514,2409
802,2415
557,2419
76,2420
894,2427
437,2429
36,2450
126,2463
712,2465
144,2475
362,2493
322,2494
878,2496
142,2499
121,2503
402,2533
675,2540
666,2550
509,2557
101,2558
255,2587
876,2602
169,2605
215,2675
370,2692
91,2698
192,2720
6,2745
86,2747
688,2749
588,2759
335,2779
978,2781
949,2782
166,2793
808,2794
966,2832
441,2842
732,2870
417,2894
926,2958
20,2981
974,2981
803,2996
785,3004
633,3040
452,3043
449,3062
658,3084
58,3126
157,3136
250,3171
627,3298
7,3366
37,3707
303,4046

simblock.block.ProofOfWorkBlock@54d1adc7:81
806,0
318,219
651,301
259,385
525,434
812,468
986,515
196,522
481,559
572,597
9,603
212,616
168,653
510,684
883,686
415,700
110,735
843,781
566,784
14,788
516,817
722,860
397,866
178,867
135,874
112,885
479,900
625,922
364,955
919,958
103,984
606,985
704,990
299,1031
840,1034
936,1036
705,1043
910,1044
265,1066
967,1070
596,1082
171,1114
842,1120
373,1135
369,1147
304,1154
616,1165
234,1185
850,1201
897,1212
52,1216
499,1218
863,1246
137,1248
753,1283
464,1302
650,1302
3,1328
543,1335
862,1339
13,1360
122,1364
28,1386
528,1388
641,1397
23,1409
495,1421
597,1425
314,1446
272,1468
628,1478
353,1491
426,1505
92,1510
937,1536
359,1562
731,1581
25,1601
69,1622
394,1647
603,1651
1000,1667
296,1678
281,1683
338,1711
300,1738
275,1760
461,1778
756,1800
689,1825
420,1842
377,1852
20,1852
305,1857
924,1887
470,1913
210,1933
868,1956
436,1978
323,2006
128,2025
846,2027
590,2030
109,2065
599,2089
945,2107
63,2129
167,2155
345,2180
624,2200
183,2201
384,2211
8,2246
908,2280
614,2297
324,2308
231,2334
872,2374
87,2376
159,2384
853,2430
949,2430
190,2457
544,2480
886,2486
664,2510
560,2547
915,2551
228,2555
333,2572
507,2607
791,2635
193,2665
156,2677
793,2687
698,2724
515,2725
741,2728
760,2764
490,2789
237,2803
482,2808
714,2840
263,2878
654,2902
653,2907
227,2963
260,2983
983,3008
262,3022
823,3051
797,3056
984,3084
522,3093
592,3115
718,3159
474,3186
55,3207
150,3229
405,3249
56,3267
979,3335
6,3364
890,3419
354,3427
615,3436
31,3450
392,3456
509,3497
309,3510
339,3612
693,3620
85,3628
550,3675
819,3683
876,3704
786,3758
746,3793
663,3795
809,3867
404,3868
707,3921
557,3940
848,3996
845,4015
126,4129
316,4168
688,4168
966,4192
927,4244
686,4267
870,4517
869,4872
739,5220
111,5568
990,5936
757,6293

simblock.block.ProofOfWorkBlock@a293744:82
511,0
444,223
98,306
741,394
94,453
896,530
137,535
134,568
699,612
395,614
1,616
729,670
826,693
696,699
426,700
561,734
197,751
382,754
364,754
88,757
225,778
10,792
107,830
100,833
294,834
533,836
538,843
980,844
901,861
363,861
213,873
997,877
468,889
356,898
351,915
833,916
349,917
73,918
519,920
751,921
556,921
346,924
601,924
745,924
400,927
640,932
394,939
160,948
418,949
576,973
564,976
583,976
516,981
938,981
311,990
494,998
486,999
221,999
676,1002
944,1005
874,1007
201,1008
173,1008
589,1010
689,1011
762,1014
434,1023
310,1026
54,1033
717,1034
882,1035
80,1036
984,1040
243,1047
801,1054
427,1054
998,1054
712,1057
348,1058
886,1061
774,1062
807,1063
224,1063
815,1064
469,1067
680,1067
470,1070
721,1071
204,1071
368,1080
617,1080
630,1081
850,1085
299,1087
480,1089
2,1090
145,1091
106,1093
827,1093
677,1094
972,1095
764,1095
870,1098
862,1098
23,1107
89,1114
881,1117
152,1118
74,1122
8,1122
837,1122
375,1124
78,1133
498,1133
753,1134
963,1137
406,1138
429,1139
199,1140
481,1143
825,1143
223,1144
327,1145
569,1146
9,1146
891,1146
253,1147
130,1147
39,1150
883,1151
685,1151
62,1153
690,1153
755,1155
695,1156
408,1157
585,1159
507,1159
664,1161
454,1164
513,1165
367,1171
522,1173
634,1174
227,1174
191,1175
219,1177
397,1178
527,1179
403,1180
239,1180
214,1187
412,1187
53,1187
971,1190
714,1190
205,1190
888,1193
232,1196
674,1196
244,1197
546,1199
605,1201
185,1203
133,1203
123,1205
264,1206
743,1208
305,1209
226,1211
112,1215
260,1216
118,1217
281,1217
679,1218
594,1218
55,1218
780,1219
162,1219
761,1222
24,1222
875,1222
258,1224
531,1225
390,1226
529,1226
621,1227
884,1229
270,1229
916,1230
120,1230
719,1230
542,1230
606,1233
350,1233
334,1234
331,1235
131,1235
68,1236
903,1239
635,1240
939,1242
276,1243
435,1243
1000,1246
553,1247
465,1247
742,1247
275,1248
992,1248
411,1249
501,1249
979,1249
251,1250
595,1250
639,1250
72,1252
838,1252
272,1254
782,1255
323,1255
338,1256
851,1258
842,1259
374,1260
798,1260
816,1260
154,1263
988,1264
79,1265
236,1266
599,1267
860,1272
82,1273
534,1275
520,1275
28,1278
865,1278
500,1279
991,1279
986,1279
233,1279
524,1280
854,1280
897,1280
637,1281
957,1282
252,1283
973,1286
623,1287
439,1287
139,1288
981,1289
87,1289
132,1289
749,1291
580,1291
831,1292
48,1293
923,1298
230,1298
722,1300
733,1301
104,1302
659,1303
960,1303
643,1303
288,1304
352,1305
525,1306
671,1306
141,1306
756,1306
713,1306
396,1307
196,1307
574,1309
958,1310
856,1311
3,1311
540,1311
398,1311
615,1312
800,1312
777,1313
505,1314
812,1314
114,1315
744,1315
35,1315
49,1315
184,1316
268,1317
547,1318
117,1319
665,1320
602,1321
151,1323
900,1323
593,1323
829,1324
650,1325
582,1325
922,1327
694,1327
568,1327
450,1328
847,1330
902,1331
879,1332
868,1332
430,1333
341,1334
821,1335
746,1336
164,1337
558,1337
317,1338
740,1338
773,1339
495,1339
628,1341
440,1342
265,1342
708,1344
247,1345
693,1347
739,1347
727,1347
195,1347
241,1348
366,1349
521,1350
343,1352
31,1354
759,1357
83,1359
59,1359
384,1360
369,1361
456,1361
262,1362
692,1363
4,1363
710,1364
920,1365
843,1365
767,1366
579,1367
866,1368
497,1370
291,1372
316,1372
893,1373
203,1373
555,1374
267,1374
325,1374
22,1376
603,1376
977,1376
313,1378
705,1378
597,1379
282,1380
163,1381
451,1381
806,1382
543,1382
365,1382
336,1384
956,1385
248,1385
38,1385
415,1385
967,1386
941,1386
857,1386
259,1386
65,1387
598,1389
14,1389
40,1389
16,1392
818,1392
361,1393
271,1393
212,1394
772,1394
766,1395
105,1395
309,1396
381,1396
504,1397
485,1399
536,1399
654,1400
111,1400
445,1401
13,1402
222,1402
502,1402
488,1402
328,1405
193,1406
577,1406
629,1406
459,1407
907,1407
208,1407
146,1407
518,1408
853,1409
610,1410
626,1412
448,1415
64,1416
379,1418
416,1419
140,1419
771,1419
12,1420
423,1420
320,1421
559,1422
308,1423
447,1423
928,1424
783,1424
337,1424
852,1425
296,1425
277,1426
604,1427
814,1428
869,1429
832,1429
478,1431
697,1431
994,1432
908,1434
124,1434
528,1434
955,1434
187,1434
560,1435
475,1436
344,1437
115,1438
342,1439
256,1443
218,1444
820,1444
279,1446
760,1447
562,1452
940,1455
995,1455
948,1457
183,1457
389,1457
386,1459
484,1461
21,1462
819,1463
544,1464
964,1464
657,1464
287,1465
566,1466
209,1469
136,1469
935,1469
952,1471
220,1473
235,1473
915,1474
725,1476
92,1477
85,1478
211,1479
684,1480
443,1481
238,1482
608,1483
190,1486
407,1486
30,1487
822,1489
841,1490
982,1490
728,1490
784,1490
5,1491
25,1492
438,1494
867,1494
108,1495
56,1496
432,1497
770,1498
210,1498
479,1498
824,1498
830,1503
691,1505
993,1505
387,1505
976,1507
575,1510
167,1513
206,1513
189,1514
510,1514
904,1515
565,1516
942,1516
27,1519
625,1520
651,1522
678,1522
329,1522
930,1525
631,1525
781,1526
921,1528
66,1530
911,1530
489,1531
442,1532
669,1533
153,1534
90,1537
170,1538
775,1541
181,1549
683,1549
947,1550
572,1552
738,1552
422,1553
380,1554
304,1554
506,1554
910,1555
330,1556
314,1556
32,1558
476,1559
961,1560
143,1564
682,1565
796,1565
591,1567
353,1568
297,1568
471,1568
711,1569
787,1570
292,1571
779,1573
499,1574
548,1575
52,1576
864,1577
990,1577
811,1581
987,1582
624,1584
532,1584
726,1588
491,1594
945,1595
358,1596
147,1597
283,1598
453,1602
176,1603
855,1607
757,1608
298,1612
18,1612
512,1617
278,1617
863,1618
295,1622
168,1623
376,1625
463,1626
171,1632
839,1632
996,1634
612,1635
523,1636
535,1639
178,1639
240,1642
614,1644
836,1648
290,1648
647,1650
135,1651
483,1655
578,1657
372,1659
667,1660
622,1661
47,1662
655,1663
51,1664
326,1665
946,1668
645,1669
975,1669
186,1672
849,1673
487,1673
110,1673
490,1678
638,1679
912,1681
180,1681
460,1685
175,1685
720,1685
723,1687
284,1689
999,1691
632,1691
182,1693
57,1693
417,1696
234,1699
702,1701
672,1705
249,1706
668,1707
179,1708
539,1711
280,1712
194,1715
202,1716
554,1720
926,1720
332,1725
198,1726
393,1726
954,1727
586,1728
318,1730
871,1730
324,1734
410,1734
619,1734
789,1741
192,1742
840,1743
420,1748
969,1752
929,1754
701,1754
335,1755
813,1756
663,1757
155,1759
43,1761
792,1765
808,1766
150,1769
405,1770
805,1775
96,1777
791,1777
464,1778
138,1778
200,1779
633,1786
503,1786
285,1787
355,1789
716,1789
496,1793
303,1794
769,1797
207,1797
776,1800
250,1804
661,1804
452,1805
931,1807
169,1812
122,1812
927,1817
658,1822
936,1827
892,1830
93,1830
11,1831
125,1833
157,1833
715,1834
473,1835
607,1840
951,1842
985,1842
563,1842
567,1843
15,1843
46,1844
786,1845
641,1846
803,1848
215,1849
255,1850
229,1850
6,1855
778,1858
906,1858
29,1859
116,1865
581,1868
34,1868
50,1869
587,1873
174,1877
644,1877
362,1878
261,1882
932,1882
321,1883
69,1884
675,1886
492,1890
688,1891
377,1891
736,1893
859,1897
660,1898
933,1899
877,1900
795,1901
216,1902
752,1902
458,1904
231,1906
172,1907
545,1908
925,1909
913,1913
541,1916
724,1917
36,1920
557,1920
989,1923
618,1923
19,1932
315,1932
872,1932
127,1943
63,1945
707,1949
550,1950
943,1950
217,1952
17,1952
793,1955
121,1959
970,1961
509,1962
549,1962
537,1966
794,1969
95,1969
413,1969
735,1971
103,1974
718,1974
551,1977
373,1977
165,1989
649,1994
409,2000
627,2001
37,2009
681,2010
493,2011
414,2021
357,2021
159,2027
620,2032
526,2032
370,2034
880,2038
156,2042
763,2043
846,2043
924,2045
347,2048
177,2051
307,2055
148,2056
709,2056
142,2057
245,2060
636,2060
399,2066
383,2067
286,2069
642,2078
109,2079
75,2079
909,2080
446,2080
42,2081
765,2083
254,2083
61,2085
844,2085
421,2089
457,2090
428,2091
392,2091
345,2100
570,2106
700,2107
322,2112
704,2118
144,2126
596,2129
128,2132
472,2132
424,2134
508,2134
431,2144
968,2145
474,2155
378,2159
670,2160
354,2164
530,2169
401,2184
436,2187
371,2187
828,2196
404,2196
58,2200
246,2203
823,2205
99,2206
616,2212
70,2214
293,2220
188,2222
71,2224
653,2224
482,2228
790,2230
754,2234
266,2236
97,2252
301,2253
965,2254
113,2254
919,2254
797,2255
166,2258
433,2258
905,2263
748,2265
467,2274
666,2277
861,2280
858,2283
734,2304
706,2304
804,2306
67,2307
673,2310
730,2313
889,2327
747,2338
461,2367
462,2372
758,2375
263,2391
873,2393
698,2397
737,2403
86,2406
333,2408
949,2409
590,2414
731,2416
419,2430
887,2435
425,2446
914,2448
77,2456
41,2458
895,2467
91,2471
514,2478
274,2492
959,2492
876,2501
60,2503
937,2504
848,2505
646,2507
289,2518
834,2537
573,2542
810,2548
33,2569
588,2576
817,2581
835,2587
799,2588
648,2594
242,2616
687,2638
885,2643
119,2644
592,2658
388,2659
918,2662
845,2663
129,2669
359,2679
584,2682
962,2691
26,2715
950,2720
517,2754
237,2756
102,2764
515,2770
302,2772
7,2774
750,2797
391,2803
360,2812
385,2817
898,2826
84,2871
662,2872
802,2875
934,2879
571,2891
45,2910
126,2915
652,2919
552,2931
441,2935
312,2938
466,2953
76,2965
890,2977
455,2984
257,2985
101,3014
20,3018
300,3104
917,3111
340,3112
785,3118
983,3118
809,3125
449,3129
894,3155
953,3158
81,3160
437,3164
44,3166
686,3192
600,3224
966,3267
402,3273
158,3285
273,3364
613,3382
339,3386
899,3401
978,3410
974,3417
477,3442
609,3464
319,3472
228,3524
732,3527
161,3634
149,3645
611,3649
788,3665
703,3720
306,3847
656,4086
878,4336
269,4585
768,4833

simblock.block.ProofOfWorkBlock@fb07ed3:83
806,0
259,216
481,309
168,395
566,440
651,482
178,527
397,556
318,588
510,614
28,615
936,638
386,657
812,671
9,696
135,698
212,700
364,721
199,743
110,752
502,775
596,782
265,785
52,785
883,805
843,815
516,833
14,836
837,836
353,839
679,858
288,860
616,865
606,866
910,867
210,870
986,888
224,891
494,891
842,897
601,914
66,918
617,920
479,926
351,930
512,941
896,941
922,942
369,947
919,949
137,954
248,967
572,970
43,972
4,972
690,977
238,997
569,1000
220,1002
564,1004
338,1007
551,1007
549,1007
23,1014
431,1019
683,1032
980,1032
65,1032
196,1036
593,1039
787,1041
272,1046
275,1048
64,1051
568,1053
559,1057
554,1058
252,1058
525,1061
117,1063
201,1066
253,1067
628,1071
211,1077
671,1079
931,1082
11,1083
850,1086
847,1086
738,1087
998,1088
331,1089
486,1090
226,1091
797,1093
3,1099
726,1108
173,1114
291,1115
807,1119
330,1119
348,1120
112,1125
25,1128
779,1137
105,1137
325,1138
463,1139
900,1139
197,1139
977,1141
426,1141
400,1141
373,1142
371,1143
367,1147
311,1152
780,1156
40,1156
328,1158
310,1161
968,1165
567,1165
451,1165
349,1166
416,1168
721,1168
432,1169
529,1171
991,1172
556,1173
444,1175
147,1177
332,1178
234,1185
694,1186
47,1188
678,1190
967,1191
155,1192
712,1192
229,1194
505,1199
538,1201
635,1202
53,1202
198,1203
122,1207
699,1208
415,1210
535,1211
476,1220
478,1220
705,1222
489,1222
906,1222
107,1222
232,1224
884,1225
152,1226
862,1228
500,1228
946,1228
928,1228
630,1228
650,1229
67,1230
563,1231
1,1231
225,1231
72,1234
790,1235
697,1238
826,1239
840,1239
241,1240
98,1244
365,1246
993,1247
181,1248
430,1249
517,1250
777,1251
355,1251
921,1254
80,1255
603,1256
539,1257
382,1257
625,1260
472,1260
901,1266
235,1268
739,1268
580,1269
133,1271
496,1272
626,1274
406,1275
136,1275
284,1276
581,1276
594,1279
879,1280
504,1280
103,1281
435,1281
544,1281
317,1283
162,1283
79,1285
742,1287
964,1288
167,1288
390,1289
687,1291
941,1292
246,1292
38,1296
396,1301
114,1303
78,1304
729,1305
427,1306
643,1307
387,1308
294,1308
996,1309
825,1310
63,1312
219,1312
764,1313
715,1315
81,1315
429,1316
903,1318
403,1318
189,1318
583,1319
867,1320
32,1321
94,1321
540,1323
661,1324
131,1328
578,1330
61,1330
749,1332
772,1333
728,1334
90,1334
411,1334
146,1334
408,1335
381,1336
885,1337
677,1339
308,1341
73,1342
852,1343
531,1343
691,1344
781,1345
59,1345
69,1346
798,1349
657,1350
746,1351
676,1354
859,1354
12,1354
283,1357
838,1358
956,1360
589,1360
163,1361
341,1362
276,1363
304,1364
508,1365
132,1365
659,1366
13,1366
270,1366
857,1368
450,1368
755,1368
815,1369
748,1369
647,1369
789,1370
151,1371
586,1371
736,1372
120,1373
357,1373
765,1375
263,1376
662,1378
108,1381
513,1381
870,1381
638,1384
585,1384
438,1385
615,1387
384,1388
141,1388
708,1391
346,1391
299,1392
841,1394
950,1394
734,1398
987,1398
223,1400
791,1401
822,1402
356,1403
377,1404
730,1404
289,1405
935,1406
783,1406
74,1406
680,1406
920,1407
244,1408
5,1408
279,1408
577,1408
511,1411
874,1411
394,1413
552,1413
471,1415
776,1415
445,1415
528,1417
555,1418
153,1418
995,1419
805,1420
598,1424
383,1424
762,1427
398,1429
693,1431
464,1431
467,1431
372,1432
753,1433
344,1434
745,1435
170,1435
923,1436
951,1439
754,1439
312,1441
342,1442
940,1442
214,1443
480,1443
784,1443
824,1444
863,1446
820,1446
716,1447
129,1447
925,1448
22,1448
216,1449
466,1451
747,1451
981,1452
264,1452
171,1452
71,1453
100,1453
801,1453
701,1456
558,1457
222,1458
684,1458
361,1460
893,1463
316,1464
99,1465
604,1467
828,1471
696,1475
334,1476
860,1480
605,1481
719,1483
221,1484
733,1489
193,1490
740,1491
336,1491
710,1492
2,1493
187,1494
984,1495
771,1496
51,1496
506,1496
758,1497
770,1497
756,1497
366,1498
42,1498
629,1499
717,1499
982,1499
623,1500
570,1501
243,1506
723,1506
720,1508
230,1509
794,1509
930,1511
484,1511
143,1511
665,1513
456,1513
831,1514
952,1514
337,1515
290,1517
423,1519
553,1520
204,1521
816,1522
632,1526
314,1527
491,1528
621,1530
164,1531
640,1533
782,1533
352,1533
660,1533
757,1533
48,1535
282,1535
637,1537
924,1539
618,1540
172,1540
213,1542
547,1543
195,1544
702,1547
521,1547
158,1548
620,1549
459,1551
832,1551
256,1556
854,1559
379,1560
159,1561
414,1562
180,1562
902,1564
24,1564
536,1571
395,1571
453,1572
16,1573
186,1574
62,1575
858,1576
576,1578
231,1578
495,1578
184,1579
866,1580
912,1581
287,1582
422,1583
766,1583
519,1584
793,1585
689,1586
778,1587
624,1588
849,1590
864,1590
409,1591
527,1591
297,1591
882,1592
412,1592
359,1593
945,1594
160,1597
123,1598
313,1599
191,1599
274,1607
326,1611
487,1611
242,1613
997,1617
541,1620
861,1620
35,1620
111,1621
609,1621
320,1622
800,1629
856,1629
522,1630
851,1630
280,1630
20,1632
634,1633
442,1637
682,1637
350,1637
518,1638
448,1640
645,1640
498,1641
295,1641
917,1642
434,1644
115,1645
30,1645
179,1649
972,1658
960,1659
944,1659
741,1662
119,1667
296,1667
714,1667
830,1669
465,1670
610,1672
145,1673
439,1673
375,1673
251,1674
963,1676
667,1679
327,1684
257,1684
88,1684
419,1688
574,1690
475,1690
914,1694
988,1697
817,1697
215,1698
154,1699
485,1701
301,1701
542,1704
774,1704
267,1709
992,1710
546,1710
457,1711
664,1713
15,1714
217,1715
674,1716
813,1717
127,1719
669,1719
125,1721
227,1724
469,1724
706,1724
565,1725
533,1725
881,1726
410,1727
34,1727
727,1730
21,1730
700,1730
393,1733
443,1734
890,1736
760,1736
976,1736
957,1738
27,1738
639,1740
954,1744
278,1746
821,1748
175,1749
649,1750
33,1751
587,1753
454,1753
904,1756
773,1757
249,1758
218,1759
374,1759
532,1760
285,1761
345,1762
236,1765
205,1766
911,1767
470,1767
202,1770
368,1771
497,1771
413,1772
979,1773
128,1774
19,1775
672,1777
95,1780
347,1784
447,1785
743,1785
865,1788
203,1788
796,1793
473,1793
792,1794
869,1798
579,1799
185,1804
961,1804
183,1804
17,1806
833,1809
380,1813
192,1815
86,1818
685,1820
142,1821
233,1826
933,1827
292,1831
932,1837
140,1843
668,1843
939,1844
29,1846
138,1848
277,1848
55,1849
207,1850
139,1850
673,1851
969,1859
595,1859
200,1865
600,1865
388,1869
970,1871
209,1872
545,1873
548,1873
254,1874
611,1875
97,1875
695,1879
50,1882
591,1883
656,1883
891,1885
493,1886
245,1886
440,1887
663,1887
57,1890
573,1893
26,1893
761,1894
994,1894
417,1895
358,1900
704,1903
104,1903
785,1904
194,1904
399,1906
711,1906
713,1908
121,1911
543,1913
321,1914
176,1914
520,1915
818,1917
418,1920
118,1924
526,1925
965,1926
810,1928
389,1932
169,1934
36,1936
323,1937
848,1939
938,1940
39,1941
959,1942
722,1944
436,1946
49,1946
60,1948
744,1948
460,1949
888,1950
190,1951
653,1953
106,1954
37,1957
134,1959
44,1960
953,1961
89,1961
363,1963
492,1966
974,1970
247,1971
437,1972
425,1974
725,1974
87,1979
913,1981
391,1982
909,1985
537,1991
571,1996
759,2000
622,2002
269,2005
407,2021
315,2024
268,2028
503,2031
795,2031
927,2032
271,2032
293,2034
93,2038
262,2039
803,2044
737,2044
962,2047
855,2055
943,2055
76,2060
648,2061
41,2062
157,2063
948,2064
362,2065
775,2067
646,2070
658,2070
124,2074
907,2077
378,2079
206,2082
488,2083
973,2088
92,2090
109,2090
483,2090
631,2091
878,2097
70,2105
266,2109
655,2116
534,2116
150,2117
899,2118
77,2118
102,2121
839,2123
148,2123
718,2125
897,2127
934,2129
698,2131
116,2134
428,2136
799,2136
958,2137
999,2137
735,2139
335,2143
898,2148
177,2150
654,2153
468,2158
421,2163
892,2170
752,2181
947,2181
768,2182
156,2186
424,2201
975,2205
652,2207
767,2211
324,2212
750,2212
670,2216
633,2216
182,2219
916,2224
829,2227
612,2235
7,2238
188,2240
681,2242
18,2246
385,2250
343,2250
305,2263
524,2264
258,2264
149,2266
814,2270
895,2271
8,2272
588,2278
446,2283
402,2286
644,2291
376,2294
692,2294
239,2299
482,2300
303,2303
599,2305
872,2305
929,2309
302,2309
360,2312
113,2318
515,2326
636,2328
561,2329
462,2330
319,2350
84,2351
75,2355
877,2366
763,2368
724,2381
370,2384
868,2386
322,2394
307,2396
404,2400
894,2406
68,2409
905,2412
827,2421
602,2423
560,2426
333,2437
83,2437
298,2438
949,2440
871,2450
853,2452
978,2453
834,2471
875,2472
769,2474
971,2474
908,2481
46,2482
751,2485
811,2487
642,2488
420,2505
592,2510
144,2511
300,2513
873,2516
514,2525
130,2540
441,2541
101,2550
889,2554
666,2554
461,2559
91,2577
329,2585
942,2585
96,2597
165,2599
477,2600
582,2611
161,2620
452,2622
937,2627
590,2632
10,2634
918,2644
240,2645
575,2650
260,2661
562,2664
608,2665
915,2686
802,2703
614,2718
985,2721
6,2735
45,2735
886,2739
458,2775
261,2783
844,2788
836,2793
835,2796
507,2801
584,2802
281,2806
501,2818
58,2824
709,2824
208,2832
819,2834
306,2835
56,2864
607,2867
703,2868
339,2916
82,2950
597,2953
823,2965
926,2977
490,2983
808,2989
990,2992
887,3006
955,3006
499,3009
1000,3041
627,3042
405,3043
989,3060
732,3078
880,3078
530,3083
54,3129
273,3165
731,3183
474,3191
392,3203
250,3209
846,3215
237,3215
619,3229
255,3235
983,3282
166,3295
449,3312
401,3327
309,3364
174,3376
31,3402
286,3425
354,3430
876,3454
613,3458
523,3478
228,3529
641,3549
455,3559
433,3576
85,3581
788,3625
557,3678
340,3708
509,3776
707,3787
804,3813
809,3823
675,3872
966,3931
786,4024
688,4044
126,4077
550,4190
845,4274
686,4547

simblock.block.ProofOfWorkBlock@719d2c55:84
784,0
687,156
917,213
692,308
456,363
575,366
289,425
436,444
305,457
384,481
189,493
667,500
871,512
186,520
476,526
243,539
423,556
68,568
320,576
458,577
532,586
870,592
379,601
438,610
915,613
993,626
875,635
722,643
743,644
29,648
929,648
182,663
526,665
294,666
565,668
542,672
590,680
671,685
857,691
644,694
234,694
193,699
705,701
996,701
979,704
485,705
965,708
268,718
573,720
375,724
148,726
920,727
976,730
223,731
108,735
67,741
258,744
849,746
467,750
528,753
695,757
890,757
597,757
39,757
689,758
385,761
471,761
281,762
54,762
838,764
374,766
368,774
925,778
442,783
359,783
770,783
240,785
944,786
489,790
916,796
242,798
851,799
394,800
778,806
534,811
903,811
992,815
24,817
665,817
789,817
821,818
355,819
297,819
685,821
49,821
296,822
312,823
947,823
942,823
383,823
800,827
781,828
524,830
345,833
531,837
464,839
713,841
852,842
769,842
928,843
612,844
333,845
487,850
118,854
149,855
256,855
204,855
21,856
63,856
130,857
828,858
164,860
8,862
145,862
295,868
886,869
908,869
222,873
412,874
205,874
818,875
30,876
316,877
239,878
217,879
505,879
420,880
608,880
431,880
231,881
123,881
350,881
109,881
263,882
184,883
938,884
418,885
912,886
283,888
758,890
595,892
797,893
756,895
881,897
518,897
210,899
96,900
957,900
440,901
324,903
5,903
581,903
23,903
811,904
861,906
482,906
499,907
865,907
352,910
393,910
328,911
59,911
962,911
151,911
640,913
271,913
323,914
208,915
74,915
203,916
552,917
972,918
422,918
535,919
88,919
56,919
460,919
497,921
75,930
609,931
13,931
698,931
19,931
902,932
357,933
99,933
664,934
766,935
755,935
813,935
372,936
398,936
988,937
453,937
879,937
473,938
15,938
737,939
969,939
363,940
727,940
501,940
628,943
415,945
893,946
405,947
176,947
343,948
662,949
757,952
177,952
124,952
537,953
360,954
342,955
599,956
519,956
274,956
79,957
541,958
982,959
461,960
106,960
300,960
70,963
198,963
620,964
793,964
262,965
833,969
218,969
631,969
163,969
494,970
836,971
591,972
731,972
773,972
380,973
754,973
587,973
882,973
561,973
998,974
81,974
570,975
116,976
475,976
975,976
503,977
153,977
443,978
498,981
143,981
615,982
937,982
888,985
257,987
948,988
25,990
872,990
233,991
546,992
128,992
827,994
17,994
835,995
945,995
710,996
760,996
997,996
102,997
439,999
520,1001
830,1001
490,1002
150,1002
545,1003
730,1005
407,1005
858,1006
115,1007
309,1008
961,1009
90,1010
387,1010
92,1010
819,1011
585,1011
562,1011
42,1012
672,1013
313,1013
307,1013
48,1013
746,1015
301,1015
214,1016
668,1017
655,1017
582,1018
275,1019
200,1019
985,1020
854,1020
366,1020
669,1021
147,1023
93,1025
856,1025
924,1025
465,1026
715,1026
69,1026
521,1028
491,1028
579,1028
469,1028
958,1028
700,1028
866,1029
292,1029
187,1029
840,1031
190,1032
522,1032
681,1033
693,1033
1000,1033
134,1034
717,1034
868,1034
885,1037
31,1037
543,1038
618,1038
298,1038
832,1040
921,1040
33,1042
846,1043
708,1044
751,1044
280,1046
260,1046
824,1048
706,1051
704,1052
77,1052
663,1053
653,1055
994,1056
448,1056
904,1058
569,1058
622,1058
517,1059
277,1061
725,1063
466,1064
82,1064
416,1064
984,1065
775,1065
338,1066
654,1067
548,1068
104,1068
673,1068
284,1068
791,1069
89,1069
326,1069
555,1070
34,1070
648,1072
515,1072
897,1072
10,1077
251,1078
183,1079
779,1079
457,1079
347,1080
170,1081
574,1081
747,1081
179,1081
790,1082
12,1083
632,1084
488,1084
129,1084
914,1084
391,1085
798,1086
817,1087
990,1087
605,1088
172,1088
641,1088
18,1088
645,1091
427,1091
424,1092
507,1093
960,1094
598,1094
267,1095
459,1098
246,1098
127,1099
951,1101
32,1104
682,1104
907,1105
684,1105
353,1106
604,1106
209,1107
229,1109
329,1109
759,1111
941,1111
278,1112
389,1113
191,1113
158,1115
714,1116
712,1116
483,1118
52,1120
117,1121
155,1123
940,1123
973,1124
739,1125
869,1128
963,1131
173,1132
950,1132
55,1133
447,1133
999,1134
154,1135
41,1136
932,1137
576,1137
336,1138
864,1138
40,1140
165,1140
853,1141
814,1141
318,1143
358,1145
111,1148
470,1148
767,1150
419,1151
1,1152
718,1153
761,1153
516,1155
435,1155
624,1156
740,1157
748,1160
377,1161
213,1161
451,1162
194,1162
249,1163
745,1164
729,1164
955,1166
777,1166
906,1167
330,1168
603,1169
468,1169
180,1170
839,1171
794,1172
159,1177
560,1179
202,1180
244,1184
617,1187
959,1188
829,1190
87,1191
71,1192
162,1194
83,1194
728,1198
701,1201
970,1202
337,1203
72,1203
291,1204
935,1205
247,1206
400,1207
16,1207
831,1208
236,1210
53,1211
376,1213
139,1218
207,1223
782,1225
38,1226
477,1229
939,1232
621,1234
252,1234
764,1235
771,1235
201,1241
408,1247
168,1249
410,1250
558,1250
954,1254
910,1255
634,1255
639,1256
434,1257
629,1258
211,1259
847,1260
554,1262
826,1262
85,1263
776,1263
259,1264
137,1273
11,1274
125,1274
674,1275
787,1275
867,1276
529,1277
625,1278
825,1278
378,1279
206,1281
919,1286
430,1287
110,1287
361,1290
196,1292
14,1295
697,1296
680,1297
272,1299
367,1305
792,1305
711,1306
602,1306
287,1307
650,1308
317,1309
51,1309
61,1310
538,1312
195,1314
135,1315
657,1316
815,1317
94,1318
816,1319
508,1321
403,1321
160,1321
248,1323
842,1323
409,1324
553,1325
980,1325
812,1327
696,1328
481,1328
765,1329
559,1330
511,1334
774,1336
860,1337
219,1339
224,1340
536,1341
454,1342
533,1347
22,1348
2,1348
346,1349
593,1349
486,1349
971,1349
539,1351
506,1352
426,1353
181,1354
132,1356
232,1359
62,1360
496,1362
484,1365
783,1370
651,1370
977,1371
282,1373
661,1375
131,1375
911,1377
901,1378
540,1381
112,1382
610,1383
371,1384
677,1385
308,1386
799,1387
227,1392
734,1393
66,1398
659,1400
995,1402
987,1406
276,1407
414,1407
981,1408
199,1408
216,1410
547,1411
859,1411
749,1413
721,1418
690,1419
463,1424
742,1425
807,1425
146,1426
413,1430
567,1432
141,1432
185,1433
946,1434
513,1435
724,1443
601,1444
450,1446
444,1447
98,1447
304,1447
551,1448
930,1449
986,1452
122,1456
723,1459
638,1460
931,1462
279,1463
616,1466
78,1466
28,1469
504,1470
344,1476
679,1479
989,1479
432,1483
120,1483
290,1483
100,1483
637,1485
837,1487
311,1488
171,1489
623,1490
178,1491
212,1496
702,1496
445,1496
382,1497
874,1498
820,1499
586,1499
331,1500
594,1502
527,1506
580,1507
738,1509
719,1512
492,1514
563,1514
964,1518
351,1520
863,1520
720,1520
225,1521
647,1521
843,1522
140,1522
556,1522
429,1524
253,1525
325,1528
900,1531
613,1533
564,1534
166,1538
703,1545
64,1546
4,1549
566,1553
883,1557
619,1558
238,1562
406,1565
892,1566
192,1566
356,1567
923,1568
678,1577
396,1580
649,1581
388,1582
327,1587
956,1587
896,1588
103,1596
285,1598
571,1604
188,1609
844,1610
577,1613
226,1618
635,1618
862,1620
3,1622
688,1623
27,1625
349,1630
107,1632
611,1633
841,1635
73,1637
495,1640
630,1644
803,1646
245,1646
255,1647
474,1649
386,1651
126,1653
369,1653
786,1654
373,1654
670,1657
265,1658
796,1659
47,1660
402,1665
922,1667
235,1669
478,1671
411,1672
362,1673
133,1674
322,1674
321,1676
525,1677
341,1677
716,1677
315,1681
452,1681
884,1682
425,1685
675,1686
967,1689
694,1690
732,1690
334,1694
606,1694
142,1695
753,1695
348,1696
35,1697
633,1699
834,1701
666,1701
261,1710
895,1711
949,1720
364,1722
86,1725
686,1726
905,1735
472,1736
44,1737
991,1741
736,1742
241,1749
421,1752
592,1754
57,1763
119,1766
741,1766
909,1766
493,1766
152,1771
45,1783
401,1785
627,1792
544,1793
365,1796
286,1797
230,1799
768,1800
549,1800
310,1807
845,1808
156,1810
933,1811
676,1814
588,1815
91,1815
354,1818
656,1818
395,1821
913,1826
65,1827
968,1829
80,1829
806,1830
772,1833
643,1841
332,1841
752,1845
805,1847
822,1847
646,1851
683,1860
514,1863
855,1865
691,1866
952,1868
572,1880
303,1882
642,1884
175,1895
898,1904
397,1907
801,1923
340,1930
113,1930
658,1931
810,1941
848,1953
60,1962
500,1963
437,1963
927,1963
339,1964
58,1971
873,1974
220,1975
583,1977
735,1982
167,1982
266,1985
978,1989
84,1989
9,1994
197,2000
314,2000
891,2002
381,2002
370,2004
114,2005
596,2011
221,2017
974,2023
887,2025
918,2027
780,2037
157,2038
762,2040
502,2041
390,2049
392,2049
76,2050
269,2066
850,2067
161,2068
306,2073
293,2093
795,2094
804,2096
808,2100
785,2110
943,2125
479,2133
250,2143
462,2147
733,2150
744,2156
626,2176
568,2177
589,2183
136,2190
523,2190
763,2197
36,2209
174,2213
557,2217
510,2219
652,2245
335,2246
788,2252
273,2262
144,2292
934,2303
578,2305
802,2320
138,2324
809,2343
607,2346
699,2346
530,2351
726,2362
43,2364
877,2377
889,2380
966,2386
264,2389
823,2406
50,2440
399,2444
121,2465
95,2480
105,2488
707,2497
404,2498
299,2516
636,2527
878,2529
899,2534
936,2535
600,2538
270,2539
876,2602
441,2637
449,2661
660,2668
709,2677
894,2677
446,2692
512,2705
880,2751
433,2774
550,2774
953,2782
237,2805
97,2811
169,2827
926,2840
480,2875
750,2887
6,2936
509,2966
7,2972
37,3032
288,3045
215,3058
254,3095
417,3113
20,3188
302,3276
101,3309
428,3332
455,3340
26,3378
319,3627
228,3629
584,3661
614,3927
46,3970
983,4313

simblock.block.ProofOfWorkBlock@7c9a28ea:84
173,0
606,219
601,301
114,384
651,459
1,472
9,519
355,543
426,560
400,600
987,609
11,632
883,642
331,683
415,689
201,692
294,699
381,717
226,724
847,742
252,760
112,772
568,774
365,777
444,786
480,786
995,805
108,826
519,826
721,826
472,844
132,852
196,858
152,858
282,861
346,870
874,877
993,899
330,903
753,908
220,908
906,911
137,912
529,913
525,913
435,927
841,935
450,943
734,945
212,947
980,949
54,957
23,958
567,961
219,961
812,978
314,989
578,990
850,991
432,992
837,993
690,994
691,997
896,999
94,1008
189,1009
117,1011
702,1020
311,1027
390,1027
265,1034
447,1036
171,1038
141,1043
733,1045
106,1046
842,1047
626,1051
496,1060
40,1062
272,1072
625,1075
595,1077
539,1077
72,1077
356,1080
291,1083
825,1084
657,1085
648,1085
445,1085
35,1086
181,1088
511,1091
3,1095
516,1095
160,1096
408,1101
66,1111
577,1116
572,1118
369,1118
683,1122
396,1127
821,1127
197,1127
643,1131
919,1133
554,1133
483,1134
351,1135
185,1135
62,1137
100,1138
745,1138
922,1144
120,1146
136,1147
479,1153
216,1155
341,1160
270,1160
65,1161
175,1162
764,1162
299,1162
742,1167
384,1168
334,1168
629,1169
762,1169
386,1171
765,1176
680,1182
22,1182
780,1190
451,1190
133,1195
616,1195
776,1198
235,1199
122,1203
259,1207
288,1210
638,1210
540,1212
749,1212
977,1216
327,1218
395,1219
677,1220
279,1220
232,1220
368,1221
225,1221
98,1223
533,1226
676,1226
504,1227
816,1228
506,1229
662,1231
563,1232
610,1235
224,1237
720,1239
107,1243
921,1244
373,1249
52,1250
556,1252
719,1255
406,1255
583,1256
253,1260
24,1260
865,1260
69,1263
317,1265
481,1269
835,1270
502,1271
51,1274
544,1277
697,1278
990,1280
730,1283
891,1288
14,1290
547,1291
500,1293
948,1295
168,1295
495,1295
684,1297
647,1299
349,1300
559,1304
787,1305
162,1306
310,1307
264,1308
815,1309
951,1309
287,1311
397,1311
486,1311
353,1313
494,1314
723,1314
970,1314
661,1315
510,1315
553,1321
403,1321
973,1321
17,1322
248,1323
276,1324
178,1326
910,1327
831,1330
238,1331
180,1333
726,1335
566,1335
78,1336
2,1339
103,1342
247,1343
755,1343
549,1343
73,1347
756,1348
573,1349
736,1351
701,1353
862,1353
309,1353
829,1354
80,1356
151,1357
777,1358
674,1359
586,1360
766,1360
146,1368
936,1368
223,1372
806,1374
371,1375
535,1377
986,1377
901,1377
131,1378
348,1380
593,1382
244,1382
826,1383
939,1385
694,1385
964,1388
659,1388
430,1388
738,1389
822,1390
27,1390
872,1392
570,1393
382,1393
513,1394
304,1397
308,1397
123,1397
184,1398
820,1401
569,1405
109,1405
998,1409
792,1409
870,1409
772,1412
729,1413
630,1413
377,1415
420,1418
801,1419
463,1421
863,1424
716,1427
981,1433
211,1434
332,1435
110,1437
681,1437
210,1438
194,1439
324,1440
695,1440
361,1441
833,1441
774,1441
991,1442
952,1442
859,1443
429,1445
208,1445
267,1445
527,1447
678,1449
357,1454
930,1455
532,1455
352,1456
861,1457
454,1460
699,1460
427,1463
796,1465
931,1465
411,1469
478,1469
318,1470
580,1471
64,1471
696,1471
538,1476
61,1479
38,1479
692,1483
115,1483
635,1484
840,1485
827,1486
63,1486
466,1486
438,1487
484,1490
867,1491
884,1491
789,1492
967,1493
923,1495
4,1497
653,1498
497,1502
591,1506
170,1508
731,1508
34,1508
605,1509
594,1510
708,1512
347,1514
193,1515
712,1516
323,1521
32,1523
551,1524
227,1524
564,1524
460,1526
536,1526
807,1526
679,1528
890,1530
744,1530
42,1535
398,1538
589,1539
665,1540
856,1543
754,1544
364,1544
852,1545
424,1548
43,1549
512,1549
855,1551
698,1553
596,1554
186,1554
972,1555
650,1556
92,1556
410,1559
471,1565
830,1566
367,1568
705,1568
246,1568
935,1571
634,1574
241,1575
394,1575
105,1576
214,1576
167,1576
1000,1578
992,1580
239,1582
409,1584
860,1586
470,1588
622,1590
442,1591
39,1592
718,1593
147,1594
71,1595
21,1595
47,1597
366,1597
560,1597
84,1600
344,1601
222,1602
621,1607
221,1608
654,1609
301,1611
190,1612
758,1614
908,1614
468,1615
204,1615
266,1615
669,1617
751,1618
337,1624
88,1624
609,1624
83,1628
56,1629
944,1630
345,1631
947,1632
722,1632
135,1633
741,1634
714,1635
275,1637
579,1637
868,1639
893,1642
794,1642
258,1643
33,1646
465,1652
517,1654
617,1655
249,1656
717,1658
234,1658
866,1658
956,1660
667,1660
102,1662
325,1662
350,1662
313,1664
805,1665
528,1665
531,1666
894,1667
832,1667
124,1667
87,1672
383,1674
603,1674
191,1674
467,1675
260,1681
871,1681
618,1682
199,1682
911,1684
93,1687
818,1688
689,1689
925,1690
70,1691
704,1692
576,1693
192,1693
710,1694
945,1695
300,1698
957,1702
74,1705
555,1706
858,1707
457,1707
482,1709
217,1712
177,1714
882,1714
280,1714
728,1715
200,1716
819,1717
526,1717
537,1717
915,1718
456,1721
932,1722
422,1724
296,1727
28,1728
389,1728
448,1729
982,1730
159,1731
640,1734
236,1734
713,1735
77,1736
608,1740
969,1741
295,1742
813,1743
508,1743
283,1751
99,1752
174,1753
134,1756
187,1763
767,1764
119,1765
671,1766
965,1768
800,1768
15,1769
289,1770
29,1770
759,1770
938,1771
251,1774
869,1775
940,1780
853,1784
524,1785
206,1785
994,1792
879,1792
839,1793
988,1796
372,1796
490,1796
711,1802
261,1803
461,1804
195,1804
434,1804
358,1805
706,1805
984,1806
476,1807
453,1807
284,1807
624,1809
771,1810
958,1810
10,1811
682,1812
277,1814
5,1814
522,1816
633,1817
55,1819
86,1825
343,1827
552,1830
933,1831
778,1832
917,1834
663,1835
864,1836
202,1837
485,1837
229,1838
941,1839
954,1840
885,1840
846,1840
888,1841
385,1844
268,1846
914,1849
209,1851
473,1852
558,1853
443,1854
798,1856
904,1862
976,1866
316,1866
428,1866
18,1871
773,1872
814,1873
541,1875
545,1876
76,1877
996,1879
440,1882
795,1883
849,1884
380,1884
205,1886
709,1887
82,1888
233,1890
851,1890
838,1891
436,1892
750,1897
968,1898
157,1899
213,1901
31,1902
489,1903
57,1905
85,1905
881,1905
285,1907
281,1909
469,1913
597,1916
19,1918
8,1922
130,1924
587,1926
642,1927
328,1929
475,1930
245,1931
116,1933
953,1936
887,1939
757,1940
909,1942
79,1943
419,1946
439,1948
433,1956
312,1957
378,1959
565,1959
163,1960
290,1961
407,1963
584,1964
75,1968
520,1968
619,1968
783,1969
763,1970
781,1971
903,1973
6,1975
666,1978
672,1979
960,1980
505,1980
501,1982
156,1982
518,1985
336,1985
143,1987
503,1988
687,1989
857,1999
431,2001
182,2003
963,2012
111,2013
176,2016
154,2017
129,2018
477,2020
149,2021
302,2022
748,2023
523,2023
49,2024
975,2027
614,2027
920,2029
700,2031
639,2032
46,2036
342,2036
499,2039
575,2045
164,2046
118,2046
90,2051
142,2056
379,2058
811,2060
412,2060
121,2060
844,2065
693,2067
828,2067
775,2069
376,2075
67,2079
949,2079
928,2081
257,2082
636,2082
760,2084
441,2085
546,2086
491,2088
172,2092
144,2101
912,2103
550,2104
628,2110
793,2113
493,2114
321,2116
59,2121
30,2125
895,2126
425,2126
50,2130
488,2132
747,2132
418,2135
387,2137
799,2140
255,2144
139,2145
959,2148
81,2151
823,2152
985,2152
582,2154
735,2155
326,2157
230,2162
507,2164
950,2165
997,2167
416,2169
165,2174
307,2180
437,2182
421,2185
68,2187
44,2190
770,2190
338,2195
375,2197
656,2198
581,2198
423,2198
542,2200
446,2203
25,2205
886,2205
899,2207
646,2208
198,2213
739,2215
989,2216
876,2218
150,2220
905,2221
127,2224
660,2225
607,2232
487,2237
388,2239
999,2242
263,2248
971,2252
96,2252
655,2255
752,2257
12,2259
271,2266
58,2266
333,2266
779,2287
631,2289
20,2290
391,2295
632,2296
574,2312
278,2313
962,2314
91,2317
561,2325
620,2327
363,2328
834,2328
459,2331
183,2334
761,2349
449,2350
644,2354
943,2360
320,2363
670,2367
652,2374
402,2375
60,2377
641,2380
128,2381
612,2381
673,2382
604,2390
399,2399
961,2401
303,2406
571,2407
613,2414
329,2418
769,2418
688,2421
746,2428
462,2429
934,2432
889,2438
464,2440
305,2441
26,2449
362,2454
269,2455
417,2458
649,2459
929,2461
611,2470
598,2470
179,2473
298,2488
145,2499
515,2502
359,2504
354,2506
727,2508
557,2521
602,2524
737,2532
743,2538
7,2541
802,2545
937,2558
292,2560
703,2564
782,2578
600,2589
562,2592
360,2593
374,2598
231,2601
498,2615
543,2619
138,2623
97,2625
707,2627
254,2630
817,2637
188,2641
791,2649
242,2651
955,2672
724,2675
902,2677
297,2683
637,2686
942,2694
836,2697
492,2698
392,2707
588,2708
790,2713
585,2751
89,2766
104,2775
306,2779
797,2779
36,2795
13,2798
740,2801
913,2814
875,2815
785,2842
16,2853
458,2862
715,2868
924,2871
340,2879
803,2883
907,2883
370,2888
243,2889
788,2898
319,2900
521,2905
854,2930
335,2933
274,2941
53,2952
900,2956
590,2978
848,2983
218,2991
240,3027
95,3032
668,3044
158,3056
664,3059
592,3065
148,3104
203,3115
262,3132
809,3136
273,3138
322,3155
897,3170
474,3189
256,3195
530,3202
41,3204
615,3221
599,3223
927,3231
393,3280
286,3286
548,3291
978,3294
627,3301
534,3351
946,3369
810,3371
878,3387
732,3405
880,3424
405,3436
873,3444
237,3483
169,3487
916,3532
293,3536
101,3539
45,3545
315,3551
339,3634
843,3637
918,3668
983,3680
404,3694
250,3742
768,3747
804,3787
974,3788
401,3799
966,3805
161,3882
155,3897
455,3916
845,3937
898,3942
37,3989
675,3999
658,4028
926,4044
166,4050
892,4051
509,4185
877,4245
808,4293
126,4299
140,4422
686,4447
452,4494
228,4695
215,4742
786,4948

simblock.block.ProofOfWorkBlock@757ae0cd:84
554,0
4,216
330,299
661,381
155,450
110,472
435,536
659,618
453,645
762,700
313,819
358,873
159,1006
706,1048
281,1181
737,1242
333,1355
202,1415
213,1591
405,1601
604,1772
905,1852
277,1952
646,2101
323,2131
116,2317
142,2350
483,2507
509,2602
186,2688
474,2891
799,3129
802,3383
370,3632

simblock.block.ProofOfWorkBlock@e09b452:85
570,0
838,150
27,206
59,267
872,301
543,324
277,355
940,357
42,386
942,413
127,413
326,416
74,444
618,455
856,470
522,471
431,472
313,474
190,500
740,507
971,508
67,515
443,529
853,530
31,531
118,536
669,537
573,557
868,564
962,565
945,565
89,566
915,571
206,576
427,586
419,588
234,594
83,595
637,595
598,596
902,608
727,613
16,620
881,622
323,623
526,623
33,623
418,624
491,627
179,633
778,634
85,635
963,645
54,647
338,651
471,652
115,652
528,652
832,657
672,658
537,661
102,664
508,679
760,679
821,679
857,679
366,680
233,681
818,681
965,682
773,683
410,686
590,686
503,687
468,688
893,691
517,692
585,694
685,702
648,703
984,707
438,708
982,708
239,708
640,709
715,710
767,714
602,714
154,715
631,716
645,716
612,718
30,727
938,728
851,729
465,734
146,736
975,737
990,738
664,738
524,738
467,739
475,740
791,741
483,741
324,743
389,743
440,747
769,747
456,749
858,749
490,750
5,750
448,755
955,756
333,759
673,763
198,764
888,767
535,767
145,768
871,768
8,769
501,770
758,773
929,773
283,774
854,775
948,775
90,776
728,776
159,778
151,779
258,780
756,783
104,783
961,784
561,785
653,785
941,786
407,787
342,788
251,791
558,793
718,796
628,797
99,797
947,798
458,799
839,799
10,800
305,801
163,802
972,803
811,803
416,805
622,806
560,808
609,809
205,812
819,813
576,815
632,816
298,816
970,818
274,819
548,819
384,823
604,825
439,825
195,826
886,827
973,828
204,828
507,829
148,829
907,830
29,830
925,832
236,832
21,833
663,833
499,833
394,834
711,834
460,834
164,835
229,836
473,836
247,836
307,838
109,838
779,838
532,839
798,840
139,840
376,840
246,842
595,843
542,843
297,844
950,845
350,846
757,846
153,846
615,849
979,850
882,852
385,852
88,853
12,854
357,855
106,856
262,857
993,857
797,858
453,858
150,859
599,859
17,860
167,861
466,862
579,864
320,865
885,865
476,867
257,868
87,869
278,869
149,869
890,870
329,872
260,872
582,874
379,875
866,876
739,876
336,877
639,879
223,881
976,882
457,884
641,885
19,885
300,885
68,885
992,886
442,886
281,886
268,887
849,888
378,888
96,889
209,890
222,890
295,890
682,890
387,891
13,891
240,891
470,892
574,893
748,893
275,895
743,895
695,895
725,896
687,896
827,897
531,897
412,897
546,899
644,899
200,901
534,901
737,902
487,903
377,904
781,904
817,904
920,904
301,905
351,906
744,907
813,908
704,909
864,909
988,909
583,910
775,911
833,912
208,914
731,915
840,916
289,916
667,917
360,917
459,918
15,918
722,918
62,919
343,919
498,919
24,921
654,922
383,922
828,922
783,923
708,923
177,924
185,924
520,925
951,926
928,927
655,927
908,928
316,929
605,929
292,929
957,930
128,931
347,931
497,933
836,934
924,934
469,936
969,937
770,939
422,940
759,940
372,941
217,941
904,944
130,945
267,945
393,946
165,947
271,948
123,948
521,949
914,949
591,950
202,950
218,951
518,952
368,952
996,952
620,952
754,953
944,954
380,954
865,955
852,955
869,955
692,956
879,956
337,956
485,957
552,957
1000,957
917,958
587,958
53,959
242,961
374,963
679,966
665,966
985,966
624,967
391,967
152,968
420,968
789,969
681,969
875,971
63,971
705,971
147,972
352,973
959,975
515,975
698,975
814,976
489,976
671,978
182,980
280,980
434,981
56,981
565,982
210,982
363,983
77,983
398,985
461,985
18,986
800,986
793,988
328,989
464,989
143,990
436,991
597,991
203,992
359,993
75,993
212,995
39,995
41,997
824,998
816,998
111,998
134,1000
662,1000
93,1002
230,1003
706,1003
960,1005
994,1007
897,1007
581,1007
689,1008
82,1008
608,1009
729,1009
713,1009
782,1010
125,1011
958,1011
124,1012
345,1013
807,1014
1,1015
916,1016
70,1016
194,1018
717,1018
999,1020
488,1020
193,1027
747,1028
766,1029
25,1031
603,1033
912,1034
700,1034
48,1034
69,1034
710,1034
214,1037
730,1038
263,1038
861,1039
79,1039
414,1043
175,1043
505,1045
790,1045
183,1046
784,1047
172,1050
81,1050
312,1051
677,1053
158,1053
201,1055
511,1055
187,1060
536,1060
180,1062
34,1063
100,1063
746,1064
55,1064
290,1065
693,1067
424,1067
932,1068
575,1072
937,1072
176,1073
651,1074
954,1076
375,1077
14,1078
736,1079
409,1082
170,1088
249,1091
49,1091
213,1091
601,1091
400,1091
997,1092
186,1094
92,1096
787,1096
66,1098
256,1102
562,1109
129,1110
794,1111
224,1115
71,1116
226,1117
859,1118
714,1121
344,1123
317,1124
296,1125
745,1128
220,1128
846,1131
541,1133
309,1136
855,1137
304,1140
776,1142
411,1143
496,1144
116,1148
831,1149
365,1151
903,1152
423,1153
482,1155
252,1159
171,1162
900,1165
259,1165
231,1166
690,1168
812,1170
11,1171
699,1173
946,1177
936,1177
284,1180
830,1181
825,1182
616,1182
105,1183
850,1186
610,1187
701,1188
73,1188
544,1189
870,1190
826,1191
559,1192
911,1192
358,1193
764,1198
986,1201
330,1202
835,1206
480,1206
564,1207
227,1209
843,1211
199,1211
47,1213
294,1213
657,1215
625,1215
28,1217
117,1219
241,1219
577,1220
502,1224
617,1225
741,1226
120,1227
513,1229
494,1229
762,1230
80,1232
680,1233
197,1233
792,1234
447,1235
538,1237
884,1238
506,1239
822,1240
995,1244
381,1245
112,1245
463,1245
243,1245
450,1246
761,1247
533,1249
371,1250
734,1252
288,1252
3,1252
332,1258
361,1259
841,1261
43,1262
696,1262
264,1263
638,1264
98,1265
545,1265
556,1266
108,1266
568,1268
981,1269
272,1276
780,1277
964,1278
331,1280
569,1287
122,1290
967,1290
774,1290
863,1293
349,1295
140,1296
684,1296
572,1297
355,1298
650,1299
481,1302
931,1303
340,1303
751,1304
64,1307
382,1307
910,1307
589,1312
593,1313
155,1313
413,1314
923,1314
563,1314
697,1321
883,1322
221,1322
348,1322
668,1323
270,1325
291,1329
168,1331
678,1332
65,1334
504,1335
939,1336
454,1336
173,1341
554,1342
103,1344
219,1345
484,1346
61,1346
135,1350
702,1352
346,1352
279,1353
189,1354
432,1354
991,1356
114,1359
676,1360
191,1361
325,1361
606,1362
567,1363
94,1368
386,1375
451,1376
2,1377
891,1378
238,1378
373,1380
594,1380
547,1381
207,1388
634,1388
334,1388
160,1391
72,1392
586,1393
38,1393
211,1394
719,1397
842,1397
596,1399
472,1400
815,1406
435,1407
341,1408
968,1409
580,1410
486,1412
935,1414
429,1416
755,1416
287,1420
987,1421
367,1423
133,1428
22,1429
137,1432
896,1435
519,1435
181,1437
862,1437
549,1438
408,1440
364,1441
829,1445
369,1458
430,1461
78,1462
255,1464
425,1465
308,1469
716,1469
327,1471
956,1472
132,1473
390,1475
584,1478
785,1478
244,1481
742,1485
977,1487
395,1492
141,1496
318,1499
921,1500
282,1500
555,1502
765,1504
540,1505
913,1509
529,1511
396,1511
196,1518
353,1519
660,1520
45,1522
299,1522
500,1523
51,1524
479,1525
659,1525
184,1529
388,1530
578,1531
753,1532
52,1533
356,1533
675,1534
525,1535
136,1535
588,1538
880,1538
310,1541
670,1541
683,1546
35,1548
646,1548
95,1550
40,1550
720,1551
901,1557
9,1560
980,1563
110,1566
510,1567
516,1567
847,1567
248,1569
415,1572
405,1578
397,1580
802,1586
922,1586
898,1587
930,1589
796,1590
426,1592
674,1593
694,1595
245,1596
322,1599
712,1600
404,1605
126,1607
23,1608
253,1611
444,1611
7,1614
225,1615
495,1619
909,1620
834,1621
455,1626
97,1638
919,1642
735,1642
433,1646
666,1647
402,1651
157,1654
635,1655
119,1657
178,1666
643,1676
311,1677
20,1677
557,1681
768,1681
50,1681
707,1684
276,1688
131,1689
874,1693
867,1695
452,1700
162,1700
895,1706
772,1707
216,1710
592,1711
6,1712
527,1712
799,1714
235,1715
445,1717
285,1718
876,1720
723,1721
566,1723
60,1725
286,1728
523,1729
303,1735
629,1740
998,1741
113,1745
933,1745
37,1748
493,1750
607,1752
623,1756
509,1757
44,1758
726,1759
642,1761
887,1762
733,1763
952,1766
810,1767
354,1768
777,1770
686,1772
319,1775
107,1781
237,1784
232,1786
156,1789
633,1790
820,1793
786,1793
795,1795
801,1803
273,1813
845,1814
636,1815
809,1821
771,1821
752,1824
823,1825
46,1829
228,1846
873,1850
721,1851
943,1855
803,1861
860,1862
161,1866
877,1873
688,1876
750,1878
905,1882
661,1889
449,1895
949,1896
474,1901
539,1912
478,1933
314,1934
806,1934
399,1953
269,1955
571,1963
91,1966
805,1967
621,1973
652,1975
703,1976
406,1981
763,1985
732,1992
265,1996
335,2000
192,2002
804,2004
339,2008
492,2017
36,2024
906,2027
953,2029
611,2041
709,2042
26,2047
649,2048
121,2062
837,2066
477,2068
76,2069
724,2073
144,2074
188,2076
553,2085
174,2096
899,2097
630,2103
749,2104
626,2105
392,2107
250,2113
978,2114
362,2132
421,2133
138,2145
512,2146
403,2161
550,2169
808,2176
878,2183
738,2245
989,2245
889,2252
647,2256
254,2261
321,2274
934,2274
551,2276
428,2281
613,2285
927,2287
446,2293
315,2300
691,2315
302,2325
215,2328
848,2328
266,2331
844,2335
983,2347
437,2357
370,2388
32,2415
600,2415
86,2417
918,2422
514,2447
4,2484
58,2523
293,2528
401,2534
619,2540
462,2560
441,2564
57,2569
166,2579
788,2614
926,2617
894,2635
417,2643
142,2649
974,2672
966,2730
101,2764
892,2771
530,2825
169,2828
306,2863
658,2916
656,2924
84,3069
261,3110
614,3160
627,3190

simblock.block.ProofOfWorkBlock@29466249:86
601,0
426,221
331,308
400,393
480,444
9,475
629,534
160,538
152,557
896,612
11,616
874,626
173,641
117,666
847,697
52,698
219,710
721,715
568,725
742,757
559,766
578,771
630,780
220,788
906,789
444,795
529,797
23,833
98,835
299,846
577,853
430,853
226,859
270,860
314,866
259,872
356,872
196,878
842,878
504,886
628,904
122,914
549,915
450,928
40,928
364,931
3,941
1,943
525,943
690,943
330,950
741,950
496,956
197,958
825,963
353,972
952,981
635,989
643,996
922,996
168,1000
826,1003
702,1008
132,1010
478,1011
310,1012
94,1017
516,1024
22,1026
883,1026
279,1029
816,1029
532,1030
445,1031
348,1033
108,1047
204,1049
733,1053
289,1056
262,1056
304,1057
241,1058
696,1058
64,1063
415,1071
390,1074
594,1074
221,1077
141,1078
381,1079
791,1081
112,1082
841,1084
540,1084
100,1090
308,1090
264,1092
556,1095
862,1096
606,1096
162,1097
651,1098
980,1099
137,1099
851,1108
765,1110
120,1111
463,1112
238,1113
553,1115
296,1115
539,1117
227,1131
114,1131
884,1133
683,1139
341,1141
395,1141
755,1145
764,1146
697,1146
593,1147
512,1149
349,1152
837,1159
212,1159
291,1161
661,1162
536,1162
694,1162
327,1163
294,1164
617,1166
500,1166
901,1169
489,1172
272,1173
822,1174
726,1174
554,1174
680,1175
495,1179
806,1180
987,1180
511,1188
580,1189
776,1190
317,1191
946,1193
252,1194
133,1195
638,1196
355,1197
664,1198
295,1199
720,1199
486,1201
92,1204
687,1204
982,1206
555,1207
451,1214
678,1218
210,1221
677,1222
135,1222
244,1227
548,1228
772,1228
564,1229
738,1229
991,1230
769,1230
31,1232
547,1233
753,1235
216,1236
528,1236
328,1237
863,1238
181,1243
201,1245
369,1245
346,1245
533,1246
701,1247
2,1250
749,1250
32,1251
429,1253
99,1254
948,1254
334,1255
232,1256
351,1257
361,1257
699,1259
494,1259
225,1259
870,1260
729,1260
365,1261
912,1261
566,1261
481,1262
551,1264
932,1265
792,1267
411,1267
155,1268
109,1268
383,1269
657,1270
65,1274
367,1274
623,1276
513,1280
910,1281
366,1281
396,1283
603,1284
110,1284
717,1288
731,1288
634,1288
757,1289
149,1290
527,1290
544,1291
235,1292
199,1293
852,1294
954,1295
626,1300
253,1300
625,1301
891,1304
373,1305
90,1305
332,1307
936,1309
74,1310
589,1310
993,1311
406,1311
62,1311
610,1313
762,1313
447,1313
47,1316
189,1317
472,1318
667,1318
382,1321
520,1321
618,1322
995,1323
265,1324
820,1324
986,1326
15,1328
672,1328
716,1329
73,1329
964,1330
170,1330
859,1331
519,1331
283,1331
78,1334
311,1334
659,1334
105,1336
723,1338
583,1339
61,1340
10,1340
676,1341
178,1343
596,1343
80,1344
850,1346
829,1346
318,1346
879,1347
297,1350
812,1351
921,1351
205,1351
758,1354
384,1354
591,1354
153,1355
807,1356
569,1356
506,1358
350,1368
908,1369
639,1369
919,1369
789,1373
29,1373
900,1373
861,1374
796,1375
997,1375
981,1376
471,1377
794,1379
274,1379
904,1379
967,1379
184,1381
482,1381
360,1381
14,1382
435,1383
202,1384
461,1384
736,1388
968,1388
996,1389
28,1389
408,1390
773,1391
423,1394
479,1394
125,1394
685,1395
572,1396
911,1398
691,1398
131,1398
959,1399
103,1399
648,1401
397,1402
930,1403
4,1403
718,1404
831,1404
719,1405
246,1406
784,1411
739,1411
432,1412
567,1415
436,1415
282,1415
935,1416
586,1417
403,1417
224,1418
483,1422
604,1424
923,1424
780,1425
774,1427
867,1429
175,1429
116,1430
977,1430
814,1431
288,1432
104,1432
468,1432
287,1432
526,1436
698,1436
488,1436
177,1439
307,1444
70,1446
93,1447
608,1447
440,1450
371,1451
139,1453
8,1457
771,1457
605,1458
558,1460
801,1460
176,1460
129,1460
136,1460
621,1462
218,1463
890,1465
359,1466
587,1466
222,1466
344,1466
704,1467
860,1472
35,1472
855,1473
484,1474
72,1475
248,1476
787,1477
563,1479
937,1481
538,1484
695,1485
915,1485
815,1486
107,1488
510,1489
163,1491
13,1491
276,1494
21,1496
647,1496
866,1497
111,1499
616,1500
722,1501
992,1502
198,1503
958,1503
59,1505
325,1506
517,1506
650,1507
180,1508
342,1509
693,1509
312,1510
290,1511
140,1512
745,1514
171,1515
491,1516
333,1516
200,1516
18,1517
438,1518
885,1519
179,1522
51,1522
759,1522
38,1523
209,1525
960,1526
805,1527
705,1527
63,1528
728,1528
165,1528
505,1530
821,1531
102,1532
30,1533
454,1534
811,1536
240,1536
424,1542
71,1543
267,1544
275,1548
712,1548
781,1549
684,1550
725,1550
412,1551
130,1553
984,1554
470,1555
858,1556
546,1558
42,1559
760,1564
469,1568
956,1571
203,1572
190,1573
746,1573
69,1574
620,1580
994,1580
456,1581
747,1581
12,1581
939,1584
66,1584
689,1585
562,1585
969,1589
247,1590
5,1591
256,1592
143,1592
182,1594
798,1594
211,1597
790,1597
734,1598
251,1599
386,1599
857,1601
167,1603
329,1605
146,1606
305,1610
524,1610
920,1612
654,1613
324,1617
128,1619
751,1621
231,1624
186,1625
612,1626
43,1631
985,1632
258,1633
375,1636
941,1637
409,1638
476,1638
515,1639
442,1640
817,1640
928,1641
622,1645
840,1647
579,1649
886,1652
407,1654
754,1656
414,1659
148,1659
782,1659
24,1659
767,1663
868,1665
419,1666
542,1669
931,1672
655,1672
236,1674
838,1675
575,1677
552,1677
96,1679
185,1681
854,1681
68,1681
907,1682
387,1682
374,1683
853,1684
85,1687
79,1689
217,1690
191,1691
257,1692
336,1695
77,1696
909,1696
849,1697
938,1698
545,1698
16,1699
416,1702
998,1704
945,1704
665,1708
309,1710
363,1711
674,1711
347,1712
576,1713
345,1719
448,1721
194,1722
119,1723
207,1724
748,1726
277,1728
507,1730
949,1730
169,1732
976,1733
944,1736
893,1737
585,1739
882,1740
940,1746
666,1751
82,1751
942,1751
756,1752
298,1754
777,1755
245,1756
398,1759
988,1760
316,1760
914,1761
278,1762
89,1765
88,1765
87,1766
48,1767
453,1767
833,1768
645,1769
497,1771
326,1771
570,1772
830,1772
828,1774
902,1778
493,1778
871,1779
619,1780
565,1784
856,1785
151,1786
740,1787
925,1788
460,1791
600,1791
467,1794
377,1795
632,1798
843,1800
899,1801
744,1802
827,1803
640,1805
933,1805
255,1808
864,1809
947,1812
33,1812
39,1813
663,1814
466,1820
473,1823
836,1827
434,1828
269,1830
431,1832
300,1832
975,1835
439,1835
41,1835
595,1836
437,1837
487,1845
999,1845
268,1847
775,1848
485,1851
86,1851
208,1853
118,1855
229,1856
670,1858
343,1859
354,1860
49,1862
983,1863
537,1863
761,1865
957,1868
700,1871
280,1872
242,1876
869,1877
615,1883
810,1884
75,1886
187,1888
502,1888
819,1889
970,1890
84,1894
799,1898
550,1898
582,1900
459,1900
905,1903
571,1903
352,1904
503,1905
56,1906
637,1912
490,1913
750,1914
441,1915
142,1924
147,1925
372,1925
898,1927
835,1928
273,1929
590,1933
50,1934
499,1936
158,1938
943,1941
888,1944
464,1947
706,1948
380,1951
669,1951
394,1952
76,1954
607,1954
848,1955
362,1956
1000,1957
477,1960
730,1961
887,1962
802,1964
393,1966
560,1968
523,1971
724,1972
115,1973
123,1974
876,1975
234,1982
763,1984
263,1986
793,1987
709,1988
972,1988
422,1989
214,1993
708,1997
903,2005
673,2008
457,2012
266,2015
498,2017
950,2017
127,2018
53,2019
261,2021
174,2023
55,2026
846,2026
358,2029
446,2029
285,2032
963,2033
584,2035
881,2036
714,2043
213,2044
927,2046
428,2047
385,2048
121,2049
391,2050
156,2051
124,2053
83,2062
679,2064
193,2064
260,2067
425,2070
611,2071
602,2074
192,2074
824,2074
518,2079
413,2079
990,2079
844,2083
427,2086
27,2088
157,2092
599,2100
800,2104
378,2104
509,2115
681,2115
418,2115
804,2116
711,2125
337,2127
530,2132
17,2133
872,2134
134,2134
34,2136
797,2140
389,2141
971,2149
368,2150
410,2156
534,2160
405,2161
237,2161
292,2185
710,2185
144,2190
20,2191
581,2196
541,2200
894,2206
743,2206
138,2207
159,2211
313,2211
54,2214
243,2217
682,2219
834,2222
404,2223
965,2226
421,2229
239,2238
979,2243
91,2247
727,2248
624,2253
752,2260
514,2265
323,2266
145,2275
420,2280
768,2292
113,2295
402,2301
501,2302
966,2305
924,2309
737,2310
633,2313
183,2314
818,2314
164,2317
303,2321
813,2323
106,2332
646,2333
671,2334
692,2334
613,2338
823,2342
321,2347
889,2356
338,2358
46,2362
417,2371
892,2371
522,2373
961,2373
989,2380
785,2382
597,2384
543,2388
644,2388
614,2392
379,2396
254,2412
475,2413
474,2421
839,2421
735,2422
19,2427
652,2442
58,2447
668,2452
557,2457
662,2457
895,2468
660,2474
953,2476
271,2486
832,2487
707,2488
917,2492
609,2492
154,2499
443,2507
897,2511
598,2512
7,2524
778,2539
627,2544
573,2546
233,2550
642,2553
195,2563
465,2564
531,2570
786,2575
588,2585
150,2587
25,2599
230,2600
302,2602
392,2623
126,2623
783,2631
319,2639
955,2641
172,2659
631,2669
206,2672
873,2679
57,2679
929,2686
766,2698
97,2705
926,2710
973,2713
641,2721
770,2735
320,2741
67,2745
284,2759
788,2759
223,2760
458,2772
357,2777
636,2779
715,2809
962,2814
433,2834
301,2848
101,2850
713,2857
281,2860
934,2860
574,2874
315,2884
535,2916
249,2918
508,2922
306,2926
376,2937
81,2948
808,2960
561,2985
845,3007
322,3010
803,3022
913,3026
166,3028
521,3028
779,3052
188,3067
399,3076
649,3081
653,3095
951,3096
462,3109
401,3135
592,3153
656,3156
865,3166
293,3177
492,3188
44,3208
875,3237
732,3259
809,3265
688,3276
370,3314
978,3315
36,3346
228,3349
880,3369
388,3384
686,3410
916,3419
95,3425
26,3441
161,3520
703,3531
449,3566
6,3605
918,3608
250,3622
335,3662
658,3664
60,3695
878,3768
675,3781
340,3827
37,3861
455,3868
974,3912
45,3919
339,4016
877,4114
795,4173
452,4366
286,4424
215,4613

simblock.block.ProofOfWorkBlock@b381e26:87
341,0
796,220
244,303
201,387
117,474
170,523
120,556
516,609
137,610
332,691
72,694
871,718
122,738
813,741
478,774
816,780
837,784
504,793
623,831
397,835
897,868
472,869
593,870
304,885
520,892
491,893
868,915
265,917
551,921
197,921
309,927
891,933
114,952
920,953
61,954
329,962
883,962
480,967
797,986
220,993
32,998
444,999
684,1003
749,1005
806,1006
308,1014
427,1016
527,1022
448,1026
620,1031
252,1035
800,1042
177,1043
1,1043
415,1045
677,1048
921,1048
604,1052
481,1055
468,1062
338,1071
716,1075
700,1075
171,1079
745,1083
136,1084
445,1088
729,1091
198,1092
355,1097
631,1097
637,1099
944,1100
182,1101
230,1103
805,1104
451,1106
765,1107
8,1110
904,1113
769,1119
538,1123
847,1125
450,1126
644,1127
457,1131
991,1136
270,1138
993,1139
486,1141
345,1150
540,1151
206,1156
955,1157
596,1157
661,1158
558,1159
316,1160
772,1160
70,1166
900,1168
382,1168
210,1170
90,1170
906,1175
819,1178
173,1179
741,1179
583,1180
251,1181
115,1182
578,1185
616,1187
3,1187
999,1191
282,1192
577,1192
23,1193
143,1194
337,1196
67,1200
89,1202
570,1207
9,1211
40,1211
291,1212
490,1213
950,1213
687,1217
456,1218
183,1218
651,1220
855,1221
325,1222
289,1222
736,1222
812,1222
216,1223
599,1225
511,1226
755,1226
924,1227
83,1227
979,1228
64,1233
129,1235
334,1236
827,1238
127,1242
271,1243
858,1243
141,1246
998,1249
139,1249
125,1250
564,1251
185,1253
879,1253
941,1254
440,1256
914,1256
668,1257
740,1258
867,1258
568,1261
372,1261
422,1262
430,1263
2,1264
987,1264
294,1266
742,1267
850,1268
27,1269
782,1269
859,1270
376,1270
697,1271
92,1272
756,1273
722,1274
426,1275
996,1276
683,1277
186,1279
807,1280
720,1280
343,1282
982,1285
842,1286
503,1287
632,1287
87,1289
5,1291
638,1292
256,1295
902,1295
863,1295
559,1298
794,1298
395,1300
706,1302
957,1302
676,1302
598,1302
986,1304
574,1305
105,1305
512,1305
432,1307
39,1307
625,1309
857,1309
168,1309
536,1309
205,1311
246,1312
10,1313
908,1314
757,1314
407,1315
672,1315
945,1315
189,1317
487,1317
579,1318
864,1318
94,1319
576,1319
310,1321
389,1322
585,1323
935,1325
356,1325
820,1326
104,1329
116,1330
695,1331
671,1331
618,1334
726,1334
753,1334
972,1337
489,1338
595,1338
55,1338
496,1339
190,1341
287,1343
838,1344
11,1344
28,1344
327,1344
667,1345
53,1345
234,1346
300,1347
464,1347
746,1347
346,1349
365,1351
640,1352
410,1353
257,1353
108,1353
476,1354
567,1355
65,1356
154,1356
874,1356
984,1357
946,1357
590,1358
580,1359
826,1360
369,1361
81,1362
420,1364
463,1367
843,1367
510,1367
546,1368
705,1369
336,1370
940,1370
784,1373
525,1374
554,1374
537,1375
24,1375
33,1376
929,1376
238,1376
589,1376
79,1378
383,1379
884,1379
815,1381
102,1381
890,1381
62,1384
295,1384
748,1387
628,1388
259,1390
497,1391
409,1391
715,1392
829,1393
235,1393
132,1393
947,1394
485,1394
506,1394
348,1394
219,1395
923,1395
689,1395
760,1395
377,1396
601,1397
21,1398
225,1399
531,1402
721,1403
519,1403
465,1404
563,1404
556,1404
301,1405
439,1406
160,1407
872,1407
342,1408
508,1409
280,1409
828,1409
78,1409
852,1409
328,1410
30,1411
151,1412
349,1413
674,1413
471,1414
818,1414
381,1414
211,1415
12,1415
398,1416
669,1419
831,1420
932,1420
181,1421
912,1426
454,1426
975,1429
366,1430
224,1430
767,1430
575,1433
522,1433
673,1433
643,1436
545,1436
352,1437
434,1437
191,1438
22,1440
759,1441
178,1442
98,1443
272,1443
411,1443
825,1444
499,1444
717,1444
313,1444
624,1444
994,1445
75,1445
368,1445
128,1446
184,1447
200,1448
961,1448
403,1448
980,1450
502,1450
153,1450
274,1450
713,1451
318,1453
278,1453
14,1454
202,1455
956,1455
385,1457
406,1459
394,1459
711,1460
738,1460
317,1460
482,1462
297,1466
992,1466
358,1468
832,1468
533,1468
662,1468
236,1470
962,1470
814,1470
870,1471
865,1472
539,1474
617,1474
505,1475
232,1475
110,1475
374,1476
781,1476
621,1477
396,1477
353,1477
690,1477
770,1478
31,1479
783,1480
773,1482
699,1482
569,1485
860,1485
691,1486
226,1486
529,1488
925,1489
135,1490
384,1490
524,1493
179,1493
223,1495
606,1495
789,1496
762,1497
849,1497
330,1499
801,1501
260,1502
475,1502
175,1505
52,1505
730,1505
16,1505
645,1506
214,1507
99,1508
534,1511
442,1512
771,1512
780,1512
939,1513
971,1513
822,1514
187,1515
324,1516
393,1516
960,1520
790,1521
635,1521
629,1523
196,1523
130,1525
443,1526
418,1526
148,1530
483,1531
663,1532
821,1534
239,1536
48,1538
995,1539
647,1540
712,1542
793,1542
199,1543
34,1545
373,1545
680,1546
555,1548
882,1548
526,1548
893,1549
227,1550
85,1553
896,1554
603,1555
869,1555
208,1555
702,1556
967,1559
612,1562
694,1562
203,1562
242,1569
290,1570
459,1572
314,1572
162,1574
106,1574
466,1577
212,1579
630,1579
470,1580
71,1581
952,1581
469,1584
553,1585
155,1588
959,1592
518,1592
922,1592
930,1595
276,1596
544,1597
131,1598
351,1600
862,1603
416,1604
535,1604
93,1605
4,1605
840,1606
386,1607
775,1610
830,1612
681,1619
267,1623
103,1623
964,1623
429,1624
916,1626
693,1627
548,1627
268,1628
641,1630
367,1630
936,1630
787,1631
594,1633
990,1633
207,1636
152,1637
751,1639
390,1641
507,1641
312,1644
73,1644
408,1647
285,1651
249,1652
109,1652
811,1658
560,1660
911,1660
159,1663
38,1663
400,1664
112,1669
678,1672
363,1672
43,1675
283,1676
764,1677
277,1679
140,1682
824,1683
47,1685
846,1685
111,1686
766,1686
977,1687
495,1688
77,1690
919,1691
344,1692
659,1692
692,1694
461,1695
565,1696
701,1696
615,1697
357,1698
605,1700
218,1701
307,1704
581,1708
264,1708
761,1711
167,1716
777,1716
253,1716
798,1719
221,1719
954,1720
682,1722
572,1722
888,1722
688,1724
622,1724
851,1724
248,1729
460,1729
610,1729
124,1736
423,1737
19,1746
685,1746
910,1746
754,1747
973,1747
723,1752
500,1752
747,1752
648,1757
498,1758
20,1758
279,1759
626,1759
542,1762
650,1762
100,1763
728,1763
657,1766
453,1769
774,1770
479,1775
414,1777
758,1777
371,1777
776,1780
666,1782
364,1783
698,1786
1000,1787
901,1789
696,1791
607,1794
165,1796
331,1796
892,1798
588,1798
311,1800
326,1802
903,1802
966,1802
582,1805
412,1806
547,1806
948,1807
51,1807
134,1811
949,1812
296,1813
163,1814
634,1814
484,1816
7,1823
895,1825
958,1828
13,1830
195,1832
361,1832
66,1835
413,1835
323,1839
719,1840
147,1843
835,1845
734,1847
107,1850
686,1852
981,1853
359,1855
50,1857
931,1859
247,1860
157,1861
204,1861
710,1862
968,1866
725,1868
803,1868
885,1869
665,1870
438,1870
262,1873
718,1874
350,1874
969,1875
303,1880
654,1880
149,1885
517,1886
399,1891
194,1891
441,1892
447,1893
231,1893
795,1893
6,1895
856,1896
240,1897
646,1898
209,1899
792,1901
488,1901
608,1904
333,1904
138,1905
319,1906
360,1907
541,1910
983,1919
988,1919
176,1922
145,1923
46,1925
388,1926
573,1926
841,1934
587,1934
35,1934
679,1936
261,1938
76,1939
985,1940
263,1942
670,1948
566,1948
188,1950
845,1959
54,1960
37,1961
905,1970
550,1970
288,1970
494,1971
907,1971
156,1974
56,1976
881,1980
452,1983
391,1987
417,1997
375,1998
45,2000
492,2001
853,2003
123,2004
126,2004
597,2005
656,2011
306,2012
84,2014
493,2016
421,2017
976,2019
133,2019
435,2023
269,2023
424,2029
474,2034
562,2040
514,2041
750,2041
655,2044
809,2046
909,2048
281,2048
401,2049
732,2049
802,2049
42,2053
321,2055
97,2056
95,2060
528,2060
215,2062
913,2062
552,2063
639,2064
436,2071
142,2072
59,2074
933,2075
875,2077
15,2079
915,2081
237,2082
799,2087
82,2087
467,2087
119,2088
379,2096
744,2100
752,2101
877,2103
733,2103
86,2108
513,2109
213,2112
584,2112
731,2114
974,2118
228,2119
549,2120
378,2122
340,2126
786,2128
477,2129
370,2129
113,2130
96,2134
299,2141
928,2151
707,2151
836,2152
602,2154
649,2154
302,2160
17,2167
229,2184
600,2187
241,2196
708,2202
433,2206
275,2208
880,2215
938,2219
25,2221
808,2223
779,2223
889,2226
937,2237
614,2237
380,2238
609,2240
266,2245
839,2251
878,2251
636,2252
49,2252
192,2252
255,2254
164,2256
293,2259
29,2259
785,2262
387,2267
735,2270
158,2274
848,2274
258,2276
586,2281
557,2283
233,2288
515,2291
844,2306
709,2309
768,2310
80,2317
431,2325
322,2325
18,2327
561,2328
473,2330
899,2338
60,2352
743,2360
989,2361
254,2366
834,2368
642,2373
118,2378
997,2384
810,2397
437,2398
543,2398
886,2398
791,2399
315,2403
817,2412
88,2416
727,2418
592,2418
91,2424
222,2427
501,2428
521,2431
653,2448
305,2449
298,2455
172,2466
823,2479
419,2502
44,2503
458,2504
704,2506
652,2506
894,2510
245,2519
963,2535
611,2541
571,2546
150,2552
627,2566
965,2573
714,2575
284,2580
970,2590
347,2598
26,2600
146,2605
169,2616
509,2622
833,2625
362,2627
613,2631
778,2635
292,2640
462,2666
619,2667
898,2678
217,2681
927,2681
57,2697
320,2716
926,2718
180,2729
918,2737
978,2752
193,2752
866,2754
861,2756
405,2760
942,2765
953,2766
739,2773
854,2780
917,2799
101,2805
41,2821
532,2824
425,2854
68,2897
174,2932
523,2936
63,2937
69,2937
934,2937
737,2950
74,2984
58,2991
664,2997
763,3007
144,3016
943,3030
404,3052
455,3053
951,3071
402,3103
243,3128
591,3158
873,3181
354,3182
788,3185
392,3187
658,3242
703,3263
449,3266
121,3281
804,3301
36,3322
250,3365
273,3380
724,3423
675,3434
876,3435
286,3436
446,3482
887,3515
166,3548
633,3617
335,3687
339,3705
660,3735
161,3764
530,3942
428,3983

simblock.block.ProofOfWorkBlock@29ff4314:88
437,0
786,392
293,539
876,779
395,801
666,865
649,926
877,1015
98,1021
547,1061
91,1078
676,1130
808,1160
321,1169
898,1223
492,1228
511,1240
100,1265
850,1278
953,1317
539,1321
696,1321
509,1322
169,1325
94,1346
862,1350
855,1363
894,1394
896,1409
152,1424
901,1427
589,1433
621,1444
444,1463
750,1471
978,1472
121,1474
97,1479
157,1484
178,1486
906,1488
348,1501
684,1513
527,1519
556,1527
73,1537
802,1541
741,1545
723,1553
197,1563
829,1566
801,1577
776,1580
777,1581
390,1583
200,1585
330,1597
519,1605
113,1612
373,1616
6,1619
634,1620
588,1620
943,1626
980,1626
335,1630
867,1638
601,1642
729,1645
47,1649
2,1651
749,1664
540,1664
733,1665
652,1679
564,1684
889,1686
677,1688
40,1698
1,1700
86,1701
221,1703
364,1708
702,1708
502,1709
160,1721
196,1723
496,1724
72,1732
445,1733
403,1733
842,1734
367,1736
477,1737
902,1743
504,1744
915,1745
415,1747
105,1748
369,1750
935,1751
956,1753
131,1757
243,1758
913,1759
837,1762
879,1763
763,1766
486,1778
148,1778
174,1781
138,1782
764,1782
299,1786
137,1787
803,1791
400,1792
559,1793
232,1794
408,1796
512,1796
85,1801
430,1801
738,1802
825,1812
630,1815
533,1816
272,1818
643,1824
108,1826
184,1828
936,1832
392,1835
441,1835
294,1836
807,1837
635,1843
884,1844
826,1846
583,1846
382,1846
404,1854
301,1860
721,1860
56,1863
568,1865
3,1867
43,1869
144,1870
310,1873
923,1873
426,1874
500,1877
900,1878
291,1879
625,1881
551,1882
707,1883
679,1884
406,1884
516,1893
941,1895
712,1896
577,1897
214,1897
878,1898
995,1900
338,1902
22,1906
633,1907
281,1908
772,1909
593,1910
987,1911
288,1912
819,1912
122,1914
88,1919
168,1921
594,1924
578,1925
133,1927
314,1928
23,1928
883,1928
720,1929
541,1930
905,1934
283,1937
770,1939
620,1940
219,1940
117,1943
745,1943
569,1946
270,1947
910,1948
478,1949
860,1949
9,1949
932,1954
506,1956
325,1957
79,1958
287,1960
383,1960
12,1961
353,1962
983,1962
65,1962
683,1964
495,1964
685,1964
661,1964
917,1965
381,1965
463,1966
580,1967
481,1969
171,1970
963,1970
626,1974
132,1979
968,1981
155,1983
399,1985
958,1991
771,1991
946,1991
339,1992
484,1993
356,1994
992,1996
363,1997
479,1998
28,1998
629,1998
847,2001
931,2004
659,2006
822,2006
265,2006
735,2007
545,2008
529,2009
277,2010
525,2010
346,2012
680,2012
327,2013
202,2014
699,2015
49,2015
675,2015
234,2018
718,2018
365,2019
823,2021
553,2024
755,2025
402,2027
342,2028
361,2028
304,2028
228,2031
596,2032
701,2035
112,2035
470,2036
461,2036
816,2037
998,2038
80,2039
921,2040
926,2041
238,2042
617,2043
216,2044
164,2046
605,2046
220,2048
359,2048
211,2049
436,2050
554,2050
316,2050
205,2050
841,2052
189,2054
350,2054
259,2056
328,2056
538,2056
261,2058
199,2059
671,2059
780,2065
141,2066
224,2067
639,2070
135,2071
838,2073
264,2073
508,2074
555,2074
198,2074
891,2075
394,2076
599,2077
218,2077
370,2082
450,2083
945,2085
89,2088
544,2091
727,2091
429,2091
827,2095
120,2095
191,2096
351,2097
341,2098
640,2098
411,2100
201,2100
984,2102
831,2103
961,2105
323,2107
448,2110
170,2110
695,2111
546,2111
183,2112
212,2114
979,2114
848,2114
213,2116
99,2117
308,2119
667,2122
236,2123
507,2125
235,2125
396,2125
806,2127
964,2129
792,2129
628,2130
989,2130
139,2132
914,2133
859,2134
611,2134
769,2135
476,2136
305,2138
167,2140
726,2141
469,2142
975,2142
991,2146
66,2146
187,2147
736,2149
114,2150
471,2150
256,2152
451,2152
241,2152
53,2153
485,2153
318,2156
863,2157
574,2158
744,2160
752,2160
409,2160
522,2160
557,2161
62,2161
175,2162
543,2163
254,2164
977,2166
716,2166
64,2166
976,2167
123,2167
329,2167
587,2167
800,2168
284,2170
54,2172
416,2172
246,2176
355,2178
432,2180
734,2181
756,2183
669,2185
179,2185
8,2186
194,2187
986,2189
420,2190
885,2191
222,2192
115,2193
775,2195
386,2196
203,2197
226,2197
51,2199
648,2200
706,2201
336,2202
422,2202
773,2203
447,2203
33,2206
904,2207
446,2208
623,2211
13,2212
103,2212
499,2212
682,2214
579,2215
143,2217
563,2217
767,2218
851,2220
147,2220
376,2221
162,2221
434,2224
424,2224
719,2227
743,2229
614,2229
233,2229
87,2230
298,2230
548,2232
253,2233
691,2234
794,2237
472,2240
866,2241
746,2242
572,2242
647,2242
597,2244
154,2246
928,2247
692,2247
292,2251
698,2252
344,2253
280,2255
96,2255
418,2256
278,2256
193,2257
467,2260
779,2262
536,2263
948,2264
690,2268
34,2274
566,2274
4,2275
622,2275
248,2277
999,2279
835,2279
61,2279
552,2280
871,2282
181,2282
125,2283
562,2286
217,2290
268,2290
331,2293
190,2296
375,2296
942,2297
412,2297
939,2297
844,2299
37,2299
787,2300
523,2303
606,2304
239,2304
518,2309
762,2309
717,2311
654,2311
489,2312
153,2314
352,2318
206,2318
332,2318
595,2320
962,2321
116,2322
830,2323
27,2323
333,2324
149,2326
269,2327
172,2329
5,2333
414,2333
814,2334
433,2336
14,2337
576,2337
704,2337
379,2338
487,2340
604,2341
388,2342
811,2348
315,2349
970,2353
41,2354
52,2354
585,2355
491,2358
805,2363
110,2363
925,2366
852,2367
182,2367
180,2367
739,2367
655,2370
526,2371
549,2371
419,2372
832,2374
631,2374
711,2375
459,2375
460,2378
290,2379
567,2380
464,2382
938,2386
257,2387
118,2389
888,2393
694,2393
766,2396
48,2396
68,2397
581,2398
997,2398
612,2403
173,2404
517,2405
725,2406
75,2406
560,2408
146,2408
796,2411
674,2415
482,2416
421,2421
783,2421
907,2421
858,2423
903,2425
840,2426
820,2429
994,2429
302,2429
957,2431
497,2433
812,2434
207,2435
864,2436
423,2436
759,2439
320,2440
494,2443
29,2444
988,2446
453,2449
443,2450
586,2451
90,2453
686,2455
134,2455
602,2456
260,2456
247,2457
307,2462
908,2462
296,2463
78,2465
349,2471
715,2471
215,2471
843,2475
929,2477
35,2477
452,2478
454,2480
575,2482
81,2484
778,2487
944,2488
31,2489
532,2492
791,2492
129,2494
255,2494
303,2495
368,2497
710,2497
285,2497
185,2498
252,2501
38,2502
391,2503
558,2508
263,2508
969,2512
273,2513
644,2516
503,2516
911,2516
657,2519
981,2521
289,2528
627,2529
651,2529
570,2529
828,2530
192,2531
751,2532
650,2534
21,2539
748,2540
19,2542
410,2542
833,2543
996,2545
713,2546
458,2549
371,2551
663,2551
700,2554
39,2555
59,2557
815,2558
731,2559
642,2561
810,2562
282,2563
18,2564
362,2564
250,2565
32,2567
501,2568
875,2571
565,2573
473,2573
274,2580
693,2580
427,2581
993,2583
514,2584
542,2584
510,2586
824,2587
687,2588
150,2593
165,2595
982,2600
493,2603
401,2604
161,2605
266,2605
50,2607
384,2608
313,2610
573,2629
230,2631
973,2631
240,2632
761,2639
795,2639
967,2640
722,2643
225,2646
322,2649
156,2651
124,2661
868,2664
754,2664
267,2668
101,2669
880,2671
245,2674
128,2675
632,2675
249,2676
530,2676
413,2678
109,2685
340,2688
142,2689
520,2690
959,2691
774,2694
140,2698
609,2703
36,2706
136,2706
70,2708
251,2708
505,2725
457,2726
608,2729
954,2730
636,2731
592,2732
861,2732
653,2733
890,2734
57,2735
742,2740
208,2743
326,2747
610,2748
244,2754
111,2755
393,2757
71,2757
882,2760
881,2760
985,2762
535,2775
972,2781
465,2782
405,2782
872,2783
55,2785
317,2788
550,2791
229,2792
678,2794
782,2808
258,2812
765,2812
709,2814
658,2815
242,2818
334,2818
927,2823
724,2829
613,2833
387,2840
237,2840
210,2841
474,2841
590,2841
874,2843
343,2851
615,2851
428,2853
646,2860
757,2861
524,2862
106,2863
933,2870
818,2871
909,2880
84,2882
521,2884
865,2890
990,2898
45,2905
385,2908
42,2909
688,2909
354,2918
895,2928
158,2952
952,2953
584,2955
689,2963
607,2965
58,2971
534,2986
380,2987
922,2990
7,2990
360,2995
279,2997
809,2999
159,3002
11,3003
455,3004
899,3004
849,3015
668,3015
515,3018
781,3026
166,3031
714,3040
966,3041
25,3042
188,3045
853,3045
435,3050
15,3054
804,3062
834,3066
377,3068
276,3074
873,3079
312,3082
965,3083
389,3083
449,3085
77,3086
311,3086
916,3092
591,3092
638,3102
69,3124
949,3129
656,3130
797,3130
937,3160
145,3161
130,3163
223,3172
76,3184
295,3184
919,3187
817,3189
887,3205
528,3215
417,3230
950,3250
107,3251
660,3252
17,3256
697,3259
46,3263
425,3285
20,3286
846,3304
537,3305
561,3312
480,3319
892,3326
974,3327
300,3334
513,3334
16,3337
319,3339
24,3342
456,3342
897,3345
930,3345
309,3346
728,3353
799,3358
670,3383
934,3389
924,3402
271,3402
960,3428
186,3434
26,3441
275,3469
785,3474
462,3479
398,3480
204,3488
163,3491
641,3509
845,3524
681,3556
60,3556
378,3559
119,3574
753,3584
600,3602
758,3606
397,3609
920,3611
151,3613
490,3634
531,3636
93,3644
126,3648
708,3694
624,3698
439,3700
475,3704
306,3715
732,3725
347,3729
821,3750
664,3771
92,3780
438,3786
10,3795
768,3807
44,3826
703,3849
672,3858
616,3878
324,3884
918,3894
262,3904
366,3937
345,3943
95,3968
358,4008
431,4030
63,4043
407,4047
793,4052
337,4068
571,4082
740,4089
912,4094
854,4112
940,4156
466,4178
869,4181
67,4202
286,4222
951,4237
813,4242
645,4310
788,4335
839,4342
582,4369
737,4387
177,4394
760,4404
176,4405
784,4456
468,4465
598,4477
440,4483
1000,4505
798,4536
893,4544
673,4612
483,4686
297,4751
195,4755
102,4774
947,4780
730,4806
603,4836
488,4842
619,4863
374,4909
662,4983
665,5079
372,5089
705,5101
955,5139
856,5142
857,5207
227,5380
74,5386
127,5436
789,5443
498,5449
618,5507
637,5680
790,5684
886,5738
442,5753
231,5797
747,5979
83,5983
357,6036
209,6285
836,6287
104,6335
82,6585
971,6638
870,6887
30,6935

simblock.block.ProofOfWorkBlock@3fb8241c:89
282,0
181,217
883,304
432,387
559,441
922,522
318,526
127,562
563,604
173,609
549,656
291,688
980,698
711,711
89,714
451,737
635,737
525,748
17,749
323,771
429,773
647,787
829,821
578,823
426,827
479,827
986,833
868,834
327,861
871,862
236,864
369,871
241,872
292,887
475,890
145,898
450,905
987,906
936,907
601,908
572,916
32,917
268,919
680,919
739,920
418,924
744,926
745,942
947,949
964,955
52,955
653,958
755,960
364,961
219,974
277,977
984,978
914,981
942,984
212,987
690,992
753,993
226,996
806,1002
896,1002
657,1007
531,1010
838,1011
12,1013
158,1015
606,1025
283,1034
698,1034
772,1038
171,1039
342,1039
480,1042
468,1043
807,1043
556,1044
841,1044
154,1045
862,1048
501,1050
112,1053
813,1053
694,1056
406,1060
955,1061
558,1069
940,1072
938,1072
818,1073
622,1073
498,1076
106,1078
522,1079
1,1079
62,1080
583,1084
919,1085
463,1088
454,1090
178,1091
581,1091
375,1091
979,1096
183,1100
74,1100
473,1100
651,1104
769,1106
305,1106
948,1110
608,1111
534,1115
444,1123
457,1125
135,1127
314,1128
573,1128
122,1128
371,1130
691,1131
551,1131
562,1132
628,1132
471,1134
68,1134
618,1136
296,1136
349,1137
975,1137
794,1137
638,1137
900,1139
9,1143
28,1143
358,1145
453,1145
995,1145
29,1148
719,1148
10,1150
77,1159
115,1159
535,1161
715,1161
610,1162
819,1163
42,1163
847,1164
541,1166
594,1166
491,1168
114,1172
23,1172
120,1174
103,1174
743,1175
757,1175
150,1176
92,1179
348,1182
897,1183
309,1185
575,1185
580,1185
742,1187
39,1188
133,1189
640,1191
740,1191
561,1193
214,1193
950,1193
973,1194
118,1195
971,1195
866,1198
345,1201
849,1201
827,1201
16,1203
526,1205
874,1205
488,1207
287,1209
481,1210
683,1211
968,1212
797,1212
365,1213
925,1216
11,1216
199,1218
379,1218
924,1218
25,1218
98,1219
965,1219
780,1220
697,1220
162,1221
48,1222
512,1222
643,1222
71,1223
110,1223
604,1223
427,1223
96,1226
251,1226
381,1227
400,1227
751,1227
235,1228
394,1229
712,1229
281,1230
815,1230
298,1232
79,1234
634,1235
30,1236
710,1242
177,1242
906,1243
324,1244
409,1244
69,1246
386,1248
644,1248
538,1249
879,1250
542,1251
271,1252
191,1253
598,1253
439,1253
128,1255
524,1255
233,1256
787,1256
489,1256
779,1257
136,1257
497,1257
238,1260
125,1260
75,1261
532,1263
837,1265
390,1266
27,1267
224,1267
990,1269
833,1270
853,1271
506,1271
328,1273
380,1274
771,1275
793,1275
195,1275
828,1277
198,1278
105,1278
253,1281
398,1281
295,1282
217,1282
187,1283
90,1284
307,1284
280,1285
960,1286
945,1286
54,1286
222,1287
842,1287
885,1288
997,1288
958,1289
886,1291
615,1291
383,1295
543,1295
225,1295
434,1295
139,1295
294,1295
117,1296
679,1296
104,1297
234,1298
242,1298
555,1300
586,1302
510,1302
674,1303
519,1303
312,1303
372,1305
351,1305
736,1305
259,1307
944,1309
567,1310
376,1310
458,1311
654,1311
778,1311
415,1311
276,1312
331,1312
817,1312
310,1313
502,1313
870,1314
338,1315
382,1315
569,1319
407,1319
504,1320
864,1320
951,1322
265,1322
508,1323
8,1323
952,1324
726,1325
355,1325
279,1326
705,1328
939,1329
560,1329
767,1330
274,1331
73,1332
496,1332
552,1332
597,1333
329,1338
499,1339
720,1340
800,1341
511,1342
689,1342
424,1342
438,1343
500,1344
387,1344
881,1344
851,1345
798,1345
262,1345
612,1345
695,1345
40,1346
593,1346
367,1347
714,1347
412,1348
124,1349
485,1350
350,1351
782,1353
64,1353
389,1354
756,1355
41,1355
134,1355
929,1357
749,1357
366,1357
47,1357
55,1358
260,1359
359,1359
988,1360
221,1362
963,1362
391,1363
59,1363
270,1366
545,1367
67,1368
344,1369
904,1370
976,1370
240,1371
155,1373
727,1373
673,1374
374,1376
645,1378
846,1378
249,1378
346,1379
969,1380
442,1380
539,1382
764,1384
33,1384
301,1385
63,1385
789,1385
164,1386
396,1386
684,1386
465,1386
153,1387
513,1388
85,1388
734,1389
111,1390
49,1390
816,1391
629,1391
568,1393
487,1393
699,1394
812,1395
765,1396
671,1396
472,1397
252,1398
373,1398
516,1398
928,1399
893,1399
416,1400
972,1401
932,1401
859,1401
185,1401
857,1403
591,1403
659,1405
930,1406
839,1406
852,1407
762,1407
738,1409
172,1410
180,1410
213,1412
570,1414
773,1415
529,1417
685,1418
87,1418
408,1418
783,1420
760,1421
908,1422
565,1424
21,1425
3,1427
775,1427
843,1427
577,1428
564,1431
53,1432
626,1433
72,1435
131,1436
194,1437
544,1438
702,1438
696,1439
99,1440
5,1440
395,1441
540,1441
258,1441
746,1444
669,1446
205,1447
423,1448
717,1449
854,1449
430,1449
554,1450
14,1450
650,1450
256,1450
996,1451
576,1451
579,1453
916,1453
801,1453
678,1455
704,1456
982,1457
630,1458
108,1458
822,1459
313,1461
682,1461
515,1462
708,1464
518,1469
220,1470
320,1471
440,1472
179,1472
35,1473
718,1475
123,1476
66,1476
211,1477
776,1479
448,1479
495,1480
65,1480
61,1482
991,1482
170,1484
190,1485
248,1485
275,1487
537,1491
625,1491
494,1493
209,1494
356,1494
596,1494
956,1495
334,1495
435,1496
831,1497
574,1499
912,1499
377,1502
197,1502
741,1502
992,1503
288,1504
981,1504
148,1505
677,1507
941,1507
681,1508
605,1515
935,1517
937,1517
247,1517
24,1519
547,1519
467,1519
486,1521
264,1523
693,1525
207,1532
701,1533
13,1534
675,1535
528,1535
946,1537
152,1538
923,1539
476,1539
856,1539
617,1542
189,1542
967,1543
875,1545
503,1548
910,1549
43,1551
891,1551
648,1551
826,1552
140,1552
193,1558
175,1560
202,1560
836,1560
527,1561
888,1561
977,1563
466,1563
141,1564
616,1565
290,1565
825,1568
830,1569
661,1569
824,1573
490,1573
317,1574
791,1574
484,1577
137,1584
216,1584
218,1585
31,1586
884,1587
284,1587
200,1589
147,1595
723,1596
160,1600
246,1600
94,1602
93,1605
445,1606
915,1609
985,1610
70,1612
2,1616
777,1617
330,1619
130,1621
624,1621
456,1623
970,1623
747,1624
308,1626
22,1629
858,1631
931,1631
748,1631
461,1632
589,1634
509,1639
107,1641
676,1641
19,1646
533,1647
548,1650
962,1650
855,1650
146,1652
447,1654
536,1655
820,1656
959,1657
814,1658
566,1658
505,1660
790,1664
201,1670
692,1672
867,1675
621,1675
781,1678
239,1679
609,1691
363,1692
203,1693
954,1695
419,1696
587,1700
993,1701
300,1708
553,1708
304,1711
232,1712
733,1713
603,1713
792,1717
670,1719
911,1721
901,1721
920,1722
332,1722
385,1723
585,1724
176,1726
143,1736
343,1737
410,1739
244,1740
672,1743
716,1743
974,1744
336,1745
159,1746
210,1747
86,1750
632,1752
227,1756
102,1757
100,1758
482,1761
393,1766
26,1770
245,1775
18,1775
737,1777
934,1778
758,1784
895,1784
665,1786
731,1786
83,1787
933,1788
784,1791
157,1793
728,1795
425,1797
890,1798
182,1801
311,1804
835,1805
38,1805
132,1806
861,1806
91,1807
347,1809
51,1819
411,1821
639,1821
860,1823
821,1824
729,1824
656,1824
417,1826
420,1827
845,1827
403,1831
188,1833
285,1833
297,1834
872,1835
687,1835
953,1838
668,1840
492,1841
321,1844
353,1846
116,1849
266,1849
774,1850
517,1852
149,1859
592,1860
478,1862
909,1864
370,1865
507,1866
215,1867
865,1869
655,1874
999,1875
763,1877
595,1877
613,1879
184,1882
722,1886
582,1887
642,1892
943,1893
167,1898
623,1900
269,1901
413,1902
961,1903
805,1904
658,1906
686,1907
700,1907
557,1910
261,1910
57,1913
459,1913
602,1915
82,1916
636,1918
667,1919
882,1923
36,1927
666,1930
368,1931
397,1931
460,1934
121,1935
863,1936
768,1943
422,1949
15,1953
469,1960
876,1960
641,1964
414,1967
58,1968
725,1969
229,1973
796,1974
637,1979
50,1980
361,1986
848,1986
724,1991
341,1995
357,1999
709,2000
129,2001
378,2002
799,2002
174,2002
392,2003
97,2006
550,2007
957,2009
163,2009
257,2014
223,2020
921,2021
898,2022
918,2023
706,2023
78,2024
802,2028
759,2030
443,2031
877,2033
521,2035
927,2040
811,2042
405,2045
6,2046
360,2050
208,2051
272,2052
273,2053
989,2061
319,2067
917,2069
752,2070
470,2075
293,2076
326,2076
590,2089
231,2094
436,2095
663,2097
869,2099
165,2107
333,2109
192,2114
113,2123
631,2124
514,2124
144,2125
362,2129
887,2132
186,2140
730,2143
80,2147
263,2147
998,2155
401,2157
95,2162
325,2165
151,2166
243,2175
289,2179
322,2184
278,2185
352,2189
620,2193
4,2195
299,2195
267,2197
60,2202
754,2207
404,2208
204,2209
766,2212
306,2215
477,2218
428,2225
81,2227
446,2232
994,2243
894,2252
840,2254
464,2269
810,2269
250,2276
903,2279
437,2280
633,2295
607,2299
664,2301
652,2304
880,2325
902,2325
571,2334
850,2339
546,2343
20,2352
84,2352
662,2353
1000,2356
966,2360
433,2363
156,2364
384,2367
168,2367
230,2367
493,2377
483,2387
109,2387
337,2388
315,2433
449,2456
770,2459
892,2464
614,2465
703,2476
126,2485
431,2485
905,2493
402,2501
206,2503
619,2509
735,2517
721,2520
303,2525
788,2526
316,2542
949,2546
520,2561
142,2563
523,2564
803,2566
441,2574
399,2588
707,2592
46,2594
600,2594
7,2600
254,2615
688,2616
649,2618
88,2633
421,2649
907,2659
844,2661
34,2678
196,2692
37,2710
237,2714
584,2728
119,2740
474,2751
138,2758
286,2767
786,2774
660,2775
873,2800
169,2816
809,2820
978,2828
354,2831
761,2838
44,2842
926,2842
785,2842
452,2863
713,2864
646,2866
889,2886
983,2903
913,2931
228,2962
732,2976
335,2990
302,2993
750,3026
832,3041
45,3058
339,3070
340,3083
808,3090
627,3101
588,3115
823,3209
76,3218
599,3228
530,3259
161,3319
899,3333
795,3334
834,3339
101,3343
56,3404
255,3500
611,3542
878,3573
455,3591
462,3651
166,3838
388,3898
804,4091

simblock.block.ProofOfWorkBlock@4f539d93:90
416,0
147,150
79,215
431,277
945,304
728,335
671,364
87,370
669,425
179,427
423,428
602,452
448,482
67,485
655,488
284,489
805,505
879,511
928,514
979,521
902,541
740,545
840,547
210,551
673,572
205,575
316,578
917,580
940,585
336,589
146,603
357,603
515,604
932,608
234,608
597,631
775,634
324,635
599,636
612,636
501,637
296,638
375,643
970,650
548,650
827,660
410,661
828,663
167,664
257,664
975,665
717,667
941,672
123,688
861,691
870,692
127,694
545,694
631,696
963,696
743,698
239,701
309,702
281,703
830,707
63,710
835,715
522,720
730,720
609,722
754,723
628,723
70,725
31,726
271,730
665,731
379,733
289,734
924,734
332,740
746,744
839,747
797,750
783,751
581,751
744,752
407,753
333,753
217,755
973,756
543,756
419,757
618,759
965,760
517,761
151,763
604,767
871,771
916,772
718,773
483,778
781,778
342,779
663,779
615,780
231,781
118,781
420,785
268,787
782,788
929,788
475,788
920,790
278,790
784,790
664,792
33,793
323,795
864,803
947,804
813,804
204,807
872,808
685,810
476,810
186,811
888,811
262,812
955,813
16,813
503,813
247,813
458,814
85,816
436,816
442,817
391,817
387,819
537,822
654,822
605,823
229,824
713,824
985,824
99,830
22,830
645,830
90,830
819,835
789,836
897,837
360,837
92,839
385,841
591,841
280,842
905,842
497,843
681,844
295,844
172,844
459,845
971,846
89,847
115,847
159,847
882,848
881,849
24,850
263,851
824,852
191,854
925,854
312,854
767,856
700,856
692,856
251,860
575,861
704,862
439,863
190,864
773,864
71,867
180,867
915,867
376,868
714,868
343,870
885,870
890,870
125,870
372,871
942,871
177,874
739,874
298,874
200,876
150,877
374,877
639,877
706,879
301,880
305,881
236,881
75,881
93,883
368,884
757,884
574,885
129,887
222,888
595,889
389,889
149,891
498,891
944,892
689,892
912,893
853,894
467,895
682,896
216,897
59,898
948,898
576,900
233,902
427,903
230,903
961,905
384,905
345,905
528,905
988,906
366,906
383,907
182,908
434,908
908,908
560,908
145,909
499,909
461,910
380,910
25,910
48,911
468,911
705,911
868,912
562,913
313,915
337,915
667,916
833,916
350,916
914,917
524,918
608,918
852,919
300,921
460,921
329,921
377,922
443,923
959,924
42,924
993,924
104,925
398,926
240,927
148,927
644,928
440,928
585,929
759,930
378,931
668,931
962,933
937,934
672,935
531,935
8,936
648,937
277,938
214,938
124,940
708,940
800,940
218,941
128,941
984,943
283,943
297,943
769,943
56,943
68,944
969,947
747,949
116,949
856,949
911,949
791,951
102,952
992,952
466,953
893,955
203,956
622,957
19,957
130,959
546,960
997,961
488,962
82,962
505,963
590,963
731,964
438,965
244,965
158,965
359,966
292,966
770,966
518,966
83,966
18,967
582,967
693,967
866,967
552,968
832,968
208,969
41,969
69,969
457,971
854,972
542,973
662,973
756,973
818,974
957,975
960,975
326,975
836,976
139,976
258,977
999,977
223,977
352,977
641,979
790,980
291,981
422,982
903,982
394,983
55,984
5,984
485,985
729,985
722,986
526,989
77,989
27,989
469,990
904,992
573,992
532,993
246,993
798,995
275,995
183,996
558,997
579,997
535,999
695,999
541,999
453,1000
30,1000
779,1002
938,1002
256,1002
748,1003
964,1004
29,1004
637,1004
10,1006
950,1006
13,1007
393,1009
320,1010
520,1011
858,1011
165,1012
338,1014
994,1015
760,1015
328,1017
358,1017
194,1018
710,1019
587,1019
94,1019
857,1022
491,1022
793,1022
846,1023
243,1023
187,1024
96,1024
851,1024
715,1024
49,1028
213,1028
202,1030
489,1030
153,1030
109,1031
817,1032
653,1032
598,1033
534,1033
698,1033
111,1033
865,1034
737,1034
869,1037
687,1038
456,1041
507,1042
886,1042
21,1042
249,1044
347,1045
454,1048
198,1048
990,1048
954,1050
907,1051
34,1051
496,1052
363,1055
193,1058
811,1059
471,1060
470,1061
561,1062
624,1065
555,1065
490,1066
766,1066
935,1067
465,1068
15,1068
406,1069
521,1070
88,1071
12,1071
274,1073
414,1075
751,1075
778,1082
39,1082
761,1082
996,1084
418,1085
976,1086
260,1087
570,1087
727,1089
412,1090
164,1091
617,1093
958,1093
206,1093
154,1093
53,1095
307,1097
334,1097
482,1097
632,1098
74,1100
197,1102
176,1102
725,1105
1000,1107
209,1107
711,1117
424,1121
81,1122
267,1122
411,1122
847,1124
804,1125
939,1126
450,1126
242,1130
991,1131
603,1132
659,1132
849,1134
54,1138
850,1143
874,1144
640,1145
9,1145
106,1146
972,1147
299,1148
163,1148
134,1152
185,1153
814,1154
982,1155
967,1157
508,1157
487,1158
701,1158
551,1159
282,1160
525,1166
867,1169
221,1169
569,1170
544,1174
195,1177
51,1178
796,1181
349,1183
837,1185
758,1187
152,1188
554,1191
787,1192
801,1193
224,1193
620,1195
696,1197
403,1199
875,1200
135,1201
344,1202
103,1211
838,1211
426,1211
502,1213
683,1213
395,1215
919,1217
816,1220
794,1220
733,1221
755,1223
812,1225
529,1226
762,1231
473,1233
365,1233
802,1235
697,1237
348,1239
657,1239
61,1241
310,1241
676,1243
691,1243
547,1243
227,1244
510,1247
586,1247
841,1248
226,1249
977,1250
723,1251
565,1253
356,1253
371,1255
1,1255
901,1256
494,1256
987,1260
4,1262
736,1264
212,1265
390,1265
408,1267
753,1268
831,1270
140,1270
252,1272
17,1274
472,1276
951,1278
201,1280
396,1280
432,1283
317,1283
132,1284
980,1289
776,1291
495,1292
447,1295
265,1296
567,1296
346,1300
168,1300
181,1303
539,1303
367,1304
772,1306
512,1306
178,1306
35,1306
287,1307
738,1310
196,1311
122,1313
621,1315
577,1317
137,1317
825,1317
32,1319
553,1324
290,1325
593,1325
981,1326
900,1327
896,1327
162,1328
232,1328
626,1328
589,1329
771,1331
65,1333
821,1335
922,1335
690,1338
264,1340
998,1340
506,1341
536,1344
330,1348
684,1349
73,1351
173,1354
741,1354
108,1357
527,1358
235,1358
478,1359
556,1360
14,1362
651,1367
143,1367
986,1369
572,1370
634,1371
479,1372
155,1376
906,1382
721,1382
680,1384
484,1386
174,1387
563,1389
481,1390
956,1393
253,1400
318,1403
463,1408
339,1411
630,1411
643,1413
3,1413
749,1414
842,1415
413,1415
712,1419
774,1419
429,1421
78,1423
272,1424
308,1424
80,1424
549,1430
719,1431
538,1431
638,1432
826,1434
435,1434
314,1434
921,1435
594,1440
780,1442
642,1443
219,1446
409,1446
480,1447
995,1448
504,1450
2,1454
381,1455
425,1458
279,1460
117,1465
361,1466
946,1473
66,1477
238,1477
513,1478
516,1479
765,1483
444,1493
451,1493
635,1495
110,1495
709,1496
327,1497
930,1497
889,1498
382,1499
884,1500
578,1501
564,1504
351,1504
276,1505
566,1506
189,1508
171,1517
931,1519
616,1521
142,1523
52,1525
255,1529
820,1533
220,1537
273,1538
269,1538
211,1540
114,1541
519,1542
464,1542
511,1544
647,1552
732,1553
619,1557
799,1560
679,1560
286,1565
694,1571
141,1572
322,1574
661,1579
228,1579
452,1581
883,1583
792,1589
968,1591
430,1591
742,1591
428,1593
878,1594
678,1595
131,1595
860,1597
702,1601
311,1601
625,1601
862,1603
606,1603
207,1605
40,1606
898,1611
735,1613
225,1614
764,1617
136,1620
493,1622
675,1624
405,1625
270,1627
509,1627
688,1629
666,1631
38,1635
261,1639
910,1640
923,1647
215,1651
807,1654
752,1663
810,1666
72,1668
785,1671
341,1672
331,1672
166,1672
199,1677
568,1677
486,1677
250,1678
610,1686
848,1689
325,1693
646,1693
607,1700
399,1703
45,1704
670,1710
170,1710
614,1712
936,1713
353,1714
633,1725
248,1727
611,1734
649,1740
559,1742
285,1743
119,1748
64,1748
112,1755
966,1757
364,1760
716,1762
777,1766
445,1772
306,1773
859,1773
834,1775
133,1777
768,1777
699,1778
686,1779
745,1779
978,1780
184,1781
266,1782
703,1786
877,1786
892,1788
120,1793
91,1794
943,1800
822,1805
909,1808
97,1808
895,1809
370,1815
397,1815
873,1820
913,1821
734,1837
707,1841
161,1842
843,1843
11,1844
62,1845
47,1847
304,1847
415,1861
421,1865
321,1868
192,1870
953,1877
660,1886
650,1887
388,1887
658,1892
652,1896
107,1896
514,1901
441,1910
437,1911
750,1915
355,1917
160,1917
674,1929
629,1931
720,1933
523,1934
58,1937
259,1943
596,1946
580,1948
386,1952
369,1963
315,1965
983,1969
402,1989
530,1993
105,2011
175,2014
446,2015
241,2016
98,2017
623,2017
726,2017
823,2018
584,2027
601,2034
37,2041
156,2060
844,2063
803,2080
815,2087
157,2097
23,2098
28,2100
540,2102
362,2106
952,2116
786,2119
101,2128
6,2140
340,2148
899,2161
113,2162
95,2170
974,2183
449,2186
829,2186
806,2188
43,2188
583,2190
86,2192
588,2195
876,2203
455,2217
656,2217
724,2222
763,2233
550,2234
477,2246
677,2256
400,2280
855,2288
417,2308
636,2309
20,2321
894,2325
592,2339
557,2343
144,2345
533,2358
863,2366
36,2384
989,2388
84,2399
891,2450
100,2461
933,2465
76,2469
927,2471
121,2472
613,2500
918,2508
335,2513
392,2524
288,2528
373,2536
57,2539
44,2632
500,2634
303,2661
845,2670
293,2678
46,2686
294,2706
237,2739
795,2749
404,2768
254,2798
7,2800
433,2809
245,2813
887,2823
492,2923
934,2940
50,2955
571,2967
462,2991
126,3042
880,3049
808,3053
138,3095
60,3096
188,3101
26,3105
354,3139
401,3206
600,3243
169,3264
949,3275
319,3336
474,3504
809,3508
788,3564
627,3603
302,3638
926,3945

simblock.block.ProofOfWorkBlock@2e60d3a1:91
538,0
822,221
224,304
772,385
270,451
787,467
162,526
556,544
120,550
386,607
506,609
327,632
117,674
80,689
314,693
815,700
777,715
438,718
694,743
874,756
635,766
341,766
351,772
325,782
862,790
137,803
486,828
43,828
435,831
638,839
367,847
986,849
647,854
73,854
820,869
311,871
49,879
55,892
566,910
445,913
741,913
415,914
544,915
657,920
923,922
131,930
22,932
738,934
217,936
847,937
843,937
291,943
549,956
807,958
745,968
769,980
3,988
211,989
364,992
463,993
201,994
701,996
919,996
553,1000
453,1005
956,1006
762,1010
238,1011
842,1012
580,1016
625,1019
265,1022
626,1022
432,1023
61,1026
480,1041
132,1044
964,1046
604,1047
373,1050
682,1051
572,1052
184,1056
959,1062
981,1068
112,1070
103,1070
426,1071
712,1072
780,1073
78,1074
212,1074
555,1076
775,1077
796,1077
540,1078
860,1079
525,1083
831,1087
583,1089
578,1094
382,1094
908,1096
136,1097
308,1099
47,1101
444,1105
679,1106
706,1107
219,1110
982,1115
260,1117
890,1118
504,1122
25,1128
816,1128
910,1132
259,1134
661,1135
122,1138
837,1139
4,1140
683,1140
346,1141
733,1147
496,1150
596,1151
279,1151
333,1153
502,1153
726,1153
454,1154
545,1154
901,1155
696,1155
841,1155
569,1156
406,1158
465,1159
331,1159
794,1162
244,1164
559,1164
220,1165
30,1166
14,1170
456,1173
987,1175
765,1175
52,1177
610,1177
403,1178
451,1179
141,1180
241,1183
343,1184
771,1184
939,1186
125,1186
196,1189
855,1193
15,1194
397,1194
252,1196
655,1198
105,1205
494,1209
495,1213
197,1214
560,1216
510,1217
691,1217
995,1218
72,1219
66,1219
651,1222
170,1224
699,1224
355,1224
484,1227
348,1229
615,1230
866,1230
884,1231
852,1232
630,1232
742,1233
720,1237
33,1237
276,1237
991,1238
171,1238
481,1240
935,1241
826,1243
199,1245
563,1246
500,1247
42,1247
968,1250
698,1251
929,1253
471,1253
332,1253
998,1256
235,1258
317,1259
972,1260
429,1260
996,1260
216,1261
28,1261
629,1263
178,1264
342,1264
395,1266
640,1267
409,1268
262,1268
931,1268
865,1269
727,1274
749,1277
294,1277
593,1278
577,1280
531,1284
304,1286
689,1287
285,1289
751,1291
461,1292
64,1292
344,1292
736,1292
40,1295
859,1296
601,1297
825,1297
349,1298
589,1301
114,1302
107,1302
390,1302
150,1302
299,1303
891,1305
396,1306
225,1306
519,1306
48,1308
2,1308
365,1309
422,1309
459,1311
513,1311
896,1312
779,1313
792,1314
715,1316
278,1319
980,1320
430,1320
930,1321
883,1321
65,1322
233,1323
753,1324
938,1324
654,1326
214,1328
846,1332
450,1333
411,1333
840,1333
608,1334
946,1337
51,1339
17,1339
606,1339
977,1340
975,1341
11,1342
318,1345
497,1345
226,1348
448,1349
922,1350
501,1350
605,1350
643,1350
690,1351
678,1352
408,1352
867,1353
536,1353
35,1357
806,1358
814,1358
564,1359
398,1359
659,1361
350,1363
921,1363
936,1365
962,1365
863,1366
575,1367
9,1367
457,1368
853,1368
937,1368
680,1370
104,1370
757,1370
800,1370
967,1371
677,1371
721,1373
527,1373
774,1373
650,1374
186,1375
152,1376
634,1376
716,1377
8,1379
609,1380
173,1380
407,1380
381,1380
529,1383
818,1384
472,1385
882,1386
516,1387
594,1387
676,1389
993,1392
568,1393
160,1393
478,1395
695,1395
153,1398
127,1403
310,1404
839,1407
739,1408
71,1409
932,1410
32,1411
239,1411
328,1411
539,1412
728,1412
754,1412
812,1413
374,1416
776,1417
684,1417
470,1418
612,1419
755,1420
282,1420
616,1421
79,1426
313,1427
295,1427
383,1427
906,1428
352,1429
29,1430
412,1430
326,1431
829,1432
653,1432
414,1432
838,1434
548,1435
734,1436
618,1437
185,1437
719,1441
110,1442
498,1442
945,1442
628,1444
617,1446
729,1446
189,1449
671,1451
567,1451
917,1452
570,1455
702,1456
253,1456
888,1459
221,1459
369,1459
740,1459
361,1462
801,1463
574,1464
489,1465
179,1469
621,1470
479,1471
952,1472
371,1474
511,1474
835,1476
717,1477
849,1478
353,1478
167,1478
893,1479
947,1482
198,1483
805,1483
240,1484
100,1485
147,1486
181,1488
347,1489
474,1489
111,1489
512,1489
648,1490
1,1491
941,1492
139,1492
944,1493
439,1496
18,1496
316,1496
595,1497
499,1498
603,1499
900,1500
714,1500
622,1503
641,1504
256,1504
960,1506
329,1507
418,1509
984,1510
875,1510
257,1510
23,1511
222,1512
766,1514
928,1515
272,1516
94,1517
520,1518
274,1519
912,1520
87,1520
312,1521
902,1521
389,1522
155,1525
990,1525
528,1527
208,1529
366,1531
460,1531
213,1533
284,1533
782,1535
264,1537
410,1537
108,1538
585,1538
854,1538
579,1540
850,1541
992,1542
258,1544
970,1544
961,1547
447,1548
387,1548
83,1549
791,1551
89,1551
287,1551
334,1552
248,1553
168,1557
681,1558
639,1560
175,1563
133,1563
378,1567
416,1568
515,1568
870,1569
190,1569
393,1569
338,1570
288,1570
697,1573
824,1576
59,1581
864,1582
693,1584
135,1584
368,1585
713,1586
503,1587
940,1589
592,1591
34,1591
356,1596
177,1596
434,1596
533,1597
667,1598
440,1601
62,1601
130,1602
632,1602
324,1602
669,1603
915,1605
232,1610
833,1610
710,1612
116,1613
275,1616
129,1617
997,1618
662,1620
969,1624
473,1625
19,1626
236,1626
665,1627
305,1629
994,1632
903,1634
723,1636
897,1637
586,1638
819,1647
767,1648
165,1651
582,1652
193,1654
229,1654
469,1657
793,1657
957,1660
39,1660
146,1664
674,1664
976,1665
427,1667
705,1667
223,1671
63,1671
206,1671
487,1673
67,1673
885,1675
773,1676
861,1677
41,1677
375,1677
115,1680
70,1681
836,1682
392,1683
490,1684
207,1684
488,1685
399,1686
547,1687
524,1689
281,1689
290,1691
954,1691
541,1692
880,1692
21,1693
56,1694
102,1695
758,1697
868,1698
148,1698
590,1699
210,1703
358,1703
783,1706
400,1707
306,1710
38,1711
731,1712
798,1712
551,1713
789,1716
955,1717
442,1718
517,1718
13,1719
554,1722
623,1723
12,1723
234,1725
508,1726
176,1726
180,1729
363,1729
988,1730
124,1733
786,1733
187,1734
764,1734
722,1737
77,1738
303,1739
242,1740
431,1744
832,1746
485,1747
405,1750
565,1752
298,1758
164,1761
246,1761
443,1768
301,1769
983,1771
663,1771
413,1775
138,1777
205,1779
323,1780
958,1780
423,1782
784,1782
161,1783
761,1783
550,1784
245,1786
943,1786
522,1788
546,1790
209,1790
750,1792
377,1793
851,1795
58,1797
830,1797
203,1797
573,1808
154,1809
394,1811
493,1818
309,1824
526,1830
263,1832
424,1833
989,1833
249,1834
247,1838
708,1838
337,1841
82,1841
280,1841
999,1843
339,1844
810,1846
379,1846
31,1846
898,1849
436,1850
973,1850
10,1852
230,1852
292,1854
98,1856
491,1860
157,1862
251,1862
319,1864
85,1865
543,1866
57,1866
483,1867
149,1867
163,1868
204,1872
649,1874
913,1876
336,1877
194,1879
75,1879
467,1880
391,1881
140,1884
357,1887
143,1887
330,1887
760,1891
419,1891
50,1892
380,1897
881,1899
54,1901
644,1904
950,1905
785,1905
421,1907
266,1907
277,1909
778,1910
507,1910
598,1914
656,1916
101,1919
725,1923
446,1925
477,1934
599,1935
388,1939
362,1940
799,1941
869,1941
905,1942
948,1945
169,1945
907,1947
93,1952
587,1952
27,1955
322,1956
1000,1961
645,1964
797,1966
123,1971
464,1975
5,1977
619,1987
845,1988
856,1988
770,1988
558,1989
68,1993
437,2007
320,2007
458,2008
571,2008
979,2010
200,2015
128,2018
672,2020
916,2021
627,2021
664,2021
588,2022
376,2026
466,2026
523,2027
646,2030
576,2030
748,2034
121,2035
673,2039
183,2040
521,2045
971,2045
462,2046
476,2047
911,2051
914,2054
92,2055
267,2061
718,2064
857,2064
858,2068
909,2068
670,2069
933,2074
924,2074
96,2075
602,2076
552,2078
542,2081
624,2087
293,2087
711,2089
581,2089
113,2090
174,2095
686,2116
591,2118
505,2118
804,2119
688,2123
878,2130
534,2139
90,2139
666,2143
315,2144
145,2146
354,2150
218,2150
703,2164
821,2164
732,2169
88,2169
158,2170
597,2181
803,2189
86,2191
707,2192
802,2193
877,2193
215,2195
151,2195
254,2197
752,2198
384,2200
795,2202
297,2202
532,2206
756,2208
561,2210
828,2213
808,2213
535,2217
788,2218
475,2222
53,2224
289,2227
81,2228
296,2229
300,2238
692,2241
425,2245
747,2246
268,2248
790,2255
99,2256
724,2257
420,2264
385,2270
401,2272
255,2280
763,2284
134,2291
809,2313
685,2314
873,2314
600,2314
871,2317
895,2319
172,2324
823,2336
243,2338
675,2339
744,2344
848,2350
449,2355
195,2369
614,2371
872,2373
69,2385
24,2393
730,2393
827,2400
360,2404
455,2408
813,2411
631,2413
584,2413
16,2419
227,2421
737,2428
144,2428
37,2434
887,2443
97,2444
700,2447
269,2455
76,2460
156,2460
44,2463
191,2466
91,2477
283,2496
237,2499
668,2501
271,2508
321,2517
74,2521
834,2527
974,2532
963,2543
620,2546
302,2551
482,2560
927,2562
985,2566
261,2566
45,2568
562,2569
46,2580
687,2580
637,2588
537,2595
817,2601
84,2604
735,2608
925,2614
889,2622
159,2641
926,2658
441,2661
20,2666
704,2677
106,2696
26,2707
934,2708
452,2712
404,2715
951,2716
231,2736
372,2742
949,2750
345,2759
468,2762
709,2767
95,2775
307,2776
607,2777
518,2787
192,2788
966,2811
359,2819
530,2823
768,2848
202,2852
286,2861
433,2863
743,2892
250,2904
492,2905
746,2911
228,2913
188,2926
879,2933
886,2940
182,2955
7,2989
6,2999
965,3000
119,3017
781,3027
652,3046
509,3049
642,3063
514,3072
811,3106
126,3110
942,3128
36,3143
402,3171
370,3180
918,3186
920,3201
636,3243
335,3247
417,3248
658,3261
428,3298
142,3307
660,3320
978,3354
759,3378
273,3381
340,3429
892,3491
557,3495
844,3495
953,3515
613,3548
118,3553
899,3613
109,3727
633,3742
611,3861
904,3901
894,4105
166,4355
60,4605
876,4863

simblock.block.ProofOfWorkBlock@7acbd351:92
55,0
453,149
234,268
609,298
545,325
158,367
689,389
85,418
465,430
442,448
456,452
440,473
240,481
111,487
333,504
866,509
434,514
681,530
271,539
431,542
387,547
233,565
231,570
30,571
591,574
466,578
407,589
951,597
464,598
994,599
438,603
68,606
15,622
858,625
718,629
92,631
692,634
96,635
423,649
204,654
202,656
257,656
818,659
459,660
865,662
604,665
993,666
631,669
217,673
115,678
669,684
662,684
350,688
965,691
316,692
457,695
99,695
751,695
458,714
503,715
416,717
996,718
924,718
518,720
16,720
628,721
410,722
260,723
747,723
363,726
483,726
904,728
575,732
284,741
770,741
912,744
562,744
470,747
41,749
962,749
928,752
916,752
368,753
534,754
139,754
838,755
605,756
384,761
424,773
587,773
210,774
779,774
524,775
871,776
104,779
153,780
948,780
565,782
187,782
737,784
907,785
971,788
532,788
77,789
542,792
436,799
687,800
672,801
969,804
17,805
854,805
366,806
667,807
574,809
975,809
573,810
251,810
24,812
267,813
959,813
222,814
274,815
124,815
840,817
828,818
383,820
87,820
985,821
846,825
167,830
744,831
419,833
560,837
277,838
75,838
148,838
644,839
693,839
882,840
963,841
102,844
748,845
598,846
713,846
722,846
336,846
281,846
570,846
835,847
872,849
54,850
778,857
296,858
655,860
297,862
501,862
548,862
134,863
728,864
19,864
29,864
790,864
700,864
301,867
229,867
468,867
283,868
129,869
18,870
739,870
414,871
856,871
343,871
766,871
275,873
268,873
665,873
893,875
579,876
682,876
289,876
422,877
89,877
487,879
150,879
761,879
320,882
908,882
839,882
599,887
730,887
203,891
827,893
869,893
517,894
397,894
757,895
937,895
377,895
359,896
622,898
881,899
531,901
79,901
552,901
886,901
191,901
300,902
960,902
868,903
664,903
123,903
34,904
48,905
508,905
769,905
590,906
128,906
789,906
914,906
535,909
979,909
312,911
476,913
33,914
988,919
637,919
374,919
740,920
615,922
505,923
295,923
961,923
945,925
498,925
947,926
278,926
482,927
342,927
879,927
758,928
147,928
941,928
760,928
182,928
247,929
427,929
830,929
620,931
836,931
824,931
972,933
938,933
746,934
537,935
329,936
378,937
727,938
725,938
925,939
714,940
731,941
793,944
186,944
639,945
165,946
418,946
151,947
59,947
521,950
648,950
385,950
902,950
109,951
973,952
177,953
915,954
663,954
473,954
930,955
180,956
307,957
497,957
784,958
612,958
888,959
145,959
929,960
69,960
561,960
955,960
528,961
597,961
645,961
146,962
256,962
653,962
791,963
63,964
352,964
21,965
198,965
195,965
243,965
209,969
853,969
695,970
448,972
213,972
864,974
227,974
272,974
163,974
360,976
389,977
706,978
358,978
27,979
337,980
355,981
127,982
263,982
708,983
398,984
236,985
890,985
811,985
125,986
31,988
208,988
10,989
585,989
897,989
347,989
857,989
93,990
323,991
990,991
654,992
298,992
798,994
903,995
8,995
775,996
997,996
616,996
223,996
90,998
526,999
206,999
469,1000
380,1000
673,1001
671,1003
475,1003
326,1006
262,1006
491,1007
861,1007
870,1007
781,1007
970,1008
190,1008
641,1009
982,1010
81,1011
242,1012
239,1012
214,1012
1000,1013
782,1015
467,1015
309,1015
393,1016
379,1016
618,1017
56,1017
88,1017
515,1017
205,1018
595,1018
439,1019
944,1019
917,1021
154,1021
698,1021
920,1021
305,1021
940,1022
143,1022
116,1023
313,1024
394,1025
849,1026
194,1027
106,1029
460,1029
851,1030
391,1030
685,1033
357,1035
70,1035
490,1035
797,1038
546,1038
82,1043
984,1043
280,1044
767,1044
640,1045
489,1046
958,1047
258,1047
832,1048
582,1049
176,1050
942,1050
783,1052
42,1053
911,1054
376,1056
290,1056
558,1056
164,1058
624,1059
338,1061
471,1061
581,1062
200,1063
218,1064
932,1064
53,1065
328,1065
361,1066
178,1069
705,1070
576,1072
159,1072
345,1074
189,1074
118,1074
172,1075
710,1076
608,1077
875,1078
522,1079
507,1079
193,1079
602,1080
5,1081
185,1082
999,1087
249,1088
324,1088
485,1089
910,1091
232,1091
230,1092
543,1094
67,1096
813,1096
544,1097
13,1097
690,1099
481,1099
25,1101
754,1101
488,1102
950,1103
246,1103
183,1104
814,1105
551,1105
800,1109
704,1114
819,1118
841,1122
711,1123
564,1124
12,1125
420,1126
743,1127
825,1128
717,1130
375,1131
715,1132
603,1133
684,1133
372,1133
292,1135
74,1135
847,1135
443,1136
71,1138
833,1138
499,1139
794,1139
334,1142
461,1144
817,1144
472,1145
625,1154
346,1155
976,1155
415,1158
756,1158
738,1160
149,1160
650,1160
408,1161
400,1163
108,1164
520,1165
432,1166
130,1166
314,1170
987,1172
23,1172
807,1178
179,1181
541,1182
991,1184
73,1184
94,1188
64,1191
39,1191
49,1191
957,1195
403,1195
992,1197
821,1200
601,1201
837,1206
566,1210
729,1212
773,1212
219,1216
885,1217
668,1218
162,1220
216,1222
772,1227
513,1231
549,1232
291,1234
1,1235
568,1236
353,1237
220,1237
634,1238
586,1238
759,1238
170,1240
327,1241
723,1245
62,1249
411,1252
51,1253
173,1254
533,1254
224,1259
136,1259
252,1264
796,1267
762,1268
852,1270
855,1270
657,1270
583,1272
287,1274
594,1276
65,1277
716,1278
412,1278
697,1280
701,1284
967,1286
369,1286
741,1286
527,1287
137,1288
221,1289
749,1291
946,1292
426,1294
396,1295
771,1296
351,1299
919,1299
373,1299
812,1300
83,1301
556,1302
105,1302
776,1302
61,1304
577,1305
679,1307
563,1308
954,1310
365,1313
696,1314
923,1316
745,1319
529,1319
463,1320
516,1326
304,1327
525,1328
196,1328
638,1329
478,1330
395,1333
936,1333
922,1334
3,1334
494,1336
901,1336
299,1337
348,1337
80,1338
680,1339
702,1342
496,1342
451,1343
72,1346
98,1348
406,1349
52,1350
511,1352
617,1355
867,1357
632,1357
538,1357
35,1360
225,1360
843,1361
635,1363
964,1364
253,1365
883,1366
733,1367
720,1367
248,1368
160,1369
2,1370
859,1373
677,1380
66,1384
554,1385
40,1387
806,1387
659,1390
325,1392
753,1396
891,1397
774,1398
719,1399
78,1402
332,1405
820,1405
450,1406
931,1408
308,1410
822,1411
447,1412
141,1412
874,1418
349,1418
816,1418
580,1421
952,1424
390,1424
572,1424
896,1426
11,1435
539,1439
842,1440
678,1441
980,1442
780,1442
331,1443
495,1445
110,1445
981,1446
555,1449
878,1449
244,1451
131,1452
921,1452
429,1455
676,1456
22,1457
140,1464
317,1465
341,1467
559,1468
480,1468
647,1472
181,1474
117,1477
815,1478
479,1478
381,1479
454,1479
241,1483
43,1485
171,1495
201,1499
651,1499
801,1501
330,1503
212,1504
630,1505
610,1506
133,1507
435,1509
621,1513
593,1515
367,1516
935,1516
734,1526
100,1528
887,1528
445,1529
14,1535
270,1536
161,1539
318,1540
207,1541
168,1543
540,1544
339,1556
386,1559
567,1560
135,1560
777,1561
57,1561
254,1563
199,1564
166,1564
311,1572
995,1577
228,1579
660,1586
709,1589
699,1589
344,1596
371,1601
613,1606
119,1608
765,1609
547,1610
175,1613
666,1613
633,1613
900,1614
974,1615
192,1616
413,1616
927,1617
152,1617
906,1620
276,1622
288,1627
28,1629
9,1633
873,1637
211,1639
265,1641
510,1641
26,1644
504,1645
294,1646
500,1647
768,1648
259,1649
909,1649
834,1650
449,1651
968,1652
428,1662
895,1663
519,1665
933,1667
226,1667
860,1669
114,1670
322,1671
863,1671
845,1672
279,1674
502,1675
493,1676
850,1677
273,1678
4,1678
156,1683
986,1685
506,1686
285,1692
261,1693
174,1695
245,1695
238,1697
661,1705
823,1705
905,1710
477,1710
626,1711
977,1713
629,1714
898,1717
691,1718
913,1719
726,1723
862,1730
712,1733
578,1733
433,1736
607,1751
306,1754
188,1759
876,1759
792,1767
382,1770
266,1780
492,1782
829,1782
107,1786
392,1796
356,1797
675,1798
611,1798
596,1799
899,1801
50,1802
755,1806
939,1813
58,1817
523,1825
674,1826
787,1826
32,1837
884,1839
120,1841
831,1841
763,1844
155,1846
998,1847
362,1848
512,1860
402,1863
736,1866
45,1872
399,1875
37,1880
103,1880
44,1883
113,1884
310,1886
844,1888
721,1889
584,1891
826,1891
132,1893
340,1899
235,1899
319,1900
589,1903
786,1910
97,1913
750,1919
588,1920
799,1923
370,1924
670,1933
215,1937
430,1937
7,1944
364,1952
409,1957
966,1962
452,1966
444,1968
557,1968
354,1969
76,1971
619,1979
943,1988
484,1995
788,1996
810,1996
417,2003
643,2008
553,2010
282,2013
569,2034
20,2037
138,2043
606,2053
735,2054
112,2057
742,2061
764,2065
536,2073
623,2074
686,2084
636,2086
95,2087
808,2088
795,2104
683,2113
455,2126
462,2132
321,2132
805,2133
142,2134
752,2151
91,2152
877,2165
184,2180
404,2182
401,2182
600,2187
848,2192
250,2210
804,2220
101,2231
956,2234
934,2236
237,2240
122,2241
47,2246
335,2248
688,2257
441,2258
157,2273
646,2279
530,2297
315,2301
425,2303
703,2320
509,2330
707,2332
802,2338
989,2347
264,2357
437,2360
880,2390
36,2392
892,2400
550,2408
642,2418
197,2420
949,2428
978,2431
614,2464
809,2477
592,2481
656,2491
953,2502
6,2521
38,2526
60,2528
269,2533
446,2550
302,2560
785,2591
486,2593
803,2599
255,2623
86,2628
293,2639
144,2677
286,2700
889,2710
514,2716
694,2764
169,2771
126,2805
405,2810
421,2819
388,2906
627,2980
649,2984
652,2993
724,3054
732,3100
46,3112
658,3150
983,3160
474,3208
84,3282
894,3295
926,3320
121,3337
571,3383
918,3506
303,3722

simblock.block.ProofOfWorkBlock@3289c8af:92
177,0
125,156
39,228
143,289
410,308
871,346
769,368
384,396
757,403
180,446
104,453
993,460
394,509
70,517
53,567
714,575
727,626
90,685
739,743
224,745
482,801
616,917
610,971
215,995
745,1090
697,1149
946,1262
331,1322
303,1337
449,1389
406,1493
156,1544
656,1548
736,1662
825,1723
286,1846
425,1942
998,1984
480,2064
441,2129
873,2224
80,2244
699,2277
712,2340
250,2428
160,2507
823,2508
371,2556
658,2579
922,2616
157,2727
923,2766
887,2792
152,2847
629,2852
512,2891
506,3026
880,3090
837,3105
729,3136
804,3176
566,3286
719,3364
446,3430
913,3470
994,3525
136,3547
657,3622
148,3848
465,3850
275,3910
846,3920
698,4146
955,4218
158,4230
717,4289
247,4465
521,4516
316,4612
758,4669
984,4765
263,4814
761,4993
861,5057
692,5066
579,5113
778,5369
301,5389
759,5412
366,5440
851,5677
609,5729
298,5771
79,5819
292,5985
784,6029
933,6189
146,6208
990,6309
779,6593
959,6608
456,6908
903,6984
343,7209

simblock.block.ProofOfWorkBlock@58e154e2:93
698,0
109,149
710,231
609,288
260,301
948,344
996,358
988,386
453,400
517,415
223,443
766,453
965,460
187,479
30,495
783,503
468,508
55,516
711,531
585,535
374,539
185,551
387,559
164,565
861,566
347,577
963,590
671,593
92,594
526,597
912,602
645,611
990,615
827,624
1000,629
465,634
267,636
434,643
214,646
575,647
320,650
681,650
123,653
695,655
615,657
893,662
48,664
423,669
604,671
204,673
740,682
840,685
198,686
498,689
459,691
640,700
309,701
713,702
148,706
835,706
90,707
668,709
743,714
458,715
779,719
448,719
359,720
639,721
235,725
21,726
746,729
689,729
81,733
546,740
573,743
263,744
289,744
323,745
852,746
352,748
618,749
31,757
937,758
692,760
602,760
87,761
754,762
552,762
992,763
608,765
488,772
491,772
41,773
944,775
984,776
233,777
864,777
128,784
456,785
560,785
751,785
470,790
960,791
146,793
758,797
412,798
461,799
955,800
581,800
730,800
942,802
562,803
153,803
363,804
422,805
29,808
158,808
700,811
624,812
440,812
928,812
482,814
292,815
296,818
962,818
884,819
545,820
800,820
313,821
565,823
130,827
650,828
856,828
521,830
773,834
345,834
357,835
620,836
904,836
813,838
338,843
53,845
251,846
591,846
398,846
522,849
96,849
49,849
595,849
372,851
903,853
685,854
925,855
167,855
326,856
329,856
186,857
579,857
929,858
139,858
770,858
222,858
631,860
715,860
10,860
407,861
817,863
548,865
366,865
598,867
945,868
79,869
218,870
972,870
940,871
508,871
993,873
280,874
431,874
489,874
881,876
748,877
821,877
193,877
328,878
520,878
778,879
665,881
531,882
457,884
74,885
574,885
941,891
394,891
360,892
85,893
542,893
558,894
870,895
744,895
667,896
213,896
902,897
343,899
15,899
102,901
234,902
938,903
728,903
460,904
791,904
731,905
427,905
629,905
217,906
384,907
890,910
274,911
717,911
932,912
249,912
324,913
89,913
469,913
687,914
718,914
305,914
419,915
871,916
708,916
210,916
191,917
202,918
230,918
368,918
725,919
39,919
839,923
882,923
662,923
973,924
971,924
503,924
924,926
17,928
490,930
757,930
336,930
947,931
869,932
828,932
99,935
42,935
104,935
487,937
414,937
464,938
524,938
71,938
149,939
196,940
917,940
12,941
410,941
958,943
141,944
976,945
654,946
25,949
853,949
911,950
561,951
682,951
957,951
612,951
134,952
759,952
811,954
528,955
283,955
535,956
824,956
590,958
851,958
389,959
888,960
393,960
497,960
866,961
147,962
195,962
18,962
179,964
673,965
875,967
424,967
69,967
830,968
54,969
8,970
203,970
34,970
466,971
532,971
961,972
27,973
483,973
782,973
982,974
644,974
951,975
537,975
663,977
377,977
116,978
342,979
756,979
669,980
13,981
628,981
790,981
242,982
761,983
231,985
767,985
299,986
597,988
637,988
699,988
599,989
163,991
769,991
849,994
985,995
737,996
655,997
258,997
209,997
436,998
505,998
66,999
499,999
262,999
858,999
77,1000
950,1001
19,1002
648,1003
838,1003
190,1004
5,1005
439,1005
358,1006
885,1007
653,1009
300,1009
797,1010
886,1010
385,1010
722,1010
438,1012
268,1012
857,1015
236,1018
793,1018
246,1019
127,1019
208,1020
416,1021
476,1021
151,1022
333,1022
641,1024
154,1024
33,1024
24,1024
836,1025
176,1025
572,1026
908,1027
781,1027
979,1027
969,1028
172,1030
301,1031
88,1033
277,1033
872,1034
284,1034
576,1035
59,1036
375,1037
180,1038
143,1038
278,1039
587,1039
316,1040
589,1043
216,1043
515,1043
473,1044
256,1046
114,1047
351,1050
200,1052
182,1052
312,1052
897,1054
56,1055
775,1055
854,1057
281,1058
485,1059
789,1059
150,1059
68,1061
108,1062
379,1062
298,1063
183,1065
205,1066
865,1068
693,1069
391,1071
843,1075
257,1075
672,1076
111,1076
501,1077
534,1078
798,1079
467,1080
115,1080
705,1080
704,1080
832,1082
784,1083
67,1083
227,1084
341,1085
381,1086
145,1087
16,1089
125,1090
378,1090
739,1090
93,1091
337,1092
833,1092
380,1092
846,1092
271,1094
159,1094
543,1096
443,1097
970,1097
714,1098
959,1099
582,1103
480,1104
519,1104
994,1107
239,1108
831,1108
747,1110
507,1111
694,1111
383,1112
999,1112
760,1115
63,1120
847,1122
920,1123
105,1125
165,1125
9,1126
297,1126
206,1128
43,1128
719,1128
819,1129
397,1131
916,1136
471,1137
518,1137
780,1138
124,1140
194,1141
500,1142
177,1143
184,1146
247,1149
634,1149
512,1150
622,1151
382,1151
907,1152
868,1152
295,1152
290,1152
418,1155
243,1159
991,1161
829,1162
259,1163
706,1165
454,1169
282,1170
842,1171
727,1171
806,1172
240,1175
32,1176
70,1183
82,1185
997,1185
525,1186
664,1190
914,1194
275,1195
952,1195
541,1197
901,1198
229,1199
38,1199
442,1200
152,1201
40,1202
238,1202
570,1209
915,1211
968,1211
696,1211
311,1213
625,1214
396,1216
270,1221
891,1222
559,1223
226,1230
879,1230
120,1233
603,1237
386,1237
350,1240
118,1241
762,1242
288,1245
721,1246
814,1246
415,1247
679,1249
684,1250
855,1253
75,1254
201,1254
630,1255
701,1257
995,1257
605,1257
632,1258
677,1260
78,1261
276,1263
304,1264
921,1266
981,1271
103,1271
939,1274
411,1280
734,1280
308,1281
564,1284
3,1285
850,1285
910,1287
841,1288
946,1288
51,1288
659,1289
596,1295
155,1296
815,1298
406,1298
712,1300
107,1301
556,1301
818,1302
745,1303
52,1303
475,1304
504,1305
586,1306
365,1309
923,1310
170,1311
221,1311
733,1312
14,1313
244,1317
83,1318
930,1319
353,1320
355,1320
812,1324
472,1324
65,1324
511,1325
98,1325
807,1329
451,1330
616,1333
331,1334
538,1335
594,1335
2,1337
502,1339
801,1341
429,1341
578,1343
494,1344
11,1345
563,1345
822,1345
294,1347
192,1350
936,1351
432,1353
967,1358
998,1364
253,1365
568,1365
307,1366
554,1366
395,1368
601,1369
742,1371
463,1373
676,1373
975,1376
566,1380
35,1381
837,1382
332,1382
346,1383
987,1385
859,1386
199,1392
931,1396
225,1401
444,1403
919,1405
776,1408
317,1411
977,1412
330,1413
484,1415
986,1418
956,1418
755,1420
211,1420
64,1424
106,1427
408,1427
207,1427
606,1427
825,1428
171,1429
314,1429
792,1430
248,1431
420,1432
344,1432
774,1433
91,1433
325,1435
883,1436
690,1445
716,1448
481,1448
527,1453
44,1455
569,1456
367,1458
516,1458
580,1458
23,1459
651,1461
557,1462
140,1463
450,1465
980,1469
661,1472
129,1473
493,1474
400,1476
409,1480
322,1483
506,1488
796,1488
272,1488
376,1490
860,1491
220,1494
496,1495
723,1498
173,1498
261,1498
426,1500
539,1502
62,1504
529,1509
724,1510
935,1511
513,1512
435,1513
136,1513
291,1514
131,1517
577,1523
660,1534
404,1535
413,1537
536,1538
403,1541
617,1542
533,1543
974,1548
160,1548
433,1548
447,1551
896,1552
310,1552
94,1553
390,1555
486,1556
112,1557
189,1558
119,1561
22,1563
889,1564
252,1564
703,1565
405,1572
753,1575
228,1577
638,1581
549,1587
168,1588
905,1591
678,1591
909,1591
788,1595
674,1595
47,1596
593,1596
530,1597
777,1602
867,1604
241,1605
635,1606
72,1607
584,1609
279,1611
319,1613
340,1613
785,1615
555,1622
600,1624
45,1627
610,1627
613,1633
626,1634
647,1634
514,1635
547,1638
273,1640
399,1642
709,1642
73,1644
57,1646
894,1649
927,1655
232,1657
245,1657
786,1660
805,1663
219,1664
877,1666
691,1666
315,1667
121,1667
680,1670
371,1671
175,1680
4,1682
772,1682
97,1687
670,1689
361,1689
794,1693
906,1695
720,1695
834,1698
95,1706
876,1707
913,1710
492,1711
729,1711
619,1712
642,1715
392,1715
321,1716
633,1718
178,1721
738,1723
820,1724
364,1725
702,1725
643,1730
592,1733
874,1738
157,1744
873,1745
823,1751
736,1756
215,1756
826,1758
421,1760
1,1764
356,1766
551,1767
197,1771
266,1772
523,1776
302,1780
117,1780
212,1781
697,1782
863,1784
878,1785
265,1803
749,1804
934,1804
113,1805
287,1805
28,1807
978,1816
787,1820
285,1821
50,1825
26,1827
402,1833
169,1834
162,1836
132,1836
583,1839
675,1842
799,1843
156,1844
900,1850
621,1856
80,1866
318,1867
477,1879
607,1882
966,1893
764,1894
254,1894
334,1896
623,1897
862,1900
237,1905
922,1912
808,1924
61,1928
20,1929
137,1936
544,1939
750,1941
683,1944
656,1947
898,1954
735,1954
181,1955
553,1958
627,1963
611,1967
224,1976
771,1977
510,1978
133,1986
369,1994
255,1995
269,1997
122,2007
943,2013
752,2018
138,2020
339,2028
964,2037
571,2039
954,2043
425,2048
848,2049
417,2053
652,2067
802,2068
478,2071
567,2077
540,2090
445,2106
479,2109
327,2117
844,2123
895,2126
449,2127
293,2129
933,2130
741,2137
110,2142
636,2142
86,2148
264,2148
495,2167
100,2177
646,2177
401,2184
428,2187
373,2189
250,2192
765,2209
763,2211
174,2215
37,2226
303,2242
899,2244
135,2260
688,2261
953,2269
732,2277
657,2279
816,2288
446,2306
36,2318
455,2327
6,2331
84,2341
726,2348
348,2352
58,2360
437,2363
803,2370
550,2396
795,2414
845,2428
126,2429
76,2431
349,2431
166,2432
430,2464
989,2468
142,2473
388,2475
949,2496
804,2506
707,2538
452,2561
509,2616
188,2624
7,2635
60,2635
768,2647
686,2713
880,2714
370,2715
658,2716
46,2735
286,2747
161,2759
666,2773
462,2787
474,2809
983,2815
588,2846
926,2960
809,2978
441,3003
335,3012
649,3030
810,3061
614,3072
144,3137
362,3290
306,3310
918,3317
892,3323
354,3438
887,3576
101,3651

simblock.block.ProofOfWorkBlock@1c39635b:94
988,0
394,154
681,211
585,271
10,301
612,328
602,358
562,362
565,384
193,420
275,421
604,443
92,445
277,454
278,477
458,479
163,484
297,501
835,502
231,508
158,516
711,524
497,532
669,534
552,539
760,547
754,558
662,565
969,567
714,570
945,572
689,573
944,581
971,592
139,593
153,595
48,596
599,598
958,608
33,614
710,616
366,625
333,625
358,629
280,631
360,632
620,633
227,637
811,638
769,647
857,649
284,650
526,651
431,651
985,654
186,657
89,659
747,667
885,670
434,672
39,673
871,680
545,682
289,682
167,683
53,687
888,689
185,690
537,690
442,691
992,693
443,695
183,697
267,698
524,708
505,709
15,710
243,713
740,713
383,713
75,716
42,716
929,716
247,719
296,724
817,726
904,727
975,728
743,731
453,731
407,737
8,737
5,739
191,740
912,740
654,745
17,745
790,746
398,747
705,748
179,749
881,749
624,750
456,750
637,750
832,752
440,753
309,755
470,759
471,761
870,763
88,764
146,766
81,767
195,770
324,771
507,772
715,772
976,773
56,774
223,774
903,775
875,775
499,776
560,778
693,781
591,782
622,782
177,782
198,787
827,787
409,789
180,789
106,789
164,791
350,791
581,794
347,795
27,796
473,799
93,801
653,801
996,802
856,802
700,802
541,803
781,803
338,804
410,804
793,806
316,806
257,807
766,807
574,808
928,808
886,811
890,811
154,812
595,812
485,818
582,819
41,819
535,819
757,820
389,821
639,821
973,822
727,826
87,828
861,829
663,829
773,829
915,830
240,830
869,832
217,833
359,834
104,835
214,835
783,836
938,840
579,840
846,840
828,841
779,842
692,842
187,843
528,843
990,843
239,843
363,846
911,846
115,846
260,847
999,848
950,849
739,850
673,851
30,851
682,852
997,857
951,857
292,857
972,858
419,859
761,859
210,859
19,860
148,862
941,862
68,862
920,862
849,863
424,865
982,865
222,865
150,866
85,866
281,866
268,867
932,868
940,868
134,868
418,869
543,869
672,871
130,872
328,874
124,874
165,875
665,876
824,877
713,877
274,878
908,879
111,882
797,885
202,886
464,887
520,888
531,889
744,890
305,890
882,891
69,892
482,892
230,893
190,894
384,894
819,896
236,896
902,898
695,898
838,899
833,899
82,899
917,900
242,900
937,901
717,901
821,902
258,902
813,903
336,903
508,904
194,905
468,905
668,905
515,906
698,906
118,907
603,910
947,910
644,910
184,912
372,912
772,912
436,914
914,914
233,914
208,916
151,917
368,917
218,918
234,918
83,919
448,919
459,920
263,922
685,923
864,924
379,924
125,925
960,925
632,926
748,928
963,928
916,928
251,929
756,931
127,931
246,932
283,933
501,933
836,933
558,933
605,934
375,934
149,934
671,936
29,936
391,937
213,937
491,938
145,938
77,939
352,941
858,942
129,942
341,943
598,945
307,945
377,946
855,947
687,947
767,948
517,948
573,948
467,948
55,948
374,950
460,950
312,951
840,951
301,952
728,953
262,953
615,953
1000,955
159,956
667,956
897,957
737,957
587,957
9,958
271,959
532,959
128,960
427,961
866,962
542,962
337,963
295,963
648,964
674,964
343,964
546,965
13,965
487,966
31,966
759,967
465,967
393,969
631,969
488,971
200,972
376,972
21,972
893,972
109,973
420,974
78,974
751,976
345,977
67,977
534,977
962,979
12,979
357,981
645,982
206,982
521,983
147,984
503,985
955,986
444,989
439,989
387,989
853,990
469,990
959,991
18,993
608,994
746,994
102,994
570,997
704,997
28,998
979,998
34,999
522,1000
461,1002
415,1002
300,1004
731,1004
182,1006
641,1006
385,1008
730,1008
586,1009
970,1009
249,1009
422,1010
961,1010
24,1014
722,1015
74,1016
457,1017
380,1017
993,1017
814,1017
326,1019
791,1020
907,1020
412,1020
414,1021
475,1023
923,1023
708,1024
229,1025
854,1026
476,1030
137,1031
256,1031
323,1032
684,1038
342,1039
25,1039
416,1040
116,1040
879,1042
498,1042
438,1044
839,1045
758,1046
984,1047
618,1048
518,1049
851,1051
725,1053
784,1053
320,1054
290,1055
807,1055
852,1056
466,1056
99,1056
378,1057
872,1061
346,1062
16,1064
90,1067
800,1067
718,1067
798,1067
70,1070
79,1072
965,1072
664,1073
123,1074
143,1080
954,1081
288,1082
948,1082
957,1082
792,1087
706,1088
483,1089
830,1090
837,1096
868,1096
778,1099
994,1100
638,1100
770,1101
423,1103
548,1107
749,1108
59,1113
998,1115
490,1115
609,1117
771,1121
628,1121
538,1121
35,1123
176,1123
576,1124
313,1124
925,1125
205,1128
170,1128
71,1130
946,1131
527,1132
806,1132
964,1133
168,1134
643,1136
96,1136
629,1139
590,1139
63,1140
100,1141
774,1142
141,1142
865,1146
942,1147
108,1148
556,1149
131,1151
801,1152
924,1157
683,1158
789,1160
73,1160
450,1161
697,1162
719,1167
282,1172
987,1175
967,1177
94,1177
264,1179
329,1179
172,1179
203,1182
655,1183
630,1183
930,1185
310,1185
549,1186
396,1187
140,1187
952,1188
1,1188
597,1189
47,1193
204,1193
23,1194
382,1194
495,1197
226,1202
575,1202
248,1204
617,1205
563,1206
484,1207
371,1209
98,1210
209,1214
133,1216
696,1216
381,1223
287,1223
504,1228
921,1229
931,1230
847,1232
291,1234
536,1236
364,1236
386,1237
489,1238
782,1238
304,1239
733,1240
519,1240
775,1241
411,1243
72,1246
219,1247
155,1251
900,1251
812,1260
463,1261
232,1261
995,1264
511,1264
640,1266
561,1267
986,1269
712,1269
54,1270
480,1271
472,1272
478,1272
238,1273
11,1273
318,1274
780,1274
787,1277
454,1277
112,1280
841,1281
820,1283
500,1286
445,1286
367,1287
279,1288
64,1289
110,1289
577,1291
554,1291
196,1291
939,1292
564,1293
502,1294
298,1296
980,1300
906,1302
567,1305
723,1307
776,1310
317,1310
43,1311
2,1312
678,1312
616,1313
764,1313
160,1314
843,1314
253,1316
741,1317
220,1318
178,1318
977,1318
506,1319
762,1319
529,1320
850,1320
539,1321
52,1322
512,1325
49,1330
755,1330
659,1332
736,1333
259,1334
661,1334
822,1334
432,1335
479,1337
701,1337
826,1339
451,1343
22,1348
62,1348
753,1354
580,1355
818,1355
566,1359
679,1359
516,1361
862,1364
578,1364
361,1365
348,1366
831,1367
596,1376
332,1376
729,1380
936,1386
677,1388
162,1390
481,1390
510,1391
216,1393
873,1395
51,1399
325,1404
117,1405
429,1408
447,1409
568,1410
435,1411
842,1411
330,1412
369,1415
829,1417
896,1418
794,1421
221,1423
513,1423
119,1424
949,1425
625,1430
244,1433
721,1439
403,1441
353,1441
397,1442
765,1443
261,1443
365,1450
122,1454
80,1455
400,1458
891,1458
553,1460
651,1466
514,1470
334,1473
876,1474
621,1475
884,1476
720,1480
103,1480
211,1487
181,1488
991,1489
173,1489
675,1490
785,1491
486,1493
676,1497
544,1497
874,1499
555,1501
66,1501
406,1504
735,1507
314,1509
14,1512
255,1514
355,1518
601,1521
44,1523
395,1523
401,1525
339,1527
589,1528
413,1531
319,1535
525,1537
594,1539
171,1543
619,1545
201,1552
26,1553
635,1554
113,1559
647,1559
607,1561
293,1566
919,1570
823,1574
294,1579
533,1583
613,1584
593,1584
390,1586
623,1587
225,1588
493,1590
666,1590
877,1599
156,1599
197,1602
349,1604
273,1604
966,1608
670,1609
356,1611
285,1616
572,1616
734,1617
547,1617
956,1618
286,1621
509,1621
606,1625
157,1628
237,1629
311,1629
634,1631
845,1633
702,1635
265,1638
688,1640
878,1641
428,1642
633,1642
20,1644
745,1645
657,1648
299,1651
716,1652
905,1653
742,1660
430,1664
895,1665
943,1667
909,1668
132,1669
270,1669
709,1671
867,1671
649,1672
981,1673
331,1675
738,1679
402,1680
161,1682
224,1685
569,1688
215,1689
50,1695
455,1695
477,1699
650,1700
76,1703
61,1711
38,1718
370,1721
834,1722
694,1722
302,1722
690,1741
557,1743
934,1747
354,1747
583,1749
441,1753
4,1756
321,1767
805,1771
796,1773
144,1774
918,1779
795,1786
859,1789
105,1790
913,1791
726,1801
308,1802
660,1807
626,1809
802,1812
3,1815
175,1817
559,1817
142,1819
592,1820
968,1823
686,1824
269,1829
266,1833
898,1836
40,1840
351,1841
91,1843
189,1845
306,1847
610,1848
408,1852
978,1854
136,1855
699,1862
825,1863
169,1866
404,1870
60,1876
810,1878
551,1880
786,1886
120,1892
45,1898
752,1902
322,1905
37,1909
724,1915
492,1915
550,1926
863,1929
636,1936
901,1938
899,1938
327,1946
974,1947
809,1954
126,1955
207,1969
815,1974
588,1979
910,1993
174,2005
107,2011
135,2012
496,2018
101,2020
340,2031
816,2033
691,2033
152,2035
808,2036
344,2054
6,2080
315,2098
799,2098
65,2099
399,2099
388,2101
600,2104
768,2106
889,2107
614,2107
494,2109
523,2120
425,2130
707,2131
7,2144
860,2146
646,2158
138,2162
272,2172
36,2175
199,2181
405,2182
763,2184
245,2195
254,2198
680,2204
235,2214
452,2229
97,2230
335,2230
114,2238
848,2267
883,2273
892,2316
57,2320
894,2330
922,2350
58,2352
953,2383
421,2389
642,2390
212,2393
192,2399
803,2406
32,2410
935,2410
86,2415
887,2418
658,2422
703,2428
250,2443
276,2447
46,2448
611,2458
392,2461
449,2469
732,2471
989,2480
880,2493
750,2513
362,2514
927,2515
252,2525
426,2566
777,2587
84,2613
241,2619
804,2669
228,2673
571,2683
437,2696
540,2704
474,2726
95,2783
373,2788
652,2800
121,2802
303,2817
656,2836
933,2860
530,2877
446,3023
433,3068
983,3068
462,3070
584,3092
166,3146
627,3218
788,3353
188,3369
844,3428
417,3710
926,3775

simblock.block.ProofOfWorkBlock@2b063dac:95
67,0
431,153
872,218
870,275
893,304
324,332
179,362
648,371
797,391
59,421
615,424
963,428
410,451
609,452
781,480
497,482
704,482
491,489
869,508
208,522
902,522
92,536
143,538
468,539
608,540
915,548
882,565
326,574
460,574
147,578
262,579
879,582
423,594
864,595
782,596
387,604
976,605
115,606
754,608
280,622
701,622
685,631
99,632
565,633
542,636
713,639
682,641
960,641
858,651
316,652
329,652
436,656
590,659
993,663
838,664
639,664
104,667
467,667
79,675
824,681
292,682
223,687
988,687
779,687
177,690
791,693
475,696
165,697
109,697
357,699
961,701
194,703
200,705
459,709
15,713
971,713
517,721
442,721
490,723
618,723
123,723
757,723
93,724
932,727
945,728
972,728
247,728
461,729
198,734
374,739
866,739
975,742
328,743
996,743
153,745
708,746
128,748
543,750
283,753
839,755
70,755
359,755
947,755
928,756
297,757
758,760
747,763
419,763
541,764
730,772
914,773
828,774
407,775
965,780
33,780
338,780
53,785
149,785
743,785
87,786
195,787
830,789
16,789
728,789
347,790
729,791
342,791
813,792
573,793
49,794
383,795
522,795
5,795
944,798
631,799
343,800
904,802
868,802
890,804
789,805
576,807
75,811
476,811
595,812
775,812
778,812
427,813
464,813
385,813
281,814
263,814
836,816
929,817
30,817
295,818
209,819
485,819
644,820
632,820
305,820
598,822
154,832
116,835
148,836
599,838
206,838
827,838
210,838
233,838
333,840
394,840
196,840
664,842
130,843
545,843
412,843
955,844
714,844
456,845
418,846
27,846
352,847
548,847
800,849
150,851
187,851
959,851
672,852
483,852
654,852
284,852
871,853
602,855
817,855
790,856
231,857
521,857
526,857
984,859
985,859
689,860
323,861
840,861
41,861
886,864
744,865
501,868
489,868
662,868
438,869
751,869
289,869
761,870
951,870
1000,870
29,871
336,871
531,872
853,872
727,872
197,872
534,873
102,875
139,875
665,875
366,876
849,877
69,877
798,878
528,878
507,878
389,878
222,878
358,879
737,879
587,879
597,880
164,881
579,881
439,881
271,885
937,890
958,892
861,892
710,893
503,894
671,895
298,896
422,896
941,896
234,897
124,897
624,897
692,899
982,899
471,900
96,901
77,903
473,903
243,904
783,905
835,905
274,906
520,907
766,907
240,908
312,908
384,909
546,909
376,910
508,910
85,910
239,910
202,910
260,911
191,911
125,911
505,912
251,912
725,914
378,915
186,916
582,916
146,917
82,918
731,919
911,920
819,920
903,920
18,920
687,922
560,923
314,925
277,926
350,927
8,927
888,927
180,928
979,928
535,928
129,928
257,929
924,929
158,930
620,931
106,931
663,932
773,933
39,933
875,934
89,934
54,934
570,935
393,935
994,935
278,935
907,936
532,936
973,937
759,937
448,937
300,938
81,939
552,939
236,940
487,940
465,940
574,941
706,941
391,942
515,942
68,946
218,947
722,949
55,950
320,950
604,951
375,952
832,953
673,953
498,954
193,954
581,955
176,955
416,956
163,956
25,958
230,958
268,959
854,959
24,961
612,962
630,962
249,963
770,964
256,964
380,965
337,966
645,966
760,966
19,966
562,967
969,967
925,967
997,969
88,969
301,970
63,970
504,970
990,971
275,971
948,972
950,972
655,973
767,973
558,973
818,975
214,976
897,977
172,977
717,978
205,985
190,985
908,987
698,988
715,989
42,989
821,989
739,990
48,990
363,990
203,991
267,992
127,992
151,993
537,993
488,993
748,994
183,994
640,995
21,996
575,996
213,998
856,998
246,999
917,1000
857,1000
846,1000
769,1001
217,1002
711,1003
145,1003
185,1004
740,1005
377,1006
344,1008
995,1008
74,1008
851,1009
424,1009
71,1009
516,1009
881,1010
746,1012
372,1012
368,1013
313,1015
90,1015
605,1016
167,1017
693,1019
585,1020
667,1022
440,1022
628,1022
466,1023
13,1024
434,1025
227,1027
34,1027
885,1027
182,1028
622,1028
970,1029
204,1029
134,1030
518,1031
420,1034
242,1034
10,1035
398,1035
991,1035
360,1035
700,1037
458,1037
957,1038
912,1039
841,1042
920,1043
669,1046
695,1047
258,1048
443,1049
705,1050
962,1051
992,1052
332,1055
865,1057
756,1057
290,1058
811,1060
400,1061
482,1065
793,1066
741,1068
954,1068
718,1069
538,1071
309,1073
453,1075
524,1076
684,1077
734,1078
681,1078
470,1080
12,1081
559,1083
784,1084
668,1085
152,1086
334,1087
641,1088
17,1091
916,1091
365,1092
591,1093
486,1094
201,1095
816,1102
159,1103
346,1103
62,1104
307,1104
561,1104
831,1106
942,1107
852,1111
469,1112
940,1112
564,1115
594,1115
31,1122
906,1123
178,1133
637,1133
141,1137
411,1142
221,1144
967,1145
999,1146
938,1149
723,1152
28,1152
533,1152
408,1158
653,1162
833,1162
580,1163
774,1166
414,1167
345,1168
282,1168
114,1169
390,1169
272,1171
229,1172
52,1174
207,1178
923,1178
173,1179
753,1183
863,1185
883,1187
66,1188
826,1189
181,1189
259,1190
270,1190
331,1191
224,1193
296,1195
502,1196
279,1199
484,1201
566,1201
447,1202
170,1203
330,1204
820,1205
235,1207
457,1208
111,1210
444,1213
1,1213
867,1213
137,1213
51,1214
621,1216
304,1216
589,1218
118,1219
814,1221
930,1223
606,1223
635,1224
135,1234
100,1242
83,1242
844,1245
755,1246
733,1246
968,1247
409,1248
551,1249
807,1249
699,1250
413,1251
348,1252
288,1253
318,1253
120,1253
998,1253
815,1255
73,1258
506,1258
226,1259
131,1260
736,1263
796,1269
946,1272
721,1272
981,1274
184,1275
702,1277
716,1277
499,1278
650,1279
822,1281
78,1281
555,1284
308,1284
626,1284
451,1284
586,1289
896,1292
764,1292
40,1293
936,1294
513,1295
11,1295
254,1300
232,1303
481,1305
361,1306
860,1307
108,1307
396,1309
603,1314
512,1317
874,1320
742,1320
806,1321
43,1321
554,1323
160,1325
103,1326
435,1328
244,1330
72,1331
168,1333
162,1336
494,1337
519,1338
175,1338
287,1343
900,1345
496,1347
264,1349
155,1350
189,1350
276,1351
356,1351
480,1353
4,1354
829,1356
105,1357
432,1358
547,1359
310,1360
2,1361
843,1361
556,1362
964,1362
837,1366
720,1366
98,1369
140,1369
823,1371
726,1379
415,1380
676,1381
9,1382
891,1384
719,1385
801,1387
495,1390
493,1390
638,1390
567,1395
369,1399
931,1405
679,1406
805,1415
478,1417
406,1418
367,1419
749,1421
794,1425
529,1425
792,1426
426,1427
525,1430
94,1431
588,1432
678,1437
23,1440
248,1444
568,1444
986,1445
241,1446
379,1453
921,1453
563,1456
291,1456
341,1457
527,1462
211,1467
987,1467
910,1467
593,1475
107,1475
38,1476
675,1483
762,1485
22,1492
712,1493
161,1501
117,1502
919,1507
697,1507
299,1508
905,1508
32,1509
399,1513
472,1515
215,1517
850,1518
381,1527
113,1527
583,1527
225,1527
122,1528
510,1531
577,1532
441,1533
455,1534
642,1535
812,1536
878,1536
86,1537
65,1538
540,1553
956,1553
544,1556
371,1557
322,1559
132,1561
255,1562
45,1562
317,1564
339,1564
136,1566
335,1567
785,1574
661,1575
119,1577
977,1579
126,1584
880,1585
557,1587
623,1589
500,1589
228,1590
349,1592
174,1593
364,1594
694,1595
777,1596
238,1596
84,1598
216,1600
980,1601
873,1603
553,1603
97,1605
362,1608
550,1614
696,1615
403,1616
763,1619
252,1620
477,1622
56,1627
703,1630
273,1630
382,1634
752,1636
771,1636
454,1636
294,1636
686,1637
245,1642
601,1648
611,1650
433,1651
35,1657
61,1662
732,1664
803,1674
237,1674
933,1676
110,1685
306,1685
220,1685
656,1690
404,1691
935,1693
133,1695
188,1696
386,1696
795,1701
776,1703
738,1707
855,1707
171,1708
895,1721
46,1725
523,1728
691,1731
112,1736
549,1738
192,1742
772,1742
787,1747
607,1750
285,1752
47,1754
617,1756
768,1758
351,1759
311,1760
569,1763
952,1764
397,1765
430,1768
616,1771
842,1773
592,1774
889,1777
429,1783
58,1784
657,1791
670,1793
660,1799
353,1805
395,1806
425,1810
265,1811
166,1813
156,1819
584,1819
462,1823
142,1828
884,1837
452,1854
219,1857
463,1862
405,1864
735,1865
449,1869
340,1871
690,1872
780,1876
572,1877
446,1878
765,1883
266,1884
91,1884
479,1884
401,1889
319,1890
652,1900
707,1905
934,1911
373,1920
862,1921
922,1929
3,1930
859,1930
659,1934
269,1935
417,1936
643,1941
325,1942
847,1943
327,1948
303,1959
877,1960
14,1962
892,1968
651,1981
355,1996
253,2007
978,2018
421,2031
57,2031
354,2032
536,2033
949,2033
64,2037
887,2048
808,2051
445,2053
745,2057
834,2057
899,2072
646,2072
250,2080
6,2095
913,2096
825,2100
649,2101
596,2102
80,2108
629,2112
578,2116
539,2120
683,2122
848,2126
450,2128
939,2140
750,2160
600,2165
610,2171
633,2175
927,2190
388,2202
634,2205
680,2223
786,2228
511,2233
799,2264
810,2279
901,2279
95,2290
677,2292
199,2295
101,2313
437,2318
613,2320
26,2337
36,2340
625,2351
983,2378
302,2379
392,2382
989,2394
894,2399
286,2409
674,2414
724,2415
809,2418
370,2418
788,2424
802,2443
647,2463
212,2465
144,2467
898,2500
614,2501
688,2526
953,2548
492,2563
666,2595
804,2602
845,2627
138,2641
658,2662
60,2665
571,2678
7,2679
709,2699
315,2707
402,2710
974,2710
918,2722
876,2726
619,2742
514,2749
50,2828
44,2854
909,2882
76,2885
321,2923
293,2968
509,2983
943,2992
966,3001
261,3025
20,3030
121,3032
474,3151
636,3168
169,3277
157,3305
530,3309
428,3318
627,3618
37,3652
926,3961

simblock.block.ProofOfWorkBlock@232a6f7:96
381,0
606,219
841,303
776,386
432,437
577,471
734,519
995,522
390,555
630,602
906,603
825,613
753,636
745,654
355,686
279,689
171,692
403,706
299,740
327,741
572,752
610,770
173,772
196,773
683,776
513,801
826,818
12,818
765,820
226,825
563,826
447,837
486,837
479,852
504,854
11,854
73,859
850,867
939,874
712,884
331,899
189,907
762,908
559,909
272,912
291,916
529,925
235,925
400,925
94,935
248,937
922,943
651,943
919,950
726,952
408,956
62,960
349,960
13,972
691,989
883,990
270,994
232,996
454,998
456,998
429,1000
396,1002
252,1002
549,1006
701,1010
657,1015
318,1017
638,1018
998,1020
40,1023
816,1025
1,1028
715,1028
494,1035
820,1037
690,1038
733,1039
538,1042
721,1042
629,1046
741,1047
32,1056
981,1059
869,1060
910,1060
764,1068
175,1071
987,1072
527,1074
136,1075
132,1079
112,1080
617,1084
519,1084
282,1084
472,1085
924,1086
539,1090
178,1094
921,1098
103,1103
107,1105
470,1107
749,1108
114,1110
586,1111
216,1116
568,1118
415,1120
406,1120
52,1120
999,1120
409,1121
992,1122
330,1122
616,1126
496,1127
847,1127
225,1128
699,1130
108,1135
120,1137
901,1138
495,1143
264,1143
650,1145
236,1145
896,1150
71,1150
510,1150
373,1153
729,1154
450,1156
556,1156
463,1158
720,1159
956,1161
451,1162
80,1165
516,1165
361,1166
14,1171
424,1172
801,1174
435,1174
593,1175
674,1175
923,1176
356,1178
199,1183
679,1183
352,1185
986,1186
308,1189
831,1190
102,1191
426,1193
815,1194
851,1194
74,1195
238,1201
81,1202
694,1203
23,1205
430,1205
991,1206
4,1210
536,1212
181,1212
55,1213
874,1214
980,1215
858,1218
351,1218
771,1220
867,1221
564,1225
719,1229
220,1230
659,1231
772,1231
982,1235
837,1239
533,1240
512,1240
367,1241
972,1241
968,1242
219,1243
314,1244
578,1245
952,1247
117,1249
583,1249
152,1252
294,1253
647,1254
346,1254
259,1255
160,1255
298,1257
661,1258
111,1260
85,1260
276,1260
205,1262
684,1262
547,1266
511,1267
224,1267
787,1269
42,1270
525,1271
194,1271
9,1271
673,1271
414,1272
859,1272
544,1272
535,1274
967,1274
461,1275
601,1276
253,1278
325,1280
678,1284
445,1286
480,1288
310,1288
137,1291
742,1291
280,1291
780,1292
78,1293
635,1295
758,1297
311,1297
344,1297
395,1297
870,1298
22,1298
328,1300
122,1300
655,1301
2,1302
545,1303
168,1304
28,1305
812,1307
626,1308
716,1311
736,1312
957,1313
241,1316
358,1317
696,1317
723,1317
540,1322
502,1322
33,1323
676,1323
371,1325
935,1326
936,1327
262,1327
65,1328
88,1329
737,1330
229,1332
893,1332
118,1332
623,1334
411,1335
459,1336
806,1337
448,1337
15,1339
201,1340
702,1341
365,1342
287,1342
621,1342
554,1343
618,1344
774,1344
546,1346
133,1349
162,1349
487,1350
777,1351
184,1352
317,1353
970,1355
397,1355
8,1356
155,1357
105,1359
64,1363
61,1366
866,1367
165,1367
307,1367
608,1368
558,1368
98,1368
862,1368
863,1369
440,1370
781,1372
931,1373
197,1376
822,1379
212,1379
697,1379
852,1379
531,1379
150,1382
551,1382
567,1384
964,1385
824,1385
622,1386
63,1388
131,1388
10,1391
860,1391
900,1392
140,1393
597,1393
566,1395
594,1396
842,1397
244,1397
211,1398
517,1398
170,1398
292,1400
973,1400
807,1407
106,1407
444,1408
394,1412
506,1418
484,1418
369,1418
693,1418
977,1420
153,1421
959,1421
500,1421
625,1423
932,1423
790,1424
100,1424
916,1426
979,1426
840,1427
596,1427
334,1427
68,1428
265,1433
739,1433
469,1433
288,1434
110,1434
705,1435
363,1437
838,1438
332,1438
672,1441
738,1444
632,1445
782,1446
976,1446
357,1447
757,1448
575,1449
602,1449
595,1451
364,1452
490,1453
304,1454
341,1455
950,1455
478,1459
853,1459
580,1461
218,1461
829,1462
641,1465
221,1468
882,1469
27,1469
755,1469
643,1470
187,1473
338,1474
938,1474
35,1477
569,1478
104,1481
18,1481
247,1483
689,1486
891,1486
412,1487
855,1487
609,1489
485,1489
553,1491
819,1493
685,1493
644,1497
766,1497
917,1499
941,1502
382,1502
888,1502
324,1503
682,1503
830,1505
422,1507
687,1509
532,1510
183,1511
326,1512
285,1514
555,1515
348,1516
654,1516
38,1517
947,1518
579,1521
93,1521
420,1522
817,1522
589,1523
759,1523
843,1524
940,1525
930,1526
628,1526
343,1529
90,1530
884,1530
135,1531
227,1532
706,1533
180,1535
368,1538
182,1538
116,1539
879,1541
792,1541
198,1541
522,1543
634,1543
204,1543
3,1544
990,1546
366,1548
791,1549
482,1549
951,1549
481,1550
861,1551
386,1553
66,1555
296,1555
176,1555
562,1557
946,1559
498,1559
743,1560
431,1564
172,1568
222,1571
784,1574
912,1575
193,1576
290,1576
475,1577
289,1580
271,1580
457,1581
30,1582
828,1582
419,1585
677,1587
864,1587
164,1588
389,1588
305,1591
256,1591
268,1591
996,1592
783,1594
146,1595
47,1596
139,1596
794,1599
662,1599
70,1600
130,1601
903,1601
214,1603
25,1603
141,1603
464,1605
717,1605
728,1607
518,1607
491,1608
43,1612
948,1612
827,1613
41,1614
69,1614
383,1616
708,1617
312,1619
839,1619
147,1619
72,1620
387,1620
466,1622
958,1624
376,1624
353,1626
329,1626
483,1627
123,1628
143,1629
954,1629
695,1630
350,1635
698,1635
868,1639
281,1640
75,1641
5,1643
971,1646
96,1647
48,1649
605,1649
207,1653
337,1654
378,1656
503,1657
714,1658
789,1663
681,1665
323,1666
499,1666
82,1675
398,1676
239,1677
955,1678
612,1678
243,1681
501,1683
890,1685
342,1686
17,1686
313,1687
202,1688
645,1692
818,1693
570,1694
277,1694
590,1695
51,1695
585,1697
191,1697
53,1698
200,1698
798,1700
849,1703
489,1704
680,1704
443,1705
213,1705
149,1706
727,1708
125,1709
767,1709
821,1712
471,1714
416,1717
914,1717
439,1717
944,1721
604,1721
21,1722
301,1723
600,1724
29,1725
77,1725
607,1726
258,1727
599,1727
552,1732
163,1733
993,1735
740,1738
814,1739
761,1741
169,1743
886,1744
309,1747
963,1748
246,1751
374,1752
994,1752
410,1755
911,1758
872,1759
49,1759
127,1760
796,1761
773,1763
185,1764
159,1767
413,1768
962,1769
668,1771
704,1778
523,1781
377,1781
574,1783
508,1788
835,1789
335,1790
756,1791
854,1791
640,1791
894,1795
245,1795
427,1797
598,1797
800,1797
115,1798
620,1799
87,1801
345,1802
158,1803
961,1804
667,1804
805,1811
779,1814
109,1817
542,1820
561,1821
937,1823
521,1825
399,1834
209,1837
360,1843
989,1843
943,1844
275,1845
154,1849
507,1854
857,1855
735,1857
975,1857
306,1857
375,1858
195,1859
581,1861
908,1862
295,1862
751,1863
670,1865
7,1867
336,1867
148,1868
142,1868
669,1871
407,1872
692,1873
260,1874
266,1875
934,1877
730,1880
192,1881
615,1882
642,1884
904,1885
591,1886
223,1889
799,1891
658,1891
269,1893
257,1895
34,1901
984,1903
793,1903
385,1904
39,1905
119,1906
636,1906
359,1907
833,1907
339,1917
603,1918
393,1919
320,1924
675,1924
468,1929
856,1935
453,1938
92,1941
493,1945
210,1947
179,1947
293,1950
660,1950
492,1951
803,1955
528,1957
514,1957
473,1961
16,1964
231,1966
909,1967
297,1969
46,1969
537,1969
151,1971
878,1971
778,1972
997,1973
31,1975
97,1976
988,1978
760,1980
627,1981
663,1981
255,1982
592,1986
985,1988
724,1991
534,1991
875,1994
887,1998
300,1998
261,1999
121,2002
24,2005
811,2018
813,2020
770,2025
477,2032
423,2032
124,2033
656,2034
666,2035
283,2036
754,2043
402,2047
587,2048
905,2056
550,2057
476,2057
233,2058
871,2060
731,2062
86,2067
541,2068
713,2074
167,2079
418,2081
145,2085
157,2087
520,2090
530,2091
763,2093
177,2098
560,2101
571,2104
230,2106
942,2108
37,2109
960,2110
95,2110
710,2113
688,2115
750,2115
391,2123
810,2125
190,2126
844,2127
455,2127
588,2130
488,2132
747,2134
804,2136
515,2141
474,2142
267,2144
497,2147
302,2148
316,2154
846,2156
907,2158
67,2160
54,2160
929,2165
848,2167
217,2167
836,2172
83,2186
548,2191
251,2198
797,2202
166,2203
263,2206
573,2206
99,2210
392,2220
284,2221
920,2221
101,2224
802,2235
526,2238
372,2239
953,2241
60,2242
786,2244
206,2248
775,2263
467,2267
380,2267
614,2269
915,2275
333,2276
885,2279
744,2282
876,2283
752,2288
129,2292
59,2298
865,2302
565,2306
928,2310
434,2314
978,2320
746,2323
611,2324
509,2329
722,2330
465,2337
823,2338
925,2338
278,2339
897,2340
613,2341
665,2341
442,2351
57,2353
788,2358
505,2364
945,2369
370,2371
286,2374
138,2375
649,2380
983,2382
637,2384
19,2396
880,2399
84,2406
845,2407
711,2413
113,2413
725,2421
234,2421
889,2450
664,2450
748,2452
441,2454
128,2455
460,2460
436,2460
242,2472
576,2480
834,2481
433,2496
44,2497
240,2497
686,2498
458,2504
881,2514
446,2518
405,2524
347,2540
918,2542
250,2544
274,2550
20,2554
927,2559
126,2568
186,2574
91,2581
624,2586
437,2588
425,2591
404,2593
832,2603
237,2604
249,2605
174,2627
652,2629
646,2631
718,2632
965,2645
354,2650
134,2657
895,2657
709,2661
902,2673
639,2679
619,2688
543,2693
584,2706
462,2709
303,2712
203,2725
379,2744
949,2746
974,2751
421,2753
58,2764
671,2765
362,2767
582,2779
322,2792
700,2809
401,2819
1000,2834
215,2841
254,2842
388,2853
208,2854
79,2867
449,2882
319,2897
340,2902
76,2904
384,2908
877,2911
50,2929
899,2942
438,2954
161,2956
653,2982
633,2995
26,3002
969,3008
417,3012
768,3022
315,3067
769,3082
156,3091
873,3093
228,3114
631,3129
321,3137
648,3156
795,3162
144,3179
524,3181
89,3260
273,3262
892,3318
56,3332
452,3339
898,3344
6,3364
933,3367
188,3381
428,3386
926,3502
557,3510
707,3574
809,3606
732,3637
808,3752
36,3854
703,3885
45,4005
913,4135
966,4257
785,4383

simblock.block.ProofOfWorkBlock@52c869a5:97
993,0
177,147
456,205
359,263
757,295
5,330
821,352
714,352
797,386
737,410
39,411
849,415
653,446
828,453
835,467
143,469
534,472
576,479
541,503
247,503
587,503
464,519
871,526
644,531
313,536
440,540
597,554
182,559
778,559
384,567
128,567
124,570
281,576
925,579
125,586
766,588
54,594
377,599
485,602
673,611
33,613
662,617
773,618
852,622
717,623
467,629
746,632
982,635
81,635
262,635
487,637
727,638
70,642
372,653
251,657
916,657
888,660
206,665
754,666
917,668
811,668
297,673
67,673
531,676
959,676
278,678
323,680
740,680
543,690
296,692
756,693
434,693
781,694
767,695
908,695
394,696
689,701
193,710
941,711
853,712
305,712
971,713
705,717
147,718
904,720
561,722
692,726
82,729
139,730
858,731
387,732
461,732
552,733
890,734
526,736
912,737
309,738
229,739
275,740
760,743
488,747
585,748
770,749
383,750
1000,751
482,752
885,755
667,755
123,756
940,758
915,759
790,760
360,763
548,765
99,766
407,767
473,767
423,768
75,770
671,772
687,773
389,773
579,776
77,776
393,781
203,782
864,783
700,784
347,784
637,787
96,787
973,787
239,788
490,788
948,790
217,791
605,791
24,791
284,794
648,795
87,796
48,796
324,797
187,798
468,799
759,800
856,800
289,801
183,803
414,803
528,804
674,805
903,806
186,808
722,808
668,812
961,812
90,812
946,812
562,815
465,815
69,820
165,821
205,824
598,825
59,826
872,827
71,827
748,828
198,828
379,828
256,829
470,829
21,829
458,830
283,830
191,832
277,833
368,833
928,834
420,834
102,835
491,835
342,836
672,840
838,840
180,840
12,840
665,842
731,842
295,845
345,845
582,845
522,845
996,846
130,847
300,848
581,849
202,851
604,852
817,852
819,853
779,853
471,853
628,854
363,855
106,856
761,856
573,857
517,858
975,860
957,862
503,862
498,862
769,863
535,863
176,864
814,865
969,866
416,868
937,869
782,870
476,870
412,870
545,870
833,872
448,872
469,872
718,875
639,876
532,876
570,878
654,879
979,881
240,881
453,882
41,883
68,884
728,885
267,886
483,886
972,886
813,886
869,886
591,887
612,887
744,887
475,888
739,889
518,889
708,890
431,890
213,890
839,891
609,891
798,892
976,892
970,892
638,892
326,893
620,894
489,895
439,898
914,898
274,899
565,899
104,899
870,899
358,900
924,900
791,901
89,901
93,902
151,902
31,904
427,904
695,905
499,907
148,907
376,907
560,907
575,908
988,909
854,910
846,910
230,910
301,910
260,910
194,911
515,914
963,914
789,915
374,916
280,916
857,916
158,916
800,916
537,916
685,916
337,918
30,919
713,919
947,919
27,920
985,920
960,923
146,924
886,924
79,925
63,926
599,926
333,927
179,927
669,928
10,929
875,930
134,930
137,930
466,930
827,931
595,931
920,931
231,932
590,934
990,935
505,937
730,938
47,938
929,939
19,941
521,944
234,945
524,945
775,945
118,945
375,946
997,947
881,947
163,947
53,947
338,947
681,948
893,948
907,948
663,949
950,949
704,949
830,949
15,949
246,949
307,951
457,952
292,952
25,953
497,954
13,956
698,956
328,958
209,958
190,958
868,959
747,959
145,960
793,960
783,960
172,961
542,962
459,962
164,962
958,964
49,964
150,964
951,964
74,964
195,965
865,966
962,966
715,968
945,968
932,969
743,970
331,971
153,971
520,972
693,974
397,974
992,974
711,974
390,975
298,976
350,976
391,978
608,979
8,979
18,980
442,981
85,983
208,983
222,983
268,983
223,984
508,985
866,985
655,986
336,986
965,987
622,988
938,988
258,989
329,989
422,989
343,989
751,991
615,992
214,994
879,994
224,994
706,996
366,998
55,1002
287,1002
129,1003
984,1004
249,1005
955,1006
242,1006
127,1006
546,1007
109,1008
645,1011
103,1013
832,1014
149,1016
357,1017
682,1018
574,1018
200,1018
116,1019
902,1020
385,1021
603,1023
626,1023
664,1023
257,1024
755,1025
29,1025
641,1026
233,1026
236,1027
632,1027
436,1027
944,1029
640,1030
994,1030
897,1031
17,1033
836,1034
83,1036
454,1038
507,1039
840,1042
154,1043
34,1044
882,1044
115,1045
378,1045
92,1046
758,1046
352,1049
227,1049
218,1051
133,1052
111,1057
861,1057
725,1059
602,1061
318,1063
710,1063
204,1065
942,1066
851,1073
443,1077
282,1077
271,1079
210,1080
418,1080
624,1082
243,1082
460,1082
999,1083
419,1083
694,1083
784,1084
501,1085
201,1087
159,1087
408,1089
167,1091
558,1092
263,1094
818,1100
824,1101
911,1101
42,1106
398,1107
264,1108
386,1111
367,1112
424,1113
132,1115
883,1118
410,1118
910,1119
980,1119
140,1122
631,1124
764,1125
621,1126
610,1128
862,1128
235,1131
484,1131
568,1133
314,1137
88,1139
807,1140
100,1141
380,1142
185,1142
290,1143
173,1146
28,1146
749,1147
504,1149
540,1149
320,1150
16,1151
365,1153
643,1156
547,1157
516,1158
181,1158
395,1159
400,1160
131,1162
616,1163
438,1165
577,1170
500,1176
780,1177
382,1178
606,1181
168,1182
657,1183
677,1184
112,1187
189,1188
409,1189
850,1193
554,1194
272,1195
618,1199
316,1201
805,1201
259,1201
32,1202
806,1203
252,1206
312,1207
472,1212
160,1214
22,1214
197,1216
589,1216
304,1219
544,1223
332,1226
56,1227
519,1230
444,1232
596,1232
110,1235
94,1237
38,1238
253,1238
690,1240
480,1246
238,1247
822,1247
506,1247
787,1250
199,1252
225,1252
901,1253
792,1254
553,1254
741,1255
196,1257
712,1258
777,1259
496,1260
884,1260
9,1261
120,1262
680,1262
776,1264
447,1265
299,1266
65,1266
396,1270
330,1273
794,1274
175,1278
801,1280
171,1282
411,1283
678,1285
413,1287
896,1289
567,1291
559,1293
232,1293
373,1294
998,1294
683,1297
734,1297
430,1298
815,1299
816,1300
697,1301
61,1302
762,1306
538,1307
211,1310
356,1311
967,1311
995,1316
867,1316
536,1319
860,1319
919,1320
341,1321
207,1323
445,1324
931,1328
294,1330
891,1331
43,1331
244,1332
279,1333
415,1333
325,1334
745,1335
2,1336
930,1338
219,1343
141,1348
753,1350
696,1353
170,1353
155,1353
327,1356
733,1356
921,1357
512,1360
291,1362
863,1364
847,1364
812,1365
723,1366
719,1369
344,1370
162,1373
221,1375
661,1376
634,1376
539,1378
35,1378
72,1386
107,1388
765,1388
772,1389
684,1393
64,1394
752,1395
335,1398
617,1399
241,1401
226,1402
855,1402
564,1411
563,1412
721,1415
276,1420
625,1421
922,1425
578,1427
478,1429
511,1430
729,1430
977,1430
724,1431
40,1432
829,1432
569,1433
178,1435
310,1436
265,1436
555,1438
136,1439
676,1447
786,1449
572,1449
796,1450
23,1451
991,1453
1,1456
580,1457
370,1457
966,1459
435,1462
364,1463
892,1464
405,1464
679,1465
228,1467
586,1468
119,1469
117,1469
455,1471
742,1472
406,1472
450,1472
184,1472
774,1476
351,1481
906,1481
732,1481
98,1492
486,1494
14,1494
108,1498
308,1498
987,1499
935,1500
720,1501
533,1502
566,1502
702,1504
918,1504
245,1505
174,1507
675,1511
952,1512
551,1527
939,1527
874,1530
691,1530
900,1534
738,1537
646,1539
437,1541
513,1544
771,1546
651,1549
825,1551
619,1555
122,1560
216,1562
362,1562
876,1563
479,1563
954,1571
349,1576
750,1578
956,1587
629,1587
510,1589
509,1591
556,1591
878,1593
270,1594
303,1596
319,1601
768,1601
403,1601
494,1601
492,1602
601,1603
795,1603
699,1604
3,1604
361,1605
593,1606
348,1609
452,1611
964,1620
826,1621
936,1621
286,1624
670,1624
981,1631
656,1636
889,1638
105,1640
968,1642
736,1642
831,1642
135,1648
36,1649
369,1649
101,1656
735,1660
843,1662
285,1662
834,1664
306,1665
650,1668
716,1669
895,1669
429,1674
820,1675
371,1678
530,1686
658,1687
607,1687
474,1690
346,1698
334,1701
495,1712
905,1714
401,1715
649,1716
317,1717
66,1722
502,1725
84,1727
726,1730
428,1733
799,1733
803,1739
523,1740
354,1744
529,1746
388,1749
255,1749
161,1754
859,1756
113,1762
261,1764
144,1767
462,1767
86,1767
802,1778
73,1779
355,1782
652,1782
701,1785
623,1787
898,1788
557,1789
311,1790
527,1790
600,1795
321,1803
810,1809
4,1810
913,1813
983,1813
381,1815
353,1819
986,1820
322,1821
613,1836
220,1838
62,1839
269,1844
909,1845
549,1847
923,1851
763,1859
571,1869
659,1873
588,1878
525,1881
808,1885
26,1886
339,1888
121,1889
785,1893
837,1894
78,1901
647,1904
627,1907
441,1914
978,1920
636,1931
425,1932
477,1933
707,1936
392,1951
432,1951
152,1954
288,1962
463,1962
52,1964
877,1967
11,1990
142,2000
248,2002
686,2005
157,2013
80,2018
97,2029
614,2032
989,2035
550,2038
126,2041
481,2054
804,2057
58,2059
848,2060
169,2063
51,2071
340,2072
50,2072
584,2092
215,2097
703,2098
421,2102
95,2115
493,2118
266,2121
91,2127
212,2128
60,2134
114,2140
433,2145
6,2155
635,2160
709,2162
237,2173
404,2174
76,2177
138,2189
188,2205
156,2206
873,2211
594,2233
273,2236
841,2247
633,2247
592,2263
845,2268
660,2293
315,2302
426,2305
254,2316
7,2376
688,2386
37,2386
399,2397
934,2402
192,2404
630,2420
45,2423
449,2431
809,2454
927,2466
666,2472
451,2474
887,2496
250,2504
949,2539
293,2563
402,2576
943,2586
842,2594
583,2648
974,2693
57,2717
899,2719
417,2771
823,2780
514,2827
894,2867
302,2893
46,2917
933,2931
642,2976
953,3001
880,3077
844,3213
44,3259
20,3302
166,3504
446,3644
926,3849

simblock.block.ProofOfWorkBlock@5b90d9ec:98
984,0
457,152
323,208
498,270
307,302
468,330
853,358
886,362
739,419
387,421
664,423
705,430
971,451
751,477
779,479
74,479
127,486
489,487
27,507
10,522
937,525
87,535
695,535
102,536
268,543
573,551
957,566
69,568
541,569
204,575
420,578
256,581
582,583
118,594
309,596
218,599
526,600
743,602
214,615
376,626
490,627
973,627
715,628
689,633
548,636
955,638
917,639
193,639
982,640
194,641
653,652
372,655
838,656
832,656
143,657
612,658
295,672
466,677
830,683
938,683
570,684
958,684
706,685
134,688
243,690
920,691
597,693
941,693
68,693
628,694
151,698
851,699
439,700
217,708
868,709
374,711
471,713
758,714
191,715
520,716
744,719
969,721
88,727
757,727
470,729
944,730
585,730
747,732
789,737
528,740
881,740
673,741
42,742
453,743
979,744
289,748
185,749
75,749
959,749
508,750
483,752
817,753
56,754
342,754
711,756
200,756
210,757
288,765
267,766
902,766
963,766
640,768
183,769
222,772
615,773
475,776
29,776
150,776
932,779
33,781
687,783
761,783
531,783
379,788
487,788
685,788
296,789
756,789
546,790
300,790
718,792
456,793
139,793
754,793
704,794
641,798
8,798
992,799
759,799
994,801
111,802
239,803
146,803
442,806
560,807
813,808
501,809
819,811
438,811
882,811
297,813
575,814
916,815
39,816
908,816
988,817
914,818
700,818
30,822
602,824
104,825
996,825
942,830
328,832
85,832
907,834
231,835
187,835
343,835
375,835
419,837
316,839
947,839
363,839
195,839
31,843
391,844
663,845
153,845
620,845
124,847
93,847
190,847
324,848
35,848
595,850
603,850
230,850
260,850
385,850
12,851
233,854
515,855
667,855
227,856
970,857
618,857
274,857
497,858
985,858
790,858
350,859
846,859
507,860
797,861
465,863
163,863
280,865
924,866
337,867
849,867
177,868
15,869
476,869
604,870
473,870
535,871
271,872
154,873
130,873
128,873
669,874
591,876
545,878
347,879
552,880
305,880
89,882
313,882
861,883
301,883
469,884
561,884
298,886
79,887
725,888
811,892
912,892
71,892
19,892
398,893
145,893
517,893
609,893
518,895
251,898
202,898
53,899
283,900
505,900
290,900
537,901
338,901
962,901
590,902
598,902
740,903
418,903
574,904
622,905
240,906
993,907
59,907
793,908
292,909
278,910
431,911
542,911
5,912
524,912
394,914
165,915
407,916
179,916
357,917
835,917
336,918
632,919
182,919
263,920
49,920
234,921
488,922
773,923
360,925
839,927
427,927
599,928
464,928
106,929
854,929
229,929
522,931
383,931
25,931
581,932
972,932
928,932
352,933
389,933
594,934
18,936
576,936
857,937
781,939
48,939
929,939
242,939
875,940
858,940
164,942
206,942
532,943
172,943
665,944
294,945
13,947
960,947
461,948
672,949
950,950
123,950
990,951
284,952
459,952
422,952
366,953
249,954
115,956
96,956
800,958
92,958
246,959
731,960
655,960
467,961
329,962
208,964
277,964
717,964
746,967
503,967
16,967
436,968
791,969
869,971
681,971
176,972
198,973
648,973
897,975
333,976
147,976
710,977
213,977
727,977
798,977
961,977
159,977
999,979
893,980
434,980
639,981
491,983
41,983
70,984
608,985
186,985
262,985
774,985
836,986
63,986
948,987
440,988
149,988
693,989
77,991
21,991
668,993
872,993
64,994
312,994
380,995
180,995
783,997
840,1000
558,1001
236,1002
904,1002
766,1003
368,1004
67,1004
381,1005
320,1005
730,1007
748,1010
148,1010
223,1010
714,1011
852,1011
167,1011
458,1012
209,1013
728,1013
911,1013
682,1015
358,1015
782,1017
116,1017
448,1018
827,1018
864,1018
384,1019
586,1019
424,1020
775,1021
951,1021
879,1022
460,1022
692,1024
125,1027
925,1027
247,1028
393,1029
871,1032
975,1033
377,1033
90,1034
543,1035
279,1038
624,1038
24,1039
945,1039
378,1039
637,1041
562,1043
485,1044
760,1046
521,1046
326,1046
331,1049
499,1049
257,1049
671,1049
708,1049
866,1050
281,1050
833,1050
81,1052
137,1053
856,1053
482,1055
416,1055
631,1059
643,1060
9,1060
412,1062
903,1062
579,1063
275,1066
828,1066
349,1067
109,1070
168,1071
698,1071
1000,1072
587,1074
538,1076
99,1077
818,1077
221,1079
605,1080
762,1081
178,1083
936,1086
414,1088
888,1089
645,1089
644,1089
915,1091
83,1092
534,1092
965,1093
734,1094
511,1098
847,1099
205,1100
855,1100
565,1103
34,1105
129,1105
865,1105
443,1108
629,1110
767,1113
400,1116
403,1121
742,1126
900,1127
158,1128
997,1129
577,1130
654,1131
720,1132
66,1133
770,1134
2,1136
203,1145
82,1145
784,1149
559,1153
824,1154
954,1155
769,1155
136,1159
556,1159
484,1159
162,1162
780,1163
258,1166
940,1166
821,1166
345,1172
117,1173
816,1174
395,1176
62,1178
241,1179
850,1180
634,1183
567,1183
713,1186
432,1186
238,1188
184,1189
451,1189
551,1189
22,1190
317,1195
807,1199
906,1200
884,1201
870,1203
481,1204
976,1208
794,1210
796,1211
923,1211
657,1213
171,1213
330,1214
694,1215
287,1222
525,1222
54,1222
160,1223
814,1223
135,1224
722,1224
765,1225
885,1227
199,1228
910,1229
539,1229
946,1231
504,1232
212,1233
346,1234
919,1238
94,1242
353,1242
272,1245
291,1246
935,1246
454,1249
152,1249
444,1251
583,1252
351,1254
110,1256
547,1260
409,1261
891,1263
527,1265
132,1266
216,1267
282,1267
423,1269
883,1271
677,1272
680,1274
745,1275
563,1276
264,1276
712,1277
310,1277
533,1279
512,1281
55,1282
17,1284
860,1284
859,1284
112,1285
843,1286
733,1292
987,1293
777,1294
516,1297
569,1300
32,1300
554,1301
829,1302
226,1305
408,1305
43,1307
486,1307
837,1311
410,1313
334,1314
863,1319
729,1325
406,1328
564,1328
805,1333
325,1334
114,1335
510,1335
772,1335
144,1336
659,1341
361,1341
723,1342
269,1342
968,1343
344,1345
141,1345
219,1346
578,1347
721,1348
411,1348
901,1349
11,1350
450,1354
107,1355
896,1356
981,1357
173,1357
108,1359
755,1360
480,1362
931,1363
529,1364
72,1365
964,1366
3,1367
196,1370
341,1374
690,1374
155,1380
26,1382
787,1383
568,1384
580,1385
479,1385
826,1385
175,1387
651,1388
445,1389
679,1390
822,1392
930,1393
355,1394
621,1395
244,1399
270,1400
140,1402
967,1409
38,1410
980,1411
413,1411
228,1413
596,1414
201,1414
103,1416
211,1417
553,1418
311,1418
327,1420
304,1422
650,1429
684,1432
674,1436
120,1436
478,1439
122,1445
952,1445
519,1447
815,1447
61,1449
133,1450
382,1452
447,1452
991,1456
646,1456
877,1458
189,1459
630,1460
73,1463
716,1466
956,1466
105,1470
635,1474
768,1477
52,1478
986,1484
425,1485
314,1485
181,1487
285,1490
405,1493
261,1494
98,1503
610,1503
841,1503
549,1505
356,1505
396,1506
308,1513
224,1513
862,1518
625,1519
702,1520
616,1521
253,1525
192,1527
65,1528
801,1530
367,1531
921,1531
676,1532
998,1533
259,1535
462,1537
636,1545
455,1549
649,1551
572,1553
373,1556
699,1558
726,1562
812,1562
536,1562
977,1563
502,1565
318,1567
97,1569
600,1570
540,1570
157,1578
493,1579
429,1585
276,1586
696,1588
332,1589
670,1591
265,1594
4,1595
555,1604
47,1606
647,1612
873,1612
100,1614
709,1614
472,1614
589,1618
299,1626
617,1627
675,1628
50,1628
989,1628
370,1629
688,1630
500,1630
197,1634
322,1637
44,1638
611,1643
496,1645
909,1649
735,1652
736,1655
161,1656
825,1659
365,1660
319,1665
514,1666
642,1668
892,1671
397,1676
845,1677
84,1681
232,1682
386,1684
28,1684
922,1690
113,1692
566,1695
776,1696
430,1700
724,1701
449,1701
588,1702
435,1703
939,1705
753,1705
544,1709
786,1723
369,1728
339,1731
23,1732
707,1739
601,1739
245,1739
844,1740
878,1741
348,1742
513,1743
492,1746
788,1748
887,1748
495,1759
867,1760
401,1761
606,1766
771,1767
949,1767
101,1770
1,1775
701,1776
880,1781
662,1782
371,1783
691,1784
889,1784
763,1788
392,1788
898,1789
80,1789
390,1790
626,1800
51,1803
613,1819
623,1820
557,1821
804,1827
697,1828
235,1829
46,1835
778,1840
652,1840
14,1854
463,1858
399,1865
248,1865
506,1867
686,1869
895,1869
592,1876
364,1879
661,1898
359,1898
619,1908
207,1912
749,1913
6,1914
402,1921
138,1925
848,1927
820,1931
874,1938
286,1947
220,1951
764,1953
719,1956
890,1960
494,1964
121,1964
633,1975
335,1977
78,1978
943,1980
303,1981
142,1984
933,1985
404,1986
808,1992
738,1998
593,1999
905,1999
321,2022
750,2024
737,2026
795,2028
131,2030
126,2031
834,2048
638,2050
166,2051
428,2051
927,2071
452,2071
523,2074
703,2079
584,2087
806,2092
354,2098
802,2108
831,2109
426,2115
678,2121
785,2122
792,2130
530,2136
415,2136
799,2146
842,2157
7,2167
683,2169
388,2182
995,2201
978,2220
433,2224
40,2232
60,2235
302,2244
315,2256
926,2256
660,2261
953,2272
156,2273
966,2275
215,2276
741,2285
803,2298
170,2307
550,2313
188,2321
252,2324
293,2331
306,2348
607,2350
95,2360
809,2363
91,2372
254,2376
437,2376
76,2392
876,2405
36,2406
266,2411
37,2448
974,2452
225,2455
894,2466
627,2476
666,2485
45,2494
934,2566
810,2573
340,2576
983,2582
58,2583
446,2583
509,2590
119,2607
823,2624
474,2670
913,2674
86,2682
273,2687
417,2702
362,2756
57,2780
614,2785
752,2859
441,2873
169,2875
656,2917
918,2923
237,2958
658,2970
477,2974
571,3043
20,3158
732,3248
174,3260
899,3315
421,3532
255,3820
250,4120

simblock.block.ProofOfWorkBlock@3044952:99
222,0
667,150
814,208
488,266
485,314
941,332
576,356
917,373
68,394
377,417
289,430
760,450
853,469
761,475
88,480
800,504
69,513
746,519
489,521
958,526
783,537
205,544
368,548
929,563
835,564
639,570
976,579
5,585
695,585
711,595
118,598
770,598
535,601
204,609
595,613
298,619
537,623
414,625
305,630
336,632
202,632
92,641
423,641
781,642
34,651
604,657
828,658
915,661
209,662
754,665
706,666
671,667
628,673
268,676
582,678
470,678
789,685
599,686
231,688
27,689
471,691
123,695
715,695
960,698
458,698
784,699
640,704
59,713
247,714
19,716
56,717
491,721
574,722
740,723
262,723
93,726
545,727
524,733
407,734
560,735
328,736
615,739
971,743
830,743
313,745
668,746
75,749
698,749
727,749
352,751
239,752
940,754
664,755
357,756
83,756
769,757
74,758
115,764
153,766
869,770
591,771
548,773
832,779
970,780
903,780
865,782
948,782
243,783
609,784
139,785
969,787
456,787
431,789
145,790
597,791
316,791
128,792
283,794
301,796
959,797
984,799
904,800
888,800
158,801
685,801
993,803
343,803
398,803
665,807
655,807
277,808
890,808
757,811
42,811
359,813
468,813
186,813
274,813
295,815
111,815
79,817
297,817
528,819
180,819
102,821
653,821
791,824
849,825
90,825
129,828
347,830
932,830
63,833
756,834
256,835
438,836
908,836
552,837
620,838
942,841
127,842
693,842
436,843
907,843
342,844
739,844
961,844
562,849
965,849
503,850
662,850
33,851
490,853
985,854
10,854
520,856
543,856
461,857
518,858
498,858
372,860
682,860
267,861
476,861
337,861
963,863
96,864
546,865
440,865
975,865
573,866
916,868
284,869
713,869
507,870
689,871
990,871
920,871
728,871
130,871
912,871
722,872
422,872
223,873
230,873
534,873
585,875
249,877
996,877
257,878
150,878
147,878
718,878
838,881
962,882
938,882
358,885
945,887
18,887
608,888
982,888
307,890
109,891
217,891
54,892
936,892
271,893
15,894
448,894
866,894
439,895
541,895
143,897
39,897
570,898
412,902
453,902
208,902
857,902
13,903
797,903
881,903
329,906
893,906
391,906
278,907
30,907
542,910
759,912
312,913
260,915
163,915
602,917
561,917
106,918
323,919
773,919
459,919
457,919
326,920
700,920
420,920
375,920
146,921
99,921
581,922
77,925
8,926
12,926
333,926
641,926
505,927
338,927
824,928
714,928
852,928
598,928
104,929
575,929
89,929
748,929
251,929
622,930
29,932
159,933
526,936
955,936
280,938
149,938
67,939
185,939
790,941
366,942
624,944
654,945
71,945
864,945
21,946
618,947
669,947
886,948
501,949
191,951
213,951
515,951
229,951
737,952
394,953
177,954
937,954
861,954
856,955
176,955
124,957
434,958
997,958
234,959
49,960
782,960
725,960
190,960
766,961
821,962
387,964
296,965
532,966
379,967
384,968
183,970
645,972
25,973
167,974
979,974
811,976
385,976
851,977
218,977
957,978
637,978
187,978
200,978
32,978
116,979
499,979
882,981
214,982
85,982
648,982
467,983
53,985
24,985
240,987
41,988
871,988
988,988
517,989
947,989
705,989
565,989
692,989
376,990
914,992
717,992
673,994
672,995
817,995
460,996
708,997
466,998
416,999
160,1001
558,1002
644,1002
82,1002
742,1003
944,1005
464,1007
885,1007
179,1007
827,1010
389,1010
148,1012
924,1012
465,1012
793,1012
818,1012
767,1013
487,1014
743,1016
879,1016
590,1017
350,1017
836,1019
663,1019
324,1019
48,1020
415,1021
81,1021
704,1022
203,1024
475,1025
928,1026
395,1026
281,1029
482,1029
779,1030
840,1030
994,1032
868,1032
972,1033
483,1033
320,1034
442,1034
172,1035
227,1036
778,1040
98,1040
973,1040
198,1041
419,1041
28,1041
872,1042
527,1042
1000,1043
497,1043
744,1045
194,1045
233,1046
427,1046
410,1046
710,1047
210,1047
206,1048
383,1049
424,1050
687,1051
132,1051
521,1054
587,1055
617,1055
300,1056
798,1058
134,1062
531,1064
730,1064
992,1066
839,1068
443,1069
747,1070
469,1070
164,1071
151,1072
31,1072
70,1073
954,1073
902,1075
819,1077
220,1078
579,1078
409,1079
951,1082
897,1082
418,1084
393,1085
62,1088
125,1089
242,1091
195,1091
833,1092
182,1093
345,1093
264,1094
634,1098
679,1098
17,1098
522,1098
508,1102
854,1104
813,1104
605,1105
631,1110
374,1112
729,1113
193,1115
731,1115
922,1115
862,1115
294,1117
363,1117
964,1117
445,1118
858,1121
846,1122
55,1125
154,1126
603,1126
263,1127
612,1130
246,1130
999,1133
299,1137
771,1138
165,1138
380,1139
939,1141
794,1142
360,1147
884,1152
870,1156
792,1157
774,1159
716,1161
751,1161
556,1162
950,1164
473,1167
875,1171
559,1174
309,1176
691,1178
199,1179
65,1180
155,1182
925,1184
16,1187
275,1188
110,1190
758,1194
843,1195
135,1196
381,1196
911,1197
189,1198
616,1202
140,1202
935,1206
841,1207
822,1210
801,1210
977,1211
38,1212
184,1213
910,1214
764,1215
496,1215
201,1216
11,1217
258,1218
105,1219
900,1220
87,1221
842,1224
226,1226
583,1227
408,1228
816,1232
447,1232
331,1235
825,1235
371,1235
292,1236
538,1236
815,1237
847,1239
554,1241
775,1244
236,1245
170,1246
516,1248
219,1250
396,1250
551,1252
325,1255
484,1255
378,1256
216,1259
547,1261
472,1263
901,1265
635,1265
776,1265
290,1266
896,1269
701,1271
533,1271
749,1272
661,1274
632,1274
566,1274
859,1277
317,1277
137,1277
173,1278
361,1280
796,1285
224,1285
512,1286
197,1287
288,1287
995,1289
738,1290
647,1290
35,1292
721,1293
429,1294
638,1296
382,1298
66,1299
580,1301
481,1302
567,1304
572,1304
681,1306
291,1308
364,1308
162,1313
946,1314
564,1314
272,1318
690,1321
73,1322
405,1323
259,1324
330,1326
745,1327
699,1327
555,1327
723,1328
432,1328
772,1329
987,1330
279,1330
454,1335
252,1337
332,1339
506,1340
430,1341
304,1343
991,1345
308,1352
807,1352
952,1352
867,1353
22,1355
411,1355
2,1357
629,1359
168,1359
344,1366
659,1366
413,1367
874,1370
606,1372
780,1372
931,1374
64,1379
702,1380
696,1380
850,1380
244,1381
480,1382
397,1382
525,1382
23,1386
94,1387
241,1389
630,1390
400,1390
211,1392
348,1395
829,1396
451,1396
586,1396
805,1397
578,1397
596,1400
386,1402
678,1403
720,1405
463,1405
719,1406
310,1407
621,1418
133,1422
225,1422
577,1424
981,1426
3,1430
356,1431
549,1432
820,1435
238,1435
122,1437
980,1438
919,1441
540,1443
726,1448
593,1449
444,1450
712,1453
373,1457
327,1458
733,1460
141,1470
601,1471
650,1472
435,1476
196,1478
276,1479
403,1479
683,1481
502,1481
265,1483
657,1488
786,1493
510,1497
319,1498
349,1498
892,1503
40,1504
563,1506
270,1507
998,1507
877,1515
625,1515
253,1522
967,1522
113,1526
670,1527
52,1527
1,1527
968,1528
812,1529
492,1530
741,1530
500,1541
956,1543
51,1545
493,1547
863,1551
837,1551
504,1553
594,1553
519,1554
365,1554
826,1555
676,1562
161,1566
340,1571
107,1571
569,1572
643,1574
136,1575
47,1575
428,1578
589,1578
495,1579
44,1580
845,1583
36,1583
318,1587
50,1592
108,1594
392,1596
178,1596
171,1600
511,1602
906,1604
795,1606
478,1609
100,1610
401,1611
367,1612
207,1613
425,1613
462,1617
806,1618
539,1621
694,1625
636,1625
72,1628
600,1630
406,1630
876,1640
777,1640
433,1644
60,1644
245,1644
97,1645
623,1645
6,1649
121,1649
703,1657
530,1658
14,1658
860,1658
787,1665
306,1669
404,1671
613,1672
390,1672
261,1672
494,1676
58,1676
619,1677
923,1678
891,1681
334,1681
43,1685
724,1685
514,1687
474,1696
103,1698
550,1699
181,1699
486,1700
426,1701
763,1703
84,1704
768,1706
57,1716
735,1717
895,1720
9,1721
112,1723
755,1732
188,1739
921,1748
553,1749
235,1750
232,1750
269,1755
282,1765
684,1767
686,1767
355,1771
646,1771
285,1772
677,1773
212,1774
927,1777
633,1780
909,1782
592,1783
76,1783
513,1788
169,1791
627,1794
529,1801
656,1802
175,1803
255,1808
736,1812
286,1812
273,1822
989,1828
399,1829
610,1832
568,1834
138,1835
651,1839
649,1841
674,1845
314,1848
221,1849
421,1853
311,1854
20,1854
652,1856
913,1860
707,1860
804,1861
131,1862
144,1863
762,1875
362,1890
873,1891
370,1893
883,1894
557,1898
117,1908
855,1922
450,1922
983,1927
192,1928
666,1930
95,1935
152,1938
479,1943
966,1944
734,1945
61,1946
949,1961
930,1962
588,1968
156,1976
114,1977
351,1981
126,1987
753,2001
614,2005
346,2006
607,2015
120,2018
293,2029
943,2042
353,2050
887,2063
119,2070
544,2080
831,2093
848,2099
174,2102
680,2112
215,2112
4,2113
765,2116
45,2123
509,2130
142,2139
455,2141
287,2143
536,2153
321,2177
626,2190
788,2194
611,2216
452,2217
918,2233
437,2238
697,2251
523,2251
80,2270
91,2276
341,2284
878,2290
157,2308
752,2313
880,2318
228,2334
709,2346
369,2362
799,2398
933,2401
642,2421
894,2423
898,2437
86,2444
986,2445
449,2464
101,2470
354,2481
732,2501
571,2501
750,2525
808,2534
441,2578
803,2584
809,2592
974,2596
78,2614
905,2627
834,2631
26,2650
810,2662
802,2680
844,2686
446,2695
889,2703
322,2747
248,2795
388,2814
266,2851
302,2876
315,2914
250,2929
254,2933
658,2935
953,2963
166,2973
339,3032
37,3037
688,3078
785,3109
675,3205
237,3220
926,3270
899,3275
335,3316
402,3364
978,3448
477,3503
417,3564
7,3623
660,3651
584,3786
823,3942
303,3965
934,4244
46,4584

simblock.block.ProofOfWorkBlock@4f875a02:99
405,0
873,517
991,875
192,1033
921,1229
201,1389
736,1462
108,1551
554,1585
272,1633
995,1719
98,1746
252,1803
173,1835
683,1930
939,1942
623,2014
697,2098
674,2103
635,2194
594,2205
734,2304
984,2386
355,2463
948,2564
822,2574
494,2663
668,2738
621,2824
743,2923
99,2972
980,3029
323,3100
986,3179
592,3306
79,3370
586,3382
880,3522
780,3535
84,3723
371,3750
54,3767
447,3891
675,3971
651,4109
865,4165
462,4220
239,4289
712,4467
604,4564
766,4686
304,4822
374,4962
343,5100
790,5224
422,5367
39,5502
145,5627
153,5784
662,5904
839,6034
59,6187
249,6301
158,6437
603,6588
542,6701
758,6835
778,7000
854,7103
18,7233
775,7400
809,7617
535,7638
895,7880
830,8058
101,8112
156,8374
352,8464
6,8606
521,8865
449,8875
215,9104
784,9263
126,9601
363,9660
247,10061
257,10461
82,10859
800,11260
261,11754

simblock.block.ProofOfWorkBlock@236e0b06:100
516,0
906,222
287,306
197,388
132,444
244,470
765,525
547,526
623,551
486,605
606,613
677,614
729,636
216,664
311,689
332,691
272,694
690,700
806,720
78,748
764,760
224,760
755,772
478,773
921,774
100,781
568,806
367,822
504,832
381,832
676,834
556,843
11,844
341,857
94,859
702,862
356,865
149,878
411,894
308,908
995,915
910,915
867,916
991,918
211,918
831,921
373,925
168,929
110,937
170,940
152,944
721,947
807,953
346,964
749,977
479,979
314,983
249,985
805,989
736,993
716,994
451,996
117,997
826,997
103,1000
432,1002
235,1005
661,1006
395,1007
621,1010
771,1011
259,1020
317,1021
560,1025
232,1026
745,1028
722,1031
123,1041
390,1051
682,1052
577,1054
133,1058
450,1062
684,1062
386,1064
23,1066
276,1067
586,1070
61,1071
578,1076
220,1077
252,1080
533,1080
820,1081
643,1082
162,1083
173,1085
120,1087
685,1088
801,1089
226,1089
291,1090
264,1093
742,1094
923,1095
481,1104
901,1105
601,1109
679,1127
505,1128
334,1129
959,1131
494,1134
463,1135
214,1138
496,1138
265,1139
900,1139
939,1140
776,1141
513,1143
64,1143
93,1144
135,1146
325,1146
330,1148
987,1151
616,1152
701,1155
353,1156
888,1158
554,1158
122,1162
365,1164
734,1164
825,1165
931,1167
796,1168
683,1169
444,1169
225,1172
304,1172
772,1174
9,1174
585,1175
137,1177
349,1177
855,1178
355,1181
851,1182
1,1182
680,1185
318,1186
54,1197
968,1197
706,1200
25,1201
837,1201
204,1204
79,1205
515,1208
632,1210
780,1211
415,1211
351,1216
630,1217
480,1218
527,1218
551,1219
539,1220
678,1221
650,1223
583,1223
65,1224
841,1225
645,1225
406,1226
294,1226
694,1227
538,1228
919,1230
282,1230
794,1230
310,1231
712,1233
647,1233
376,1233
589,1233
572,1237
15,1239
640,1239
361,1239
328,1240
4,1240
408,1245
131,1245
891,1246
544,1249
201,1249
697,1250
566,1253
783,1254
812,1254
400,1255
14,1257
331,1257
73,1258
198,1260
40,1263
313,1265
49,1265
651,1266
124,1269
628,1269
199,1269
430,1271
719,1275
693,1276
973,1279
196,1280
371,1281
620,1282
625,1284
567,1285
72,1285
22,1286
21,1288
212,1289
167,1291
946,1293
665,1293
500,1294
525,1296
689,1298
105,1298
217,1298
32,1300
403,1301
922,1301
741,1302
459,1302
626,1302
189,1303
553,1303
476,1304
998,1306
426,1306
107,1306
753,1308
580,1308
3,1310
952,1311
816,1312
774,1312
738,1313
935,1314
510,1314
833,1315
435,1315
369,1316
671,1317
447,1318
98,1318
327,1319
920,1321
2,1321
862,1322
364,1325
740,1326
977,1328
141,1329
66,1330
870,1330
62,1330
409,1331
19,1332
990,1333
470,1333
283,1334
936,1334
594,1335
859,1336
178,1337
904,1339
777,1346
850,1347
205,1350
564,1353
639,1353
531,1353
733,1355
18,1358
503,1358
35,1359
726,1361
179,1361
160,1361
924,1362
728,1362
669,1364
814,1365
617,1365
937,1366
348,1366
219,1367
981,1367
136,1370
43,1371
74,1371
563,1372
691,1375
559,1375
71,1376
576,1376
382,1376
540,1378
387,1378
412,1378
112,1381
299,1381
638,1382
221,1383
720,1383
389,1383
863,1384
502,1385
241,1385
48,1385
549,1387
454,1388
522,1388
498,1388
790,1390
471,1391
511,1391
114,1393
508,1393
593,1394
270,1397
519,1399
879,1399
28,1400
506,1400
778,1405
718,1406
397,1407
944,1407
176,1408
629,1409
484,1409
760,1410
495,1412
591,1412
472,1413
610,1415
822,1415
151,1418
108,1418
77,1419
789,1421
271,1428
951,1428
366,1431
821,1431
202,1432
664,1434
88,1436
458,1436
34,1436
262,1436
997,1437
815,1439
748,1439
236,1441
787,1441
171,1442
253,1442
323,1442
163,1442
743,1443
723,1444
967,1445
279,1446
106,1448
256,1449
300,1449
896,1450
713,1451
779,1452
230,1452
378,1454
288,1454
342,1456
181,1459
99,1460
762,1463
155,1465
5,1466
829,1466
80,1467
396,1468
674,1468
512,1469
175,1469
154,1473
537,1477
883,1477
129,1477
956,1478
657,1480
81,1481
416,1482
231,1484
489,1484
885,1486
754,1487
827,1488
439,1488
992,1488
843,1489
615,1490
483,1495
374,1495
961,1495
429,1496
644,1497
111,1497
634,1500
964,1500
654,1502
696,1502
618,1504
229,1505
792,1507
239,1508
336,1509
963,1510
258,1510
958,1511
246,1512
277,1514
994,1514
579,1515
819,1515
897,1516
849,1516
312,1518
793,1520
445,1524
457,1528
210,1528
767,1529
856,1529
739,1530
51,1530
248,1530
180,1532
275,1535
555,1535
756,1536
13,1539
442,1540
352,1541
884,1542
993,1545
529,1549
596,1549
847,1550
290,1555
928,1558
268,1561
307,1561
524,1562
869,1562
846,1563
518,1563
982,1564
624,1566
10,1567
581,1568
838,1570
407,1572
653,1572
817,1572
298,1573
55,1573
932,1575
766,1575
962,1576
284,1576
562,1576
842,1578
183,1579
345,1579
536,1579
130,1581
857,1582
569,1583
662,1584
278,1585
177,1586
942,1587
941,1587
948,1588
485,1590
333,1592
542,1592
305,1593
668,1595
773,1597
59,1598
996,1603
92,1605
368,1607
947,1609
75,1609
699,1609
292,1610
836,1611
344,1614
598,1615
159,1616
692,1616
711,1617
545,1620
448,1622
858,1623
127,1625
297,1626
930,1628
158,1631
860,1634
832,1634
782,1637
520,1638
868,1641
558,1643
532,1644
695,1650
289,1652
602,1656
242,1659
864,1660
281,1661
27,1663
698,1663
861,1664
393,1664
635,1665
881,1665
874,1667
464,1667
980,1669
663,1670
757,1670
424,1673
517,1674
436,1675
69,1678
681,1679
875,1681
118,1681
320,1682
139,1683
830,1683
534,1685
380,1685
363,1686
350,1687
140,1688
582,1690
82,1692
125,1692
38,1695
979,1697
737,1697
85,1698
818,1700
267,1703
316,1705
101,1707
599,1708
63,1714
465,1714
419,1715
222,1716
70,1716
507,1717
86,1721
797,1721
872,1722
866,1722
784,1725
191,1726
467,1728
938,1730
954,1732
473,1732
666,1733
358,1736
182,1737
528,1737
925,1737
975,1738
715,1738
186,1739
655,1739
398,1740
744,1743
388,1744
976,1746
238,1747
41,1748
865,1749
746,1750
659,1751
440,1752
218,1752
521,1752
87,1754
443,1755
16,1756
631,1761
873,1763
950,1763
326,1763
322,1763
717,1765
418,1766
153,1768
612,1770
30,1771
710,1772
984,1776
934,1777
208,1777
800,1778
20,1779
184,1779
29,1779
296,1780
970,1781
165,1782
871,1783
899,1785
491,1787
31,1791
999,1796
423,1797
497,1797
799,1799
227,1799
207,1802
83,1802
169,1803
233,1804
573,1806
824,1809
953,1811
209,1816
889,1816
912,1817
200,1818
469,1821
53,1822
156,1826
627,1826
788,1827
575,1828
194,1830
52,1836
893,1838
915,1846
667,1848
434,1848
840,1849
12,1850
263,1851
143,1851
839,1855
957,1856
770,1858
940,1861
477,1861
905,1862
584,1864
257,1865
438,1867
898,1869
47,1871
260,1872
144,1876
172,1878
761,1882
245,1885
725,1886
192,1892
769,1892
475,1895
255,1896
285,1899
490,1900
185,1901
965,1902
909,1904
414,1906
56,1906
985,1907
509,1909
882,1910
775,1911
134,1917
960,1919
422,1919
266,1919
971,1923
848,1923
588,1924
303,1926
410,1927
700,1929
383,1933
146,1934
648,1936
672,1938
493,1939
605,1939
802,1940
359,1942
280,1946
33,1946
986,1948
417,1951
972,1953
164,1953
399,1957
391,1958
301,1961
983,1966
535,1966
274,1970
24,1975
68,1976
880,1976
795,1977
541,1979
427,1981
608,1982
42,1982
121,1988
798,1991
394,1995
908,2004
492,2008
339,2011
375,2012
453,2020
758,2023
269,2023
907,2023
126,2025
546,2026
461,2027
501,2029
811,2031
526,2043
468,2047
482,2048
425,2053
306,2057
7,2058
759,2058
499,2059
215,2067
385,2071
148,2071
750,2073
431,2074
704,2075
413,2077
113,2077
150,2079
890,2079
911,2084
377,2085
730,2086
916,2086
421,2096
109,2099
943,2099
115,2099
433,2102
854,2108
609,2110
147,2116
852,2123
190,2123
487,2123
293,2134
247,2141
561,2141
360,2145
379,2149
646,2152
895,2152
161,2155
213,2158
641,2158
570,2163
119,2168
104,2170
844,2173
321,2175
39,2175
592,2178
44,2180
637,2180
751,2185
571,2193
603,2193
401,2195
392,2200
223,2204
251,2207
91,2209
240,2212
611,2215
97,2218
955,2220
343,2220
309,2223
707,2223
670,2227
157,2232
449,2233
324,2239
791,2245
597,2249
193,2256
714,2257
687,2258
902,2261
929,2262
338,2265
747,2266
735,2273
295,2276
917,2279
1000,2281
347,2283
622,2289
914,2296
752,2298
604,2299
887,2306
853,2315
945,2319
96,2320
319,2327
835,2333
834,2335
552,2341
102,2347
763,2356
810,2363
781,2366
128,2369
456,2379
673,2384
145,2394
705,2399
633,2401
514,2403
543,2416
405,2417
206,2419
441,2420
636,2423
652,2432
903,2441
8,2443
619,2450
315,2452
116,2453
614,2454
933,2460
607,2461
250,2462
708,2462
969,2465
876,2466
823,2472
370,2472
404,2477
254,2484
590,2489
187,2494
89,2499
90,2514
195,2515
142,2517
50,2539
727,2539
17,2543
988,2544
57,2544
340,2549
6,2553
886,2558
600,2576
803,2595
530,2613
587,2636
488,2638
688,2647
474,2649
261,2652
675,2664
302,2666
46,2671
455,2679
203,2687
420,2688
927,2693
809,2699
523,2699
452,2704
892,2713
878,2717
243,2722
228,2727
649,2729
362,2732
724,2735
828,2740
95,2772
37,2783
446,2787
76,2789
335,2792
642,2802
731,2810
574,2814
768,2846
548,2862
273,2870
329,2871
354,2888
595,2896
402,2914
845,2919
428,2928
372,2929
660,2947
36,2950
709,2961
166,2965
974,2981
786,2982
234,2983
26,2983
565,2990
286,3023
658,3038
384,3038
174,3040
813,3063
67,3070
357,3102
989,3120
550,3140
466,3160
437,3171
138,3181
188,3191
613,3214
804,3222
686,3232
460,3238
337,3245
45,3299
918,3340
894,3365
557,3397
84,3445
913,3445
237,3462
949,3481
808,3552
58,3612
785,3696
656,3698
877,3729
926,3794
978,3857
732,3947
462,3995
966,4053
703,4197
60,4244


simblock.block.ProofOfWorkBlock@5e2ca02d:44
simblock.block.ProofOfWorkBlock@737ee5ba:70
simblock.block.ProofOfWorkBlock@51319075:72
simblock.block.ProofOfWorkBlock@7f0d0408:2
simblock.block.ProofOfWorkBlock@4f875a02:99
simblock.block.ProofOfWorkBlock@5cf9f1f4:44
simblock.block.ProofOfWorkBlock@302873b8:71
simblock.block.ProofOfWorkBlock@fe3a7f2:9
simblock.block.ProofOfWorkBlock@7cebadba:12
simblock.block.ProofOfWorkBlock@2deefe:25
simblock.block.ProofOfWorkBlock@5f182c8b:54
simblock.block.ProofOfWorkBlock@54d1adc7:81
simblock.block.ProofOfWorkBlock@6cc039b:17
simblock.block.ProofOfWorkBlock@10202e3a:7
simblock.block.ProofOfWorkBlock@7d677d7b:43
simblock.block.ProofOfWorkBlock@6a10180f:28
simblock.block.ProofOfWorkBlock@3289c8af:92
simblock.block.ProofOfWorkBlock@37e22608:77
simblock.block.ProofOfWorkBlock@411d3331:39
simblock.block.ProofOfWorkBlock@63e60ac8:15
simblock.block.ProofOfWorkBlock@7c9a28ea:84
simblock.block.ProofOfWorkBlock@e469f74:74
simblock.block.ProofOfWorkBlock@29edd61e:13
simblock.block.ProofOfWorkBlock@2eebb318:29
simblock.block.ProofOfWorkBlock@757ae0cd:84
simblock.block.ProofOfWorkBlock@14520fa5:32
simblock.block.ProofOfWorkBlock@54be3b06:50
simblock.block.ProofOfWorkBlock@45513ae8:60
simblock.block.ProofOfWorkBlock@2cfcbe47:6
simblock.block.ProofOfWorkBlock@28d81624:77
simblock.block.ProofOfWorkBlock@116d5cd3:31
12
28062

BUILD SUCCESSFUL in 35s
2 actionable tasks: 1 executed, 1 up-to-date
